#! /foss/tools/iverilog/bin/vvp
:ivl_version "14.0 (devel)" "(s20260301-328-geda9fdcd-dirty)";
:ivl_delay_selection "TYPICAL";
:vpi_time_precision - 9;
:vpi_module "/foss/tools/iverilog/lib/ivl/system.vpi";
:vpi_module "/foss/tools/iverilog/lib/ivl/vhdl_sys.vpi";
:vpi_module "/foss/tools/iverilog/lib/ivl/vhdl_textio.vpi";
:vpi_module "/foss/tools/iverilog/lib/ivl/v2005_math.vpi";
:vpi_module "/foss/tools/iverilog/lib/ivl/va_math.vpi";
:vpi_module "/foss/tools/iverilog/lib/ivl/v2009.vpi";
S_0x561e9d532480 .scope package, "$unit" "$unit" 2 1;
 .timescale 0 0;
S_0x561e9d4cc4e0 .scope module, "tb_spi_slave_aurix" "tb_spi_slave_aurix" 3 32;
 .timescale -9 -9;
P_0x561e9d4b8ad0 .param/l "SCK_HALF" 1 3 42, +C4<00000000000000000000000000101000>;
P_0x561e9d4b8b10 .param/l "T_IDLE" 1 3 45, +C4<00000000000000000000000001010000>;
P_0x561e9d4b8b50 .param/l "T_LEAD" 1 3 43, +C4<00000000000000000000000001010000>;
P_0x561e9d4b8b90 .param/l "T_TRAIL" 1 3 44, +C4<00000000000000000000000001010000>;
v0x561e9d6df820_0 .var "addr", 7 0;
v0x561e9d6df900_0 .var "clk", 0 0;
v0x561e9d6df9a0_0 .var "cpha", 0 0;
v0x561e9d6dfaa0_0 .var "cpol", 0 0;
v0x561e9d6dfb70_0 .net "data", 7 0, v0x561e9d675e50_0;  1 drivers
v0x561e9d6dfc60_0 .net "debug", 7 0, L_0x561e9d74c940;  1 drivers
v0x561e9d6dfd30_0 .var/i "errors", 31 0;
v0x561e9d6dfdd0_0 .var/i "i", 31 0;
v0x561e9d6dfe70_0 .net "miso", 0 0, v0x561e9d671010_0;  1 drivers
v0x561e9d6dff40_0 .var/i "mode", 31 0;
v0x561e9d6dffe0_0 .var "mosi", 0 0;
v0x561e9d6e00b0_0 .var "rst_n", 0 0;
v0x561e9d6e0180_0 .var "rx0", 7 0;
v0x561e9d6e0220_0 .var "rx1", 7 0;
v0x561e9d6e0300_0 .var "sck", 0 0;
v0x561e9d6e03d0_0 .var "ssel", 0 0;
v0x561e9d6e04a0_0 .var "wr_val", 7 0;
S_0x561e9d4cc0e0 .scope task, "check_byte" "check_byte" 3 118, 3 118 0, S_0x561e9d4cc4e0;
 .timescale -9 -9;
v0x561e9d619d10_0 .var "expect_v", 7 0;
v0x561e9d6193c0_0 .var "got", 7 0;
v0x561e9d618b10_0 .var "label", 320 1;
TD_tb_spi_slave_aurix.check_byte ;
    %load/vec4 v0x561e9d6193c0_0;
    %load/vec4 v0x561e9d619d10_0;
    %cmp/ne;
    %jmp/0xz  T_0.0, 6;
    %vpi_call/w 3 124 "$display", "FAIL mode %0d %0s: expected 0x%02X, got 0x%02X", v0x561e9d6dff40_0, v0x561e9d618b10_0, v0x561e9d619d10_0, v0x561e9d6193c0_0 {0 0 0};
    %load/vec4 v0x561e9d6dfd30_0;
    %addi 1, 0, 32;
    %store/vec4 v0x561e9d6dfd30_0, 0, 32;
T_0.0 ;
    %end;
S_0x561e9d52bf80 .scope task, "qspi_frame" "qspi_frame" 3 103, 3 103 0, S_0x561e9d4cc4e0;
 .timescale -9 -9;
v0x561e9d612380_0 .var "tx0", 7 0;
v0x561e9d4cf7c0_0 .var "tx1", 7 0;
TD_tb_spi_slave_aurix.qspi_frame ;
    %pushi/vec4 0, 0, 1;
    %store/vec4 v0x561e9d6e03d0_0, 0, 1;
    %delay 80, 0;
    %load/vec4 v0x561e9d612380_0;
    %store/vec4 v0x561e9d687010_0, 0, 8;
    %fork TD_tb_spi_slave_aurix.spi_clock_byte, S_0x561e9d527f50;
    %join;
    %load/vec4 v0x561e9d687dc0_0;
    %store/vec4 v0x561e9d6e0180_0, 0, 8;
    %delay 80, 0;
    %load/vec4 v0x561e9d4cf7c0_0;
    %store/vec4 v0x561e9d687010_0, 0, 8;
    %fork TD_tb_spi_slave_aurix.spi_clock_byte, S_0x561e9d527f50;
    %join;
    %load/vec4 v0x561e9d687dc0_0;
    %store/vec4 v0x561e9d6e0220_0, 0, 8;
    %delay 80, 0;
    %pushi/vec4 1, 0, 1;
    %store/vec4 v0x561e9d6e03d0_0, 0, 1;
    %delay 80, 0;
    %end;
S_0x561e9d4cbd10 .scope task, "run_mode" "run_mode" 3 130, 3 130 0, S_0x561e9d4cc4e0;
 .timescale -9 -9;
v0x561e9d4d06d0_0 .var "m", 1 0;
TD_tb_spi_slave_aurix.run_mode ;
    %load/vec4 v0x561e9d4d06d0_0;
    %parti/s 1, 1, 2;
    %store/vec4 v0x561e9d6dfaa0_0, 0, 1;
    %load/vec4 v0x561e9d4d06d0_0;
    %parti/s 1, 0, 2;
    %store/vec4 v0x561e9d6df9a0_0, 0, 1;
    %pushi/vec4 0, 0, 8;
    %store/vec4 v0x561e9d6df820_0, 0, 8;
    %pushi/vec4 0, 0, 1;
    %store/vec4 v0x561e9d6dffe0_0, 0, 1;
    %pushi/vec4 1, 0, 1;
    %store/vec4 v0x561e9d6e03d0_0, 0, 1;
    %pushi/vec4 0, 0, 1;
    %store/vec4 v0x561e9d6e00b0_0, 0, 1;
    %load/vec4 v0x561e9d4d06d0_0;
    %parti/s 1, 1, 2;
    %store/vec4 v0x561e9d6e0300_0, 0, 1;
    %delay 100, 0;
    %pushi/vec4 1, 0, 1;
    %store/vec4 v0x561e9d6e00b0_0, 0, 1;
    %delay 100, 0;
    %pushi/vec4 0, 0, 32;
    %store/vec4 v0x561e9d6dfdd0_0, 0, 32;
T_2.2 ; Top of for-loop
    %load/vec4 v0x561e9d6dfdd0_0;
    %cmpi/s 8, 0, 32;
	  %jmp/0xz T_2.3, 5;
    %load/vec4 v0x561e9d4d06d0_0;
    %concati/vec4 5, 0, 3;
    %load/vec4 v0x561e9d6dfdd0_0;
    %parti/s 3, 0, 2;
    %concat/vec4; draw_concat_vec4
    %store/vec4 v0x561e9d6e04a0_0, 0, 8;
    %pushi/vec4 0, 0, 1;
    %load/vec4 v0x561e9d6dfdd0_0;
    %parti/s 7, 0, 2;
    %concat/vec4; draw_concat_vec4
    %store/vec4 v0x561e9d612380_0, 0, 8;
    %load/vec4 v0x561e9d6e04a0_0;
    %store/vec4 v0x561e9d4cf7c0_0, 0, 8;
    %fork TD_tb_spi_slave_aurix.qspi_frame, S_0x561e9d52bf80;
    %join;
T_2.4 ; for-loop step statement
    %load/vec4 v0x561e9d6dfdd0_0;
    %addi 1, 0, 32;
    %store/vec4 v0x561e9d6dfdd0_0, 0, 32;
    %jmp T_2.2;
T_2.3 ; for-loop exit label
    %pushi/vec4 0, 0, 32;
    %store/vec4 v0x561e9d6dfdd0_0, 0, 32;
T_2.5 ; Top of for-loop
    %load/vec4 v0x561e9d6dfdd0_0;
    %cmpi/s 8, 0, 32;
	  %jmp/0xz T_2.6, 5;
    %load/vec4 v0x561e9d4d06d0_0;
    %concati/vec4 5, 0, 3;
    %load/vec4 v0x561e9d6dfdd0_0;
    %parti/s 3, 0, 2;
    %concat/vec4; draw_concat_vec4
    %store/vec4 v0x561e9d6e04a0_0, 0, 8;
    %pushi/vec4 1, 0, 1;
    %load/vec4 v0x561e9d6dfdd0_0;
    %parti/s 7, 0, 2;
    %concat/vec4; draw_concat_vec4
    %store/vec4 v0x561e9d612380_0, 0, 8;
    %pushi/vec4 0, 0, 8;
    %store/vec4 v0x561e9d4cf7c0_0, 0, 8;
    %fork TD_tb_spi_slave_aurix.qspi_frame, S_0x561e9d52bf80;
    %join;
    %pushi/vec4 0, 0, 32; draw_string_vec4
    %pushi/vec4 0, 0, 32; draw_string_vec4
    %concat/vec4; draw_string_vec4
    %pushi/vec4 0, 0, 32; draw_string_vec4
    %concat/vec4; draw_string_vec4
    %pushi/vec4 0, 0, 32; draw_string_vec4
    %concat/vec4; draw_string_vec4
    %pushi/vec4 0, 0, 32; draw_string_vec4
    %concat/vec4; draw_string_vec4
    %pushi/vec4 0, 0, 32; draw_string_vec4
    %concat/vec4; draw_string_vec4
    %pushi/vec4 83, 0, 32; draw_string_vec4
    %concat/vec4; draw_string_vec4
    %pushi/vec4 1346969714, 0, 32; draw_string_vec4
    %concat/vec4; draw_string_vec4
    %pushi/vec4 1700881453, 0, 32; draw_string_vec4
    %concat/vec4; draw_string_vec4
    %pushi/vec4 1650549611, 0, 32; draw_string_vec4
    %concat/vec4; draw_string_vec4
    %store/vec4 v0x561e9d618b10_0, 0, 320;
    %load/vec4 v0x561e9d6e0220_0;
    %store/vec4 v0x561e9d6193c0_0, 0, 8;
    %load/vec4 v0x561e9d6e04a0_0;
    %store/vec4 v0x561e9d619d10_0, 0, 8;
    %fork TD_tb_spi_slave_aurix.check_byte, S_0x561e9d4cc0e0;
    %join;
T_2.7 ; for-loop step statement
    %load/vec4 v0x561e9d6dfdd0_0;
    %addi 1, 0, 32;
    %store/vec4 v0x561e9d6dfdd0_0, 0, 32;
    %jmp T_2.5;
T_2.6 ; for-loop exit label
    %pushi/vec4 0, 0, 32;
    %store/vec4 v0x561e9d6dfdd0_0, 0, 32;
T_2.8 ; Top of for-loop
    %load/vec4 v0x561e9d6dfdd0_0;
    %cmpi/s 8, 0, 32;
	  %jmp/0xz T_2.9, 5;
    %load/vec4 v0x561e9d4d06d0_0;
    %concati/vec4 5, 0, 3;
    %load/vec4 v0x561e9d6dfdd0_0;
    %parti/s 3, 0, 2;
    %concat/vec4; draw_concat_vec4
    %store/vec4 v0x561e9d6e04a0_0, 0, 8;
    %load/vec4 v0x561e9d6dfdd0_0;
    %parti/s 8, 0, 2;
    %store/vec4 v0x561e9d6df820_0, 0, 8;
    %delay 50, 0;
    %pushi/vec4 0, 0, 32; draw_string_vec4
    %pushi/vec4 0, 0, 32; draw_string_vec4
    %concat/vec4; draw_string_vec4
    %pushi/vec4 0, 0, 32; draw_string_vec4
    %concat/vec4; draw_string_vec4
    %pushi/vec4 0, 0, 32; draw_string_vec4
    %concat/vec4; draw_string_vec4
    %pushi/vec4 0, 0, 32; draw_string_vec4
    %concat/vec4; draw_string_vec4
    %pushi/vec4 0, 0, 32; draw_string_vec4
    %concat/vec4; draw_string_vec4
    %pushi/vec4 112, 0, 32; draw_string_vec4
    %concat/vec4; draw_string_vec4
    %pushi/vec4 1634885996, 0, 32; draw_string_vec4
    %concat/vec4; draw_string_vec4
    %pushi/vec4 1818586144, 0, 32; draw_string_vec4
    %concat/vec4; draw_string_vec4
    %pushi/vec4 1919246692, 0, 32; draw_string_vec4
    %concat/vec4; draw_string_vec4
    %store/vec4 v0x561e9d618b10_0, 0, 320;
    %load/vec4 v0x561e9d6dfb70_0;
    %store/vec4 v0x561e9d6193c0_0, 0, 8;
    %load/vec4 v0x561e9d6e04a0_0;
    %store/vec4 v0x561e9d619d10_0, 0, 8;
    %fork TD_tb_spi_slave_aurix.check_byte, S_0x561e9d4cc0e0;
    %join;
T_2.10 ; for-loop step statement
    %load/vec4 v0x561e9d6dfdd0_0;
    %addi 1, 0, 32;
    %store/vec4 v0x561e9d6dfdd0_0, 0, 32;
    %jmp T_2.8;
T_2.9 ; for-loop exit label
    %pushi/vec4 255, 0, 8;
    %store/vec4 v0x561e9d612380_0, 0, 8;
    %pushi/vec4 0, 0, 8;
    %store/vec4 v0x561e9d4cf7c0_0, 0, 8;
    %fork TD_tb_spi_slave_aurix.qspi_frame, S_0x561e9d52bf80;
    %join;
    %pushi/vec4 0, 0, 32; draw_string_vec4
    %pushi/vec4 0, 0, 32; draw_string_vec4
    %concat/vec4; draw_string_vec4
    %pushi/vec4 0, 0, 32; draw_string_vec4
    %concat/vec4; draw_string_vec4
    %pushi/vec4 0, 0, 32; draw_string_vec4
    %concat/vec4; draw_string_vec4
    %pushi/vec4 0, 0, 32; draw_string_vec4
    %concat/vec4; draw_string_vec4
    %pushi/vec4 111, 0, 32; draw_string_vec4
    %concat/vec4; draw_string_vec4
    %pushi/vec4 1970548079, 0, 32; draw_string_vec4
    %concat/vec4; draw_string_vec4
    %pushi/vec4 1714254433, 0, 32; draw_string_vec4
    %concat/vec4; draw_string_vec4
    %pushi/vec4 1852269856, 0, 32; draw_string_vec4
    %concat/vec4; draw_string_vec4
    %pushi/vec4 1919246692, 0, 32; draw_string_vec4
    %concat/vec4; draw_string_vec4
    %store/vec4 v0x561e9d618b10_0, 0, 320;
    %load/vec4 v0x561e9d6e0220_0;
    %store/vec4 v0x561e9d6193c0_0, 0, 8;
    %pushi/vec4 255, 0, 8;
    %store/vec4 v0x561e9d619d10_0, 0, 8;
    %fork TD_tb_spi_slave_aurix.check_byte, S_0x561e9d4cc0e0;
    %join;
    %pushi/vec4 0, 0, 32; draw_string_vec4
    %pushi/vec4 0, 0, 32; draw_string_vec4
    %concat/vec4; draw_string_vec4
    %pushi/vec4 0, 0, 32; draw_string_vec4
    %concat/vec4; draw_string_vec4
    %pushi/vec4 0, 0, 32; draw_string_vec4
    %concat/vec4; draw_string_vec4
    %pushi/vec4 0, 0, 32; draw_string_vec4
    %concat/vec4; draw_string_vec4
    %pushi/vec4 0, 0, 32; draw_string_vec4
    %concat/vec4; draw_string_vec4
    %pushi/vec4 0, 0, 32; draw_string_vec4
    %concat/vec4; draw_string_vec4
    %pushi/vec4 0, 0, 32; draw_string_vec4
    %concat/vec4; draw_string_vec4
    %pushi/vec4 100, 0, 32; draw_string_vec4
    %concat/vec4; draw_string_vec4
    %pushi/vec4 1700951399, 0, 32; draw_string_vec4
    %concat/vec4; draw_string_vec4
    %store/vec4 v0x561e9d618b10_0, 0, 320;
    %load/vec4 v0x561e9d6dfc60_0;
    %store/vec4 v0x561e9d6193c0_0, 0, 8;
    %pushi/vec4 31, 0, 8;
    %store/vec4 v0x561e9d619d10_0, 0, 8;
    %fork TD_tb_spi_slave_aurix.check_byte, S_0x561e9d4cc0e0;
    %join;
    %vpi_call/w 3 171 "$display", "MODE %0d (CPOL=%0d CPHA=%0d) %0t: 8 regs written+read back, parallel port ok, oor=0x%02X debug=0x%02X", v0x561e9d4d06d0_0, &PV<v0x561e9d4d06d0_0, 1, 1>, &PV<v0x561e9d4d06d0_0, 0, 1>, $time, v0x561e9d6e0220_0, v0x561e9d6dfc60_0 {0 0 0};
    %end;
S_0x561e9d527f50 .scope task, "spi_clock_byte" "spi_clock_byte" 3 78, 3 78 0, S_0x561e9d4cc4e0;
 .timescale -9 -9;
v0x561e9d620c50_0 .var/i "k", 31 0;
v0x561e9d687dc0_0 .var "rx", 7 0;
v0x561e9d687010_0 .var "tx", 7 0;
TD_tb_spi_slave_aurix.spi_clock_byte ;
    %pushi/vec4 7, 0, 32;
    %store/vec4 v0x561e9d620c50_0, 0, 32;
T_3.11 ; Top of for-loop
    %load/vec4 v0x561e9d620c50_0;
    %cmpi/s 0, 0, 32;
    %flag_inv 5; GE is !LT
	  %jmp/0xz T_3.12, 5;
    %load/vec4 v0x561e9d6df9a0_0;
    %pad/u 32;
    %cmpi/e 0, 0, 32;
    %jmp/0xz  T_3.14, 4;
    %load/vec4 v0x561e9d687010_0;
    %load/vec4 v0x561e9d620c50_0;
    %part/s 1;
    %store/vec4 v0x561e9d6dffe0_0, 0, 1;
    %delay 40, 0;
    %load/vec4 v0x561e9d6dfaa0_0;
    %inv;
    %store/vec4 v0x561e9d6e0300_0, 0, 1;
    %load/vec4 v0x561e9d6dfe70_0;
    %ix/getv/s 4, v0x561e9d620c50_0;
    %store/vec4 v0x561e9d687dc0_0, 4, 1;
    %delay 40, 0;
    %load/vec4 v0x561e9d6dfaa0_0;
    %store/vec4 v0x561e9d6e0300_0, 0, 1;
    %jmp T_3.15;
T_3.14 ;
    %load/vec4 v0x561e9d6dfaa0_0;
    %inv;
    %store/vec4 v0x561e9d6e0300_0, 0, 1;
    %load/vec4 v0x561e9d687010_0;
    %load/vec4 v0x561e9d620c50_0;
    %part/s 1;
    %store/vec4 v0x561e9d6dffe0_0, 0, 1;
    %delay 40, 0;
    %load/vec4 v0x561e9d6dfaa0_0;
    %store/vec4 v0x561e9d6e0300_0, 0, 1;
    %load/vec4 v0x561e9d6dfe70_0;
    %ix/getv/s 4, v0x561e9d620c50_0;
    %store/vec4 v0x561e9d687dc0_0, 4, 1;
    %delay 40, 0;
T_3.15 ;
T_3.13 ; for-loop step statement
    %load/vec4 v0x561e9d620c50_0;
    %subi 1, 0, 32;
    %store/vec4 v0x561e9d620c50_0, 0, 32;
    %jmp T_3.11;
T_3.12 ; for-loop exit label
    %end;
S_0x561e9d4cb470 .scope module, "spi_slave1" "spi_slave" 3 63, 4 5 0, S_0x561e9d4cc4e0;
 .timescale 0 0;
    .port_info 0 /INPUT 1 "Clk";
    .port_info 1 /INPUT 1 "iRST_N";
    .port_info 2 /INPUT 1 "CPOL";
    .port_info 3 /INPUT 1 "CPHA";
    .port_info 4 /INPUT 1 "SCK";
    .port_info 5 /INPUT 1 "MOSI";
    .port_info 6 /INPUT 1 "SSEL";
    .port_info 7 /OUTPUT 1 "MISO";
    .port_info 8 /INPUT 8 "Add2_in";
    .port_info 9 /OUTPUT 8 "Data2_out";
    .port_info 10 /OUTPUT 8 "debug";
L_0x561e9d6e0e40 .functor NOT 1, L_0x561e9d6e0d40, C4<0>, C4<0>, C4<0>;
L_0x561e9d6e0fb0 .functor NOT 1, L_0x561e9d6e0ee0, C4<0>, C4<0>, C4<0>;
L_0x561e9d6e0cd0 .functor NOT 1, L_0x561e9d6e10d0, C4<0>, C4<0>, C4<0>;
L_0x561e9d6e12e0 .functor NOT 1, L_0x561e9d6e1210, C4<0>, C4<0>, C4<0>;
L_0x561e9d6e1530 .functor NOT 1, L_0x561e9d6e1460, C4<0>, C4<0>, C4<0>;
L_0x561e9d6e1750 .functor NOT 1, L_0x561e9d6e1620, C4<0>, C4<0>, C4<0>;
L_0x561e9d6e1950 .functor NOT 1, L_0x561e9d6e18b0, C4<0>, C4<0>, C4<0>;
L_0x561e9d6e1b50 .functor NOT 1, L_0x561e9d6e1a10, C4<0>, C4<0>, C4<0>;
L_0x561e9d6e1d10 .functor NOT 1, L_0x561e9d6e1810, C4<0>, C4<0>, C4<0>;
L_0x561e9d6e1e70 .functor NOT 1, L_0x561e9d6e1dd0, C4<0>, C4<0>, C4<0>;
L_0x561e9d6e2070 .functor NOT 1, L_0x561e9d6e1fd0, C4<0>, C4<0>, C4<0>;
L_0x561e9d6e2110 .functor NOT 1, L_0x561e9d70fd00, C4<0>, C4<0>, C4<0>;
L_0x561e9d6e2280 .functor NOT 1, L_0x561e9d6fab80, C4<0>, C4<0>, C4<0>;
L_0x561e9d6e2560 .functor XOR 1, L_0x561e9d6e2350, L_0x561e9d6e2490, C4<0>, C4<0>;
L_0x561e9d6e2420 .functor XOR 1, L_0x561e9d6e2700, L_0x561e9d6e27a0, C4<0>, C4<0>;
L_0x561e9d6e2b30 .functor XOR 1, L_0x561e9d6e2910, L_0x561e9d6e2a40, C4<0>, C4<0>;
L_0x561e9d6e2f10 .functor AND 1, L_0x561e9d6e2d30, L_0x561e9d6e2e70, C4<1>, C4<1>;
L_0x561e9d6e3280 .functor AND 1, L_0x561e9d6e3020, L_0x561e9d6e2dd0, C4<1>, C4<1>;
L_0x561e9d6e3490 .functor XOR 1, v0x561e9d665070_0, v0x561e9d678760_0, C4<0>, C4<0>;
L_0x561e9d6e3500 .functor XOR 1, v0x561e9d6642c0_0, v0x561e9d678760_0, C4<0>, C4<0>;
L_0x561e9d6e36d0 .functor AND 1, L_0x561e9d6e3490, L_0x561e9d730fd0, C4<1>, C4<1>;
L_0x561e9d6e3790 .functor AND 1, L_0x561e9d731090, L_0x561e9d6e3500, C4<1>, C4<1>;
L_0x561e9d6e3bf0 .functor OR 1, L_0x561e9d6e39a0, L_0x561e9d6e3b00, C4<0>, C4<0>;
L_0x561e9d6e3f90 .functor OR 1, L_0x561e9d6e3d00, L_0x561e9d6e3e70, C4<0>, C4<0>;
L_0x561e9d6e43f0 .functor OR 1, L_0x561e9d6e41d0, L_0x561e9d6e4350, C4<0>, C4<0>;
L_0x561e9d6e4760 .functor OR 1, L_0x561e9d6e4500, L_0x561e9d6e4690, C4<0>, C4<0>;
L_0x561e9d6e4140 .functor OR 1, L_0x561e9d6e2070, L_0x561e9d6e40a0, C4<0>, C4<0>;
L_0x561e9d6e4e00 .functor OR 1, L_0x561e9d6e4b80, L_0x561e9d6e4c20, C4<0>, C4<0>;
L_0x561e9d6e52d0 .functor OR 1, L_0x561e9d6e5040, L_0x561e9d6e50e0, C4<0>, C4<0>;
L_0x561e9d6e53c0 .functor OR 1, L_0x561e9d6e1d10, L_0x561e9d6e1e70, C4<0>, C4<0>;
L_0x561e9d6e58f0 .functor OR 1, L_0x561e9d6e5630, L_0x561e9d6e56d0, C4<0>, C4<0>;
L_0x561e9d6e57c0 .functor OR 1, L_0x561e9d6e5a00, L_0x561e9d6e5aa0, C4<0>, C4<0>;
L_0x561e9d6e5e90 .functor OR 1, L_0x561e9d6e5df0, L_0x561e9d6e1e70, C4<0>, C4<0>;
L_0x561e9d6e6210 .functor OR 1, L_0x561e9d6e5f50, L_0x561e9d6e6140, C4<0>, C4<0>;
L_0x561e9d6e67a0 .functor OR 1, L_0x561e9d6e64d0, L_0x561e9d6e66d0, C4<0>, C4<0>;
L_0x561e9d6e6af0 .functor OR 1, L_0x561e9d6e1d10, L_0x561e9d6e68e0, C4<0>, C4<0>;
L_0x561e9d6e70e0 .functor OR 1, L_0x561e9d6e6d40, L_0x561e9d6e6e30, C4<0>, C4<0>;
L_0x561e9d6e74d0 .functor OR 1, L_0x561e9d6e71d0, L_0x561e9d6e7270, C4<0>, C4<0>;
L_0x561e9d6e78e0 .functor OR 1, L_0x561e9d6e1750, L_0x561e9d6e77b0, C4<0>, C4<0>;
L_0x561e9d6e7cd0 .functor OR 1, L_0x561e9d6e79a0, L_0x561e9d6e7be0, C4<0>, C4<0>;
L_0x561e9d6e8300 .functor OR 1, L_0x561e9d6e7f90, L_0x561e9d6e81e0, C4<0>, C4<0>;
L_0x561e9d6e8710 .functor OR 1, L_0x561e9d6e8410, L_0x561e9d6e8670, C4<0>, C4<0>;
L_0x561e9d6e8d50 .functor OR 1, L_0x561e9d6e8a10, L_0x561e9d6e8c80, C4<0>, C4<0>;
L_0x561e9d6e91e0 .functor OR 1, L_0x561e9d6e8e90, L_0x561e9d6e9110, C4<0>, C4<0>;
L_0x561e9d6e98b0 .functor OR 1, L_0x561e9d6e94f0, L_0x561e9d6e9780, C4<0>, C4<0>;
L_0x561e9d6e9da0 .functor OR 1, L_0x561e9d6e99a0, L_0x561e9d6e9c40, C4<0>, C4<0>;
L_0x561e9d6ea3f0 .functor OR 1, L_0x561e9d6ea070, L_0x561e9d6ea320, C4<0>, C4<0>;
L_0x561e9d6ea8c0 .functor OR 1, L_0x561e9d6ea530, L_0x561e9d6ea7f0, C4<0>, C4<0>;
L_0x561e9d6eaf60 .functor OR 1, L_0x561e9d6e1530, L_0x561e9d6e1950, C4<0>, C4<0>;
L_0x561e9d6eb440 .functor OR 1, L_0x561e9d6eb0c0, L_0x561e9d6eb160, C4<0>, C4<0>;
L_0x561e9d6ebbd0 .functor OR 1, L_0x561e9d6eb840, L_0x561e9d6ebb30, C4<0>, C4<0>;
L_0x561e9d6ec0d0 .functor OR 1, L_0x561e9d6ebd30, L_0x561e9d6ec030, C4<0>, C4<0>;
L_0x561e9d6ec700 .functor OR 1, L_0x561e9d6ec3f0, L_0x561e9d6e1950, C4<0>, C4<0>;
L_0x561e9d6ecb80 .functor OR 1, L_0x561e9d6ec7c0, L_0x561e9d6ec860, C4<0>, C4<0>;
L_0x561e9d6ed350 .functor OR 1, L_0x561e9d6ecee0, L_0x561e9d6ecfd0, C4<0>, C4<0>;
L_0x561e9d6ed950 .functor OR 1, L_0x561e9d6ed460, L_0x561e9d6ed500, C4<0>, C4<0>;
L_0x561e9d6edd60 .functor OR 1, L_0x561e9d6e1530, L_0x561e9d6edcc0, C4<0>, C4<0>;
L_0x561e9d6ee260 .functor OR 1, L_0x561e9d6ede20, L_0x561e9d6ee1c0, C4<0>, C4<0>;
L_0x561e9d6eea10 .functor OR 1, L_0x561e9d6ee5e0, L_0x561e9d6ee940, C4<0>, C4<0>;
L_0x561e9d6eeb50 .functor OR 1, L_0x561e9d711af0, L_0x561e9d6e12e0, C4<0>, C4<0>;
L_0x561e9d6ef1d0 .functor OR 1, L_0x561e9d6eee60, L_0x561e9d6e0fb0, C4<0>, C4<0>;
L_0x561e9d6ef360 .functor OR 1, L_0x561e9d6ef1d0, L_0x561e9d6ef2c0, C4<0>, C4<0>;
L_0x561e9d6efa50 .functor OR 1, L_0x561e9d6e0cd0, L_0x561e9d6ef6d0, C4<0>, C4<0>;
L_0x561e9d6efc00 .functor OR 1, L_0x561e9d6efa50, L_0x561e9d6efb60, C4<0>, C4<0>;
L_0x561e9d6eff80 .functor OR 1, L_0x561e9d6e0cd0, L_0x561e9d6e0fb0, C4<0>, C4<0>;
L_0x561e9d6f0490 .functor OR 1, L_0x561e9d6eff80, L_0x561e9d6efff0, C4<0>, C4<0>;
L_0x561e9d6f0850 .functor AND 1, L_0x561e9d6f0910, L_0x561e9d6fab80, C4<1>, C4<1>;
L_0x561e9d6f0910 .functor OR 1, L_0x561e9d6e2280, L_0x561e9d71ff00, C4<0>, C4<0>;
L_0x561e9d6f0cb0 .functor AND 1, L_0x561e9d6f1f20, L_0x561e9d6f9610, C4<1>, C4<1>;
L_0x561e9d6f0e70 .functor AND 1, L_0x561e9d6f9810, L_0x561e9d6fa120, C4<1>, C4<1>;
L_0x561e9d6f1690 .functor AND 1, L_0x561e9d6f11d0, L_0x561e9d6f15f0, C4<1>, C4<1>;
L_0x561e9d6f17d0 .functor AND 1, L_0x561e9d6f1690, L_0x561e9d6fa230, C4<1>, C4<1>;
L_0x561e9d6f1f20 .functor OR 1, L_0x561e9d6e2110, L_0x561e9d6f1b40, C4<0>, C4<0>;
L_0x561e9d6f2080 .functor AND 1, L_0x561e9d6f1f20, L_0x561e9d70fd00, C4<1>, C4<1>;
L_0x561e9d6f2400 .functor AND 1, L_0x561e9d6f8500, L_0x561e9d7129a0, C4<1>, C4<1>;
L_0x561e9d6f2470 .functor AND 1, L_0x561e9d6f8500, L_0x561e9d712a60, C4<1>, C4<1>;
L_0x561e9d6f2800 .functor AND 1, L_0x561e9d6f8500, L_0x561e9d712b20, C4<1>, C4<1>;
L_0x561e9d6f28d0 .functor AND 1, L_0x561e9d6f8500, L_0x561e9d711270, C4<1>, C4<1>;
L_0x561e9d6f2c80 .functor AND 1, L_0x561e9d6f8500, L_0x561e9d7145a0, C4<1>, C4<1>;
L_0x561e9d6f2d50 .functor AND 1, L_0x561e9d6f8500, L_0x561e9d714660, C4<1>, C4<1>;
L_0x561e9d6f3110 .functor AND 1, L_0x561e9d6f8500, L_0x561e9d714720, C4<1>, C4<1>;
L_0x561e9d6f31e0 .functor AND 1, L_0x561e9d713320, L_0x561e9d6eeb50, C4<1>, C4<1>;
L_0x561e9d6f36a0 .functor AND 1, L_0x561e9d711ca0, L_0x561e9d6efc00, C4<1>, C4<1>;
L_0x561e9d6f3c60 .functor AND 1, L_0x561e9d6f37b0, L_0x561e9d6f3bc0, C4<1>, C4<1>;
L_0x561e9d6f40b0 .functor AND 1, L_0x561e9d6f3c60, L_0x561e9d6ef360, C4<1>, C4<1>;
L_0x561e9d6f41c0 .functor AND 1, L_0x561e9d7132b0, L_0x561e9d6eeb50, C4<1>, C4<1>;
L_0x561e9d6f4970 .functor AND 1, L_0x561e9d6f0490, L_0x561e9d6efc00, C4<1>, C4<1>;
L_0x561e9d6f4f50 .functor AND 1, L_0x561e9d6f4a80, L_0x561e9d6f4b70, C4<1>, C4<1>;
L_0x561e9d6f52f0 .functor AND 1, L_0x561e9d6f4f50, L_0x561e9d6ef360, C4<1>, C4<1>;
L_0x561e9d6f53b0 .functor AND 1, L_0x561e9d713240, L_0x561e9d6eeb50, C4<1>, C4<1>;
L_0x561e9d6f5bf0 .functor AND 1, L_0x561e9d6f5760, L_0x561e9d6f5800, C4<1>, C4<1>;
L_0x561e9d6f5d00 .functor AND 1, L_0x561e9d6f5bf0, L_0x561e9d6ef360, C4<1>, C4<1>;
L_0x561e9d6f6110 .functor AND 1, L_0x561e9d7131d0, L_0x561e9d6eeb50, C4<1>, C4<1>;
L_0x561e9d6f6680 .functor AND 1, L_0x561e9d6f6180, L_0x561e9d6f6250, C4<1>, C4<1>;
L_0x561e9d6f6ad0 .functor AND 1, L_0x561e9d6f6680, L_0x561e9d6efc00, C4<1>, C4<1>;
L_0x561e9d6f6d50 .functor AND 1, L_0x561e9d6f0490, L_0x561e9d711ca0, C4<1>, C4<1>;
L_0x561e9d6f7180 .functor AND 1, L_0x561e9d6efc00, L_0x561e9d6ef360, C4<1>, C4<1>;
L_0x561e9d6f76a0 .functor AND 1, L_0x561e9d6f71f0, L_0x561e9d6f7600, C4<1>, C4<1>;
L_0x561e9d6f7b30 .functor AND 1, L_0x561e9d6f76a0, L_0x561e9d7147e0, C4<1>, C4<1>;
L_0x561e9d6f8060 .functor AND 1, L_0x561e9d713240, L_0x561e9d6f7bf0, C4<1>, C4<1>;
L_0x561e9d6f8500 .functor AND 1, L_0x561e9d70fe00, v0x561e9d65ac30_0, C4<1>, C4<1>;
L_0x561e9d6f8680 .functor AND 1, L_0x561e9d6f8500, L_0x561e9d7128e0, C4<1>, C4<1>;
L_0x561e9d6f8ac0 .functor OR 1, L_0x561e9d7147e0, L_0x561e9d7131d0, C4<0>, C4<0>;
L_0x561e9d6f9150 .functor OR 1, L_0x561e9d6f8c00, L_0x561e9d6f8ca0, C4<0>, C4<0>;
L_0x561e9d6f9610 .functor OR 1, L_0x561e9d6f9150, L_0x561e9d713320, C4<0>, C4<0>;
L_0x561e9d6f9810 .functor OR 1, L_0x561e9d6f9770, L_0x561e9d6efc00, C4<0>, C4<0>;
L_0x561e9d6fa120 .functor OR 1, L_0x561e9d6f9ce0, L_0x561e9d711ca0, C4<0>, C4<0>;
L_0x561e9d6fa230 .functor OR 1, v0x561e9d65f0a0_0, L_0x561e9d6eeb50, C4<0>, C4<0>;
L_0x561e9d6fa6c0 .functor AND 1, L_0x561e9d713320, L_0x561e9d720040, C4<1>, C4<1>;
L_0x561e9d6fa730 .functor AND 1, L_0x561e9d6fb140, L_0x561e9d6fb240, C4<1>, C4<1>;
L_0x561e9d6fab80 .functor OR 1, L_0x561e9d7131d0, L_0x561e9d713240, C4<0>, C4<0>;
L_0x561e9d6fabf0 .functor OR 1, L_0x561e9d7132b0, L_0x561e9d713320, C4<0>, C4<0>;
L_0x561e9d6fb140 .functor OR 1, L_0x561e9d6fab80, L_0x561e9d6fb0a0, C4<0>, C4<0>;
L_0x561e9d6fb240 .functor OR 1, L_0x561e9d720040, L_0x561e9d6f0490, C4<0>, C4<0>;
L_0x561e9d6fbcd0 .functor OR 1, L_0x561e9d6fb7e0, L_0x561e9d6fbc30, C4<0>, C4<0>;
L_0x561e9d6fc2e0 .functor OR 1, L_0x561e9d6fc240, L_0x561e9d6e1b50, C4<0>, C4<0>;
L_0x561e9d6fcdb0 .functor OR 1, L_0x561e9d6fc850, L_0x561e9d6fcd10, C4<0>, C4<0>;
L_0x561e9d6fd3e0 .functor OR 1, L_0x561e9d6fcec0, L_0x561e9d6fd340, C4<0>, C4<0>;
L_0x561e9d6fdf50 .functor OR 1, L_0x561e9d6fd910, L_0x561e9d6fdda0, C4<0>, C4<0>;
L_0x561e9d6fe060 .functor OR 1, L_0x561e9d7201d0, L_0x561e9d720380, C4<0>, C4<0>;
L_0x561e9d6fd4f0 .functor OR 1, L_0x561e9d720530, L_0x561e9d7206e0, C4<0>, C4<0>;
L_0x561e9d6fd5f0 .functor OR 1, L_0x561e9d715390, L_0x561e9d715540, C4<0>, C4<0>;
L_0x561e9d6fe940 .functor OR 1, L_0x561e9d7156f0, L_0x561e9d7158a0, C4<0>, C4<0>;
L_0x561e9d6fef50 .functor OR 1, L_0x561e9d6fe9b0, L_0x561e9d6feaa0, C4<0>, C4<0>;
L_0x561e9d6fe360 .functor OR 1, L_0x561e9d6fe1f0, L_0x561e9d6fe290, C4<0>, C4<0>;
L_0x561e9d6ff550 .functor OR 1, L_0x561e9d6fe470, L_0x561e9d6ff4b0, C4<0>, C4<0>;
L_0x561e9d6ff660 .functor OR 1, L_0x561e9d715aa0, L_0x561e9d721330, C4<0>, C4<0>;
L_0x561e9d6ff6d0 .functor OR 1, L_0x561e9d721ee0, L_0x561e9d722120, C4<0>, C4<0>;
L_0x561e9d6ff770 .functor OR 1, L_0x561e9d722230, L_0x561e9d720bf0, C4<0>, C4<0>;
L_0x561e9d6ff250 .functor OR 1, L_0x561e9d720e30, L_0x561e9d721070, C4<0>, C4<0>;
L_0x561e9d6ffd70 .functor OR 1, L_0x561e9d6ff310, L_0x561e9d6ff400, C4<0>, C4<0>;
L_0x561e9d6ff920 .functor OR 1, L_0x561e9d6fffa0, L_0x561e9d700530, C4<0>, C4<0>;
L_0x561e9d6ffbc0 .functor OR 1, L_0x561e9d6ffa30, L_0x561e9d6ffb20, C4<0>, C4<0>;
L_0x561e9d6ffcd0 .functor OR 1, L_0x561e9d7212b0, L_0x561e9d721490, C4<0>, C4<0>;
L_0x561e9d7000d0 .functor OR 1, L_0x561e9d721640, L_0x561e9d7217f0, C4<0>, C4<0>;
L_0x561e9d7001a0 .functor OR 1, L_0x561e9d7219a0, L_0x561e9d721b50, C4<0>, C4<0>;
L_0x561e9d700490 .functor OR 1, L_0x561e9d721d00, L_0x561e9d722df0, C4<0>, C4<0>;
L_0x561e9d700be0 .functor OR 1, L_0x561e9d700a50, L_0x561e9d700b40, C4<0>, C4<0>;
L_0x561e9d700670 .functor OR 1, L_0x561e9d700de0, L_0x561e9d7005d0, C4<0>, C4<0>;
L_0x561e9d700910 .functor OR 1, L_0x561e9d700780, L_0x561e9d700870, C4<0>, C4<0>;
L_0x561e9d7013c0 .functor OR 1, L_0x561e9d723a60, L_0x561e9d723bc0, C4<0>, C4<0>;
L_0x561e9d701430 .functor OR 1, L_0x561e9d723c80, L_0x561e9d722550, C4<0>, C4<0>;
L_0x561e9d7014d0 .functor OR 1, L_0x561e9d722740, L_0x561e9d722930, C4<0>, C4<0>;
L_0x561e9d7017c0 .functor OR 1, L_0x561e9d722b20, L_0x561e9d722f00, C4<0>, C4<0>;
L_0x561e9d7010f0 .functor OR 1, L_0x561e9d700f60, L_0x561e9d701050, C4<0>, C4<0>;
L_0x561e9d701e80 .functor OR 1, L_0x561e9d701320, L_0x561e9d701db0, C4<0>, C4<0>;
L_0x561e9d702120 .functor OR 1, L_0x561e9d701f90, L_0x561e9d702080, C4<0>, C4<0>;
L_0x561e9d701890 .functor OR 1, L_0x561e9d723060, L_0x561e9d723210, C4<0>, C4<0>;
L_0x561e9d701900 .functor OR 1, L_0x561e9d7233c0, L_0x561e9d723570, C4<0>, C4<0>;
L_0x561e9d701a00 .functor OR 1, L_0x561e9d723720, L_0x561e9d7238d0, C4<0>, C4<0>;
L_0x561e9d7026e0 .functor OR 1, L_0x561e9d7248c0, L_0x561e9d724a70, C4<0>, C4<0>;
L_0x561e9d702930 .functor OR 1, L_0x561e9d7027a0, L_0x561e9d702890, C4<0>, C4<0>;
L_0x561e9d702d30 .functor OR 1, L_0x561e9d702b30, L_0x561e9d702c60, C4<0>, C4<0>;
L_0x561e9d702fd0 .functor OR 1, L_0x561e9d702e40, L_0x561e9d702f30, C4<0>, C4<0>;
L_0x561e9d7030e0 .functor OR 1, L_0x561e9d725760, L_0x561e9d723ea0, C4<0>, C4<0>;
L_0x561e9d703150 .functor OR 1, L_0x561e9d724160, L_0x561e9d701a70, C4<0>, C4<0>;
L_0x561e9d703220 .functor OR 1, L_0x561e9d7245d0, L_0x561e9d724c20, C4<0>, C4<0>;
L_0x561e9d7021e0 .functor OR 1, L_0x561e9d724ee0, L_0x561e9d7251a0, C4<0>, C4<0>;
L_0x561e9d702430 .functor OR 1, L_0x561e9d7022a0, L_0x561e9d702390, C4<0>, C4<0>;
L_0x561e9d703c30 .functor OR 1, L_0x561e9d703a60, L_0x561e9d703b90, C4<0>, C4<0>;
L_0x561e9d7035b0 .functor OR 1, L_0x561e9d703d40, L_0x561e9d703510, C4<0>, C4<0>;
L_0x561e9d7036c0 .functor OR 1, L_0x561e9d725460, L_0x561e9d725610, C4<0>, C4<0>;
L_0x561e9d703730 .functor OR 1, L_0x561e9d726450, L_0x561e9d726600, C4<0>, C4<0>;
L_0x561e9d703830 .functor OR 1, L_0x561e9d727350, L_0x561e9d7258c0, C4<0>, C4<0>;
L_0x561e9d7049c0 .functor OR 1, L_0x561e9d725a70, L_0x561e9d703290, C4<0>, C4<0>;
L_0x561e9d703f20 .functor OR 1, L_0x561e9d704a80, L_0x561e9d703e80, C4<0>, C4<0>;
L_0x561e9d7042f0 .functor OR 1, L_0x561e9d704120, L_0x561e9d704250, C4<0>, C4<0>;
L_0x561e9d704670 .functor OR 1, L_0x561e9d7044e0, L_0x561e9d7045d0, C4<0>, C4<0>;
L_0x561e9d704780 .functor OR 1, L_0x561e9d700210, L_0x561e9d6ff7e0, C4<0>, C4<0>;
L_0x561e9d7047f0 .functor OR 1, L_0x561e9d722340, L_0x561e9d7224c0, C4<0>, C4<0>;
L_0x561e9d704890 .functor OR 1, L_0x561e9d7226b0, L_0x561e9d7228a0, C4<0>, C4<0>;
L_0x561e9d7052a0 .functor OR 1, L_0x561e9d722a90, L_0x561e9d722c80, C4<0>, C4<0>;
L_0x561e9d705ac0 .functor OR 1, L_0x561e9d705930, L_0x561e9d705a20, C4<0>, C4<0>;
L_0x561e9d704e30 .functor OR 1, L_0x561e9d704c60, L_0x561e9d704d90, C4<0>, C4<0>;
L_0x561e9d705360 .functor OR 1, L_0x561e9d704f40, L_0x561e9d705030, C4<0>, C4<0>;
L_0x561e9d7056c0 .functor OR 1, L_0x561e9d705470, L_0x561e9d705620, C4<0>, C4<0>;
L_0x561e9d7061f0 .functor OR 1, L_0x561e9d7057d0, L_0x561e9d705870, C4<0>, C4<0>;
L_0x561e9d706a90 .functor OR 1, L_0x561e9d706330, L_0x561e9d7069f0, C4<0>, C4<0>;
L_0x561e9d705d20 .functor OR 1, L_0x561e9d705be0, L_0x561e9d705c80, C4<0>, C4<0>;
L_0x561e9d706010 .functor OR 1, L_0x561e9d705e80, L_0x561e9d705f70, C4<0>, C4<0>;
L_0x561e9d707000 .functor OR 1, L_0x561e9d706db0, L_0x561e9d706f60, C4<0>, C4<0>;
L_0x561e9d7072a0 .functor OR 1, L_0x561e9d707160, L_0x561e9d707200, C4<0>, C4<0>;
L_0x561e9d707a60 .functor OR 1, L_0x561e9d70fd00, L_0x561e9d7147e0, C4<0>, C4<0>;
L_0x561e9d707400 .functor OR 1, L_0x561e9d707ad0, L_0x561e9d707360, C4<0>, C4<0>;
L_0x561e9d707510 .functor OR 1, L_0x561e9d728010, L_0x561e9d728210, C4<0>, C4<0>;
L_0x561e9d707710 .functor OR 1, L_0x561e9d707580, L_0x561e9d707620, C4<0>, C4<0>;
L_0x561e9d707820 .functor OR 1, L_0x561e9d7276b0, L_0x561e9d728fd0, C4<0>, C4<0>;
L_0x561e9d707980 .functor OR 1, L_0x561e9d727500, L_0x561e9d727b20, C4<0>, C4<0>;
L_0x561e9d7065c0 .functor OR 1, L_0x561e9d706450, L_0x561e9d706520, C4<0>, C4<0>;
L_0x561e9d7066b0 .functor OR 1, L_0x561e9d7276b0, L_0x561e9d704900, C4<0>, C4<0>;
L_0x561e9d706860 .functor OR 1, L_0x561e9d7279c0, L_0x561e9d727b20, C4<0>, C4<0>;
L_0x561e9d708360 .functor OR 1, L_0x561e9d7081d0, L_0x561e9d7082c0, C4<0>, C4<0>;
L_0x561e9d706970 .functor OR 1, L_0x561e9d7128e0, L_0x561e9d7129a0, C4<0>, C4<0>;
L_0x561e9d708510 .functor OR 1, L_0x561e9d712a60, L_0x561e9d712b20, C4<0>, C4<0>;
L_0x561e9d708620 .functor OR 1, L_0x561e9d711270, L_0x561e9d7145a0, C4<0>, C4<0>;
L_0x561e9d707c10 .functor OR 1, L_0x561e9d714660, L_0x561e9d714720, C4<0>, C4<0>;
L_0x561e9d707f00 .functor OR 1, L_0x561e9d707d70, L_0x561e9d707e60, C4<0>, C4<0>;
L_0x561e9d708f50 .functor OR 1, L_0x561e9d708100, L_0x561e9d708eb0, C4<0>, C4<0>;
L_0x561e9d7091a0 .functor OR 1, L_0x561e9d709060, L_0x561e9d709100, C4<0>, C4<0>;
L_0x561e9d7092b0 .functor OR 1, L_0x561e9d727c80, L_0x561e9d727e30, C4<0>, C4<0>;
L_0x561e9d708820 .functor OR 1, L_0x561e9d727f90, L_0x561e9d7283c0, C4<0>, C4<0>;
L_0x561e9d708890 .functor OR 1, L_0x561e9d728520, L_0x561e9d728680, C4<0>, C4<0>;
L_0x561e9d708a90 .functor OR 1, L_0x561e9d7287e0, L_0x561e9d7289d0, C4<0>, C4<0>;
L_0x561e9d708ce0 .functor OR 1, L_0x561e9d708b50, L_0x561e9d708c40, C4<0>, C4<0>;
L_0x561e9d709c10 .functor OR 1, L_0x561e9d709a40, L_0x561e9d709b70, C4<0>, C4<0>;
L_0x561e9d709eb0 .functor OR 1, L_0x561e9d709d20, L_0x561e9d709e10, C4<0>, C4<0>;
L_0x561e9d709fc0 .functor OR 1, L_0x561e9d728bc0, L_0x561e9d728d20, C4<0>, C4<0>;
L_0x561e9d70a030 .functor OR 1, L_0x561e9d729d70, L_0x561e9d729f20, C4<0>, C4<0>;
L_0x561e9d70a0a0 .functor OR 1, L_0x561e9d72ad70, L_0x561e9d72ae80, C4<0>, C4<0>;
L_0x561e9d70a250 .functor OR 1, L_0x561e9d729180, L_0x561e9d729290, C4<0>, C4<0>;
L_0x561e9d7094b0 .functor OR 1, L_0x561e9d709320, L_0x561e9d709410, C4<0>, C4<0>;
L_0x561e9d709880 .functor OR 1, L_0x561e9d7096b0, L_0x561e9d7097e0, C4<0>, C4<0>;
L_0x561e9d70abb0 .functor OR 1, L_0x561e9d70aa20, L_0x561e9d70ab10, C4<0>, C4<0>;
L_0x561e9d70acc0 .functor OR 1, L_0x561e9d729440, L_0x561e9d7295f0, C4<0>, C4<0>;
L_0x561e9d70ad30 .functor OR 1, L_0x561e9d7297a0, L_0x561e9d729950, C4<0>, C4<0>;
L_0x561e9d70ada0 .functor OR 1, L_0x561e9d729b00, L_0x561e9d729cb0, C4<0>, C4<0>;
L_0x561e9d70afa0 .functor OR 1, L_0x561e9d72a0d0, L_0x561e9d72a280, C4<0>, C4<0>;
L_0x561e9d70b1f0 .functor OR 1, L_0x561e9d70b060, L_0x561e9d70b150, C4<0>, C4<0>;
L_0x561e9d70a3b0 .functor OR 1, L_0x561e9d70b3f0, L_0x561e9d70a310, C4<0>, C4<0>;
L_0x561e9d70a650 .functor OR 1, L_0x561e9d70a4c0, L_0x561e9d70a5b0, C4<0>, C4<0>;
L_0x561e9d70a760 .functor OR 1, L_0x561e9d72a430, L_0x561e9d72a5e0, C4<0>, C4<0>;
L_0x561e9d70a7d0 .functor OR 1, L_0x561e9d72a790, L_0x561e9d72a940, C4<0>, C4<0>;
L_0x561e9d70a840 .functor OR 1, L_0x561e9d72aaf0, L_0x561e9d72bc10, C4<0>, C4<0>;
L_0x561e9d70bcf0 .functor OR 1, L_0x561e9d72caf0, L_0x561e9d72cc00, C4<0>, C4<0>;
L_0x561e9d70b520 .functor OR 1, L_0x561e9d70bdb0, L_0x561e9d70bea0, C4<0>, C4<0>;
L_0x561e9d70b8a0 .functor OR 1, L_0x561e9d70b6d0, L_0x561e9d70b800, C4<0>, C4<0>;
L_0x561e9d70bb40 .functor OR 1, L_0x561e9d70b9b0, L_0x561e9d70baa0, C4<0>, C4<0>;
L_0x561e9d70bc50 .functor OR 1, L_0x561e9d72cd10, L_0x561e9d72b0a0, C4<0>, C4<0>;
L_0x561e9d70c770 .functor OR 1, L_0x561e9d72b2c0, L_0x561e9d72b580, C4<0>, C4<0>;
L_0x561e9d70c7e0 .functor OR 1, L_0x561e9d72b840, L_0x561e9d72bb00, C4<0>, C4<0>;
L_0x561e9d70c9f0 .functor OR 1, L_0x561e9d72bed0, L_0x561e9d72c190, C4<0>, C4<0>;
L_0x561e9d70cc40 .functor OR 1, L_0x561e9d70cab0, L_0x561e9d70cba0, C4<0>, C4<0>;
L_0x561e9d70c200 .functor OR 1, L_0x561e9d70c030, L_0x561e9d70c160, C4<0>, C4<0>;
L_0x561e9d70c4a0 .functor OR 1, L_0x561e9d70c310, L_0x561e9d70c400, C4<0>, C4<0>;
L_0x561e9d70c5b0 .functor OR 1, L_0x561e9d72c450, L_0x561e9d72c600, C4<0>, C4<0>;
L_0x561e9d70c620 .functor OR 1, L_0x561e9d72c7b0, L_0x561e9d72c960, C4<0>, C4<0>;
L_0x561e9d70d520 .functor OR 1, L_0x561e9d72dbc0, L_0x561e9d72dd70, C4<0>, C4<0>;
L_0x561e9d70d780 .functor OR 1, L_0x561e9d72ecd0, L_0x561e9d72ce20, C4<0>, C4<0>;
L_0x561e9d70d9d0 .functor OR 1, L_0x561e9d70d840, L_0x561e9d70d930, C4<0>, C4<0>;
L_0x561e9d70dda0 .functor OR 1, L_0x561e9d70dbd0, L_0x561e9d70dd00, C4<0>, C4<0>;
L_0x561e9d70cee0 .functor OR 1, L_0x561e9d70cd50, L_0x561e9d70ce40, C4<0>, C4<0>;
L_0x561e9d70cff0 .functor OR 1, L_0x561e9d72cfd0, L_0x561e9d72d180, C4<0>, C4<0>;
L_0x561e9d70d060 .functor OR 1, L_0x561e9d72d330, L_0x561e9d72d4e0, C4<0>, C4<0>;
L_0x561e9d70d0d0 .functor OR 1, L_0x561e9d72d690, L_0x561e9d72d840, C4<0>, C4<0>;
L_0x561e9d70d330 .functor OR 1, L_0x561e9d72d9f0, L_0x561e9d72df20, C4<0>, C4<0>;
L_0x561e9d70e760 .functor OR 1, L_0x561e9d70d3f0, L_0x561e9d70e6c0, C4<0>, C4<0>;
L_0x561e9d70eb30 .functor OR 1, L_0x561e9d70e960, L_0x561e9d70ea90, C4<0>, C4<0>;
L_0x561e9d70edd0 .functor OR 1, L_0x561e9d70ec40, L_0x561e9d70ed30, C4<0>, C4<0>;
L_0x561e9d70deb0 .functor OR 1, L_0x561e9d72e2e0, L_0x561e9d72e6a0, C4<0>, C4<0>;
L_0x561e9d70df20 .functor OR 1, L_0x561e9d72ea60, L_0x561e9d72fdb0, C4<0>, C4<0>;
L_0x561e9d70df90 .functor OR 1, L_0x561e9d72efa0, L_0x561e9d72f360, C4<0>, C4<0>;
L_0x561e9d70e280 .functor OR 1, L_0x561e9d72f680, L_0x561e9d727050, C4<0>, C4<0>;
L_0x561e9d70e4d0 .functor OR 1, L_0x561e9d70e340, L_0x561e9d70e430, C4<0>, C4<0>;
L_0x561e9d70f950 .functor OR 1, L_0x561e9d70f780, L_0x561e9d70f8b0, C4<0>, C4<0>;
L_0x561e9d70fbf0 .functor OR 1, L_0x561e9d70fa60, L_0x561e9d70fb50, C4<0>, C4<0>;
L_0x561e9d70fd00 .functor OR 1, L_0x561e9d713320, L_0x561e9d7131d0, C4<0>, C4<0>;
L_0x561e9d70f010 .functor OR 1, L_0x561e9d713240, L_0x561e9d7132b0, C4<0>, C4<0>;
L_0x561e9d70f1b0 .functor OR 1, L_0x561e9d70fd00, L_0x561e9d70f110, C4<0>, C4<0>;
L_0x561e9d70f220 .functor OR 1, L_0x561e9d72fb30, L_0x561e9d72ffb0, C4<0>, C4<0>;
L_0x561e9d70f3d0 .functor OR 1, L_0x561e9d70f290, L_0x561e9d70f330, C4<0>, C4<0>;
L_0x561e9d70f4e0 .functor OR 1, L_0x561e9d730450, L_0x561e9d730600, C4<0>, C4<0>;
L_0x561e9d710720 .functor OR 1, L_0x561e9d70f550, L_0x561e9d70f5f0, C4<0>, C4<0>;
L_0x561e9d70fe90 .functor OR 1, L_0x561e9d730a50, L_0x561e9d730bb0, C4<0>, C4<0>;
L_0x561e9d710090 .functor OR 1, L_0x561e9d70ff00, L_0x561e9d70ffa0, C4<0>, C4<0>;
L_0x561e9d7101a0 .functor OR 1, L_0x561e9d731f90, L_0x561e9d732fd0, C4<0>, C4<0>;
L_0x561e9d7103a0 .functor OR 1, L_0x561e9d710210, L_0x561e9d7102b0, C4<0>, C4<0>;
L_0x561e9d7105f0 .functor OR 1, L_0x561e9d7104b0, L_0x561e9d710550, C4<0>, C4<0>;
L_0x561e9d710a00 .functor OR 1, L_0x561e9d7107e0, L_0x561e9d7108d0, C4<0>, C4<0>;
L_0x561e9d710c00 .functor OR 1, L_0x561e9d710ac0, L_0x561e9d710b60, C4<0>, C4<0>;
L_0x561e9d710d10 .functor OR 1, L_0x561e9d7147e0, L_0x561e9d713320, C4<0>, C4<0>;
L_0x561e9d710eb0 .functor OR 1, L_0x561e9d710e10, L_0x561e9d6fab80, C4<0>, C4<0>;
L_0x561e9d710f20 .functor OR 1, L_0x561e9d710eb0, L_0x561e9d7132b0, C4<0>, C4<0>;
L_0x561e9d711af0 .functor OR 1, L_0x561e9d7119b0, L_0x561e9d711a50, C4<0>, C4<0>;
L_0x561e9d711ca0 .functor OR 1, L_0x561e9d711af0, L_0x561e9d711c00, C4<0>, C4<0>;
L_0x561e9d711ee0 .functor OR 1, L_0x561e9d711da0, L_0x561e9d711e40, C4<0>, C4<0>;
L_0x561e9d7121c0 .functor OR 1, L_0x561e9d711ff0, L_0x561e9d712120, C4<0>, C4<0>;
L_0x561e9d7110c0 .functor OR 1, L_0x561e9d713390, L_0x561e9d7130c0, C4<0>, C4<0>;
L_0x561e9d711130 .functor OR 1, L_0x561e9d712280, L_0x561e9d712390, C4<0>, C4<0>;
L_0x561e9d711200 .functor OR 1, L_0x561e9d7124a0, L_0x561e9d7125b0, C4<0>, C4<0>;
L_0x561e9d7114f0 .functor OR 1, L_0x561e9d7126c0, L_0x561e9d7127d0, C4<0>, C4<0>;
L_0x561e9d711740 .functor OR 1, L_0x561e9d7115b0, L_0x561e9d7116a0, C4<0>, C4<0>;
L_0x561e9d711940 .functor OR 1, L_0x561e9d712bb0, L_0x561e9d712ce0, C4<0>, C4<0>;
L_0x561e9d712fb0 .functor OR 1, L_0x561e9d712e20, L_0x561e9d712f10, C4<0>, C4<0>;
L_0x561e9d7130c0 .functor NOT 1, L_0x561e9d6e3f90, C4<0>, C4<0>, C4<0>;
L_0x561e9d712280 .functor NOT 1, L_0x561e9d6e4760, C4<0>, C4<0>, C4<0>;
L_0x561e9d712390 .functor NOT 1, L_0x561e9d6e52d0, C4<0>, C4<0>, C4<0>;
L_0x561e9d7124a0 .functor NOT 1, L_0x561e9d6e57c0, C4<0>, C4<0>, C4<0>;
L_0x561e9d7125b0 .functor NOT 1, L_0x561e9d6e67a0, C4<0>, C4<0>, C4<0>;
L_0x561e9d7126c0 .functor NOT 1, L_0x561e9d6e74d0, C4<0>, C4<0>, C4<0>;
L_0x561e9d7127d0 .functor NOT 1, L_0x561e9d7072a0, C4<0>, C4<0>, C4<0>;
L_0x561e9d7128e0 .functor NOT 1, L_0x561e9d6e8300, C4<0>, C4<0>, C4<0>;
L_0x561e9d7129a0 .functor NOT 1, L_0x561e9d6e91e0, C4<0>, C4<0>, C4<0>;
L_0x561e9d712a60 .functor NOT 1, L_0x561e9d6e9da0, C4<0>, C4<0>, C4<0>;
L_0x561e9d712b20 .functor NOT 1, L_0x561e9d6ea8c0, C4<0>, C4<0>, C4<0>;
L_0x561e9d711270 .functor NOT 1, L_0x561e9d6ec0d0, C4<0>, C4<0>, C4<0>;
L_0x561e9d7145a0 .functor NOT 1, L_0x561e9d6ed950, C4<0>, C4<0>, C4<0>;
L_0x561e9d714660 .functor NOT 1, L_0x561e9d6eea10, C4<0>, C4<0>, C4<0>;
L_0x561e9d714720 .functor NOT 1, L_0x561e9d710c00, C4<0>, C4<0>, C4<0>;
L_0x561e9d7147e0 .functor NOT 1, L_0x561e9d6eeb50, C4<0>, C4<0>, C4<0>;
L_0x561e9d7131d0 .functor NOT 1, L_0x561e9d6ef360, C4<0>, C4<0>, C4<0>;
L_0x561e9d713240 .functor NOT 1, L_0x561e9d6efc00, C4<0>, C4<0>, C4<0>;
L_0x561e9d7132b0 .functor NOT 1, L_0x561e9d711ca0, C4<0>, C4<0>, C4<0>;
L_0x561e9d713320 .functor NOT 1, L_0x561e9d6f0490, C4<0>, C4<0>, C4<0>;
L_0x561e9d713390 .functor NOT 1, L_0x561e9d6fdf50, C4<0>, C4<0>, C4<0>;
L_0x561e9d713450 .functor AND 1, L_0x561e9d731150, v0x561e9d65e2f0_0, C4<1>, C4<1>;
L_0x561e9d7134c0 .functor NOT 1, L_0x561e9d6fcdb0, C4<0>, C4<0>, C4<0>;
L_0x561e9d7201d0 .functor AND 1, L_0x561e9d720130, L_0x561e9d713390, C4<1>, C4<1>;
L_0x561e9d720380 .functor AND 1, L_0x561e9d7202e0, L_0x561e9d7130c0, C4<1>, C4<1>;
L_0x561e9d720530 .functor AND 1, L_0x561e9d720490, L_0x561e9d712280, C4<1>, C4<1>;
L_0x561e9d7206e0 .functor AND 1, L_0x561e9d720640, L_0x561e9d712390, C4<1>, C4<1>;
L_0x561e9d715390 .functor AND 1, L_0x561e9d7152f0, L_0x561e9d7124a0, C4<1>, C4<1>;
L_0x561e9d715540 .functor AND 1, L_0x561e9d7154a0, L_0x561e9d7125b0, C4<1>, C4<1>;
L_0x561e9d7156f0 .functor AND 1, L_0x561e9d715650, L_0x561e9d7126c0, C4<1>, C4<1>;
L_0x561e9d7158a0 .functor AND 1, L_0x561e9d715800, L_0x561e9d7127d0, C4<1>, C4<1>;
L_0x561e9d715aa0 .functor AND 1, L_0x561e9d7159b0, L_0x561e9d713390, C4<1>, C4<1>;
L_0x561e9d721330 .functor AND 1, L_0x561e9d715bb0, L_0x561e9d7130c0, C4<1>, C4<1>;
L_0x561e9d721ee0 .functor AND 1, L_0x561e9d721e40, L_0x561e9d712280, C4<1>, C4<1>;
L_0x561e9d722120 .functor AND 1, L_0x561e9d722080, L_0x561e9d712390, C4<1>, C4<1>;
L_0x561e9d722230 .functor AND 1, L_0x561e9d720980, L_0x561e9d7124a0, C4<1>, C4<1>;
L_0x561e9d720bf0 .functor AND 1, L_0x561e9d720b50, L_0x561e9d7125b0, C4<1>, C4<1>;
L_0x561e9d720e30 .functor AND 1, L_0x561e9d720d90, L_0x561e9d7126c0, C4<1>, C4<1>;
L_0x561e9d721070 .functor AND 1, L_0x561e9d720fd0, L_0x561e9d7127d0, C4<1>, C4<1>;
L_0x561e9d7212b0 .functor AND 1, L_0x561e9d721210, L_0x561e9d713390, C4<1>, C4<1>;
L_0x561e9d721490 .functor AND 1, L_0x561e9d7213f0, L_0x561e9d7130c0, C4<1>, C4<1>;
L_0x561e9d721640 .functor AND 1, L_0x561e9d7215a0, L_0x561e9d712280, C4<1>, C4<1>;
L_0x561e9d7217f0 .functor AND 1, L_0x561e9d721750, L_0x561e9d712390, C4<1>, C4<1>;
L_0x561e9d7219a0 .functor AND 1, L_0x561e9d721900, L_0x561e9d7124a0, C4<1>, C4<1>;
L_0x561e9d721b50 .functor AND 1, L_0x561e9d721ab0, L_0x561e9d7125b0, C4<1>, C4<1>;
L_0x561e9d721d00 .functor AND 1, L_0x561e9d721c60, L_0x561e9d7126c0, C4<1>, C4<1>;
L_0x561e9d722df0 .functor AND 1, L_0x561e9d722d50, L_0x561e9d7127d0, C4<1>, C4<1>;
L_0x561e9d723a60 .functor AND 1, L_0x561e9d7239c0, L_0x561e9d713390, C4<1>, C4<1>;
L_0x561e9d723bc0 .functor AND 1, L_0x561e9d723b20, L_0x561e9d7130c0, C4<1>, C4<1>;
L_0x561e9d723c80 .functor AND 1, L_0x561e9d7222a0, L_0x561e9d712280, C4<1>, C4<1>;
L_0x561e9d722550 .functor AND 1, L_0x561e9d722420, L_0x561e9d712390, C4<1>, C4<1>;
L_0x561e9d722740 .functor AND 1, L_0x561e9d722610, L_0x561e9d7124a0, C4<1>, C4<1>;
L_0x561e9d722930 .functor AND 1, L_0x561e9d722800, L_0x561e9d7125b0, C4<1>, C4<1>;
L_0x561e9d722b20 .functor AND 1, L_0x561e9d7229f0, L_0x561e9d7126c0, C4<1>, C4<1>;
L_0x561e9d722f00 .functor AND 1, L_0x561e9d722be0, L_0x561e9d7127d0, C4<1>, C4<1>;
L_0x561e9d723060 .functor AND 1, L_0x561e9d722fc0, L_0x561e9d713390, C4<1>, C4<1>;
L_0x561e9d723210 .functor AND 1, L_0x561e9d723170, L_0x561e9d7130c0, C4<1>, C4<1>;
L_0x561e9d7233c0 .functor AND 1, L_0x561e9d723320, L_0x561e9d712280, C4<1>, C4<1>;
L_0x561e9d723570 .functor AND 1, L_0x561e9d7234d0, L_0x561e9d712390, C4<1>, C4<1>;
L_0x561e9d723720 .functor AND 1, L_0x561e9d723680, L_0x561e9d7124a0, C4<1>, C4<1>;
L_0x561e9d7238d0 .functor AND 1, L_0x561e9d723830, L_0x561e9d7125b0, C4<1>, C4<1>;
L_0x561e9d7248c0 .functor AND 1, L_0x561e9d724820, L_0x561e9d7126c0, C4<1>, C4<1>;
L_0x561e9d724a70 .functor AND 1, L_0x561e9d7249d0, L_0x561e9d7127d0, C4<1>, C4<1>;
L_0x561e9d725760 .functor AND 1, L_0x561e9d7256c0, L_0x561e9d713390, C4<1>, C4<1>;
L_0x561e9d723ea0 .functor AND 1, L_0x561e9d723e00, L_0x561e9d7130c0, C4<1>, C4<1>;
L_0x561e9d724160 .functor AND 1, L_0x561e9d7240c0, L_0x561e9d712280, C4<1>, C4<1>;
L_0x561e9d701a70 .functor AND 1, L_0x561e9d724380, L_0x561e9d712390, C4<1>, C4<1>;
L_0x561e9d7245d0 .functor AND 1, L_0x561e9d724530, L_0x561e9d7124a0, C4<1>, C4<1>;
L_0x561e9d724c20 .functor AND 1, L_0x561e9d724b80, L_0x561e9d7125b0, C4<1>, C4<1>;
L_0x561e9d724ee0 .functor AND 1, L_0x561e9d724e40, L_0x561e9d7126c0, C4<1>, C4<1>;
L_0x561e9d7251a0 .functor AND 1, L_0x561e9d725100, L_0x561e9d7127d0, C4<1>, C4<1>;
L_0x561e9d725460 .functor AND 1, L_0x561e9d7253c0, L_0x561e9d713390, C4<1>, C4<1>;
L_0x561e9d725610 .functor AND 1, L_0x561e9d725570, L_0x561e9d7130c0, C4<1>, C4<1>;
L_0x561e9d726450 .functor AND 1, L_0x561e9d7263b0, L_0x561e9d712280, C4<1>, C4<1>;
L_0x561e9d726600 .functor AND 1, L_0x561e9d726560, L_0x561e9d712390, C4<1>, C4<1>;
L_0x561e9d727350 .functor AND 1, L_0x561e9d7272b0, L_0x561e9d7124a0, C4<1>, C4<1>;
L_0x561e9d7258c0 .functor AND 1, L_0x561e9d725820, L_0x561e9d7125b0, C4<1>, C4<1>;
L_0x561e9d725a70 .functor AND 1, L_0x561e9d7259d0, L_0x561e9d7126c0, C4<1>, C4<1>;
L_0x561e9d703290 .functor AND 1, L_0x561e9d725b80, L_0x561e9d7127d0, C4<1>, C4<1>;
L_0x561e9d700210 .functor AND 1, L_0x561e9d725c20, L_0x561e9d713390, C4<1>, C4<1>;
L_0x561e9d6ff7e0 .functor AND 1, L_0x561e9d725e70, L_0x561e9d7130c0, C4<1>, C4<1>;
L_0x561e9d722340 .functor AND 1, L_0x561e9d7260c0, L_0x561e9d712280, C4<1>, C4<1>;
L_0x561e9d7224c0 .functor AND 1, L_0x561e9d726310, L_0x561e9d712390, C4<1>, C4<1>;
L_0x561e9d7226b0 .functor AND 1, L_0x561e9d7268c0, L_0x561e9d7124a0, C4<1>, C4<1>;
L_0x561e9d7228a0 .functor AND 1, L_0x561e9d726b10, L_0x561e9d7125b0, C4<1>, C4<1>;
L_0x561e9d722a90 .functor AND 1, L_0x561e9d726d60, L_0x561e9d7126c0, C4<1>, C4<1>;
L_0x561e9d722c80 .functor AND 1, L_0x561e9d726fb0, L_0x561e9d7127d0, C4<1>, C4<1>;
L_0x561e9d728010 .functor AND 1, L_0x561e9d7271b0, L_0x561e9d7132b0, C4<1>, C4<1>;
L_0x561e9d728210 .functor AND 1, L_0x561e9d728120, L_0x561e9d713240, C4<1>, C4<1>;
L_0x561e9d728fd0 .functor AND 1, L_0x561e9d728f30, L_0x561e9d713240, C4<1>, C4<1>;
L_0x561e9d727500 .functor AND 1, L_0x561e9d727410, L_0x561e9d70fd00, C4<1>, C4<1>;
L_0x561e9d7276b0 .functor AND 1, L_0x561e9d727610, L_0x561e9d7132b0, C4<1>, C4<1>;
L_0x561e9d704900 .functor AND 1, L_0x561e9d727770, L_0x561e9d713240, C4<1>, C4<1>;
L_0x561e9d7279c0 .functor AND 1, L_0x561e9d727920, L_0x561e9d70fd00, C4<1>, C4<1>;
L_0x561e9d727b20 .functor AND 1, L_0x561e9d727a80, L_0x561e9d7147e0, C4<1>, C4<1>;
L_0x561e9d727c80 .functor AND 1, L_0x561e9d727be0, L_0x561e9d7128e0, C4<1>, C4<1>;
L_0x561e9d727e30 .functor AND 1, L_0x561e9d727d90, L_0x561e9d7129a0, C4<1>, C4<1>;
L_0x561e9d727f90 .functor AND 1, L_0x561e9d727ef0, L_0x561e9d712a60, C4<1>, C4<1>;
L_0x561e9d7283c0 .functor AND 1, L_0x561e9d728320, L_0x561e9d712b20, C4<1>, C4<1>;
L_0x561e9d728520 .functor AND 1, L_0x561e9d728480, L_0x561e9d711270, C4<1>, C4<1>;
L_0x561e9d728680 .functor AND 1, L_0x561e9d7285e0, L_0x561e9d7145a0, C4<1>, C4<1>;
L_0x561e9d7287e0 .functor AND 1, L_0x561e9d728740, L_0x561e9d714660, C4<1>, C4<1>;
L_0x561e9d7289d0 .functor AND 1, L_0x561e9d728930, L_0x561e9d714720, C4<1>, C4<1>;
L_0x561e9d728bc0 .functor AND 1, L_0x561e9d728b20, L_0x561e9d7128e0, C4<1>, C4<1>;
L_0x561e9d728d20 .functor AND 1, L_0x561e9d728c80, L_0x561e9d7129a0, C4<1>, C4<1>;
L_0x561e9d729d70 .functor AND 1, L_0x561e9d728e30, L_0x561e9d712a60, C4<1>, C4<1>;
L_0x561e9d729f20 .functor AND 1, L_0x561e9d729e80, L_0x561e9d712b20, C4<1>, C4<1>;
L_0x561e9d72ad70 .functor AND 1, L_0x561e9d72acd0, L_0x561e9d711270, C4<1>, C4<1>;
L_0x561e9d72ae80 .functor AND 1, L_0x561e9d72ade0, L_0x561e9d7145a0, C4<1>, C4<1>;
L_0x561e9d729180 .functor AND 1, L_0x561e9d7290e0, L_0x561e9d714660, C4<1>, C4<1>;
L_0x561e9d729290 .functor AND 1, L_0x561e9d7291f0, L_0x561e9d714720, C4<1>, C4<1>;
L_0x561e9d729440 .functor AND 1, L_0x561e9d7293a0, L_0x561e9d7128e0, C4<1>, C4<1>;
L_0x561e9d7295f0 .functor AND 1, L_0x561e9d729550, L_0x561e9d7129a0, C4<1>, C4<1>;
L_0x561e9d7297a0 .functor AND 1, L_0x561e9d729700, L_0x561e9d712a60, C4<1>, C4<1>;
L_0x561e9d729950 .functor AND 1, L_0x561e9d7298b0, L_0x561e9d712b20, C4<1>, C4<1>;
L_0x561e9d729b00 .functor AND 1, L_0x561e9d729a60, L_0x561e9d711270, C4<1>, C4<1>;
L_0x561e9d729cb0 .functor AND 1, L_0x561e9d729c10, L_0x561e9d7145a0, C4<1>, C4<1>;
L_0x561e9d72a0d0 .functor AND 1, L_0x561e9d72a030, L_0x561e9d714660, C4<1>, C4<1>;
L_0x561e9d72a280 .functor AND 1, L_0x561e9d72a1e0, L_0x561e9d714720, C4<1>, C4<1>;
L_0x561e9d72a430 .functor AND 1, L_0x561e9d72a390, L_0x561e9d7128e0, C4<1>, C4<1>;
L_0x561e9d72a5e0 .functor AND 1, L_0x561e9d72a540, L_0x561e9d7129a0, C4<1>, C4<1>;
L_0x561e9d72a790 .functor AND 1, L_0x561e9d72a6f0, L_0x561e9d712a60, C4<1>, C4<1>;
L_0x561e9d72a940 .functor AND 1, L_0x561e9d72a8a0, L_0x561e9d712b20, C4<1>, C4<1>;
L_0x561e9d72aaf0 .functor AND 1, L_0x561e9d72aa50, L_0x561e9d711270, C4<1>, C4<1>;
L_0x561e9d72bc10 .functor AND 1, L_0x561e9d72ac00, L_0x561e9d7145a0, C4<1>, C4<1>;
L_0x561e9d72caf0 .functor AND 1, L_0x561e9d72ca50, L_0x561e9d714660, C4<1>, C4<1>;
L_0x561e9d72cc00 .functor AND 1, L_0x561e9d72cb60, L_0x561e9d714720, C4<1>, C4<1>;
L_0x561e9d72cd10 .functor AND 1, L_0x561e9d72cc70, L_0x561e9d7128e0, C4<1>, C4<1>;
L_0x561e9d72b0a0 .functor AND 1, L_0x561e9d72b000, L_0x561e9d7129a0, C4<1>, C4<1>;
L_0x561e9d72b2c0 .functor AND 1, L_0x561e9d72b220, L_0x561e9d712a60, C4<1>, C4<1>;
L_0x561e9d72b580 .functor AND 1, L_0x561e9d72b4e0, L_0x561e9d712b20, C4<1>, C4<1>;
L_0x561e9d72b840 .functor AND 1, L_0x561e9d72b7a0, L_0x561e9d711270, C4<1>, C4<1>;
L_0x561e9d72bb00 .functor AND 1, L_0x561e9d72ba60, L_0x561e9d7145a0, C4<1>, C4<1>;
L_0x561e9d72bed0 .functor AND 1, L_0x561e9d72be30, L_0x561e9d714660, C4<1>, C4<1>;
L_0x561e9d72c190 .functor AND 1, L_0x561e9d72c0f0, L_0x561e9d714720, C4<1>, C4<1>;
L_0x561e9d72c450 .functor AND 1, L_0x561e9d72c3b0, L_0x561e9d7128e0, C4<1>, C4<1>;
L_0x561e9d72c600 .functor AND 1, L_0x561e9d72c560, L_0x561e9d7129a0, C4<1>, C4<1>;
L_0x561e9d72c7b0 .functor AND 1, L_0x561e9d72c710, L_0x561e9d712a60, C4<1>, C4<1>;
L_0x561e9d72c960 .functor AND 1, L_0x561e9d72c8c0, L_0x561e9d712b20, C4<1>, C4<1>;
L_0x561e9d72dbc0 .functor AND 1, L_0x561e9d72db20, L_0x561e9d711270, C4<1>, C4<1>;
L_0x561e9d72dd70 .functor AND 1, L_0x561e9d72dcd0, L_0x561e9d7145a0, C4<1>, C4<1>;
L_0x561e9d72ecd0 .functor AND 1, L_0x561e9d72ec30, L_0x561e9d714660, C4<1>, C4<1>;
L_0x561e9d72ce20 .functor AND 1, L_0x561e9d72cd80, L_0x561e9d714720, C4<1>, C4<1>;
L_0x561e9d72cfd0 .functor AND 1, L_0x561e9d72cf30, L_0x561e9d7128e0, C4<1>, C4<1>;
L_0x561e9d72d180 .functor AND 1, L_0x561e9d72d0e0, L_0x561e9d7129a0, C4<1>, C4<1>;
L_0x561e9d72d330 .functor AND 1, L_0x561e9d72d290, L_0x561e9d712a60, C4<1>, C4<1>;
L_0x561e9d72d4e0 .functor AND 1, L_0x561e9d72d440, L_0x561e9d712b20, C4<1>, C4<1>;
L_0x561e9d72d690 .functor AND 1, L_0x561e9d72d5f0, L_0x561e9d711270, C4<1>, C4<1>;
L_0x561e9d72d840 .functor AND 1, L_0x561e9d72d7a0, L_0x561e9d7145a0, C4<1>, C4<1>;
L_0x561e9d72d9f0 .functor AND 1, L_0x561e9d72d950, L_0x561e9d714660, C4<1>, C4<1>;
L_0x561e9d72df20 .functor AND 1, L_0x561e9d72de80, L_0x561e9d714720, C4<1>, C4<1>;
L_0x561e9d72e2e0 .functor AND 1, L_0x561e9d72e030, L_0x561e9d7128e0, C4<1>, C4<1>;
L_0x561e9d72e6a0 .functor AND 1, L_0x561e9d72e3f0, L_0x561e9d7129a0, C4<1>, C4<1>;
L_0x561e9d72ea60 .functor AND 1, L_0x561e9d72e7b0, L_0x561e9d712a60, C4<1>, C4<1>;
L_0x561e9d72fdb0 .functor AND 1, L_0x561e9d72eb70, L_0x561e9d712b20, C4<1>, C4<1>;
L_0x561e9d72efa0 .functor AND 1, L_0x561e9d730ce0, L_0x561e9d711270, C4<1>, C4<1>;
L_0x561e9d72f360 .functor AND 1, L_0x561e9d72f0b0, L_0x561e9d7145a0, C4<1>, C4<1>;
L_0x561e9d72f680 .functor AND 1, L_0x561e9d730d80, L_0x561e9d714660, C4<1>, C4<1>;
L_0x561e9d727050 .functor AND 1, L_0x561e9d72f790, L_0x561e9d714720, C4<1>, C4<1>;
L_0x561e9d72fb30 .functor AND 1, L_0x561e9d72fa40, L_0x561e9d713320, C4<1>, C4<1>;
L_0x561e9d72ffb0 .functor AND 1, L_0x561e9d72ff10, L_0x561e9d7131d0, C4<1>, C4<1>;
L_0x561e9d7302a0 .functor AND 1, L_0x561e9d7301b0, L_0x561e9d713240, C4<1>, C4<1>;
L_0x561e9d730450 .functor AND 1, L_0x561e9d7303b0, L_0x561e9d713320, C4<1>, C4<1>;
L_0x561e9d730600 .functor AND 1, L_0x561e9d730560, L_0x561e9d7131d0, C4<1>, C4<1>;
L_0x561e9d7308a0 .functor AND 1, L_0x561e9d730800, L_0x561e9d713240, C4<1>, C4<1>;
L_0x561e9d730a50 .functor AND 1, L_0x561e9d7309b0, L_0x561e9d713320, C4<1>, C4<1>;
L_0x561e9d730bb0 .functor AND 1, L_0x561e9d730b10, L_0x561e9d7131d0, C4<1>, C4<1>;
L_0x561e9d731e30 .functor AND 1, L_0x561e9d731d90, L_0x561e9d713240, C4<1>, C4<1>;
L_0x561e9d731f90 .functor AND 1, L_0x561e9d731ef0, L_0x561e9d713320, C4<1>, C4<1>;
L_0x561e9d732fd0 .functor AND 1, L_0x561e9d732f30, L_0x561e9d7131d0, C4<1>, C4<1>;
L_0x561e9d730ec0 .functor AND 1, L_0x561e9d730e20, L_0x561e9d713240, C4<1>, C4<1>;
L_0x561e9d70fe00 .functor NOT 1, v0x561e9d666bd0_0, C4<0>, C4<0>, C4<0>;
L_0x561e9d730fd0 .functor NOT 1, L_0x561e9d6e3500, C4<0>, C4<0>, C4<0>;
L_0x561e9d731090 .functor NOT 1, L_0x561e9d6e3490, C4<0>, C4<0>, C4<0>;
L_0x561e9d731150 .functor NOT 1, v0x561e9d65f0a0_0, C4<0>, C4<0>, C4<0>;
L_0x561e9d749110 .functor BUFZ 1, L_0x561e9d6fab80, C4<0>, C4<0>, C4<0>;
L_0x561e9d749310 .functor BUFZ 1, L_0x561e9d6fab80, C4<0>, C4<0>, C4<0>;
L_0x561e9d749470 .functor BUFZ 1, L_0x561e9d711ca0, C4<0>, C4<0>, C4<0>;
L_0x561e9d735110 .functor BUFZ 1, L_0x561e9d6e2110, C4<0>, C4<0>, C4<0>;
v0x561e9d6854b0_0 .net "Add2_in", 7 0, v0x561e9d6df820_0;  1 drivers
v0x561e9d684700_0 .net "Add_SPI", 7 0, L_0x561e9d74c5d0;  1 drivers
v0x561e9d683950_0 .var "Add_SPI_reg[0]", 0 0;
v0x561e9d6839f0_0 .var "Add_SPI_reg[1]", 0 0;
v0x561e9d682ba0_0 .var "Add_SPI_reg[2]", 0 0;
v0x561e9d681df0_0 .var "Add_SPI_reg[3]", 0 0;
v0x561e9d681040_0 .var "Add_SPI_reg[4]", 0 0;
v0x561e9d680290_0 .var "Add_SPI_reg[5]", 0 0;
v0x561e9d67f4e0_0 .var "Add_SPI_reg[6]", 0 0;
v0x561e9d67e730_0 .var "BitCnt", 3 0;
v0x561e9d67d980_0 .net "CPHA", 0 0, v0x561e9d6df9a0_0;  1 drivers
v0x561e9d67cbd0_0 .var "CPHA_delay0", 0 0;
v0x561e9d67be20_0 .var "CPHA_latched", 0 0;
v0x561e9d67b070_0 .var "CPHA_metastable", 0 0;
v0x561e9d67a2c0_0 .net "CPOL", 0 0, v0x561e9d6dfaa0_0;  1 drivers
v0x561e9d679510_0 .var "CPOL_delay0", 0 0;
v0x561e9d678760_0 .var "CPOL_latched", 0 0;
v0x561e9d678800_0 .var "CPOL_metastable", 0 0;
v0x561e9d676c00_0 .net "Clk", 0 0, v0x561e9d6df900_0;  1 drivers
v0x561e9d675e50_0 .var "Data2_out", 7 0;
v0x561e9d6750a0_0 .var "DataToSend", 7 0;
v0x561e9d6742f0_0 .var "Data_fromSPI", 7 0;
v0x561e9d673540_0 .var "Data_toSPI", 7 0;
v0x561e9d672b70_0 .net "DriveEdge", 0 0, L_0x561e9d720040;  1 drivers
v0x561e9d671dc0_0 .net "LeadingEdge", 0 0, L_0x561e9d6e36d0;  1 drivers
v0x561e9d671010_0 .var "MISO", 0 0;
v0x561e9d670260_0 .net "MOSI", 0 0, v0x561e9d6dffe0_0;  1 drivers
v0x561e9d66f4b0_0 .var "MOSI_delay0", 0 0;
v0x561e9d66e700_0 .var "MOSI_metastable", 0 0;
v0x561e9d66d950_0 .var "ReceivedByte", 7 0;
v0x561e9d66cba0_0 .var "Register0", 7 0;
v0x561e9d66bdf0_0 .var "Register1", 7 0;
v0x561e9d66b040_0 .var "Register2", 7 0;
v0x561e9d66b0e0_0 .var "Register3", 7 0;
v0x561e9d66a290_0 .var "Register4", 7 0;
v0x561e9d6694e0_0 .var "Register5", 7 0;
v0x561e9d668730_0 .var "Register6", 7 0;
v0x561e9d667980_0 .var "Register7", 7 0;
v0x561e9d666bd0_0 .var "RnW", 0 0;
v0x561e9d665e20_0 .net "SCK", 0 0, v0x561e9d6e0300_0;  1 drivers
v0x561e9d665070_0 .var "SCK_delay0", 0 0;
v0x561e9d6642c0_0 .var "SCK_delay1", 0 0;
v0x561e9d663510_0 .var "SCK_metastable", 0 0;
v0x561e9d662760_0 .net "SCK_norm0", 0 0, L_0x561e9d6e3490;  1 drivers
v0x561e9d6619b0_0 .net "SCK_norm1", 0 0, L_0x561e9d6e3500;  1 drivers
v0x561e9d660c00_0 .var "SPI_State", 2 0;
v0x561e9d65fe50_0 .net "SSEL", 0 0, v0x561e9d6e03d0_0;  1 drivers
v0x561e9d65f0a0_0 .var "SSEL_delay0", 0 0;
v0x561e9d65e2f0_0 .var "SSEL_delay1", 0 0;
v0x561e9d65d540_0 .var "SSEL_metastable", 0 0;
v0x561e9d65c790_0 .net "SampleEdge", 0 0, L_0x561e9d71ff00;  1 drivers
v0x561e9d65b9e0_0 .net "TrailingEdge", 0 0, L_0x561e9d6e3790;  1 drivers
v0x561e9d65ac30_0 .var "WrEn", 0 0;
v0x561e9d659e80_0 .net "_0000_", 3 0, L_0x561e9d733c20;  1 drivers
v0x561e9d6590d0_0 .net "_0001_", 7 0, L_0x561e9d731ad0;  1 drivers
v0x561e9d658320_0 .net "_0002_", 7 0, L_0x561e9d718f70;  1 drivers
v0x561e9d657570_0 .net "_0003_", 7 0, L_0x561e9d71b320;  1 drivers
v0x561e9d6567c0_0 .net "_0004_", 2 0, L_0x561e9d732690;  1 drivers
v0x561e9d655a10_0 .net "_0005_", 0 0, L_0x561e9d7136b0;  1 drivers
v0x561e9d654c60_0 .net "_0006_", 7 0, L_0x561e9d74cdf0;  1 drivers
v0x561e9d653100_0 .net "_0007_", 0 0, L_0x561e9d70fd00;  1 drivers
v0x561e9d652350_0 .net "_0008_", 0 0, L_0x561e9d6fb240;  1 drivers
v0x561e9d6515a0_0 .net "_0009_", 0 0, L_0x561e9d6fb140;  1 drivers
v0x561e9d6507f0_0 .net "_0010_", 0 0, L_0x561e9d6fa230;  1 drivers
v0x561e9d64fca0_0 .net "_0011_", 0 0, L_0x561e9d6fa120;  1 drivers
v0x561e9d64fd40_0 .net "_0012_", 0 0, L_0x561e9d6f9810;  1 drivers
v0x561e9d64f150_0 .net "_0013_", 0 0, L_0x561e9d6f9610;  1 drivers
v0x561e9d64e600_0 .net "_0014_", 0 0, L_0x561e9d7147e0;  1 drivers
v0x561e9d64dab0_0 .net "_0015_", 0 0, L_0x561e9d6ef360;  1 drivers
v0x561e9d64cf60_0 .net "_0016_", 0 0, L_0x561e9d6efc00;  1 drivers
v0x561e9d64c410_0 .net "_0017_", 0 0, L_0x561e9d711ca0;  1 drivers
v0x561e9d64b8c0_0 .net "_0018_", 0 0, L_0x561e9d6f0490;  1 drivers
v0x561e9d64ab10_0 .net "_0019_", 0 0, L_0x561e9d6eeb50;  1 drivers
v0x561e9d649d60_0 .net "_0020_", 0 0, L_0x561e9d7131d0;  1 drivers
v0x561e9d648fb0_0 .net "_0021_", 0 0, L_0x561e9d713240;  1 drivers
v0x561e9d648200_0 .net "_0022_", 0 0, L_0x561e9d7132b0;  1 drivers
v0x561e9d647450_0 .net "_0023_", 0 0, L_0x561e9d713320;  1 drivers
v0x561e9d6466a0_0 .net "_0024_", 0 0, L_0x561e9d6fab80;  1 drivers
v0x561e9d6458f0_0 .net "_0025_", 0 0, L_0x561e9d6f1f20;  1 drivers
v0x561e9d644b40_0 .net "_0026_", 0 0, L_0x561e9d6f0910;  1 drivers
v0x561e9d643d90_0 .net "_0027_", 0 0, L_0x561e9d6fa730;  1 drivers
v0x561e9d642fe0_0 .net "_0028_", 0 0, L_0x561e9d6fa6c0;  1 drivers
v0x561e9d642230_0 .net "_0029_", 0 0, L_0x561e9d6f8680;  1 drivers
v0x561e9d641480_0 .net "_0030_", 0 0, L_0x561e9d6f8060;  1 drivers
v0x561e9d6406d0_0 .net "_0031_", 0 0, L_0x561e9d6f7b30;  1 drivers
v0x561e9d63f920_0 .net "_0032_", 0 0, L_0x561e9d6f6ad0;  1 drivers
v0x561e9d63eb70_0 .net "_0033_", 0 0, L_0x561e9d6f5d00;  1 drivers
v0x561e9d63ddc0_0 .net "_0034_", 0 0, L_0x561e9d6f52f0;  1 drivers
v0x561e9d63d010_0 .net "_0035_", 0 0, L_0x561e9d6f40b0;  1 drivers
v0x561e9d63c260_0 .net "_0036_", 0 0, L_0x561e9d6f3110;  1 drivers
v0x561e9d63b4b0_0 .net "_0037_", 0 0, L_0x561e9d6f2d50;  1 drivers
v0x561e9d63ab70_0 .net "_0038_", 0 0, L_0x561e9d6f2c80;  1 drivers
v0x561e9d63a230_0 .net "_0039_", 0 0, L_0x561e9d6f28d0;  1 drivers
v0x561e9d6398f0_0 .net "_0040_", 0 0, L_0x561e9d6f2800;  1 drivers
v0x561e9d638fb0_0 .net "_0041_", 0 0, L_0x561e9d6f2470;  1 drivers
v0x561e9d638670_0 .net "_0042_", 0 0, L_0x561e9d6f2400;  1 drivers
v0x561e9d637d30_0 .net "_0043_", 0 0, L_0x561e9d6f2080;  1 drivers
v0x561e9d6373f0_0 .net "_0044_", 0 0, L_0x561e9d6f17d0;  1 drivers
v0x561e9d636ab0_0 .net "_0045_", 0 0, L_0x561e9d6f0850;  1 drivers
v0x561e9d636170_0 .net "_0046_", 0 0, L_0x561e9d70fe00;  1 drivers
v0x561e9d635830_0 .net "_0047_", 0 0, L_0x561e9d6e0fb0;  1 drivers
v0x561e9d634ef0_0 .net "_0048_", 0 0, L_0x561e9d6e0cd0;  1 drivers
v0x561e9d6345b0_0 .net "_0049_", 0 0, L_0x561e9d6e12e0;  1 drivers
v0x561e9d633c70_0 .net "_0050_", 0 0, L_0x561e9d6e1530;  1 drivers
v0x561e9d632f50_0 .net "_0051_", 0 0, L_0x561e9d6e1950;  1 drivers
v0x561e9d632230_0 .net "_0052_", 0 0, L_0x561e9d6e1750;  1 drivers
v0x561e9d631510_0 .net "_0053_", 0 0, L_0x561e9d6e1b50;  1 drivers
v0x561e9d4e8330_0 .net "_0054_", 0 0, L_0x561e9d6e1d10;  1 drivers
v0x561e9d2be860_0 .net "_0055_", 0 0, L_0x561e9d6e1e70;  1 drivers
v0x561e9d523f20_0 .net "_0056_", 0 0, L_0x561e9d6e2070;  1 drivers
v0x561e9d523fe0_0 .net "_0057_", 0 0, L_0x561e9d6e2110;  1 drivers
v0x561e9d4cabd0_0 .net "_0058_", 0 0, L_0x561e9d6e2280;  1 drivers
v0x561e9d4cac90_0 .net "_0059_", 3 0, L_0x561e9d706bd0;  1 drivers
v0x561e9d51fef0_0 .net "_0060_", 1 0, L_0x561e9d706120;  1 drivers
v0x561e9d51ffd0_0 .net "_0061_", 3 0, L_0x561e9d748320;  1 drivers
v0x561e9d4ca300_0 .net "_0062_", 1 0, L_0x561e9d7496d0;  1 drivers
v0x561e9d4ca3e0_0 .net "_0063_", 3 0, L_0x561e9d737be0;  1 drivers
v0x561e9d51bec0_0 .net "_0064_", 1 0, L_0x561e9d7379b0;  1 drivers
v0x561e9d51bf80_0 .net "_0065_", 3 0, L_0x561e9d737550;  1 drivers
v0x561e9d4c9a60_0 .net "_0066_", 1 0, L_0x561e9d737320;  1 drivers
v0x561e9d4c9b40_0 .net "_0067_", 1 0, L_0x561e9d736ba0;  1 drivers
v0x561e9d517e90_0 .net "_0068_", 1 0, L_0x561e9d7363c0;  1 drivers
v0x561e9d517f50_0 .net "_0069_", 2 0, L_0x561e9d6eabf0;  1 drivers
v0x561e9d4c91c0_0 .net "_0070_", 1 0, L_0x561e9d6eb750;  1 drivers
v0x561e9d4c92a0_0 .net "_0071_", 2 0, L_0x561e9d737dc0;  1 drivers
v0x561e9d513e60_0 .net "_0072_", 1 0, L_0x561e9d737780;  1 drivers
v0x561e9d513f20_0 .net "_0073_", 2 0, L_0x561e9d736dd0;  1 drivers
v0x561e9d4c8920_0 .net "_0074_", 1 0, L_0x561e9d736820;  1 drivers
v0x561e9d4c8a00_0 .net "_0075_", 2 0, L_0x561e9d7361e0;  1 drivers
v0x561e9d50fe30_0 .net "_0076_", 1 0, L_0x561e9d735b50;  1 drivers
v0x561e9d50fef0_0 .net "_0077_", 2 0, L_0x561e9d734a80;  1 drivers
v0x561e9d4c8080_0 .net "_0078_", 1 0, L_0x561e9d734620;  1 drivers
v0x561e9d4c8160_0 .net "_0079_", 1 0, L_0x561e9d748b90;  1 drivers
v0x561e9d50beb0_0 .net "_0080_", 1 0, L_0x561e9d748500;  1 drivers
v0x561e9d50bf70_0 .net "_0081_", 0 0, L_0x561e9d711af0;  1 drivers
v0x561e9d50a1a0_0 .net "_0082_", 0 0, L_0x561e9d6ef1d0;  1 drivers
v0x561e9d50a260_0 .net "_0083_", 0 0, L_0x561e9d6efa50;  1 drivers
v0x561e9d4c77e0_0 .net "_0084_", 0 0, L_0x561e9d6eff80;  1 drivers
v0x561e9d4c78a0_0 .net "_0085_", 1 0, L_0x561e9d6f0d50;  1 drivers
v0x561e9d507b60_0 .net "_0086_", 0 0, L_0x561e9d6f1690;  1 drivers
v0x561e9d507c20_0 .net "_0087_", 0 0, L_0x561e9d6f8500;  1 drivers
v0x561e9d507760_0 .net "_0088_", 1 0, L_0x561e9d6f35b0;  1 drivers
v0x561e9d507840_0 .net "_0089_", 0 0, L_0x561e9d6f3c60;  1 drivers
v0x561e9d5068f0_0 .net "_0090_", 1 0, L_0x561e9d6f4550;  1 drivers
v0x561e9d5069d0_0 .net "_0091_", 0 0, L_0x561e9d6f4f50;  1 drivers
v0x561e9d506460_0 .net "_0092_", 1 0, L_0x561e9d6f6c20;  1 drivers
v0x561e9d506540_0 .net "_0093_", 0 0, L_0x561e9d6f5bf0;  1 drivers
v0x561e9d506000_0 .net "_0094_", 1 0, L_0x561e9d734850;  1 drivers
v0x561e9d5060e0_0 .net "_0095_", 0 0, L_0x561e9d6f6680;  1 drivers
v0x561e9d505ba0_0 .net "_0096_", 1 0, L_0x561e9d749530;  1 drivers
v0x561e9d505c80_0 .net "_0097_", 0 0, L_0x561e9d6f76a0;  1 drivers
v0x561e9d5057a0_0 .net "_0098_", 1 0, L_0x561e9d70eee0;  1 drivers
v0x561e9d505880_0 .net "_0099_", 0 0, L_0x561e9d6f9150;  1 drivers
v0x561e9d504ea0_0 .net "_0100_", 1 0, L_0x561e9d7491d0;  1 drivers
v0x561e9d504f80_0 .net "_0101_", 1 0, L_0x561e9d6fbd90;  1 drivers
v0x561e9d4c6f40_0 .net "_0102_", 1 0, L_0x561e9d748730;  1 drivers
v0x561e9d4c7020_0 .net "_0103_", 3 0, L_0x561e9d6fd6c0;  1 drivers
v0x561e9d5045d0_0 .net "_0104_", 1 0, L_0x561e9d6fe100;  1 drivers
v0x561e9d5046b0_0 .net "_0105_", 0 0, L_0x561e9d6ff550;  1 drivers
v0x561e9d5041a0_0 .net "_0106_", 3 0, L_0x561e9d6ff060;  1 drivers
v0x561e9d504280_0 .net "_0107_", 1 0, L_0x561e9d6ffeb0;  1 drivers
v0x561e9d502e00_0 .net "_0108_", 0 0, L_0x561e9d6ffbc0;  1 drivers
v0x561e9d502ec0_0 .net "_0109_", 3 0, L_0x561e9d7002a0;  1 drivers
v0x561e9d502970_0 .net "_0110_", 1 0, L_0x561e9d700cf0;  1 drivers
v0x561e9d502a50_0 .net "_0111_", 0 0, L_0x561e9d700910;  1 drivers
v0x561e9d502540_0 .net "_0112_", 3 0, L_0x561e9d7015d0;  1 drivers
v0x561e9d502620_0 .net "_0113_", 1 0, L_0x561e9d701230;  1 drivers
v0x561e9d501c10_0 .net "_0114_", 0 0, L_0x561e9d702120;  1 drivers
v0x561e9d501cb0_0 .net "_0115_", 3 0, L_0x561e9d701b00;  1 drivers
v0x561e9d5017e0_0 .net "_0116_", 1 0, L_0x561e9d702a40;  1 drivers
v0x561e9d5018c0_0 .net "_0117_", 0 0, L_0x561e9d702fd0;  1 drivers
v0x561e9d4fffe0_0 .net "_0118_", 3 0, L_0x561e9d703320;  1 drivers
v0x561e9d5000c0_0 .net "_0119_", 1 0, L_0x561e9d702570;  1 drivers
v0x561e9d4ffbb0_0 .net "_0120_", 0 0, L_0x561e9d7035b0;  1 drivers
v0x561e9d4ffc70_0 .net "_0121_", 3 0, L_0x561e9d703930;  1 drivers
v0x561e9d4fe810_0 .net "_0122_", 1 0, L_0x561e9d704030;  1 drivers
v0x561e9d4fe8f0_0 .net "_0123_", 0 0, L_0x561e9d704670;  1 drivers
v0x561e9d4fe3e0_0 .net "_0124_", 3 0, L_0x561e9d7050e0;  1 drivers
v0x561e9d4fe4c0_0 .net "_0125_", 1 0, L_0x561e9d704b70;  1 drivers
v0x561e9d4fd040_0 .net "_0126_", 0 0, L_0x561e9d705360;  1 drivers
v0x561e9d4fd0e0_0 .net "_0127_", 1 0, L_0x561e9d735fb0;  1 drivers
v0x561e9d4fcc10_0 .net "_0128_", 0 0, L_0x561e9d7072a0;  1 drivers
v0x561e9d4fccd0_0 .net "_0129_", 1 0, L_0x561e9d735d80;  1 drivers
v0x561e9d4fb3e0_0 .net "_0130_", 0 0, L_0x561e9d707400;  1 drivers
v0x561e9d4fb4a0_0 .net "_0131_", 1 0, L_0x561e9d707890;  1 drivers
v0x561e9d4fafb0_0 .net "_0132_", 0 0, L_0x561e9d707710;  1 drivers
v0x561e9d4fb070_0 .net "_0133_", 1 0, L_0x561e9d7356a0;  1 drivers
v0x561e9d4f9720_0 .net "_0134_", 0 0, L_0x561e9d7065c0;  1 drivers
v0x561e9d4f97e0_0 .net "_0135_", 1 0, L_0x561e9d706770;  1 drivers
v0x561e9d4f92c0_0 .net "_0136_", 0 0, L_0x561e9d708360;  1 drivers
v0x561e9d4f9380_0 .net "_0137_", 3 0, L_0x561e9d708730;  1 drivers
v0x561e9d4f8e60_0 .net "_0138_", 1 0, L_0x561e9d708010;  1 drivers
v0x561e9d4f8f40_0 .net "_0139_", 0 0, L_0x561e9d7091a0;  1 drivers
v0x561e9d4f8a00_0 .net "_0140_", 3 0, L_0x561e9d708900;  1 drivers
v0x561e9d4f8ae0_0 .net "_0141_", 1 0, L_0x561e9d708df0;  1 drivers
v0x561e9d4f85a0_0 .net "_0142_", 0 0, L_0x561e9d709eb0;  1 drivers
v0x561e9d4f8660_0 .net "_0143_", 3 0, L_0x561e9d70a110;  1 drivers
v0x561e9d4f8140_0 .net "_0144_", 1 0, L_0x561e9d7095c0;  1 drivers
v0x561e9d4f8220_0 .net "_0145_", 0 0, L_0x561e9d70abb0;  1 drivers
v0x561e9d4f7cb0_0 .net "_0146_", 3 0, L_0x561e9d70ae10;  1 drivers
v0x561e9d4f7d90_0 .net "_0147_", 1 0, L_0x561e9d70b300;  1 drivers
v0x561e9d4f7880_0 .net "_0148_", 0 0, L_0x561e9d70a650;  1 drivers
v0x561e9d4f7920_0 .net "_0149_", 3 0, L_0x561e9d70a8b0;  1 drivers
v0x561e9d4f7480_0 .net "_0150_", 1 0, L_0x561e9d70b5e0;  1 drivers
v0x561e9d4f7560_0 .net "_0151_", 0 0, L_0x561e9d70bb40;  1 drivers
v0x561e9d4f6b20_0 .net "_0152_", 3 0, L_0x561e9d70c850;  1 drivers
v0x561e9d4f6c00_0 .net "_0153_", 1 0, L_0x561e9d70bf40;  1 drivers
v0x561e9d4f66f0_0 .net "_0154_", 0 0, L_0x561e9d70c4a0;  1 drivers
v0x561e9d4f67b0_0 .net "_0155_", 3 0, L_0x561e9d70d590;  1 drivers
v0x561e9d4f4e30_0 .net "_0156_", 1 0, L_0x561e9d70dae0;  1 drivers
v0x561e9d4f4f10_0 .net "_0157_", 0 0, L_0x561e9d70cee0;  1 drivers
v0x561e9d4f49d0_0 .net "_0158_", 3 0, L_0x561e9d70d140;  1 drivers
v0x561e9d4f4ab0_0 .net "_0159_", 1 0, L_0x561e9d70e870;  1 drivers
v0x561e9d4f45a0_0 .net "_0160_", 0 0, L_0x561e9d70edd0;  1 drivers
v0x561e9d4f4640_0 .net "_0161_", 3 0, L_0x561e9d70e090;  1 drivers
v0x561e9d4f3ca0_0 .net "_0162_", 1 0, L_0x561e9d70e5e0;  1 drivers
v0x561e9d4f3d80_0 .net "_0163_", 0 0, L_0x561e9d70fbf0;  1 drivers
v0x561e9d4f3870_0 .net "_0164_", 0 0, L_0x561e9d70f1b0;  1 drivers
v0x561e9d4f3930_0 .net "_0165_", 1 0, L_0x561e9d7300c0;  1 drivers
v0x561e9d4f2f70_0 .net "_0166_", 0 0, L_0x561e9d70f3d0;  1 drivers
v0x561e9d4f3030_0 .net "_0167_", 1 0, L_0x561e9d730710;  1 drivers
v0x561e9d4f2670_0 .net "_0168_", 0 0, L_0x561e9d710720;  1 drivers
v0x561e9d4f2730_0 .net "_0169_", 1 0, L_0x561e9d731ca0;  1 drivers
v0x561e9d4f1d70_0 .net "_0170_", 0 0, L_0x561e9d710090;  1 drivers
v0x561e9d4f1e30_0 .net "_0171_", 1 0, L_0x561e9d733040;  1 drivers
v0x561e9d4f1440_0 .net "_0172_", 0 0, L_0x561e9d7103a0;  1 drivers
v0x561e9d4f1500_0 .net "_0173_", 1 0, L_0x561e9d7365f0;  1 drivers
v0x561e9d4f1010_0 .net "_0174_", 0 0, L_0x561e9d710c00;  1 drivers
v0x561e9d4f10d0_0 .net "_0175_", 1 0, L_0x561e9d748fd0;  1 drivers
v0x561e9d4ee8c0_0 .net "_0176_", 0 0, L_0x561e9d710eb0;  1 drivers
v0x561e9d4ee980_0 .net "_0177_", 0 0, L_0x561e9d710f20;  1 drivers
v0x561e9d4eb260_0 .net "_0178_", 1 0, L_0x561e9d748960;  1 drivers
v0x561e9d4eb340_0 .net "_0179_", 0 0, L_0x561e9d7121c0;  1 drivers
v0x561e9d60b370_0 .net "_0180_", 3 0, L_0x561e9d711300;  1 drivers
v0x561e9d60b450_0 .net "_0181_", 1 0, L_0x561e9d711850;  1 drivers
v0x561e9d60afd0_0 .net "_0182_", 0 0, L_0x561e9d712fb0;  1 drivers
v0x561e9d60b090_0 .net "_0183_", 1 0, L_0x561e9d735020;  1 drivers
v0x561e9d60ac30_0 .net "_0184_", 1 0, L_0x561e9d7493d0;  1 drivers
v0x561e9d60ad10_0 .net "_0185_", 0 0, L_0x561e9d6e3f90;  1 drivers
v0x561e9d609b10_0 .net "_0186_", 0 0, L_0x561e9d6e4760;  1 drivers
v0x561e9d609bd0_0 .net "_0187_", 0 0, L_0x561e9d6e52d0;  1 drivers
v0x561e9d609240_0 .net "_0188_", 0 0, L_0x561e9d6e57c0;  1 drivers
v0x561e9d609300_0 .net "_0189_", 0 0, L_0x561e9d6e67a0;  1 drivers
v0x561e9d608010_0 .net "_0190_", 0 0, L_0x561e9d6e74d0;  1 drivers
v0x561e9d6080d0_0 .net "_0191_", 0 0, L_0x561e9d6e8300;  1 drivers
v0x561e9d607740_0 .net "_0192_", 0 0, L_0x561e9d6e91e0;  1 drivers
v0x561e9d607800_0 .net "_0193_", 0 0, L_0x561e9d6e9da0;  1 drivers
v0x561e9d606510_0 .net "_0194_", 0 0, L_0x561e9d6ea8c0;  1 drivers
v0x561e9d6065d0_0 .net "_0195_", 0 0, L_0x561e9d6ec0d0;  1 drivers
v0x561e9d605c40_0 .net "_0196_", 0 0, L_0x561e9d6ed950;  1 drivers
v0x561e9d605d00_0 .net "_0197_", 0 0, L_0x561e9d6eea10;  1 drivers
v0x561e9d604a10_0 .net "_0198_", 0 0, L_0x561e9d6fcdb0;  1 drivers
v0x561e9d604ad0_0 .net "_0199_", 0 0, L_0x561e9d6fdf50;  1 drivers
v0x561e9d604140_0 .net "_0200_", 0 0, L_0x561e9d7201d0;  1 drivers
v0x561e9d604200_0 .net "_0201_", 0 0, L_0x561e9d720380;  1 drivers
v0x561e9d603870_0 .net "_0202_", 0 0, L_0x561e9d720530;  1 drivers
v0x561e9d603930_0 .net "_0203_", 0 0, L_0x561e9d7206e0;  1 drivers
v0x561e9d602fa0_0 .net "_0204_", 0 0, L_0x561e9d715390;  1 drivers
v0x561e9d603060_0 .net "_0205_", 0 0, L_0x561e9d715540;  1 drivers
v0x561e9d6026d0_0 .net "_0206_", 0 0, L_0x561e9d7156f0;  1 drivers
v0x561e9d602790_0 .net "_0207_", 0 0, L_0x561e9d7158a0;  1 drivers
v0x561e9d601e00_0 .net "_0208_", 0 0, L_0x561e9d715aa0;  1 drivers
v0x561e9d601ec0_0 .net "_0209_", 0 0, L_0x561e9d721330;  1 drivers
v0x561e9d601530_0 .net "_0210_", 0 0, L_0x561e9d721ee0;  1 drivers
v0x561e9d6015f0_0 .net "_0211_", 0 0, L_0x561e9d722120;  1 drivers
v0x561e9d600c60_0 .net "_0212_", 0 0, L_0x561e9d722230;  1 drivers
v0x561e9d600d20_0 .net "_0213_", 0 0, L_0x561e9d720bf0;  1 drivers
v0x561e9d600390_0 .net "_0214_", 0 0, L_0x561e9d720e30;  1 drivers
v0x561e9d600450_0 .net "_0215_", 0 0, L_0x561e9d721070;  1 drivers
v0x561e9d5ffac0_0 .net "_0216_", 0 0, L_0x561e9d7212b0;  1 drivers
v0x561e9d5ffb80_0 .net "_0217_", 0 0, L_0x561e9d721490;  1 drivers
v0x561e9d5ff1f0_0 .net "_0218_", 0 0, L_0x561e9d721640;  1 drivers
v0x561e9d5ff2b0_0 .net "_0219_", 0 0, L_0x561e9d7217f0;  1 drivers
v0x561e9d5fe920_0 .net "_0220_", 0 0, L_0x561e9d7219a0;  1 drivers
v0x561e9d5fe9e0_0 .net "_0221_", 0 0, L_0x561e9d721b50;  1 drivers
v0x561e9d5fe050_0 .net "_0222_", 0 0, L_0x561e9d721d00;  1 drivers
v0x561e9d5fe110_0 .net "_0223_", 0 0, L_0x561e9d722df0;  1 drivers
v0x561e9d5fd780_0 .net "_0224_", 0 0, L_0x561e9d723a60;  1 drivers
v0x561e9d5fd840_0 .net "_0225_", 0 0, L_0x561e9d723bc0;  1 drivers
v0x561e9d5fceb0_0 .net "_0226_", 0 0, L_0x561e9d723c80;  1 drivers
v0x561e9d5fcf70_0 .net "_0227_", 0 0, L_0x561e9d722550;  1 drivers
v0x561e9d5fc5e0_0 .net "_0228_", 0 0, L_0x561e9d722740;  1 drivers
v0x561e9d5fc6a0_0 .net "_0229_", 0 0, L_0x561e9d722930;  1 drivers
v0x561e9d5fbd10_0 .net "_0230_", 0 0, L_0x561e9d722b20;  1 drivers
v0x561e9d5fbdd0_0 .net "_0231_", 0 0, L_0x561e9d722f00;  1 drivers
v0x561e9d5fb440_0 .net "_0232_", 0 0, L_0x561e9d723060;  1 drivers
v0x561e9d5fb500_0 .net "_0233_", 0 0, L_0x561e9d723210;  1 drivers
v0x561e9d5fab70_0 .net "_0234_", 0 0, L_0x561e9d7233c0;  1 drivers
v0x561e9d5fac30_0 .net "_0235_", 0 0, L_0x561e9d723570;  1 drivers
v0x561e9d5fa2a0_0 .net "_0236_", 0 0, L_0x561e9d723720;  1 drivers
v0x561e9d5fa360_0 .net "_0237_", 0 0, L_0x561e9d7238d0;  1 drivers
v0x561e9d5f99d0_0 .net "_0238_", 0 0, L_0x561e9d7248c0;  1 drivers
v0x561e9d5f9a90_0 .net "_0239_", 0 0, L_0x561e9d724a70;  1 drivers
v0x561e9d5f9100_0 .net "_0240_", 0 0, L_0x561e9d725760;  1 drivers
v0x561e9d5f91c0_0 .net "_0241_", 0 0, L_0x561e9d723ea0;  1 drivers
v0x561e9d5f8830_0 .net "_0242_", 0 0, L_0x561e9d724160;  1 drivers
v0x561e9d5f88f0_0 .net "_0243_", 0 0, L_0x561e9d701a70;  1 drivers
v0x561e9d5f7f60_0 .net "_0244_", 0 0, L_0x561e9d7245d0;  1 drivers
v0x561e9d5f8020_0 .net "_0245_", 0 0, L_0x561e9d724c20;  1 drivers
v0x561e9d4e1c60_0 .net "_0246_", 0 0, L_0x561e9d724ee0;  1 drivers
v0x561e9d4e1d20_0 .net "_0247_", 0 0, L_0x561e9d7251a0;  1 drivers
v0x561e9d5f7690_0 .net "_0248_", 0 0, L_0x561e9d725460;  1 drivers
v0x561e9d5f7750_0 .net "_0249_", 0 0, L_0x561e9d725610;  1 drivers
v0x561e9d5f6dc0_0 .net "_0250_", 0 0, L_0x561e9d726450;  1 drivers
v0x561e9d5f6e80_0 .net "_0251_", 0 0, L_0x561e9d726600;  1 drivers
v0x561e9d5f64f0_0 .net "_0252_", 0 0, L_0x561e9d727350;  1 drivers
v0x561e9d5f65b0_0 .net "_0253_", 0 0, L_0x561e9d7258c0;  1 drivers
v0x561e9d5f5c20_0 .net "_0254_", 0 0, L_0x561e9d725a70;  1 drivers
v0x561e9d5f5ce0_0 .net "_0255_", 0 0, L_0x561e9d703290;  1 drivers
v0x561e9d5f5350_0 .net "_0256_", 0 0, L_0x561e9d700210;  1 drivers
v0x561e9d5f5410_0 .net "_0257_", 0 0, L_0x561e9d6ff7e0;  1 drivers
v0x561e9d5f4a80_0 .net "_0258_", 0 0, L_0x561e9d722340;  1 drivers
v0x561e9d5f4b40_0 .net "_0259_", 0 0, L_0x561e9d7224c0;  1 drivers
v0x561e9d5f41b0_0 .net "_0260_", 0 0, L_0x561e9d7226b0;  1 drivers
v0x561e9d5f4270_0 .net "_0261_", 0 0, L_0x561e9d7228a0;  1 drivers
v0x561e9d5f38e0_0 .net "_0262_", 0 0, L_0x561e9d722a90;  1 drivers
v0x561e9d5f39a0_0 .net "_0263_", 0 0, L_0x561e9d722c80;  1 drivers
v0x561e9d5f3010_0 .net "_0264_", 0 0, L_0x561e9d728010;  1 drivers
v0x561e9d5f30d0_0 .net "_0265_", 0 0, L_0x561e9d728210;  1 drivers
v0x561e9d5f2740_0 .net "_0266_", 0 0, L_0x561e9d727500;  1 drivers
v0x561e9d5f2800_0 .net "_0267_", 0 0, L_0x561e9d727b20;  1 drivers
v0x561e9d5f1e70_0 .net "_0268_", 0 0, L_0x561e9d7276b0;  1 drivers
v0x561e9d5f1f30_0 .net "_0269_", 0 0, L_0x561e9d728fd0;  1 drivers
v0x561e9d5f15a0_0 .net "_0270_", 0 0, L_0x561e9d704900;  1 drivers
v0x561e9d5f1660_0 .net "_0271_", 0 0, L_0x561e9d7279c0;  1 drivers
v0x561e9d5f0cd0_0 .net "_0272_", 0 0, L_0x561e9d727c80;  1 drivers
v0x561e9d5f0d90_0 .net "_0273_", 0 0, L_0x561e9d727e30;  1 drivers
v0x561e9d5f0400_0 .net "_0274_", 0 0, L_0x561e9d727f90;  1 drivers
v0x561e9d5f04c0_0 .net "_0275_", 0 0, L_0x561e9d7283c0;  1 drivers
v0x561e9d5efb30_0 .net "_0276_", 0 0, L_0x561e9d728520;  1 drivers
v0x561e9d5efbf0_0 .net "_0277_", 0 0, L_0x561e9d728680;  1 drivers
v0x561e9d5ef260_0 .net "_0278_", 0 0, L_0x561e9d7287e0;  1 drivers
v0x561e9d5ef320_0 .net "_0279_", 0 0, L_0x561e9d7289d0;  1 drivers
v0x561e9d5ee990_0 .net "_0280_", 0 0, L_0x561e9d728bc0;  1 drivers
v0x561e9d5eea50_0 .net "_0281_", 0 0, L_0x561e9d728d20;  1 drivers
v0x561e9d5ee0c0_0 .net "_0282_", 0 0, L_0x561e9d729d70;  1 drivers
v0x561e9d5ee180_0 .net "_0283_", 0 0, L_0x561e9d729f20;  1 drivers
v0x561e9d5ed7f0_0 .net "_0284_", 0 0, L_0x561e9d72ad70;  1 drivers
v0x561e9d5ed8b0_0 .net "_0285_", 0 0, L_0x561e9d72ae80;  1 drivers
v0x561e9d5ecf20_0 .net "_0286_", 0 0, L_0x561e9d729180;  1 drivers
v0x561e9d5ecfe0_0 .net "_0287_", 0 0, L_0x561e9d729290;  1 drivers
v0x561e9d5ec650_0 .net "_0288_", 0 0, L_0x561e9d729440;  1 drivers
v0x561e9d5ec710_0 .net "_0289_", 0 0, L_0x561e9d7295f0;  1 drivers
v0x561e9d5ebd80_0 .net "_0290_", 0 0, L_0x561e9d7297a0;  1 drivers
v0x561e9d5ebe40_0 .net "_0291_", 0 0, L_0x561e9d729950;  1 drivers
v0x561e9d5eb4b0_0 .net "_0292_", 0 0, L_0x561e9d729b00;  1 drivers
v0x561e9d5eb570_0 .net "_0293_", 0 0, L_0x561e9d729cb0;  1 drivers
v0x561e9d5eabe0_0 .net "_0294_", 0 0, L_0x561e9d72a0d0;  1 drivers
v0x561e9d5eaca0_0 .net "_0295_", 0 0, L_0x561e9d72a280;  1 drivers
v0x561e9d5ea310_0 .net "_0296_", 0 0, L_0x561e9d72a430;  1 drivers
v0x561e9d5ea3d0_0 .net "_0297_", 0 0, L_0x561e9d72a5e0;  1 drivers
v0x561e9d5e9a40_0 .net "_0298_", 0 0, L_0x561e9d72a790;  1 drivers
v0x561e9d5e9b00_0 .net "_0299_", 0 0, L_0x561e9d72a940;  1 drivers
v0x561e9d5e9170_0 .net "_0300_", 0 0, L_0x561e9d72aaf0;  1 drivers
v0x561e9d5e9230_0 .net "_0301_", 0 0, L_0x561e9d72bc10;  1 drivers
v0x561e9d5e88a0_0 .net "_0302_", 0 0, L_0x561e9d72caf0;  1 drivers
v0x561e9d5e8960_0 .net "_0303_", 0 0, L_0x561e9d72cc00;  1 drivers
v0x561e9d5e7fd0_0 .net "_0304_", 0 0, L_0x561e9d72cd10;  1 drivers
v0x561e9d5e8090_0 .net "_0305_", 0 0, L_0x561e9d72b0a0;  1 drivers
v0x561e9d5e7700_0 .net "_0306_", 0 0, L_0x561e9d72b2c0;  1 drivers
v0x561e9d5e77c0_0 .net "_0307_", 0 0, L_0x561e9d72b580;  1 drivers
v0x561e9d5e6e30_0 .net "_0308_", 0 0, L_0x561e9d72b840;  1 drivers
v0x561e9d5e6ef0_0 .net "_0309_", 0 0, L_0x561e9d72bb00;  1 drivers
v0x561e9d5e6560_0 .net "_0310_", 0 0, L_0x561e9d72bed0;  1 drivers
v0x561e9d5e6620_0 .net "_0311_", 0 0, L_0x561e9d72c190;  1 drivers
v0x561e9d5e5c90_0 .net "_0312_", 0 0, L_0x561e9d72c450;  1 drivers
v0x561e9d5e5d50_0 .net "_0313_", 0 0, L_0x561e9d72c600;  1 drivers
v0x561e9d5e53c0_0 .net "_0314_", 0 0, L_0x561e9d72c7b0;  1 drivers
v0x561e9d5e5480_0 .net "_0315_", 0 0, L_0x561e9d72c960;  1 drivers
v0x561e9d5e4af0_0 .net "_0316_", 0 0, L_0x561e9d72dbc0;  1 drivers
v0x561e9d5e4bb0_0 .net "_0317_", 0 0, L_0x561e9d72dd70;  1 drivers
v0x561e9d5e4220_0 .net "_0318_", 0 0, L_0x561e9d72ecd0;  1 drivers
v0x561e9d5e42e0_0 .net "_0319_", 0 0, L_0x561e9d72ce20;  1 drivers
v0x561e9d5e3950_0 .net "_0320_", 0 0, L_0x561e9d72cfd0;  1 drivers
v0x561e9d5e3a10_0 .net "_0321_", 0 0, L_0x561e9d72d180;  1 drivers
v0x561e9d5e3080_0 .net "_0322_", 0 0, L_0x561e9d72d330;  1 drivers
v0x561e9d5e3140_0 .net "_0323_", 0 0, L_0x561e9d72d4e0;  1 drivers
v0x561e9d5e27b0_0 .net "_0324_", 0 0, L_0x561e9d72d690;  1 drivers
v0x561e9d5e2870_0 .net "_0325_", 0 0, L_0x561e9d72d840;  1 drivers
v0x561e9d5e1ee0_0 .net "_0326_", 0 0, L_0x561e9d72d9f0;  1 drivers
v0x561e9d5e1fa0_0 .net "_0327_", 0 0, L_0x561e9d72df20;  1 drivers
v0x561e9d5e1610_0 .net "_0328_", 0 0, L_0x561e9d72e2e0;  1 drivers
v0x561e9d5e16d0_0 .net "_0329_", 0 0, L_0x561e9d72e6a0;  1 drivers
v0x561e9d5e0d40_0 .net "_0330_", 0 0, L_0x561e9d72ea60;  1 drivers
v0x561e9d5e0e00_0 .net "_0331_", 0 0, L_0x561e9d72fdb0;  1 drivers
v0x561e9d5e0470_0 .net "_0332_", 0 0, L_0x561e9d72efa0;  1 drivers
v0x561e9d5e0530_0 .net "_0333_", 0 0, L_0x561e9d72f360;  1 drivers
v0x561e9d5dfba0_0 .net "_0334_", 0 0, L_0x561e9d72f680;  1 drivers
v0x561e9d5dfc60_0 .net "_0335_", 0 0, L_0x561e9d727050;  1 drivers
v0x561e9d5df2d0_0 .net "_0336_", 0 0, L_0x561e9d72fb30;  1 drivers
v0x561e9d5df390_0 .net "_0337_", 0 0, L_0x561e9d72ffb0;  1 drivers
v0x561e9d5dea00_0 .net "_0338_", 0 0, L_0x561e9d730450;  1 drivers
v0x561e9d5deac0_0 .net "_0339_", 0 0, L_0x561e9d730600;  1 drivers
v0x561e9d5de130_0 .net "_0340_", 0 0, L_0x561e9d730a50;  1 drivers
v0x561e9d5de1f0_0 .net "_0341_", 0 0, L_0x561e9d730bb0;  1 drivers
v0x561e9d5dd860_0 .net "_0342_", 0 0, L_0x561e9d731f90;  1 drivers
v0x561e9d5dd920_0 .net "_0343_", 0 0, L_0x561e9d732fd0;  1 drivers
v0x561e9d5dcf90_0 .net "_0344_", 0 0, L_0x561e9d731150;  1 drivers
v0x561e9d6b2c70_0 .net "_0345_", 0 0, L_0x561e9d730fd0;  1 drivers
v0x561e9d6b2d50_0 .net "_0346_", 0 0, L_0x561e9d731090;  1 drivers
v0x561e9d6b2e30_0 .net "_0347_", 7 0, L_0x561e9d71d580;  1 drivers
v0x561e9d6b2f10_0 .net "_0348_", 3 0, L_0x561e9d71cdd0;  1 drivers
v0x561e9d6b2ff0_0 .net "_0349_", 3 0, L_0x561e9d74afb0;  1 drivers
v0x561e9d5dd050_0 .net "_0350_", 3 0, L_0x561e9d71df80;  1 drivers
v0x561e9d5dc6c0_0 .net "_0351_", 3 0, L_0x561e9d71ec80;  1 drivers
v0x561e9d5dc7a0_0 .net "_0352_", 3 0, L_0x561e9d71f710;  1 drivers
v0x561e9d4df4e0_0 .net "_0353_", 0 0, L_0x561e9d7128e0;  1 drivers
v0x561e9d4df5a0_0 .net "_0354_", 0 0, L_0x561e9d7129a0;  1 drivers
v0x561e9d5dbdf0_0 .net "_0355_", 0 0, L_0x561e9d712a60;  1 drivers
v0x561e9d5dbeb0_0 .net "_0356_", 0 0, L_0x561e9d712b20;  1 drivers
v0x561e9d5db520_0 .net "_0357_", 0 0, L_0x561e9d711270;  1 drivers
v0x561e9d5db5e0_0 .net "_0358_", 0 0, L_0x561e9d7145a0;  1 drivers
v0x561e9d5dac50_0 .net "_0359_", 0 0, L_0x561e9d714660;  1 drivers
v0x561e9d5dad10_0 .net "_0360_", 0 0, L_0x561e9d714720;  1 drivers
v0x561e9d5da380_0 .net "_0361_", 0 0, L_0x561e9d71faa0;  1 drivers
v0x561e9d5da440_0 .net "_0362_", 0 0, L_0x561e9d71fc80;  1 drivers
v0x561e9d5d9ab0_0 .net "_0363_", 0 0, L_0x561e9d71fdc0;  1 drivers
v0x561e9d5d9b70_0 .net "_0364_", 0 0, L_0x561e9d713390;  1 drivers
v0x561e9d5d91e0_0 .net "_0365_", 0 0, L_0x561e9d7130c0;  1 drivers
v0x561e9d5d92a0_0 .net "_0366_", 0 0, L_0x561e9d712280;  1 drivers
v0x561e9d5d8910_0 .net "_0367_", 0 0, L_0x561e9d712390;  1 drivers
v0x561e9d5d89d0_0 .net "_0368_", 0 0, L_0x561e9d7124a0;  1 drivers
v0x561e9d5d8040_0 .net "_0369_", 0 0, L_0x561e9d7125b0;  1 drivers
v0x561e9d5d8100_0 .net "_0370_", 0 0, L_0x561e9d7126c0;  1 drivers
v0x561e9d5d7770_0 .net "_0371_", 0 0, L_0x561e9d7127d0;  1 drivers
v0x561e9d5d7830_0 .net "_0372_", 2 0, L_0x561e9d74abf0;  1 drivers
v0x561e9d5d6ea0_0 .net "_0373_", 2 0, L_0x561e9d74a9c0;  1 drivers
v0x561e9d5d6f80_0 .net "_0374_", 2 0, L_0x561e9d74a650;  1 drivers
v0x561e9d5d65d0_0 .net "_0375_", 2 0, L_0x561e9d7351d0;  1 drivers
v0x561e9d5d66b0_0 .net "_0376_", 7 0, L_0x561e9d7333b0;  1 drivers
v0x561e9d5d5d00_0 .net "_0377_", 7 0, L_0x561e9d74b3c0;  1 drivers
v0x561e9d5d5de0_0 .net "_0378_", 7 0, L_0x561e9d74b7d0;  1 drivers
v0x561e9d5d5430_0 .net "_0379_", 7 0, L_0x561e9d74d590;  1 drivers
v0x561e9d5d5510_0 .net "_0380_", 7 0, L_0x561e9d74be30;  1 drivers
v0x561e9d5d4b60_0 .net "_0381_", 31 0, L_0x561e9d74cc10;  1 drivers
v0x561e9d5d4c20_0 .net "_0382_", 31 0, L_0x561e9d735880;  1 drivers
v0x561e9d5d4290_0 .net "_0383_", 31 0, L_0x561e9d7343f0;  1 drivers
v0x561e9d5d4350_0 .net *"_ivl_1000", 0 0, L_0x561e9d707ad0;  1 drivers
v0x561e9d5d39c0_0 .net *"_ivl_1002", 0 0, L_0x561e9d707360;  1 drivers
v0x561e9d5d3aa0_0 .net *"_ivl_1007", 0 0, L_0x561e9d707510;  1 drivers
v0x561e9d5d30f0_0 .net *"_ivl_101", 0 0, L_0x561e9d6e2350;  1 drivers
v0x561e9d5d31d0_0 .net *"_ivl_1010", 0 0, L_0x561e9d707580;  1 drivers
v0x561e9d5d2820_0 .net *"_ivl_1012", 0 0, L_0x561e9d707620;  1 drivers
v0x561e9d5d2900_0 .net *"_ivl_1017", 0 0, L_0x561e9d707820;  1 drivers
v0x561e9d5d1f50_0 .net *"_ivl_1022", 0 0, L_0x561e9d707980;  1 drivers
v0x561e9d5d2030_0 .net *"_ivl_1025", 0 0, L_0x561e9d706450;  1 drivers
v0x561e9d5d1680_0 .net *"_ivl_1027", 0 0, L_0x561e9d706520;  1 drivers
v0x561e9d5d1760_0 .net *"_ivl_103", 0 0, L_0x561e9d6e2490;  1 drivers
v0x561e9d5d0db0_0 .net *"_ivl_1032", 0 0, L_0x561e9d7066b0;  1 drivers
v0x561e9d5d0e90_0 .net *"_ivl_1037", 0 0, L_0x561e9d706860;  1 drivers
v0x561e9d5d04e0_0 .net *"_ivl_104", 0 0, L_0x561e9d6e2560;  1 drivers
v0x561e9d5d05c0_0 .net *"_ivl_1040", 0 0, L_0x561e9d7081d0;  1 drivers
v0x561e9d5cfc10_0 .net *"_ivl_1042", 0 0, L_0x561e9d7082c0;  1 drivers
v0x561e9d5cfcf0_0 .net *"_ivl_1047", 0 0, L_0x561e9d706970;  1 drivers
v0x561e9d5cf340_0 .net *"_ivl_1051", 0 0, L_0x561e9d708510;  1 drivers
v0x561e9d5cf420_0 .net *"_ivl_1055", 0 0, L_0x561e9d708620;  1 drivers
v0x561e9d5cea70_0 .net *"_ivl_1060", 0 0, L_0x561e9d707c10;  1 drivers
v0x561e9d5ceb50_0 .net *"_ivl_1065", 0 0, L_0x561e9d707d70;  1 drivers
v0x561e9d5ce1a0_0 .net *"_ivl_1067", 0 0, L_0x561e9d707e60;  1 drivers
v0x561e9d5ce280_0 .net *"_ivl_1068", 0 0, L_0x561e9d707f00;  1 drivers
v0x561e9d5cd8d0_0 .net *"_ivl_1074", 0 0, L_0x561e9d708100;  1 drivers
v0x561e9d5cd9b0_0 .net *"_ivl_1076", 0 0, L_0x561e9d708eb0;  1 drivers
v0x561e9d5cd000_0 .net *"_ivl_1077", 0 0, L_0x561e9d708f50;  1 drivers
v0x561e9d5cd0e0_0 .net *"_ivl_1080", 0 0, L_0x561e9d709060;  1 drivers
v0x561e9d5cc730_0 .net *"_ivl_1082", 0 0, L_0x561e9d709100;  1 drivers
v0x561e9d5cc810_0 .net *"_ivl_1087", 0 0, L_0x561e9d7092b0;  1 drivers
v0x561e9d5cbe60_0 .net *"_ivl_109", 0 0, L_0x561e9d6e2700;  1 drivers
v0x561e9d5cbf40_0 .net *"_ivl_1091", 0 0, L_0x561e9d708820;  1 drivers
v0x561e9d5cb590_0 .net *"_ivl_1095", 0 0, L_0x561e9d708890;  1 drivers
v0x561e9d5cb670_0 .net *"_ivl_11", 0 0, v0x561e9d682ba0_0;  1 drivers
v0x561e9d5cacc0_0 .net *"_ivl_1100", 0 0, L_0x561e9d708a90;  1 drivers
v0x561e9d5cada0_0 .net *"_ivl_1105", 0 0, L_0x561e9d708b50;  1 drivers
v0x561e9d5ca3f0_0 .net *"_ivl_1107", 0 0, L_0x561e9d708c40;  1 drivers
v0x561e9d5ca4d0_0 .net *"_ivl_1108", 0 0, L_0x561e9d708ce0;  1 drivers
v0x561e9d5c9b20_0 .net *"_ivl_111", 0 0, L_0x561e9d6e27a0;  1 drivers
v0x561e9d5c9c00_0 .net *"_ivl_1114", 0 0, L_0x561e9d709a40;  1 drivers
v0x561e9d5c9250_0 .net *"_ivl_1116", 0 0, L_0x561e9d709b70;  1 drivers
v0x561e9d5c9330_0 .net *"_ivl_1117", 0 0, L_0x561e9d709c10;  1 drivers
v0x561e9d5c8980_0 .net *"_ivl_112", 0 0, L_0x561e9d6e2420;  1 drivers
v0x561e9d5c8a60_0 .net *"_ivl_1120", 0 0, L_0x561e9d709d20;  1 drivers
v0x561e9d5c80b0_0 .net *"_ivl_1122", 0 0, L_0x561e9d709e10;  1 drivers
v0x561e9d5c8190_0 .net *"_ivl_1127", 0 0, L_0x561e9d709fc0;  1 drivers
v0x561e9d5c77e0_0 .net *"_ivl_1131", 0 0, L_0x561e9d70a030;  1 drivers
v0x561e9d5c78c0_0 .net *"_ivl_1135", 0 0, L_0x561e9d70a0a0;  1 drivers
v0x561e9d5c6f10_0 .net *"_ivl_1140", 0 0, L_0x561e9d70a250;  1 drivers
v0x561e9d5c6ff0_0 .net *"_ivl_1145", 0 0, L_0x561e9d709320;  1 drivers
v0x561e9d5c6640_0 .net *"_ivl_1147", 0 0, L_0x561e9d709410;  1 drivers
v0x561e9d5c6720_0 .net *"_ivl_1148", 0 0, L_0x561e9d7094b0;  1 drivers
v0x561e9d5c5d70_0 .net *"_ivl_1154", 0 0, L_0x561e9d7096b0;  1 drivers
v0x561e9d5c5e50_0 .net *"_ivl_1156", 0 0, L_0x561e9d7097e0;  1 drivers
v0x561e9d5c54a0_0 .net *"_ivl_1157", 0 0, L_0x561e9d709880;  1 drivers
v0x561e9d5c5580_0 .net *"_ivl_1160", 0 0, L_0x561e9d70aa20;  1 drivers
v0x561e9d5c4bd0_0 .net *"_ivl_1162", 0 0, L_0x561e9d70ab10;  1 drivers
v0x561e9d5c4cb0_0 .net *"_ivl_1167", 0 0, L_0x561e9d70acc0;  1 drivers
v0x561e9d5c4300_0 .net *"_ivl_117", 0 0, L_0x561e9d6e2910;  1 drivers
v0x561e9d5c43e0_0 .net *"_ivl_1171", 0 0, L_0x561e9d70ad30;  1 drivers
v0x561e9d5c3a30_0 .net *"_ivl_1175", 0 0, L_0x561e9d70ada0;  1 drivers
v0x561e9d5c3b10_0 .net *"_ivl_1180", 0 0, L_0x561e9d70afa0;  1 drivers
v0x561e9d5c3160_0 .net *"_ivl_1185", 0 0, L_0x561e9d70b060;  1 drivers
v0x561e9d5c3240_0 .net *"_ivl_1187", 0 0, L_0x561e9d70b150;  1 drivers
v0x561e9d5c2890_0 .net *"_ivl_1188", 0 0, L_0x561e9d70b1f0;  1 drivers
v0x561e9d5c2970_0 .net *"_ivl_119", 0 0, L_0x561e9d6e2a40;  1 drivers
v0x561e9d5c1fc0_0 .net *"_ivl_1194", 0 0, L_0x561e9d70b3f0;  1 drivers
v0x561e9d5c20a0_0 .net *"_ivl_1196", 0 0, L_0x561e9d70a310;  1 drivers
v0x561e9d5c16f0_0 .net *"_ivl_1197", 0 0, L_0x561e9d70a3b0;  1 drivers
v0x561e9d5c17d0_0 .net *"_ivl_120", 0 0, L_0x561e9d6e2b30;  1 drivers
v0x561e9d5c0e20_0 .net *"_ivl_1200", 0 0, L_0x561e9d70a4c0;  1 drivers
v0x561e9d5c0f00_0 .net *"_ivl_1202", 0 0, L_0x561e9d70a5b0;  1 drivers
v0x561e9d4dcd90_0 .net *"_ivl_1207", 0 0, L_0x561e9d70a760;  1 drivers
v0x561e9d4dce70_0 .net *"_ivl_1211", 0 0, L_0x561e9d70a7d0;  1 drivers
v0x561e9d5c0550_0 .net *"_ivl_1215", 0 0, L_0x561e9d70a840;  1 drivers
v0x561e9d5c0630_0 .net *"_ivl_1220", 0 0, L_0x561e9d70bcf0;  1 drivers
v0x561e9d5bfc80_0 .net *"_ivl_1225", 0 0, L_0x561e9d70bdb0;  1 drivers
v0x561e9d5bfd20_0 .net *"_ivl_1227", 0 0, L_0x561e9d70bea0;  1 drivers
v0x561e9d5bf3b0_0 .net *"_ivl_1228", 0 0, L_0x561e9d70b520;  1 drivers
v0x561e9d5bf490_0 .net *"_ivl_1234", 0 0, L_0x561e9d70b6d0;  1 drivers
v0x561e9d5beae0_0 .net *"_ivl_1236", 0 0, L_0x561e9d70b800;  1 drivers
v0x561e9d5bebc0_0 .net *"_ivl_1237", 0 0, L_0x561e9d70b8a0;  1 drivers
v0x561e9d5be210_0 .net *"_ivl_1240", 0 0, L_0x561e9d70b9b0;  1 drivers
v0x561e9d5be2f0_0 .net *"_ivl_1242", 0 0, L_0x561e9d70baa0;  1 drivers
v0x561e9d5bd940_0 .net *"_ivl_1247", 0 0, L_0x561e9d70bc50;  1 drivers
v0x561e9d5bda20_0 .net *"_ivl_125", 0 0, L_0x561e9d6e2d30;  1 drivers
v0x561e9d5bd070_0 .net *"_ivl_1251", 0 0, L_0x561e9d70c770;  1 drivers
v0x561e9d5bd150_0 .net *"_ivl_1255", 0 0, L_0x561e9d70c7e0;  1 drivers
v0x561e9d5bc740_0 .net *"_ivl_1260", 0 0, L_0x561e9d70c9f0;  1 drivers
v0x561e9d5bc820_0 .net *"_ivl_1265", 0 0, L_0x561e9d70cab0;  1 drivers
v0x561e9d5bbe10_0 .net *"_ivl_1267", 0 0, L_0x561e9d70cba0;  1 drivers
v0x561e9d5bbef0_0 .net *"_ivl_1268", 0 0, L_0x561e9d70cc40;  1 drivers
v0x561e9d5bb4e0_0 .net *"_ivl_127", 0 0, L_0x561e9d6e2e70;  1 drivers
v0x561e9d5bb5c0_0 .net *"_ivl_1274", 0 0, L_0x561e9d70c030;  1 drivers
v0x561e9d5babb0_0 .net *"_ivl_1276", 0 0, L_0x561e9d70c160;  1 drivers
v0x561e9d5bac90_0 .net *"_ivl_1277", 0 0, L_0x561e9d70c200;  1 drivers
v0x561e9d5ba280_0 .net *"_ivl_128", 0 0, L_0x561e9d6e2f10;  1 drivers
v0x561e9d5ba360_0 .net *"_ivl_1280", 0 0, L_0x561e9d70c310;  1 drivers
v0x561e9d5b9950_0 .net *"_ivl_1282", 0 0, L_0x561e9d70c400;  1 drivers
v0x561e9d5b9a30_0 .net *"_ivl_1287", 0 0, L_0x561e9d70c5b0;  1 drivers
v0x561e9d5b9020_0 .net *"_ivl_1291", 0 0, L_0x561e9d70c620;  1 drivers
v0x561e9d5b9100_0 .net *"_ivl_1295", 0 0, L_0x561e9d70d520;  1 drivers
v0x561e9d5b78c0_0 .net *"_ivl_1300", 0 0, L_0x561e9d70d780;  1 drivers
v0x561e9d5b79a0_0 .net *"_ivl_1305", 0 0, L_0x561e9d70d840;  1 drivers
v0x561e9d5b6be0_0 .net *"_ivl_1307", 0 0, L_0x561e9d70d930;  1 drivers
v0x561e9d5b6cc0_0 .net *"_ivl_1308", 0 0, L_0x561e9d70d9d0;  1 drivers
v0x561e9d4da640_0 .net *"_ivl_1314", 0 0, L_0x561e9d70dbd0;  1 drivers
v0x561e9d4da720_0 .net *"_ivl_1316", 0 0, L_0x561e9d70dd00;  1 drivers
v0x561e9d4d8390_0 .net *"_ivl_1317", 0 0, L_0x561e9d70dda0;  1 drivers
v0x561e9d4d8470_0 .net *"_ivl_1320", 0 0, L_0x561e9d70cd50;  1 drivers
v0x561e9d4d5c10_0 .net *"_ivl_1322", 0 0, L_0x561e9d70ce40;  1 drivers
v0x561e9d4d5cf0_0 .net *"_ivl_1327", 0 0, L_0x561e9d70cff0;  1 drivers
v0x561e9d573470_0 .net *"_ivl_133", 0 0, L_0x561e9d6e3020;  1 drivers
v0x561e9d573550_0 .net *"_ivl_1331", 0 0, L_0x561e9d70d060;  1 drivers
v0x561e9d571cf0_0 .net *"_ivl_1335", 0 0, L_0x561e9d70d0d0;  1 drivers
v0x561e9d571dd0_0 .net *"_ivl_1340", 0 0, L_0x561e9d70d330;  1 drivers
v0x561e9d571950_0 .net *"_ivl_1345", 0 0, L_0x561e9d70d3f0;  1 drivers
v0x561e9d571a30_0 .net *"_ivl_1347", 0 0, L_0x561e9d70e6c0;  1 drivers
v0x561e9d5715b0_0 .net *"_ivl_1348", 0 0, L_0x561e9d70e760;  1 drivers
v0x561e9d571690_0 .net *"_ivl_135", 0 0, L_0x561e9d6e2dd0;  1 drivers
v0x561e9d571210_0 .net *"_ivl_1354", 0 0, L_0x561e9d70e960;  1 drivers
v0x561e9d5712f0_0 .net *"_ivl_1356", 0 0, L_0x561e9d70ea90;  1 drivers
v0x561e9d570e70_0 .net *"_ivl_1357", 0 0, L_0x561e9d70eb30;  1 drivers
v0x561e9d570f50_0 .net *"_ivl_136", 0 0, L_0x561e9d6e3280;  1 drivers
v0x561e9d570ad0_0 .net *"_ivl_1360", 0 0, L_0x561e9d70ec40;  1 drivers
v0x561e9d570bb0_0 .net *"_ivl_1362", 0 0, L_0x561e9d70ed30;  1 drivers
v0x561e9d570730_0 .net *"_ivl_1367", 0 0, L_0x561e9d70deb0;  1 drivers
v0x561e9d570810_0 .net *"_ivl_1371", 0 0, L_0x561e9d70df20;  1 drivers
v0x561e9d4d3ed0_0 .net *"_ivl_1375", 0 0, L_0x561e9d70df90;  1 drivers
v0x561e9d4d3fb0_0 .net *"_ivl_1380", 0 0, L_0x561e9d70e280;  1 drivers
v0x561e9d570390_0 .net *"_ivl_1385", 0 0, L_0x561e9d70e340;  1 drivers
v0x561e9d570470_0 .net *"_ivl_1387", 0 0, L_0x561e9d70e430;  1 drivers
v0x561e9d56fff0_0 .net *"_ivl_1388", 0 0, L_0x561e9d70e4d0;  1 drivers
v0x561e9d5700d0_0 .net *"_ivl_1394", 0 0, L_0x561e9d70f780;  1 drivers
v0x561e9d56fc50_0 .net *"_ivl_1396", 0 0, L_0x561e9d70f8b0;  1 drivers
v0x561e9d56fd30_0 .net *"_ivl_1397", 0 0, L_0x561e9d70f950;  1 drivers
v0x561e9d56f8b0_0 .net *"_ivl_1400", 0 0, L_0x561e9d70fa60;  1 drivers
v0x561e9d56f990_0 .net *"_ivl_1402", 0 0, L_0x561e9d70fb50;  1 drivers
v0x561e9d56f510_0 .net *"_ivl_1410", 0 0, L_0x561e9d70f010;  1 drivers
v0x561e9d56f5f0_0 .net *"_ivl_1413", 0 0, L_0x561e9d70f110;  1 drivers
v0x561e9d56f170_0 .net *"_ivl_1418", 0 0, L_0x561e9d70f220;  1 drivers
v0x561e9d56f250_0 .net *"_ivl_1421", 0 0, L_0x561e9d70f290;  1 drivers
v0x561e9d56edd0_0 .net *"_ivl_1423", 0 0, L_0x561e9d70f330;  1 drivers
v0x561e9d56eeb0_0 .net *"_ivl_1428", 0 0, L_0x561e9d70f4e0;  1 drivers
v0x561e9d56ea30_0 .net *"_ivl_1431", 0 0, L_0x561e9d70f550;  1 drivers
v0x561e9d56eb10_0 .net *"_ivl_1433", 0 0, L_0x561e9d70f5f0;  1 drivers
v0x561e9d56e690_0 .net *"_ivl_1438", 0 0, L_0x561e9d70fe90;  1 drivers
v0x561e9d56e770_0 .net *"_ivl_1441", 0 0, L_0x561e9d70ff00;  1 drivers
v0x561e9d56e2f0_0 .net *"_ivl_1443", 0 0, L_0x561e9d70ffa0;  1 drivers
v0x561e9d56e3d0_0 .net *"_ivl_1448", 0 0, L_0x561e9d7101a0;  1 drivers
v0x561e9d56df50_0 .net *"_ivl_1451", 0 0, L_0x561e9d710210;  1 drivers
v0x561e9d56e030_0 .net *"_ivl_1453", 0 0, L_0x561e9d7102b0;  1 drivers
v0x561e9d56dbb0_0 .net *"_ivl_1459", 0 0, L_0x561e9d7104b0;  1 drivers
v0x561e9d56dc90_0 .net *"_ivl_1461", 0 0, L_0x561e9d710550;  1 drivers
v0x561e9d56d810_0 .net *"_ivl_1462", 0 0, L_0x561e9d7105f0;  1 drivers
v0x561e9d56d8f0_0 .net *"_ivl_1467", 0 0, L_0x561e9d7107e0;  1 drivers
v0x561e9d56d470_0 .net *"_ivl_1469", 0 0, L_0x561e9d7108d0;  1 drivers
v0x561e9d56d550_0 .net *"_ivl_1470", 0 0, L_0x561e9d710a00;  1 drivers
v0x561e9d56d080_0 .net *"_ivl_1473", 0 0, L_0x561e9d710ac0;  1 drivers
v0x561e9d56d160_0 .net *"_ivl_1475", 0 0, L_0x561e9d710b60;  1 drivers
v0x561e9d569050_0 .net *"_ivl_1480", 0 0, L_0x561e9d710d10;  1 drivers
v0x561e9d569130_0 .net *"_ivl_1483", 0 0, L_0x561e9d710e10;  1 drivers
v0x561e9d567370_0 .net *"_ivl_1489", 0 0, L_0x561e9d7119b0;  1 drivers
v0x561e9d567430_0 .net *"_ivl_149", 0 0, L_0x561e9d6e39a0;  1 drivers
v0x561e9d566aa0_0 .net *"_ivl_1491", 0 0, L_0x561e9d711a50;  1 drivers
v0x561e9d566b80_0 .net *"_ivl_1495", 0 0, L_0x561e9d711c00;  1 drivers
v0x561e9d565cd0_0 .net *"_ivl_15", 0 0, v0x561e9d681df0_0;  1 drivers
v0x561e9d565d90_0 .net *"_ivl_1501", 0 0, L_0x561e9d711da0;  1 drivers
v0x561e9d5658a0_0 .net *"_ivl_1503", 0 0, L_0x561e9d711e40;  1 drivers
v0x561e9d565980_0 .net *"_ivl_1504", 0 0, L_0x561e9d711ee0;  1 drivers
v0x561e9d564a00_0 .net *"_ivl_1507", 0 0, L_0x561e9d711ff0;  1 drivers
v0x561e9d564ae0_0 .net *"_ivl_1509", 0 0, L_0x561e9d712120;  1 drivers
v0x561e9d561de0_0 .net *"_ivl_151", 0 0, L_0x561e9d6e3b00;  1 drivers
v0x561e9d561ea0_0 .net *"_ivl_1514", 0 0, L_0x561e9d7110c0;  1 drivers
v0x561e9d560a10_0 .net *"_ivl_1518", 0 0, L_0x561e9d711130;  1 drivers
v0x561e9d560af0_0 .net *"_ivl_152", 0 0, L_0x561e9d6e3bf0;  1 drivers
v0x561e9d4d2160_0 .net *"_ivl_1522", 0 0, L_0x561e9d711200;  1 drivers
v0x561e9d4d2240_0 .net *"_ivl_1527", 0 0, L_0x561e9d7114f0;  1 drivers
v0x561e9d55f640_0 .net *"_ivl_1532", 0 0, L_0x561e9d7115b0;  1 drivers
v0x561e9d55f700_0 .net *"_ivl_1534", 0 0, L_0x561e9d7116a0;  1 drivers
v0x561e9d55e270_0 .net *"_ivl_1535", 0 0, L_0x561e9d711740;  1 drivers
v0x561e9d55e350_0 .net *"_ivl_1541", 0 0, L_0x561e9d712bb0;  1 drivers
v0x561e9d4d1d00_0 .net *"_ivl_1543", 0 0, L_0x561e9d712ce0;  1 drivers
v0x561e9d4d1de0_0 .net *"_ivl_1544", 0 0, L_0x561e9d711940;  1 drivers
v0x561e9d55cea0_0 .net *"_ivl_1547", 0 0, L_0x561e9d712e20;  1 drivers
v0x561e9d55cf60_0 .net *"_ivl_1549", 0 0, L_0x561e9d712f10;  1 drivers
v0x561e9d55c140_0 .net *"_ivl_155", 0 0, L_0x561e9d6e3d00;  1 drivers
v0x561e9d55c220_0 .net *"_ivl_157", 0 0, L_0x561e9d6e3e70;  1 drivers
v0x561e9d55bd10_0 .net *"_ivl_1596", 0 0, L_0x561e9d713450;  1 drivers
v0x561e9d55bdf0_0 .net *"_ivl_1600", 0 0, L_0x561e9d7134c0;  1 drivers
L_0x7f4c33044018 .functor BUFT 1, C4<0>, C4<0>, C4<0>, C4<0>;
v0x561e9d4d1870_0 .net/2u *"_ivl_1602", 0 0, L_0x7f4c33044018;  1 drivers
v0x561e9d4d1930_0 .net *"_ivl_1605", 0 0, L_0x561e9d713580;  1 drivers
L_0x7f4c33044060 .functor BUFT 1, C4<0>, C4<0>, C4<0>, C4<0>;
v0x561e9d557ce0_0 .net/2u *"_ivl_1610", 0 0, L_0x7f4c33044060;  1 drivers
L_0x7f4c330440a8 .functor BUFT 1, C4<x>, C4<0>, C4<0>, C4<0>;
v0x561e9d557dc0_0 .net *"_ivl_1612", 0 0, L_0x7f4c330440a8;  1 drivers
v0x561e9d553cb0_0 .net *"_ivl_1614", 0 0, L_0x561e9d7137a0;  1 drivers
L_0x7f4c330440f0 .functor BUFT 1, C4<x>, C4<0>, C4<0>, C4<0>;
v0x561e9d553d90_0 .net *"_ivl_1618", 0 0, L_0x7f4c330440f0;  1 drivers
L_0x7f4c33044138 .functor BUFT 1, C4<0>, C4<0>, C4<0>, C4<0>;
v0x561e9d54fc80_0 .net/2u *"_ivl_1620", 0 0, L_0x7f4c33044138;  1 drivers
v0x561e9d54fd40_0 .net *"_ivl_1622", 0 0, L_0x561e9d713980;  1 drivers
L_0x7f4c33044180 .functor BUFT 1, C4<x>, C4<0>, C4<0>, C4<0>;
v0x561e9d54bc50_0 .net *"_ivl_1626", 0 0, L_0x7f4c33044180;  1 drivers
v0x561e9d54bd30_0 .net *"_ivl_1629", 0 0, L_0x561e9d713ac0;  1 drivers
v0x561e9d547c20_0 .net *"_ivl_163", 0 0, L_0x561e9d6e41d0;  1 drivers
v0x561e9d547d00_0 .net *"_ivl_1630", 0 0, L_0x561e9d713bb0;  1 drivers
L_0x7f4c330441c8 .functor BUFT 1, C4<x>, C4<0>, C4<0>, C4<0>;
v0x561e9d6b30b0_0 .net *"_ivl_1634", 0 0, L_0x7f4c330441c8;  1 drivers
L_0x7f4c33044210 .functor BUFT 1, C4<1>, C4<0>, C4<0>, C4<0>;
v0x561e9d6b3170_0 .net/2u *"_ivl_1636", 0 0, L_0x7f4c33044210;  1 drivers
v0x561e9d6b3250_0 .net *"_ivl_1638", 0 0, L_0x561e9d713d30;  1 drivers
v0x561e9d6b3330_0 .net *"_ivl_1643", 0 0, L_0x561e9d713e70;  1 drivers
L_0x7f4c33044258 .functor BUFT 1, C4<1>, C4<0>, C4<0>, C4<0>;
v0x561e9d6b3410_0 .net/2u *"_ivl_1644", 0 0, L_0x7f4c33044258;  1 drivers
L_0x7f4c330442a0 .functor BUFT 1, C4<x>, C4<0>, C4<0>, C4<0>;
v0x561e9d6b34f0_0 .net *"_ivl_1646", 0 0, L_0x7f4c330442a0;  1 drivers
v0x561e9d6b35d0_0 .net *"_ivl_1648", 0 0, L_0x561e9d713ff0;  1 drivers
v0x561e9d6b36b0_0 .net *"_ivl_165", 0 0, L_0x561e9d6e4350;  1 drivers
v0x561e9d6b3790_0 .net *"_ivl_1653", 0 0, L_0x561e9d714130;  1 drivers
L_0x7f4c330442e8 .functor BUFT 1, C4<0>, C4<0>, C4<0>, C4<0>;
v0x561e9d6b3870_0 .net/2u *"_ivl_1654", 0 0, L_0x7f4c330442e8;  1 drivers
L_0x7f4c33044330 .functor BUFT 1, C4<x>, C4<0>, C4<0>, C4<0>;
v0x561e9d6b3950_0 .net *"_ivl_1656", 0 0, L_0x7f4c33044330;  1 drivers
v0x561e9d6b3a30_0 .net *"_ivl_1658", 0 0, L_0x561e9d7141d0;  1 drivers
v0x561e9d6b3b10_0 .net *"_ivl_166", 0 0, L_0x561e9d6e43f0;  1 drivers
v0x561e9d6b3bf0_0 .net *"_ivl_1663", 0 0, L_0x561e9d714360;  1 drivers
L_0x7f4c33044378 .functor BUFT 1, C4<x>, C4<0>, C4<0>, C4<0>;
v0x561e9d6b3cd0_0 .net *"_ivl_1664", 0 0, L_0x7f4c33044378;  1 drivers
v0x561e9d6b3db0_0 .net *"_ivl_1666", 0 0, L_0x561e9d714400;  1 drivers
v0x561e9d6b3e90_0 .net *"_ivl_1671", 0 0, L_0x561e9d7148a0;  1 drivers
L_0x7f4c330443c0 .functor BUFT 1, C4<x>, C4<0>, C4<0>, C4<0>;
v0x561e9d6b3f70_0 .net *"_ivl_1672", 0 0, L_0x7f4c330443c0;  1 drivers
v0x561e9d6b4050_0 .net *"_ivl_1674", 0 0, L_0x561e9d714990;  1 drivers
v0x561e9d6b6110_0 .net *"_ivl_1679", 0 0, L_0x561e9d714b10;  1 drivers
L_0x7f4c33044408 .functor BUFT 1, C4<x>, C4<0>, C4<0>, C4<0>;
v0x561e9d6b61b0_0 .net *"_ivl_1680", 0 0, L_0x7f4c33044408;  1 drivers
v0x561e9d6b6250_0 .net *"_ivl_1682", 0 0, L_0x561e9d714bb0;  1 drivers
v0x561e9d6b62f0_0 .net *"_ivl_1687", 0 0, L_0x561e9d714cf0;  1 drivers
L_0x7f4c33044450 .functor BUFT 1, C4<x>, C4<0>, C4<0>, C4<0>;
v0x561e9d6b6390_0 .net *"_ivl_1688", 0 0, L_0x7f4c33044450;  1 drivers
v0x561e9d6b6430_0 .net *"_ivl_169", 0 0, L_0x561e9d6e4500;  1 drivers
v0x561e9d6b64d0_0 .net *"_ivl_1690", 0 0, L_0x561e9d714e20;  1 drivers
v0x561e9d6b6570_0 .net *"_ivl_1695", 0 0, L_0x561e9d714f10;  1 drivers
L_0x7f4c33044498 .functor BUFT 1, C4<x>, C4<0>, C4<0>, C4<0>;
v0x561e9d6b6610_0 .net *"_ivl_1696", 0 0, L_0x7f4c33044498;  1 drivers
v0x561e9d6b66b0_0 .net *"_ivl_1698", 0 0, L_0x561e9d7150c0;  1 drivers
v0x561e9d6b6750_0 .net *"_ivl_1703", 0 0, L_0x561e9d715200;  1 drivers
L_0x7f4c330444e0 .functor BUFT 1, C4<x>, C4<0>, C4<0>, C4<0>;
v0x561e9d6b67f0_0 .net *"_ivl_1704", 0 0, L_0x7f4c330444e0;  1 drivers
v0x561e9d6b6890_0 .net *"_ivl_1706", 0 0, L_0x561e9d716750;  1 drivers
v0x561e9d6b6930_0 .net *"_ivl_171", 0 0, L_0x561e9d6e4690;  1 drivers
v0x561e9d6b69d0_0 .net *"_ivl_1711", 0 0, L_0x561e9d715e50;  1 drivers
L_0x7f4c33044528 .functor BUFT 1, C4<x>, C4<0>, C4<0>, C4<0>;
v0x561e9d6b6a70_0 .net *"_ivl_1712", 0 0, L_0x7f4c33044528;  1 drivers
v0x561e9d6b6b10_0 .net *"_ivl_1714", 0 0, L_0x561e9d715ef0;  1 drivers
v0x561e9d6b6bb0_0 .net *"_ivl_1719", 0 0, L_0x561e9d716030;  1 drivers
L_0x7f4c33044570 .functor BUFT 1, C4<x>, C4<0>, C4<0>, C4<0>;
v0x561e9d6b6c50_0 .net *"_ivl_1720", 0 0, L_0x7f4c33044570;  1 drivers
v0x561e9d6b6cf0_0 .net *"_ivl_1722", 0 0, L_0x561e9d7160d0;  1 drivers
v0x561e9d6b6d90_0 .net *"_ivl_1727", 0 0, L_0x561e9d716210;  1 drivers
L_0x7f4c330445b8 .functor BUFT 1, C4<x>, C4<0>, C4<0>, C4<0>;
v0x561e9d6b6e30_0 .net *"_ivl_1728", 0 0, L_0x7f4c330445b8;  1 drivers
v0x561e9d6b6ed0_0 .net *"_ivl_1730", 0 0, L_0x561e9d716300;  1 drivers
v0x561e9d6b6f70_0 .net *"_ivl_1735", 0 0, L_0x561e9d716440;  1 drivers
L_0x7f4c33044600 .functor BUFT 1, C4<x>, C4<0>, C4<0>, C4<0>;
v0x561e9d6b7010_0 .net *"_ivl_1736", 0 0, L_0x7f4c33044600;  1 drivers
v0x561e9d6b70b0_0 .net *"_ivl_1738", 0 0, L_0x561e9d7164e0;  1 drivers
v0x561e9d6b7150_0 .net *"_ivl_1743", 0 0, L_0x561e9d716620;  1 drivers
L_0x7f4c33044648 .functor BUFT 1, C4<x>, C4<0>, C4<0>, C4<0>;
v0x561e9d6b71f0_0 .net *"_ivl_1744", 0 0, L_0x7f4c33044648;  1 drivers
v0x561e9d6b7290_0 .net *"_ivl_1746", 0 0, L_0x561e9d7172f0;  1 drivers
v0x561e9d6b7330_0 .net *"_ivl_1751", 0 0, L_0x561e9d7167f0;  1 drivers
L_0x7f4c33044690 .functor BUFT 1, C4<x>, C4<0>, C4<0>, C4<0>;
v0x561e9d6b73d0_0 .net *"_ivl_1752", 0 0, L_0x7f4c33044690;  1 drivers
v0x561e9d6b7470_0 .net *"_ivl_1754", 0 0, L_0x561e9d716890;  1 drivers
v0x561e9d6b7510_0 .net *"_ivl_1759", 0 0, L_0x561e9d7169d0;  1 drivers
L_0x7f4c330446d8 .functor BUFT 1, C4<x>, C4<0>, C4<0>, C4<0>;
v0x561e9d6b75b0_0 .net *"_ivl_1760", 0 0, L_0x7f4c330446d8;  1 drivers
v0x561e9d6b7650_0 .net *"_ivl_1762", 0 0, L_0x561e9d716a70;  1 drivers
v0x561e9d6b76f0_0 .net *"_ivl_1767", 0 0, L_0x561e9d716bb0;  1 drivers
L_0x7f4c33044720 .functor BUFT 1, C4<x>, C4<0>, C4<0>, C4<0>;
v0x561e9d6b7790_0 .net *"_ivl_1768", 0 0, L_0x7f4c33044720;  1 drivers
v0x561e9d6b7830_0 .net *"_ivl_177", 0 0, L_0x561e9d6e40a0;  1 drivers
v0x561e9d6b78d0_0 .net *"_ivl_1770", 0 0, L_0x561e9d716c50;  1 drivers
v0x561e9d6b7970_0 .net *"_ivl_1775", 0 0, L_0x561e9d716d90;  1 drivers
v0x561e9d6b7a10_0 .net *"_ivl_1777", 0 0, L_0x561e9d716e30;  1 drivers
v0x561e9d6b7ab0_0 .net *"_ivl_1778", 0 0, L_0x561e9d716ed0;  1 drivers
v0x561e9d6b7b50_0 .net *"_ivl_178", 0 0, L_0x561e9d6e4140;  1 drivers
v0x561e9d6b7bf0_0 .net *"_ivl_1783", 0 0, L_0x561e9d717060;  1 drivers
v0x561e9d6b7c90_0 .net *"_ivl_1785", 0 0, L_0x561e9d717150;  1 drivers
v0x561e9d6b7d30_0 .net *"_ivl_1786", 0 0, L_0x561e9d717240;  1 drivers
v0x561e9d6b7dd0_0 .net *"_ivl_1791", 0 0, L_0x561e9d717fa0;  1 drivers
v0x561e9d6b7e70_0 .net *"_ivl_1793", 0 0, L_0x561e9d718040;  1 drivers
v0x561e9d6b7f10_0 .net *"_ivl_1794", 0 0, L_0x561e9d717390;  1 drivers
v0x561e9d6b7fb0_0 .net *"_ivl_1799", 0 0, L_0x561e9d717480;  1 drivers
v0x561e9d6b8050_0 .net *"_ivl_1801", 0 0, L_0x561e9d7175b0;  1 drivers
v0x561e9d6b80f0_0 .net *"_ivl_1802", 0 0, L_0x561e9d7176e0;  1 drivers
v0x561e9d6b8190_0 .net *"_ivl_1807", 0 0, L_0x561e9d717780;  1 drivers
v0x561e9d6b8230_0 .net *"_ivl_1809", 0 0, L_0x561e9d717820;  1 drivers
v0x561e9d6b82d0_0 .net *"_ivl_1810", 0 0, L_0x561e9d7178c0;  1 drivers
v0x561e9d6b8370_0 .net *"_ivl_1815", 0 0, L_0x561e9d717a00;  1 drivers
v0x561e9d6b8410_0 .net *"_ivl_1817", 0 0, L_0x561e9d717aa0;  1 drivers
v0x561e9d6b84b0_0 .net *"_ivl_1818", 0 0, L_0x561e9d717b40;  1 drivers
v0x561e9d6b8550_0 .net *"_ivl_1823", 0 0, L_0x561e9d717cb0;  1 drivers
v0x561e9d6b85f0_0 .net *"_ivl_1825", 0 0, L_0x561e9d717d50;  1 drivers
v0x561e9d6b8690_0 .net *"_ivl_1826", 0 0, L_0x561e9d717df0;  1 drivers
v0x561e9d6b8730_0 .net *"_ivl_183", 0 0, L_0x561e9d6e4b80;  1 drivers
v0x561e9d6b87d0_0 .net *"_ivl_1831", 0 0, L_0x561e9d718d60;  1 drivers
L_0x7f4c33044768 .functor BUFT 1, C4<x>, C4<0>, C4<0>, C4<0>;
v0x561e9d6b8870_0 .net *"_ivl_1832", 0 0, L_0x7f4c33044768;  1 drivers
v0x561e9d6b8910_0 .net *"_ivl_1834", 0 0, L_0x561e9d7180e0;  1 drivers
v0x561e9d6b89b0_0 .net *"_ivl_1839", 0 0, L_0x561e9d718250;  1 drivers
L_0x7f4c330447b0 .functor BUFT 1, C4<x>, C4<0>, C4<0>, C4<0>;
v0x561e9d6b8a50_0 .net *"_ivl_1840", 0 0, L_0x7f4c330447b0;  1 drivers
v0x561e9d6b8af0_0 .net *"_ivl_1842", 0 0, L_0x561e9d718340;  1 drivers
v0x561e9d6b8b90_0 .net *"_ivl_1847", 0 0, L_0x561e9d718480;  1 drivers
L_0x7f4c330447f8 .functor BUFT 1, C4<x>, C4<0>, C4<0>, C4<0>;
v0x561e9d6b8c30_0 .net *"_ivl_1848", 0 0, L_0x7f4c330447f8;  1 drivers
v0x561e9d6b8cd0_0 .net *"_ivl_185", 0 0, L_0x561e9d6e4c20;  1 drivers
v0x561e9d6b8d70_0 .net *"_ivl_1850", 0 0, L_0x561e9d718520;  1 drivers
v0x561e9d6b8e10_0 .net *"_ivl_1855", 0 0, L_0x561e9d7187a0;  1 drivers
L_0x7f4c33044840 .functor BUFT 1, C4<x>, C4<0>, C4<0>, C4<0>;
v0x561e9d6b8eb0_0 .net *"_ivl_1856", 0 0, L_0x7f4c33044840;  1 drivers
v0x561e9d6b8f50_0 .net *"_ivl_1858", 0 0, L_0x561e9d718840;  1 drivers
v0x561e9d6b8ff0_0 .net *"_ivl_186", 0 0, L_0x561e9d6e4e00;  1 drivers
v0x561e9d6b9090_0 .net *"_ivl_1863", 0 0, L_0x561e9d718960;  1 drivers
L_0x7f4c33044888 .functor BUFT 1, C4<x>, C4<0>, C4<0>, C4<0>;
v0x561e9d6b9130_0 .net *"_ivl_1864", 0 0, L_0x7f4c33044888;  1 drivers
v0x561e9d6b91d0_0 .net *"_ivl_1866", 0 0, L_0x561e9d718a00;  1 drivers
v0x561e9d6b9270_0 .net *"_ivl_1871", 0 0, L_0x561e9d718b70;  1 drivers
L_0x7f4c330448d0 .functor BUFT 1, C4<x>, C4<0>, C4<0>, C4<0>;
v0x561e9d6b9310_0 .net *"_ivl_1872", 0 0, L_0x7f4c330448d0;  1 drivers
v0x561e9d6b93b0_0 .net *"_ivl_1874", 0 0, L_0x561e9d718c10;  1 drivers
v0x561e9d6b9450_0 .net *"_ivl_1879", 0 0, L_0x561e9d719ae0;  1 drivers
L_0x7f4c33044918 .functor BUFT 1, C4<x>, C4<0>, C4<0>, C4<0>;
v0x561e9d6b94f0_0 .net *"_ivl_1880", 0 0, L_0x7f4c33044918;  1 drivers
v0x561e9d6b9590_0 .net *"_ivl_1882", 0 0, L_0x561e9d718e00;  1 drivers
v0x561e9d6b9630_0 .net *"_ivl_1888", 0 0, L_0x561e9d719290;  1 drivers
L_0x7f4c33044960 .functor BUFT 1, C4<x>, C4<0>, C4<0>, C4<0>;
v0x561e9d6b96d0_0 .net *"_ivl_1889", 0 0, L_0x7f4c33044960;  1 drivers
v0x561e9d6b9770_0 .net *"_ivl_189", 0 0, L_0x561e9d6e5040;  1 drivers
v0x561e9d6b9810_0 .net *"_ivl_1891", 0 0, L_0x561e9d719330;  1 drivers
L_0x7f4c330449a8 .functor BUFT 1, C4<x>, C4<0>, C4<0>, C4<0>;
v0x561e9d6b98b0_0 .net *"_ivl_1895", 0 0, L_0x7f4c330449a8;  1 drivers
v0x561e9d6b9950_0 .net *"_ivl_1898", 0 0, L_0x561e9d7194c0;  1 drivers
v0x561e9d6b99f0_0 .net *"_ivl_1899", 0 0, L_0x561e9d7195b0;  1 drivers
v0x561e9d6b9a90_0 .net *"_ivl_19", 0 0, v0x561e9d681040_0;  1 drivers
L_0x7f4c330449f0 .functor BUFT 1, C4<x>, C4<0>, C4<0>, C4<0>;
v0x561e9d6b9b30_0 .net *"_ivl_1903", 0 0, L_0x7f4c330449f0;  1 drivers
v0x561e9d6b9bd0_0 .net *"_ivl_1906", 0 0, L_0x561e9d7196f0;  1 drivers
v0x561e9d6b9c70_0 .net *"_ivl_1907", 0 0, L_0x561e9d719790;  1 drivers
v0x561e9d6b9d10_0 .net *"_ivl_191", 0 0, L_0x561e9d6e50e0;  1 drivers
L_0x7f4c33044a38 .functor BUFT 1, C4<x>, C4<0>, C4<0>, C4<0>;
v0x561e9d6b9db0_0 .net *"_ivl_1911", 0 0, L_0x7f4c33044a38;  1 drivers
v0x561e9d6b9e50_0 .net *"_ivl_1914", 0 0, L_0x561e9d7198d0;  1 drivers
v0x561e9d6b9ef0_0 .net *"_ivl_1915", 0 0, L_0x561e9d719970;  1 drivers
L_0x7f4c33044a80 .functor BUFT 1, C4<x>, C4<0>, C4<0>, C4<0>;
v0x561e9d6b9f90_0 .net *"_ivl_1919", 0 0, L_0x7f4c33044a80;  1 drivers
v0x561e9d6ba030_0 .net *"_ivl_1922", 0 0, L_0x561e9d71a870;  1 drivers
v0x561e9d6ba0d0_0 .net *"_ivl_1923", 0 0, L_0x561e9d71a910;  1 drivers
L_0x7f4c33044ac8 .functor BUFT 1, C4<x>, C4<0>, C4<0>, C4<0>;
v0x561e9d6ba170_0 .net *"_ivl_1927", 0 0, L_0x7f4c33044ac8;  1 drivers
v0x561e9d6ba210_0 .net *"_ivl_1930", 0 0, L_0x561e9d719c20;  1 drivers
v0x561e9d6ba2b0_0 .net *"_ivl_1931", 0 0, L_0x561e9d719cc0;  1 drivers
L_0x7f4c33044b10 .functor BUFT 1, C4<x>, C4<0>, C4<0>, C4<0>;
v0x561e9d6ba350_0 .net *"_ivl_1935", 0 0, L_0x7f4c33044b10;  1 drivers
v0x561e9d6ba3f0_0 .net *"_ivl_1938", 0 0, L_0x561e9d719e00;  1 drivers
v0x561e9d6ba490_0 .net *"_ivl_1939", 0 0, L_0x561e9d719ea0;  1 drivers
L_0x7f4c33044b58 .functor BUFT 1, C4<x>, C4<0>, C4<0>, C4<0>;
v0x561e9d6ba530_0 .net *"_ivl_1943", 0 0, L_0x7f4c33044b58;  1 drivers
v0x561e9d6ba5d0_0 .net *"_ivl_1946", 0 0, L_0x561e9d719fe0;  1 drivers
v0x561e9d6ba670_0 .net *"_ivl_1947", 0 0, L_0x561e9d71a190;  1 drivers
v0x561e9d6ba710_0 .net *"_ivl_1952", 0 0, L_0x561e9d71a2d0;  1 drivers
L_0x7f4c33044ba0 .functor BUFT 1, C4<x>, C4<0>, C4<0>, C4<0>;
v0x561e9d6ba7b0_0 .net *"_ivl_1953", 0 0, L_0x7f4c33044ba0;  1 drivers
v0x561e9d6ba850_0 .net *"_ivl_1955", 0 0, L_0x561e9d71a3a0;  1 drivers
v0x561e9d6ba8f0_0 .net *"_ivl_196", 0 0, L_0x561e9d6e53c0;  1 drivers
v0x561e9d6ba990_0 .net *"_ivl_1960", 0 0, L_0x561e9d71a510;  1 drivers
L_0x7f4c33044be8 .functor BUFT 1, C4<x>, C4<0>, C4<0>, C4<0>;
v0x561e9d6baa30_0 .net *"_ivl_1961", 0 0, L_0x7f4c33044be8;  1 drivers
v0x561e9d6baad0_0 .net *"_ivl_1963", 0 0, L_0x561e9d71a600;  1 drivers
v0x561e9d6bab70_0 .net *"_ivl_1968", 0 0, L_0x561e9d71a740;  1 drivers
L_0x7f4c33044c30 .functor BUFT 1, C4<x>, C4<0>, C4<0>, C4<0>;
v0x561e9d6bac10_0 .net *"_ivl_1969", 0 0, L_0x7f4c33044c30;  1 drivers
v0x561e9d6bacb0_0 .net *"_ivl_1971", 0 0, L_0x561e9d71b6b0;  1 drivers
v0x561e9d6bad50_0 .net *"_ivl_1976", 0 0, L_0x561e9d71ab60;  1 drivers
L_0x7f4c33044c78 .functor BUFT 1, C4<x>, C4<0>, C4<0>, C4<0>;
v0x561e9d6badf0_0 .net *"_ivl_1977", 0 0, L_0x7f4c33044c78;  1 drivers
v0x561e9d6bae90_0 .net *"_ivl_1979", 0 0, L_0x561e9d71ac00;  1 drivers
v0x561e9d6baf30_0 .net *"_ivl_1984", 0 0, L_0x561e9d71ad20;  1 drivers
L_0x7f4c33044cc0 .functor BUFT 1, C4<x>, C4<0>, C4<0>, C4<0>;
v0x561e9d6bafd0_0 .net *"_ivl_1985", 0 0, L_0x7f4c33044cc0;  1 drivers
v0x561e9d6bb070_0 .net *"_ivl_1987", 0 0, L_0x561e9d71adc0;  1 drivers
v0x561e9d6bb110_0 .net *"_ivl_1992", 0 0, L_0x561e9d71af30;  1 drivers
L_0x7f4c33044d08 .functor BUFT 1, C4<x>, C4<0>, C4<0>, C4<0>;
v0x561e9d6bb1b0_0 .net *"_ivl_1993", 0 0, L_0x7f4c33044d08;  1 drivers
v0x561e9d6bb250_0 .net *"_ivl_1995", 0 0, L_0x561e9d71afd0;  1 drivers
v0x561e9d6bb2f0_0 .net *"_ivl_2000", 0 0, L_0x561e9d71b140;  1 drivers
L_0x7f4c33044d50 .functor BUFT 1, C4<x>, C4<0>, C4<0>, C4<0>;
v0x561e9d6bb390_0 .net *"_ivl_2001", 0 0, L_0x7f4c33044d50;  1 drivers
v0x561e9d6bb430_0 .net *"_ivl_2003", 0 0, L_0x561e9d71b1e0;  1 drivers
v0x561e9d6bb4d0_0 .net *"_ivl_2009", 0 0, L_0x561e9d71c4a0;  1 drivers
v0x561e9d6bb570_0 .net *"_ivl_201", 0 0, L_0x561e9d6e5630;  1 drivers
L_0x7f4c33044d98 .functor BUFT 1, C4<x>, C4<0>, C4<0>, C4<0>;
v0x561e9d6bb610_0 .net *"_ivl_2010", 0 0, L_0x7f4c33044d98;  1 drivers
v0x561e9d6bb6f0_0 .net *"_ivl_2012", 0 0, L_0x561e9d71b750;  1 drivers
L_0x7f4c33044de0 .functor BUFT 1, C4<x>, C4<0>, C4<0>, C4<0>;
v0x561e9d6bb7d0_0 .net *"_ivl_2016", 0 0, L_0x7f4c33044de0;  1 drivers
v0x561e9d6bb8b0_0 .net *"_ivl_2018", 0 0, L_0x561e9d71b8e0;  1 drivers
v0x561e9d6bb990_0 .net *"_ivl_2023", 0 0, L_0x561e9d71ba20;  1 drivers
L_0x7f4c33044e28 .functor BUFT 1, C4<x>, C4<0>, C4<0>, C4<0>;
v0x561e9d6bba70_0 .net *"_ivl_2024", 0 0, L_0x7f4c33044e28;  1 drivers
v0x561e9d6bbb50_0 .net *"_ivl_2026", 0 0, L_0x561e9d71bac0;  1 drivers
v0x561e9d6bbc30_0 .net *"_ivl_203", 0 0, L_0x561e9d6e56d0;  1 drivers
v0x561e9d6bbd10_0 .net *"_ivl_2031", 0 0, L_0x561e9d71bc00;  1 drivers
L_0x7f4c33044e70 .functor BUFT 1, C4<x>, C4<0>, C4<0>, C4<0>;
v0x561e9d6bbdf0_0 .net *"_ivl_2032", 0 0, L_0x7f4c33044e70;  1 drivers
v0x561e9d6bbed0_0 .net *"_ivl_2034", 0 0, L_0x561e9d71bca0;  1 drivers
v0x561e9d6bbfb0_0 .net *"_ivl_2039", 0 0, L_0x561e9d71bd90;  1 drivers
v0x561e9d6bc090_0 .net *"_ivl_204", 0 0, L_0x561e9d6e58f0;  1 drivers
L_0x7f4c33044eb8 .functor BUFT 1, C4<x>, C4<0>, C4<0>, C4<0>;
v0x561e9d6bc170_0 .net *"_ivl_2040", 0 0, L_0x7f4c33044eb8;  1 drivers
v0x561e9d6bc250_0 .net *"_ivl_2042", 0 0, L_0x561e9d71be30;  1 drivers
v0x561e9d6bc330_0 .net *"_ivl_2047", 0 0, L_0x561e9d71bf70;  1 drivers
L_0x7f4c33044f00 .functor BUFT 1, C4<x>, C4<0>, C4<0>, C4<0>;
v0x561e9d6bc410_0 .net *"_ivl_2048", 0 0, L_0x7f4c33044f00;  1 drivers
v0x561e9d6bc4f0_0 .net *"_ivl_2050", 0 0, L_0x561e9d71c010;  1 drivers
v0x561e9d6bc5d0_0 .net *"_ivl_2055", 0 0, L_0x561e9d71c150;  1 drivers
L_0x7f4c33044f48 .functor BUFT 1, C4<x>, C4<0>, C4<0>, C4<0>;
v0x561e9d6bc6b0_0 .net *"_ivl_2056", 0 0, L_0x7f4c33044f48;  1 drivers
v0x561e9d6bc790_0 .net *"_ivl_2058", 0 0, L_0x561e9d71c1f0;  1 drivers
v0x561e9d6bc870_0 .net *"_ivl_2063", 0 0, L_0x561e9d71c330;  1 drivers
L_0x7f4c33044f90 .functor BUFT 1, C4<x>, C4<0>, C4<0>, C4<0>;
v0x561e9d6bc950_0 .net *"_ivl_2064", 0 0, L_0x7f4c33044f90;  1 drivers
v0x561e9d6bca30_0 .net *"_ivl_2066", 0 0, L_0x561e9d71c3d0;  1 drivers
v0x561e9d6bcb10_0 .net *"_ivl_207", 0 0, L_0x561e9d6e5a00;  1 drivers
v0x561e9d6bcbf0_0 .net *"_ivl_2072", 0 0, L_0x561e9d71d8a0;  1 drivers
L_0x7f4c33044fd8 .functor BUFT 1, C4<x>, C4<0>, C4<0>, C4<0>;
v0x561e9d6bccd0_0 .net *"_ivl_2073", 0 0, L_0x7f4c33044fd8;  1 drivers
v0x561e9d6bcdb0_0 .net *"_ivl_2075", 0 0, L_0x561e9d71c650;  1 drivers
v0x561e9d6bce90_0 .net *"_ivl_2080", 0 0, L_0x561e9d71c7e0;  1 drivers
L_0x7f4c33045020 .functor BUFT 1, C4<x>, C4<0>, C4<0>, C4<0>;
v0x561e9d6bcf70_0 .net *"_ivl_2081", 0 0, L_0x7f4c33045020;  1 drivers
v0x561e9d6bd050_0 .net *"_ivl_2083", 0 0, L_0x561e9d71c880;  1 drivers
v0x561e9d6bd130_0 .net *"_ivl_2088", 0 0, L_0x561e9d71c9c0;  1 drivers
L_0x7f4c33045068 .functor BUFT 1, C4<x>, C4<0>, C4<0>, C4<0>;
v0x561e9d6bd210_0 .net *"_ivl_2089", 0 0, L_0x7f4c33045068;  1 drivers
v0x561e9d6bd2f0_0 .net *"_ivl_209", 0 0, L_0x561e9d6e5aa0;  1 drivers
v0x561e9d6bd3d0_0 .net *"_ivl_2091", 0 0, L_0x561e9d71ca60;  1 drivers
v0x561e9d6bd4b0_0 .net *"_ivl_2096", 0 0, L_0x561e9d71cba0;  1 drivers
L_0x7f4c330450b0 .functor BUFT 1, C4<x>, C4<0>, C4<0>, C4<0>;
v0x561e9d6bd590_0 .net *"_ivl_2097", 0 0, L_0x7f4c330450b0;  1 drivers
v0x561e9d6bd670_0 .net *"_ivl_2099", 0 0, L_0x561e9d71cc90;  1 drivers
v0x561e9d6bd750_0 .net *"_ivl_2105", 0 0, L_0x561e9d71cf60;  1 drivers
L_0x7f4c330450f8 .functor BUFT 1, C4<x>, C4<0>, C4<0>, C4<0>;
v0x561e9d6bd830_0 .net *"_ivl_2106", 0 0, L_0x7f4c330450f8;  1 drivers
v0x561e9d6bd910_0 .net *"_ivl_2108", 0 0, L_0x561e9d71d000;  1 drivers
L_0x7f4c33045140 .functor BUFT 1, C4<1>, C4<0>, C4<0>, C4<0>;
v0x561e9d6bd9f0_0 .net/2u *"_ivl_2112", 0 0, L_0x7f4c33045140;  1 drivers
L_0x7f4c33045188 .functor BUFT 1, C4<x>, C4<0>, C4<0>, C4<0>;
v0x561e9d6bdad0_0 .net *"_ivl_2114", 0 0, L_0x7f4c33045188;  1 drivers
v0x561e9d6bdbb0_0 .net *"_ivl_2116", 0 0, L_0x561e9d71d190;  1 drivers
L_0x7f4c330451d0 .functor BUFT 1, C4<0>, C4<0>, C4<0>, C4<0>;
v0x561e9d6bdc90_0 .net/2u *"_ivl_2120", 0 0, L_0x7f4c330451d0;  1 drivers
L_0x7f4c33045218 .functor BUFT 1, C4<x>, C4<0>, C4<0>, C4<0>;
v0x561e9d6bdd70_0 .net *"_ivl_2122", 0 0, L_0x7f4c33045218;  1 drivers
v0x561e9d6bde50_0 .net *"_ivl_2124", 0 0, L_0x561e9d71d2d0;  1 drivers
v0x561e9d6bdf30_0 .net *"_ivl_2129", 0 0, L_0x561e9d71e780;  1 drivers
v0x561e9d6be010_0 .net *"_ivl_2131", 0 0, L_0x561e9d71e870;  1 drivers
v0x561e9d6be0f0_0 .net *"_ivl_2132", 0 0, L_0x561e9d71d940;  1 drivers
v0x561e9d6be1d0_0 .net *"_ivl_2137", 0 0, L_0x561e9d71da80;  1 drivers
v0x561e9d6be2b0_0 .net *"_ivl_2139", 0 0, L_0x561e9d71db20;  1 drivers
v0x561e9d6be390_0 .net *"_ivl_2140", 0 0, L_0x561e9d71dc10;  1 drivers
v0x561e9d6be470_0 .net *"_ivl_2145", 0 0, L_0x561e9d71dd50;  1 drivers
v0x561e9d6be550_0 .net *"_ivl_2147", 0 0, L_0x561e9d71ddf0;  1 drivers
v0x561e9d6be630_0 .net *"_ivl_2148", 0 0, L_0x561e9d71de90;  1 drivers
v0x561e9d6be710_0 .net *"_ivl_215", 0 0, L_0x561e9d6e5df0;  1 drivers
v0x561e9d6be7f0_0 .net *"_ivl_2154", 0 0, L_0x561e9d71e110;  1 drivers
v0x561e9d6be8d0_0 .net *"_ivl_2156", 0 0, L_0x561e9d71e1b0;  1 drivers
v0x561e9d6be9b0_0 .net *"_ivl_2157", 0 0, L_0x561e9d71e250;  1 drivers
v0x561e9d6bea90_0 .net *"_ivl_216", 0 0, L_0x561e9d6e5e90;  1 drivers
v0x561e9d6beb70_0 .net *"_ivl_2162", 0 0, L_0x561e9d71e390;  1 drivers
v0x561e9d6bec50_0 .net *"_ivl_2164", 0 0, L_0x561e9d71e480;  1 drivers
v0x561e9d6bed30_0 .net *"_ivl_2165", 0 0, L_0x561e9d71e520;  1 drivers
v0x561e9d6bee10_0 .net *"_ivl_2170", 0 0, L_0x561e9d71e660;  1 drivers
v0x561e9d6beef0_0 .net *"_ivl_2172", 0 0, L_0x561e9d71f7d0;  1 drivers
v0x561e9d6befd0_0 .net *"_ivl_2173", 0 0, L_0x561e9d71e910;  1 drivers
v0x561e9d6bf0b0_0 .net *"_ivl_2178", 0 0, L_0x561e9d71ea00;  1 drivers
v0x561e9d6bf190_0 .net *"_ivl_2180", 0 0, L_0x561e9d71eaa0;  1 drivers
v0x561e9d6bf270_0 .net *"_ivl_2181", 0 0, L_0x561e9d71eb40;  1 drivers
v0x561e9d6bf350_0 .net *"_ivl_2187", 0 0, L_0x561e9d71ee10;  1 drivers
v0x561e9d6bf430_0 .net *"_ivl_2189", 0 0, L_0x561e9d71eeb0;  1 drivers
v0x561e9d6bf510_0 .net *"_ivl_2190", 0 0, L_0x561e9d71ef50;  1 drivers
v0x561e9d6bf5f0_0 .net *"_ivl_2195", 0 0, L_0x561e9d71f0e0;  1 drivers
L_0x7f4c33045260 .functor BUFT 1, C4<0>, C4<0>, C4<0>, C4<0>;
v0x561e9d6bf6d0_0 .net/2u *"_ivl_2196", 0 0, L_0x7f4c33045260;  1 drivers
v0x561e9d6bf7b0_0 .net *"_ivl_2198", 0 0, L_0x561e9d71f1d0;  1 drivers
v0x561e9d6bf890_0 .net *"_ivl_2203", 0 0, L_0x561e9d71f310;  1 drivers
L_0x7f4c330452a8 .functor BUFT 1, C4<0>, C4<0>, C4<0>, C4<0>;
v0x561e9d6bf970_0 .net/2u *"_ivl_2204", 0 0, L_0x7f4c330452a8;  1 drivers
v0x561e9d6bfa50_0 .net *"_ivl_2206", 0 0, L_0x561e9d71f3b0;  1 drivers
v0x561e9d6bfb30_0 .net *"_ivl_221", 0 0, L_0x561e9d6e5f50;  1 drivers
v0x561e9d6bfc10_0 .net *"_ivl_2211", 0 0, L_0x561e9d71f4f0;  1 drivers
L_0x7f4c330452f0 .functor BUFT 1, C4<0>, C4<0>, C4<0>, C4<0>;
v0x561e9d6bfcf0_0 .net/2u *"_ivl_2212", 0 0, L_0x7f4c330452f0;  1 drivers
v0x561e9d6bfdd0_0 .net *"_ivl_2214", 0 0, L_0x561e9d71f620;  1 drivers
v0x561e9d6bfeb0_0 .net *"_ivl_2220", 0 0, L_0x561e9d720850;  1 drivers
L_0x7f4c33045338 .functor BUFT 1, C4<0>, C4<0>, C4<0>, C4<0>;
v0x561e9d6bff90_0 .net/2u *"_ivl_2221", 0 0, L_0x7f4c33045338;  1 drivers
v0x561e9d6c0070_0 .net *"_ivl_2223", 0 0, L_0x561e9d71f870;  1 drivers
v0x561e9d6c0150_0 .net *"_ivl_2226", 0 0, L_0x561e9d71fa00;  1 drivers
L_0x7f4c33045380 .functor BUFT 1, C4<x>, C4<0>, C4<0>, C4<0>;
v0x561e9d6c0230_0 .net *"_ivl_2227", 0 0, L_0x7f4c33045380;  1 drivers
v0x561e9d6c0310_0 .net *"_ivl_223", 0 0, L_0x561e9d6e6140;  1 drivers
v0x561e9d6c03f0_0 .net *"_ivl_2232", 0 0, L_0x561e9d71fbe0;  1 drivers
L_0x7f4c330453c8 .functor BUFT 1, C4<x>, C4<0>, C4<0>, C4<0>;
v0x561e9d6c04d0_0 .net *"_ivl_2233", 0 0, L_0x7f4c330453c8;  1 drivers
v0x561e9d6c05b0_0 .net *"_ivl_224", 0 0, L_0x561e9d6e6210;  1 drivers
v0x561e9d6c0690_0 .net *"_ivl_2244", 0 0, L_0x561e9d720130;  1 drivers
v0x561e9d6c0770_0 .net *"_ivl_2248", 0 0, L_0x561e9d7202e0;  1 drivers
v0x561e9d6c0850_0 .net *"_ivl_2252", 0 0, L_0x561e9d720490;  1 drivers
v0x561e9d6c0930_0 .net *"_ivl_2256", 0 0, L_0x561e9d720640;  1 drivers
v0x561e9d6c0a10_0 .net *"_ivl_2260", 0 0, L_0x561e9d7152f0;  1 drivers
v0x561e9d6c0af0_0 .net *"_ivl_2264", 0 0, L_0x561e9d7154a0;  1 drivers
v0x561e9d6c0bd0_0 .net *"_ivl_2268", 0 0, L_0x561e9d715650;  1 drivers
v0x561e9d6c0cb0_0 .net *"_ivl_227", 0 0, L_0x561e9d6e64d0;  1 drivers
v0x561e9d6c0d90_0 .net *"_ivl_2272", 0 0, L_0x561e9d715800;  1 drivers
v0x561e9d6c0e70_0 .net *"_ivl_2276", 0 0, L_0x561e9d7159b0;  1 drivers
v0x561e9d6c0f50_0 .net *"_ivl_2280", 0 0, L_0x561e9d715bb0;  1 drivers
v0x561e9d6c1030_0 .net *"_ivl_2284", 0 0, L_0x561e9d721e40;  1 drivers
v0x561e9d6c1110_0 .net *"_ivl_2288", 0 0, L_0x561e9d722080;  1 drivers
v0x561e9d6c11f0_0 .net *"_ivl_229", 0 0, L_0x561e9d6e66d0;  1 drivers
v0x561e9d6c12d0_0 .net *"_ivl_2292", 0 0, L_0x561e9d720980;  1 drivers
v0x561e9d6c13b0_0 .net *"_ivl_2296", 0 0, L_0x561e9d720b50;  1 drivers
v0x561e9d6c1490_0 .net *"_ivl_23", 0 0, v0x561e9d680290_0;  1 drivers
v0x561e9d6c1570_0 .net *"_ivl_2300", 0 0, L_0x561e9d720d90;  1 drivers
v0x561e9d6c1650_0 .net *"_ivl_2304", 0 0, L_0x561e9d720fd0;  1 drivers
v0x561e9d6c1730_0 .net *"_ivl_2308", 0 0, L_0x561e9d721210;  1 drivers
v0x561e9d6c1810_0 .net *"_ivl_2312", 0 0, L_0x561e9d7213f0;  1 drivers
v0x561e9d6c18f0_0 .net *"_ivl_2316", 0 0, L_0x561e9d7215a0;  1 drivers
v0x561e9d6c19d0_0 .net *"_ivl_2320", 0 0, L_0x561e9d721750;  1 drivers
v0x561e9d6c1ab0_0 .net *"_ivl_2324", 0 0, L_0x561e9d721900;  1 drivers
v0x561e9d6c1b90_0 .net *"_ivl_2328", 0 0, L_0x561e9d721ab0;  1 drivers
v0x561e9d6c1c70_0 .net *"_ivl_2332", 0 0, L_0x561e9d721c60;  1 drivers
v0x561e9d6c1d50_0 .net *"_ivl_2336", 0 0, L_0x561e9d722d50;  1 drivers
v0x561e9d6c1e30_0 .net *"_ivl_2340", 0 0, L_0x561e9d7239c0;  1 drivers
v0x561e9d6c1f10_0 .net *"_ivl_2344", 0 0, L_0x561e9d723b20;  1 drivers
v0x561e9d6c1ff0_0 .net *"_ivl_2348", 0 0, L_0x561e9d7222a0;  1 drivers
v0x561e9d6c20d0_0 .net *"_ivl_235", 0 0, L_0x561e9d6e68e0;  1 drivers
v0x561e9d6c21b0_0 .net *"_ivl_2352", 0 0, L_0x561e9d722420;  1 drivers
v0x561e9d6c2290_0 .net *"_ivl_2356", 0 0, L_0x561e9d722610;  1 drivers
v0x561e9d6c2370_0 .net *"_ivl_236", 0 0, L_0x561e9d6e6af0;  1 drivers
v0x561e9d6c2450_0 .net *"_ivl_2360", 0 0, L_0x561e9d722800;  1 drivers
v0x561e9d6c2530_0 .net *"_ivl_2364", 0 0, L_0x561e9d7229f0;  1 drivers
v0x561e9d6c2610_0 .net *"_ivl_2368", 0 0, L_0x561e9d722be0;  1 drivers
v0x561e9d6c26f0_0 .net *"_ivl_2372", 0 0, L_0x561e9d722fc0;  1 drivers
v0x561e9d6c27d0_0 .net *"_ivl_2376", 0 0, L_0x561e9d723170;  1 drivers
v0x561e9d6c28b0_0 .net *"_ivl_2380", 0 0, L_0x561e9d723320;  1 drivers
v0x561e9d6c2990_0 .net *"_ivl_2384", 0 0, L_0x561e9d7234d0;  1 drivers
v0x561e9d6c2a70_0 .net *"_ivl_2388", 0 0, L_0x561e9d723680;  1 drivers
v0x561e9d6c2b50_0 .net *"_ivl_2392", 0 0, L_0x561e9d723830;  1 drivers
v0x561e9d6c2c30_0 .net *"_ivl_2396", 0 0, L_0x561e9d724820;  1 drivers
v0x561e9d6c2d10_0 .net *"_ivl_2400", 0 0, L_0x561e9d7249d0;  1 drivers
v0x561e9d6c2df0_0 .net *"_ivl_2404", 0 0, L_0x561e9d7256c0;  1 drivers
v0x561e9d6c2ed0_0 .net *"_ivl_2408", 0 0, L_0x561e9d723e00;  1 drivers
v0x561e9d6c2fb0_0 .net *"_ivl_241", 0 0, L_0x561e9d6e6d40;  1 drivers
v0x561e9d6c3090_0 .net *"_ivl_2412", 0 0, L_0x561e9d7240c0;  1 drivers
v0x561e9d6c3170_0 .net *"_ivl_2416", 0 0, L_0x561e9d724380;  1 drivers
v0x561e9d6c3250_0 .net *"_ivl_2420", 0 0, L_0x561e9d724530;  1 drivers
v0x561e9d6c3330_0 .net *"_ivl_2424", 0 0, L_0x561e9d724b80;  1 drivers
v0x561e9d6c3410_0 .net *"_ivl_2428", 0 0, L_0x561e9d724e40;  1 drivers
v0x561e9d6c34f0_0 .net *"_ivl_243", 0 0, L_0x561e9d6e6e30;  1 drivers
v0x561e9d6c35d0_0 .net *"_ivl_2432", 0 0, L_0x561e9d725100;  1 drivers
v0x561e9d6c36b0_0 .net *"_ivl_2436", 0 0, L_0x561e9d7253c0;  1 drivers
v0x561e9d6c3790_0 .net *"_ivl_244", 0 0, L_0x561e9d6e70e0;  1 drivers
v0x561e9d6c3870_0 .net *"_ivl_2440", 0 0, L_0x561e9d725570;  1 drivers
v0x561e9d6c3950_0 .net *"_ivl_2444", 0 0, L_0x561e9d7263b0;  1 drivers
v0x561e9d6c3a30_0 .net *"_ivl_2448", 0 0, L_0x561e9d726560;  1 drivers
v0x561e9d6c3b10_0 .net *"_ivl_2452", 0 0, L_0x561e9d7272b0;  1 drivers
v0x561e9d6c3bf0_0 .net *"_ivl_2456", 0 0, L_0x561e9d725820;  1 drivers
v0x561e9d6c3cd0_0 .net *"_ivl_2460", 0 0, L_0x561e9d7259d0;  1 drivers
v0x561e9d6c3db0_0 .net *"_ivl_2464", 0 0, L_0x561e9d725b80;  1 drivers
v0x561e9d6c3e90_0 .net *"_ivl_2468", 0 0, L_0x561e9d725c20;  1 drivers
v0x561e9d6c3f70_0 .net *"_ivl_247", 0 0, L_0x561e9d6e71d0;  1 drivers
v0x561e9d6c4050_0 .net *"_ivl_2472", 0 0, L_0x561e9d725e70;  1 drivers
v0x561e9d6c4130_0 .net *"_ivl_2476", 0 0, L_0x561e9d7260c0;  1 drivers
v0x561e9d6c4210_0 .net *"_ivl_2480", 0 0, L_0x561e9d726310;  1 drivers
v0x561e9d6c42f0_0 .net *"_ivl_2484", 0 0, L_0x561e9d7268c0;  1 drivers
v0x561e9d6c43d0_0 .net *"_ivl_2488", 0 0, L_0x561e9d726b10;  1 drivers
v0x561e9d6c44b0_0 .net *"_ivl_249", 0 0, L_0x561e9d6e7270;  1 drivers
v0x561e9d6c4590_0 .net *"_ivl_2492", 0 0, L_0x561e9d726d60;  1 drivers
v0x561e9d6c4670_0 .net *"_ivl_2496", 0 0, L_0x561e9d726fb0;  1 drivers
v0x561e9d6c4750_0 .net *"_ivl_2500", 0 0, L_0x561e9d7271b0;  1 drivers
v0x561e9d6c4830_0 .net *"_ivl_2504", 0 0, L_0x561e9d728120;  1 drivers
v0x561e9d6c4910_0 .net *"_ivl_2508", 0 0, L_0x561e9d728f30;  1 drivers
v0x561e9d6c49f0_0 .net *"_ivl_2512", 0 0, L_0x561e9d727410;  1 drivers
v0x561e9d6c4ad0_0 .net *"_ivl_2516", 0 0, L_0x561e9d727610;  1 drivers
v0x561e9d6c4bb0_0 .net *"_ivl_2520", 0 0, L_0x561e9d727770;  1 drivers
v0x561e9d6c4c90_0 .net *"_ivl_2524", 0 0, L_0x561e9d727920;  1 drivers
v0x561e9d6c4d70_0 .net *"_ivl_2528", 0 0, L_0x561e9d727a80;  1 drivers
v0x561e9d6c4e50_0 .net *"_ivl_2532", 0 0, L_0x561e9d727be0;  1 drivers
v0x561e9d6c4f30_0 .net *"_ivl_2536", 0 0, L_0x561e9d727d90;  1 drivers
v0x561e9d6c5010_0 .net *"_ivl_2540", 0 0, L_0x561e9d727ef0;  1 drivers
v0x561e9d6c50f0_0 .net *"_ivl_2544", 0 0, L_0x561e9d728320;  1 drivers
v0x561e9d6c51d0_0 .net *"_ivl_2548", 0 0, L_0x561e9d728480;  1 drivers
v0x561e9d6c52b0_0 .net *"_ivl_255", 0 0, L_0x561e9d6e77b0;  1 drivers
v0x561e9d6c5390_0 .net *"_ivl_2552", 0 0, L_0x561e9d7285e0;  1 drivers
v0x561e9d6c5470_0 .net *"_ivl_2556", 0 0, L_0x561e9d728740;  1 drivers
v0x561e9d6c5550_0 .net *"_ivl_256", 0 0, L_0x561e9d6e78e0;  1 drivers
v0x561e9d6c5630_0 .net *"_ivl_2560", 0 0, L_0x561e9d728930;  1 drivers
v0x561e9d6c5710_0 .net *"_ivl_2564", 0 0, L_0x561e9d728b20;  1 drivers
v0x561e9d6c57f0_0 .net *"_ivl_2568", 0 0, L_0x561e9d728c80;  1 drivers
v0x561e9d6c58d0_0 .net *"_ivl_2572", 0 0, L_0x561e9d728e30;  1 drivers
v0x561e9d6c59b0_0 .net *"_ivl_2576", 0 0, L_0x561e9d729e80;  1 drivers
v0x561e9d6c5a90_0 .net *"_ivl_2580", 0 0, L_0x561e9d72acd0;  1 drivers
v0x561e9d6c5b70_0 .net *"_ivl_2584", 0 0, L_0x561e9d72ade0;  1 drivers
v0x561e9d6c5c50_0 .net *"_ivl_2588", 0 0, L_0x561e9d7290e0;  1 drivers
v0x561e9d6c5d30_0 .net *"_ivl_2592", 0 0, L_0x561e9d7291f0;  1 drivers
v0x561e9d6c5e10_0 .net *"_ivl_2596", 0 0, L_0x561e9d7293a0;  1 drivers
v0x561e9d6c5ef0_0 .net *"_ivl_2600", 0 0, L_0x561e9d729550;  1 drivers
v0x561e9d6c5fd0_0 .net *"_ivl_2604", 0 0, L_0x561e9d729700;  1 drivers
v0x561e9d6c60b0_0 .net *"_ivl_2608", 0 0, L_0x561e9d7298b0;  1 drivers
v0x561e9d6c6190_0 .net *"_ivl_261", 0 0, L_0x561e9d6e79a0;  1 drivers
v0x561e9d6c6270_0 .net *"_ivl_2612", 0 0, L_0x561e9d729a60;  1 drivers
v0x561e9d6c6350_0 .net *"_ivl_2616", 0 0, L_0x561e9d729c10;  1 drivers
v0x561e9d6c6430_0 .net *"_ivl_2620", 0 0, L_0x561e9d72a030;  1 drivers
v0x561e9d6c6510_0 .net *"_ivl_2624", 0 0, L_0x561e9d72a1e0;  1 drivers
v0x561e9d6c65f0_0 .net *"_ivl_2628", 0 0, L_0x561e9d72a390;  1 drivers
v0x561e9d6c66d0_0 .net *"_ivl_263", 0 0, L_0x561e9d6e7be0;  1 drivers
v0x561e9d6c67b0_0 .net *"_ivl_2632", 0 0, L_0x561e9d72a540;  1 drivers
v0x561e9d6c6890_0 .net *"_ivl_2636", 0 0, L_0x561e9d72a6f0;  1 drivers
v0x561e9d6c6970_0 .net *"_ivl_264", 0 0, L_0x561e9d6e7cd0;  1 drivers
v0x561e9d6c6a50_0 .net *"_ivl_2640", 0 0, L_0x561e9d72a8a0;  1 drivers
v0x561e9d6c6b30_0 .net *"_ivl_2644", 0 0, L_0x561e9d72aa50;  1 drivers
v0x561e9d6c6c10_0 .net *"_ivl_2648", 0 0, L_0x561e9d72ac00;  1 drivers
v0x561e9d6c6cf0_0 .net *"_ivl_2652", 0 0, L_0x561e9d72ca50;  1 drivers
v0x561e9d6c6dd0_0 .net *"_ivl_2656", 0 0, L_0x561e9d72cb60;  1 drivers
v0x561e9d6c6eb0_0 .net *"_ivl_2660", 0 0, L_0x561e9d72cc70;  1 drivers
v0x561e9d6c6f90_0 .net *"_ivl_2664", 0 0, L_0x561e9d72b000;  1 drivers
v0x561e9d6c7070_0 .net *"_ivl_2668", 0 0, L_0x561e9d72b220;  1 drivers
v0x561e9d6c7150_0 .net *"_ivl_267", 0 0, L_0x561e9d6e7f90;  1 drivers
v0x561e9d6c7230_0 .net *"_ivl_2672", 0 0, L_0x561e9d72b4e0;  1 drivers
v0x561e9d6c7310_0 .net *"_ivl_2676", 0 0, L_0x561e9d72b7a0;  1 drivers
v0x561e9d6c73f0_0 .net *"_ivl_2680", 0 0, L_0x561e9d72ba60;  1 drivers
v0x561e9d6c74d0_0 .net *"_ivl_2684", 0 0, L_0x561e9d72be30;  1 drivers
v0x561e9d6c75b0_0 .net *"_ivl_2688", 0 0, L_0x561e9d72c0f0;  1 drivers
v0x561e9d6c7690_0 .net *"_ivl_269", 0 0, L_0x561e9d6e81e0;  1 drivers
v0x561e9d6c7770_0 .net *"_ivl_2692", 0 0, L_0x561e9d72c3b0;  1 drivers
v0x561e9d6c7850_0 .net *"_ivl_2696", 0 0, L_0x561e9d72c560;  1 drivers
v0x561e9d6c7930_0 .net *"_ivl_27", 0 0, v0x561e9d67f4e0_0;  1 drivers
v0x561e9d6c7a10_0 .net *"_ivl_2700", 0 0, L_0x561e9d72c710;  1 drivers
v0x561e9d6c7af0_0 .net *"_ivl_2704", 0 0, L_0x561e9d72c8c0;  1 drivers
v0x561e9d6c7bd0_0 .net *"_ivl_2708", 0 0, L_0x561e9d72db20;  1 drivers
v0x561e9d6c7cb0_0 .net *"_ivl_2712", 0 0, L_0x561e9d72dcd0;  1 drivers
v0x561e9d6c7d90_0 .net *"_ivl_2716", 0 0, L_0x561e9d72ec30;  1 drivers
v0x561e9d6c7e70_0 .net *"_ivl_2720", 0 0, L_0x561e9d72cd80;  1 drivers
v0x561e9d6c7f50_0 .net *"_ivl_2724", 0 0, L_0x561e9d72cf30;  1 drivers
v0x561e9d6c8030_0 .net *"_ivl_2728", 0 0, L_0x561e9d72d0e0;  1 drivers
v0x561e9d6b4140_0 .net *"_ivl_2732", 0 0, L_0x561e9d72d290;  1 drivers
v0x561e9d6b4220_0 .net *"_ivl_2736", 0 0, L_0x561e9d72d440;  1 drivers
v0x561e9d6b4300_0 .net *"_ivl_2740", 0 0, L_0x561e9d72d5f0;  1 drivers
v0x561e9d6b43e0_0 .net *"_ivl_2744", 0 0, L_0x561e9d72d7a0;  1 drivers
v0x561e9d6b44c0_0 .net *"_ivl_2748", 0 0, L_0x561e9d72d950;  1 drivers
v0x561e9d6b45a0_0 .net *"_ivl_275", 0 0, L_0x561e9d6e8410;  1 drivers
v0x561e9d6b4680_0 .net *"_ivl_2752", 0 0, L_0x561e9d72de80;  1 drivers
v0x561e9d6b4760_0 .net *"_ivl_2756", 0 0, L_0x561e9d72e030;  1 drivers
v0x561e9d6b4840_0 .net *"_ivl_2760", 0 0, L_0x561e9d72e3f0;  1 drivers
v0x561e9d6b4920_0 .net *"_ivl_2764", 0 0, L_0x561e9d72e7b0;  1 drivers
v0x561e9d6b4a00_0 .net *"_ivl_2768", 0 0, L_0x561e9d72eb70;  1 drivers
v0x561e9d6b4ae0_0 .net *"_ivl_277", 0 0, L_0x561e9d6e8670;  1 drivers
v0x561e9d6b4bc0_0 .net *"_ivl_2772", 0 0, L_0x561e9d730ce0;  1 drivers
v0x561e9d6b4ca0_0 .net *"_ivl_2776", 0 0, L_0x561e9d72f0b0;  1 drivers
v0x561e9d6b4d80_0 .net *"_ivl_278", 0 0, L_0x561e9d6e8710;  1 drivers
v0x561e9d6b4e60_0 .net *"_ivl_2780", 0 0, L_0x561e9d730d80;  1 drivers
v0x561e9d6b4f40_0 .net *"_ivl_2784", 0 0, L_0x561e9d72f790;  1 drivers
v0x561e9d6b5020_0 .net *"_ivl_2788", 0 0, L_0x561e9d72fa40;  1 drivers
v0x561e9d6b5100_0 .net *"_ivl_2792", 0 0, L_0x561e9d72ff10;  1 drivers
v0x561e9d6b51e0_0 .net *"_ivl_2799", 0 0, L_0x561e9d7301b0;  1 drivers
v0x561e9d6b52c0_0 .net *"_ivl_2800", 0 0, L_0x561e9d7302a0;  1 drivers
v0x561e9d6b53a0_0 .net *"_ivl_2803", 0 0, L_0x561e9d7303b0;  1 drivers
v0x561e9d6b5480_0 .net *"_ivl_2807", 0 0, L_0x561e9d730560;  1 drivers
v0x561e9d6b5560_0 .net *"_ivl_2814", 0 0, L_0x561e9d730800;  1 drivers
v0x561e9d6b5640_0 .net *"_ivl_2815", 0 0, L_0x561e9d7308a0;  1 drivers
v0x561e9d6b5720_0 .net *"_ivl_2818", 0 0, L_0x561e9d7309b0;  1 drivers
v0x561e9d6b5800_0 .net *"_ivl_2822", 0 0, L_0x561e9d730b10;  1 drivers
v0x561e9d6b58e0_0 .net *"_ivl_2829", 0 0, L_0x561e9d731d90;  1 drivers
v0x561e9d6b59c0_0 .net *"_ivl_283", 0 0, L_0x561e9d6e8a10;  1 drivers
v0x561e9d6b5aa0_0 .net *"_ivl_2830", 0 0, L_0x561e9d731e30;  1 drivers
v0x561e9d6b5b80_0 .net *"_ivl_2833", 0 0, L_0x561e9d731ef0;  1 drivers
v0x561e9d6b5c60_0 .net *"_ivl_2837", 0 0, L_0x561e9d732f30;  1 drivers
v0x561e9d6b5d40_0 .net *"_ivl_2844", 0 0, L_0x561e9d730e20;  1 drivers
v0x561e9d6b5e20_0 .net *"_ivl_2845", 0 0, L_0x561e9d730ec0;  1 drivers
v0x561e9d6b5f00_0 .net *"_ivl_285", 0 0, L_0x561e9d6e8c80;  1 drivers
L_0x7f4c33045410 .functor BUFT 1, C4<1>, C4<0>, C4<0>, C4<0>;
v0x561e9d6b5fe0_0 .net/2u *"_ivl_2857", 0 0, L_0x7f4c33045410;  1 drivers
v0x561e9d6cc0e0_0 .net *"_ivl_2859", 0 0, L_0x561e9d731210;  1 drivers
v0x561e9d6cc180_0 .net *"_ivl_286", 0 0, L_0x561e9d6e8d50;  1 drivers
L_0x7f4c33045458 .functor BUFT 1, C4<1>, C4<0>, C4<0>, C4<0>;
v0x561e9d6cc260_0 .net/2u *"_ivl_2863", 0 0, L_0x7f4c33045458;  1 drivers
v0x561e9d6cc340_0 .net *"_ivl_2865", 0 0, L_0x561e9d7313a0;  1 drivers
L_0x7f4c330454a0 .functor BUFT 1, C4<1>, C4<0>, C4<0>, C4<0>;
v0x561e9d6cc420_0 .net/2u *"_ivl_2869", 0 0, L_0x7f4c330454a0;  1 drivers
v0x561e9d6cc500_0 .net *"_ivl_2871", 0 0, L_0x561e9d7314e0;  1 drivers
L_0x7f4c330454e8 .functor BUFT 1, C4<1>, C4<0>, C4<0>, C4<0>;
v0x561e9d6cc5e0_0 .net/2u *"_ivl_2875", 0 0, L_0x7f4c330454e8;  1 drivers
v0x561e9d6cc6c0_0 .net *"_ivl_2877", 0 0, L_0x561e9d7315d0;  1 drivers
L_0x7f4c33045530 .functor BUFT 1, C4<1>, C4<0>, C4<0>, C4<0>;
v0x561e9d6cc7a0_0 .net/2u *"_ivl_2881", 0 0, L_0x7f4c33045530;  1 drivers
v0x561e9d6cc880_0 .net *"_ivl_2883", 0 0, L_0x561e9d731710;  1 drivers
L_0x7f4c33045578 .functor BUFT 1, C4<1>, C4<0>, C4<0>, C4<0>;
v0x561e9d6cc960_0 .net/2u *"_ivl_2887", 0 0, L_0x7f4c33045578;  1 drivers
v0x561e9d6cca40_0 .net *"_ivl_2889", 0 0, L_0x561e9d731850;  1 drivers
v0x561e9d6ccb20_0 .net *"_ivl_289", 0 0, L_0x561e9d6e8e90;  1 drivers
L_0x7f4c330455c0 .functor BUFT 1, C4<1>, C4<0>, C4<0>, C4<0>;
v0x561e9d6ccc00_0 .net/2u *"_ivl_2893", 0 0, L_0x7f4c330455c0;  1 drivers
v0x561e9d6ccce0_0 .net *"_ivl_2895", 0 0, L_0x561e9d731990;  1 drivers
L_0x7f4c33045608 .functor BUFT 1, C4<1>, C4<0>, C4<0>, C4<0>;
v0x561e9d6ccdc0_0 .net/2u *"_ivl_2900", 0 0, L_0x7f4c33045608;  1 drivers
v0x561e9d6ccea0_0 .net *"_ivl_2902", 0 0, L_0x561e9d732230;  1 drivers
L_0x7f4c33045650 .functor BUFT 1, C4<x>, C4<0>, C4<0>, C4<0>;
v0x561e9d6ccf80_0 .net *"_ivl_2906", 0 0, L_0x7f4c33045650;  1 drivers
v0x561e9d6cd060_0 .net *"_ivl_2908", 0 0, L_0x561e9d7323c0;  1 drivers
v0x561e9d6cd140_0 .net *"_ivl_291", 0 0, L_0x561e9d6e9110;  1 drivers
L_0x7f4c33045698 .functor BUFT 1, C4<x>, C4<0>, C4<0>, C4<0>;
v0x561e9d6cd220_0 .net *"_ivl_2912", 0 0, L_0x7f4c33045698;  1 drivers
v0x561e9d6cd300_0 .net *"_ivl_2914", 0 0, L_0x561e9d732550;  1 drivers
L_0x7f4c330456e0 .functor BUFT 1, C4<x>, C4<0>, C4<0>, C4<0>;
v0x561e9d6cd3e0_0 .net *"_ivl_2919", 0 0, L_0x7f4c330456e0;  1 drivers
v0x561e9d6cd4c0_0 .net *"_ivl_2921", 0 0, L_0x561e9d7327d0;  1 drivers
L_0x7f4c33045728 .functor BUFT 1, C4<1>, C4<0>, C4<0>, C4<0>;
v0x561e9d6cd5a0_0 .net/2u *"_ivl_2925", 0 0, L_0x7f4c33045728;  1 drivers
v0x561e9d6cd680_0 .net *"_ivl_2927", 0 0, L_0x561e9d732910;  1 drivers
L_0x7f4c33045770 .functor BUFT 1, C4<1>, C4<0>, C4<0>, C4<0>;
v0x561e9d6cd760_0 .net/2u *"_ivl_2931", 0 0, L_0x7f4c33045770;  1 drivers
v0x561e9d6cd840_0 .net *"_ivl_2933", 0 0, L_0x561e9d732aa0;  1 drivers
L_0x7f4c330457b8 .functor BUFT 1, C4<1>, C4<0>, C4<0>, C4<0>;
v0x561e9d6cd920_0 .net/2u *"_ivl_2937", 0 0, L_0x7f4c330457b8;  1 drivers
v0x561e9d6cda00_0 .net *"_ivl_2939", 0 0, L_0x561e9d732be0;  1 drivers
L_0x7f4c33045800 .functor BUFT 1, C4<1>, C4<0>, C4<0>, C4<0>;
v0x561e9d6cdae0_0 .net/2u *"_ivl_2943", 0 0, L_0x7f4c33045800;  1 drivers
v0x561e9d6cdbc0_0 .net *"_ivl_2945", 0 0, L_0x561e9d732cd0;  1 drivers
L_0x7f4c33045848 .functor BUFT 1, C4<1>, C4<0>, C4<0>, C4<0>;
v0x561e9d6cdca0_0 .net/2u *"_ivl_2949", 0 0, L_0x7f4c33045848;  1 drivers
v0x561e9d6cdd80_0 .net *"_ivl_2951", 0 0, L_0x561e9d732e10;  1 drivers
L_0x7f4c33045890 .functor BUFT 1, C4<1>, C4<0>, C4<0>, C4<0>;
v0x561e9d6cde60_0 .net/2u *"_ivl_2955", 0 0, L_0x7f4c33045890;  1 drivers
v0x561e9d6cdf40_0 .net *"_ivl_2957", 0 0, L_0x561e9d733130;  1 drivers
L_0x7f4c330458d8 .functor BUFT 1, C4<1>, C4<0>, C4<0>, C4<0>;
v0x561e9d6ce020_0 .net/2u *"_ivl_2961", 0 0, L_0x7f4c330458d8;  1 drivers
v0x561e9d6ce100_0 .net *"_ivl_2963", 0 0, L_0x561e9d733270;  1 drivers
L_0x7f4c33045920 .functor BUFT 1, C4<1>, C4<0>, C4<0>, C4<0>;
v0x561e9d6ce1e0_0 .net/2u *"_ivl_2968", 0 0, L_0x7f4c33045920;  1 drivers
v0x561e9d6ce2c0_0 .net *"_ivl_297", 0 0, L_0x561e9d6e94f0;  1 drivers
v0x561e9d6ce3a0_0 .net *"_ivl_2970", 0 0, L_0x561e9d7336d0;  1 drivers
L_0x7f4c33045968 .functor BUFT 1, C4<x>, C4<0>, C4<0>, C4<0>;
v0x561e9d6ce480_0 .net *"_ivl_2974", 0 0, L_0x7f4c33045968;  1 drivers
v0x561e9d6ce560_0 .net *"_ivl_2976", 0 0, L_0x561e9d733860;  1 drivers
L_0x7f4c330459b0 .functor BUFT 1, C4<x>, C4<0>, C4<0>, C4<0>;
v0x561e9d6ce640_0 .net *"_ivl_2980", 0 0, L_0x7f4c330459b0;  1 drivers
v0x561e9d6ce720_0 .net *"_ivl_2982", 0 0, L_0x561e9d7339f0;  1 drivers
L_0x7f4c330459f8 .functor BUFT 1, C4<x>, C4<0>, C4<0>, C4<0>;
v0x561e9d6ce800_0 .net *"_ivl_2986", 0 0, L_0x7f4c330459f8;  1 drivers
v0x561e9d6ce8e0_0 .net *"_ivl_2988", 0 0, L_0x561e9d733b30;  1 drivers
v0x561e9d6ce9c0_0 .net *"_ivl_299", 0 0, L_0x561e9d6e9780;  1 drivers
L_0x7f4c33045a40 .functor BUFT 1, C4<x>, C4<0>, C4<0>, C4<0>;
v0x561e9d6ceaa0_0 .net *"_ivl_2993", 0 0, L_0x7f4c33045a40;  1 drivers
v0x561e9d6ceb80_0 .net *"_ivl_2995", 0 0, L_0x561e9d733db0;  1 drivers
L_0x7f4c33045a88 .functor BUFT 1, C4<x>, C4<0>, C4<0>, C4<0>;
v0x561e9d6cec60_0 .net *"_ivl_2999", 0 0, L_0x7f4c33045a88;  1 drivers
v0x561e9d6ced40_0 .net *"_ivl_3", 0 0, v0x561e9d683950_0;  1 drivers
v0x561e9d6cee20_0 .net *"_ivl_300", 0 0, L_0x561e9d6e98b0;  1 drivers
v0x561e9d6cef00_0 .net *"_ivl_3001", 0 0, L_0x561e9d733f40;  1 drivers
L_0x7f4c33045ad0 .functor BUFT 1, C4<x>, C4<0>, C4<0>, C4<0>;
v0x561e9d6cefe0_0 .net *"_ivl_3005", 0 0, L_0x7f4c33045ad0;  1 drivers
v0x561e9d6cf0c0_0 .net *"_ivl_3007", 0 0, L_0x561e9d734080;  1 drivers
L_0x7f4c33045b18 .functor BUFT 1, C4<x>, C4<0>, C4<0>, C4<0>;
v0x561e9d6cf1a0_0 .net *"_ivl_3011", 0 0, L_0x7f4c33045b18;  1 drivers
v0x561e9d6cf280_0 .net *"_ivl_3013", 0 0, L_0x561e9d734170;  1 drivers
L_0x7f4c33045b60 .functor BUFT 1, C4<x>, C4<0>, C4<0>, C4<0>;
v0x561e9d6cf360_0 .net *"_ivl_3017", 0 0, L_0x7f4c33045b60;  1 drivers
v0x561e9d6cf440_0 .net *"_ivl_3019", 0 0, L_0x561e9d734210;  1 drivers
L_0x7f4c33045ba8 .functor BUFT 1, C4<x>, C4<0>, C4<0>, C4<0>;
v0x561e9d6cf520_0 .net *"_ivl_3023", 0 0, L_0x7f4c33045ba8;  1 drivers
v0x561e9d6cf600_0 .net *"_ivl_3025", 0 0, L_0x561e9d734300;  1 drivers
v0x561e9d6cf6e0_0 .net *"_ivl_3027", 27 0, L_0x561e9d7369c0;  1 drivers
v0x561e9d6cf7c0_0 .net *"_ivl_3029", 0 0, L_0x561e9d735420;  1 drivers
v0x561e9d6cf8a0_0 .net *"_ivl_303", 0 0, L_0x561e9d6e99a0;  1 drivers
L_0x7f4c33045bf0 .functor BUFT 1, C4<000000000000000000000000000>, C4<0>, C4<0>, C4<0>;
v0x561e9d6cf980_0 .net/2u *"_ivl_3035", 26 0, L_0x7f4c33045bf0;  1 drivers
v0x561e9d6cfa60_0 .net *"_ivl_3038", 0 0, L_0x561e9d7354c0;  1 drivers
v0x561e9d6cfb40_0 .net *"_ivl_3040", 0 0, L_0x561e9d735560;  1 drivers
v0x561e9d6cfc20_0 .net *"_ivl_3041", 28 0, L_0x561e9d735600;  1 drivers
v0x561e9d6cfd00_0 .net *"_ivl_3047", 0 0, L_0x561e9d735790;  1 drivers
v0x561e9d6cfde0_0 .net *"_ivl_305", 0 0, L_0x561e9d6e9c40;  1 drivers
L_0x7f4c33045c38 .functor BUFT 1, C4<0000000000000000000000000000>, C4<0>, C4<0>, C4<0>;
v0x561e9d6cfec0_0 .net/2u *"_ivl_3051", 27 0, L_0x7f4c33045c38;  1 drivers
v0x561e9d6cffa0_0 .net *"_ivl_3054", 2 0, L_0x561e9d735920;  1 drivers
v0x561e9d6d0080_0 .net *"_ivl_3055", 30 0, L_0x561e9d7359c0;  1 drivers
v0x561e9d6d0160_0 .net *"_ivl_3061", 0 0, L_0x561e9d735c90;  1 drivers
v0x561e9d6d0240_0 .net *"_ivl_3066", 0 0, L_0x561e9d735ec0;  1 drivers
v0x561e9d6d0320_0 .net *"_ivl_3071", 0 0, L_0x561e9d7360f0;  1 drivers
v0x561e9d6d0400_0 .net *"_ivl_3076", 1 0, L_0x561e9d7362d0;  1 drivers
v0x561e9d6d04e0_0 .net *"_ivl_3081", 0 0, L_0x561e9d736500;  1 drivers
v0x561e9d6d05c0_0 .net *"_ivl_3086", 0 0, L_0x561e9d736730;  1 drivers
v0x561e9d6d06a0_0 .net *"_ivl_3091", 0 0, L_0x561e9d736ab0;  1 drivers
v0x561e9d6d0780_0 .net *"_ivl_3096", 0 0, L_0x561e9d736ce0;  1 drivers
v0x561e9d6d0860_0 .net *"_ivl_31", 0 0, v0x561e9d6df460_0;  1 drivers
v0x561e9d6d0940_0 .net *"_ivl_3101", 1 0, L_0x561e9d736ec0;  1 drivers
v0x561e9d6d0a20_0 .net *"_ivl_3102", 27 0, L_0x561e9d736fb0;  1 drivers
v0x561e9d6d0b00_0 .net *"_ivl_3104", 0 0, L_0x561e9d737050;  1 drivers
L_0x7f4c33045c80 .functor BUFT 1, C4<0000000000000000000000000000>, C4<0>, C4<0>, C4<0>;
v0x561e9d6d0be0_0 .net/2u *"_ivl_3109", 27 0, L_0x7f4c33045c80;  1 drivers
v0x561e9d6d0cc0_0 .net *"_ivl_311", 0 0, L_0x561e9d6ea070;  1 drivers
v0x561e9d6d0da0_0 .net *"_ivl_3112", 0 0, L_0x561e9d737140;  1 drivers
v0x561e9d6d0e80_0 .net *"_ivl_3113", 28 0, L_0x561e9d7371e0;  1 drivers
v0x561e9d6d0f60_0 .net *"_ivl_3119", 0 0, L_0x561e9d737460;  1 drivers
v0x561e9d6d1040_0 .net *"_ivl_3124", 1 0, L_0x561e9d737690;  1 drivers
v0x561e9d6d1120_0 .net *"_ivl_3129", 0 0, L_0x561e9d7378c0;  1 drivers
v0x561e9d6d1200_0 .net *"_ivl_313", 0 0, L_0x561e9d6ea320;  1 drivers
v0x561e9d6d12e0_0 .net *"_ivl_3134", 0 0, L_0x561e9d737af0;  1 drivers
v0x561e9d6d13c0_0 .net *"_ivl_3139", 2 0, L_0x561e9d737cd0;  1 drivers
v0x561e9d6d14a0_0 .net *"_ivl_314", 0 0, L_0x561e9d6ea3f0;  1 drivers
v0x561e9d6d1580_0 .net *"_ivl_3144", 1 0, L_0x561e9d737eb0;  1 drivers
v0x561e9d6d1660_0 .net *"_ivl_3149", 0 0, L_0x561e9d748020;  1 drivers
v0x561e9d6d1740_0 .net *"_ivl_3154", 2 0, L_0x561e9d748410;  1 drivers
v0x561e9d6d1820_0 .net *"_ivl_3159", 0 0, L_0x561e9d748640;  1 drivers
v0x561e9d6d1900_0 .net *"_ivl_3164", 0 0, L_0x561e9d748870;  1 drivers
v0x561e9d6d19e0_0 .net *"_ivl_3169", 0 0, L_0x561e9d748aa0;  1 drivers
v0x561e9d6d1ac0_0 .net *"_ivl_317", 0 0, L_0x561e9d6ea530;  1 drivers
v0x561e9d6d1ba0_0 .net *"_ivl_3174", 0 0, L_0x561e9d748cd0;  1 drivers
v0x561e9d6d1c80_0 .net *"_ivl_3179", 0 0, L_0x561e9d749110;  1 drivers
v0x561e9d6d1d60_0 .net *"_ivl_3184", 0 0, L_0x561e9d749310;  1 drivers
v0x561e9d6d1e40_0 .net *"_ivl_3189", 0 0, L_0x561e9d749470;  1 drivers
v0x561e9d6d1f20_0 .net *"_ivl_319", 0 0, L_0x561e9d6ea7f0;  1 drivers
v0x561e9d6d2000_0 .net *"_ivl_3194", 0 0, L_0x561e9d734530;  1 drivers
v0x561e9d6d20e0_0 .net *"_ivl_3199", 0 0, L_0x561e9d734760;  1 drivers
v0x561e9d6d21c0_0 .net *"_ivl_3204", 0 0, L_0x561e9d734990;  1 drivers
v0x561e9d6d22a0_0 .net *"_ivl_3205", 0 0, L_0x561e9d734b70;  1 drivers
v0x561e9d6d2380_0 .net *"_ivl_3207", 0 0, L_0x561e9d734c60;  1 drivers
v0x561e9d6d2460_0 .net *"_ivl_3214", 0 0, L_0x561e9d734da0;  1 drivers
v0x561e9d6d2540_0 .net *"_ivl_3216", 0 0, L_0x561e9d734e40;  1 drivers
v0x561e9d6d2620_0 .net *"_ivl_3217", 1 0, L_0x561e9d734ee0;  1 drivers
v0x561e9d6d2700_0 .net *"_ivl_3223", 0 0, L_0x561e9d735110;  1 drivers
v0x561e9d6d27e0_0 .net *"_ivl_3228", 0 0, L_0x561e9d735310;  1 drivers
v0x561e9d6d28c0_0 .net *"_ivl_3233", 0 0, L_0x561e9d74a6f0;  1 drivers
v0x561e9d6d29a0_0 .net *"_ivl_3235", 0 0, L_0x561e9d74a790;  1 drivers
v0x561e9d6d2a80_0 .net *"_ivl_3236", 1 0, L_0x561e9d74a830;  1 drivers
v0x561e9d6d2b60_0 .net *"_ivl_3242", 0 0, L_0x561e9d74ab00;  1 drivers
v0x561e9d6d2c40_0 .net *"_ivl_3247", 0 0, L_0x561e9d74ad30;  1 drivers
v0x561e9d6d2d20_0 .net *"_ivl_3249", 0 0, L_0x561e9d74add0;  1 drivers
v0x561e9d6d2e00_0 .net *"_ivl_325", 0 0, L_0x561e9d6eaf60;  1 drivers
v0x561e9d6d2ee0_0 .net *"_ivl_3250", 1 0, L_0x561e9d74ae70;  1 drivers
v0x561e9d6d2fc0_0 .net *"_ivl_3256", 0 0, L_0x561e9d74b0f0;  1 drivers
v0x561e9d6d30a0_0 .net *"_ivl_3258", 0 0, L_0x561e9d74b190;  1 drivers
v0x561e9d6d3180_0 .net *"_ivl_3259", 1 0, L_0x561e9d74b230;  1 drivers
v0x561e9d6d3260_0 .net *"_ivl_3265", 0 0, L_0x561e9d74b6e0;  1 drivers
v0x561e9d6d3340_0 .net *"_ivl_3270", 0 0, L_0x561e9d74bc00;  1 drivers
v0x561e9d6d3420_0 .net *"_ivl_3275", 0 0, L_0x561e9d74bd40;  1 drivers
v0x561e9d6d3500_0 .net *"_ivl_3280", 0 0, L_0x561e9d74c260;  1 drivers
v0x561e9d6d35e0_0 .net *"_ivl_3284", 0 0, L_0x561e9d74c350;  1 drivers
v0x561e9d6d36c0_0 .net *"_ivl_3286", 0 0, L_0x561e9d74c3f0;  1 drivers
v0x561e9d6d37a0_0 .net *"_ivl_3287", 1 0, L_0x561e9d74c490;  1 drivers
L_0x7f4c33045cc8 .functor BUFT 1, C4<0>, C4<0>, C4<0>, C4<0>;
v0x561e9d6d3880_0 .net/2u *"_ivl_3292", 0 0, L_0x7f4c33045cc8;  1 drivers
L_0x7f4c33045d10 .functor BUFT 1, C4<000>, C4<0>, C4<0>, C4<0>;
v0x561e9d6d3960_0 .net/2u *"_ivl_3297", 2 0, L_0x7f4c33045d10;  1 drivers
v0x561e9d6d3a40_0 .net *"_ivl_330", 0 0, L_0x561e9d6eb0c0;  1 drivers
v0x561e9d6d3b20_0 .net *"_ivl_332", 0 0, L_0x561e9d6eb160;  1 drivers
v0x561e9d6d3c00_0 .net *"_ivl_333", 0 0, L_0x561e9d6eb440;  1 drivers
v0x561e9d6d3ce0_0 .net *"_ivl_339", 0 0, L_0x561e9d6eb840;  1 drivers
v0x561e9d6d3dc0_0 .net *"_ivl_341", 0 0, L_0x561e9d6ebb30;  1 drivers
v0x561e9d6d3ea0_0 .net *"_ivl_342", 0 0, L_0x561e9d6ebbd0;  1 drivers
v0x561e9d6d3f80_0 .net *"_ivl_345", 0 0, L_0x561e9d6ebd30;  1 drivers
v0x561e9d6d4060_0 .net *"_ivl_347", 0 0, L_0x561e9d6ec030;  1 drivers
v0x561e9d6d4140_0 .net *"_ivl_35", 0 0, v0x561e9d6df220_0;  1 drivers
v0x561e9d6d4220_0 .net *"_ivl_353", 0 0, L_0x561e9d6ec3f0;  1 drivers
v0x561e9d6d4300_0 .net *"_ivl_354", 0 0, L_0x561e9d6ec700;  1 drivers
v0x561e9d6d43e0_0 .net *"_ivl_359", 0 0, L_0x561e9d6ec7c0;  1 drivers
v0x561e9d6d44c0_0 .net *"_ivl_361", 0 0, L_0x561e9d6ec860;  1 drivers
v0x561e9d6d45a0_0 .net *"_ivl_362", 0 0, L_0x561e9d6ecb80;  1 drivers
v0x561e9d6d4680_0 .net *"_ivl_367", 0 0, L_0x561e9d6ecee0;  1 drivers
v0x561e9d6d4760_0 .net *"_ivl_369", 0 0, L_0x561e9d6ecfd0;  1 drivers
v0x561e9d6d4840_0 .net *"_ivl_370", 0 0, L_0x561e9d6ed350;  1 drivers
o0x7f4c3309b5f8 .functor BUFZ 1, c4<z>; HiZ drive
; Elide local net with no drivers, v0x561e9d6d4920_0 name=_ivl_3721
o0x7f4c3309b628 .functor BUFZ 1, c4<z>; HiZ drive
; Elide local net with no drivers, v0x561e9d6d4a00_0 name=_ivl_3724
v0x561e9d6d4ae0_0 .net *"_ivl_373", 0 0, L_0x561e9d6ed460;  1 drivers
v0x561e9d6d4bc0_0 .net *"_ivl_375", 0 0, L_0x561e9d6ed500;  1 drivers
v0x561e9d6d4ca0_0 .net *"_ivl_381", 0 0, L_0x561e9d6edcc0;  1 drivers
v0x561e9d6d4d80_0 .net *"_ivl_382", 0 0, L_0x561e9d6edd60;  1 drivers
v0x561e9d6d4e60_0 .net *"_ivl_387", 0 0, L_0x561e9d6ede20;  1 drivers
v0x561e9d6d4f40_0 .net *"_ivl_389", 0 0, L_0x561e9d6ee1c0;  1 drivers
v0x561e9d6d5020_0 .net *"_ivl_39", 0 0, v0x561e9d6df2e0_0;  1 drivers
v0x561e9d6d5100_0 .net *"_ivl_390", 0 0, L_0x561e9d6ee260;  1 drivers
v0x561e9d6d51e0_0 .net *"_ivl_393", 0 0, L_0x561e9d6ee5e0;  1 drivers
v0x561e9d6d52c0_0 .net *"_ivl_395", 0 0, L_0x561e9d6ee940;  1 drivers
v0x561e9d6d53a0_0 .net *"_ivl_401", 0 0, L_0x561e9d6eee60;  1 drivers
v0x561e9d6d5480_0 .net *"_ivl_405", 0 0, L_0x561e9d6ef2c0;  1 drivers
v0x561e9d6d5560_0 .net *"_ivl_409", 0 0, L_0x561e9d6ef6d0;  1 drivers
v0x561e9d6d5640_0 .net *"_ivl_413", 0 0, L_0x561e9d6efb60;  1 drivers
v0x561e9d6d5720_0 .net *"_ivl_419", 0 0, L_0x561e9d6efff0;  1 drivers
v0x561e9d6d5800_0 .net *"_ivl_428", 0 0, L_0x561e9d6f0cb0;  1 drivers
v0x561e9d6d58e0_0 .net *"_ivl_43", 0 0, v0x561e9d6df3a0_0;  1 drivers
v0x561e9d6d59c0_0 .net *"_ivl_433", 0 0, L_0x561e9d6f0e70;  1 drivers
v0x561e9d6d5aa0_0 .net *"_ivl_436", 0 0, L_0x561e9d6f11d0;  1 drivers
v0x561e9d6d5b80_0 .net *"_ivl_438", 0 0, L_0x561e9d6f15f0;  1 drivers
v0x561e9d6d5c60_0 .net *"_ivl_444", 0 0, L_0x561e9d6f1b40;  1 drivers
v0x561e9d6d5d40_0 .net *"_ivl_465", 0 0, L_0x561e9d6f31e0;  1 drivers
v0x561e9d6d5e20_0 .net *"_ivl_47", 0 0, v0x561e9d6df520_0;  1 drivers
v0x561e9d6d5f00_0 .net *"_ivl_470", 0 0, L_0x561e9d6f36a0;  1 drivers
v0x561e9d6d5fe0_0 .net *"_ivl_473", 0 0, L_0x561e9d6f37b0;  1 drivers
v0x561e9d6d60c0_0 .net *"_ivl_475", 0 0, L_0x561e9d6f3bc0;  1 drivers
v0x561e9d6d61a0_0 .net *"_ivl_482", 0 0, L_0x561e9d6f41c0;  1 drivers
v0x561e9d6d6280_0 .net *"_ivl_487", 0 0, L_0x561e9d6f4970;  1 drivers
v0x561e9d6d6360_0 .net *"_ivl_490", 0 0, L_0x561e9d6f4a80;  1 drivers
v0x561e9d6d6440_0 .net *"_ivl_492", 0 0, L_0x561e9d6f4b70;  1 drivers
v0x561e9d6d6520_0 .net *"_ivl_499", 0 0, L_0x561e9d6f53b0;  1 drivers
v0x561e9d6d6600_0 .net *"_ivl_502", 0 0, L_0x561e9d6f5760;  1 drivers
v0x561e9d6d66e0_0 .net *"_ivl_504", 0 0, L_0x561e9d6f5800;  1 drivers
v0x561e9d6d67c0_0 .net *"_ivl_51", 0 0, L_0x561e9d6e0d40;  1 drivers
v0x561e9d6d68a0_0 .net *"_ivl_511", 0 0, L_0x561e9d6f6110;  1 drivers
v0x561e9d6d6980_0 .net *"_ivl_514", 0 0, L_0x561e9d6f6180;  1 drivers
v0x561e9d6d6a60_0 .net *"_ivl_516", 0 0, L_0x561e9d6f6250;  1 drivers
v0x561e9d6d6b40_0 .net *"_ivl_52", 0 0, L_0x561e9d6e0e40;  1 drivers
v0x561e9d6d6c20_0 .net *"_ivl_524", 0 0, L_0x561e9d6f6d50;  1 drivers
v0x561e9d6d6d00_0 .net *"_ivl_528", 0 0, L_0x561e9d6f7180;  1 drivers
v0x561e9d6d6de0_0 .net *"_ivl_531", 0 0, L_0x561e9d6f71f0;  1 drivers
v0x561e9d6d6ec0_0 .net *"_ivl_533", 0 0, L_0x561e9d6f7600;  1 drivers
v0x561e9d6d6fa0_0 .net *"_ivl_539", 0 0, L_0x561e9d6f7bf0;  1 drivers
v0x561e9d6d7080_0 .net *"_ivl_548", 0 0, L_0x561e9d6f8ac0;  1 drivers
v0x561e9d6d7160_0 .net *"_ivl_55", 0 0, L_0x561e9d6e0ee0;  1 drivers
v0x561e9d6d7240_0 .net *"_ivl_551", 0 0, L_0x561e9d6f8c00;  1 drivers
v0x561e9d6d7320_0 .net *"_ivl_553", 0 0, L_0x561e9d6f8ca0;  1 drivers
v0x561e9d6d7400_0 .net *"_ivl_559", 0 0, L_0x561e9d6f9770;  1 drivers
v0x561e9d6d74e0_0 .net *"_ivl_563", 0 0, L_0x561e9d6f9ce0;  1 drivers
v0x561e9d6d75c0_0 .net *"_ivl_576", 0 0, L_0x561e9d6fabf0;  1 drivers
v0x561e9d6d76a0_0 .net *"_ivl_579", 0 0, L_0x561e9d6fb0a0;  1 drivers
v0x561e9d6d7780_0 .net *"_ivl_587", 0 0, L_0x561e9d6fb7e0;  1 drivers
v0x561e9d6d7860_0 .net *"_ivl_589", 0 0, L_0x561e9d6fbc30;  1 drivers
v0x561e9d6d7940_0 .net *"_ivl_59", 0 0, L_0x561e9d6e10d0;  1 drivers
v0x561e9d6d7a20_0 .net *"_ivl_590", 0 0, L_0x561e9d6fbcd0;  1 drivers
v0x561e9d6d7b00_0 .net *"_ivl_596", 0 0, L_0x561e9d6fc240;  1 drivers
v0x561e9d6d7be0_0 .net *"_ivl_597", 0 0, L_0x561e9d6fc2e0;  1 drivers
v0x561e9d6d7cc0_0 .net *"_ivl_600", 0 0, L_0x561e9d6fc850;  1 drivers
v0x561e9d6d7da0_0 .net *"_ivl_602", 0 0, L_0x561e9d6fcd10;  1 drivers
v0x561e9d6d7e80_0 .net *"_ivl_608", 0 0, L_0x561e9d6fcec0;  1 drivers
v0x561e9d6d7f60_0 .net *"_ivl_610", 0 0, L_0x561e9d6fd340;  1 drivers
v0x561e9d6d8040_0 .net *"_ivl_611", 0 0, L_0x561e9d6fd3e0;  1 drivers
v0x561e9d6d8120_0 .net *"_ivl_614", 0 0, L_0x561e9d6fd910;  1 drivers
v0x561e9d6d8200_0 .net *"_ivl_616", 0 0, L_0x561e9d6fdda0;  1 drivers
v0x561e9d6d82e0_0 .net *"_ivl_621", 0 0, L_0x561e9d6fe060;  1 drivers
v0x561e9d6d83c0_0 .net *"_ivl_625", 0 0, L_0x561e9d6fd4f0;  1 drivers
v0x561e9d6d84a0_0 .net *"_ivl_629", 0 0, L_0x561e9d6fd5f0;  1 drivers
v0x561e9d6d8580_0 .net *"_ivl_63", 0 0, L_0x561e9d6e1210;  1 drivers
v0x561e9d6d8660_0 .net *"_ivl_634", 0 0, L_0x561e9d6fe940;  1 drivers
v0x561e9d6d8740_0 .net *"_ivl_639", 0 0, L_0x561e9d6fe9b0;  1 drivers
v0x561e9d6d8820_0 .net *"_ivl_641", 0 0, L_0x561e9d6feaa0;  1 drivers
v0x561e9d6d8900_0 .net *"_ivl_642", 0 0, L_0x561e9d6fef50;  1 drivers
v0x561e9d6d89e0_0 .net *"_ivl_648", 0 0, L_0x561e9d6fe1f0;  1 drivers
v0x561e9d6d8ac0_0 .net *"_ivl_650", 0 0, L_0x561e9d6fe290;  1 drivers
v0x561e9d6d8ba0_0 .net *"_ivl_651", 0 0, L_0x561e9d6fe360;  1 drivers
v0x561e9d6d8c80_0 .net *"_ivl_654", 0 0, L_0x561e9d6fe470;  1 drivers
v0x561e9d6d8d60_0 .net *"_ivl_656", 0 0, L_0x561e9d6ff4b0;  1 drivers
v0x561e9d6d8e40_0 .net *"_ivl_661", 0 0, L_0x561e9d6ff660;  1 drivers
v0x561e9d6d8f20_0 .net *"_ivl_665", 0 0, L_0x561e9d6ff6d0;  1 drivers
v0x561e9d6d9000_0 .net *"_ivl_669", 0 0, L_0x561e9d6ff770;  1 drivers
v0x561e9d6d90e0_0 .net *"_ivl_67", 0 0, L_0x561e9d6e1460;  1 drivers
v0x561e9d6d91c0_0 .net *"_ivl_674", 0 0, L_0x561e9d6ff250;  1 drivers
v0x561e9d6d92a0_0 .net *"_ivl_679", 0 0, L_0x561e9d6ff310;  1 drivers
v0x561e9d6d9380_0 .net *"_ivl_681", 0 0, L_0x561e9d6ff400;  1 drivers
v0x561e9d6d9460_0 .net *"_ivl_682", 0 0, L_0x561e9d6ffd70;  1 drivers
v0x561e9d6d9540_0 .net *"_ivl_688", 0 0, L_0x561e9d6fffa0;  1 drivers
v0x561e9d6d9620_0 .net *"_ivl_690", 0 0, L_0x561e9d700530;  1 drivers
v0x561e9d6d9700_0 .net *"_ivl_691", 0 0, L_0x561e9d6ff920;  1 drivers
v0x561e9d6d97e0_0 .net *"_ivl_694", 0 0, L_0x561e9d6ffa30;  1 drivers
v0x561e9d6d98c0_0 .net *"_ivl_696", 0 0, L_0x561e9d6ffb20;  1 drivers
v0x561e9d6d99a0_0 .net *"_ivl_7", 0 0, v0x561e9d6839f0_0;  1 drivers
v0x561e9d6d9a80_0 .net *"_ivl_701", 0 0, L_0x561e9d6ffcd0;  1 drivers
v0x561e9d6d9b60_0 .net *"_ivl_705", 0 0, L_0x561e9d7000d0;  1 drivers
v0x561e9d6d9c40_0 .net *"_ivl_709", 0 0, L_0x561e9d7001a0;  1 drivers
v0x561e9d6d9d20_0 .net *"_ivl_71", 0 0, L_0x561e9d6e1620;  1 drivers
v0x561e9d6d9e00_0 .net *"_ivl_714", 0 0, L_0x561e9d700490;  1 drivers
v0x561e9d6d9ee0_0 .net *"_ivl_719", 0 0, L_0x561e9d700a50;  1 drivers
v0x561e9d6d9fc0_0 .net *"_ivl_721", 0 0, L_0x561e9d700b40;  1 drivers
v0x561e9d6da0a0_0 .net *"_ivl_722", 0 0, L_0x561e9d700be0;  1 drivers
v0x561e9d6da180_0 .net *"_ivl_728", 0 0, L_0x561e9d700de0;  1 drivers
v0x561e9d6da260_0 .net *"_ivl_730", 0 0, L_0x561e9d7005d0;  1 drivers
v0x561e9d6da340_0 .net *"_ivl_731", 0 0, L_0x561e9d700670;  1 drivers
v0x561e9d6da420_0 .net *"_ivl_734", 0 0, L_0x561e9d700780;  1 drivers
v0x561e9d6da500_0 .net *"_ivl_736", 0 0, L_0x561e9d700870;  1 drivers
v0x561e9d6da5e0_0 .net *"_ivl_741", 0 0, L_0x561e9d7013c0;  1 drivers
v0x561e9d6da6c0_0 .net *"_ivl_745", 0 0, L_0x561e9d701430;  1 drivers
v0x561e9d6da7a0_0 .net *"_ivl_749", 0 0, L_0x561e9d7014d0;  1 drivers
v0x561e9d6da880_0 .net *"_ivl_75", 0 0, L_0x561e9d6e18b0;  1 drivers
v0x561e9d6da960_0 .net *"_ivl_754", 0 0, L_0x561e9d7017c0;  1 drivers
v0x561e9d6daa40_0 .net *"_ivl_759", 0 0, L_0x561e9d700f60;  1 drivers
v0x561e9d6dab20_0 .net *"_ivl_761", 0 0, L_0x561e9d701050;  1 drivers
v0x561e9d6dac00_0 .net *"_ivl_762", 0 0, L_0x561e9d7010f0;  1 drivers
v0x561e9d6dace0_0 .net *"_ivl_768", 0 0, L_0x561e9d701320;  1 drivers
v0x561e9d6dadc0_0 .net *"_ivl_770", 0 0, L_0x561e9d701db0;  1 drivers
v0x561e9d6daea0_0 .net *"_ivl_771", 0 0, L_0x561e9d701e80;  1 drivers
v0x561e9d6daf80_0 .net *"_ivl_774", 0 0, L_0x561e9d701f90;  1 drivers
v0x561e9d6db060_0 .net *"_ivl_776", 0 0, L_0x561e9d702080;  1 drivers
v0x561e9d6db140_0 .net *"_ivl_781", 0 0, L_0x561e9d701890;  1 drivers
v0x561e9d6db220_0 .net *"_ivl_785", 0 0, L_0x561e9d701900;  1 drivers
v0x561e9d6db300_0 .net *"_ivl_789", 0 0, L_0x561e9d701a00;  1 drivers
v0x561e9d6db3e0_0 .net *"_ivl_79", 0 0, L_0x561e9d6e1a10;  1 drivers
v0x561e9d6db4c0_0 .net *"_ivl_794", 0 0, L_0x561e9d7026e0;  1 drivers
v0x561e9d6db5a0_0 .net *"_ivl_799", 0 0, L_0x561e9d7027a0;  1 drivers
v0x561e9d6db680_0 .net *"_ivl_801", 0 0, L_0x561e9d702890;  1 drivers
v0x561e9d6db760_0 .net *"_ivl_802", 0 0, L_0x561e9d702930;  1 drivers
v0x561e9d6db840_0 .net *"_ivl_808", 0 0, L_0x561e9d702b30;  1 drivers
v0x561e9d6db920_0 .net *"_ivl_810", 0 0, L_0x561e9d702c60;  1 drivers
v0x561e9d6dba00_0 .net *"_ivl_811", 0 0, L_0x561e9d702d30;  1 drivers
v0x561e9d6dbae0_0 .net *"_ivl_814", 0 0, L_0x561e9d702e40;  1 drivers
v0x561e9d6dbbc0_0 .net *"_ivl_816", 0 0, L_0x561e9d702f30;  1 drivers
v0x561e9d6dbca0_0 .net *"_ivl_821", 0 0, L_0x561e9d7030e0;  1 drivers
v0x561e9d6dbd80_0 .net *"_ivl_825", 0 0, L_0x561e9d703150;  1 drivers
v0x561e9d6dbe60_0 .net *"_ivl_829", 0 0, L_0x561e9d703220;  1 drivers
v0x561e9d6dbf40_0 .net *"_ivl_83", 0 0, L_0x561e9d6e1810;  1 drivers
v0x561e9d6dc020_0 .net *"_ivl_834", 0 0, L_0x561e9d7021e0;  1 drivers
v0x561e9d6dc100_0 .net *"_ivl_839", 0 0, L_0x561e9d7022a0;  1 drivers
v0x561e9d6dc1e0_0 .net *"_ivl_841", 0 0, L_0x561e9d702390;  1 drivers
v0x561e9d6dc2c0_0 .net *"_ivl_842", 0 0, L_0x561e9d702430;  1 drivers
v0x561e9d6dc3a0_0 .net *"_ivl_848", 0 0, L_0x561e9d703a60;  1 drivers
v0x561e9d6dc480_0 .net *"_ivl_850", 0 0, L_0x561e9d703b90;  1 drivers
v0x561e9d6dc560_0 .net *"_ivl_851", 0 0, L_0x561e9d703c30;  1 drivers
v0x561e9d6dc640_0 .net *"_ivl_854", 0 0, L_0x561e9d703d40;  1 drivers
v0x561e9d6dc720_0 .net *"_ivl_856", 0 0, L_0x561e9d703510;  1 drivers
v0x561e9d6dc800_0 .net *"_ivl_861", 0 0, L_0x561e9d7036c0;  1 drivers
v0x561e9d6dc8e0_0 .net *"_ivl_865", 0 0, L_0x561e9d703730;  1 drivers
v0x561e9d6dc9c0_0 .net *"_ivl_869", 0 0, L_0x561e9d703830;  1 drivers
v0x561e9d6dcaa0_0 .net *"_ivl_87", 0 0, L_0x561e9d6e1dd0;  1 drivers
v0x561e9d6dcb80_0 .net *"_ivl_874", 0 0, L_0x561e9d7049c0;  1 drivers
v0x561e9d6dcc60_0 .net *"_ivl_879", 0 0, L_0x561e9d704a80;  1 drivers
v0x561e9d6dcd40_0 .net *"_ivl_881", 0 0, L_0x561e9d703e80;  1 drivers
v0x561e9d6dce20_0 .net *"_ivl_882", 0 0, L_0x561e9d703f20;  1 drivers
v0x561e9d6dcf00_0 .net *"_ivl_888", 0 0, L_0x561e9d704120;  1 drivers
v0x561e9d6dcfe0_0 .net *"_ivl_890", 0 0, L_0x561e9d704250;  1 drivers
v0x561e9d6dd0c0_0 .net *"_ivl_891", 0 0, L_0x561e9d7042f0;  1 drivers
v0x561e9d6dd1a0_0 .net *"_ivl_894", 0 0, L_0x561e9d7044e0;  1 drivers
v0x561e9d6dd280_0 .net *"_ivl_896", 0 0, L_0x561e9d7045d0;  1 drivers
v0x561e9d6dd360_0 .net *"_ivl_901", 0 0, L_0x561e9d704780;  1 drivers
v0x561e9d6dd440_0 .net *"_ivl_905", 0 0, L_0x561e9d7047f0;  1 drivers
v0x561e9d6dd520_0 .net *"_ivl_909", 0 0, L_0x561e9d704890;  1 drivers
v0x561e9d6dd600_0 .net *"_ivl_91", 0 0, L_0x561e9d6e1fd0;  1 drivers
v0x561e9d6dd6e0_0 .net *"_ivl_914", 0 0, L_0x561e9d7052a0;  1 drivers
v0x561e9d6dd7c0_0 .net *"_ivl_919", 0 0, L_0x561e9d705930;  1 drivers
v0x561e9d6dd8a0_0 .net *"_ivl_921", 0 0, L_0x561e9d705a20;  1 drivers
v0x561e9d6dd980_0 .net *"_ivl_922", 0 0, L_0x561e9d705ac0;  1 drivers
v0x561e9d6dda60_0 .net *"_ivl_928", 0 0, L_0x561e9d704c60;  1 drivers
v0x561e9d6ddb40_0 .net *"_ivl_930", 0 0, L_0x561e9d704d90;  1 drivers
v0x561e9d6ddc20_0 .net *"_ivl_931", 0 0, L_0x561e9d704e30;  1 drivers
v0x561e9d6ddd00_0 .net *"_ivl_934", 0 0, L_0x561e9d704f40;  1 drivers
v0x561e9d6ddde0_0 .net *"_ivl_936", 0 0, L_0x561e9d705030;  1 drivers
v0x561e9d6ddec0_0 .net *"_ivl_942", 0 0, L_0x561e9d705470;  1 drivers
v0x561e9d6ddfa0_0 .net *"_ivl_944", 0 0, L_0x561e9d705620;  1 drivers
v0x561e9d6de080_0 .net *"_ivl_945", 0 0, L_0x561e9d7056c0;  1 drivers
v0x561e9d6de160_0 .net *"_ivl_950", 0 0, L_0x561e9d7057d0;  1 drivers
v0x561e9d6de240_0 .net *"_ivl_952", 0 0, L_0x561e9d705870;  1 drivers
v0x561e9d6de320_0 .net *"_ivl_953", 0 0, L_0x561e9d7061f0;  1 drivers
v0x561e9d6de400_0 .net *"_ivl_958", 0 0, L_0x561e9d706330;  1 drivers
v0x561e9d6de4e0_0 .net *"_ivl_960", 0 0, L_0x561e9d7069f0;  1 drivers
v0x561e9d6de5c0_0 .net *"_ivl_961", 0 0, L_0x561e9d706a90;  1 drivers
v0x561e9d6de6a0_0 .net *"_ivl_967", 0 0, L_0x561e9d705be0;  1 drivers
v0x561e9d6de780_0 .net *"_ivl_969", 0 0, L_0x561e9d705c80;  1 drivers
v0x561e9d6de860_0 .net *"_ivl_970", 0 0, L_0x561e9d705d20;  1 drivers
v0x561e9d6de940_0 .net *"_ivl_975", 0 0, L_0x561e9d705e80;  1 drivers
v0x561e9d6dea20_0 .net *"_ivl_977", 0 0, L_0x561e9d705f70;  1 drivers
v0x561e9d6deb00_0 .net *"_ivl_978", 0 0, L_0x561e9d706010;  1 drivers
v0x561e9d6debe0_0 .net *"_ivl_984", 0 0, L_0x561e9d706db0;  1 drivers
v0x561e9d6decc0_0 .net *"_ivl_986", 0 0, L_0x561e9d706f60;  1 drivers
v0x561e9d6deda0_0 .net *"_ivl_987", 0 0, L_0x561e9d707000;  1 drivers
v0x561e9d6dee80_0 .net *"_ivl_990", 0 0, L_0x561e9d707160;  1 drivers
v0x561e9d6def60_0 .net *"_ivl_992", 0 0, L_0x561e9d707200;  1 drivers
v0x561e9d6df040_0 .net *"_ivl_997", 0 0, L_0x561e9d707a60;  1 drivers
v0x561e9d6df120_0 .net "debug", 7 0, L_0x561e9d74c940;  alias, 1 drivers
v0x561e9d6df220_0 .var "debug_reg[0]", 0 0;
v0x561e9d6df2e0_0 .var "debug_reg[1]", 0 0;
v0x561e9d6df3a0_0 .var "debug_reg[2]", 0 0;
v0x561e9d6df460_0 .var "debug_reg[3]", 0 0;
v0x561e9d6df520_0 .var "debug_reg[4]", 0 0;
v0x561e9d6df5e0_0 .net "iRST_N", 0 0, v0x561e9d6e00b0_0;  1 drivers
E_0x561e9d2d29c0/0 .event negedge, v0x561e9d6df5e0_0;
E_0x561e9d2d29c0/1 .event posedge, v0x561e9d676c00_0;
E_0x561e9d2d29c0 .event/or E_0x561e9d2d29c0/0, E_0x561e9d2d29c0/1;
L_0x561e9d6e0d40 .part v0x561e9d67e730_0, 0, 1;
L_0x561e9d6e0ee0 .part v0x561e9d660c00_0, 1, 1;
L_0x561e9d6e10d0 .part v0x561e9d660c00_0, 0, 1;
L_0x561e9d6e1210 .part v0x561e9d660c00_0, 2, 1;
L_0x561e9d6e1460 .part L_0x561e9d74c5d0, 0, 1;
L_0x561e9d6e1620 .part L_0x561e9d74c5d0, 2, 1;
L_0x561e9d6e18b0 .part L_0x561e9d74c5d0, 1, 1;
L_0x561e9d6e1a10 .part v0x561e9d67e730_0, 3, 1;
L_0x561e9d6e1810 .part v0x561e9d6df820_0, 0, 1;
L_0x561e9d6e1dd0 .part v0x561e9d6df820_0, 1, 1;
L_0x561e9d6e1fd0 .part v0x561e9d6df820_0, 2, 1;
L_0x561e9d6e2350 .part v0x561e9d67e730_0, 1, 1;
L_0x561e9d6e2490 .part v0x561e9d67e730_0, 0, 1;
L_0x561e9d6e2700 .part v0x561e9d67e730_0, 2, 1;
L_0x561e9d6e27a0 .part L_0x561e9d74cc10, 1, 1;
L_0x561e9d6e2910 .part v0x561e9d67e730_0, 3, 1;
L_0x561e9d6e2a40 .part L_0x561e9d74cc10, 2, 1;
L_0x561e9d6e2d30 .part v0x561e9d67e730_0, 2, 1;
L_0x561e9d6e2e70 .part L_0x561e9d74cc10, 1, 1;
L_0x561e9d6e3020 .part v0x561e9d67e730_0, 1, 1;
L_0x561e9d6e2dd0 .part v0x561e9d67e730_0, 0, 1;
L_0x561e9d6e39a0 .part L_0x561e9d706bd0, 0, 1;
L_0x561e9d6e3b00 .part L_0x561e9d706bd0, 1, 1;
L_0x561e9d6e3d00 .part L_0x561e9d706120, 0, 1;
L_0x561e9d6e3e70 .part L_0x561e9d706120, 1, 1;
L_0x561e9d6e41d0 .part L_0x561e9d748320, 0, 1;
L_0x561e9d6e4350 .part L_0x561e9d706bd0, 1, 1;
L_0x561e9d6e4500 .part L_0x561e9d7496d0, 0, 1;
L_0x561e9d6e4690 .part L_0x561e9d706120, 1, 1;
L_0x561e9d6e40a0 .part v0x561e9d6df820_0, 3, 1;
L_0x561e9d6e4b80 .part L_0x561e9d737be0, 0, 1;
L_0x561e9d6e4c20 .part L_0x561e9d706bd0, 1, 1;
L_0x561e9d6e5040 .part L_0x561e9d7379b0, 0, 1;
L_0x561e9d6e50e0 .part L_0x561e9d706120, 1, 1;
L_0x561e9d6e5630 .part L_0x561e9d737550, 0, 1;
L_0x561e9d6e56d0 .part L_0x561e9d737550, 1, 1;
L_0x561e9d6e5a00 .part L_0x561e9d737320, 0, 1;
L_0x561e9d6e5aa0 .part L_0x561e9d706120, 1, 1;
L_0x561e9d6e5df0 .part v0x561e9d6df820_0, 0, 1;
L_0x561e9d6e5f50 .part L_0x561e9d706bd0, 0, 1;
L_0x561e9d6e6140 .part L_0x561e9d737550, 1, 1;
L_0x561e9d6e64d0 .part L_0x561e9d736ba0, 0, 1;
L_0x561e9d6e66d0 .part L_0x561e9d706120, 1, 1;
L_0x561e9d6e68e0 .part v0x561e9d6df820_0, 1, 1;
L_0x561e9d6e6d40 .part L_0x561e9d748320, 0, 1;
L_0x561e9d6e6e30 .part L_0x561e9d737550, 1, 1;
L_0x561e9d6e71d0 .part L_0x561e9d7363c0, 0, 1;
L_0x561e9d6e7270 .part L_0x561e9d706120, 1, 1;
L_0x561e9d6e77b0 .part L_0x561e9d74c5d0, 3, 1;
L_0x561e9d6e79a0 .part L_0x561e9d6eabf0, 0, 1;
L_0x561e9d6e7be0 .part L_0x561e9d6eabf0, 1, 1;
L_0x561e9d6e7f90 .part L_0x561e9d6eb750, 0, 1;
L_0x561e9d6e81e0 .part L_0x561e9d6eb750, 1, 1;
L_0x561e9d6e8410 .part L_0x561e9d74c5d0, 4, 1;
L_0x561e9d6e8670 .part L_0x561e9d74c5d0, 5, 1;
L_0x561e9d6e8a10 .part L_0x561e9d737dc0, 0, 1;
L_0x561e9d6e8c80 .part L_0x561e9d6eabf0, 1, 1;
L_0x561e9d6e8e90 .part L_0x561e9d737780, 0, 1;
L_0x561e9d6e9110 .part L_0x561e9d6eb750, 1, 1;
L_0x561e9d6e94f0 .part L_0x561e9d736dd0, 0, 1;
L_0x561e9d6e9780 .part L_0x561e9d6eabf0, 1, 1;
L_0x561e9d6e99a0 .part L_0x561e9d736820, 0, 1;
L_0x561e9d6e9c40 .part L_0x561e9d6eb750, 1, 1;
L_0x561e9d6ea070 .part L_0x561e9d7361e0, 0, 1;
L_0x561e9d6ea320 .part L_0x561e9d6eabf0, 1, 1;
L_0x561e9d6ea530 .part L_0x561e9d735b50, 0, 1;
L_0x561e9d6ea7f0 .part L_0x561e9d6eb750, 1, 1;
L_0x561e9d6eabf0 .concat8 [ 1 1 1 0], L_0x561e9d6eaf60, L_0x561e9d6e78e0, L_0x561e9d6e8710;
L_0x561e9d6eb0c0 .part L_0x561e9d6eabf0, 0, 1;
L_0x561e9d6eb160 .part L_0x561e9d734a80, 1, 1;
L_0x561e9d6eb750 .concat8 [ 1 1 0 0], L_0x561e9d6e7cd0, L_0x561e9d6ebbd0;
L_0x561e9d6eb840 .part L_0x561e9d6eabf0, 2, 1;
L_0x561e9d6ebb30 .part L_0x561e9d74c5d0, 6, 1;
L_0x561e9d6ebd30 .part L_0x561e9d734620, 0, 1;
L_0x561e9d6ec030 .part L_0x561e9d6eb750, 1, 1;
L_0x561e9d6ec3f0 .part L_0x561e9d74c5d0, 0, 1;
L_0x561e9d6ec7c0 .part L_0x561e9d74c5d0, 2, 1;
L_0x561e9d6ec860 .part L_0x561e9d74c5d0, 3, 1;
L_0x561e9d6ecee0 .part L_0x561e9d737dc0, 0, 1;
L_0x561e9d6ecfd0 .part L_0x561e9d734a80, 1, 1;
L_0x561e9d6ed460 .part L_0x561e9d748b90, 0, 1;
L_0x561e9d6ed500 .part L_0x561e9d6eb750, 1, 1;
L_0x561e9d6edcc0 .part L_0x561e9d74c5d0, 1, 1;
L_0x561e9d6ede20 .part L_0x561e9d736dd0, 0, 1;
L_0x561e9d6ee1c0 .part L_0x561e9d734a80, 1, 1;
L_0x561e9d6ee5e0 .part L_0x561e9d748500, 0, 1;
L_0x561e9d6ee940 .part L_0x561e9d6eb750, 1, 1;
L_0x561e9d6eee60 .part v0x561e9d660c00_0, 0, 1;
L_0x561e9d6ef2c0 .part v0x561e9d660c00_0, 2, 1;
L_0x561e9d6ef6d0 .part v0x561e9d660c00_0, 1, 1;
L_0x561e9d6efb60 .part v0x561e9d660c00_0, 2, 1;
L_0x561e9d6efff0 .part v0x561e9d660c00_0, 2, 1;
L_0x561e9d6f0d50 .concat8 [ 1 1 0 0], L_0x561e9d6f0cb0, L_0x561e9d6f0e70;
L_0x561e9d6f11d0 .part L_0x561e9d6f0d50, 0, 1;
L_0x561e9d6f15f0 .part L_0x561e9d6f0d50, 1, 1;
L_0x561e9d6f1b40 .part L_0x561e9d735020, 1, 1;
L_0x561e9d6f35b0 .concat8 [ 1 1 0 0], L_0x561e9d6f31e0, L_0x561e9d6f36a0;
L_0x561e9d6f37b0 .part L_0x561e9d6f35b0, 0, 1;
L_0x561e9d6f3bc0 .part L_0x561e9d6f35b0, 1, 1;
L_0x561e9d6f4550 .concat8 [ 1 1 0 0], L_0x561e9d6f41c0, L_0x561e9d6f4970;
L_0x561e9d6f4a80 .part L_0x561e9d6f4550, 0, 1;
L_0x561e9d6f4b70 .part L_0x561e9d6f4550, 1, 1;
L_0x561e9d6f5760 .part L_0x561e9d6f6c20, 0, 1;
L_0x561e9d6f5800 .part L_0x561e9d6f6c20, 1, 1;
L_0x561e9d6f6180 .part L_0x561e9d734850, 0, 1;
L_0x561e9d6f6250 .part L_0x561e9d6f6c20, 1, 1;
L_0x561e9d6f6c20 .concat8 [ 1 1 0 0], L_0x561e9d6f53b0, L_0x561e9d6f6d50;
L_0x561e9d6f71f0 .part L_0x561e9d6f6c20, 1, 1;
L_0x561e9d6f7600 .part L_0x561e9d749530, 1, 1;
L_0x561e9d6f7bf0 .part L_0x561e9d735020, 1, 1;
L_0x561e9d6f8c00 .part L_0x561e9d70eee0, 0, 1;
L_0x561e9d6f8ca0 .part L_0x561e9d70eee0, 1, 1;
L_0x561e9d6f9770 .part L_0x561e9d735020, 1, 1;
L_0x561e9d6f9ce0 .part L_0x561e9d7493d0, 0, 1;
L_0x561e9d6fb0a0 .part L_0x561e9d7491d0, 1, 1;
L_0x561e9d6fb7e0 .part v0x561e9d67e730_0, 0, 1;
L_0x561e9d6fbc30 .part v0x561e9d67e730_0, 1, 1;
L_0x561e9d6fbd90 .concat8 [ 1 1 0 0], L_0x561e9d6fbcd0, L_0x561e9d6fc2e0;
L_0x561e9d6fc240 .part v0x561e9d67e730_0, 2, 1;
L_0x561e9d6fc850 .part L_0x561e9d6fbd90, 0, 1;
L_0x561e9d6fcd10 .part L_0x561e9d6fbd90, 1, 1;
L_0x561e9d6fcec0 .part L_0x561e9d737550, 0, 1;
L_0x561e9d6fd340 .part L_0x561e9d706bd0, 1, 1;
L_0x561e9d6fd910 .part L_0x561e9d748730, 0, 1;
L_0x561e9d6fdda0 .part L_0x561e9d706120, 1, 1;
L_0x561e9d6fd6c0 .concat8 [ 1 1 1 1], L_0x561e9d6fe060, L_0x561e9d6fd4f0, L_0x561e9d6fd5f0, L_0x561e9d6fe940;
L_0x561e9d6fe9b0 .part L_0x561e9d6fd6c0, 0, 1;
L_0x561e9d6feaa0 .part L_0x561e9d6fd6c0, 1, 1;
L_0x561e9d6fe100 .concat8 [ 1 1 0 0], L_0x561e9d6fef50, L_0x561e9d6fe360;
L_0x561e9d6fe1f0 .part L_0x561e9d6fd6c0, 2, 1;
L_0x561e9d6fe290 .part L_0x561e9d6fd6c0, 3, 1;
L_0x561e9d6fe470 .part L_0x561e9d6fe100, 0, 1;
L_0x561e9d6ff4b0 .part L_0x561e9d6fe100, 1, 1;
L_0x561e9d6ff060 .concat8 [ 1 1 1 1], L_0x561e9d6ff660, L_0x561e9d6ff6d0, L_0x561e9d6ff770, L_0x561e9d6ff250;
L_0x561e9d6ff310 .part L_0x561e9d6ff060, 0, 1;
L_0x561e9d6ff400 .part L_0x561e9d6ff060, 1, 1;
L_0x561e9d6ffeb0 .concat8 [ 1 1 0 0], L_0x561e9d6ffd70, L_0x561e9d6ff920;
L_0x561e9d6fffa0 .part L_0x561e9d6ff060, 2, 1;
L_0x561e9d700530 .part L_0x561e9d6ff060, 3, 1;
L_0x561e9d6ffa30 .part L_0x561e9d6ffeb0, 0, 1;
L_0x561e9d6ffb20 .part L_0x561e9d6ffeb0, 1, 1;
L_0x561e9d7002a0 .concat8 [ 1 1 1 1], L_0x561e9d6ffcd0, L_0x561e9d7000d0, L_0x561e9d7001a0, L_0x561e9d700490;
L_0x561e9d700a50 .part L_0x561e9d7002a0, 0, 1;
L_0x561e9d700b40 .part L_0x561e9d7002a0, 1, 1;
L_0x561e9d700cf0 .concat8 [ 1 1 0 0], L_0x561e9d700be0, L_0x561e9d700670;
L_0x561e9d700de0 .part L_0x561e9d7002a0, 2, 1;
L_0x561e9d7005d0 .part L_0x561e9d7002a0, 3, 1;
L_0x561e9d700780 .part L_0x561e9d700cf0, 0, 1;
L_0x561e9d700870 .part L_0x561e9d700cf0, 1, 1;
L_0x561e9d7015d0 .concat8 [ 1 1 1 1], L_0x561e9d7013c0, L_0x561e9d701430, L_0x561e9d7014d0, L_0x561e9d7017c0;
L_0x561e9d700f60 .part L_0x561e9d7015d0, 0, 1;
L_0x561e9d701050 .part L_0x561e9d7015d0, 1, 1;
L_0x561e9d701230 .concat8 [ 1 1 0 0], L_0x561e9d7010f0, L_0x561e9d701e80;
L_0x561e9d701320 .part L_0x561e9d7015d0, 2, 1;
L_0x561e9d701db0 .part L_0x561e9d7015d0, 3, 1;
L_0x561e9d701f90 .part L_0x561e9d701230, 0, 1;
L_0x561e9d702080 .part L_0x561e9d701230, 1, 1;
L_0x561e9d701b00 .concat8 [ 1 1 1 1], L_0x561e9d701890, L_0x561e9d701900, L_0x561e9d701a00, L_0x561e9d7026e0;
L_0x561e9d7027a0 .part L_0x561e9d701b00, 0, 1;
L_0x561e9d702890 .part L_0x561e9d701b00, 1, 1;
L_0x561e9d702a40 .concat8 [ 1 1 0 0], L_0x561e9d702930, L_0x561e9d702d30;
L_0x561e9d702b30 .part L_0x561e9d701b00, 2, 1;
L_0x561e9d702c60 .part L_0x561e9d701b00, 3, 1;
L_0x561e9d702e40 .part L_0x561e9d702a40, 0, 1;
L_0x561e9d702f30 .part L_0x561e9d702a40, 1, 1;
L_0x561e9d703320 .concat8 [ 1 1 1 1], L_0x561e9d7030e0, L_0x561e9d703150, L_0x561e9d703220, L_0x561e9d7021e0;
L_0x561e9d7022a0 .part L_0x561e9d703320, 0, 1;
L_0x561e9d702390 .part L_0x561e9d703320, 1, 1;
L_0x561e9d702570 .concat8 [ 1 1 0 0], L_0x561e9d702430, L_0x561e9d703c30;
L_0x561e9d703a60 .part L_0x561e9d703320, 2, 1;
L_0x561e9d703b90 .part L_0x561e9d703320, 3, 1;
L_0x561e9d703d40 .part L_0x561e9d702570, 0, 1;
L_0x561e9d703510 .part L_0x561e9d702570, 1, 1;
L_0x561e9d703930 .concat8 [ 1 1 1 1], L_0x561e9d7036c0, L_0x561e9d703730, L_0x561e9d703830, L_0x561e9d7049c0;
L_0x561e9d704a80 .part L_0x561e9d703930, 0, 1;
L_0x561e9d703e80 .part L_0x561e9d703930, 1, 1;
L_0x561e9d704030 .concat8 [ 1 1 0 0], L_0x561e9d703f20, L_0x561e9d7042f0;
L_0x561e9d704120 .part L_0x561e9d703930, 2, 1;
L_0x561e9d704250 .part L_0x561e9d703930, 3, 1;
L_0x561e9d7044e0 .part L_0x561e9d704030, 0, 1;
L_0x561e9d7045d0 .part L_0x561e9d704030, 1, 1;
L_0x561e9d7050e0 .concat8 [ 1 1 1 1], L_0x561e9d704780, L_0x561e9d7047f0, L_0x561e9d704890, L_0x561e9d7052a0;
L_0x561e9d705930 .part L_0x561e9d7050e0, 0, 1;
L_0x561e9d705a20 .part L_0x561e9d7050e0, 1, 1;
L_0x561e9d704b70 .concat8 [ 1 1 0 0], L_0x561e9d705ac0, L_0x561e9d704e30;
L_0x561e9d704c60 .part L_0x561e9d7050e0, 2, 1;
L_0x561e9d704d90 .part L_0x561e9d7050e0, 3, 1;
L_0x561e9d704f40 .part L_0x561e9d704b70, 0, 1;
L_0x561e9d705030 .part L_0x561e9d704b70, 1, 1;
L_0x561e9d705470 .part v0x561e9d6df820_0, 0, 1;
L_0x561e9d705620 .part v0x561e9d6df820_0, 1, 1;
L_0x561e9d7057d0 .part v0x561e9d6df820_0, 2, 1;
L_0x561e9d705870 .part v0x561e9d6df820_0, 3, 1;
L_0x561e9d706330 .part v0x561e9d6df820_0, 4, 1;
L_0x561e9d7069f0 .part v0x561e9d6df820_0, 5, 1;
L_0x561e9d706bd0 .concat8 [ 1 1 1 1], L_0x561e9d6e5e90, L_0x561e9d6e4140, L_0x561e9d706a90, L_0x561e9d705d20;
L_0x561e9d705be0 .part v0x561e9d6df820_0, 6, 1;
L_0x561e9d705c80 .part v0x561e9d6df820_0, 7, 1;
L_0x561e9d705e80 .part L_0x561e9d737be0, 0, 1;
L_0x561e9d705f70 .part L_0x561e9d737550, 1, 1;
L_0x561e9d706120 .concat8 [ 1 1 0 0], L_0x561e9d6e3bf0, L_0x561e9d707000;
L_0x561e9d706db0 .part L_0x561e9d706bd0, 2, 1;
L_0x561e9d706f60 .part L_0x561e9d706bd0, 3, 1;
L_0x561e9d707160 .part L_0x561e9d735fb0, 0, 1;
L_0x561e9d707200 .part L_0x561e9d706120, 1, 1;
L_0x561e9d707ad0 .part L_0x561e9d70eee0, 1, 1;
L_0x561e9d707360 .part L_0x561e9d735d80, 1, 1;
L_0x561e9d707580 .part L_0x561e9d707890, 0, 1;
L_0x561e9d707620 .part L_0x561e9d707890, 1, 1;
L_0x561e9d707890 .concat8 [ 1 1 0 0], L_0x561e9d707510, L_0x561e9d707980;
L_0x561e9d706450 .part L_0x561e9d7356a0, 0, 1;
L_0x561e9d706520 .part L_0x561e9d707890, 1, 1;
L_0x561e9d706770 .concat8 [ 1 1 0 0], L_0x561e9d7066b0, L_0x561e9d706860;
L_0x561e9d7081d0 .part L_0x561e9d706770, 0, 1;
L_0x561e9d7082c0 .part L_0x561e9d706770, 1, 1;
L_0x561e9d708730 .concat8 [ 1 1 1 1], L_0x561e9d706970, L_0x561e9d708510, L_0x561e9d708620, L_0x561e9d707c10;
L_0x561e9d707d70 .part L_0x561e9d708730, 0, 1;
L_0x561e9d707e60 .part L_0x561e9d708730, 1, 1;
L_0x561e9d708010 .concat8 [ 1 1 0 0], L_0x561e9d707f00, L_0x561e9d708f50;
L_0x561e9d708100 .part L_0x561e9d708730, 2, 1;
L_0x561e9d708eb0 .part L_0x561e9d708730, 3, 1;
L_0x561e9d709060 .part L_0x561e9d708010, 0, 1;
L_0x561e9d709100 .part L_0x561e9d708010, 1, 1;
L_0x561e9d708900 .concat8 [ 1 1 1 1], L_0x561e9d7092b0, L_0x561e9d708820, L_0x561e9d708890, L_0x561e9d708a90;
L_0x561e9d708b50 .part L_0x561e9d708900, 0, 1;
L_0x561e9d708c40 .part L_0x561e9d708900, 1, 1;
L_0x561e9d708df0 .concat8 [ 1 1 0 0], L_0x561e9d708ce0, L_0x561e9d709c10;
L_0x561e9d709a40 .part L_0x561e9d708900, 2, 1;
L_0x561e9d709b70 .part L_0x561e9d708900, 3, 1;
L_0x561e9d709d20 .part L_0x561e9d708df0, 0, 1;
L_0x561e9d709e10 .part L_0x561e9d708df0, 1, 1;
L_0x561e9d70a110 .concat8 [ 1 1 1 1], L_0x561e9d709fc0, L_0x561e9d70a030, L_0x561e9d70a0a0, L_0x561e9d70a250;
L_0x561e9d709320 .part L_0x561e9d70a110, 0, 1;
L_0x561e9d709410 .part L_0x561e9d70a110, 1, 1;
L_0x561e9d7095c0 .concat8 [ 1 1 0 0], L_0x561e9d7094b0, L_0x561e9d709880;
L_0x561e9d7096b0 .part L_0x561e9d70a110, 2, 1;
L_0x561e9d7097e0 .part L_0x561e9d70a110, 3, 1;
L_0x561e9d70aa20 .part L_0x561e9d7095c0, 0, 1;
L_0x561e9d70ab10 .part L_0x561e9d7095c0, 1, 1;
L_0x561e9d70ae10 .concat8 [ 1 1 1 1], L_0x561e9d70acc0, L_0x561e9d70ad30, L_0x561e9d70ada0, L_0x561e9d70afa0;
L_0x561e9d70b060 .part L_0x561e9d70ae10, 0, 1;
L_0x561e9d70b150 .part L_0x561e9d70ae10, 1, 1;
L_0x561e9d70b300 .concat8 [ 1 1 0 0], L_0x561e9d70b1f0, L_0x561e9d70a3b0;
L_0x561e9d70b3f0 .part L_0x561e9d70ae10, 2, 1;
L_0x561e9d70a310 .part L_0x561e9d70ae10, 3, 1;
L_0x561e9d70a4c0 .part L_0x561e9d70b300, 0, 1;
L_0x561e9d70a5b0 .part L_0x561e9d70b300, 1, 1;
L_0x561e9d70a8b0 .concat8 [ 1 1 1 1], L_0x561e9d70a760, L_0x561e9d70a7d0, L_0x561e9d70a840, L_0x561e9d70bcf0;
L_0x561e9d70bdb0 .part L_0x561e9d70a8b0, 0, 1;
L_0x561e9d70bea0 .part L_0x561e9d70a8b0, 1, 1;
L_0x561e9d70b5e0 .concat8 [ 1 1 0 0], L_0x561e9d70b520, L_0x561e9d70b8a0;
L_0x561e9d70b6d0 .part L_0x561e9d70a8b0, 2, 1;
L_0x561e9d70b800 .part L_0x561e9d70a8b0, 3, 1;
L_0x561e9d70b9b0 .part L_0x561e9d70b5e0, 0, 1;
L_0x561e9d70baa0 .part L_0x561e9d70b5e0, 1, 1;
L_0x561e9d70c850 .concat8 [ 1 1 1 1], L_0x561e9d70bc50, L_0x561e9d70c770, L_0x561e9d70c7e0, L_0x561e9d70c9f0;
L_0x561e9d70cab0 .part L_0x561e9d70c850, 0, 1;
L_0x561e9d70cba0 .part L_0x561e9d70c850, 1, 1;
L_0x561e9d70bf40 .concat8 [ 1 1 0 0], L_0x561e9d70cc40, L_0x561e9d70c200;
L_0x561e9d70c030 .part L_0x561e9d70c850, 2, 1;
L_0x561e9d70c160 .part L_0x561e9d70c850, 3, 1;
L_0x561e9d70c310 .part L_0x561e9d70bf40, 0, 1;
L_0x561e9d70c400 .part L_0x561e9d70bf40, 1, 1;
L_0x561e9d70d590 .concat8 [ 1 1 1 1], L_0x561e9d70c5b0, L_0x561e9d70c620, L_0x561e9d70d520, L_0x561e9d70d780;
L_0x561e9d70d840 .part L_0x561e9d70d590, 0, 1;
L_0x561e9d70d930 .part L_0x561e9d70d590, 1, 1;
L_0x561e9d70dae0 .concat8 [ 1 1 0 0], L_0x561e9d70d9d0, L_0x561e9d70dda0;
L_0x561e9d70dbd0 .part L_0x561e9d70d590, 2, 1;
L_0x561e9d70dd00 .part L_0x561e9d70d590, 3, 1;
L_0x561e9d70cd50 .part L_0x561e9d70dae0, 0, 1;
L_0x561e9d70ce40 .part L_0x561e9d70dae0, 1, 1;
L_0x561e9d70d140 .concat8 [ 1 1 1 1], L_0x561e9d70cff0, L_0x561e9d70d060, L_0x561e9d70d0d0, L_0x561e9d70d330;
L_0x561e9d70d3f0 .part L_0x561e9d70d140, 0, 1;
L_0x561e9d70e6c0 .part L_0x561e9d70d140, 1, 1;
L_0x561e9d70e870 .concat8 [ 1 1 0 0], L_0x561e9d70e760, L_0x561e9d70eb30;
L_0x561e9d70e960 .part L_0x561e9d70d140, 2, 1;
L_0x561e9d70ea90 .part L_0x561e9d70d140, 3, 1;
L_0x561e9d70ec40 .part L_0x561e9d70e870, 0, 1;
L_0x561e9d70ed30 .part L_0x561e9d70e870, 1, 1;
L_0x561e9d70e090 .concat8 [ 1 1 1 1], L_0x561e9d70deb0, L_0x561e9d70df20, L_0x561e9d70df90, L_0x561e9d70e280;
L_0x561e9d70e340 .part L_0x561e9d70e090, 0, 1;
L_0x561e9d70e430 .part L_0x561e9d70e090, 1, 1;
L_0x561e9d70e5e0 .concat8 [ 1 1 0 0], L_0x561e9d70e4d0, L_0x561e9d70f950;
L_0x561e9d70f780 .part L_0x561e9d70e090, 2, 1;
L_0x561e9d70f8b0 .part L_0x561e9d70e090, 3, 1;
L_0x561e9d70fa60 .part L_0x561e9d70e5e0, 0, 1;
L_0x561e9d70fb50 .part L_0x561e9d70e5e0, 1, 1;
L_0x561e9d70eee0 .concat8 [ 1 1 0 0], L_0x561e9d6f8ac0, L_0x561e9d70f010;
L_0x561e9d70f110 .part L_0x561e9d70eee0, 1, 1;
L_0x561e9d70f290 .part L_0x561e9d7300c0, 0, 1;
L_0x561e9d70f330 .part L_0x561e9d7300c0, 1, 1;
L_0x561e9d70f550 .part L_0x561e9d730710, 0, 1;
L_0x561e9d70f5f0 .part L_0x561e9d730710, 1, 1;
L_0x561e9d70ff00 .part L_0x561e9d731ca0, 0, 1;
L_0x561e9d70ffa0 .part L_0x561e9d731ca0, 1, 1;
L_0x561e9d710210 .part L_0x561e9d733040, 0, 1;
L_0x561e9d7102b0 .part L_0x561e9d733040, 1, 1;
L_0x561e9d7104b0 .part L_0x561e9d74c5d0, 0, 1;
L_0x561e9d710550 .part L_0x561e9d74c5d0, 1, 1;
L_0x561e9d7107e0 .part L_0x561e9d7361e0, 0, 1;
L_0x561e9d7108d0 .part L_0x561e9d734a80, 1, 1;
L_0x561e9d710ac0 .part L_0x561e9d7365f0, 0, 1;
L_0x561e9d710b60 .part L_0x561e9d6eb750, 1, 1;
L_0x561e9d710e10 .part L_0x561e9d748fd0, 0, 1;
L_0x561e9d7119b0 .part v0x561e9d660c00_0, 0, 1;
L_0x561e9d711a50 .part v0x561e9d660c00_0, 1, 1;
L_0x561e9d711c00 .part v0x561e9d660c00_0, 2, 1;
L_0x561e9d711da0 .part v0x561e9d67e730_0, 2, 1;
L_0x561e9d711e40 .part v0x561e9d67e730_0, 3, 1;
L_0x561e9d711ff0 .part L_0x561e9d6fbd90, 0, 1;
L_0x561e9d712120 .part L_0x561e9d748960, 1, 1;
L_0x561e9d711300 .concat8 [ 1 1 1 1], L_0x561e9d7110c0, L_0x561e9d711130, L_0x561e9d711200, L_0x561e9d7114f0;
L_0x561e9d7115b0 .part L_0x561e9d711300, 0, 1;
L_0x561e9d7116a0 .part L_0x561e9d711300, 1, 1;
L_0x561e9d711850 .concat8 [ 1 1 0 0], L_0x561e9d711740, L_0x561e9d711940;
L_0x561e9d712bb0 .part L_0x561e9d711300, 2, 1;
L_0x561e9d712ce0 .part L_0x561e9d711300, 3, 1;
L_0x561e9d712e20 .part L_0x561e9d711850, 0, 1;
L_0x561e9d712f10 .part L_0x561e9d711850, 1, 1;
L_0x561e9d713580 .part L_0x561e9d735020, 1, 1;
L_0x561e9d7136b0 .functor MUXZ 1, L_0x561e9d713580, L_0x7f4c33044018, L_0x561e9d6ef360, C4<>;
L_0x561e9d7137a0 .functor MUXZ 1, L_0x7f4c330440a8, L_0x7f4c33044060, v0x561e9d65f0a0_0, C4<>;
L_0x561e9d713980 .functor MUXZ 1, L_0x7f4c33044138, L_0x7f4c330440f0, L_0x561e9d6fcdb0, C4<>;
L_0x561e9d713ac0 .part v0x561e9d66d950_0, 7, 1;
L_0x561e9d713bb0 .functor MUXZ 1, L_0x561e9d713ac0, L_0x7f4c33044180, L_0x561e9d6fcdb0, C4<>;
L_0x561e9d713d30 .functor MUXZ 1, L_0x7f4c33044210, L_0x7f4c330441c8, L_0x561e9d6fcdb0, C4<>;
L_0x561e9d713e70 .part L_0x561e9d7493d0, 0, 1;
L_0x561e9d713ff0 .functor MUXZ 1, L_0x7f4c330442a0, L_0x7f4c33044258, L_0x561e9d713e70, C4<>;
L_0x561e9d714130 .part L_0x561e9d7493d0, 0, 1;
L_0x561e9d7141d0 .functor MUXZ 1, L_0x7f4c33044330, L_0x7f4c330442e8, L_0x561e9d714130, C4<>;
L_0x561e9d714360 .part v0x561e9d6750a0_0, 0, 1;
L_0x561e9d714400 .functor MUXZ 1, L_0x7f4c33044378, L_0x561e9d714360, L_0x561e9d720040, C4<>;
L_0x561e9d7148a0 .part v0x561e9d6750a0_0, 1, 1;
L_0x561e9d714990 .functor MUXZ 1, L_0x7f4c330443c0, L_0x561e9d7148a0, L_0x561e9d720040, C4<>;
L_0x561e9d714b10 .part v0x561e9d6750a0_0, 2, 1;
L_0x561e9d714bb0 .functor MUXZ 1, L_0x7f4c33044408, L_0x561e9d714b10, L_0x561e9d720040, C4<>;
L_0x561e9d714cf0 .part v0x561e9d6750a0_0, 3, 1;
L_0x561e9d714e20 .functor MUXZ 1, L_0x7f4c33044450, L_0x561e9d714cf0, L_0x561e9d720040, C4<>;
L_0x561e9d714f10 .part v0x561e9d6750a0_0, 4, 1;
L_0x561e9d7150c0 .functor MUXZ 1, L_0x7f4c33044498, L_0x561e9d714f10, L_0x561e9d720040, C4<>;
L_0x561e9d715200 .part v0x561e9d6750a0_0, 5, 1;
L_0x561e9d716750 .functor MUXZ 1, L_0x7f4c330444e0, L_0x561e9d715200, L_0x561e9d720040, C4<>;
L_0x561e9d715e50 .part v0x561e9d6750a0_0, 6, 1;
L_0x561e9d715ef0 .functor MUXZ 1, L_0x7f4c33044528, L_0x561e9d715e50, L_0x561e9d720040, C4<>;
L_0x561e9d716030 .part v0x561e9d673540_0, 0, 1;
L_0x561e9d7160d0 .functor MUXZ 1, L_0x7f4c33044570, L_0x561e9d716030, L_0x561e9d720040, C4<>;
L_0x561e9d716210 .part v0x561e9d673540_0, 1, 1;
L_0x561e9d716300 .functor MUXZ 1, L_0x7f4c330445b8, L_0x561e9d716210, L_0x561e9d720040, C4<>;
L_0x561e9d716440 .part v0x561e9d673540_0, 2, 1;
L_0x561e9d7164e0 .functor MUXZ 1, L_0x7f4c33044600, L_0x561e9d716440, L_0x561e9d720040, C4<>;
L_0x561e9d716620 .part v0x561e9d673540_0, 3, 1;
L_0x561e9d7172f0 .functor MUXZ 1, L_0x7f4c33044648, L_0x561e9d716620, L_0x561e9d720040, C4<>;
L_0x561e9d7167f0 .part v0x561e9d673540_0, 4, 1;
L_0x561e9d716890 .functor MUXZ 1, L_0x7f4c33044690, L_0x561e9d7167f0, L_0x561e9d720040, C4<>;
L_0x561e9d7169d0 .part v0x561e9d673540_0, 5, 1;
L_0x561e9d716a70 .functor MUXZ 1, L_0x7f4c330446d8, L_0x561e9d7169d0, L_0x561e9d720040, C4<>;
L_0x561e9d716bb0 .part v0x561e9d673540_0, 6, 1;
L_0x561e9d716c50 .functor MUXZ 1, L_0x7f4c33044720, L_0x561e9d716bb0, L_0x561e9d720040, C4<>;
L_0x561e9d716d90 .part L_0x561e9d74b3c0, 1, 1;
L_0x561e9d716e30 .part L_0x561e9d74b7d0, 1, 1;
L_0x561e9d716ed0 .functor MUXZ 1, L_0x561e9d716e30, L_0x561e9d716d90, L_0x561e9d7121c0, C4<>;
L_0x561e9d717060 .part L_0x561e9d74b3c0, 2, 1;
L_0x561e9d717150 .part L_0x561e9d74b7d0, 2, 1;
L_0x561e9d717240 .functor MUXZ 1, L_0x561e9d717150, L_0x561e9d717060, L_0x561e9d7121c0, C4<>;
L_0x561e9d717fa0 .part L_0x561e9d74b3c0, 3, 1;
L_0x561e9d718040 .part L_0x561e9d74b7d0, 3, 1;
L_0x561e9d717390 .functor MUXZ 1, L_0x561e9d718040, L_0x561e9d717fa0, L_0x561e9d7121c0, C4<>;
L_0x561e9d717480 .part L_0x561e9d74b3c0, 4, 1;
L_0x561e9d7175b0 .part L_0x561e9d74b7d0, 4, 1;
L_0x561e9d7176e0 .functor MUXZ 1, L_0x561e9d7175b0, L_0x561e9d717480, L_0x561e9d7121c0, C4<>;
L_0x561e9d717780 .part L_0x561e9d74b3c0, 5, 1;
L_0x561e9d717820 .part L_0x561e9d74b7d0, 5, 1;
L_0x561e9d7178c0 .functor MUXZ 1, L_0x561e9d717820, L_0x561e9d717780, L_0x561e9d7121c0, C4<>;
L_0x561e9d717a00 .part L_0x561e9d74b3c0, 6, 1;
L_0x561e9d717aa0 .part L_0x561e9d74b7d0, 6, 1;
L_0x561e9d717b40 .functor MUXZ 1, L_0x561e9d717aa0, L_0x561e9d717a00, L_0x561e9d7121c0, C4<>;
L_0x561e9d717cb0 .part L_0x561e9d74b3c0, 7, 1;
L_0x561e9d717d50 .part L_0x561e9d74b7d0, 7, 1;
L_0x561e9d717df0 .functor MUXZ 1, L_0x561e9d717d50, L_0x561e9d717cb0, L_0x561e9d7121c0, C4<>;
L_0x561e9d718d60 .part L_0x561e9d74be30, 0, 1;
L_0x561e9d7180e0 .functor MUXZ 1, L_0x7f4c33044768, L_0x561e9d718d60, L_0x561e9d70fd00, C4<>;
L_0x561e9d718250 .part L_0x561e9d74be30, 1, 1;
L_0x561e9d718340 .functor MUXZ 1, L_0x7f4c330447b0, L_0x561e9d718250, L_0x561e9d70fd00, C4<>;
L_0x561e9d718480 .part L_0x561e9d74be30, 2, 1;
L_0x561e9d718520 .functor MUXZ 1, L_0x7f4c330447f8, L_0x561e9d718480, L_0x561e9d70fd00, C4<>;
L_0x561e9d7187a0 .part L_0x561e9d74be30, 3, 1;
L_0x561e9d718840 .functor MUXZ 1, L_0x7f4c33044840, L_0x561e9d7187a0, L_0x561e9d70fd00, C4<>;
L_0x561e9d718960 .part L_0x561e9d74be30, 4, 1;
L_0x561e9d718a00 .functor MUXZ 1, L_0x7f4c33044888, L_0x561e9d718960, L_0x561e9d70fd00, C4<>;
L_0x561e9d718b70 .part L_0x561e9d74be30, 5, 1;
L_0x561e9d718c10 .functor MUXZ 1, L_0x7f4c330448d0, L_0x561e9d718b70, L_0x561e9d70fd00, C4<>;
L_0x561e9d719ae0 .part L_0x561e9d74be30, 6, 1;
L_0x561e9d718e00 .functor MUXZ 1, L_0x7f4c33044918, L_0x561e9d719ae0, L_0x561e9d70fd00, C4<>;
LS_0x561e9d718f70_0_0 .concat8 [ 1 1 1 1], L_0x561e9d7180e0, L_0x561e9d718340, L_0x561e9d718520, L_0x561e9d718840;
LS_0x561e9d718f70_0_4 .concat8 [ 1 1 1 1], L_0x561e9d718a00, L_0x561e9d718c10, L_0x561e9d718e00, L_0x561e9d719330;
L_0x561e9d718f70 .concat8 [ 4 4 0 0], LS_0x561e9d718f70_0_0, LS_0x561e9d718f70_0_4;
L_0x561e9d719290 .part L_0x561e9d74a650, 0, 1;
L_0x561e9d719330 .functor MUXZ 1, L_0x7f4c33044960, L_0x561e9d719290, L_0x561e9d70fd00, C4<>;
L_0x561e9d7194c0 .part v0x561e9d66d950_0, 0, 1;
L_0x561e9d7195b0 .functor MUXZ 1, L_0x561e9d7194c0, L_0x7f4c330449a8, L_0x561e9d6fcdb0, C4<>;
L_0x561e9d7196f0 .part v0x561e9d66d950_0, 1, 1;
L_0x561e9d719790 .functor MUXZ 1, L_0x561e9d7196f0, L_0x7f4c330449f0, L_0x561e9d6fcdb0, C4<>;
L_0x561e9d7198d0 .part v0x561e9d66d950_0, 2, 1;
L_0x561e9d719970 .functor MUXZ 1, L_0x561e9d7198d0, L_0x7f4c33044a38, L_0x561e9d6fcdb0, C4<>;
L_0x561e9d71a870 .part v0x561e9d66d950_0, 3, 1;
L_0x561e9d71a910 .functor MUXZ 1, L_0x561e9d71a870, L_0x7f4c33044a80, L_0x561e9d6fcdb0, C4<>;
L_0x561e9d719c20 .part v0x561e9d66d950_0, 4, 1;
L_0x561e9d719cc0 .functor MUXZ 1, L_0x561e9d719c20, L_0x7f4c33044ac8, L_0x561e9d6fcdb0, C4<>;
L_0x561e9d719e00 .part v0x561e9d66d950_0, 5, 1;
L_0x561e9d719ea0 .functor MUXZ 1, L_0x561e9d719e00, L_0x7f4c33044b10, L_0x561e9d6fcdb0, C4<>;
L_0x561e9d719fe0 .part v0x561e9d66d950_0, 6, 1;
L_0x561e9d71a190 .functor MUXZ 1, L_0x561e9d719fe0, L_0x7f4c33044b58, L_0x561e9d6fcdb0, C4<>;
L_0x561e9d71a2d0 .part L_0x561e9d71d580, 0, 1;
L_0x561e9d71a3a0 .functor MUXZ 1, L_0x7f4c33044ba0, L_0x561e9d71a2d0, L_0x561e9d6fab80, C4<>;
L_0x561e9d71a510 .part L_0x561e9d71d580, 1, 1;
L_0x561e9d71a600 .functor MUXZ 1, L_0x7f4c33044be8, L_0x561e9d71a510, L_0x561e9d6fab80, C4<>;
L_0x561e9d71a740 .part L_0x561e9d71d580, 2, 1;
L_0x561e9d71b6b0 .functor MUXZ 1, L_0x7f4c33044c30, L_0x561e9d71a740, L_0x561e9d6fab80, C4<>;
L_0x561e9d71ab60 .part L_0x561e9d71d580, 3, 1;
L_0x561e9d71ac00 .functor MUXZ 1, L_0x7f4c33044c78, L_0x561e9d71ab60, L_0x561e9d6fab80, C4<>;
L_0x561e9d71ad20 .part L_0x561e9d71d580, 4, 1;
L_0x561e9d71adc0 .functor MUXZ 1, L_0x7f4c33044cc0, L_0x561e9d71ad20, L_0x561e9d6fab80, C4<>;
L_0x561e9d71af30 .part L_0x561e9d71d580, 5, 1;
L_0x561e9d71afd0 .functor MUXZ 1, L_0x7f4c33044d08, L_0x561e9d71af30, L_0x561e9d6fab80, C4<>;
L_0x561e9d71b140 .part L_0x561e9d71d580, 6, 1;
L_0x561e9d71b1e0 .functor MUXZ 1, L_0x7f4c33044d50, L_0x561e9d71b140, L_0x561e9d6fab80, C4<>;
LS_0x561e9d71b320_0_0 .concat8 [ 1 1 1 1], L_0x561e9d71a3a0, L_0x561e9d71a600, L_0x561e9d71b6b0, L_0x561e9d71ac00;
LS_0x561e9d71b320_0_4 .concat8 [ 1 1 1 1], L_0x561e9d71adc0, L_0x561e9d71afd0, L_0x561e9d71b1e0, L_0x561e9d71b750;
L_0x561e9d71b320 .concat8 [ 4 4 0 0], LS_0x561e9d71b320_0_0, LS_0x561e9d71b320_0_4;
L_0x561e9d71c4a0 .part L_0x561e9d71d580, 7, 1;
L_0x561e9d71b750 .functor MUXZ 1, L_0x7f4c33044d98, L_0x561e9d71c4a0, L_0x561e9d6fab80, C4<>;
L_0x561e9d71b8e0 .functor MUXZ 1, L_0x7f4c33044de0, v0x561e9d66f4b0_0, L_0x561e9d71ff00, C4<>;
L_0x561e9d71ba20 .part v0x561e9d66d950_0, 0, 1;
L_0x561e9d71bac0 .functor MUXZ 1, L_0x7f4c33044e28, L_0x561e9d71ba20, L_0x561e9d71ff00, C4<>;
L_0x561e9d71bc00 .part v0x561e9d66d950_0, 1, 1;
L_0x561e9d71bca0 .functor MUXZ 1, L_0x7f4c33044e70, L_0x561e9d71bc00, L_0x561e9d71ff00, C4<>;
L_0x561e9d71bd90 .part v0x561e9d66d950_0, 2, 1;
L_0x561e9d71be30 .functor MUXZ 1, L_0x7f4c33044eb8, L_0x561e9d71bd90, L_0x561e9d71ff00, C4<>;
L_0x561e9d71bf70 .part v0x561e9d66d950_0, 3, 1;
L_0x561e9d71c010 .functor MUXZ 1, L_0x7f4c33044f00, L_0x561e9d71bf70, L_0x561e9d71ff00, C4<>;
L_0x561e9d71c150 .part v0x561e9d66d950_0, 4, 1;
L_0x561e9d71c1f0 .functor MUXZ 1, L_0x7f4c33044f48, L_0x561e9d71c150, L_0x561e9d71ff00, C4<>;
L_0x561e9d71c330 .part v0x561e9d66d950_0, 5, 1;
L_0x561e9d71c3d0 .functor MUXZ 1, L_0x7f4c33044f90, L_0x561e9d71c330, L_0x561e9d71ff00, C4<>;
LS_0x561e9d71d580_0_0 .concat8 [ 1 1 1 1], L_0x561e9d71b8e0, L_0x561e9d71bac0, L_0x561e9d71bca0, L_0x561e9d71be30;
LS_0x561e9d71d580_0_4 .concat8 [ 1 1 1 1], L_0x561e9d71c010, L_0x561e9d71c1f0, L_0x561e9d71c3d0, L_0x561e9d71c650;
L_0x561e9d71d580 .concat8 [ 4 4 0 0], LS_0x561e9d71d580_0_0, LS_0x561e9d71d580_0_4;
L_0x561e9d71d8a0 .part v0x561e9d66d950_0, 6, 1;
L_0x561e9d71c650 .functor MUXZ 1, L_0x7f4c33044fd8, L_0x561e9d71d8a0, L_0x561e9d71ff00, C4<>;
L_0x561e9d71c7e0 .part L_0x561e9d735880, 0, 1;
L_0x561e9d71c880 .functor MUXZ 1, L_0x7f4c33045020, L_0x561e9d71c7e0, L_0x561e9d720040, C4<>;
L_0x561e9d71c9c0 .part L_0x561e9d7343f0, 1, 1;
L_0x561e9d71ca60 .functor MUXZ 1, L_0x7f4c33045068, L_0x561e9d71c9c0, L_0x561e9d720040, C4<>;
L_0x561e9d71cba0 .part L_0x561e9d7343f0, 2, 1;
L_0x561e9d71cc90 .functor MUXZ 1, L_0x7f4c330450b0, L_0x561e9d71cba0, L_0x561e9d720040, C4<>;
L_0x561e9d71cdd0 .concat8 [ 1 1 1 1], L_0x561e9d71c880, L_0x561e9d71ca60, L_0x561e9d71cc90, L_0x561e9d71d000;
L_0x561e9d71cf60 .part L_0x561e9d7343f0, 3, 1;
L_0x561e9d71d000 .functor MUXZ 1, L_0x7f4c330450f8, L_0x561e9d71cf60, L_0x561e9d720040, C4<>;
L_0x561e9d71d190 .functor MUXZ 1, L_0x7f4c33045188, L_0x7f4c33045140, L_0x561e9d720040, C4<>;
L_0x561e9d71d2d0 .functor MUXZ 1, L_0x7f4c33045218, L_0x7f4c330451d0, L_0x561e9d720040, C4<>;
L_0x561e9d71e780 .part L_0x561e9d71cdd0, 0, 1;
L_0x561e9d71e870 .part L_0x561e9d74afb0, 0, 1;
L_0x561e9d71d940 .functor MUXZ 1, L_0x561e9d71e870, L_0x561e9d71e780, L_0x561e9d7121c0, C4<>;
L_0x561e9d71da80 .part L_0x561e9d71cdd0, 1, 1;
L_0x561e9d71db20 .part L_0x561e9d74afb0, 1, 1;
L_0x561e9d71dc10 .functor MUXZ 1, L_0x561e9d71db20, L_0x561e9d71da80, L_0x561e9d7121c0, C4<>;
L_0x561e9d71dd50 .part L_0x561e9d71cdd0, 2, 1;
L_0x561e9d71ddf0 .part L_0x561e9d74afb0, 1, 1;
L_0x561e9d71de90 .functor MUXZ 1, L_0x561e9d71ddf0, L_0x561e9d71dd50, L_0x561e9d7121c0, C4<>;
L_0x561e9d71df80 .concat8 [ 1 1 1 1], L_0x561e9d71d940, L_0x561e9d71dc10, L_0x561e9d71de90, L_0x561e9d71e250;
L_0x561e9d71e110 .part L_0x561e9d71cdd0, 3, 1;
L_0x561e9d71e1b0 .part L_0x561e9d74afb0, 1, 1;
L_0x561e9d71e250 .functor MUXZ 1, L_0x561e9d71e1b0, L_0x561e9d71e110, L_0x561e9d7121c0, C4<>;
L_0x561e9d71e390 .part L_0x561e9d735880, 0, 1;
L_0x561e9d71e480 .part v0x561e9d67e730_0, 0, 1;
L_0x561e9d71e520 .functor MUXZ 1, L_0x561e9d71e480, L_0x561e9d71e390, L_0x561e9d71ff00, C4<>;
L_0x561e9d71e660 .part L_0x561e9d7343f0, 1, 1;
L_0x561e9d71f7d0 .part v0x561e9d67e730_0, 1, 1;
L_0x561e9d71e910 .functor MUXZ 1, L_0x561e9d71f7d0, L_0x561e9d71e660, L_0x561e9d71ff00, C4<>;
L_0x561e9d71ea00 .part L_0x561e9d7343f0, 2, 1;
L_0x561e9d71eaa0 .part v0x561e9d67e730_0, 2, 1;
L_0x561e9d71eb40 .functor MUXZ 1, L_0x561e9d71eaa0, L_0x561e9d71ea00, L_0x561e9d71ff00, C4<>;
L_0x561e9d71ec80 .concat8 [ 1 1 1 1], L_0x561e9d71e520, L_0x561e9d71e910, L_0x561e9d71eb40, L_0x561e9d71ef50;
L_0x561e9d71ee10 .part L_0x561e9d7343f0, 3, 1;
L_0x561e9d71eeb0 .part v0x561e9d67e730_0, 3, 1;
L_0x561e9d71ef50 .functor MUXZ 1, L_0x561e9d71eeb0, L_0x561e9d71ee10, L_0x561e9d71ff00, C4<>;
L_0x561e9d71f0e0 .part L_0x561e9d71ec80, 0, 1;
L_0x561e9d71f1d0 .functor MUXZ 1, L_0x7f4c33045260, L_0x561e9d71f0e0, L_0x561e9d6fcdb0, C4<>;
L_0x561e9d71f310 .part L_0x561e9d71ec80, 1, 1;
L_0x561e9d71f3b0 .functor MUXZ 1, L_0x7f4c330452a8, L_0x561e9d71f310, L_0x561e9d6fcdb0, C4<>;
L_0x561e9d71f4f0 .part L_0x561e9d71ec80, 2, 1;
L_0x561e9d71f620 .functor MUXZ 1, L_0x7f4c330452f0, L_0x561e9d71f4f0, L_0x561e9d6fcdb0, C4<>;
L_0x561e9d71f710 .concat8 [ 1 1 1 1], L_0x561e9d71f1d0, L_0x561e9d71f3b0, L_0x561e9d71f620, L_0x561e9d71f870;
L_0x561e9d720850 .part L_0x561e9d71ec80, 3, 1;
L_0x561e9d71f870 .functor MUXZ 1, L_0x7f4c33045338, L_0x561e9d720850, L_0x561e9d6fcdb0, C4<>;
L_0x561e9d71fa00 .part v0x561e9d6750a0_0, 7, 1;
L_0x561e9d71faa0 .functor MUXZ 1, L_0x7f4c33045380, L_0x561e9d71fa00, L_0x561e9d720040, C4<>;
L_0x561e9d71fbe0 .part v0x561e9d673540_0, 7, 1;
L_0x561e9d71fc80 .functor MUXZ 1, L_0x7f4c330453c8, L_0x561e9d71fbe0, L_0x561e9d720040, C4<>;
L_0x561e9d71fdc0 .functor MUXZ 1, L_0x561e9d71fc80, L_0x561e9d71faa0, L_0x561e9d7121c0, C4<>;
L_0x561e9d71ff00 .functor MUXZ 1, L_0x561e9d6e36d0, L_0x561e9d6e3790, v0x561e9d67be20_0, C4<>;
L_0x561e9d720040 .functor MUXZ 1, L_0x561e9d6e3790, L_0x561e9d6e36d0, v0x561e9d67be20_0, C4<>;
L_0x561e9d720130 .part v0x561e9d667980_0, 0, 1;
L_0x561e9d7202e0 .part v0x561e9d668730_0, 0, 1;
L_0x561e9d720490 .part v0x561e9d6694e0_0, 0, 1;
L_0x561e9d720640 .part v0x561e9d66a290_0, 0, 1;
L_0x561e9d7152f0 .part v0x561e9d66b0e0_0, 0, 1;
L_0x561e9d7154a0 .part v0x561e9d66b040_0, 0, 1;
L_0x561e9d715650 .part v0x561e9d66bdf0_0, 0, 1;
L_0x561e9d715800 .part v0x561e9d66cba0_0, 0, 1;
L_0x561e9d7159b0 .part v0x561e9d667980_0, 1, 1;
L_0x561e9d715bb0 .part v0x561e9d668730_0, 1, 1;
L_0x561e9d721e40 .part v0x561e9d6694e0_0, 1, 1;
L_0x561e9d722080 .part v0x561e9d66a290_0, 1, 1;
L_0x561e9d720980 .part v0x561e9d66b0e0_0, 1, 1;
L_0x561e9d720b50 .part v0x561e9d66b040_0, 1, 1;
L_0x561e9d720d90 .part v0x561e9d66bdf0_0, 1, 1;
L_0x561e9d720fd0 .part v0x561e9d66cba0_0, 1, 1;
L_0x561e9d721210 .part v0x561e9d667980_0, 2, 1;
L_0x561e9d7213f0 .part v0x561e9d668730_0, 2, 1;
L_0x561e9d7215a0 .part v0x561e9d6694e0_0, 2, 1;
L_0x561e9d721750 .part v0x561e9d66a290_0, 2, 1;
L_0x561e9d721900 .part v0x561e9d66b0e0_0, 2, 1;
L_0x561e9d721ab0 .part v0x561e9d66b040_0, 2, 1;
L_0x561e9d721c60 .part v0x561e9d66bdf0_0, 2, 1;
L_0x561e9d722d50 .part v0x561e9d66cba0_0, 2, 1;
L_0x561e9d7239c0 .part v0x561e9d667980_0, 3, 1;
L_0x561e9d723b20 .part v0x561e9d668730_0, 3, 1;
L_0x561e9d7222a0 .part v0x561e9d6694e0_0, 3, 1;
L_0x561e9d722420 .part v0x561e9d66a290_0, 3, 1;
L_0x561e9d722610 .part v0x561e9d66b0e0_0, 3, 1;
L_0x561e9d722800 .part v0x561e9d66b040_0, 3, 1;
L_0x561e9d7229f0 .part v0x561e9d66bdf0_0, 3, 1;
L_0x561e9d722be0 .part v0x561e9d66cba0_0, 3, 1;
L_0x561e9d722fc0 .part v0x561e9d667980_0, 4, 1;
L_0x561e9d723170 .part v0x561e9d668730_0, 4, 1;
L_0x561e9d723320 .part v0x561e9d6694e0_0, 4, 1;
L_0x561e9d7234d0 .part v0x561e9d66a290_0, 4, 1;
L_0x561e9d723680 .part v0x561e9d66b0e0_0, 4, 1;
L_0x561e9d723830 .part v0x561e9d66b040_0, 4, 1;
L_0x561e9d724820 .part v0x561e9d66bdf0_0, 4, 1;
L_0x561e9d7249d0 .part v0x561e9d66cba0_0, 4, 1;
L_0x561e9d7256c0 .part v0x561e9d667980_0, 5, 1;
L_0x561e9d723e00 .part v0x561e9d668730_0, 5, 1;
L_0x561e9d7240c0 .part v0x561e9d6694e0_0, 5, 1;
L_0x561e9d724380 .part v0x561e9d66a290_0, 5, 1;
L_0x561e9d724530 .part v0x561e9d66b0e0_0, 5, 1;
L_0x561e9d724b80 .part v0x561e9d66b040_0, 5, 1;
L_0x561e9d724e40 .part v0x561e9d66bdf0_0, 5, 1;
L_0x561e9d725100 .part v0x561e9d66cba0_0, 5, 1;
L_0x561e9d7253c0 .part v0x561e9d667980_0, 6, 1;
L_0x561e9d725570 .part v0x561e9d668730_0, 6, 1;
L_0x561e9d7263b0 .part v0x561e9d6694e0_0, 6, 1;
L_0x561e9d726560 .part v0x561e9d66a290_0, 6, 1;
L_0x561e9d7272b0 .part v0x561e9d66b0e0_0, 6, 1;
L_0x561e9d725820 .part v0x561e9d66b040_0, 6, 1;
L_0x561e9d7259d0 .part v0x561e9d66bdf0_0, 6, 1;
L_0x561e9d725b80 .part v0x561e9d66cba0_0, 6, 1;
L_0x561e9d725c20 .part v0x561e9d667980_0, 7, 1;
L_0x561e9d725e70 .part v0x561e9d668730_0, 7, 1;
L_0x561e9d7260c0 .part v0x561e9d6694e0_0, 7, 1;
L_0x561e9d726310 .part v0x561e9d66a290_0, 7, 1;
L_0x561e9d7268c0 .part v0x561e9d66b0e0_0, 7, 1;
L_0x561e9d726b10 .part v0x561e9d66b040_0, 7, 1;
L_0x561e9d726d60 .part v0x561e9d66bdf0_0, 7, 1;
L_0x561e9d726fb0 .part v0x561e9d66cba0_0, 7, 1;
L_0x561e9d7271b0 .part L_0x561e9d7351d0, 0, 1;
L_0x561e9d728120 .part L_0x561e9d74a650, 0, 1;
L_0x561e9d728f30 .part L_0x561e9d74a9c0, 2, 1;
L_0x561e9d727410 .part L_0x561e9d74a9c0, 0, 1;
L_0x561e9d727610 .part L_0x561e9d7351d0, 1, 1;
L_0x561e9d727770 .part L_0x561e9d74a9c0, 0, 1;
L_0x561e9d727920 .part L_0x561e9d74a9c0, 2, 1;
L_0x561e9d727a80 .part L_0x561e9d74abf0, 0, 1;
L_0x561e9d727be0 .part v0x561e9d667980_0, 0, 1;
L_0x561e9d727d90 .part v0x561e9d668730_0, 0, 1;
L_0x561e9d727ef0 .part v0x561e9d6694e0_0, 0, 1;
L_0x561e9d728320 .part v0x561e9d66a290_0, 0, 1;
L_0x561e9d728480 .part v0x561e9d66b0e0_0, 0, 1;
L_0x561e9d7285e0 .part v0x561e9d66b040_0, 0, 1;
L_0x561e9d728740 .part v0x561e9d66bdf0_0, 0, 1;
L_0x561e9d728930 .part v0x561e9d66cba0_0, 0, 1;
L_0x561e9d728b20 .part v0x561e9d667980_0, 1, 1;
L_0x561e9d728c80 .part v0x561e9d668730_0, 1, 1;
L_0x561e9d728e30 .part v0x561e9d6694e0_0, 1, 1;
L_0x561e9d729e80 .part v0x561e9d66a290_0, 1, 1;
L_0x561e9d72acd0 .part v0x561e9d66b0e0_0, 1, 1;
L_0x561e9d72ade0 .part v0x561e9d66b040_0, 1, 1;
L_0x561e9d7290e0 .part v0x561e9d66bdf0_0, 1, 1;
L_0x561e9d7291f0 .part v0x561e9d66cba0_0, 1, 1;
L_0x561e9d7293a0 .part v0x561e9d667980_0, 2, 1;
L_0x561e9d729550 .part v0x561e9d668730_0, 2, 1;
L_0x561e9d729700 .part v0x561e9d6694e0_0, 2, 1;
L_0x561e9d7298b0 .part v0x561e9d66a290_0, 2, 1;
L_0x561e9d729a60 .part v0x561e9d66b0e0_0, 2, 1;
L_0x561e9d729c10 .part v0x561e9d66b040_0, 2, 1;
L_0x561e9d72a030 .part v0x561e9d66bdf0_0, 2, 1;
L_0x561e9d72a1e0 .part v0x561e9d66cba0_0, 2, 1;
L_0x561e9d72a390 .part v0x561e9d667980_0, 3, 1;
L_0x561e9d72a540 .part v0x561e9d668730_0, 3, 1;
L_0x561e9d72a6f0 .part v0x561e9d6694e0_0, 3, 1;
L_0x561e9d72a8a0 .part v0x561e9d66a290_0, 3, 1;
L_0x561e9d72aa50 .part v0x561e9d66b0e0_0, 3, 1;
L_0x561e9d72ac00 .part v0x561e9d66b040_0, 3, 1;
L_0x561e9d72ca50 .part v0x561e9d66bdf0_0, 3, 1;
L_0x561e9d72cb60 .part v0x561e9d66cba0_0, 3, 1;
L_0x561e9d72cc70 .part v0x561e9d667980_0, 4, 1;
L_0x561e9d72b000 .part v0x561e9d668730_0, 4, 1;
L_0x561e9d72b220 .part v0x561e9d6694e0_0, 4, 1;
L_0x561e9d72b4e0 .part v0x561e9d66a290_0, 4, 1;
L_0x561e9d72b7a0 .part v0x561e9d66b0e0_0, 4, 1;
L_0x561e9d72ba60 .part v0x561e9d66b040_0, 4, 1;
L_0x561e9d72be30 .part v0x561e9d66bdf0_0, 4, 1;
L_0x561e9d72c0f0 .part v0x561e9d66cba0_0, 4, 1;
L_0x561e9d72c3b0 .part v0x561e9d667980_0, 5, 1;
L_0x561e9d72c560 .part v0x561e9d668730_0, 5, 1;
L_0x561e9d72c710 .part v0x561e9d6694e0_0, 5, 1;
L_0x561e9d72c8c0 .part v0x561e9d66a290_0, 5, 1;
L_0x561e9d72db20 .part v0x561e9d66b0e0_0, 5, 1;
L_0x561e9d72dcd0 .part v0x561e9d66b040_0, 5, 1;
L_0x561e9d72ec30 .part v0x561e9d66bdf0_0, 5, 1;
L_0x561e9d72cd80 .part v0x561e9d66cba0_0, 5, 1;
L_0x561e9d72cf30 .part v0x561e9d667980_0, 6, 1;
L_0x561e9d72d0e0 .part v0x561e9d668730_0, 6, 1;
L_0x561e9d72d290 .part v0x561e9d6694e0_0, 6, 1;
L_0x561e9d72d440 .part v0x561e9d66a290_0, 6, 1;
L_0x561e9d72d5f0 .part v0x561e9d66b0e0_0, 6, 1;
L_0x561e9d72d7a0 .part v0x561e9d66b040_0, 6, 1;
L_0x561e9d72d950 .part v0x561e9d66bdf0_0, 6, 1;
L_0x561e9d72de80 .part v0x561e9d66cba0_0, 6, 1;
L_0x561e9d72e030 .part v0x561e9d667980_0, 7, 1;
L_0x561e9d72e3f0 .part v0x561e9d668730_0, 7, 1;
L_0x561e9d72e7b0 .part v0x561e9d6694e0_0, 7, 1;
L_0x561e9d72eb70 .part v0x561e9d66a290_0, 7, 1;
L_0x561e9d730ce0 .part v0x561e9d66b0e0_0, 7, 1;
L_0x561e9d72f0b0 .part v0x561e9d66b040_0, 7, 1;
L_0x561e9d730d80 .part v0x561e9d66bdf0_0, 7, 1;
L_0x561e9d72f790 .part v0x561e9d66cba0_0, 7, 1;
L_0x561e9d72fa40 .part L_0x561e9d71df80, 0, 1;
L_0x561e9d72ff10 .part L_0x561e9d71ec80, 0, 1;
L_0x561e9d7300c0 .concat8 [ 1 1 0 0], L_0x561e9d70f220, L_0x561e9d7302a0;
L_0x561e9d7301b0 .part L_0x561e9d71f710, 0, 1;
L_0x561e9d7303b0 .part L_0x561e9d71df80, 1, 1;
L_0x561e9d730560 .part L_0x561e9d71ec80, 1, 1;
L_0x561e9d730710 .concat8 [ 1 1 0 0], L_0x561e9d70f4e0, L_0x561e9d7308a0;
L_0x561e9d730800 .part L_0x561e9d71f710, 1, 1;
L_0x561e9d7309b0 .part L_0x561e9d71df80, 2, 1;
L_0x561e9d730b10 .part L_0x561e9d71ec80, 2, 1;
L_0x561e9d731ca0 .concat8 [ 1 1 0 0], L_0x561e9d70fe90, L_0x561e9d731e30;
L_0x561e9d731d90 .part L_0x561e9d71f710, 2, 1;
L_0x561e9d731ef0 .part L_0x561e9d71df80, 3, 1;
L_0x561e9d732f30 .part L_0x561e9d71ec80, 3, 1;
L_0x561e9d733040 .concat8 [ 1 1 0 0], L_0x561e9d7101a0, L_0x561e9d730ec0;
L_0x561e9d730e20 .part L_0x561e9d71f710, 3, 1;
L_0x561e9d731210 .functor MUXZ 1, L_0x7f4c33045410, L_0x561e9d6ff550, L_0x561e9d712fb0, C4<>;
L_0x561e9d7313a0 .functor MUXZ 1, L_0x7f4c33045458, L_0x561e9d6ffbc0, L_0x561e9d712fb0, C4<>;
L_0x561e9d7314e0 .functor MUXZ 1, L_0x7f4c330454a0, L_0x561e9d700910, L_0x561e9d712fb0, C4<>;
L_0x561e9d7315d0 .functor MUXZ 1, L_0x7f4c330454e8, L_0x561e9d702120, L_0x561e9d712fb0, C4<>;
L_0x561e9d731710 .functor MUXZ 1, L_0x7f4c33045530, L_0x561e9d702fd0, L_0x561e9d712fb0, C4<>;
L_0x561e9d731850 .functor MUXZ 1, L_0x7f4c33045578, L_0x561e9d7035b0, L_0x561e9d712fb0, C4<>;
L_0x561e9d731990 .functor MUXZ 1, L_0x7f4c330455c0, L_0x561e9d704670, L_0x561e9d712fb0, C4<>;
LS_0x561e9d731ad0_0_0 .concat8 [ 1 1 1 1], L_0x561e9d731210, L_0x561e9d7313a0, L_0x561e9d7314e0, L_0x561e9d7315d0;
LS_0x561e9d731ad0_0_4 .concat8 [ 1 1 1 1], L_0x561e9d731710, L_0x561e9d731850, L_0x561e9d731990, L_0x561e9d732230;
L_0x561e9d731ad0 .concat8 [ 4 4 0 0], LS_0x561e9d731ad0_0_0, LS_0x561e9d731ad0_0_4;
L_0x561e9d732230 .functor MUXZ 1, L_0x7f4c33045608, L_0x561e9d705360, L_0x561e9d712fb0, C4<>;
L_0x561e9d7323c0 .functor MUXZ 1, L_0x7f4c33045650, L_0x561e9d707710, L_0x561e9d707400, C4<>;
L_0x561e9d732550 .functor MUXZ 1, L_0x7f4c33045698, L_0x561e9d7065c0, L_0x561e9d707400, C4<>;
L_0x561e9d732690 .concat8 [ 1 1 1 0], L_0x561e9d7323c0, L_0x561e9d732550, L_0x561e9d7327d0;
L_0x561e9d7327d0 .functor MUXZ 1, L_0x7f4c330456e0, L_0x561e9d708360, L_0x561e9d707400, C4<>;
L_0x561e9d732910 .functor MUXZ 1, L_0x7f4c33045728, L_0x561e9d709eb0, L_0x561e9d7091a0, C4<>;
L_0x561e9d732aa0 .functor MUXZ 1, L_0x7f4c33045770, L_0x561e9d70abb0, L_0x561e9d7091a0, C4<>;
L_0x561e9d732be0 .functor MUXZ 1, L_0x7f4c330457b8, L_0x561e9d70a650, L_0x561e9d7091a0, C4<>;
L_0x561e9d732cd0 .functor MUXZ 1, L_0x7f4c33045800, L_0x561e9d70bb40, L_0x561e9d7091a0, C4<>;
L_0x561e9d732e10 .functor MUXZ 1, L_0x7f4c33045848, L_0x561e9d70c4a0, L_0x561e9d7091a0, C4<>;
L_0x561e9d733130 .functor MUXZ 1, L_0x7f4c33045890, L_0x561e9d70cee0, L_0x561e9d7091a0, C4<>;
L_0x561e9d733270 .functor MUXZ 1, L_0x7f4c330458d8, L_0x561e9d70edd0, L_0x561e9d7091a0, C4<>;
LS_0x561e9d7333b0_0_0 .concat8 [ 1 1 1 1], L_0x561e9d732910, L_0x561e9d732aa0, L_0x561e9d732be0, L_0x561e9d732cd0;
LS_0x561e9d7333b0_0_4 .concat8 [ 1 1 1 1], L_0x561e9d732e10, L_0x561e9d733130, L_0x561e9d733270, L_0x561e9d7336d0;
L_0x561e9d7333b0 .concat8 [ 4 4 0 0], LS_0x561e9d7333b0_0_0, LS_0x561e9d7333b0_0_4;
L_0x561e9d7336d0 .functor MUXZ 1, L_0x7f4c33045920, L_0x561e9d70fbf0, L_0x561e9d7091a0, C4<>;
L_0x561e9d733860 .functor MUXZ 1, L_0x7f4c33045968, L_0x561e9d70f3d0, L_0x561e9d70f1b0, C4<>;
L_0x561e9d7339f0 .functor MUXZ 1, L_0x7f4c330459b0, L_0x561e9d710720, L_0x561e9d70f1b0, C4<>;
L_0x561e9d733b30 .functor MUXZ 1, L_0x7f4c330459f8, L_0x561e9d710090, L_0x561e9d70f1b0, C4<>;
L_0x561e9d733c20 .concat8 [ 1 1 1 1], L_0x561e9d733860, L_0x561e9d7339f0, L_0x561e9d733b30, L_0x561e9d733db0;
L_0x561e9d733db0 .functor MUXZ 1, L_0x7f4c33045a40, L_0x561e9d7103a0, L_0x561e9d70f1b0, C4<>;
L_0x561e9d733f40 .functor MUXZ 1, L_0x7f4c33045a88, L_0x561e9d7132b0, L_0x561e9d710f20, C4<>;
L_0x561e9d734080 .functor MUXZ 1, L_0x7f4c33045ad0, L_0x561e9d713240, L_0x561e9d710f20, C4<>;
L_0x561e9d734170 .functor MUXZ 1, L_0x7f4c33045b18, L_0x561e9d7131d0, L_0x561e9d710f20, C4<>;
L_0x561e9d734210 .functor MUXZ 1, L_0x7f4c33045b60, L_0x561e9d713320, L_0x561e9d710f20, C4<>;
L_0x561e9d734300 .functor MUXZ 1, L_0x7f4c33045ba8, L_0x561e9d7147e0, L_0x561e9d710f20, C4<>;
LS_0x561e9d7343f0_0_0 .concat8 [ 1 1 1 1], L_0x561e9d735420, L_0x561e9d6e2560, L_0x561e9d6e2420, L_0x561e9d6e2b30;
LS_0x561e9d7343f0_0_4 .concat8 [ 28 0 0 0], L_0x561e9d7369c0;
L_0x561e9d7343f0 .concat8 [ 4 28 0 0], LS_0x561e9d7343f0_0_0, LS_0x561e9d7343f0_0_4;
L_0x561e9d7369c0 .part L_0x561e9d735600, 1, 28;
L_0x561e9d735420 .part L_0x561e9d735600, 0, 1;
L_0x561e9d7354c0 .part L_0x561e9d74cc10, 3, 1;
L_0x561e9d735560 .part L_0x561e9d735880, 0, 1;
L_0x561e9d735600 .concat [ 1 1 27 0], L_0x561e9d735560, L_0x561e9d7354c0, L_0x7f4c33045bf0;
L_0x561e9d7356a0 .concat8 [ 1 1 0 0], L_0x561e9d707820, L_0x561e9d735790;
L_0x561e9d735790 .part L_0x561e9d707890, 1, 1;
L_0x561e9d735880 .concat8 [ 1 31 0 0], L_0x561e9d6e0e40, L_0x561e9d7359c0;
L_0x561e9d735920 .part v0x561e9d67e730_0, 1, 3;
L_0x561e9d7359c0 .concat [ 3 28 0 0], L_0x561e9d735920, L_0x7f4c33045c38;
L_0x561e9d735b50 .concat8 [ 1 1 0 0], L_0x561e9d6ea3f0, L_0x561e9d735c90;
L_0x561e9d735c90 .part L_0x561e9d6eb750, 1, 1;
L_0x561e9d735d80 .concat8 [ 1 1 0 0], L_0x561e9d735ec0, L_0x561e9d707a60;
L_0x561e9d735ec0 .part L_0x561e9d70eee0, 1, 1;
L_0x561e9d735fb0 .concat8 [ 1 1 0 0], L_0x561e9d706010, L_0x561e9d7360f0;
L_0x561e9d7360f0 .part L_0x561e9d706120, 1, 1;
L_0x561e9d7361e0 .concat8 [ 1 2 0 0], L_0x561e9d7105f0, L_0x561e9d7362d0;
L_0x561e9d7362d0 .part L_0x561e9d6eabf0, 1, 2;
L_0x561e9d7363c0 .concat8 [ 1 1 0 0], L_0x561e9d6e70e0, L_0x561e9d736500;
L_0x561e9d736500 .part L_0x561e9d706120, 1, 1;
L_0x561e9d7365f0 .concat8 [ 1 1 0 0], L_0x561e9d710a00, L_0x561e9d736730;
L_0x561e9d736730 .part L_0x561e9d6eb750, 1, 1;
L_0x561e9d736820 .concat8 [ 1 1 0 0], L_0x561e9d6e98b0, L_0x561e9d736ab0;
L_0x561e9d736ab0 .part L_0x561e9d6eb750, 1, 1;
L_0x561e9d736ba0 .concat8 [ 1 1 0 0], L_0x561e9d6e6210, L_0x561e9d736ce0;
L_0x561e9d736ce0 .part L_0x561e9d706120, 1, 1;
L_0x561e9d736dd0 .concat8 [ 1 2 0 0], L_0x561e9d6edd60, L_0x561e9d736ec0;
L_0x561e9d736ec0 .part L_0x561e9d6eabf0, 1, 2;
L_0x561e9d736fb0 .part L_0x561e9d7371e0, 1, 28;
L_0x561e9d737050 .part L_0x561e9d7371e0, 0, 1;
L_0x561e9d737140 .part v0x561e9d67e730_0, 0, 1;
L_0x561e9d7371e0 .concat [ 1 28 0 0], L_0x561e9d737140, L_0x7f4c33045c80;
L_0x561e9d737320 .concat8 [ 1 1 0 0], L_0x561e9d6e58f0, L_0x561e9d737460;
L_0x561e9d737460 .part L_0x561e9d706120, 1, 1;
L_0x561e9d737550 .concat8 [ 1 1 2 0], L_0x561e9d6e53c0, L_0x561e9d7061f0, L_0x561e9d737690;
L_0x561e9d737690 .part L_0x561e9d706bd0, 2, 2;
L_0x561e9d737780 .concat8 [ 1 1 0 0], L_0x561e9d6e8d50, L_0x561e9d7378c0;
L_0x561e9d7378c0 .part L_0x561e9d6eb750, 1, 1;
L_0x561e9d7379b0 .concat8 [ 1 1 0 0], L_0x561e9d6e4e00, L_0x561e9d737af0;
L_0x561e9d737af0 .part L_0x561e9d706120, 1, 1;
L_0x561e9d737be0 .concat8 [ 1 3 0 0], L_0x561e9d7056c0, L_0x561e9d737cd0;
L_0x561e9d737cd0 .part L_0x561e9d706bd0, 1, 3;
L_0x561e9d737dc0 .concat8 [ 1 2 0 0], L_0x561e9d6ec700, L_0x561e9d737eb0;
L_0x561e9d737eb0 .part L_0x561e9d6eabf0, 1, 2;
L_0x561e9d7496d0 .concat8 [ 1 1 0 0], L_0x561e9d6e43f0, L_0x561e9d748020;
L_0x561e9d748020 .part L_0x561e9d706120, 1, 1;
L_0x561e9d748320 .concat8 [ 1 3 0 0], L_0x561e9d6e6af0, L_0x561e9d748410;
L_0x561e9d748410 .part L_0x561e9d706bd0, 1, 3;
L_0x561e9d748500 .concat8 [ 1 1 0 0], L_0x561e9d6ee260, L_0x561e9d748640;
L_0x561e9d748640 .part L_0x561e9d6eb750, 1, 1;
L_0x561e9d748730 .concat8 [ 1 1 0 0], L_0x561e9d6fd3e0, L_0x561e9d748870;
L_0x561e9d748870 .part L_0x561e9d706120, 1, 1;
L_0x561e9d748960 .concat8 [ 1 1 0 0], L_0x561e9d748aa0, L_0x561e9d711ee0;
L_0x561e9d748aa0 .part L_0x561e9d6fbd90, 0, 1;
L_0x561e9d748b90 .concat8 [ 1 1 0 0], L_0x561e9d6ed350, L_0x561e9d748cd0;
L_0x561e9d748cd0 .part L_0x561e9d6eb750, 1, 1;
L_0x561e9d748fd0 .concat8 [ 1 1 0 0], L_0x561e9d710d10, L_0x561e9d749110;
L_0x561e9d7491d0 .concat8 [ 1 1 0 0], L_0x561e9d749310, L_0x561e9d6fabf0;
L_0x561e9d7493d0 .concat8 [ 1 1 0 0], L_0x561e9d713450, L_0x561e9d749470;
L_0x561e9d749530 .concat8 [ 1 1 0 0], L_0x561e9d734530, L_0x561e9d6f7180;
L_0x561e9d734530 .part L_0x561e9d6f6c20, 1, 1;
L_0x561e9d734620 .concat8 [ 1 1 0 0], L_0x561e9d6eb440, L_0x561e9d734760;
L_0x561e9d734760 .part L_0x561e9d6eb750, 1, 1;
L_0x561e9d734850 .concat8 [ 1 1 0 0], L_0x561e9d6f6110, L_0x561e9d734990;
L_0x561e9d734990 .part L_0x561e9d6f6c20, 1, 1;
L_0x561e9d734a80 .concat8 [ 1 1 1 0], L_0x561e9d734c60, L_0x561e9d6ecb80, L_0x561e9d734b70;
L_0x561e9d734b70 .part L_0x561e9d734ee0, 1, 1;
L_0x561e9d734c60 .part L_0x561e9d734ee0, 0, 1;
L_0x561e9d734da0 .part L_0x561e9d6eabf0, 2, 1;
L_0x561e9d734e40 .part L_0x561e9d6eabf0, 0, 1;
L_0x561e9d734ee0 .concat [ 1 1 0 0], L_0x561e9d734e40, L_0x561e9d734da0;
L_0x561e9d735020 .concat8 [ 1 1 0 0], L_0x561e9d735110, L_0x561e9d7134c0;
L_0x561e9d7351d0 .concat8 [ 1 1 1 0], L_0x561e9d713ff0, L_0x561e9d7141d0, L_0x561e9d735310;
L_0x561e9d735310 .part L_0x561e9d7351d0, 1, 1;
L_0x561e9d74a650 .concat8 [ 1 2 0 0], L_0x561e9d713bb0, L_0x561e9d74a830;
L_0x561e9d74a6f0 .part L_0x561e9d74a9c0, 0, 1;
L_0x561e9d74a790 .part L_0x561e9d74a9c0, 2, 1;
L_0x561e9d74a830 .concat [ 1 1 0 0], L_0x561e9d74a790, L_0x561e9d74a6f0;
L_0x561e9d74a9c0 .concat8 [ 1 1 1 0], L_0x561e9d713980, L_0x561e9d74ab00, L_0x561e9d713d30;
L_0x561e9d74ab00 .part L_0x561e9d74a9c0, 0, 1;
L_0x561e9d74abf0 .concat8 [ 1 2 0 0], L_0x561e9d7137a0, L_0x561e9d74ae70;
L_0x561e9d74ad30 .part L_0x561e9d74abf0, 0, 1;
L_0x561e9d74add0 .part L_0x561e9d74abf0, 0, 1;
L_0x561e9d74ae70 .concat [ 1 1 0 0], L_0x561e9d74add0, L_0x561e9d74ad30;
L_0x561e9d74afb0 .concat8 [ 1 1 2 0], L_0x561e9d71d190, L_0x561e9d71d2d0, L_0x561e9d74b230;
L_0x561e9d74b0f0 .part L_0x561e9d74afb0, 1, 1;
L_0x561e9d74b190 .part L_0x561e9d74afb0, 1, 1;
L_0x561e9d74b230 .concat [ 1 1 0 0], L_0x561e9d74b190, L_0x561e9d74b0f0;
LS_0x561e9d74b3c0_0_0 .concat8 [ 1 1 1 1], L_0x561e9d74b6e0, L_0x561e9d714400, L_0x561e9d714990, L_0x561e9d714bb0;
LS_0x561e9d74b3c0_0_4 .concat8 [ 1 1 1 1], L_0x561e9d714e20, L_0x561e9d7150c0, L_0x561e9d716750, L_0x561e9d715ef0;
L_0x561e9d74b3c0 .concat8 [ 4 4 0 0], LS_0x561e9d74b3c0_0_0, LS_0x561e9d74b3c0_0_4;
L_0x561e9d74b6e0 .part L_0x561e9d74afb0, 1, 1;
LS_0x561e9d74b7d0_0_0 .concat8 [ 1 1 1 1], L_0x561e9d74bc00, L_0x561e9d7160d0, L_0x561e9d716300, L_0x561e9d7164e0;
LS_0x561e9d74b7d0_0_4 .concat8 [ 1 1 1 1], L_0x561e9d7172f0, L_0x561e9d716890, L_0x561e9d716a70, L_0x561e9d716c50;
L_0x561e9d74b7d0 .concat8 [ 4 4 0 0], LS_0x561e9d74b7d0_0_0, LS_0x561e9d74b7d0_0_4;
L_0x561e9d74bc00 .part L_0x561e9d74afb0, 1, 1;
LS_0x561e9d74d590_0_0 .concat8 [ 1 1 1 1], L_0x561e9d74bd40, L_0x561e9d716ed0, L_0x561e9d717240, L_0x561e9d717390;
LS_0x561e9d74d590_0_4 .concat8 [ 1 1 1 1], L_0x561e9d7176e0, L_0x561e9d7178c0, L_0x561e9d717b40, L_0x561e9d717df0;
L_0x561e9d74d590 .concat8 [ 4 4 0 0], LS_0x561e9d74d590_0_0, LS_0x561e9d74d590_0_4;
L_0x561e9d74bd40 .part L_0x561e9d74afb0, 1, 1;
LS_0x561e9d74be30_0_0 .concat8 [ 1 1 1 1], L_0x561e9d7195b0, L_0x561e9d719790, L_0x561e9d719970, L_0x561e9d71a910;
LS_0x561e9d74be30_0_4 .concat8 [ 1 1 1 1], L_0x561e9d719cc0, L_0x561e9d719ea0, L_0x561e9d71a190, L_0x561e9d74c260;
L_0x561e9d74be30 .concat8 [ 4 4 0 0], LS_0x561e9d74be30_0_0, LS_0x561e9d74be30_0_4;
L_0x561e9d74c260 .part L_0x561e9d74a650, 0, 1;
L_0x561e9d74c350 .part L_0x561e9d74cdf0, 5, 1;
L_0x561e9d74c3f0 .part L_0x561e9d74cdf0, 5, 1;
L_0x561e9d74c490 .concat [ 1 1 0 0], L_0x561e9d74c3f0, L_0x561e9d74c350;
LS_0x561e9d74c5d0_0_0 .concat8 [ 1 1 1 1], v0x561e9d683950_0, v0x561e9d6839f0_0, v0x561e9d682ba0_0, v0x561e9d681df0_0;
LS_0x561e9d74c5d0_0_4 .concat8 [ 1 1 1 1], v0x561e9d681040_0, v0x561e9d680290_0, v0x561e9d67f4e0_0, L_0x7f4c33045cc8;
L_0x561e9d74c5d0 .concat8 [ 4 4 0 0], LS_0x561e9d74c5d0_0_0, LS_0x561e9d74c5d0_0_4;
LS_0x561e9d74c940_0_0 .concat8 [ 1 1 1 1], v0x561e9d6df220_0, v0x561e9d6df2e0_0, v0x561e9d6df3a0_0, v0x561e9d6df460_0;
LS_0x561e9d74c940_0_4 .concat8 [ 1 3 0 0], v0x561e9d6df520_0, L_0x7f4c33045d10;
L_0x561e9d74c940 .concat8 [ 4 4 0 0], LS_0x561e9d74c940_0_0, LS_0x561e9d74c940_0_4;
LS_0x561e9d74cc10_0_0 .concat [ 1 1 1 1], L_0x561e9d737050, L_0x561e9d6e3280, L_0x561e9d6e2f10, o0x7f4c3309b5f8;
LS_0x561e9d74cc10_0_4 .concat [ 28 0 0 0], L_0x561e9d736fb0;
L_0x561e9d74cc10 .concat [ 4 28 0 0], LS_0x561e9d74cc10_0_0, LS_0x561e9d74cc10_0_4;
LS_0x561e9d74cdf0_0_0 .concat [ 1 1 1 1], L_0x561e9d733f40, L_0x561e9d734080, L_0x561e9d734170, L_0x561e9d734210;
LS_0x561e9d74cdf0_0_4 .concat [ 1 1 2 0], L_0x561e9d734300, o0x7f4c3309b628, L_0x561e9d74c490;
L_0x561e9d74cdf0 .concat [ 4 4 0 0], LS_0x561e9d74cdf0_0_0, LS_0x561e9d74cdf0_0_4;
    .scope S_0x561e9d4cb470;
T_4 ;
    %wait E_0x561e9d2d29c0;
    %load/vec4 v0x561e9d6df5e0_0;
    %nor/r;
    %flag_set/vec4 8;
    %jmp/0xz  T_4.0, 8;
    %pushi/vec4 0, 0, 1;
    %ix/load 5, 0, 0;
    %ix/load 4, 0, 0;
    %flag_set/imm 4, 0;
    %assign/vec4/off/d v0x561e9d675e50_0, 4, 5;
    %jmp T_4.1;
T_4.0 ;
    %load/vec4 v0x561e9d6590d0_0;
    %parti/s 1, 0, 2;
    %ix/load 5, 0, 0;
    %ix/load 4, 0, 0;
    %flag_set/imm 4, 0;
    %assign/vec4/off/d v0x561e9d675e50_0, 4, 5;
T_4.1 ;
    %jmp T_4;
    .thread T_4;
    .scope S_0x561e9d4cb470;
T_5 ;
    %wait E_0x561e9d2d29c0;
    %load/vec4 v0x561e9d6df5e0_0;
    %nor/r;
    %flag_set/vec4 8;
    %jmp/0xz  T_5.0, 8;
    %pushi/vec4 0, 0, 1;
    %ix/load 5, 0, 0;
    %ix/load 4, 1, 0;
    %flag_set/imm 4, 0;
    %assign/vec4/off/d v0x561e9d675e50_0, 4, 5;
    %jmp T_5.1;
T_5.0 ;
    %load/vec4 v0x561e9d6590d0_0;
    %parti/s 1, 1, 2;
    %ix/load 5, 0, 0;
    %ix/load 4, 1, 0;
    %flag_set/imm 4, 0;
    %assign/vec4/off/d v0x561e9d675e50_0, 4, 5;
T_5.1 ;
    %jmp T_5;
    .thread T_5;
    .scope S_0x561e9d4cb470;
T_6 ;
    %wait E_0x561e9d2d29c0;
    %load/vec4 v0x561e9d6df5e0_0;
    %nor/r;
    %flag_set/vec4 8;
    %jmp/0xz  T_6.0, 8;
    %pushi/vec4 0, 0, 1;
    %ix/load 5, 0, 0;
    %ix/load 4, 2, 0;
    %flag_set/imm 4, 0;
    %assign/vec4/off/d v0x561e9d675e50_0, 4, 5;
    %jmp T_6.1;
T_6.0 ;
    %load/vec4 v0x561e9d6590d0_0;
    %parti/s 1, 2, 3;
    %ix/load 5, 0, 0;
    %ix/load 4, 2, 0;
    %flag_set/imm 4, 0;
    %assign/vec4/off/d v0x561e9d675e50_0, 4, 5;
T_6.1 ;
    %jmp T_6;
    .thread T_6;
    .scope S_0x561e9d4cb470;
T_7 ;
    %wait E_0x561e9d2d29c0;
    %load/vec4 v0x561e9d6df5e0_0;
    %nor/r;
    %flag_set/vec4 8;
    %jmp/0xz  T_7.0, 8;
    %pushi/vec4 0, 0, 1;
    %ix/load 5, 0, 0;
    %ix/load 4, 3, 0;
    %flag_set/imm 4, 0;
    %assign/vec4/off/d v0x561e9d675e50_0, 4, 5;
    %jmp T_7.1;
T_7.0 ;
    %load/vec4 v0x561e9d6590d0_0;
    %parti/s 1, 3, 3;
    %ix/load 5, 0, 0;
    %ix/load 4, 3, 0;
    %flag_set/imm 4, 0;
    %assign/vec4/off/d v0x561e9d675e50_0, 4, 5;
T_7.1 ;
    %jmp T_7;
    .thread T_7;
    .scope S_0x561e9d4cb470;
T_8 ;
    %wait E_0x561e9d2d29c0;
    %load/vec4 v0x561e9d6df5e0_0;
    %nor/r;
    %flag_set/vec4 8;
    %jmp/0xz  T_8.0, 8;
    %pushi/vec4 0, 0, 1;
    %ix/load 5, 0, 0;
    %ix/load 4, 4, 0;
    %flag_set/imm 4, 0;
    %assign/vec4/off/d v0x561e9d675e50_0, 4, 5;
    %jmp T_8.1;
T_8.0 ;
    %load/vec4 v0x561e9d6590d0_0;
    %parti/s 1, 4, 4;
    %ix/load 5, 0, 0;
    %ix/load 4, 4, 0;
    %flag_set/imm 4, 0;
    %assign/vec4/off/d v0x561e9d675e50_0, 4, 5;
T_8.1 ;
    %jmp T_8;
    .thread T_8;
    .scope S_0x561e9d4cb470;
T_9 ;
    %wait E_0x561e9d2d29c0;
    %load/vec4 v0x561e9d6df5e0_0;
    %nor/r;
    %flag_set/vec4 8;
    %jmp/0xz  T_9.0, 8;
    %pushi/vec4 0, 0, 1;
    %ix/load 5, 0, 0;
    %ix/load 4, 5, 0;
    %flag_set/imm 4, 0;
    %assign/vec4/off/d v0x561e9d675e50_0, 4, 5;
    %jmp T_9.1;
T_9.0 ;
    %load/vec4 v0x561e9d6590d0_0;
    %parti/s 1, 5, 4;
    %ix/load 5, 0, 0;
    %ix/load 4, 5, 0;
    %flag_set/imm 4, 0;
    %assign/vec4/off/d v0x561e9d675e50_0, 4, 5;
T_9.1 ;
    %jmp T_9;
    .thread T_9;
    .scope S_0x561e9d4cb470;
T_10 ;
    %wait E_0x561e9d2d29c0;
    %load/vec4 v0x561e9d6df5e0_0;
    %nor/r;
    %flag_set/vec4 8;
    %jmp/0xz  T_10.0, 8;
    %pushi/vec4 0, 0, 1;
    %ix/load 5, 0, 0;
    %ix/load 4, 6, 0;
    %flag_set/imm 4, 0;
    %assign/vec4/off/d v0x561e9d675e50_0, 4, 5;
    %jmp T_10.1;
T_10.0 ;
    %load/vec4 v0x561e9d6590d0_0;
    %parti/s 1, 6, 4;
    %ix/load 5, 0, 0;
    %ix/load 4, 6, 0;
    %flag_set/imm 4, 0;
    %assign/vec4/off/d v0x561e9d675e50_0, 4, 5;
T_10.1 ;
    %jmp T_10;
    .thread T_10;
    .scope S_0x561e9d4cb470;
T_11 ;
    %wait E_0x561e9d2d29c0;
    %load/vec4 v0x561e9d6df5e0_0;
    %nor/r;
    %flag_set/vec4 8;
    %jmp/0xz  T_11.0, 8;
    %pushi/vec4 0, 0, 1;
    %ix/load 5, 0, 0;
    %ix/load 4, 7, 0;
    %flag_set/imm 4, 0;
    %assign/vec4/off/d v0x561e9d675e50_0, 4, 5;
    %jmp T_11.1;
T_11.0 ;
    %load/vec4 v0x561e9d6590d0_0;
    %parti/s 1, 7, 4;
    %ix/load 5, 0, 0;
    %ix/load 4, 7, 0;
    %flag_set/imm 4, 0;
    %assign/vec4/off/d v0x561e9d675e50_0, 4, 5;
T_11.1 ;
    %jmp T_11;
    .thread T_11;
    .scope S_0x561e9d4cb470;
T_12 ;
    %wait E_0x561e9d2d29c0;
    %load/vec4 v0x561e9d6df5e0_0;
    %nor/r;
    %flag_set/vec4 8;
    %jmp/0xz  T_12.0, 8;
    %pushi/vec4 0, 0, 1;
    %assign/vec4 v0x561e9d663510_0, 0;
    %jmp T_12.1;
T_12.0 ;
    %load/vec4 v0x561e9d665e20_0;
    %assign/vec4 v0x561e9d663510_0, 0;
T_12.1 ;
    %jmp T_12;
    .thread T_12;
    .scope S_0x561e9d4cb470;
T_13 ;
    %wait E_0x561e9d2d29c0;
    %load/vec4 v0x561e9d6df5e0_0;
    %nor/r;
    %flag_set/vec4 8;
    %jmp/0xz  T_13.0, 8;
    %pushi/vec4 0, 0, 1;
    %assign/vec4 v0x561e9d66e700_0, 0;
    %jmp T_13.1;
T_13.0 ;
    %load/vec4 v0x561e9d670260_0;
    %assign/vec4 v0x561e9d66e700_0, 0;
T_13.1 ;
    %jmp T_13;
    .thread T_13;
    .scope S_0x561e9d4cb470;
T_14 ;
    %wait E_0x561e9d2d29c0;
    %load/vec4 v0x561e9d6df5e0_0;
    %nor/r;
    %flag_set/vec4 8;
    %jmp/0xz  T_14.0, 8;
    %pushi/vec4 0, 0, 1;
    %assign/vec4 v0x561e9d65d540_0, 0;
    %jmp T_14.1;
T_14.0 ;
    %load/vec4 v0x561e9d65fe50_0;
    %assign/vec4 v0x561e9d65d540_0, 0;
T_14.1 ;
    %jmp T_14;
    .thread T_14;
    .scope S_0x561e9d4cb470;
T_15 ;
    %wait E_0x561e9d2d29c0;
    %load/vec4 v0x561e9d6df5e0_0;
    %nor/r;
    %flag_set/vec4 8;
    %jmp/0xz  T_15.0, 8;
    %pushi/vec4 0, 0, 1;
    %assign/vec4 v0x561e9d678800_0, 0;
    %jmp T_15.1;
T_15.0 ;
    %load/vec4 v0x561e9d67a2c0_0;
    %assign/vec4 v0x561e9d678800_0, 0;
T_15.1 ;
    %jmp T_15;
    .thread T_15;
    .scope S_0x561e9d4cb470;
T_16 ;
    %wait E_0x561e9d2d29c0;
    %load/vec4 v0x561e9d6df5e0_0;
    %nor/r;
    %flag_set/vec4 8;
    %jmp/0xz  T_16.0, 8;
    %pushi/vec4 0, 0, 1;
    %assign/vec4 v0x561e9d67b070_0, 0;
    %jmp T_16.1;
T_16.0 ;
    %load/vec4 v0x561e9d67d980_0;
    %assign/vec4 v0x561e9d67b070_0, 0;
T_16.1 ;
    %jmp T_16;
    .thread T_16;
    .scope S_0x561e9d4cb470;
T_17 ;
    %wait E_0x561e9d2d29c0;
    %load/vec4 v0x561e9d6df5e0_0;
    %nor/r;
    %flag_set/vec4 8;
    %jmp/0xz  T_17.0, 8;
    %pushi/vec4 0, 0, 1;
    %assign/vec4 v0x561e9d665070_0, 0;
    %jmp T_17.1;
T_17.0 ;
    %load/vec4 v0x561e9d663510_0;
    %assign/vec4 v0x561e9d665070_0, 0;
T_17.1 ;
    %jmp T_17;
    .thread T_17;
    .scope S_0x561e9d4cb470;
T_18 ;
    %wait E_0x561e9d2d29c0;
    %load/vec4 v0x561e9d6df5e0_0;
    %nor/r;
    %flag_set/vec4 8;
    %jmp/0xz  T_18.0, 8;
    %pushi/vec4 0, 0, 1;
    %assign/vec4 v0x561e9d66f4b0_0, 0;
    %jmp T_18.1;
T_18.0 ;
    %load/vec4 v0x561e9d66e700_0;
    %assign/vec4 v0x561e9d66f4b0_0, 0;
T_18.1 ;
    %jmp T_18;
    .thread T_18;
    .scope S_0x561e9d4cb470;
T_19 ;
    %wait E_0x561e9d2d29c0;
    %load/vec4 v0x561e9d6df5e0_0;
    %nor/r;
    %flag_set/vec4 8;
    %jmp/0xz  T_19.0, 8;
    %pushi/vec4 0, 0, 1;
    %assign/vec4 v0x561e9d65f0a0_0, 0;
    %jmp T_19.1;
T_19.0 ;
    %load/vec4 v0x561e9d65d540_0;
    %assign/vec4 v0x561e9d65f0a0_0, 0;
T_19.1 ;
    %jmp T_19;
    .thread T_19;
    .scope S_0x561e9d4cb470;
T_20 ;
    %wait E_0x561e9d2d29c0;
    %load/vec4 v0x561e9d6df5e0_0;
    %nor/r;
    %flag_set/vec4 8;
    %jmp/0xz  T_20.0, 8;
    %pushi/vec4 0, 0, 1;
    %assign/vec4 v0x561e9d679510_0, 0;
    %jmp T_20.1;
T_20.0 ;
    %load/vec4 v0x561e9d678800_0;
    %assign/vec4 v0x561e9d679510_0, 0;
T_20.1 ;
    %jmp T_20;
    .thread T_20;
    .scope S_0x561e9d4cb470;
T_21 ;
    %wait E_0x561e9d2d29c0;
    %load/vec4 v0x561e9d6df5e0_0;
    %nor/r;
    %flag_set/vec4 8;
    %jmp/0xz  T_21.0, 8;
    %pushi/vec4 0, 0, 1;
    %assign/vec4 v0x561e9d67cbd0_0, 0;
    %jmp T_21.1;
T_21.0 ;
    %load/vec4 v0x561e9d67b070_0;
    %assign/vec4 v0x561e9d67cbd0_0, 0;
T_21.1 ;
    %jmp T_21;
    .thread T_21;
    .scope S_0x561e9d4cb470;
T_22 ;
    %wait E_0x561e9d2d29c0;
    %load/vec4 v0x561e9d6df5e0_0;
    %nor/r;
    %flag_set/vec4 8;
    %jmp/0xz  T_22.0, 8;
    %pushi/vec4 0, 0, 1;
    %assign/vec4 v0x561e9d6642c0_0, 0;
    %jmp T_22.1;
T_22.0 ;
    %load/vec4 v0x561e9d665070_0;
    %assign/vec4 v0x561e9d6642c0_0, 0;
T_22.1 ;
    %jmp T_22;
    .thread T_22;
    .scope S_0x561e9d4cb470;
T_23 ;
    %wait E_0x561e9d2d29c0;
    %load/vec4 v0x561e9d6df5e0_0;
    %nor/r;
    %flag_set/vec4 8;
    %jmp/0xz  T_23.0, 8;
    %pushi/vec4 0, 0, 1;
    %assign/vec4 v0x561e9d65e2f0_0, 0;
    %jmp T_23.1;
T_23.0 ;
    %load/vec4 v0x561e9d65f0a0_0;
    %assign/vec4 v0x561e9d65e2f0_0, 0;
T_23.1 ;
    %jmp T_23;
    .thread T_23;
    .scope S_0x561e9d4cb470;
T_24 ;
    %wait E_0x561e9d2d29c0;
    %load/vec4 v0x561e9d6df5e0_0;
    %nor/r;
    %flag_set/vec4 8;
    %jmp/0xz  T_24.0, 8;
    %pushi/vec4 0, 0, 1;
    %assign/vec4 v0x561e9d65ac30_0, 0;
    %jmp T_24.1;
T_24.0 ;
    %load/vec4 v0x561e9d655a10_0;
    %assign/vec4 v0x561e9d65ac30_0, 0;
T_24.1 ;
    %jmp T_24;
    .thread T_24;
    .scope S_0x561e9d4cb470;
T_25 ;
    %wait E_0x561e9d2d29c0;
    %load/vec4 v0x561e9d6df5e0_0;
    %nor/r;
    %flag_set/vec4 8;
    %jmp/0xz  T_25.0, 8;
    %pushi/vec4 0, 0, 1;
    %ix/load 5, 0, 0;
    %ix/load 4, 0, 0;
    %flag_set/imm 4, 0;
    %assign/vec4/off/d v0x561e9d66d950_0, 4, 5;
    %jmp T_25.1;
T_25.0 ;
    %load/vec4 v0x561e9d636ab0_0;
    %flag_set/vec4 8;
    %jmp/0xz  T_25.2, 8;
    %load/vec4 v0x561e9d657570_0;
    %parti/s 1, 0, 2;
    %ix/load 5, 0, 0;
    %ix/load 4, 0, 0;
    %flag_set/imm 4, 0;
    %assign/vec4/off/d v0x561e9d66d950_0, 4, 5;
T_25.2 ;
T_25.1 ;
    %jmp T_25;
    .thread T_25;
    .scope S_0x561e9d4cb470;
T_26 ;
    %wait E_0x561e9d2d29c0;
    %load/vec4 v0x561e9d6df5e0_0;
    %nor/r;
    %flag_set/vec4 8;
    %jmp/0xz  T_26.0, 8;
    %pushi/vec4 0, 0, 1;
    %ix/load 5, 0, 0;
    %ix/load 4, 1, 0;
    %flag_set/imm 4, 0;
    %assign/vec4/off/d v0x561e9d66d950_0, 4, 5;
    %jmp T_26.1;
T_26.0 ;
    %load/vec4 v0x561e9d636ab0_0;
    %flag_set/vec4 8;
    %jmp/0xz  T_26.2, 8;
    %load/vec4 v0x561e9d657570_0;
    %parti/s 1, 1, 2;
    %ix/load 5, 0, 0;
    %ix/load 4, 1, 0;
    %flag_set/imm 4, 0;
    %assign/vec4/off/d v0x561e9d66d950_0, 4, 5;
T_26.2 ;
T_26.1 ;
    %jmp T_26;
    .thread T_26;
    .scope S_0x561e9d4cb470;
T_27 ;
    %wait E_0x561e9d2d29c0;
    %load/vec4 v0x561e9d6df5e0_0;
    %nor/r;
    %flag_set/vec4 8;
    %jmp/0xz  T_27.0, 8;
    %pushi/vec4 0, 0, 1;
    %ix/load 5, 0, 0;
    %ix/load 4, 2, 0;
    %flag_set/imm 4, 0;
    %assign/vec4/off/d v0x561e9d66d950_0, 4, 5;
    %jmp T_27.1;
T_27.0 ;
    %load/vec4 v0x561e9d636ab0_0;
    %flag_set/vec4 8;
    %jmp/0xz  T_27.2, 8;
    %load/vec4 v0x561e9d657570_0;
    %parti/s 1, 2, 3;
    %ix/load 5, 0, 0;
    %ix/load 4, 2, 0;
    %flag_set/imm 4, 0;
    %assign/vec4/off/d v0x561e9d66d950_0, 4, 5;
T_27.2 ;
T_27.1 ;
    %jmp T_27;
    .thread T_27;
    .scope S_0x561e9d4cb470;
T_28 ;
    %wait E_0x561e9d2d29c0;
    %load/vec4 v0x561e9d6df5e0_0;
    %nor/r;
    %flag_set/vec4 8;
    %jmp/0xz  T_28.0, 8;
    %pushi/vec4 0, 0, 1;
    %ix/load 5, 0, 0;
    %ix/load 4, 3, 0;
    %flag_set/imm 4, 0;
    %assign/vec4/off/d v0x561e9d66d950_0, 4, 5;
    %jmp T_28.1;
T_28.0 ;
    %load/vec4 v0x561e9d636ab0_0;
    %flag_set/vec4 8;
    %jmp/0xz  T_28.2, 8;
    %load/vec4 v0x561e9d657570_0;
    %parti/s 1, 3, 3;
    %ix/load 5, 0, 0;
    %ix/load 4, 3, 0;
    %flag_set/imm 4, 0;
    %assign/vec4/off/d v0x561e9d66d950_0, 4, 5;
T_28.2 ;
T_28.1 ;
    %jmp T_28;
    .thread T_28;
    .scope S_0x561e9d4cb470;
T_29 ;
    %wait E_0x561e9d2d29c0;
    %load/vec4 v0x561e9d6df5e0_0;
    %nor/r;
    %flag_set/vec4 8;
    %jmp/0xz  T_29.0, 8;
    %pushi/vec4 0, 0, 1;
    %ix/load 5, 0, 0;
    %ix/load 4, 4, 0;
    %flag_set/imm 4, 0;
    %assign/vec4/off/d v0x561e9d66d950_0, 4, 5;
    %jmp T_29.1;
T_29.0 ;
    %load/vec4 v0x561e9d636ab0_0;
    %flag_set/vec4 8;
    %jmp/0xz  T_29.2, 8;
    %load/vec4 v0x561e9d657570_0;
    %parti/s 1, 4, 4;
    %ix/load 5, 0, 0;
    %ix/load 4, 4, 0;
    %flag_set/imm 4, 0;
    %assign/vec4/off/d v0x561e9d66d950_0, 4, 5;
T_29.2 ;
T_29.1 ;
    %jmp T_29;
    .thread T_29;
    .scope S_0x561e9d4cb470;
T_30 ;
    %wait E_0x561e9d2d29c0;
    %load/vec4 v0x561e9d6df5e0_0;
    %nor/r;
    %flag_set/vec4 8;
    %jmp/0xz  T_30.0, 8;
    %pushi/vec4 0, 0, 1;
    %ix/load 5, 0, 0;
    %ix/load 4, 5, 0;
    %flag_set/imm 4, 0;
    %assign/vec4/off/d v0x561e9d66d950_0, 4, 5;
    %jmp T_30.1;
T_30.0 ;
    %load/vec4 v0x561e9d636ab0_0;
    %flag_set/vec4 8;
    %jmp/0xz  T_30.2, 8;
    %load/vec4 v0x561e9d657570_0;
    %parti/s 1, 5, 4;
    %ix/load 5, 0, 0;
    %ix/load 4, 5, 0;
    %flag_set/imm 4, 0;
    %assign/vec4/off/d v0x561e9d66d950_0, 4, 5;
T_30.2 ;
T_30.1 ;
    %jmp T_30;
    .thread T_30;
    .scope S_0x561e9d4cb470;
T_31 ;
    %wait E_0x561e9d2d29c0;
    %load/vec4 v0x561e9d6df5e0_0;
    %nor/r;
    %flag_set/vec4 8;
    %jmp/0xz  T_31.0, 8;
    %pushi/vec4 0, 0, 1;
    %ix/load 5, 0, 0;
    %ix/load 4, 6, 0;
    %flag_set/imm 4, 0;
    %assign/vec4/off/d v0x561e9d66d950_0, 4, 5;
    %jmp T_31.1;
T_31.0 ;
    %load/vec4 v0x561e9d636ab0_0;
    %flag_set/vec4 8;
    %jmp/0xz  T_31.2, 8;
    %load/vec4 v0x561e9d657570_0;
    %parti/s 1, 6, 4;
    %ix/load 5, 0, 0;
    %ix/load 4, 6, 0;
    %flag_set/imm 4, 0;
    %assign/vec4/off/d v0x561e9d66d950_0, 4, 5;
T_31.2 ;
T_31.1 ;
    %jmp T_31;
    .thread T_31;
    .scope S_0x561e9d4cb470;
T_32 ;
    %wait E_0x561e9d2d29c0;
    %load/vec4 v0x561e9d6df5e0_0;
    %nor/r;
    %flag_set/vec4 8;
    %jmp/0xz  T_32.0, 8;
    %pushi/vec4 0, 0, 1;
    %ix/load 5, 0, 0;
    %ix/load 4, 7, 0;
    %flag_set/imm 4, 0;
    %assign/vec4/off/d v0x561e9d66d950_0, 4, 5;
    %jmp T_32.1;
T_32.0 ;
    %load/vec4 v0x561e9d636ab0_0;
    %flag_set/vec4 8;
    %jmp/0xz  T_32.2, 8;
    %load/vec4 v0x561e9d657570_0;
    %parti/s 1, 7, 4;
    %ix/load 5, 0, 0;
    %ix/load 4, 7, 0;
    %flag_set/imm 4, 0;
    %assign/vec4/off/d v0x561e9d66d950_0, 4, 5;
T_32.2 ;
T_32.1 ;
    %jmp T_32;
    .thread T_32;
    .scope S_0x561e9d4cb470;
T_33 ;
    %wait E_0x561e9d2d29c0;
    %load/vec4 v0x561e9d6df5e0_0;
    %nor/r;
    %flag_set/vec4 8;
    %jmp/0xz  T_33.0, 8;
    %pushi/vec4 0, 0, 1;
    %ix/load 5, 0, 0;
    %ix/load 4, 0, 0;
    %flag_set/imm 4, 0;
    %assign/vec4/off/d v0x561e9d660c00_0, 4, 5;
    %jmp T_33.1;
T_33.0 ;
    %load/vec4 v0x561e9d6373f0_0;
    %flag_set/vec4 8;
    %jmp/0xz  T_33.2, 8;
    %load/vec4 v0x561e9d6567c0_0;
    %parti/s 1, 0, 2;
    %ix/load 5, 0, 0;
    %ix/load 4, 0, 0;
    %flag_set/imm 4, 0;
    %assign/vec4/off/d v0x561e9d660c00_0, 4, 5;
T_33.2 ;
T_33.1 ;
    %jmp T_33;
    .thread T_33;
    .scope S_0x561e9d4cb470;
T_34 ;
    %wait E_0x561e9d2d29c0;
    %load/vec4 v0x561e9d6df5e0_0;
    %nor/r;
    %flag_set/vec4 8;
    %jmp/0xz  T_34.0, 8;
    %pushi/vec4 0, 0, 1;
    %ix/load 5, 0, 0;
    %ix/load 4, 1, 0;
    %flag_set/imm 4, 0;
    %assign/vec4/off/d v0x561e9d660c00_0, 4, 5;
    %jmp T_34.1;
T_34.0 ;
    %load/vec4 v0x561e9d6373f0_0;
    %flag_set/vec4 8;
    %jmp/0xz  T_34.2, 8;
    %load/vec4 v0x561e9d6567c0_0;
    %parti/s 1, 1, 2;
    %ix/load 5, 0, 0;
    %ix/load 4, 1, 0;
    %flag_set/imm 4, 0;
    %assign/vec4/off/d v0x561e9d660c00_0, 4, 5;
T_34.2 ;
T_34.1 ;
    %jmp T_34;
    .thread T_34;
    .scope S_0x561e9d4cb470;
T_35 ;
    %wait E_0x561e9d2d29c0;
    %load/vec4 v0x561e9d6df5e0_0;
    %nor/r;
    %flag_set/vec4 8;
    %jmp/0xz  T_35.0, 8;
    %pushi/vec4 0, 0, 1;
    %ix/load 5, 0, 0;
    %ix/load 4, 2, 0;
    %flag_set/imm 4, 0;
    %assign/vec4/off/d v0x561e9d660c00_0, 4, 5;
    %jmp T_35.1;
T_35.0 ;
    %load/vec4 v0x561e9d6373f0_0;
    %flag_set/vec4 8;
    %jmp/0xz  T_35.2, 8;
    %load/vec4 v0x561e9d6567c0_0;
    %parti/s 1, 2, 3;
    %ix/load 5, 0, 0;
    %ix/load 4, 2, 0;
    %flag_set/imm 4, 0;
    %assign/vec4/off/d v0x561e9d660c00_0, 4, 5;
T_35.2 ;
T_35.1 ;
    %jmp T_35;
    .thread T_35;
    .scope S_0x561e9d4cb470;
T_36 ;
    %wait E_0x561e9d2d29c0;
    %load/vec4 v0x561e9d6df5e0_0;
    %nor/r;
    %flag_set/vec4 8;
    %jmp/0xz  T_36.0, 8;
    %pushi/vec4 0, 0, 1;
    %ix/load 5, 0, 0;
    %ix/load 4, 0, 0;
    %flag_set/imm 4, 0;
    %assign/vec4/off/d v0x561e9d6742f0_0, 4, 5;
    %jmp T_36.1;
T_36.0 ;
    %load/vec4 v0x561e9d637d30_0;
    %flag_set/vec4 8;
    %jmp/0xz  T_36.2, 8;
    %load/vec4 v0x561e9d658320_0;
    %parti/s 1, 0, 2;
    %ix/load 5, 0, 0;
    %ix/load 4, 0, 0;
    %flag_set/imm 4, 0;
    %assign/vec4/off/d v0x561e9d6742f0_0, 4, 5;
T_36.2 ;
T_36.1 ;
    %jmp T_36;
    .thread T_36;
    .scope S_0x561e9d4cb470;
T_37 ;
    %wait E_0x561e9d2d29c0;
    %load/vec4 v0x561e9d6df5e0_0;
    %nor/r;
    %flag_set/vec4 8;
    %jmp/0xz  T_37.0, 8;
    %pushi/vec4 0, 0, 1;
    %ix/load 5, 0, 0;
    %ix/load 4, 1, 0;
    %flag_set/imm 4, 0;
    %assign/vec4/off/d v0x561e9d6742f0_0, 4, 5;
    %jmp T_37.1;
T_37.0 ;
    %load/vec4 v0x561e9d637d30_0;
    %flag_set/vec4 8;
    %jmp/0xz  T_37.2, 8;
    %load/vec4 v0x561e9d658320_0;
    %parti/s 1, 1, 2;
    %ix/load 5, 0, 0;
    %ix/load 4, 1, 0;
    %flag_set/imm 4, 0;
    %assign/vec4/off/d v0x561e9d6742f0_0, 4, 5;
T_37.2 ;
T_37.1 ;
    %jmp T_37;
    .thread T_37;
    .scope S_0x561e9d4cb470;
T_38 ;
    %wait E_0x561e9d2d29c0;
    %load/vec4 v0x561e9d6df5e0_0;
    %nor/r;
    %flag_set/vec4 8;
    %jmp/0xz  T_38.0, 8;
    %pushi/vec4 0, 0, 1;
    %ix/load 5, 0, 0;
    %ix/load 4, 2, 0;
    %flag_set/imm 4, 0;
    %assign/vec4/off/d v0x561e9d6742f0_0, 4, 5;
    %jmp T_38.1;
T_38.0 ;
    %load/vec4 v0x561e9d637d30_0;
    %flag_set/vec4 8;
    %jmp/0xz  T_38.2, 8;
    %load/vec4 v0x561e9d658320_0;
    %parti/s 1, 2, 3;
    %ix/load 5, 0, 0;
    %ix/load 4, 2, 0;
    %flag_set/imm 4, 0;
    %assign/vec4/off/d v0x561e9d6742f0_0, 4, 5;
T_38.2 ;
T_38.1 ;
    %jmp T_38;
    .thread T_38;
    .scope S_0x561e9d4cb470;
T_39 ;
    %wait E_0x561e9d2d29c0;
    %load/vec4 v0x561e9d6df5e0_0;
    %nor/r;
    %flag_set/vec4 8;
    %jmp/0xz  T_39.0, 8;
    %pushi/vec4 0, 0, 1;
    %ix/load 5, 0, 0;
    %ix/load 4, 3, 0;
    %flag_set/imm 4, 0;
    %assign/vec4/off/d v0x561e9d6742f0_0, 4, 5;
    %jmp T_39.1;
T_39.0 ;
    %load/vec4 v0x561e9d637d30_0;
    %flag_set/vec4 8;
    %jmp/0xz  T_39.2, 8;
    %load/vec4 v0x561e9d658320_0;
    %parti/s 1, 3, 3;
    %ix/load 5, 0, 0;
    %ix/load 4, 3, 0;
    %flag_set/imm 4, 0;
    %assign/vec4/off/d v0x561e9d6742f0_0, 4, 5;
T_39.2 ;
T_39.1 ;
    %jmp T_39;
    .thread T_39;
    .scope S_0x561e9d4cb470;
T_40 ;
    %wait E_0x561e9d2d29c0;
    %load/vec4 v0x561e9d6df5e0_0;
    %nor/r;
    %flag_set/vec4 8;
    %jmp/0xz  T_40.0, 8;
    %pushi/vec4 0, 0, 1;
    %ix/load 5, 0, 0;
    %ix/load 4, 4, 0;
    %flag_set/imm 4, 0;
    %assign/vec4/off/d v0x561e9d6742f0_0, 4, 5;
    %jmp T_40.1;
T_40.0 ;
    %load/vec4 v0x561e9d637d30_0;
    %flag_set/vec4 8;
    %jmp/0xz  T_40.2, 8;
    %load/vec4 v0x561e9d658320_0;
    %parti/s 1, 4, 4;
    %ix/load 5, 0, 0;
    %ix/load 4, 4, 0;
    %flag_set/imm 4, 0;
    %assign/vec4/off/d v0x561e9d6742f0_0, 4, 5;
T_40.2 ;
T_40.1 ;
    %jmp T_40;
    .thread T_40;
    .scope S_0x561e9d4cb470;
T_41 ;
    %wait E_0x561e9d2d29c0;
    %load/vec4 v0x561e9d6df5e0_0;
    %nor/r;
    %flag_set/vec4 8;
    %jmp/0xz  T_41.0, 8;
    %pushi/vec4 0, 0, 1;
    %ix/load 5, 0, 0;
    %ix/load 4, 5, 0;
    %flag_set/imm 4, 0;
    %assign/vec4/off/d v0x561e9d6742f0_0, 4, 5;
    %jmp T_41.1;
T_41.0 ;
    %load/vec4 v0x561e9d637d30_0;
    %flag_set/vec4 8;
    %jmp/0xz  T_41.2, 8;
    %load/vec4 v0x561e9d658320_0;
    %parti/s 1, 5, 4;
    %ix/load 5, 0, 0;
    %ix/load 4, 5, 0;
    %flag_set/imm 4, 0;
    %assign/vec4/off/d v0x561e9d6742f0_0, 4, 5;
T_41.2 ;
T_41.1 ;
    %jmp T_41;
    .thread T_41;
    .scope S_0x561e9d4cb470;
T_42 ;
    %wait E_0x561e9d2d29c0;
    %load/vec4 v0x561e9d6df5e0_0;
    %nor/r;
    %flag_set/vec4 8;
    %jmp/0xz  T_42.0, 8;
    %pushi/vec4 0, 0, 1;
    %ix/load 5, 0, 0;
    %ix/load 4, 6, 0;
    %flag_set/imm 4, 0;
    %assign/vec4/off/d v0x561e9d6742f0_0, 4, 5;
    %jmp T_42.1;
T_42.0 ;
    %load/vec4 v0x561e9d637d30_0;
    %flag_set/vec4 8;
    %jmp/0xz  T_42.2, 8;
    %load/vec4 v0x561e9d658320_0;
    %parti/s 1, 6, 4;
    %ix/load 5, 0, 0;
    %ix/load 4, 6, 0;
    %flag_set/imm 4, 0;
    %assign/vec4/off/d v0x561e9d6742f0_0, 4, 5;
T_42.2 ;
T_42.1 ;
    %jmp T_42;
    .thread T_42;
    .scope S_0x561e9d4cb470;
T_43 ;
    %wait E_0x561e9d2d29c0;
    %load/vec4 v0x561e9d6df5e0_0;
    %nor/r;
    %flag_set/vec4 8;
    %jmp/0xz  T_43.0, 8;
    %pushi/vec4 0, 0, 1;
    %ix/load 5, 0, 0;
    %ix/load 4, 7, 0;
    %flag_set/imm 4, 0;
    %assign/vec4/off/d v0x561e9d6742f0_0, 4, 5;
    %jmp T_43.1;
T_43.0 ;
    %load/vec4 v0x561e9d637d30_0;
    %flag_set/vec4 8;
    %jmp/0xz  T_43.2, 8;
    %load/vec4 v0x561e9d658320_0;
    %parti/s 1, 7, 4;
    %ix/load 5, 0, 0;
    %ix/load 4, 7, 0;
    %flag_set/imm 4, 0;
    %assign/vec4/off/d v0x561e9d6742f0_0, 4, 5;
T_43.2 ;
T_43.1 ;
    %jmp T_43;
    .thread T_43;
    .scope S_0x561e9d4cb470;
T_44 ;
    %wait E_0x561e9d2d29c0;
    %load/vec4 v0x561e9d6df5e0_0;
    %nor/r;
    %flag_set/vec4 8;
    %jmp/0xz  T_44.0, 8;
    %pushi/vec4 0, 0, 1;
    %assign/vec4 v0x561e9d683950_0, 0;
    %jmp T_44.1;
T_44.0 ;
    %load/vec4 v0x561e9d641480_0;
    %flag_set/vec4 8;
    %jmp/0xz  T_44.2, 8;
    %load/vec4 v0x561e9d66d950_0;
    %parti/s 1, 0, 2;
    %assign/vec4 v0x561e9d683950_0, 0;
T_44.2 ;
T_44.1 ;
    %jmp T_44;
    .thread T_44;
    .scope S_0x561e9d4cb470;
T_45 ;
    %wait E_0x561e9d2d29c0;
    %load/vec4 v0x561e9d6df5e0_0;
    %nor/r;
    %flag_set/vec4 8;
    %jmp/0xz  T_45.0, 8;
    %pushi/vec4 0, 0, 1;
    %assign/vec4 v0x561e9d6839f0_0, 0;
    %jmp T_45.1;
T_45.0 ;
    %load/vec4 v0x561e9d641480_0;
    %flag_set/vec4 8;
    %jmp/0xz  T_45.2, 8;
    %load/vec4 v0x561e9d66d950_0;
    %parti/s 1, 1, 2;
    %assign/vec4 v0x561e9d6839f0_0, 0;
T_45.2 ;
T_45.1 ;
    %jmp T_45;
    .thread T_45;
    .scope S_0x561e9d4cb470;
T_46 ;
    %wait E_0x561e9d2d29c0;
    %load/vec4 v0x561e9d6df5e0_0;
    %nor/r;
    %flag_set/vec4 8;
    %jmp/0xz  T_46.0, 8;
    %pushi/vec4 0, 0, 1;
    %assign/vec4 v0x561e9d682ba0_0, 0;
    %jmp T_46.1;
T_46.0 ;
    %load/vec4 v0x561e9d641480_0;
    %flag_set/vec4 8;
    %jmp/0xz  T_46.2, 8;
    %load/vec4 v0x561e9d66d950_0;
    %parti/s 1, 2, 3;
    %assign/vec4 v0x561e9d682ba0_0, 0;
T_46.2 ;
T_46.1 ;
    %jmp T_46;
    .thread T_46;
    .scope S_0x561e9d4cb470;
T_47 ;
    %wait E_0x561e9d2d29c0;
    %load/vec4 v0x561e9d6df5e0_0;
    %nor/r;
    %flag_set/vec4 8;
    %jmp/0xz  T_47.0, 8;
    %pushi/vec4 0, 0, 1;
    %assign/vec4 v0x561e9d681df0_0, 0;
    %jmp T_47.1;
T_47.0 ;
    %load/vec4 v0x561e9d641480_0;
    %flag_set/vec4 8;
    %jmp/0xz  T_47.2, 8;
    %load/vec4 v0x561e9d66d950_0;
    %parti/s 1, 3, 3;
    %assign/vec4 v0x561e9d681df0_0, 0;
T_47.2 ;
T_47.1 ;
    %jmp T_47;
    .thread T_47;
    .scope S_0x561e9d4cb470;
T_48 ;
    %wait E_0x561e9d2d29c0;
    %load/vec4 v0x561e9d6df5e0_0;
    %nor/r;
    %flag_set/vec4 8;
    %jmp/0xz  T_48.0, 8;
    %pushi/vec4 0, 0, 1;
    %assign/vec4 v0x561e9d681040_0, 0;
    %jmp T_48.1;
T_48.0 ;
    %load/vec4 v0x561e9d641480_0;
    %flag_set/vec4 8;
    %jmp/0xz  T_48.2, 8;
    %load/vec4 v0x561e9d66d950_0;
    %parti/s 1, 4, 4;
    %assign/vec4 v0x561e9d681040_0, 0;
T_48.2 ;
T_48.1 ;
    %jmp T_48;
    .thread T_48;
    .scope S_0x561e9d4cb470;
T_49 ;
    %wait E_0x561e9d2d29c0;
    %load/vec4 v0x561e9d6df5e0_0;
    %nor/r;
    %flag_set/vec4 8;
    %jmp/0xz  T_49.0, 8;
    %pushi/vec4 0, 0, 1;
    %assign/vec4 v0x561e9d680290_0, 0;
    %jmp T_49.1;
T_49.0 ;
    %load/vec4 v0x561e9d641480_0;
    %flag_set/vec4 8;
    %jmp/0xz  T_49.2, 8;
    %load/vec4 v0x561e9d66d950_0;
    %parti/s 1, 5, 4;
    %assign/vec4 v0x561e9d680290_0, 0;
T_49.2 ;
T_49.1 ;
    %jmp T_49;
    .thread T_49;
    .scope S_0x561e9d4cb470;
T_50 ;
    %wait E_0x561e9d2d29c0;
    %load/vec4 v0x561e9d6df5e0_0;
    %nor/r;
    %flag_set/vec4 8;
    %jmp/0xz  T_50.0, 8;
    %pushi/vec4 0, 0, 1;
    %assign/vec4 v0x561e9d67f4e0_0, 0;
    %jmp T_50.1;
T_50.0 ;
    %load/vec4 v0x561e9d641480_0;
    %flag_set/vec4 8;
    %jmp/0xz  T_50.2, 8;
    %load/vec4 v0x561e9d66d950_0;
    %parti/s 1, 6, 4;
    %assign/vec4 v0x561e9d67f4e0_0, 0;
T_50.2 ;
T_50.1 ;
    %jmp T_50;
    .thread T_50;
    .scope S_0x561e9d4cb470;
T_51 ;
    %wait E_0x561e9d2d29c0;
    %load/vec4 v0x561e9d6df5e0_0;
    %nor/r;
    %flag_set/vec4 8;
    %jmp/0xz  T_51.0, 8;
    %pushi/vec4 0, 0, 1;
    %ix/load 5, 0, 0;
    %ix/load 4, 0, 0;
    %flag_set/imm 4, 0;
    %assign/vec4/off/d v0x561e9d668730_0, 4, 5;
    %jmp T_51.1;
T_51.0 ;
    %load/vec4 v0x561e9d638670_0;
    %flag_set/vec4 8;
    %jmp/0xz  T_51.2, 8;
    %load/vec4 v0x561e9d6742f0_0;
    %parti/s 1, 0, 2;
    %ix/load 5, 0, 0;
    %ix/load 4, 0, 0;
    %flag_set/imm 4, 0;
    %assign/vec4/off/d v0x561e9d668730_0, 4, 5;
T_51.2 ;
T_51.1 ;
    %jmp T_51;
    .thread T_51;
    .scope S_0x561e9d4cb470;
T_52 ;
    %wait E_0x561e9d2d29c0;
    %load/vec4 v0x561e9d6df5e0_0;
    %nor/r;
    %flag_set/vec4 8;
    %jmp/0xz  T_52.0, 8;
    %pushi/vec4 0, 0, 1;
    %ix/load 5, 0, 0;
    %ix/load 4, 1, 0;
    %flag_set/imm 4, 0;
    %assign/vec4/off/d v0x561e9d668730_0, 4, 5;
    %jmp T_52.1;
T_52.0 ;
    %load/vec4 v0x561e9d638670_0;
    %flag_set/vec4 8;
    %jmp/0xz  T_52.2, 8;
    %load/vec4 v0x561e9d6742f0_0;
    %parti/s 1, 1, 2;
    %ix/load 5, 0, 0;
    %ix/load 4, 1, 0;
    %flag_set/imm 4, 0;
    %assign/vec4/off/d v0x561e9d668730_0, 4, 5;
T_52.2 ;
T_52.1 ;
    %jmp T_52;
    .thread T_52;
    .scope S_0x561e9d4cb470;
T_53 ;
    %wait E_0x561e9d2d29c0;
    %load/vec4 v0x561e9d6df5e0_0;
    %nor/r;
    %flag_set/vec4 8;
    %jmp/0xz  T_53.0, 8;
    %pushi/vec4 0, 0, 1;
    %ix/load 5, 0, 0;
    %ix/load 4, 2, 0;
    %flag_set/imm 4, 0;
    %assign/vec4/off/d v0x561e9d668730_0, 4, 5;
    %jmp T_53.1;
T_53.0 ;
    %load/vec4 v0x561e9d638670_0;
    %flag_set/vec4 8;
    %jmp/0xz  T_53.2, 8;
    %load/vec4 v0x561e9d6742f0_0;
    %parti/s 1, 2, 3;
    %ix/load 5, 0, 0;
    %ix/load 4, 2, 0;
    %flag_set/imm 4, 0;
    %assign/vec4/off/d v0x561e9d668730_0, 4, 5;
T_53.2 ;
T_53.1 ;
    %jmp T_53;
    .thread T_53;
    .scope S_0x561e9d4cb470;
T_54 ;
    %wait E_0x561e9d2d29c0;
    %load/vec4 v0x561e9d6df5e0_0;
    %nor/r;
    %flag_set/vec4 8;
    %jmp/0xz  T_54.0, 8;
    %pushi/vec4 0, 0, 1;
    %ix/load 5, 0, 0;
    %ix/load 4, 3, 0;
    %flag_set/imm 4, 0;
    %assign/vec4/off/d v0x561e9d668730_0, 4, 5;
    %jmp T_54.1;
T_54.0 ;
    %load/vec4 v0x561e9d638670_0;
    %flag_set/vec4 8;
    %jmp/0xz  T_54.2, 8;
    %load/vec4 v0x561e9d6742f0_0;
    %parti/s 1, 3, 3;
    %ix/load 5, 0, 0;
    %ix/load 4, 3, 0;
    %flag_set/imm 4, 0;
    %assign/vec4/off/d v0x561e9d668730_0, 4, 5;
T_54.2 ;
T_54.1 ;
    %jmp T_54;
    .thread T_54;
    .scope S_0x561e9d4cb470;
T_55 ;
    %wait E_0x561e9d2d29c0;
    %load/vec4 v0x561e9d6df5e0_0;
    %nor/r;
    %flag_set/vec4 8;
    %jmp/0xz  T_55.0, 8;
    %pushi/vec4 0, 0, 1;
    %ix/load 5, 0, 0;
    %ix/load 4, 4, 0;
    %flag_set/imm 4, 0;
    %assign/vec4/off/d v0x561e9d668730_0, 4, 5;
    %jmp T_55.1;
T_55.0 ;
    %load/vec4 v0x561e9d638670_0;
    %flag_set/vec4 8;
    %jmp/0xz  T_55.2, 8;
    %load/vec4 v0x561e9d6742f0_0;
    %parti/s 1, 4, 4;
    %ix/load 5, 0, 0;
    %ix/load 4, 4, 0;
    %flag_set/imm 4, 0;
    %assign/vec4/off/d v0x561e9d668730_0, 4, 5;
T_55.2 ;
T_55.1 ;
    %jmp T_55;
    .thread T_55;
    .scope S_0x561e9d4cb470;
T_56 ;
    %wait E_0x561e9d2d29c0;
    %load/vec4 v0x561e9d6df5e0_0;
    %nor/r;
    %flag_set/vec4 8;
    %jmp/0xz  T_56.0, 8;
    %pushi/vec4 1, 0, 1;
    %ix/load 5, 0, 0;
    %ix/load 4, 5, 0;
    %flag_set/imm 4, 0;
    %assign/vec4/off/d v0x561e9d668730_0, 4, 5;
    %jmp T_56.1;
T_56.0 ;
    %load/vec4 v0x561e9d638670_0;
    %flag_set/vec4 8;
    %jmp/0xz  T_56.2, 8;
    %load/vec4 v0x561e9d6742f0_0;
    %parti/s 1, 5, 4;
    %ix/load 5, 0, 0;
    %ix/load 4, 5, 0;
    %flag_set/imm 4, 0;
    %assign/vec4/off/d v0x561e9d668730_0, 4, 5;
T_56.2 ;
T_56.1 ;
    %jmp T_56;
    .thread T_56;
    .scope S_0x561e9d4cb470;
T_57 ;
    %wait E_0x561e9d2d29c0;
    %load/vec4 v0x561e9d6df5e0_0;
    %nor/r;
    %flag_set/vec4 8;
    %jmp/0xz  T_57.0, 8;
    %pushi/vec4 0, 0, 1;
    %ix/load 5, 0, 0;
    %ix/load 4, 6, 0;
    %flag_set/imm 4, 0;
    %assign/vec4/off/d v0x561e9d668730_0, 4, 5;
    %jmp T_57.1;
T_57.0 ;
    %load/vec4 v0x561e9d638670_0;
    %flag_set/vec4 8;
    %jmp/0xz  T_57.2, 8;
    %load/vec4 v0x561e9d6742f0_0;
    %parti/s 1, 6, 4;
    %ix/load 5, 0, 0;
    %ix/load 4, 6, 0;
    %flag_set/imm 4, 0;
    %assign/vec4/off/d v0x561e9d668730_0, 4, 5;
T_57.2 ;
T_57.1 ;
    %jmp T_57;
    .thread T_57;
    .scope S_0x561e9d4cb470;
T_58 ;
    %wait E_0x561e9d2d29c0;
    %load/vec4 v0x561e9d6df5e0_0;
    %nor/r;
    %flag_set/vec4 8;
    %jmp/0xz  T_58.0, 8;
    %pushi/vec4 0, 0, 1;
    %ix/load 5, 0, 0;
    %ix/load 4, 7, 0;
    %flag_set/imm 4, 0;
    %assign/vec4/off/d v0x561e9d668730_0, 4, 5;
    %jmp T_58.1;
T_58.0 ;
    %load/vec4 v0x561e9d638670_0;
    %flag_set/vec4 8;
    %jmp/0xz  T_58.2, 8;
    %load/vec4 v0x561e9d6742f0_0;
    %parti/s 1, 7, 4;
    %ix/load 5, 0, 0;
    %ix/load 4, 7, 0;
    %flag_set/imm 4, 0;
    %assign/vec4/off/d v0x561e9d668730_0, 4, 5;
T_58.2 ;
T_58.1 ;
    %jmp T_58;
    .thread T_58;
    .scope S_0x561e9d4cb470;
T_59 ;
    %wait E_0x561e9d2d29c0;
    %load/vec4 v0x561e9d6df5e0_0;
    %nor/r;
    %flag_set/vec4 8;
    %jmp/0xz  T_59.0, 8;
    %pushi/vec4 0, 0, 1;
    %ix/load 5, 0, 0;
    %ix/load 4, 0, 0;
    %flag_set/imm 4, 0;
    %assign/vec4/off/d v0x561e9d6694e0_0, 4, 5;
    %jmp T_59.1;
T_59.0 ;
    %load/vec4 v0x561e9d638fb0_0;
    %flag_set/vec4 8;
    %jmp/0xz  T_59.2, 8;
    %load/vec4 v0x561e9d6742f0_0;
    %parti/s 1, 0, 2;
    %ix/load 5, 0, 0;
    %ix/load 4, 0, 0;
    %flag_set/imm 4, 0;
    %assign/vec4/off/d v0x561e9d6694e0_0, 4, 5;
T_59.2 ;
T_59.1 ;
    %jmp T_59;
    .thread T_59;
    .scope S_0x561e9d4cb470;
T_60 ;
    %wait E_0x561e9d2d29c0;
    %load/vec4 v0x561e9d6df5e0_0;
    %nor/r;
    %flag_set/vec4 8;
    %jmp/0xz  T_60.0, 8;
    %pushi/vec4 0, 0, 1;
    %ix/load 5, 0, 0;
    %ix/load 4, 1, 0;
    %flag_set/imm 4, 0;
    %assign/vec4/off/d v0x561e9d6694e0_0, 4, 5;
    %jmp T_60.1;
T_60.0 ;
    %load/vec4 v0x561e9d638fb0_0;
    %flag_set/vec4 8;
    %jmp/0xz  T_60.2, 8;
    %load/vec4 v0x561e9d6742f0_0;
    %parti/s 1, 1, 2;
    %ix/load 5, 0, 0;
    %ix/load 4, 1, 0;
    %flag_set/imm 4, 0;
    %assign/vec4/off/d v0x561e9d6694e0_0, 4, 5;
T_60.2 ;
T_60.1 ;
    %jmp T_60;
    .thread T_60;
    .scope S_0x561e9d4cb470;
T_61 ;
    %wait E_0x561e9d2d29c0;
    %load/vec4 v0x561e9d6df5e0_0;
    %nor/r;
    %flag_set/vec4 8;
    %jmp/0xz  T_61.0, 8;
    %pushi/vec4 0, 0, 1;
    %ix/load 5, 0, 0;
    %ix/load 4, 2, 0;
    %flag_set/imm 4, 0;
    %assign/vec4/off/d v0x561e9d6694e0_0, 4, 5;
    %jmp T_61.1;
T_61.0 ;
    %load/vec4 v0x561e9d638fb0_0;
    %flag_set/vec4 8;
    %jmp/0xz  T_61.2, 8;
    %load/vec4 v0x561e9d6742f0_0;
    %parti/s 1, 2, 3;
    %ix/load 5, 0, 0;
    %ix/load 4, 2, 0;
    %flag_set/imm 4, 0;
    %assign/vec4/off/d v0x561e9d6694e0_0, 4, 5;
T_61.2 ;
T_61.1 ;
    %jmp T_61;
    .thread T_61;
    .scope S_0x561e9d4cb470;
T_62 ;
    %wait E_0x561e9d2d29c0;
    %load/vec4 v0x561e9d6df5e0_0;
    %nor/r;
    %flag_set/vec4 8;
    %jmp/0xz  T_62.0, 8;
    %pushi/vec4 0, 0, 1;
    %ix/load 5, 0, 0;
    %ix/load 4, 3, 0;
    %flag_set/imm 4, 0;
    %assign/vec4/off/d v0x561e9d6694e0_0, 4, 5;
    %jmp T_62.1;
T_62.0 ;
    %load/vec4 v0x561e9d638fb0_0;
    %flag_set/vec4 8;
    %jmp/0xz  T_62.2, 8;
    %load/vec4 v0x561e9d6742f0_0;
    %parti/s 1, 3, 3;
    %ix/load 5, 0, 0;
    %ix/load 4, 3, 0;
    %flag_set/imm 4, 0;
    %assign/vec4/off/d v0x561e9d6694e0_0, 4, 5;
T_62.2 ;
T_62.1 ;
    %jmp T_62;
    .thread T_62;
    .scope S_0x561e9d4cb470;
T_63 ;
    %wait E_0x561e9d2d29c0;
    %load/vec4 v0x561e9d6df5e0_0;
    %nor/r;
    %flag_set/vec4 8;
    %jmp/0xz  T_63.0, 8;
    %pushi/vec4 1, 0, 1;
    %ix/load 5, 0, 0;
    %ix/load 4, 4, 0;
    %flag_set/imm 4, 0;
    %assign/vec4/off/d v0x561e9d6694e0_0, 4, 5;
    %jmp T_63.1;
T_63.0 ;
    %load/vec4 v0x561e9d638fb0_0;
    %flag_set/vec4 8;
    %jmp/0xz  T_63.2, 8;
    %load/vec4 v0x561e9d6742f0_0;
    %parti/s 1, 4, 4;
    %ix/load 5, 0, 0;
    %ix/load 4, 4, 0;
    %flag_set/imm 4, 0;
    %assign/vec4/off/d v0x561e9d6694e0_0, 4, 5;
T_63.2 ;
T_63.1 ;
    %jmp T_63;
    .thread T_63;
    .scope S_0x561e9d4cb470;
T_64 ;
    %wait E_0x561e9d2d29c0;
    %load/vec4 v0x561e9d6df5e0_0;
    %nor/r;
    %flag_set/vec4 8;
    %jmp/0xz  T_64.0, 8;
    %pushi/vec4 0, 0, 1;
    %ix/load 5, 0, 0;
    %ix/load 4, 5, 0;
    %flag_set/imm 4, 0;
    %assign/vec4/off/d v0x561e9d6694e0_0, 4, 5;
    %jmp T_64.1;
T_64.0 ;
    %load/vec4 v0x561e9d638fb0_0;
    %flag_set/vec4 8;
    %jmp/0xz  T_64.2, 8;
    %load/vec4 v0x561e9d6742f0_0;
    %parti/s 1, 5, 4;
    %ix/load 5, 0, 0;
    %ix/load 4, 5, 0;
    %flag_set/imm 4, 0;
    %assign/vec4/off/d v0x561e9d6694e0_0, 4, 5;
T_64.2 ;
T_64.1 ;
    %jmp T_64;
    .thread T_64;
    .scope S_0x561e9d4cb470;
T_65 ;
    %wait E_0x561e9d2d29c0;
    %load/vec4 v0x561e9d6df5e0_0;
    %nor/r;
    %flag_set/vec4 8;
    %jmp/0xz  T_65.0, 8;
    %pushi/vec4 0, 0, 1;
    %ix/load 5, 0, 0;
    %ix/load 4, 6, 0;
    %flag_set/imm 4, 0;
    %assign/vec4/off/d v0x561e9d6694e0_0, 4, 5;
    %jmp T_65.1;
T_65.0 ;
    %load/vec4 v0x561e9d638fb0_0;
    %flag_set/vec4 8;
    %jmp/0xz  T_65.2, 8;
    %load/vec4 v0x561e9d6742f0_0;
    %parti/s 1, 6, 4;
    %ix/load 5, 0, 0;
    %ix/load 4, 6, 0;
    %flag_set/imm 4, 0;
    %assign/vec4/off/d v0x561e9d6694e0_0, 4, 5;
T_65.2 ;
T_65.1 ;
    %jmp T_65;
    .thread T_65;
    .scope S_0x561e9d4cb470;
T_66 ;
    %wait E_0x561e9d2d29c0;
    %load/vec4 v0x561e9d6df5e0_0;
    %nor/r;
    %flag_set/vec4 8;
    %jmp/0xz  T_66.0, 8;
    %pushi/vec4 0, 0, 1;
    %ix/load 5, 0, 0;
    %ix/load 4, 7, 0;
    %flag_set/imm 4, 0;
    %assign/vec4/off/d v0x561e9d6694e0_0, 4, 5;
    %jmp T_66.1;
T_66.0 ;
    %load/vec4 v0x561e9d638fb0_0;
    %flag_set/vec4 8;
    %jmp/0xz  T_66.2, 8;
    %load/vec4 v0x561e9d6742f0_0;
    %parti/s 1, 7, 4;
    %ix/load 5, 0, 0;
    %ix/load 4, 7, 0;
    %flag_set/imm 4, 0;
    %assign/vec4/off/d v0x561e9d6694e0_0, 4, 5;
T_66.2 ;
T_66.1 ;
    %jmp T_66;
    .thread T_66;
    .scope S_0x561e9d4cb470;
T_67 ;
    %wait E_0x561e9d2d29c0;
    %load/vec4 v0x561e9d6df5e0_0;
    %nor/r;
    %flag_set/vec4 8;
    %jmp/0xz  T_67.0, 8;
    %pushi/vec4 0, 0, 1;
    %ix/load 5, 0, 0;
    %ix/load 4, 0, 0;
    %flag_set/imm 4, 0;
    %assign/vec4/off/d v0x561e9d673540_0, 4, 5;
    %jmp T_67.1;
T_67.0 ;
    %load/vec4 v0x561e9d666bd0_0;
    %flag_set/vec4 8;
    %jmp/0xz  T_67.2, 8;
    %load/vec4 v0x561e9d5d66b0_0;
    %parti/s 1, 0, 2;
    %ix/load 5, 0, 0;
    %ix/load 4, 0, 0;
    %flag_set/imm 4, 0;
    %assign/vec4/off/d v0x561e9d673540_0, 4, 5;
T_67.2 ;
T_67.1 ;
    %jmp T_67;
    .thread T_67;
    .scope S_0x561e9d4cb470;
T_68 ;
    %wait E_0x561e9d2d29c0;
    %load/vec4 v0x561e9d6df5e0_0;
    %nor/r;
    %flag_set/vec4 8;
    %jmp/0xz  T_68.0, 8;
    %pushi/vec4 0, 0, 1;
    %ix/load 5, 0, 0;
    %ix/load 4, 1, 0;
    %flag_set/imm 4, 0;
    %assign/vec4/off/d v0x561e9d673540_0, 4, 5;
    %jmp T_68.1;
T_68.0 ;
    %load/vec4 v0x561e9d666bd0_0;
    %flag_set/vec4 8;
    %jmp/0xz  T_68.2, 8;
    %load/vec4 v0x561e9d5d66b0_0;
    %parti/s 1, 1, 2;
    %ix/load 5, 0, 0;
    %ix/load 4, 1, 0;
    %flag_set/imm 4, 0;
    %assign/vec4/off/d v0x561e9d673540_0, 4, 5;
T_68.2 ;
T_68.1 ;
    %jmp T_68;
    .thread T_68;
    .scope S_0x561e9d4cb470;
T_69 ;
    %wait E_0x561e9d2d29c0;
    %load/vec4 v0x561e9d6df5e0_0;
    %nor/r;
    %flag_set/vec4 8;
    %jmp/0xz  T_69.0, 8;
    %pushi/vec4 0, 0, 1;
    %ix/load 5, 0, 0;
    %ix/load 4, 2, 0;
    %flag_set/imm 4, 0;
    %assign/vec4/off/d v0x561e9d673540_0, 4, 5;
    %jmp T_69.1;
T_69.0 ;
    %load/vec4 v0x561e9d666bd0_0;
    %flag_set/vec4 8;
    %jmp/0xz  T_69.2, 8;
    %load/vec4 v0x561e9d5d66b0_0;
    %parti/s 1, 2, 3;
    %ix/load 5, 0, 0;
    %ix/load 4, 2, 0;
    %flag_set/imm 4, 0;
    %assign/vec4/off/d v0x561e9d673540_0, 4, 5;
T_69.2 ;
T_69.1 ;
    %jmp T_69;
    .thread T_69;
    .scope S_0x561e9d4cb470;
T_70 ;
    %wait E_0x561e9d2d29c0;
    %load/vec4 v0x561e9d6df5e0_0;
    %nor/r;
    %flag_set/vec4 8;
    %jmp/0xz  T_70.0, 8;
    %pushi/vec4 0, 0, 1;
    %ix/load 5, 0, 0;
    %ix/load 4, 3, 0;
    %flag_set/imm 4, 0;
    %assign/vec4/off/d v0x561e9d673540_0, 4, 5;
    %jmp T_70.1;
T_70.0 ;
    %load/vec4 v0x561e9d666bd0_0;
    %flag_set/vec4 8;
    %jmp/0xz  T_70.2, 8;
    %load/vec4 v0x561e9d5d66b0_0;
    %parti/s 1, 3, 3;
    %ix/load 5, 0, 0;
    %ix/load 4, 3, 0;
    %flag_set/imm 4, 0;
    %assign/vec4/off/d v0x561e9d673540_0, 4, 5;
T_70.2 ;
T_70.1 ;
    %jmp T_70;
    .thread T_70;
    .scope S_0x561e9d4cb470;
T_71 ;
    %wait E_0x561e9d2d29c0;
    %load/vec4 v0x561e9d6df5e0_0;
    %nor/r;
    %flag_set/vec4 8;
    %jmp/0xz  T_71.0, 8;
    %pushi/vec4 0, 0, 1;
    %ix/load 5, 0, 0;
    %ix/load 4, 4, 0;
    %flag_set/imm 4, 0;
    %assign/vec4/off/d v0x561e9d673540_0, 4, 5;
    %jmp T_71.1;
T_71.0 ;
    %load/vec4 v0x561e9d666bd0_0;
    %flag_set/vec4 8;
    %jmp/0xz  T_71.2, 8;
    %load/vec4 v0x561e9d5d66b0_0;
    %parti/s 1, 4, 4;
    %ix/load 5, 0, 0;
    %ix/load 4, 4, 0;
    %flag_set/imm 4, 0;
    %assign/vec4/off/d v0x561e9d673540_0, 4, 5;
T_71.2 ;
T_71.1 ;
    %jmp T_71;
    .thread T_71;
    .scope S_0x561e9d4cb470;
T_72 ;
    %wait E_0x561e9d2d29c0;
    %load/vec4 v0x561e9d6df5e0_0;
    %nor/r;
    %flag_set/vec4 8;
    %jmp/0xz  T_72.0, 8;
    %pushi/vec4 0, 0, 1;
    %ix/load 5, 0, 0;
    %ix/load 4, 5, 0;
    %flag_set/imm 4, 0;
    %assign/vec4/off/d v0x561e9d673540_0, 4, 5;
    %jmp T_72.1;
T_72.0 ;
    %load/vec4 v0x561e9d666bd0_0;
    %flag_set/vec4 8;
    %jmp/0xz  T_72.2, 8;
    %load/vec4 v0x561e9d5d66b0_0;
    %parti/s 1, 5, 4;
    %ix/load 5, 0, 0;
    %ix/load 4, 5, 0;
    %flag_set/imm 4, 0;
    %assign/vec4/off/d v0x561e9d673540_0, 4, 5;
T_72.2 ;
T_72.1 ;
    %jmp T_72;
    .thread T_72;
    .scope S_0x561e9d4cb470;
T_73 ;
    %wait E_0x561e9d2d29c0;
    %load/vec4 v0x561e9d6df5e0_0;
    %nor/r;
    %flag_set/vec4 8;
    %jmp/0xz  T_73.0, 8;
    %pushi/vec4 0, 0, 1;
    %ix/load 5, 0, 0;
    %ix/load 4, 6, 0;
    %flag_set/imm 4, 0;
    %assign/vec4/off/d v0x561e9d673540_0, 4, 5;
    %jmp T_73.1;
T_73.0 ;
    %load/vec4 v0x561e9d666bd0_0;
    %flag_set/vec4 8;
    %jmp/0xz  T_73.2, 8;
    %load/vec4 v0x561e9d5d66b0_0;
    %parti/s 1, 6, 4;
    %ix/load 5, 0, 0;
    %ix/load 4, 6, 0;
    %flag_set/imm 4, 0;
    %assign/vec4/off/d v0x561e9d673540_0, 4, 5;
T_73.2 ;
T_73.1 ;
    %jmp T_73;
    .thread T_73;
    .scope S_0x561e9d4cb470;
T_74 ;
    %wait E_0x561e9d2d29c0;
    %load/vec4 v0x561e9d6df5e0_0;
    %nor/r;
    %flag_set/vec4 8;
    %jmp/0xz  T_74.0, 8;
    %pushi/vec4 0, 0, 1;
    %ix/load 5, 0, 0;
    %ix/load 4, 7, 0;
    %flag_set/imm 4, 0;
    %assign/vec4/off/d v0x561e9d673540_0, 4, 5;
    %jmp T_74.1;
T_74.0 ;
    %load/vec4 v0x561e9d666bd0_0;
    %flag_set/vec4 8;
    %jmp/0xz  T_74.2, 8;
    %load/vec4 v0x561e9d5d66b0_0;
    %parti/s 1, 7, 4;
    %ix/load 5, 0, 0;
    %ix/load 4, 7, 0;
    %flag_set/imm 4, 0;
    %assign/vec4/off/d v0x561e9d673540_0, 4, 5;
T_74.2 ;
T_74.1 ;
    %jmp T_74;
    .thread T_74;
    .scope S_0x561e9d4cb470;
T_75 ;
    %wait E_0x561e9d2d29c0;
    %load/vec4 v0x561e9d6df5e0_0;
    %nor/r;
    %flag_set/vec4 8;
    %jmp/0xz  T_75.0, 8;
    %pushi/vec4 0, 0, 1;
    %ix/load 5, 0, 0;
    %ix/load 4, 0, 0;
    %flag_set/imm 4, 0;
    %assign/vec4/off/d v0x561e9d66a290_0, 4, 5;
    %jmp T_75.1;
T_75.0 ;
    %load/vec4 v0x561e9d6398f0_0;
    %flag_set/vec4 8;
    %jmp/0xz  T_75.2, 8;
    %load/vec4 v0x561e9d6742f0_0;
    %parti/s 1, 0, 2;
    %ix/load 5, 0, 0;
    %ix/load 4, 0, 0;
    %flag_set/imm 4, 0;
    %assign/vec4/off/d v0x561e9d66a290_0, 4, 5;
T_75.2 ;
T_75.1 ;
    %jmp T_75;
    .thread T_75;
    .scope S_0x561e9d4cb470;
T_76 ;
    %wait E_0x561e9d2d29c0;
    %load/vec4 v0x561e9d6df5e0_0;
    %nor/r;
    %flag_set/vec4 8;
    %jmp/0xz  T_76.0, 8;
    %pushi/vec4 1, 0, 1;
    %ix/load 5, 0, 0;
    %ix/load 4, 1, 0;
    %flag_set/imm 4, 0;
    %assign/vec4/off/d v0x561e9d66a290_0, 4, 5;
    %jmp T_76.1;
T_76.0 ;
    %load/vec4 v0x561e9d6398f0_0;
    %flag_set/vec4 8;
    %jmp/0xz  T_76.2, 8;
    %load/vec4 v0x561e9d6742f0_0;
    %parti/s 1, 1, 2;
    %ix/load 5, 0, 0;
    %ix/load 4, 1, 0;
    %flag_set/imm 4, 0;
    %assign/vec4/off/d v0x561e9d66a290_0, 4, 5;
T_76.2 ;
T_76.1 ;
    %jmp T_76;
    .thread T_76;
    .scope S_0x561e9d4cb470;
T_77 ;
    %wait E_0x561e9d2d29c0;
    %load/vec4 v0x561e9d6df5e0_0;
    %nor/r;
    %flag_set/vec4 8;
    %jmp/0xz  T_77.0, 8;
    %pushi/vec4 1, 0, 1;
    %ix/load 5, 0, 0;
    %ix/load 4, 2, 0;
    %flag_set/imm 4, 0;
    %assign/vec4/off/d v0x561e9d66a290_0, 4, 5;
    %jmp T_77.1;
T_77.0 ;
    %load/vec4 v0x561e9d6398f0_0;
    %flag_set/vec4 8;
    %jmp/0xz  T_77.2, 8;
    %load/vec4 v0x561e9d6742f0_0;
    %parti/s 1, 2, 3;
    %ix/load 5, 0, 0;
    %ix/load 4, 2, 0;
    %flag_set/imm 4, 0;
    %assign/vec4/off/d v0x561e9d66a290_0, 4, 5;
T_77.2 ;
T_77.1 ;
    %jmp T_77;
    .thread T_77;
    .scope S_0x561e9d4cb470;
T_78 ;
    %wait E_0x561e9d2d29c0;
    %load/vec4 v0x561e9d6df5e0_0;
    %nor/r;
    %flag_set/vec4 8;
    %jmp/0xz  T_78.0, 8;
    %pushi/vec4 1, 0, 1;
    %ix/load 5, 0, 0;
    %ix/load 4, 3, 0;
    %flag_set/imm 4, 0;
    %assign/vec4/off/d v0x561e9d66a290_0, 4, 5;
    %jmp T_78.1;
T_78.0 ;
    %load/vec4 v0x561e9d6398f0_0;
    %flag_set/vec4 8;
    %jmp/0xz  T_78.2, 8;
    %load/vec4 v0x561e9d6742f0_0;
    %parti/s 1, 3, 3;
    %ix/load 5, 0, 0;
    %ix/load 4, 3, 0;
    %flag_set/imm 4, 0;
    %assign/vec4/off/d v0x561e9d66a290_0, 4, 5;
T_78.2 ;
T_78.1 ;
    %jmp T_78;
    .thread T_78;
    .scope S_0x561e9d4cb470;
T_79 ;
    %wait E_0x561e9d2d29c0;
    %load/vec4 v0x561e9d6df5e0_0;
    %nor/r;
    %flag_set/vec4 8;
    %jmp/0xz  T_79.0, 8;
    %pushi/vec4 0, 0, 1;
    %ix/load 5, 0, 0;
    %ix/load 4, 4, 0;
    %flag_set/imm 4, 0;
    %assign/vec4/off/d v0x561e9d66a290_0, 4, 5;
    %jmp T_79.1;
T_79.0 ;
    %load/vec4 v0x561e9d6398f0_0;
    %flag_set/vec4 8;
    %jmp/0xz  T_79.2, 8;
    %load/vec4 v0x561e9d6742f0_0;
    %parti/s 1, 4, 4;
    %ix/load 5, 0, 0;
    %ix/load 4, 4, 0;
    %flag_set/imm 4, 0;
    %assign/vec4/off/d v0x561e9d66a290_0, 4, 5;
T_79.2 ;
T_79.1 ;
    %jmp T_79;
    .thread T_79;
    .scope S_0x561e9d4cb470;
T_80 ;
    %wait E_0x561e9d2d29c0;
    %load/vec4 v0x561e9d6df5e0_0;
    %nor/r;
    %flag_set/vec4 8;
    %jmp/0xz  T_80.0, 8;
    %pushi/vec4 0, 0, 1;
    %ix/load 5, 0, 0;
    %ix/load 4, 5, 0;
    %flag_set/imm 4, 0;
    %assign/vec4/off/d v0x561e9d66a290_0, 4, 5;
    %jmp T_80.1;
T_80.0 ;
    %load/vec4 v0x561e9d6398f0_0;
    %flag_set/vec4 8;
    %jmp/0xz  T_80.2, 8;
    %load/vec4 v0x561e9d6742f0_0;
    %parti/s 1, 5, 4;
    %ix/load 5, 0, 0;
    %ix/load 4, 5, 0;
    %flag_set/imm 4, 0;
    %assign/vec4/off/d v0x561e9d66a290_0, 4, 5;
T_80.2 ;
T_80.1 ;
    %jmp T_80;
    .thread T_80;
    .scope S_0x561e9d4cb470;
T_81 ;
    %wait E_0x561e9d2d29c0;
    %load/vec4 v0x561e9d6df5e0_0;
    %nor/r;
    %flag_set/vec4 8;
    %jmp/0xz  T_81.0, 8;
    %pushi/vec4 0, 0, 1;
    %ix/load 5, 0, 0;
    %ix/load 4, 6, 0;
    %flag_set/imm 4, 0;
    %assign/vec4/off/d v0x561e9d66a290_0, 4, 5;
    %jmp T_81.1;
T_81.0 ;
    %load/vec4 v0x561e9d6398f0_0;
    %flag_set/vec4 8;
    %jmp/0xz  T_81.2, 8;
    %load/vec4 v0x561e9d6742f0_0;
    %parti/s 1, 6, 4;
    %ix/load 5, 0, 0;
    %ix/load 4, 6, 0;
    %flag_set/imm 4, 0;
    %assign/vec4/off/d v0x561e9d66a290_0, 4, 5;
T_81.2 ;
T_81.1 ;
    %jmp T_81;
    .thread T_81;
    .scope S_0x561e9d4cb470;
T_82 ;
    %wait E_0x561e9d2d29c0;
    %load/vec4 v0x561e9d6df5e0_0;
    %nor/r;
    %flag_set/vec4 8;
    %jmp/0xz  T_82.0, 8;
    %pushi/vec4 0, 0, 1;
    %ix/load 5, 0, 0;
    %ix/load 4, 7, 0;
    %flag_set/imm 4, 0;
    %assign/vec4/off/d v0x561e9d66a290_0, 4, 5;
    %jmp T_82.1;
T_82.0 ;
    %load/vec4 v0x561e9d6398f0_0;
    %flag_set/vec4 8;
    %jmp/0xz  T_82.2, 8;
    %load/vec4 v0x561e9d6742f0_0;
    %parti/s 1, 7, 4;
    %ix/load 5, 0, 0;
    %ix/load 4, 7, 0;
    %flag_set/imm 4, 0;
    %assign/vec4/off/d v0x561e9d66a290_0, 4, 5;
T_82.2 ;
T_82.1 ;
    %jmp T_82;
    .thread T_82;
    .scope S_0x561e9d4cb470;
T_83 ;
    %wait E_0x561e9d2d29c0;
    %load/vec4 v0x561e9d6df5e0_0;
    %nor/r;
    %flag_set/vec4 8;
    %jmp/0xz  T_83.0, 8;
    %pushi/vec4 1, 0, 1;
    %ix/load 5, 0, 0;
    %ix/load 4, 0, 0;
    %flag_set/imm 4, 0;
    %assign/vec4/off/d v0x561e9d66b0e0_0, 4, 5;
    %jmp T_83.1;
T_83.0 ;
    %load/vec4 v0x561e9d63a230_0;
    %flag_set/vec4 8;
    %jmp/0xz  T_83.2, 8;
    %load/vec4 v0x561e9d6742f0_0;
    %parti/s 1, 0, 2;
    %ix/load 5, 0, 0;
    %ix/load 4, 0, 0;
    %flag_set/imm 4, 0;
    %assign/vec4/off/d v0x561e9d66b0e0_0, 4, 5;
T_83.2 ;
T_83.1 ;
    %jmp T_83;
    .thread T_83;
    .scope S_0x561e9d4cb470;
T_84 ;
    %wait E_0x561e9d2d29c0;
    %load/vec4 v0x561e9d6df5e0_0;
    %nor/r;
    %flag_set/vec4 8;
    %jmp/0xz  T_84.0, 8;
    %pushi/vec4 0, 0, 1;
    %ix/load 5, 0, 0;
    %ix/load 4, 1, 0;
    %flag_set/imm 4, 0;
    %assign/vec4/off/d v0x561e9d66b0e0_0, 4, 5;
    %jmp T_84.1;
T_84.0 ;
    %load/vec4 v0x561e9d63a230_0;
    %flag_set/vec4 8;
    %jmp/0xz  T_84.2, 8;
    %load/vec4 v0x561e9d6742f0_0;
    %parti/s 1, 1, 2;
    %ix/load 5, 0, 0;
    %ix/load 4, 1, 0;
    %flag_set/imm 4, 0;
    %assign/vec4/off/d v0x561e9d66b0e0_0, 4, 5;
T_84.2 ;
T_84.1 ;
    %jmp T_84;
    .thread T_84;
    .scope S_0x561e9d4cb470;
T_85 ;
    %wait E_0x561e9d2d29c0;
    %load/vec4 v0x561e9d6df5e0_0;
    %nor/r;
    %flag_set/vec4 8;
    %jmp/0xz  T_85.0, 8;
    %pushi/vec4 1, 0, 1;
    %ix/load 5, 0, 0;
    %ix/load 4, 2, 0;
    %flag_set/imm 4, 0;
    %assign/vec4/off/d v0x561e9d66b0e0_0, 4, 5;
    %jmp T_85.1;
T_85.0 ;
    %load/vec4 v0x561e9d63a230_0;
    %flag_set/vec4 8;
    %jmp/0xz  T_85.2, 8;
    %load/vec4 v0x561e9d6742f0_0;
    %parti/s 1, 2, 3;
    %ix/load 5, 0, 0;
    %ix/load 4, 2, 0;
    %flag_set/imm 4, 0;
    %assign/vec4/off/d v0x561e9d66b0e0_0, 4, 5;
T_85.2 ;
T_85.1 ;
    %jmp T_85;
    .thread T_85;
    .scope S_0x561e9d4cb470;
T_86 ;
    %wait E_0x561e9d2d29c0;
    %load/vec4 v0x561e9d6df5e0_0;
    %nor/r;
    %flag_set/vec4 8;
    %jmp/0xz  T_86.0, 8;
    %pushi/vec4 1, 0, 1;
    %ix/load 5, 0, 0;
    %ix/load 4, 3, 0;
    %flag_set/imm 4, 0;
    %assign/vec4/off/d v0x561e9d66b0e0_0, 4, 5;
    %jmp T_86.1;
T_86.0 ;
    %load/vec4 v0x561e9d63a230_0;
    %flag_set/vec4 8;
    %jmp/0xz  T_86.2, 8;
    %load/vec4 v0x561e9d6742f0_0;
    %parti/s 1, 3, 3;
    %ix/load 5, 0, 0;
    %ix/load 4, 3, 0;
    %flag_set/imm 4, 0;
    %assign/vec4/off/d v0x561e9d66b0e0_0, 4, 5;
T_86.2 ;
T_86.1 ;
    %jmp T_86;
    .thread T_86;
    .scope S_0x561e9d4cb470;
T_87 ;
    %wait E_0x561e9d2d29c0;
    %load/vec4 v0x561e9d6df5e0_0;
    %nor/r;
    %flag_set/vec4 8;
    %jmp/0xz  T_87.0, 8;
    %pushi/vec4 0, 0, 1;
    %ix/load 5, 0, 0;
    %ix/load 4, 4, 0;
    %flag_set/imm 4, 0;
    %assign/vec4/off/d v0x561e9d66b0e0_0, 4, 5;
    %jmp T_87.1;
T_87.0 ;
    %load/vec4 v0x561e9d63a230_0;
    %flag_set/vec4 8;
    %jmp/0xz  T_87.2, 8;
    %load/vec4 v0x561e9d6742f0_0;
    %parti/s 1, 4, 4;
    %ix/load 5, 0, 0;
    %ix/load 4, 4, 0;
    %flag_set/imm 4, 0;
    %assign/vec4/off/d v0x561e9d66b0e0_0, 4, 5;
T_87.2 ;
T_87.1 ;
    %jmp T_87;
    .thread T_87;
    .scope S_0x561e9d4cb470;
T_88 ;
    %wait E_0x561e9d2d29c0;
    %load/vec4 v0x561e9d6df5e0_0;
    %nor/r;
    %flag_set/vec4 8;
    %jmp/0xz  T_88.0, 8;
    %pushi/vec4 0, 0, 1;
    %ix/load 5, 0, 0;
    %ix/load 4, 5, 0;
    %flag_set/imm 4, 0;
    %assign/vec4/off/d v0x561e9d66b0e0_0, 4, 5;
    %jmp T_88.1;
T_88.0 ;
    %load/vec4 v0x561e9d63a230_0;
    %flag_set/vec4 8;
    %jmp/0xz  T_88.2, 8;
    %load/vec4 v0x561e9d6742f0_0;
    %parti/s 1, 5, 4;
    %ix/load 5, 0, 0;
    %ix/load 4, 5, 0;
    %flag_set/imm 4, 0;
    %assign/vec4/off/d v0x561e9d66b0e0_0, 4, 5;
T_88.2 ;
T_88.1 ;
    %jmp T_88;
    .thread T_88;
    .scope S_0x561e9d4cb470;
T_89 ;
    %wait E_0x561e9d2d29c0;
    %load/vec4 v0x561e9d6df5e0_0;
    %nor/r;
    %flag_set/vec4 8;
    %jmp/0xz  T_89.0, 8;
    %pushi/vec4 0, 0, 1;
    %ix/load 5, 0, 0;
    %ix/load 4, 6, 0;
    %flag_set/imm 4, 0;
    %assign/vec4/off/d v0x561e9d66b0e0_0, 4, 5;
    %jmp T_89.1;
T_89.0 ;
    %load/vec4 v0x561e9d63a230_0;
    %flag_set/vec4 8;
    %jmp/0xz  T_89.2, 8;
    %load/vec4 v0x561e9d6742f0_0;
    %parti/s 1, 6, 4;
    %ix/load 5, 0, 0;
    %ix/load 4, 6, 0;
    %flag_set/imm 4, 0;
    %assign/vec4/off/d v0x561e9d66b0e0_0, 4, 5;
T_89.2 ;
T_89.1 ;
    %jmp T_89;
    .thread T_89;
    .scope S_0x561e9d4cb470;
T_90 ;
    %wait E_0x561e9d2d29c0;
    %load/vec4 v0x561e9d6df5e0_0;
    %nor/r;
    %flag_set/vec4 8;
    %jmp/0xz  T_90.0, 8;
    %pushi/vec4 0, 0, 1;
    %ix/load 5, 0, 0;
    %ix/load 4, 7, 0;
    %flag_set/imm 4, 0;
    %assign/vec4/off/d v0x561e9d66b0e0_0, 4, 5;
    %jmp T_90.1;
T_90.0 ;
    %load/vec4 v0x561e9d63a230_0;
    %flag_set/vec4 8;
    %jmp/0xz  T_90.2, 8;
    %load/vec4 v0x561e9d6742f0_0;
    %parti/s 1, 7, 4;
    %ix/load 5, 0, 0;
    %ix/load 4, 7, 0;
    %flag_set/imm 4, 0;
    %assign/vec4/off/d v0x561e9d66b0e0_0, 4, 5;
T_90.2 ;
T_90.1 ;
    %jmp T_90;
    .thread T_90;
    .scope S_0x561e9d4cb470;
T_91 ;
    %wait E_0x561e9d2d29c0;
    %load/vec4 v0x561e9d6df5e0_0;
    %nor/r;
    %flag_set/vec4 8;
    %jmp/0xz  T_91.0, 8;
    %pushi/vec4 0, 0, 1;
    %assign/vec4 v0x561e9d67be20_0, 0;
    %jmp T_91.1;
T_91.0 ;
    %load/vec4 v0x561e9d648200_0;
    %flag_set/vec4 8;
    %jmp/0xz  T_91.2, 8;
    %load/vec4 v0x561e9d67cbd0_0;
    %assign/vec4 v0x561e9d67be20_0, 0;
T_91.2 ;
T_91.1 ;
    %jmp T_91;
    .thread T_91;
    .scope S_0x561e9d4cb470;
T_92 ;
    %wait E_0x561e9d2d29c0;
    %load/vec4 v0x561e9d6df5e0_0;
    %nor/r;
    %flag_set/vec4 8;
    %jmp/0xz  T_92.0, 8;
    %pushi/vec4 0, 0, 1;
    %ix/load 5, 0, 0;
    %ix/load 4, 0, 0;
    %flag_set/imm 4, 0;
    %assign/vec4/off/d v0x561e9d66b040_0, 4, 5;
    %jmp T_92.1;
T_92.0 ;
    %load/vec4 v0x561e9d63ab70_0;
    %flag_set/vec4 8;
    %jmp/0xz  T_92.2, 8;
    %load/vec4 v0x561e9d6742f0_0;
    %parti/s 1, 0, 2;
    %ix/load 5, 0, 0;
    %ix/load 4, 0, 0;
    %flag_set/imm 4, 0;
    %assign/vec4/off/d v0x561e9d66b040_0, 4, 5;
T_92.2 ;
T_92.1 ;
    %jmp T_92;
    .thread T_92;
    .scope S_0x561e9d4cb470;
T_93 ;
    %wait E_0x561e9d2d29c0;
    %load/vec4 v0x561e9d6df5e0_0;
    %nor/r;
    %flag_set/vec4 8;
    %jmp/0xz  T_93.0, 8;
    %pushi/vec4 0, 0, 1;
    %ix/load 5, 0, 0;
    %ix/load 4, 1, 0;
    %flag_set/imm 4, 0;
    %assign/vec4/off/d v0x561e9d66b040_0, 4, 5;
    %jmp T_93.1;
T_93.0 ;
    %load/vec4 v0x561e9d63ab70_0;
    %flag_set/vec4 8;
    %jmp/0xz  T_93.2, 8;
    %load/vec4 v0x561e9d6742f0_0;
    %parti/s 1, 1, 2;
    %ix/load 5, 0, 0;
    %ix/load 4, 1, 0;
    %flag_set/imm 4, 0;
    %assign/vec4/off/d v0x561e9d66b040_0, 4, 5;
T_93.2 ;
T_93.1 ;
    %jmp T_93;
    .thread T_93;
    .scope S_0x561e9d4cb470;
T_94 ;
    %wait E_0x561e9d2d29c0;
    %load/vec4 v0x561e9d6df5e0_0;
    %nor/r;
    %flag_set/vec4 8;
    %jmp/0xz  T_94.0, 8;
    %pushi/vec4 1, 0, 1;
    %ix/load 5, 0, 0;
    %ix/load 4, 2, 0;
    %flag_set/imm 4, 0;
    %assign/vec4/off/d v0x561e9d66b040_0, 4, 5;
    %jmp T_94.1;
T_94.0 ;
    %load/vec4 v0x561e9d63ab70_0;
    %flag_set/vec4 8;
    %jmp/0xz  T_94.2, 8;
    %load/vec4 v0x561e9d6742f0_0;
    %parti/s 1, 2, 3;
    %ix/load 5, 0, 0;
    %ix/load 4, 2, 0;
    %flag_set/imm 4, 0;
    %assign/vec4/off/d v0x561e9d66b040_0, 4, 5;
T_94.2 ;
T_94.1 ;
    %jmp T_94;
    .thread T_94;
    .scope S_0x561e9d4cb470;
T_95 ;
    %wait E_0x561e9d2d29c0;
    %load/vec4 v0x561e9d6df5e0_0;
    %nor/r;
    %flag_set/vec4 8;
    %jmp/0xz  T_95.0, 8;
    %pushi/vec4 1, 0, 1;
    %ix/load 5, 0, 0;
    %ix/load 4, 3, 0;
    %flag_set/imm 4, 0;
    %assign/vec4/off/d v0x561e9d66b040_0, 4, 5;
    %jmp T_95.1;
T_95.0 ;
    %load/vec4 v0x561e9d63ab70_0;
    %flag_set/vec4 8;
    %jmp/0xz  T_95.2, 8;
    %load/vec4 v0x561e9d6742f0_0;
    %parti/s 1, 3, 3;
    %ix/load 5, 0, 0;
    %ix/load 4, 3, 0;
    %flag_set/imm 4, 0;
    %assign/vec4/off/d v0x561e9d66b040_0, 4, 5;
T_95.2 ;
T_95.1 ;
    %jmp T_95;
    .thread T_95;
    .scope S_0x561e9d4cb470;
T_96 ;
    %wait E_0x561e9d2d29c0;
    %load/vec4 v0x561e9d6df5e0_0;
    %nor/r;
    %flag_set/vec4 8;
    %jmp/0xz  T_96.0, 8;
    %pushi/vec4 0, 0, 1;
    %ix/load 5, 0, 0;
    %ix/load 4, 4, 0;
    %flag_set/imm 4, 0;
    %assign/vec4/off/d v0x561e9d66b040_0, 4, 5;
    %jmp T_96.1;
T_96.0 ;
    %load/vec4 v0x561e9d63ab70_0;
    %flag_set/vec4 8;
    %jmp/0xz  T_96.2, 8;
    %load/vec4 v0x561e9d6742f0_0;
    %parti/s 1, 4, 4;
    %ix/load 5, 0, 0;
    %ix/load 4, 4, 0;
    %flag_set/imm 4, 0;
    %assign/vec4/off/d v0x561e9d66b040_0, 4, 5;
T_96.2 ;
T_96.1 ;
    %jmp T_96;
    .thread T_96;
    .scope S_0x561e9d4cb470;
T_97 ;
    %wait E_0x561e9d2d29c0;
    %load/vec4 v0x561e9d6df5e0_0;
    %nor/r;
    %flag_set/vec4 8;
    %jmp/0xz  T_97.0, 8;
    %pushi/vec4 0, 0, 1;
    %ix/load 5, 0, 0;
    %ix/load 4, 5, 0;
    %flag_set/imm 4, 0;
    %assign/vec4/off/d v0x561e9d66b040_0, 4, 5;
    %jmp T_97.1;
T_97.0 ;
    %load/vec4 v0x561e9d63ab70_0;
    %flag_set/vec4 8;
    %jmp/0xz  T_97.2, 8;
    %load/vec4 v0x561e9d6742f0_0;
    %parti/s 1, 5, 4;
    %ix/load 5, 0, 0;
    %ix/load 4, 5, 0;
    %flag_set/imm 4, 0;
    %assign/vec4/off/d v0x561e9d66b040_0, 4, 5;
T_97.2 ;
T_97.1 ;
    %jmp T_97;
    .thread T_97;
    .scope S_0x561e9d4cb470;
T_98 ;
    %wait E_0x561e9d2d29c0;
    %load/vec4 v0x561e9d6df5e0_0;
    %nor/r;
    %flag_set/vec4 8;
    %jmp/0xz  T_98.0, 8;
    %pushi/vec4 0, 0, 1;
    %ix/load 5, 0, 0;
    %ix/load 4, 6, 0;
    %flag_set/imm 4, 0;
    %assign/vec4/off/d v0x561e9d66b040_0, 4, 5;
    %jmp T_98.1;
T_98.0 ;
    %load/vec4 v0x561e9d63ab70_0;
    %flag_set/vec4 8;
    %jmp/0xz  T_98.2, 8;
    %load/vec4 v0x561e9d6742f0_0;
    %parti/s 1, 6, 4;
    %ix/load 5, 0, 0;
    %ix/load 4, 6, 0;
    %flag_set/imm 4, 0;
    %assign/vec4/off/d v0x561e9d66b040_0, 4, 5;
T_98.2 ;
T_98.1 ;
    %jmp T_98;
    .thread T_98;
    .scope S_0x561e9d4cb470;
T_99 ;
    %wait E_0x561e9d2d29c0;
    %load/vec4 v0x561e9d6df5e0_0;
    %nor/r;
    %flag_set/vec4 8;
    %jmp/0xz  T_99.0, 8;
    %pushi/vec4 0, 0, 1;
    %ix/load 5, 0, 0;
    %ix/load 4, 7, 0;
    %flag_set/imm 4, 0;
    %assign/vec4/off/d v0x561e9d66b040_0, 4, 5;
    %jmp T_99.1;
T_99.0 ;
    %load/vec4 v0x561e9d63ab70_0;
    %flag_set/vec4 8;
    %jmp/0xz  T_99.2, 8;
    %load/vec4 v0x561e9d6742f0_0;
    %parti/s 1, 7, 4;
    %ix/load 5, 0, 0;
    %ix/load 4, 7, 0;
    %flag_set/imm 4, 0;
    %assign/vec4/off/d v0x561e9d66b040_0, 4, 5;
T_99.2 ;
T_99.1 ;
    %jmp T_99;
    .thread T_99;
    .scope S_0x561e9d4cb470;
T_100 ;
    %wait E_0x561e9d2d29c0;
    %load/vec4 v0x561e9d6df5e0_0;
    %nor/r;
    %flag_set/vec4 8;
    %jmp/0xz  T_100.0, 8;
    %pushi/vec4 0, 0, 1;
    %ix/load 5, 0, 0;
    %ix/load 4, 0, 0;
    %flag_set/imm 4, 0;
    %assign/vec4/off/d v0x561e9d6750a0_0, 4, 5;
    %jmp T_100.1;
T_100.0 ;
    %load/vec4 v0x561e9d642fe0_0;
    %flag_set/vec4 8;
    %jmp/0xz  T_100.2, 8;
    %load/vec4 v0x561e9d6b2ff0_0;
    %parti/s 1, 1, 2;
    %ix/load 5, 0, 0;
    %ix/load 4, 0, 0;
    %flag_set/imm 4, 0;
    %assign/vec4/off/d v0x561e9d6750a0_0, 4, 5;
T_100.2 ;
T_100.1 ;
    %jmp T_100;
    .thread T_100;
    .scope S_0x561e9d4cb470;
T_101 ;
    %wait E_0x561e9d2d29c0;
    %load/vec4 v0x561e9d6df5e0_0;
    %nor/r;
    %flag_set/vec4 8;
    %jmp/0xz  T_101.0, 8;
    %pushi/vec4 0, 0, 1;
    %ix/load 5, 0, 0;
    %ix/load 4, 1, 0;
    %flag_set/imm 4, 0;
    %assign/vec4/off/d v0x561e9d6750a0_0, 4, 5;
    %jmp T_101.1;
T_101.0 ;
    %load/vec4 v0x561e9d642fe0_0;
    %flag_set/vec4 8;
    %jmp/0xz  T_101.2, 8;
    %load/vec4 v0x561e9d5d5430_0;
    %parti/s 1, 1, 2;
    %ix/load 5, 0, 0;
    %ix/load 4, 1, 0;
    %flag_set/imm 4, 0;
    %assign/vec4/off/d v0x561e9d6750a0_0, 4, 5;
T_101.2 ;
T_101.1 ;
    %jmp T_101;
    .thread T_101;
    .scope S_0x561e9d4cb470;
T_102 ;
    %wait E_0x561e9d2d29c0;
    %load/vec4 v0x561e9d6df5e0_0;
    %nor/r;
    %flag_set/vec4 8;
    %jmp/0xz  T_102.0, 8;
    %pushi/vec4 0, 0, 1;
    %ix/load 5, 0, 0;
    %ix/load 4, 2, 0;
    %flag_set/imm 4, 0;
    %assign/vec4/off/d v0x561e9d6750a0_0, 4, 5;
    %jmp T_102.1;
T_102.0 ;
    %load/vec4 v0x561e9d642fe0_0;
    %flag_set/vec4 8;
    %jmp/0xz  T_102.2, 8;
    %load/vec4 v0x561e9d5d5430_0;
    %parti/s 1, 2, 3;
    %ix/load 5, 0, 0;
    %ix/load 4, 2, 0;
    %flag_set/imm 4, 0;
    %assign/vec4/off/d v0x561e9d6750a0_0, 4, 5;
T_102.2 ;
T_102.1 ;
    %jmp T_102;
    .thread T_102;
    .scope S_0x561e9d4cb470;
T_103 ;
    %wait E_0x561e9d2d29c0;
    %load/vec4 v0x561e9d6df5e0_0;
    %nor/r;
    %flag_set/vec4 8;
    %jmp/0xz  T_103.0, 8;
    %pushi/vec4 0, 0, 1;
    %ix/load 5, 0, 0;
    %ix/load 4, 3, 0;
    %flag_set/imm 4, 0;
    %assign/vec4/off/d v0x561e9d6750a0_0, 4, 5;
    %jmp T_103.1;
T_103.0 ;
    %load/vec4 v0x561e9d642fe0_0;
    %flag_set/vec4 8;
    %jmp/0xz  T_103.2, 8;
    %load/vec4 v0x561e9d5d5430_0;
    %parti/s 1, 3, 3;
    %ix/load 5, 0, 0;
    %ix/load 4, 3, 0;
    %flag_set/imm 4, 0;
    %assign/vec4/off/d v0x561e9d6750a0_0, 4, 5;
T_103.2 ;
T_103.1 ;
    %jmp T_103;
    .thread T_103;
    .scope S_0x561e9d4cb470;
T_104 ;
    %wait E_0x561e9d2d29c0;
    %load/vec4 v0x561e9d6df5e0_0;
    %nor/r;
    %flag_set/vec4 8;
    %jmp/0xz  T_104.0, 8;
    %pushi/vec4 0, 0, 1;
    %ix/load 5, 0, 0;
    %ix/load 4, 4, 0;
    %flag_set/imm 4, 0;
    %assign/vec4/off/d v0x561e9d6750a0_0, 4, 5;
    %jmp T_104.1;
T_104.0 ;
    %load/vec4 v0x561e9d642fe0_0;
    %flag_set/vec4 8;
    %jmp/0xz  T_104.2, 8;
    %load/vec4 v0x561e9d5d5430_0;
    %parti/s 1, 4, 4;
    %ix/load 5, 0, 0;
    %ix/load 4, 4, 0;
    %flag_set/imm 4, 0;
    %assign/vec4/off/d v0x561e9d6750a0_0, 4, 5;
T_104.2 ;
T_104.1 ;
    %jmp T_104;
    .thread T_104;
    .scope S_0x561e9d4cb470;
T_105 ;
    %wait E_0x561e9d2d29c0;
    %load/vec4 v0x561e9d6df5e0_0;
    %nor/r;
    %flag_set/vec4 8;
    %jmp/0xz  T_105.0, 8;
    %pushi/vec4 0, 0, 1;
    %ix/load 5, 0, 0;
    %ix/load 4, 5, 0;
    %flag_set/imm 4, 0;
    %assign/vec4/off/d v0x561e9d6750a0_0, 4, 5;
    %jmp T_105.1;
T_105.0 ;
    %load/vec4 v0x561e9d642fe0_0;
    %flag_set/vec4 8;
    %jmp/0xz  T_105.2, 8;
    %load/vec4 v0x561e9d5d5430_0;
    %parti/s 1, 5, 4;
    %ix/load 5, 0, 0;
    %ix/load 4, 5, 0;
    %flag_set/imm 4, 0;
    %assign/vec4/off/d v0x561e9d6750a0_0, 4, 5;
T_105.2 ;
T_105.1 ;
    %jmp T_105;
    .thread T_105;
    .scope S_0x561e9d4cb470;
T_106 ;
    %wait E_0x561e9d2d29c0;
    %load/vec4 v0x561e9d6df5e0_0;
    %nor/r;
    %flag_set/vec4 8;
    %jmp/0xz  T_106.0, 8;
    %pushi/vec4 0, 0, 1;
    %ix/load 5, 0, 0;
    %ix/load 4, 6, 0;
    %flag_set/imm 4, 0;
    %assign/vec4/off/d v0x561e9d6750a0_0, 4, 5;
    %jmp T_106.1;
T_106.0 ;
    %load/vec4 v0x561e9d642fe0_0;
    %flag_set/vec4 8;
    %jmp/0xz  T_106.2, 8;
    %load/vec4 v0x561e9d5d5430_0;
    %parti/s 1, 6, 4;
    %ix/load 5, 0, 0;
    %ix/load 4, 6, 0;
    %flag_set/imm 4, 0;
    %assign/vec4/off/d v0x561e9d6750a0_0, 4, 5;
T_106.2 ;
T_106.1 ;
    %jmp T_106;
    .thread T_106;
    .scope S_0x561e9d4cb470;
T_107 ;
    %wait E_0x561e9d2d29c0;
    %load/vec4 v0x561e9d6df5e0_0;
    %nor/r;
    %flag_set/vec4 8;
    %jmp/0xz  T_107.0, 8;
    %pushi/vec4 0, 0, 1;
    %ix/load 5, 0, 0;
    %ix/load 4, 7, 0;
    %flag_set/imm 4, 0;
    %assign/vec4/off/d v0x561e9d6750a0_0, 4, 5;
    %jmp T_107.1;
T_107.0 ;
    %load/vec4 v0x561e9d642fe0_0;
    %flag_set/vec4 8;
    %jmp/0xz  T_107.2, 8;
    %load/vec4 v0x561e9d5d5430_0;
    %parti/s 1, 7, 4;
    %ix/load 5, 0, 0;
    %ix/load 4, 7, 0;
    %flag_set/imm 4, 0;
    %assign/vec4/off/d v0x561e9d6750a0_0, 4, 5;
T_107.2 ;
T_107.1 ;
    %jmp T_107;
    .thread T_107;
    .scope S_0x561e9d4cb470;
T_108 ;
    %wait E_0x561e9d2d29c0;
    %load/vec4 v0x561e9d6df5e0_0;
    %nor/r;
    %flag_set/vec4 8;
    %jmp/0xz  T_108.0, 8;
    %pushi/vec4 1, 0, 1;
    %ix/load 5, 0, 0;
    %ix/load 4, 0, 0;
    %flag_set/imm 4, 0;
    %assign/vec4/off/d v0x561e9d66bdf0_0, 4, 5;
    %jmp T_108.1;
T_108.0 ;
    %load/vec4 v0x561e9d63b4b0_0;
    %flag_set/vec4 8;
    %jmp/0xz  T_108.2, 8;
    %load/vec4 v0x561e9d6742f0_0;
    %parti/s 1, 0, 2;
    %ix/load 5, 0, 0;
    %ix/load 4, 0, 0;
    %flag_set/imm 4, 0;
    %assign/vec4/off/d v0x561e9d66bdf0_0, 4, 5;
T_108.2 ;
T_108.1 ;
    %jmp T_108;
    .thread T_108;
    .scope S_0x561e9d4cb470;
T_109 ;
    %wait E_0x561e9d2d29c0;
    %load/vec4 v0x561e9d6df5e0_0;
    %nor/r;
    %flag_set/vec4 8;
    %jmp/0xz  T_109.0, 8;
    %pushi/vec4 1, 0, 1;
    %ix/load 5, 0, 0;
    %ix/load 4, 1, 0;
    %flag_set/imm 4, 0;
    %assign/vec4/off/d v0x561e9d66bdf0_0, 4, 5;
    %jmp T_109.1;
T_109.0 ;
    %load/vec4 v0x561e9d63b4b0_0;
    %flag_set/vec4 8;
    %jmp/0xz  T_109.2, 8;
    %load/vec4 v0x561e9d6742f0_0;
    %parti/s 1, 1, 2;
    %ix/load 5, 0, 0;
    %ix/load 4, 1, 0;
    %flag_set/imm 4, 0;
    %assign/vec4/off/d v0x561e9d66bdf0_0, 4, 5;
T_109.2 ;
T_109.1 ;
    %jmp T_109;
    .thread T_109;
    .scope S_0x561e9d4cb470;
T_110 ;
    %wait E_0x561e9d2d29c0;
    %load/vec4 v0x561e9d6df5e0_0;
    %nor/r;
    %flag_set/vec4 8;
    %jmp/0xz  T_110.0, 8;
    %pushi/vec4 0, 0, 1;
    %ix/load 5, 0, 0;
    %ix/load 4, 2, 0;
    %flag_set/imm 4, 0;
    %assign/vec4/off/d v0x561e9d66bdf0_0, 4, 5;
    %jmp T_110.1;
T_110.0 ;
    %load/vec4 v0x561e9d63b4b0_0;
    %flag_set/vec4 8;
    %jmp/0xz  T_110.2, 8;
    %load/vec4 v0x561e9d6742f0_0;
    %parti/s 1, 2, 3;
    %ix/load 5, 0, 0;
    %ix/load 4, 2, 0;
    %flag_set/imm 4, 0;
    %assign/vec4/off/d v0x561e9d66bdf0_0, 4, 5;
T_110.2 ;
T_110.1 ;
    %jmp T_110;
    .thread T_110;
    .scope S_0x561e9d4cb470;
T_111 ;
    %wait E_0x561e9d2d29c0;
    %load/vec4 v0x561e9d6df5e0_0;
    %nor/r;
    %flag_set/vec4 8;
    %jmp/0xz  T_111.0, 8;
    %pushi/vec4 1, 0, 1;
    %ix/load 5, 0, 0;
    %ix/load 4, 3, 0;
    %flag_set/imm 4, 0;
    %assign/vec4/off/d v0x561e9d66bdf0_0, 4, 5;
    %jmp T_111.1;
T_111.0 ;
    %load/vec4 v0x561e9d63b4b0_0;
    %flag_set/vec4 8;
    %jmp/0xz  T_111.2, 8;
    %load/vec4 v0x561e9d6742f0_0;
    %parti/s 1, 3, 3;
    %ix/load 5, 0, 0;
    %ix/load 4, 3, 0;
    %flag_set/imm 4, 0;
    %assign/vec4/off/d v0x561e9d66bdf0_0, 4, 5;
T_111.2 ;
T_111.1 ;
    %jmp T_111;
    .thread T_111;
    .scope S_0x561e9d4cb470;
T_112 ;
    %wait E_0x561e9d2d29c0;
    %load/vec4 v0x561e9d6df5e0_0;
    %nor/r;
    %flag_set/vec4 8;
    %jmp/0xz  T_112.0, 8;
    %pushi/vec4 0, 0, 1;
    %ix/load 5, 0, 0;
    %ix/load 4, 4, 0;
    %flag_set/imm 4, 0;
    %assign/vec4/off/d v0x561e9d66bdf0_0, 4, 5;
    %jmp T_112.1;
T_112.0 ;
    %load/vec4 v0x561e9d63b4b0_0;
    %flag_set/vec4 8;
    %jmp/0xz  T_112.2, 8;
    %load/vec4 v0x561e9d6742f0_0;
    %parti/s 1, 4, 4;
    %ix/load 5, 0, 0;
    %ix/load 4, 4, 0;
    %flag_set/imm 4, 0;
    %assign/vec4/off/d v0x561e9d66bdf0_0, 4, 5;
T_112.2 ;
T_112.1 ;
    %jmp T_112;
    .thread T_112;
    .scope S_0x561e9d4cb470;
T_113 ;
    %wait E_0x561e9d2d29c0;
    %load/vec4 v0x561e9d6df5e0_0;
    %nor/r;
    %flag_set/vec4 8;
    %jmp/0xz  T_113.0, 8;
    %pushi/vec4 0, 0, 1;
    %ix/load 5, 0, 0;
    %ix/load 4, 5, 0;
    %flag_set/imm 4, 0;
    %assign/vec4/off/d v0x561e9d66bdf0_0, 4, 5;
    %jmp T_113.1;
T_113.0 ;
    %load/vec4 v0x561e9d63b4b0_0;
    %flag_set/vec4 8;
    %jmp/0xz  T_113.2, 8;
    %load/vec4 v0x561e9d6742f0_0;
    %parti/s 1, 5, 4;
    %ix/load 5, 0, 0;
    %ix/load 4, 5, 0;
    %flag_set/imm 4, 0;
    %assign/vec4/off/d v0x561e9d66bdf0_0, 4, 5;
T_113.2 ;
T_113.1 ;
    %jmp T_113;
    .thread T_113;
    .scope S_0x561e9d4cb470;
T_114 ;
    %wait E_0x561e9d2d29c0;
    %load/vec4 v0x561e9d6df5e0_0;
    %nor/r;
    %flag_set/vec4 8;
    %jmp/0xz  T_114.0, 8;
    %pushi/vec4 0, 0, 1;
    %ix/load 5, 0, 0;
    %ix/load 4, 6, 0;
    %flag_set/imm 4, 0;
    %assign/vec4/off/d v0x561e9d66bdf0_0, 4, 5;
    %jmp T_114.1;
T_114.0 ;
    %load/vec4 v0x561e9d63b4b0_0;
    %flag_set/vec4 8;
    %jmp/0xz  T_114.2, 8;
    %load/vec4 v0x561e9d6742f0_0;
    %parti/s 1, 6, 4;
    %ix/load 5, 0, 0;
    %ix/load 4, 6, 0;
    %flag_set/imm 4, 0;
    %assign/vec4/off/d v0x561e9d66bdf0_0, 4, 5;
T_114.2 ;
T_114.1 ;
    %jmp T_114;
    .thread T_114;
    .scope S_0x561e9d4cb470;
T_115 ;
    %wait E_0x561e9d2d29c0;
    %load/vec4 v0x561e9d6df5e0_0;
    %nor/r;
    %flag_set/vec4 8;
    %jmp/0xz  T_115.0, 8;
    %pushi/vec4 0, 0, 1;
    %ix/load 5, 0, 0;
    %ix/load 4, 7, 0;
    %flag_set/imm 4, 0;
    %assign/vec4/off/d v0x561e9d66bdf0_0, 4, 5;
    %jmp T_115.1;
T_115.0 ;
    %load/vec4 v0x561e9d63b4b0_0;
    %flag_set/vec4 8;
    %jmp/0xz  T_115.2, 8;
    %load/vec4 v0x561e9d6742f0_0;
    %parti/s 1, 7, 4;
    %ix/load 5, 0, 0;
    %ix/load 4, 7, 0;
    %flag_set/imm 4, 0;
    %assign/vec4/off/d v0x561e9d66bdf0_0, 4, 5;
T_115.2 ;
T_115.1 ;
    %jmp T_115;
    .thread T_115;
    .scope S_0x561e9d4cb470;
T_116 ;
    %wait E_0x561e9d2d29c0;
    %load/vec4 v0x561e9d6df5e0_0;
    %nor/r;
    %flag_set/vec4 8;
    %jmp/0xz  T_116.0, 8;
    %pushi/vec4 0, 0, 1;
    %assign/vec4 v0x561e9d666bd0_0, 0;
    %jmp T_116.1;
T_116.0 ;
    %load/vec4 v0x561e9d641480_0;
    %flag_set/vec4 8;
    %jmp/0xz  T_116.2, 8;
    %load/vec4 v0x561e9d66d950_0;
    %parti/s 1, 7, 4;
    %assign/vec4 v0x561e9d666bd0_0, 0;
T_116.2 ;
T_116.1 ;
    %jmp T_116;
    .thread T_116;
    .scope S_0x561e9d4cb470;
T_117 ;
    %wait E_0x561e9d2d29c0;
    %load/vec4 v0x561e9d6df5e0_0;
    %nor/r;
    %flag_set/vec4 8;
    %jmp/0xz  T_117.0, 8;
    %pushi/vec4 0, 0, 1;
    %ix/load 5, 0, 0;
    %ix/load 4, 0, 0;
    %flag_set/imm 4, 0;
    %assign/vec4/off/d v0x561e9d66cba0_0, 4, 5;
    %jmp T_117.1;
T_117.0 ;
    %load/vec4 v0x561e9d63c260_0;
    %flag_set/vec4 8;
    %jmp/0xz  T_117.2, 8;
    %load/vec4 v0x561e9d6742f0_0;
    %parti/s 1, 0, 2;
    %ix/load 5, 0, 0;
    %ix/load 4, 0, 0;
    %flag_set/imm 4, 0;
    %assign/vec4/off/d v0x561e9d66cba0_0, 4, 5;
T_117.2 ;
T_117.1 ;
    %jmp T_117;
    .thread T_117;
    .scope S_0x561e9d4cb470;
T_118 ;
    %wait E_0x561e9d2d29c0;
    %load/vec4 v0x561e9d6df5e0_0;
    %nor/r;
    %flag_set/vec4 8;
    %jmp/0xz  T_118.0, 8;
    %pushi/vec4 1, 0, 1;
    %ix/load 5, 0, 0;
    %ix/load 4, 1, 0;
    %flag_set/imm 4, 0;
    %assign/vec4/off/d v0x561e9d66cba0_0, 4, 5;
    %jmp T_118.1;
T_118.0 ;
    %load/vec4 v0x561e9d63c260_0;
    %flag_set/vec4 8;
    %jmp/0xz  T_118.2, 8;
    %load/vec4 v0x561e9d6742f0_0;
    %parti/s 1, 1, 2;
    %ix/load 5, 0, 0;
    %ix/load 4, 1, 0;
    %flag_set/imm 4, 0;
    %assign/vec4/off/d v0x561e9d66cba0_0, 4, 5;
T_118.2 ;
T_118.1 ;
    %jmp T_118;
    .thread T_118;
    .scope S_0x561e9d4cb470;
T_119 ;
    %wait E_0x561e9d2d29c0;
    %load/vec4 v0x561e9d6df5e0_0;
    %nor/r;
    %flag_set/vec4 8;
    %jmp/0xz  T_119.0, 8;
    %pushi/vec4 0, 0, 1;
    %ix/load 5, 0, 0;
    %ix/load 4, 2, 0;
    %flag_set/imm 4, 0;
    %assign/vec4/off/d v0x561e9d66cba0_0, 4, 5;
    %jmp T_119.1;
T_119.0 ;
    %load/vec4 v0x561e9d63c260_0;
    %flag_set/vec4 8;
    %jmp/0xz  T_119.2, 8;
    %load/vec4 v0x561e9d6742f0_0;
    %parti/s 1, 2, 3;
    %ix/load 5, 0, 0;
    %ix/load 4, 2, 0;
    %flag_set/imm 4, 0;
    %assign/vec4/off/d v0x561e9d66cba0_0, 4, 5;
T_119.2 ;
T_119.1 ;
    %jmp T_119;
    .thread T_119;
    .scope S_0x561e9d4cb470;
T_120 ;
    %wait E_0x561e9d2d29c0;
    %load/vec4 v0x561e9d6df5e0_0;
    %nor/r;
    %flag_set/vec4 8;
    %jmp/0xz  T_120.0, 8;
    %pushi/vec4 1, 0, 1;
    %ix/load 5, 0, 0;
    %ix/load 4, 3, 0;
    %flag_set/imm 4, 0;
    %assign/vec4/off/d v0x561e9d66cba0_0, 4, 5;
    %jmp T_120.1;
T_120.0 ;
    %load/vec4 v0x561e9d63c260_0;
    %flag_set/vec4 8;
    %jmp/0xz  T_120.2, 8;
    %load/vec4 v0x561e9d6742f0_0;
    %parti/s 1, 3, 3;
    %ix/load 5, 0, 0;
    %ix/load 4, 3, 0;
    %flag_set/imm 4, 0;
    %assign/vec4/off/d v0x561e9d66cba0_0, 4, 5;
T_120.2 ;
T_120.1 ;
    %jmp T_120;
    .thread T_120;
    .scope S_0x561e9d4cb470;
T_121 ;
    %wait E_0x561e9d2d29c0;
    %load/vec4 v0x561e9d6df5e0_0;
    %nor/r;
    %flag_set/vec4 8;
    %jmp/0xz  T_121.0, 8;
    %pushi/vec4 0, 0, 1;
    %ix/load 5, 0, 0;
    %ix/load 4, 4, 0;
    %flag_set/imm 4, 0;
    %assign/vec4/off/d v0x561e9d66cba0_0, 4, 5;
    %jmp T_121.1;
T_121.0 ;
    %load/vec4 v0x561e9d63c260_0;
    %flag_set/vec4 8;
    %jmp/0xz  T_121.2, 8;
    %load/vec4 v0x561e9d6742f0_0;
    %parti/s 1, 4, 4;
    %ix/load 5, 0, 0;
    %ix/load 4, 4, 0;
    %flag_set/imm 4, 0;
    %assign/vec4/off/d v0x561e9d66cba0_0, 4, 5;
T_121.2 ;
T_121.1 ;
    %jmp T_121;
    .thread T_121;
    .scope S_0x561e9d4cb470;
T_122 ;
    %wait E_0x561e9d2d29c0;
    %load/vec4 v0x561e9d6df5e0_0;
    %nor/r;
    %flag_set/vec4 8;
    %jmp/0xz  T_122.0, 8;
    %pushi/vec4 0, 0, 1;
    %ix/load 5, 0, 0;
    %ix/load 4, 5, 0;
    %flag_set/imm 4, 0;
    %assign/vec4/off/d v0x561e9d66cba0_0, 4, 5;
    %jmp T_122.1;
T_122.0 ;
    %load/vec4 v0x561e9d63c260_0;
    %flag_set/vec4 8;
    %jmp/0xz  T_122.2, 8;
    %load/vec4 v0x561e9d6742f0_0;
    %parti/s 1, 5, 4;
    %ix/load 5, 0, 0;
    %ix/load 4, 5, 0;
    %flag_set/imm 4, 0;
    %assign/vec4/off/d v0x561e9d66cba0_0, 4, 5;
T_122.2 ;
T_122.1 ;
    %jmp T_122;
    .thread T_122;
    .scope S_0x561e9d4cb470;
T_123 ;
    %wait E_0x561e9d2d29c0;
    %load/vec4 v0x561e9d6df5e0_0;
    %nor/r;
    %flag_set/vec4 8;
    %jmp/0xz  T_123.0, 8;
    %pushi/vec4 0, 0, 1;
    %ix/load 5, 0, 0;
    %ix/load 4, 6, 0;
    %flag_set/imm 4, 0;
    %assign/vec4/off/d v0x561e9d66cba0_0, 4, 5;
    %jmp T_123.1;
T_123.0 ;
    %load/vec4 v0x561e9d63c260_0;
    %flag_set/vec4 8;
    %jmp/0xz  T_123.2, 8;
    %load/vec4 v0x561e9d6742f0_0;
    %parti/s 1, 6, 4;
    %ix/load 5, 0, 0;
    %ix/load 4, 6, 0;
    %flag_set/imm 4, 0;
    %assign/vec4/off/d v0x561e9d66cba0_0, 4, 5;
T_123.2 ;
T_123.1 ;
    %jmp T_123;
    .thread T_123;
    .scope S_0x561e9d4cb470;
T_124 ;
    %wait E_0x561e9d2d29c0;
    %load/vec4 v0x561e9d6df5e0_0;
    %nor/r;
    %flag_set/vec4 8;
    %jmp/0xz  T_124.0, 8;
    %pushi/vec4 0, 0, 1;
    %ix/load 5, 0, 0;
    %ix/load 4, 7, 0;
    %flag_set/imm 4, 0;
    %assign/vec4/off/d v0x561e9d66cba0_0, 4, 5;
    %jmp T_124.1;
T_124.0 ;
    %load/vec4 v0x561e9d63c260_0;
    %flag_set/vec4 8;
    %jmp/0xz  T_124.2, 8;
    %load/vec4 v0x561e9d6742f0_0;
    %parti/s 1, 7, 4;
    %ix/load 5, 0, 0;
    %ix/load 4, 7, 0;
    %flag_set/imm 4, 0;
    %assign/vec4/off/d v0x561e9d66cba0_0, 4, 5;
T_124.2 ;
T_124.1 ;
    %jmp T_124;
    .thread T_124;
    .scope S_0x561e9d4cb470;
T_125 ;
    %wait E_0x561e9d2d29c0;
    %load/vec4 v0x561e9d6df5e0_0;
    %nor/r;
    %flag_set/vec4 8;
    %jmp/0xz  T_125.0, 8;
    %pushi/vec4 0, 0, 1;
    %assign/vec4 v0x561e9d678760_0, 0;
    %jmp T_125.1;
T_125.0 ;
    %load/vec4 v0x561e9d648200_0;
    %flag_set/vec4 8;
    %jmp/0xz  T_125.2, 8;
    %load/vec4 v0x561e9d679510_0;
    %assign/vec4 v0x561e9d678760_0, 0;
T_125.2 ;
T_125.1 ;
    %jmp T_125;
    .thread T_125;
    .scope S_0x561e9d4cb470;
T_126 ;
    %wait E_0x561e9d2d29c0;
    %load/vec4 v0x561e9d6df5e0_0;
    %nor/r;
    %flag_set/vec4 8;
    %jmp/0xz  T_126.0, 8;
    %pushi/vec4 0, 0, 1;
    %assign/vec4 v0x561e9d6df460_0, 0;
    %jmp T_126.1;
T_126.0 ;
    %load/vec4 v0x561e9d63d010_0;
    %flag_set/vec4 8;
    %jmp/0xz  T_126.2, 8;
    %load/vec4 v0x561e9d654c60_0;
    %parti/s 1, 3, 3;
    %assign/vec4 v0x561e9d6df460_0, 0;
T_126.2 ;
T_126.1 ;
    %jmp T_126;
    .thread T_126;
    .scope S_0x561e9d4cb470;
T_127 ;
    %wait E_0x561e9d2d29c0;
    %load/vec4 v0x561e9d6df5e0_0;
    %nor/r;
    %flag_set/vec4 8;
    %jmp/0xz  T_127.0, 8;
    %pushi/vec4 0, 0, 1;
    %assign/vec4 v0x561e9d6df220_0, 0;
    %jmp T_127.1;
T_127.0 ;
    %load/vec4 v0x561e9d63ddc0_0;
    %flag_set/vec4 8;
    %jmp/0xz  T_127.2, 8;
    %load/vec4 v0x561e9d654c60_0;
    %parti/s 1, 0, 2;
    %assign/vec4 v0x561e9d6df220_0, 0;
T_127.2 ;
T_127.1 ;
    %jmp T_127;
    .thread T_127;
    .scope S_0x561e9d4cb470;
T_128 ;
    %wait E_0x561e9d2d29c0;
    %load/vec4 v0x561e9d6df5e0_0;
    %nor/r;
    %flag_set/vec4 8;
    %jmp/0xz  T_128.0, 8;
    %pushi/vec4 0, 0, 1;
    %assign/vec4 v0x561e9d6df2e0_0, 0;
    %jmp T_128.1;
T_128.0 ;
    %load/vec4 v0x561e9d63eb70_0;
    %flag_set/vec4 8;
    %jmp/0xz  T_128.2, 8;
    %load/vec4 v0x561e9d654c60_0;
    %parti/s 1, 1, 2;
    %assign/vec4 v0x561e9d6df2e0_0, 0;
T_128.2 ;
T_128.1 ;
    %jmp T_128;
    .thread T_128;
    .scope S_0x561e9d4cb470;
T_129 ;
    %wait E_0x561e9d2d29c0;
    %load/vec4 v0x561e9d6df5e0_0;
    %nor/r;
    %flag_set/vec4 8;
    %jmp/0xz  T_129.0, 8;
    %pushi/vec4 0, 0, 1;
    %assign/vec4 v0x561e9d6df3a0_0, 0;
    %jmp T_129.1;
T_129.0 ;
    %load/vec4 v0x561e9d63f920_0;
    %flag_set/vec4 8;
    %jmp/0xz  T_129.2, 8;
    %load/vec4 v0x561e9d654c60_0;
    %parti/s 1, 2, 3;
    %assign/vec4 v0x561e9d6df3a0_0, 0;
T_129.2 ;
T_129.1 ;
    %jmp T_129;
    .thread T_129;
    .scope S_0x561e9d4cb470;
T_130 ;
    %wait E_0x561e9d2d29c0;
    %load/vec4 v0x561e9d6df5e0_0;
    %nor/r;
    %flag_set/vec4 8;
    %jmp/0xz  T_130.0, 8;
    %pushi/vec4 0, 0, 1;
    %assign/vec4 v0x561e9d6df520_0, 0;
    %jmp T_130.1;
T_130.0 ;
    %load/vec4 v0x561e9d6406d0_0;
    %flag_set/vec4 8;
    %jmp/0xz  T_130.2, 8;
    %load/vec4 v0x561e9d654c60_0;
    %parti/s 1, 4, 4;
    %assign/vec4 v0x561e9d6df520_0, 0;
T_130.2 ;
T_130.1 ;
    %jmp T_130;
    .thread T_130;
    .scope S_0x561e9d4cb470;
T_131 ;
    %wait E_0x561e9d2d29c0;
    %load/vec4 v0x561e9d6df5e0_0;
    %nor/r;
    %flag_set/vec4 8;
    %jmp/0xz  T_131.0, 8;
    %pushi/vec4 0, 0, 1;
    %ix/load 5, 0, 0;
    %ix/load 4, 0, 0;
    %flag_set/imm 4, 0;
    %assign/vec4/off/d v0x561e9d667980_0, 4, 5;
    %jmp T_131.1;
T_131.0 ;
    %load/vec4 v0x561e9d642230_0;
    %flag_set/vec4 8;
    %jmp/0xz  T_131.2, 8;
    %load/vec4 v0x561e9d6742f0_0;
    %parti/s 1, 0, 2;
    %ix/load 5, 0, 0;
    %ix/load 4, 0, 0;
    %flag_set/imm 4, 0;
    %assign/vec4/off/d v0x561e9d667980_0, 4, 5;
T_131.2 ;
T_131.1 ;
    %jmp T_131;
    .thread T_131;
    .scope S_0x561e9d4cb470;
T_132 ;
    %wait E_0x561e9d2d29c0;
    %load/vec4 v0x561e9d6df5e0_0;
    %nor/r;
    %flag_set/vec4 8;
    %jmp/0xz  T_132.0, 8;
    %pushi/vec4 0, 0, 1;
    %ix/load 5, 0, 0;
    %ix/load 4, 1, 0;
    %flag_set/imm 4, 0;
    %assign/vec4/off/d v0x561e9d667980_0, 4, 5;
    %jmp T_132.1;
T_132.0 ;
    %load/vec4 v0x561e9d642230_0;
    %flag_set/vec4 8;
    %jmp/0xz  T_132.2, 8;
    %load/vec4 v0x561e9d6742f0_0;
    %parti/s 1, 1, 2;
    %ix/load 5, 0, 0;
    %ix/load 4, 1, 0;
    %flag_set/imm 4, 0;
    %assign/vec4/off/d v0x561e9d667980_0, 4, 5;
T_132.2 ;
T_132.1 ;
    %jmp T_132;
    .thread T_132;
    .scope S_0x561e9d4cb470;
T_133 ;
    %wait E_0x561e9d2d29c0;
    %load/vec4 v0x561e9d6df5e0_0;
    %nor/r;
    %flag_set/vec4 8;
    %jmp/0xz  T_133.0, 8;
    %pushi/vec4 0, 0, 1;
    %ix/load 5, 0, 0;
    %ix/load 4, 2, 0;
    %flag_set/imm 4, 0;
    %assign/vec4/off/d v0x561e9d667980_0, 4, 5;
    %jmp T_133.1;
T_133.0 ;
    %load/vec4 v0x561e9d642230_0;
    %flag_set/vec4 8;
    %jmp/0xz  T_133.2, 8;
    %load/vec4 v0x561e9d6742f0_0;
    %parti/s 1, 2, 3;
    %ix/load 5, 0, 0;
    %ix/load 4, 2, 0;
    %flag_set/imm 4, 0;
    %assign/vec4/off/d v0x561e9d667980_0, 4, 5;
T_133.2 ;
T_133.1 ;
    %jmp T_133;
    .thread T_133;
    .scope S_0x561e9d4cb470;
T_134 ;
    %wait E_0x561e9d2d29c0;
    %load/vec4 v0x561e9d6df5e0_0;
    %nor/r;
    %flag_set/vec4 8;
    %jmp/0xz  T_134.0, 8;
    %pushi/vec4 0, 0, 1;
    %ix/load 5, 0, 0;
    %ix/load 4, 3, 0;
    %flag_set/imm 4, 0;
    %assign/vec4/off/d v0x561e9d667980_0, 4, 5;
    %jmp T_134.1;
T_134.0 ;
    %load/vec4 v0x561e9d642230_0;
    %flag_set/vec4 8;
    %jmp/0xz  T_134.2, 8;
    %load/vec4 v0x561e9d6742f0_0;
    %parti/s 1, 3, 3;
    %ix/load 5, 0, 0;
    %ix/load 4, 3, 0;
    %flag_set/imm 4, 0;
    %assign/vec4/off/d v0x561e9d667980_0, 4, 5;
T_134.2 ;
T_134.1 ;
    %jmp T_134;
    .thread T_134;
    .scope S_0x561e9d4cb470;
T_135 ;
    %wait E_0x561e9d2d29c0;
    %load/vec4 v0x561e9d6df5e0_0;
    %nor/r;
    %flag_set/vec4 8;
    %jmp/0xz  T_135.0, 8;
    %pushi/vec4 1, 0, 1;
    %ix/load 5, 0, 0;
    %ix/load 4, 4, 0;
    %flag_set/imm 4, 0;
    %assign/vec4/off/d v0x561e9d667980_0, 4, 5;
    %jmp T_135.1;
T_135.0 ;
    %load/vec4 v0x561e9d642230_0;
    %flag_set/vec4 8;
    %jmp/0xz  T_135.2, 8;
    %load/vec4 v0x561e9d6742f0_0;
    %parti/s 1, 4, 4;
    %ix/load 5, 0, 0;
    %ix/load 4, 4, 0;
    %flag_set/imm 4, 0;
    %assign/vec4/off/d v0x561e9d667980_0, 4, 5;
T_135.2 ;
T_135.1 ;
    %jmp T_135;
    .thread T_135;
    .scope S_0x561e9d4cb470;
T_136 ;
    %wait E_0x561e9d2d29c0;
    %load/vec4 v0x561e9d6df5e0_0;
    %nor/r;
    %flag_set/vec4 8;
    %jmp/0xz  T_136.0, 8;
    %pushi/vec4 1, 0, 1;
    %ix/load 5, 0, 0;
    %ix/load 4, 5, 0;
    %flag_set/imm 4, 0;
    %assign/vec4/off/d v0x561e9d667980_0, 4, 5;
    %jmp T_136.1;
T_136.0 ;
    %load/vec4 v0x561e9d642230_0;
    %flag_set/vec4 8;
    %jmp/0xz  T_136.2, 8;
    %load/vec4 v0x561e9d6742f0_0;
    %parti/s 1, 5, 4;
    %ix/load 5, 0, 0;
    %ix/load 4, 5, 0;
    %flag_set/imm 4, 0;
    %assign/vec4/off/d v0x561e9d667980_0, 4, 5;
T_136.2 ;
T_136.1 ;
    %jmp T_136;
    .thread T_136;
    .scope S_0x561e9d4cb470;
T_137 ;
    %wait E_0x561e9d2d29c0;
    %load/vec4 v0x561e9d6df5e0_0;
    %nor/r;
    %flag_set/vec4 8;
    %jmp/0xz  T_137.0, 8;
    %pushi/vec4 0, 0, 1;
    %ix/load 5, 0, 0;
    %ix/load 4, 6, 0;
    %flag_set/imm 4, 0;
    %assign/vec4/off/d v0x561e9d667980_0, 4, 5;
    %jmp T_137.1;
T_137.0 ;
    %load/vec4 v0x561e9d642230_0;
    %flag_set/vec4 8;
    %jmp/0xz  T_137.2, 8;
    %load/vec4 v0x561e9d6742f0_0;
    %parti/s 1, 6, 4;
    %ix/load 5, 0, 0;
    %ix/load 4, 6, 0;
    %flag_set/imm 4, 0;
    %assign/vec4/off/d v0x561e9d667980_0, 4, 5;
T_137.2 ;
T_137.1 ;
    %jmp T_137;
    .thread T_137;
    .scope S_0x561e9d4cb470;
T_138 ;
    %wait E_0x561e9d2d29c0;
    %load/vec4 v0x561e9d6df5e0_0;
    %nor/r;
    %flag_set/vec4 8;
    %jmp/0xz  T_138.0, 8;
    %pushi/vec4 0, 0, 1;
    %ix/load 5, 0, 0;
    %ix/load 4, 7, 0;
    %flag_set/imm 4, 0;
    %assign/vec4/off/d v0x561e9d667980_0, 4, 5;
    %jmp T_138.1;
T_138.0 ;
    %load/vec4 v0x561e9d642230_0;
    %flag_set/vec4 8;
    %jmp/0xz  T_138.2, 8;
    %load/vec4 v0x561e9d6742f0_0;
    %parti/s 1, 7, 4;
    %ix/load 5, 0, 0;
    %ix/load 4, 7, 0;
    %flag_set/imm 4, 0;
    %assign/vec4/off/d v0x561e9d667980_0, 4, 5;
T_138.2 ;
T_138.1 ;
    %jmp T_138;
    .thread T_138;
    .scope S_0x561e9d4cb470;
T_139 ;
    %wait E_0x561e9d2d29c0;
    %load/vec4 v0x561e9d6df5e0_0;
    %nor/r;
    %flag_set/vec4 8;
    %jmp/0xz  T_139.0, 8;
    %pushi/vec4 0, 0, 1;
    %assign/vec4 v0x561e9d671010_0, 0;
    %jmp T_139.1;
T_139.0 ;
    %load/vec4 v0x561e9d642fe0_0;
    %flag_set/vec4 8;
    %jmp/0xz  T_139.2, 8;
    %load/vec4 v0x561e9d5d9ab0_0;
    %assign/vec4 v0x561e9d671010_0, 0;
T_139.2 ;
T_139.1 ;
    %jmp T_139;
    .thread T_139;
    .scope S_0x561e9d4cb470;
T_140 ;
    %wait E_0x561e9d2d29c0;
    %load/vec4 v0x561e9d6df5e0_0;
    %nor/r;
    %flag_set/vec4 8;
    %jmp/0xz  T_140.0, 8;
    %pushi/vec4 0, 0, 1;
    %ix/load 5, 0, 0;
    %ix/load 4, 0, 0;
    %flag_set/imm 4, 0;
    %assign/vec4/off/d v0x561e9d67e730_0, 4, 5;
    %jmp T_140.1;
T_140.0 ;
    %load/vec4 v0x561e9d643d90_0;
    %flag_set/vec4 8;
    %jmp/0xz  T_140.2, 8;
    %load/vec4 v0x561e9d659e80_0;
    %parti/s 1, 0, 2;
    %ix/load 5, 0, 0;
    %ix/load 4, 0, 0;
    %flag_set/imm 4, 0;
    %assign/vec4/off/d v0x561e9d67e730_0, 4, 5;
T_140.2 ;
T_140.1 ;
    %jmp T_140;
    .thread T_140;
    .scope S_0x561e9d4cb470;
T_141 ;
    %wait E_0x561e9d2d29c0;
    %load/vec4 v0x561e9d6df5e0_0;
    %nor/r;
    %flag_set/vec4 8;
    %jmp/0xz  T_141.0, 8;
    %pushi/vec4 0, 0, 1;
    %ix/load 5, 0, 0;
    %ix/load 4, 1, 0;
    %flag_set/imm 4, 0;
    %assign/vec4/off/d v0x561e9d67e730_0, 4, 5;
    %jmp T_141.1;
T_141.0 ;
    %load/vec4 v0x561e9d643d90_0;
    %flag_set/vec4 8;
    %jmp/0xz  T_141.2, 8;
    %load/vec4 v0x561e9d659e80_0;
    %parti/s 1, 1, 2;
    %ix/load 5, 0, 0;
    %ix/load 4, 1, 0;
    %flag_set/imm 4, 0;
    %assign/vec4/off/d v0x561e9d67e730_0, 4, 5;
T_141.2 ;
T_141.1 ;
    %jmp T_141;
    .thread T_141;
    .scope S_0x561e9d4cb470;
T_142 ;
    %wait E_0x561e9d2d29c0;
    %load/vec4 v0x561e9d6df5e0_0;
    %nor/r;
    %flag_set/vec4 8;
    %jmp/0xz  T_142.0, 8;
    %pushi/vec4 0, 0, 1;
    %ix/load 5, 0, 0;
    %ix/load 4, 2, 0;
    %flag_set/imm 4, 0;
    %assign/vec4/off/d v0x561e9d67e730_0, 4, 5;
    %jmp T_142.1;
T_142.0 ;
    %load/vec4 v0x561e9d643d90_0;
    %flag_set/vec4 8;
    %jmp/0xz  T_142.2, 8;
    %load/vec4 v0x561e9d659e80_0;
    %parti/s 1, 2, 3;
    %ix/load 5, 0, 0;
    %ix/load 4, 2, 0;
    %flag_set/imm 4, 0;
    %assign/vec4/off/d v0x561e9d67e730_0, 4, 5;
T_142.2 ;
T_142.1 ;
    %jmp T_142;
    .thread T_142;
    .scope S_0x561e9d4cb470;
T_143 ;
    %wait E_0x561e9d2d29c0;
    %load/vec4 v0x561e9d6df5e0_0;
    %nor/r;
    %flag_set/vec4 8;
    %jmp/0xz  T_143.0, 8;
    %pushi/vec4 0, 0, 1;
    %ix/load 5, 0, 0;
    %ix/load 4, 3, 0;
    %flag_set/imm 4, 0;
    %assign/vec4/off/d v0x561e9d67e730_0, 4, 5;
    %jmp T_143.1;
T_143.0 ;
    %load/vec4 v0x561e9d643d90_0;
    %flag_set/vec4 8;
    %jmp/0xz  T_143.2, 8;
    %load/vec4 v0x561e9d659e80_0;
    %parti/s 1, 3, 3;
    %ix/load 5, 0, 0;
    %ix/load 4, 3, 0;
    %flag_set/imm 4, 0;
    %assign/vec4/off/d v0x561e9d67e730_0, 4, 5;
T_143.2 ;
T_143.1 ;
    %jmp T_143;
    .thread T_143;
    .scope S_0x561e9d4cc4e0;
T_144 ;
    %pushi/vec4 0, 0, 1;
    %store/vec4 v0x561e9d6df900_0, 0, 1;
T_144.0 ;
    %delay 5, 0;
    %load/vec4 v0x561e9d6df900_0;
    %inv;
    %store/vec4 v0x561e9d6df900_0, 0, 1;
    %jmp T_144.0;
T_144.1 ;
    %end;
    .thread T_144;
    .scope S_0x561e9d4cc4e0;
T_145 ;
    %pushi/vec4 0, 0, 32;
    %store/vec4 v0x561e9d6dfd30_0, 0, 32;
    %pushi/vec4 0, 0, 32;
    %store/vec4 v0x561e9d6dff40_0, 0, 32;
T_145.0 ; Top of for-loop
    %load/vec4 v0x561e9d6dff40_0;
    %cmpi/s 3, 0, 32;
    %flag_or 5, 4;
	  %jmp/0xz T_145.1, 5;
    %load/vec4 v0x561e9d6dff40_0;
    %parti/s 2, 0, 2;
    %store/vec4 v0x561e9d4d06d0_0, 0, 2;
    %fork TD_tb_spi_slave_aurix.run_mode, S_0x561e9d4cbd10;
    %join;
T_145.2 ; for-loop step statement
    %load/vec4 v0x561e9d6dff40_0;
    %addi 1, 0, 32;
    %store/vec4 v0x561e9d6dff40_0, 0, 32;
    %jmp T_145.0;
T_145.1 ; for-loop exit label
    %load/vec4 v0x561e9d6dfd30_0;
    %cmpi/e 0, 0, 32;
    %jmp/0xz  T_145.3, 4;
    %vpi_call/w 3 182 "$display", "PASS: AURIX QSPI master model \342\200\224 all checks passed in all 4 SPI modes" {0 0 0};
    %jmp T_145.4;
T_145.3 ;
    %vpi_call/w 3 184 "$display", "FAIL: %0d check(s) failed", v0x561e9d6dfd30_0 {0 0 0};
T_145.4 ;
    %delay 100, 0;
    %vpi_call/w 3 185 "$finish" {0 0 0};
    %end;
    .thread T_145;
    .scope S_0x561e9d4cc4e0;
T_146 ;
    %vpi_call/w 3 190 "$dumpfile", "tb_spi_slave_aurix_synth.vcd" {0 0 0};
    %vpi_call/w 3 194 "$dumpvars", 32'sb00000000000000000000000000000000, S_0x561e9d4cc4e0 {0 0 0};
    %end;
    .thread T_146;
# The file index is used to find the file name in the following table.
:file_names 5;
    "N/A";
    "<interactive>";
    "-";
    "tb_spi_slave_aurix.v";
    "flow/spi_slave_synth.v";
