#! /foss/tools/iverilog/bin/vvp
:ivl_version "14.0 (devel)" "(s20260301-328-geda9fdcd-dirty)";
:ivl_delay_selection "TYPICAL";
:vpi_time_precision - 9;
:vpi_module "/foss/tools/iverilog/lib/ivl/system.vpi";
:vpi_module "/foss/tools/iverilog/lib/ivl/vhdl_sys.vpi";
:vpi_module "/foss/tools/iverilog/lib/ivl/vhdl_textio.vpi";
:vpi_module "/foss/tools/iverilog/lib/ivl/v2005_math.vpi";
:vpi_module "/foss/tools/iverilog/lib/ivl/va_math.vpi";
:vpi_module "/foss/tools/iverilog/lib/ivl/v2009.vpi";
S_0x55e6d9513a10 .scope package, "$unit" "$unit" 2 1;
 .timescale 0 0;
S_0x55e6d94ada70 .scope module, "tb_spi_slave_rpi" "tb_spi_slave_rpi" 3 33;
 .timescale -9 -9;
P_0x55e6d95fb340 .param/l "SCK_HALF" 1 3 43, +C4<00000000000000000000000000110010>;
v0x55e6d96c0a70_0 .var "addr", 7 0;
v0x55e6d96c0b50_0 .var "clk", 0 0;
v0x55e6d96c0bf0_0 .var "cpha", 0 0;
v0x55e6d96c0cc0_0 .var "cpol", 0 0;
v0x55e6d96c0d90_0 .net "data", 7 0, v0x55e6d9658eb0_0;  1 drivers
v0x55e6d96c0e30_0 .net "debug", 7 0, L_0x55e6d972dab0;  1 drivers
v0x55e6d96c0f00_0 .var/i "errors", 31 0;
v0x55e6d96c0fa0_0 .net "miso", 0 0, v0x55e6d9654070_0;  1 drivers
v0x55e6d96c1070_0 .var/i "mode", 31 0;
v0x55e6d96c1110_0 .var "mosi", 0 0;
v0x55e6d96c11e0_0 .var "rst_n", 0 0;
v0x55e6d96c12b0_0 .var "rx0", 7 0;
v0x55e6d96c1350_0 .var "rx1", 7 0;
v0x55e6d96c13f0_0 .var "sck", 0 0;
v0x55e6d96c14c0_0 .var "ssel", 0 0;
S_0x55e6d94ad670 .scope task, "check_byte" "check_byte" 3 113, 3 113 0, S_0x55e6d94ada70;
 .timescale -9 -9;
v0x55e6d95fb2a0_0 .var "expect_v", 7 0;
v0x55e6d95fa950_0 .var "got", 7 0;
v0x55e6d95fa0a0_0 .var "label", 320 1;
TD_tb_spi_slave_rpi.check_byte ;
    %load/vec4 v0x55e6d95fa950_0;
    %load/vec4 v0x55e6d95fb2a0_0;
    %cmp/ne;
    %jmp/0xz  T_0.0, 6;
    %vpi_call/w 3 119 "$display", "FAIL mode %0d %0s: expected 0x%02X, got 0x%02X", v0x55e6d96c1070_0, v0x55e6d95fa0a0_0, v0x55e6d95fb2a0_0, v0x55e6d95fa950_0 {0 0 0};
    %load/vec4 v0x55e6d96c0f00_0;
    %addi 1, 0, 32;
    %store/vec4 v0x55e6d96c0f00_0, 0, 32;
T_0.0 ;
    %end;
S_0x55e6d950d510 .scope task, "run_mode" "run_mode" 3 125, 3 125 0, S_0x55e6d94ada70;
 .timescale -9 -9;
v0x55e6d95f3910_0 .var "m", 1 0;
TD_tb_spi_slave_rpi.run_mode ;
    %load/vec4 v0x55e6d95f3910_0;
    %parti/s 1, 1, 2;
    %store/vec4 v0x55e6d96c0cc0_0, 0, 1;
    %load/vec4 v0x55e6d95f3910_0;
    %parti/s 1, 0, 2;
    %store/vec4 v0x55e6d96c0bf0_0, 0, 1;
    %pushi/vec4 3, 0, 8;
    %store/vec4 v0x55e6d96c0a70_0, 0, 8;
    %pushi/vec4 0, 0, 1;
    %store/vec4 v0x55e6d96c1110_0, 0, 1;
    %pushi/vec4 1, 0, 1;
    %store/vec4 v0x55e6d96c14c0_0, 0, 1;
    %pushi/vec4 0, 0, 1;
    %store/vec4 v0x55e6d96c11e0_0, 0, 1;
    %load/vec4 v0x55e6d95f3910_0;
    %parti/s 1, 1, 2;
    %store/vec4 v0x55e6d96c13f0_0, 0, 1;
    %delay 100, 0;
    %pushi/vec4 1, 0, 1;
    %store/vec4 v0x55e6d96c11e0_0, 0, 1;
    %delay 100, 0;
    %pushi/vec4 129, 0, 8;
    %store/vec4 v0x55e6d96c0890_0, 0, 8;
    %pushi/vec4 0, 0, 8;
    %store/vec4 v0x55e6d96c0990_0, 0, 8;
    %fork TD_tb_spi_slave_rpi.xfer2, S_0x55e6d96c0700;
    %join;
    %pushi/vec4 0, 0, 32; draw_string_vec4
    %pushi/vec4 0, 0, 32; draw_string_vec4
    %concat/vec4; draw_string_vec4
    %pushi/vec4 0, 0, 32; draw_string_vec4
    %concat/vec4; draw_string_vec4
    %pushi/vec4 0, 0, 32; draw_string_vec4
    %concat/vec4; draw_string_vec4
    %pushi/vec4 0, 0, 32; draw_string_vec4
    %concat/vec4; draw_string_vec4
    %pushi/vec4 0, 0, 32; draw_string_vec4
    %concat/vec4; draw_string_vec4
    %pushi/vec4 84, 0, 32; draw_string_vec4
    %concat/vec4; draw_string_vec4
    %pushi/vec4 2016485458, 0, 32; draw_string_vec4
    %concat/vec4; draw_string_vec4
    %pushi/vec4 1161905184, 0, 32; draw_string_vec4
    %concat/vec4; draw_string_vec4
    %pushi/vec4 1382377265, 0, 32; draw_string_vec4
    %concat/vec4; draw_string_vec4
    %store/vec4 v0x55e6d95fa0a0_0, 0, 320;
    %load/vec4 v0x55e6d96c1350_0;
    %store/vec4 v0x55e6d95fa950_0, 0, 8;
    %pushi/vec4 11, 0, 8;
    %store/vec4 v0x55e6d95fb2a0_0, 0, 8;
    %fork TD_tb_spi_slave_rpi.check_byte, S_0x55e6d94ad670;
    %join;
    %pushi/vec4 3, 0, 8;
    %store/vec4 v0x55e6d96c0890_0, 0, 8;
    %pushi/vec4 90, 0, 8;
    %store/vec4 v0x55e6d96c0990_0, 0, 8;
    %fork TD_tb_spi_slave_rpi.xfer2, S_0x55e6d96c0700;
    %join;
    %delay 50, 0;
    %pushi/vec4 0, 0, 32; draw_string_vec4
    %pushi/vec4 0, 0, 32; draw_string_vec4
    %concat/vec4; draw_string_vec4
    %pushi/vec4 0, 0, 32; draw_string_vec4
    %concat/vec4; draw_string_vec4
    %pushi/vec4 0, 0, 32; draw_string_vec4
    %concat/vec4; draw_string_vec4
    %pushi/vec4 0, 0, 32; draw_string_vec4
    %concat/vec4; draw_string_vec4
    %pushi/vec4 84, 0, 32; draw_string_vec4
    %concat/vec4; draw_string_vec4
    %pushi/vec4 2016551024, 0, 32; draw_string_vec4
    %concat/vec4; draw_string_vec4
    %pushi/vec4 1634885996, 0, 32; draw_string_vec4
    %concat/vec4; draw_string_vec4
    %pushi/vec4 1818586144, 0, 32; draw_string_vec4
    %concat/vec4; draw_string_vec4
    %pushi/vec4 1382377267, 0, 32; draw_string_vec4
    %concat/vec4; draw_string_vec4
    %store/vec4 v0x55e6d95fa0a0_0, 0, 320;
    %load/vec4 v0x55e6d96c0d90_0;
    %store/vec4 v0x55e6d95fa950_0, 0, 8;
    %pushi/vec4 90, 0, 8;
    %store/vec4 v0x55e6d95fb2a0_0, 0, 8;
    %fork TD_tb_spi_slave_rpi.check_byte, S_0x55e6d94ad670;
    %join;
    %pushi/vec4 131, 0, 8;
    %store/vec4 v0x55e6d96c0890_0, 0, 8;
    %pushi/vec4 0, 0, 8;
    %store/vec4 v0x55e6d96c0990_0, 0, 8;
    %fork TD_tb_spi_slave_rpi.xfer2, S_0x55e6d96c0700;
    %join;
    %pushi/vec4 0, 0, 32; draw_string_vec4
    %pushi/vec4 0, 0, 32; draw_string_vec4
    %concat/vec4; draw_string_vec4
    %pushi/vec4 0, 0, 32; draw_string_vec4
    %concat/vec4; draw_string_vec4
    %pushi/vec4 0, 0, 32; draw_string_vec4
    %concat/vec4; draw_string_vec4
    %pushi/vec4 0, 0, 32; draw_string_vec4
    %concat/vec4; draw_string_vec4
    %pushi/vec4 0, 0, 32; draw_string_vec4
    %concat/vec4; draw_string_vec4
    %pushi/vec4 84, 0, 32; draw_string_vec4
    %concat/vec4; draw_string_vec4
    %pushi/vec4 2016616530, 0, 32; draw_string_vec4
    %concat/vec4; draw_string_vec4
    %pushi/vec4 1161905184, 0, 32; draw_string_vec4
    %concat/vec4; draw_string_vec4
    %pushi/vec4 1382377267, 0, 32; draw_string_vec4
    %concat/vec4; draw_string_vec4
    %store/vec4 v0x55e6d95fa0a0_0, 0, 320;
    %load/vec4 v0x55e6d96c1350_0;
    %store/vec4 v0x55e6d95fa950_0, 0, 8;
    %pushi/vec4 90, 0, 8;
    %store/vec4 v0x55e6d95fb2a0_0, 0, 8;
    %fork TD_tb_spi_slave_rpi.check_byte, S_0x55e6d94ad670;
    %join;
    %pushi/vec4 245, 0, 8;
    %store/vec4 v0x55e6d96c0890_0, 0, 8;
    %pushi/vec4 0, 0, 8;
    %store/vec4 v0x55e6d96c0990_0, 0, 8;
    %fork TD_tb_spi_slave_rpi.xfer2, S_0x55e6d96c0700;
    %join;
    %pushi/vec4 0, 0, 32; draw_string_vec4
    %pushi/vec4 0, 0, 32; draw_string_vec4
    %concat/vec4; draw_string_vec4
    %pushi/vec4 0, 0, 32; draw_string_vec4
    %concat/vec4; draw_string_vec4
    %pushi/vec4 0, 0, 32; draw_string_vec4
    %concat/vec4; draw_string_vec4
    %pushi/vec4 0, 0, 32; draw_string_vec4
    %concat/vec4; draw_string_vec4
    %pushi/vec4 0, 0, 32; draw_string_vec4
    %concat/vec4; draw_string_vec4
    %pushi/vec4 84, 0, 32; draw_string_vec4
    %concat/vec4; draw_string_vec4
    %pushi/vec4 2016682066, 0, 32; draw_string_vec4
    %concat/vec4; draw_string_vec4
    %pushi/vec4 1161905184, 0, 32; draw_string_vec4
    %concat/vec4; draw_string_vec4
    %pushi/vec4 813184821, 0, 32; draw_string_vec4
    %concat/vec4; draw_string_vec4
    %store/vec4 v0x55e6d95fa0a0_0, 0, 320;
    %load/vec4 v0x55e6d96c1350_0;
    %store/vec4 v0x55e6d95fa950_0, 0, 8;
    %pushi/vec4 255, 0, 8;
    %store/vec4 v0x55e6d95fb2a0_0, 0, 8;
    %fork TD_tb_spi_slave_rpi.check_byte, S_0x55e6d94ad670;
    %join;
    %pushi/vec4 0, 0, 32; draw_string_vec4
    %pushi/vec4 0, 0, 32; draw_string_vec4
    %concat/vec4; draw_string_vec4
    %pushi/vec4 0, 0, 32; draw_string_vec4
    %concat/vec4; draw_string_vec4
    %pushi/vec4 0, 0, 32; draw_string_vec4
    %concat/vec4; draw_string_vec4
    %pushi/vec4 0, 0, 32; draw_string_vec4
    %concat/vec4; draw_string_vec4
    %pushi/vec4 0, 0, 32; draw_string_vec4
    %concat/vec4; draw_string_vec4
    %pushi/vec4 0, 0, 32; draw_string_vec4
    %concat/vec4; draw_string_vec4
    %pushi/vec4 0, 0, 32; draw_string_vec4
    %concat/vec4; draw_string_vec4
    %pushi/vec4 100, 0, 32; draw_string_vec4
    %concat/vec4; draw_string_vec4
    %pushi/vec4 1700951399, 0, 32; draw_string_vec4
    %concat/vec4; draw_string_vec4
    %store/vec4 v0x55e6d95fa0a0_0, 0, 320;
    %load/vec4 v0x55e6d96c0e30_0;
    %store/vec4 v0x55e6d95fa950_0, 0, 8;
    %pushi/vec4 31, 0, 8;
    %store/vec4 v0x55e6d95fb2a0_0, 0, 8;
    %fork TD_tb_spi_slave_rpi.check_byte, S_0x55e6d94ad670;
    %join;
    %load/vec4 v0x55e6d96c1350_0;
    %cmpi/e 255, 0, 8;
    %flag_mov 8, 6;
    %jmp/0 T_1.2, 8;
    %pushi/vec4 90, 0, 8;
    %jmp/1 T_1.3, 8;
T_1.2 ; End of true expr.
    %load/vec4 v0x55e6d96c1350_0;
    %jmp/0 T_1.3, 8;
 ; End of false expr.
    %blend;
T_1.3;
    %vpi_call/w 3 152 "$display", "MODE %0d (CPOL=%0d CPHA=%0d) %0t: rd1=0x%02X wr/rd3=0x%02X oor=0xFF? 0x%02X debug=0x%02X", v0x55e6d95f3910_0, &PV<v0x55e6d95f3910_0, 1, 1>, &PV<v0x55e6d95f3910_0, 0, 1>, $time, 8'b00001011, S<0,vec4,u8>, v0x55e6d96c1350_0, v0x55e6d96c0e30_0 {1 0 0};
    %end;
S_0x55e6d94ad2a0 .scope task, "spi_clock_byte" "spi_clock_byte" 3 74, 3 74 0, S_0x55e6d94ada70;
 .timescale -9 -9;
v0x55e6d94b0d50_0 .var/i "i", 31 0;
v0x55e6d94b1c60_0 .var "rx", 7 0;
v0x55e6d96021e0_0 .var "tx", 7 0;
TD_tb_spi_slave_rpi.spi_clock_byte ;
    %pushi/vec4 7, 0, 32;
    %store/vec4 v0x55e6d94b0d50_0, 0, 32;
T_2.4 ; Top of for-loop
    %load/vec4 v0x55e6d94b0d50_0;
    %cmpi/s 0, 0, 32;
    %flag_inv 5; GE is !LT
	  %jmp/0xz T_2.5, 5;
    %load/vec4 v0x55e6d96c0bf0_0;
    %pad/u 32;
    %cmpi/e 0, 0, 32;
    %jmp/0xz  T_2.7, 4;
    %load/vec4 v0x55e6d96021e0_0;
    %load/vec4 v0x55e6d94b0d50_0;
    %part/s 1;
    %store/vec4 v0x55e6d96c1110_0, 0, 1;
    %delay 50, 0;
    %load/vec4 v0x55e6d96c0cc0_0;
    %inv;
    %store/vec4 v0x55e6d96c13f0_0, 0, 1;
    %load/vec4 v0x55e6d96c0fa0_0;
    %ix/getv/s 4, v0x55e6d94b0d50_0;
    %store/vec4 v0x55e6d94b1c60_0, 4, 1;
    %delay 50, 0;
    %load/vec4 v0x55e6d96c0cc0_0;
    %store/vec4 v0x55e6d96c13f0_0, 0, 1;
    %jmp T_2.8;
T_2.7 ;
    %load/vec4 v0x55e6d96c0cc0_0;
    %inv;
    %store/vec4 v0x55e6d96c13f0_0, 0, 1;
    %load/vec4 v0x55e6d96021e0_0;
    %load/vec4 v0x55e6d94b0d50_0;
    %part/s 1;
    %store/vec4 v0x55e6d96c1110_0, 0, 1;
    %delay 50, 0;
    %load/vec4 v0x55e6d96c0cc0_0;
    %store/vec4 v0x55e6d96c13f0_0, 0, 1;
    %load/vec4 v0x55e6d96c0fa0_0;
    %ix/getv/s 4, v0x55e6d94b0d50_0;
    %store/vec4 v0x55e6d94b1c60_0, 4, 1;
    %delay 50, 0;
T_2.8 ;
T_2.6 ; for-loop step statement
    %load/vec4 v0x55e6d94b0d50_0;
    %subi 1, 0, 32;
    %store/vec4 v0x55e6d94b0d50_0, 0, 32;
    %jmp T_2.4;
T_2.5 ; for-loop exit label
    %end;
S_0x55e6d95094e0 .scope module, "spi_slave1" "spi_slave" 3 59, 4 5 0, S_0x55e6d94ada70;
 .timescale 0 0;
    .port_info 0 /INPUT 1 "Clk";
    .port_info 1 /INPUT 1 "iRST_N";
    .port_info 2 /INPUT 1 "CPOL";
    .port_info 3 /INPUT 1 "CPHA";
    .port_info 4 /INPUT 1 "SCK";
    .port_info 5 /INPUT 1 "MOSI";
    .port_info 6 /INPUT 1 "SSEL";
    .port_info 7 /OUTPUT 1 "MISO";
    .port_info 8 /INPUT 8 "Add2_in";
    .port_info 9 /OUTPUT 8 "Data2_out";
    .port_info 10 /OUTPUT 8 "debug";
L_0x55e6d96c1ea0 .functor NOT 1, L_0x55e6d96c1da0, C4<0>, C4<0>, C4<0>;
L_0x55e6d96c2010 .functor NOT 1, L_0x55e6d96c1f40, C4<0>, C4<0>, C4<0>;
L_0x55e6d96c1d30 .functor NOT 1, L_0x55e6d96c2130, C4<0>, C4<0>, C4<0>;
L_0x55e6d96c22a0 .functor NOT 1, L_0x55e6d96c21d0, C4<0>, C4<0>, C4<0>;
L_0x55e6d96c24f0 .functor NOT 1, L_0x55e6d96c2420, C4<0>, C4<0>, C4<0>;
L_0x55e6d96c2710 .functor NOT 1, L_0x55e6d96c25e0, C4<0>, C4<0>, C4<0>;
L_0x55e6d96c2910 .functor NOT 1, L_0x55e6d96c2870, C4<0>, C4<0>, C4<0>;
L_0x55e6d96c2b10 .functor NOT 1, L_0x55e6d96c29d0, C4<0>, C4<0>, C4<0>;
L_0x55e6d96c2cd0 .functor NOT 1, L_0x55e6d96c27d0, C4<0>, C4<0>, C4<0>;
L_0x55e6d96c2e30 .functor NOT 1, L_0x55e6d96c2d90, C4<0>, C4<0>, C4<0>;
L_0x55e6d96c3030 .functor NOT 1, L_0x55e6d96c2f90, C4<0>, C4<0>, C4<0>;
L_0x55e6d96c30d0 .functor NOT 1, L_0x55e6d96f02e0, C4<0>, C4<0>, C4<0>;
L_0x55e6d96c3240 .functor NOT 1, L_0x55e6d96dbaf0, C4<0>, C4<0>, C4<0>;
L_0x55e6d96c3580 .functor XOR 1, L_0x55e6d96c3310, L_0x55e6d96c3450, C4<0>, C4<0>;
L_0x55e6d96c33e0 .functor XOR 1, L_0x55e6d96c3750, L_0x55e6d96c37f0, C4<0>, C4<0>;
L_0x55e6d96c3b50 .functor XOR 1, L_0x55e6d96c3930, L_0x55e6d96c3a60, C4<0>, C4<0>;
L_0x55e6d96c3f30 .functor AND 1, L_0x55e6d96c3d50, L_0x55e6d96c3e90, C4<1>, C4<1>;
L_0x55e6d96c4190 .functor AND 1, L_0x55e6d96c4040, L_0x55e6d96c3df0, C4<1>, C4<1>;
L_0x55e6d96c43a0 .functor XOR 1, v0x55e6d9649c30_0, v0x55e6d965b7c0_0, C4<0>, C4<0>;
L_0x55e6d96c4410 .functor XOR 1, v0x55e6d9648e80_0, v0x55e6d965b7c0_0, C4<0>, C4<0>;
L_0x55e6d96c45e0 .functor AND 1, L_0x55e6d96c43a0, L_0x55e6d9712170, C4<1>, C4<1>;
L_0x55e6d96c46a0 .functor AND 1, L_0x55e6d9712230, L_0x55e6d96c4410, C4<1>, C4<1>;
L_0x55e6d96c4b30 .functor OR 1, L_0x55e6d96c4880, L_0x55e6d96c4a10, C4<0>, C4<0>;
L_0x55e6d96c4ed0 .functor OR 1, L_0x55e6d96c4c40, L_0x55e6d96c4db0, C4<0>, C4<0>;
L_0x55e6d96c5330 .functor OR 1, L_0x55e6d96c5110, L_0x55e6d96c5290, C4<0>, C4<0>;
L_0x55e6d96c56a0 .functor OR 1, L_0x55e6d96c5470, L_0x55e6d96c5600, C4<0>, C4<0>;
L_0x55e6d96c5080 .functor OR 1, L_0x55e6d96c3030, L_0x55e6d96c4fe0, C4<0>, C4<0>;
L_0x55e6d96c5d40 .functor OR 1, L_0x55e6d96c5ac0, L_0x55e6d96c5b60, C4<0>, C4<0>;
L_0x55e6d96c6210 .functor OR 1, L_0x55e6d96c5f80, L_0x55e6d96c6020, C4<0>, C4<0>;
L_0x55e6d96c6300 .functor OR 1, L_0x55e6d96c2cd0, L_0x55e6d96c2e30, C4<0>, C4<0>;
L_0x55e6d96c6830 .functor OR 1, L_0x55e6d96c6570, L_0x55e6d96c6610, C4<0>, C4<0>;
L_0x55e6d96c6700 .functor OR 1, L_0x55e6d96c6940, L_0x55e6d96c69e0, C4<0>, C4<0>;
L_0x55e6d96c6e20 .functor OR 1, L_0x55e6d96c6d80, L_0x55e6d96c2e30, C4<0>, C4<0>;
L_0x55e6d96c7170 .functor OR 1, L_0x55e6d96c6ee0, L_0x55e6d96c70d0, C4<0>, C4<0>;
L_0x55e6d96c7730 .functor OR 1, L_0x55e6d96c7430, L_0x55e6d96c7660, C4<0>, C4<0>;
L_0x55e6d96c7a80 .functor OR 1, L_0x55e6d96c2cd0, L_0x55e6d96c7870, C4<0>, C4<0>;
L_0x55e6d96c8070 .functor OR 1, L_0x55e6d96c7cd0, L_0x55e6d96c7dc0, C4<0>, C4<0>;
L_0x55e6d96c8460 .functor OR 1, L_0x55e6d96c8160, L_0x55e6d96c8200, C4<0>, C4<0>;
L_0x55e6d96c8870 .functor OR 1, L_0x55e6d96c2710, L_0x55e6d96c8740, C4<0>, C4<0>;
L_0x55e6d96c8c90 .functor OR 1, L_0x55e6d96c8930, L_0x55e6d96c8b70, C4<0>, C4<0>;
L_0x55e6d96c9290 .functor OR 1, L_0x55e6d96c8f50, L_0x55e6d96c91a0, C4<0>, C4<0>;
L_0x55e6d96c96a0 .functor OR 1, L_0x55e6d96c93a0, L_0x55e6d96c9600, C4<0>, C4<0>;
L_0x55e6d96c9ce0 .functor OR 1, L_0x55e6d96c99a0, L_0x55e6d96c9c10, C4<0>, C4<0>;
L_0x55e6d96ca170 .functor OR 1, L_0x55e6d96c9e20, L_0x55e6d96ca0a0, C4<0>, C4<0>;
L_0x55e6d96ca870 .functor OR 1, L_0x55e6d96ca480, L_0x55e6d96ca710, C4<0>, C4<0>;
L_0x55e6d96cad30 .functor OR 1, L_0x55e6d96ca960, L_0x55e6d96cac00, C4<0>, C4<0>;
L_0x55e6d96cb380 .functor OR 1, L_0x55e6d96cb000, L_0x55e6d96cb2b0, C4<0>, C4<0>;
L_0x55e6d96cb850 .functor OR 1, L_0x55e6d96cb4c0, L_0x55e6d96cb780, C4<0>, C4<0>;
L_0x55e6d96cbef0 .functor OR 1, L_0x55e6d96c24f0, L_0x55e6d96c2910, C4<0>, C4<0>;
L_0x55e6d96cc3d0 .functor OR 1, L_0x55e6d96cc050, L_0x55e6d96cc0f0, C4<0>, C4<0>;
L_0x55e6d96ccb60 .functor OR 1, L_0x55e6d96cc7d0, L_0x55e6d96ccac0, C4<0>, C4<0>;
L_0x55e6d96cd060 .functor OR 1, L_0x55e6d96cccc0, L_0x55e6d96ccfc0, C4<0>, C4<0>;
L_0x55e6d96cd690 .functor OR 1, L_0x55e6d96cd380, L_0x55e6d96c2910, C4<0>, C4<0>;
L_0x55e6d96cdb10 .functor OR 1, L_0x55e6d96cd750, L_0x55e6d96cd7f0, C4<0>, C4<0>;
L_0x55e6d96ce2e0 .functor OR 1, L_0x55e6d96cde70, L_0x55e6d96cdf60, C4<0>, C4<0>;
L_0x55e6d96ce8e0 .functor OR 1, L_0x55e6d96ce3f0, L_0x55e6d96ce490, C4<0>, C4<0>;
L_0x55e6d96cecf0 .functor OR 1, L_0x55e6d96c24f0, L_0x55e6d96cec50, C4<0>, C4<0>;
L_0x55e6d96cf1f0 .functor OR 1, L_0x55e6d96cedb0, L_0x55e6d96cf150, C4<0>, C4<0>;
L_0x55e6d96cf9a0 .functor OR 1, L_0x55e6d96cf570, L_0x55e6d96cf8d0, C4<0>, C4<0>;
L_0x55e6d96cfae0 .functor OR 1, L_0x55e6d96f1d30, L_0x55e6d96c22a0, C4<0>, C4<0>;
L_0x55e6d96d0160 .functor OR 1, L_0x55e6d96cfdf0, L_0x55e6d96c2010, C4<0>, C4<0>;
L_0x55e6d96d02f0 .functor OR 1, L_0x55e6d96d0160, L_0x55e6d96d0250, C4<0>, C4<0>;
L_0x55e6d96d09e0 .functor OR 1, L_0x55e6d96c1d30, L_0x55e6d96d0660, C4<0>, C4<0>;
L_0x55e6d96d0b90 .functor OR 1, L_0x55e6d96d09e0, L_0x55e6d96d0af0, C4<0>, C4<0>;
L_0x55e6d96d0f10 .functor OR 1, L_0x55e6d96c1d30, L_0x55e6d96c2010, C4<0>, C4<0>;
L_0x55e6d96d1420 .functor OR 1, L_0x55e6d96d0f10, L_0x55e6d96d0f80, C4<0>, C4<0>;
L_0x55e6d96d17e0 .functor AND 1, L_0x55e6d96d18a0, L_0x55e6d96dbaf0, C4<1>, C4<1>;
L_0x55e6d96d18a0 .functor OR 1, L_0x55e6d96c3240, L_0x55e6d9700f50, C4<0>, C4<0>;
L_0x55e6d96d1c40 .functor AND 1, L_0x55e6d96d2eb0, L_0x55e6d96da640, C4<1>, C4<1>;
L_0x55e6d96d1e00 .functor AND 1, L_0x55e6d96da840, L_0x55e6d96c20b0, C4<1>, C4<1>;
L_0x55e6d96d2650 .functor AND 1, L_0x55e6d96d2190, L_0x55e6d96d25b0, C4<1>, C4<1>;
L_0x55e6d96d2790 .functor AND 1, L_0x55e6d96d2650, L_0x55e6d96db1a0, C4<1>, C4<1>;
L_0x55e6d96d2eb0 .functor OR 1, L_0x55e6d96c30d0, L_0x55e6d96d2b00, C4<0>, C4<0>;
L_0x55e6d96d3010 .functor AND 1, L_0x55e6d96d2eb0, L_0x55e6d96f02e0, C4<1>, C4<1>;
L_0x55e6d96d3390 .functor AND 1, L_0x55e6d96d9560, L_0x55e6d96f38e0, C4<1>, C4<1>;
L_0x55e6d96d3400 .functor AND 1, L_0x55e6d96d9560, L_0x55e6d96f39a0, C4<1>, C4<1>;
L_0x55e6d96d37c0 .functor AND 1, L_0x55e6d96d9560, L_0x55e6d96f3a60, C4<1>, C4<1>;
L_0x55e6d96d3890 .functor AND 1, L_0x55e6d96d9560, L_0x55e6d96f5530, C4<1>, C4<1>;
L_0x55e6d96d3c40 .functor AND 1, L_0x55e6d96d9560, L_0x55e6d96f55f0, C4<1>, C4<1>;
L_0x55e6d96d3d10 .functor AND 1, L_0x55e6d96d9560, L_0x55e6d96f56b0, C4<1>, C4<1>;
L_0x55e6d96d40d0 .functor AND 1, L_0x55e6d96d9560, L_0x55e6d96f41b0, C4<1>, C4<1>;
L_0x55e6d96d41a0 .functor AND 1, L_0x55e6d96f4430, L_0x55e6d96cfae0, C4<1>, C4<1>;
L_0x55e6d96d4660 .functor AND 1, L_0x55e6d96f1ee0, L_0x55e6d96d0b90, C4<1>, C4<1>;
L_0x55e6d96d4c20 .functor AND 1, L_0x55e6d96d4770, L_0x55e6d96d4b80, C4<1>, C4<1>;
L_0x55e6d96d5040 .functor AND 1, L_0x55e6d96d4c20, L_0x55e6d96d02f0, C4<1>, C4<1>;
L_0x55e6d96d5150 .functor AND 1, L_0x55e6d96f43c0, L_0x55e6d96cfae0, C4<1>, C4<1>;
L_0x55e6d96d5900 .functor AND 1, L_0x55e6d96d1420, L_0x55e6d96d0b90, C4<1>, C4<1>;
L_0x55e6d96d5ee0 .functor AND 1, L_0x55e6d96d5a10, L_0x55e6d96d5b00, C4<1>, C4<1>;
L_0x55e6d96d6320 .functor AND 1, L_0x55e6d96d5ee0, L_0x55e6d96d02f0, C4<1>, C4<1>;
L_0x55e6d96d63e0 .functor AND 1, L_0x55e6d96f4350, L_0x55e6d96cfae0, C4<1>, C4<1>;
L_0x55e6d96d6c50 .functor AND 1, L_0x55e6d96d6790, L_0x55e6d96d6860, C4<1>, C4<1>;
L_0x55e6d96d6d60 .functor AND 1, L_0x55e6d96d6c50, L_0x55e6d96d02f0, C4<1>, C4<1>;
L_0x55e6d96d7170 .functor AND 1, L_0x55e6d96f42e0, L_0x55e6d96cfae0, C4<1>, C4<1>;
L_0x55e6d96d76e0 .functor AND 1, L_0x55e6d96d71e0, L_0x55e6d96d72e0, C4<1>, C4<1>;
L_0x55e6d96d7b30 .functor AND 1, L_0x55e6d96d76e0, L_0x55e6d96d0b90, C4<1>, C4<1>;
L_0x55e6d96d7db0 .functor AND 1, L_0x55e6d96d1420, L_0x55e6d96f1ee0, C4<1>, C4<1>;
L_0x55e6d96d81e0 .functor AND 1, L_0x55e6d96d0b90, L_0x55e6d96d02f0, C4<1>, C4<1>;
L_0x55e6d96d8700 .functor AND 1, L_0x55e6d96d8250, L_0x55e6d96d8660, C4<1>, C4<1>;
L_0x55e6d96d8b90 .functor AND 1, L_0x55e6d96d8700, L_0x55e6d96f4270, C4<1>, C4<1>;
L_0x55e6d96d90c0 .functor AND 1, L_0x55e6d96f4350, L_0x55e6d96d8c50, C4<1>, C4<1>;
L_0x55e6d96d9560 .functor AND 1, L_0x55e6d96caca0, v0x55e6d963f7f0_0, C4<1>, C4<1>;
L_0x55e6d96d96e0 .functor AND 1, L_0x55e6d96d9560, L_0x55e6d96f3820, C4<1>, C4<1>;
L_0x55e6d96d9b50 .functor OR 1, L_0x55e6d96f4270, L_0x55e6d96f42e0, C4<0>, C4<0>;
L_0x55e6d96da180 .functor OR 1, L_0x55e6d96d9c60, L_0x55e6d96d9d00, C4<0>, C4<0>;
L_0x55e6d96da640 .functor OR 1, L_0x55e6d96da180, L_0x55e6d96f4430, C4<0>, C4<0>;
L_0x55e6d96da840 .functor OR 1, L_0x55e6d96da7a0, L_0x55e6d96d0b90, C4<0>, C4<0>;
L_0x55e6d96c20b0 .functor OR 1, L_0x55e6d96dad10, L_0x55e6d96f1ee0, C4<0>, C4<0>;
L_0x55e6d96db1a0 .functor OR 1, v0x55e6d9643c60_0, L_0x55e6d96cfae0, C4<0>, C4<0>;
L_0x55e6d96db630 .functor AND 1, L_0x55e6d96f4430, L_0x55e6d9701090, C4<1>, C4<1>;
L_0x55e6d96db6a0 .functor AND 1, L_0x55e6d96dc0b0, L_0x55e6d96dc1b0, C4<1>, C4<1>;
L_0x55e6d96dbaf0 .functor OR 1, L_0x55e6d96f42e0, L_0x55e6d96f4350, C4<0>, C4<0>;
L_0x55e6d96dbb60 .functor OR 1, L_0x55e6d96f43c0, L_0x55e6d96f4430, C4<0>, C4<0>;
L_0x55e6d96dc0b0 .functor OR 1, L_0x55e6d96dbaf0, L_0x55e6d96dc010, C4<0>, C4<0>;
L_0x55e6d96dc1b0 .functor OR 1, L_0x55e6d9701090, L_0x55e6d96d1420, C4<0>, C4<0>;
L_0x55e6d96dcc40 .functor OR 1, L_0x55e6d96dc750, L_0x55e6d96dcba0, C4<0>, C4<0>;
L_0x55e6d96dd250 .functor OR 1, L_0x55e6d96dd1b0, L_0x55e6d96c2b10, C4<0>, C4<0>;
L_0x55e6d96ddd20 .functor OR 1, L_0x55e6d96dd7c0, L_0x55e6d96ddc80, C4<0>, C4<0>;
L_0x55e6d96de350 .functor OR 1, L_0x55e6d96dde30, L_0x55e6d96de2b0, C4<0>, C4<0>;
L_0x55e6d96deec0 .functor OR 1, L_0x55e6d96de880, L_0x55e6d96ded10, C4<0>, C4<0>;
L_0x55e6d96defd0 .functor OR 1, L_0x55e6d9701220, L_0x55e6d97013d0, C4<0>, C4<0>;
L_0x55e6d96de460 .functor OR 1, L_0x55e6d9701580, L_0x55e6d9701730, C4<0>, C4<0>;
L_0x55e6d96de560 .functor OR 1, L_0x55e6d96f62c0, L_0x55e6d96f6470, C4<0>, C4<0>;
L_0x55e6d96df880 .functor OR 1, L_0x55e6d96f6620, L_0x55e6d96f67d0, C4<0>, C4<0>;
L_0x55e6d96dfe90 .functor OR 1, L_0x55e6d96df8f0, L_0x55e6d96df9e0, C4<0>, C4<0>;
L_0x55e6d96df2d0 .functor OR 1, L_0x55e6d96df130, L_0x55e6d96df200, C4<0>, C4<0>;
L_0x55e6d96e0490 .functor OR 1, L_0x55e6d96df3e0, L_0x55e6d96e03f0, C4<0>, C4<0>;
L_0x55e6d96e05a0 .functor OR 1, L_0x55e6d96f69d0, L_0x55e6d9702380, C4<0>, C4<0>;
L_0x55e6d96e0610 .functor OR 1, L_0x55e6d9702f30, L_0x55e6d9703170, C4<0>, C4<0>;
L_0x55e6d96e0710 .functor OR 1, L_0x55e6d9703280, L_0x55e6d9701c40, C4<0>, C4<0>;
L_0x55e6d96e0190 .functor OR 1, L_0x55e6d9701e80, L_0x55e6d97020c0, C4<0>, C4<0>;
L_0x55e6d96e0cb0 .functor OR 1, L_0x55e6d96e0250, L_0x55e6d96e0340, C4<0>, C4<0>;
L_0x55e6d96e0860 .functor OR 1, L_0x55e6d96e0ee0, L_0x55e6d96e1470, C4<0>, C4<0>;
L_0x55e6d96e0b00 .functor OR 1, L_0x55e6d96e0970, L_0x55e6d96e0a60, C4<0>, C4<0>;
L_0x55e6d96e0c10 .functor OR 1, L_0x55e6d9702300, L_0x55e6d97024e0, C4<0>, C4<0>;
L_0x55e6d96e1010 .functor OR 1, L_0x55e6d9702690, L_0x55e6d9702840, C4<0>, C4<0>;
L_0x55e6d96e10b0 .functor OR 1, L_0x55e6d97029f0, L_0x55e6d9702ba0, C4<0>, C4<0>;
L_0x55e6d96e13a0 .functor OR 1, L_0x55e6d9702d50, L_0x55e6d9703e40, C4<0>, C4<0>;
L_0x55e6d96e1b60 .functor OR 1, L_0x55e6d96e19d0, L_0x55e6d96e1ac0, C4<0>, C4<0>;
L_0x55e6d96e15e0 .functor OR 1, L_0x55e6d96e1d90, L_0x55e6d96e1540, C4<0>, C4<0>;
L_0x55e6d96e1880 .functor OR 1, L_0x55e6d96e16f0, L_0x55e6d96e17e0, C4<0>, C4<0>;
L_0x55e6d96e1e40 .functor OR 1, L_0x55e6d9704ab0, L_0x55e6d9704bc0, C4<0>, C4<0>;
L_0x55e6d96e1eb0 .functor OR 1, L_0x55e6d9703380, L_0x55e6d9703570, C4<0>, C4<0>;
L_0x55e6d96e1fb0 .functor OR 1, L_0x55e6d9703760, L_0x55e6d9703950, C4<0>, C4<0>;
L_0x55e6d96e2390 .functor OR 1, L_0x55e6d9703b40, L_0x55e6d9703d30, C4<0>, C4<0>;
L_0x55e6d96e2ab0 .functor OR 1, L_0x55e6d96e2450, L_0x55e6d96e2540, C4<0>, C4<0>;
L_0x55e6d96e2eb0 .functor OR 1, L_0x55e6d96e2cb0, L_0x55e6d96e2de0, C4<0>, C4<0>;
L_0x55e6d96e2680 .functor OR 1, L_0x55e6d96e2fc0, L_0x55e6d96e25e0, C4<0>, C4<0>;
L_0x55e6d96e2790 .functor OR 1, L_0x55e6d9703ff0, L_0x55e6d97041a0, C4<0>, C4<0>;
L_0x55e6d96e2800 .functor OR 1, L_0x55e6d9704350, L_0x55e6d9704500, C4<0>, C4<0>;
L_0x55e6d96e28d0 .functor OR 1, L_0x55e6d97046b0, L_0x55e6d9704860, C4<0>, C4<0>;
L_0x55e6d96e3b40 .functor OR 1, L_0x55e6d9705850, L_0x55e6d9705a00, C4<0>, C4<0>;
L_0x55e6d96e32c0 .functor OR 1, L_0x55e6d96e3100, L_0x55e6d96e31f0, C4<0>, C4<0>;
L_0x55e6d96e37a0 .functor OR 1, L_0x55e6d96e34f0, L_0x55e6d96e36d0, C4<0>, C4<0>;
L_0x55e6d96e3a40 .functor OR 1, L_0x55e6d96e38b0, L_0x55e6d96e39a0, C4<0>, C4<0>;
L_0x55e6d96e4130 .functor OR 1, L_0x55e6d97066f0, L_0x55e6d9706800, C4<0>, C4<0>;
L_0x55e6d96e41a0 .functor OR 1, L_0x55e6d9705120, L_0x55e6d96e2940, C4<0>, C4<0>;
L_0x55e6d96e42a0 .functor OR 1, L_0x55e6d9705590, L_0x55e6d96e2020, C4<0>, C4<0>;
L_0x55e6d96e3bb0 .functor OR 1, L_0x55e6d9705d10, L_0x55e6d9705fd0, C4<0>, C4<0>;
L_0x55e6d96e3db0 .functor OR 1, L_0x55e6d96e3c20, L_0x55e6d96e3d10, C4<0>, C4<0>;
L_0x55e6d96e4c90 .functor OR 1, L_0x55e6d96e3fe0, L_0x55e6d96e4bc0, C4<0>, C4<0>;
L_0x55e6d96e4680 .functor OR 1, L_0x55e6d96e4da0, L_0x55e6d96e45e0, C4<0>, C4<0>;
L_0x55e6d96e4790 .functor OR 1, L_0x55e6d9706290, L_0x55e6d9706440, C4<0>, C4<0>;
L_0x55e6d96e4800 .functor OR 1, L_0x55e6d97021d0, L_0x55e6d97074f0, C4<0>, C4<0>;
L_0x55e6d96e48d0 .functor OR 1, L_0x55e6d9708240, L_0x55e6d97083a0, C4<0>, C4<0>;
L_0x55e6d96e59d0 .functor OR 1, L_0x55e6d9706910, L_0x55e6d96e4210, C4<0>, C4<0>;
L_0x55e6d96e4f80 .functor OR 1, L_0x55e6d96e5a90, L_0x55e6d96e4ee0, C4<0>, C4<0>;
L_0x55e6d96e5380 .functor OR 1, L_0x55e6d96e51b0, L_0x55e6d96e52e0, C4<0>, C4<0>;
L_0x55e6d96e5680 .functor OR 1, L_0x55e6d96e54f0, L_0x55e6d96e55e0, C4<0>, C4<0>;
L_0x55e6d96e5790 .functor OR 1, L_0x55e6d96e1120, L_0x55e6d96e0780, C4<0>, C4<0>;
L_0x55e6d96e5800 .functor OR 1, L_0x55e6d97032f0, L_0x55e6d97034e0, C4<0>, C4<0>;
L_0x55e6d96e5900 .functor OR 1, L_0x55e6d97036d0, L_0x55e6d97038c0, C4<0>, C4<0>;
L_0x55e6d96e62e0 .functor OR 1, L_0x55e6d9703ab0, L_0x55e6d9703ca0, C4<0>, C4<0>;
L_0x55e6d96e6b00 .functor OR 1, L_0x55e6d96e6970, L_0x55e6d96e6a60, C4<0>, C4<0>;
L_0x55e6d96e5e40 .functor OR 1, L_0x55e6d96e5c70, L_0x55e6d96e5da0, C4<0>, C4<0>;
L_0x55e6d96e63a0 .functor OR 1, L_0x55e6d96e5f50, L_0x55e6d96e6040, C4<0>, C4<0>;
L_0x55e6d96e6700 .functor OR 1, L_0x55e6d96e64b0, L_0x55e6d96e6660, C4<0>, C4<0>;
L_0x55e6d96e7200 .functor OR 1, L_0x55e6d96e6810, L_0x55e6d96e68b0, C4<0>, C4<0>;
L_0x55e6d96e7a70 .functor OR 1, L_0x55e6d96e7310, L_0x55e6d96e79d0, C4<0>, C4<0>;
L_0x55e6d96e7d40 .functor OR 1, L_0x55e6d96e6bf0, L_0x55e6d96e6c90, C4<0>, C4<0>;
L_0x55e6d96e6fb0 .functor OR 1, L_0x55e6d96e6e20, L_0x55e6d96e6f10, C4<0>, C4<0>;
L_0x55e6d96e8000 .functor OR 1, L_0x55e6d96e7db0, L_0x55e6d96e7f60, C4<0>, C4<0>;
L_0x55e6d96e8250 .functor OR 1, L_0x55e6d96e8110, L_0x55e6d96e81b0, C4<0>, C4<0>;
L_0x55e6d96e8a20 .functor OR 1, L_0x55e6d96f02e0, L_0x55e6d96f4270, C4<0>, C4<0>;
L_0x55e6d96e8400 .functor OR 1, L_0x55e6d96e8a90, L_0x55e6d96e8360, C4<0>, C4<0>;
L_0x55e6d96e8510 .functor OR 1, L_0x55e6d9707fe0, L_0x55e6d97090b0, C4<0>, C4<0>;
L_0x55e6d96e87a0 .functor OR 1, L_0x55e6d96e8580, L_0x55e6d96e8680, C4<0>, C4<0>;
L_0x55e6d96e88b0 .functor OR 1, L_0x55e6d9708550, L_0x55e6d9709e70, C4<0>, C4<0>;
L_0x55e6d96e73b0 .functor OR 1, L_0x55e6d970a070, L_0x55e6d9708a60, C4<0>, C4<0>;
L_0x55e6d96e7610 .functor OR 1, L_0x55e6d96e7470, L_0x55e6d96e7540, C4<0>, C4<0>;
L_0x55e6d96e76d0 .functor OR 1, L_0x55e6d9708550, L_0x55e6d96e5870, C4<0>, C4<0>;
L_0x55e6d96e7880 .functor OR 1, L_0x55e6d9708900, L_0x55e6d9708a60, C4<0>, C4<0>;
L_0x55e6d96e9320 .functor OR 1, L_0x55e6d96e9190, L_0x55e6d96e9280, C4<0>, C4<0>;
L_0x55e6d96e9430 .functor OR 1, L_0x55e6d96f3820, L_0x55e6d96f38e0, C4<0>, C4<0>;
L_0x55e6d96e9540 .functor OR 1, L_0x55e6d96f39a0, L_0x55e6d96f3a60, C4<0>, C4<0>;
L_0x55e6d96e9650 .functor OR 1, L_0x55e6d96f5530, L_0x55e6d96f55f0, C4<0>, C4<0>;
L_0x55e6d96e8cc0 .functor OR 1, L_0x55e6d96f56b0, L_0x55e6d96f41b0, C4<0>, C4<0>;
L_0x55e6d96e8fb0 .functor OR 1, L_0x55e6d96e8e20, L_0x55e6d96e8f10, C4<0>, C4<0>;
L_0x55e6d96e9f80 .functor OR 1, L_0x55e6d96e9e40, L_0x55e6d96e9ee0, C4<0>, C4<0>;
L_0x55e6d96ea1d0 .functor OR 1, L_0x55e6d96ea090, L_0x55e6d96ea130, C4<0>, C4<0>;
L_0x55e6d96ea2e0 .functor OR 1, L_0x55e6d9708bc0, L_0x55e6d9708d70, C4<0>, C4<0>;
L_0x55e6d96e9760 .functor OR 1, L_0x55e6d9708ed0, L_0x55e6d96f0820, C4<0>, C4<0>;
L_0x55e6d96e97d0 .functor OR 1, L_0x55e6d97092b0, L_0x55e6d9709410, C4<0>, C4<0>;
L_0x55e6d96e99d0 .functor OR 1, L_0x55e6d9709570, L_0x55e6d9709760, C4<0>, C4<0>;
L_0x55e6d96e9c20 .functor OR 1, L_0x55e6d96e9a90, L_0x55e6d96e9b80, C4<0>, C4<0>;
L_0x55e6d96eac40 .functor OR 1, L_0x55e6d96eaa70, L_0x55e6d96eaba0, C4<0>, C4<0>;
L_0x55e6d96eaee0 .functor OR 1, L_0x55e6d96ead50, L_0x55e6d96eae40, C4<0>, C4<0>;
L_0x55e6d96eaff0 .functor OR 1, L_0x55e6d9709950, L_0x55e6d9709ab0, C4<0>, C4<0>;
L_0x55e6d96eb060 .functor OR 1, L_0x55e6d9709c60, L_0x55e6d970ae60, C4<0>, C4<0>;
L_0x55e6d96eb0d0 .functor OR 1, L_0x55e6d970bcb0, L_0x55e6d970bdc0, C4<0>, C4<0>;
L_0x55e6d96eb280 .functor OR 1, L_0x55e6d970a1d0, L_0x55e6d970a380, C4<0>, C4<0>;
L_0x55e6d96ea350 .functor OR 1, L_0x55e6d96eb340, L_0x55e6d96eb430, C4<0>, C4<0>;
L_0x55e6d96ea720 .functor OR 1, L_0x55e6d96ea550, L_0x55e6d96ea680, C4<0>, C4<0>;
L_0x55e6d96ebc50 .functor OR 1, L_0x55e6d96ea830, L_0x55e6d96ea920, C4<0>, C4<0>;
L_0x55e6d96ebd60 .functor OR 1, L_0x55e6d970a530, L_0x55e6d970a6e0, C4<0>, C4<0>;
L_0x55e6d96ebdd0 .functor OR 1, L_0x55e6d970a890, L_0x55e6d970aa40, C4<0>, C4<0>;
L_0x55e6d96ebe40 .functor OR 1, L_0x55e6d970abf0, L_0x55e6d970af70, C4<0>, C4<0>;
L_0x55e6d96eb4d0 .functor OR 1, L_0x55e6d970b120, L_0x55e6d970b2d0, C4<0>, C4<0>;
L_0x55e6d96eb720 .functor OR 1, L_0x55e6d96eb590, L_0x55e6d96eb680, C4<0>, C4<0>;
L_0x55e6d96ebaf0 .functor OR 1, L_0x55e6d96eb920, L_0x55e6d96eba50, C4<0>, C4<0>;
L_0x55e6d96ec1b0 .functor OR 1, L_0x55e6d96ec070, L_0x55e6d96ec110, C4<0>, C4<0>;
L_0x55e6d96ec2c0 .functor OR 1, L_0x55e6d970b480, L_0x55e6d970b630, C4<0>, C4<0>;
L_0x55e6d96ec330 .functor OR 1, L_0x55e6d970b7e0, L_0x55e6d970b990, C4<0>, C4<0>;
L_0x55e6d96ec3a0 .functor OR 1, L_0x55e6d970bb40, L_0x55e6d970cc90, C4<0>, C4<0>;
L_0x55e6d96ecda0 .functor OR 1, L_0x55e6d970db70, L_0x55e6d970dc80, C4<0>, C4<0>;
L_0x55e6d96ecff0 .functor OR 1, L_0x55e6d96ece60, L_0x55e6d96ecf50, C4<0>, C4<0>;
L_0x55e6d96ed3c0 .functor OR 1, L_0x55e6d96ed1f0, L_0x55e6d96ed320, C4<0>, C4<0>;
L_0x55e6d96ed610 .functor OR 1, L_0x55e6d96ed4d0, L_0x55e6d96ed570, C4<0>, C4<0>;
L_0x55e6d96ed720 .functor OR 1, L_0x55e6d970dd90, L_0x55e6d970c080, C4<0>, C4<0>;
L_0x55e6d96ed790 .functor OR 1, L_0x55e6d970c340, L_0x55e6d970c600, C4<0>, C4<0>;
L_0x55e6d96ed800 .functor OR 1, L_0x55e6d970c8c0, L_0x55e6d970cb80, C4<0>, C4<0>;
L_0x55e6d96edac0 .functor OR 1, L_0x55e6d970cfa0, L_0x55e6d970d260, C4<0>, C4<0>;
L_0x55e6d96edd10 .functor OR 1, L_0x55e6d96edb80, L_0x55e6d96edc70, C4<0>, C4<0>;
L_0x55e6d96ec890 .functor OR 1, L_0x55e6d96ec6c0, L_0x55e6d96ec7f0, C4<0>, C4<0>;
L_0x55e6d96ecb30 .functor OR 1, L_0x55e6d96ec9a0, L_0x55e6d96eca90, C4<0>, C4<0>;
L_0x55e6d96ecc40 .functor OR 1, L_0x55e6d970d520, L_0x55e6d970d6d0, C4<0>, C4<0>;
L_0x55e6d96eccb0 .functor OR 1, L_0x55e6d970d880, L_0x55e6d970da30, C4<0>, C4<0>;
L_0x55e6d96ee5f0 .functor OR 1, L_0x55e6d970fa70, L_0x55e6d970fbd0, C4<0>, C4<0>;
L_0x55e6d96ee880 .functor OR 1, L_0x55e6d970fd80, L_0x55e6d970def0, C4<0>, C4<0>;
L_0x55e6d96eead0 .functor OR 1, L_0x55e6d96ee940, L_0x55e6d96eea30, C4<0>, C4<0>;
L_0x55e6d96eeea0 .functor OR 1, L_0x55e6d96eecd0, L_0x55e6d96eee00, C4<0>, C4<0>;
L_0x55e6d96edec0 .functor OR 1, L_0x55e6d96eefb0, L_0x55e6d96ede20, C4<0>, C4<0>;
L_0x55e6d96edfd0 .functor OR 1, L_0x55e6d970e0a0, L_0x55e6d970e250, C4<0>, C4<0>;
L_0x55e6d96ee040 .functor OR 1, L_0x55e6d970e400, L_0x55e6d970e5b0, C4<0>, C4<0>;
L_0x55e6d96ee0b0 .functor OR 1, L_0x55e6d970e760, L_0x55e6d970e910, C4<0>, C4<0>;
L_0x55e6d96ee340 .functor OR 1, L_0x55e6d970eac0, L_0x55e6d970ecd0, C4<0>, C4<0>;
L_0x55e6d96ef940 .functor OR 1, L_0x55e6d96ee400, L_0x55e6d96ee4f0, C4<0>, C4<0>;
L_0x55e6d96f05c0 .functor OR 1, L_0x55e6d96efb40, L_0x55e6d96f0520, C4<0>, C4<0>;
L_0x55e6d96ef230 .functor OR 1, L_0x55e6d96ef0a0, L_0x55e6d96ef190, C4<0>, C4<0>;
L_0x55e6d96f04a0 .functor OR 1, L_0x55e6d970f090, L_0x55e6d970f450, C4<0>, C4<0>;
L_0x55e6d96ef340 .functor OR 1, L_0x55e6d970f810, L_0x55e6d9710e60, C4<0>, C4<0>;
L_0x55e6d96ef3b0 .functor OR 1, L_0x55e6d9710050, L_0x55e6d97103c0, C4<0>, C4<0>;
L_0x55e6d96ef5e0 .functor OR 1, L_0x55e6d97106e0, L_0x55e6d9707d90, C4<0>, C4<0>;
L_0x55e6d96ef830 .functor OR 1, L_0x55e6d96ef6a0, L_0x55e6d96ef790, C4<0>, C4<0>;
L_0x55e6d96eff30 .functor OR 1, L_0x55e6d96efd60, L_0x55e6d96efe90, C4<0>, C4<0>;
L_0x55e6d96f01d0 .functor OR 1, L_0x55e6d96f0040, L_0x55e6d96f0130, C4<0>, C4<0>;
L_0x55e6d96f02e0 .functor OR 1, L_0x55e6d96f4430, L_0x55e6d96f42e0, C4<0>, C4<0>;
L_0x55e6d96f07b0 .functor OR 1, L_0x55e6d96f4350, L_0x55e6d96f43c0, C4<0>, C4<0>;
L_0x55e6d96f0950 .functor OR 1, L_0x55e6d96f02e0, L_0x55e6d96f08b0, C4<0>, C4<0>;
L_0x55e6d96f09c0 .functor OR 1, L_0x55e6d9710b90, L_0x55e6d9711060, C4<0>, C4<0>;
L_0x55e6d96f0b70 .functor OR 1, L_0x55e6d96f0a30, L_0x55e6d96f0ad0, C4<0>, C4<0>;
L_0x55e6d96f0c80 .functor OR 1, L_0x55e6d9711500, L_0x55e6d97116b0, C4<0>, C4<0>;
L_0x55e6d96f1790 .functor OR 1, L_0x55e6d96f0cf0, L_0x55e6d96f0d90, C4<0>, C4<0>;
L_0x55e6d96f1850 .functor OR 1, L_0x55e6d9711b00, L_0x55e6d9711c60, C4<0>, C4<0>;
L_0x55e6d96f1a50 .functor OR 1, L_0x55e6d96f18c0, L_0x55e6d96f1960, C4<0>, C4<0>;
L_0x55e6d96f0f00 .functor OR 1, L_0x55e6d9713040, L_0x55e6d9714080, C4<0>, C4<0>;
L_0x55e6d96f1130 .functor OR 1, L_0x55e6d96f0f70, L_0x55e6d96f1010, C4<0>, C4<0>;
L_0x55e6d96f1380 .functor OR 1, L_0x55e6d96f1240, L_0x55e6d96f12e0, C4<0>, C4<0>;
L_0x55e6d96f16b0 .functor OR 1, L_0x55e6d96f1490, L_0x55e6d96f1580, C4<0>, C4<0>;
L_0x55e6d96f1720 .functor OR 1, L_0x55e6d96f2430, L_0x55e6d96f24d0, C4<0>, C4<0>;
L_0x55e6d96f2610 .functor OR 1, L_0x55e6d96f4270, L_0x55e6d96f4430, C4<0>, C4<0>;
L_0x55e6d96f3090 .functor OR 1, L_0x55e6d96f2ff0, L_0x55e6d96dbaf0, C4<0>, C4<0>;
L_0x55e6d96f3100 .functor OR 1, L_0x55e6d96f3090, L_0x55e6d96f43c0, C4<0>, C4<0>;
L_0x55e6d96f1d30 .functor OR 1, L_0x55e6d96f1bf0, L_0x55e6d96f1c90, C4<0>, C4<0>;
L_0x55e6d96f1ee0 .functor OR 1, L_0x55e6d96f1d30, L_0x55e6d96f1e40, C4<0>, C4<0>;
L_0x55e6d96f2120 .functor OR 1, L_0x55e6d96f1fe0, L_0x55e6d96f2080, C4<0>, C4<0>;
L_0x55e6d96f2710 .functor OR 1, L_0x55e6d96f2230, L_0x55e6d96f2360, C4<0>, C4<0>;
L_0x55e6d96f27d0 .functor OR 1, L_0x55e6d96f44a0, L_0x55e6d96f40a0, C4<0>, C4<0>;
L_0x55e6d96f2840 .functor OR 1, L_0x55e6d96f31c0, L_0x55e6d96f32d0, C4<0>, C4<0>;
L_0x55e6d96f28e0 .functor OR 1, L_0x55e6d96f33e0, L_0x55e6d96f34f0, C4<0>, C4<0>;
L_0x55e6d96f2ba0 .functor OR 1, L_0x55e6d96f3600, L_0x55e6d96f3710, C4<0>, C4<0>;
L_0x55e6d96f2df0 .functor OR 1, L_0x55e6d96f2c60, L_0x55e6d96f2d50, C4<0>, C4<0>;
L_0x55e6d96f3cf0 .functor OR 1, L_0x55e6d96f3af0, L_0x55e6d96f3c20, C4<0>, C4<0>;
L_0x55e6d96f3f90 .functor OR 1, L_0x55e6d96f3e00, L_0x55e6d96f3ef0, C4<0>, C4<0>;
L_0x55e6d96f40a0 .functor NOT 1, L_0x55e6d96c4ed0, C4<0>, C4<0>, C4<0>;
L_0x55e6d96f31c0 .functor NOT 1, L_0x55e6d96c56a0, C4<0>, C4<0>, C4<0>;
L_0x55e6d96f32d0 .functor NOT 1, L_0x55e6d96c6210, C4<0>, C4<0>, C4<0>;
L_0x55e6d96f33e0 .functor NOT 1, L_0x55e6d96c6700, C4<0>, C4<0>, C4<0>;
L_0x55e6d96f34f0 .functor NOT 1, L_0x55e6d96c7730, C4<0>, C4<0>, C4<0>;
L_0x55e6d96f3600 .functor NOT 1, L_0x55e6d96c8460, C4<0>, C4<0>, C4<0>;
L_0x55e6d96f3710 .functor NOT 1, L_0x55e6d96e8250, C4<0>, C4<0>, C4<0>;
L_0x55e6d96f3820 .functor NOT 1, L_0x55e6d96c9290, C4<0>, C4<0>, C4<0>;
L_0x55e6d96f38e0 .functor NOT 1, L_0x55e6d96ca170, C4<0>, C4<0>, C4<0>;
L_0x55e6d96f39a0 .functor NOT 1, L_0x55e6d96cad30, C4<0>, C4<0>, C4<0>;
L_0x55e6d96f3a60 .functor NOT 1, L_0x55e6d96cb850, C4<0>, C4<0>, C4<0>;
L_0x55e6d96f5530 .functor NOT 1, L_0x55e6d96cd060, C4<0>, C4<0>, C4<0>;
L_0x55e6d96f55f0 .functor NOT 1, L_0x55e6d96ce8e0, C4<0>, C4<0>, C4<0>;
L_0x55e6d96f56b0 .functor NOT 1, L_0x55e6d96cf9a0, C4<0>, C4<0>, C4<0>;
L_0x55e6d96f41b0 .functor NOT 1, L_0x55e6d96f1720, C4<0>, C4<0>, C4<0>;
L_0x55e6d96f4270 .functor NOT 1, L_0x55e6d96cfae0, C4<0>, C4<0>, C4<0>;
L_0x55e6d96f42e0 .functor NOT 1, L_0x55e6d96d02f0, C4<0>, C4<0>, C4<0>;
L_0x55e6d96f4350 .functor NOT 1, L_0x55e6d96d0b90, C4<0>, C4<0>, C4<0>;
L_0x55e6d96f43c0 .functor NOT 1, L_0x55e6d96f1ee0, C4<0>, C4<0>, C4<0>;
L_0x55e6d96f4430 .functor NOT 1, L_0x55e6d96d1420, C4<0>, C4<0>, C4<0>;
L_0x55e6d96f44a0 .functor NOT 1, L_0x55e6d96deec0, C4<0>, C4<0>, C4<0>;
L_0x55e6d96f45b0 .functor AND 1, L_0x55e6d97122f0, v0x55e6d9642eb0_0, C4<1>, C4<1>;
L_0x55e6d96f4620 .functor NOT 1, L_0x55e6d96ddd20, C4<0>, C4<0>, C4<0>;
L_0x55e6d9701220 .functor AND 1, L_0x55e6d9701180, L_0x55e6d96f44a0, C4<1>, C4<1>;
L_0x55e6d97013d0 .functor AND 1, L_0x55e6d9701330, L_0x55e6d96f40a0, C4<1>, C4<1>;
L_0x55e6d9701580 .functor AND 1, L_0x55e6d97014e0, L_0x55e6d96f31c0, C4<1>, C4<1>;
L_0x55e6d9701730 .functor AND 1, L_0x55e6d9701690, L_0x55e6d96f32d0, C4<1>, C4<1>;
L_0x55e6d96f62c0 .functor AND 1, L_0x55e6d96f6220, L_0x55e6d96f33e0, C4<1>, C4<1>;
L_0x55e6d96f6470 .functor AND 1, L_0x55e6d96f63d0, L_0x55e6d96f34f0, C4<1>, C4<1>;
L_0x55e6d96f6620 .functor AND 1, L_0x55e6d96f6580, L_0x55e6d96f3600, C4<1>, C4<1>;
L_0x55e6d96f67d0 .functor AND 1, L_0x55e6d96f6730, L_0x55e6d96f3710, C4<1>, C4<1>;
L_0x55e6d96f69d0 .functor AND 1, L_0x55e6d96f68e0, L_0x55e6d96f44a0, C4<1>, C4<1>;
L_0x55e6d9702380 .functor AND 1, L_0x55e6d96f6ae0, L_0x55e6d96f40a0, C4<1>, C4<1>;
L_0x55e6d9702f30 .functor AND 1, L_0x55e6d9702e90, L_0x55e6d96f31c0, C4<1>, C4<1>;
L_0x55e6d9703170 .functor AND 1, L_0x55e6d97030d0, L_0x55e6d96f32d0, C4<1>, C4<1>;
L_0x55e6d9703280 .functor AND 1, L_0x55e6d97019d0, L_0x55e6d96f33e0, C4<1>, C4<1>;
L_0x55e6d9701c40 .functor AND 1, L_0x55e6d9701ba0, L_0x55e6d96f34f0, C4<1>, C4<1>;
L_0x55e6d9701e80 .functor AND 1, L_0x55e6d9701de0, L_0x55e6d96f3600, C4<1>, C4<1>;
L_0x55e6d97020c0 .functor AND 1, L_0x55e6d9702020, L_0x55e6d96f3710, C4<1>, C4<1>;
L_0x55e6d9702300 .functor AND 1, L_0x55e6d9702260, L_0x55e6d96f44a0, C4<1>, C4<1>;
L_0x55e6d97024e0 .functor AND 1, L_0x55e6d9702440, L_0x55e6d96f40a0, C4<1>, C4<1>;
L_0x55e6d9702690 .functor AND 1, L_0x55e6d97025f0, L_0x55e6d96f31c0, C4<1>, C4<1>;
L_0x55e6d9702840 .functor AND 1, L_0x55e6d97027a0, L_0x55e6d96f32d0, C4<1>, C4<1>;
L_0x55e6d97029f0 .functor AND 1, L_0x55e6d9702950, L_0x55e6d96f33e0, C4<1>, C4<1>;
L_0x55e6d9702ba0 .functor AND 1, L_0x55e6d9702b00, L_0x55e6d96f34f0, C4<1>, C4<1>;
L_0x55e6d9702d50 .functor AND 1, L_0x55e6d9702cb0, L_0x55e6d96f3600, C4<1>, C4<1>;
L_0x55e6d9703e40 .functor AND 1, L_0x55e6d9703da0, L_0x55e6d96f3710, C4<1>, C4<1>;
L_0x55e6d9704ab0 .functor AND 1, L_0x55e6d9704a10, L_0x55e6d96f44a0, C4<1>, C4<1>;
L_0x55e6d9704bc0 .functor AND 1, L_0x55e6d9704b20, L_0x55e6d96f40a0, C4<1>, C4<1>;
L_0x55e6d9703380 .functor AND 1, L_0x55e6d9704c80, L_0x55e6d96f31c0, C4<1>, C4<1>;
L_0x55e6d9703570 .functor AND 1, L_0x55e6d9703440, L_0x55e6d96f32d0, C4<1>, C4<1>;
L_0x55e6d9703760 .functor AND 1, L_0x55e6d9703630, L_0x55e6d96f33e0, C4<1>, C4<1>;
L_0x55e6d9703950 .functor AND 1, L_0x55e6d9703820, L_0x55e6d96f34f0, C4<1>, C4<1>;
L_0x55e6d9703b40 .functor AND 1, L_0x55e6d9703a10, L_0x55e6d96f3600, C4<1>, C4<1>;
L_0x55e6d9703d30 .functor AND 1, L_0x55e6d9703c00, L_0x55e6d96f3710, C4<1>, C4<1>;
L_0x55e6d9703ff0 .functor AND 1, L_0x55e6d9703f50, L_0x55e6d96f44a0, C4<1>, C4<1>;
L_0x55e6d97041a0 .functor AND 1, L_0x55e6d9704100, L_0x55e6d96f40a0, C4<1>, C4<1>;
L_0x55e6d9704350 .functor AND 1, L_0x55e6d97042b0, L_0x55e6d96f31c0, C4<1>, C4<1>;
L_0x55e6d9704500 .functor AND 1, L_0x55e6d9704460, L_0x55e6d96f32d0, C4<1>, C4<1>;
L_0x55e6d97046b0 .functor AND 1, L_0x55e6d9704610, L_0x55e6d96f33e0, C4<1>, C4<1>;
L_0x55e6d9704860 .functor AND 1, L_0x55e6d97047c0, L_0x55e6d96f34f0, C4<1>, C4<1>;
L_0x55e6d9705850 .functor AND 1, L_0x55e6d9704970, L_0x55e6d96f3600, C4<1>, C4<1>;
L_0x55e6d9705a00 .functor AND 1, L_0x55e6d9705960, L_0x55e6d96f3710, C4<1>, C4<1>;
L_0x55e6d97066f0 .functor AND 1, L_0x55e6d9706650, L_0x55e6d96f44a0, C4<1>, C4<1>;
L_0x55e6d9706800 .functor AND 1, L_0x55e6d9704e30, L_0x55e6d96f40a0, C4<1>, C4<1>;
L_0x55e6d9705120 .functor AND 1, L_0x55e6d9705080, L_0x55e6d96f31c0, C4<1>, C4<1>;
L_0x55e6d96e2940 .functor AND 1, L_0x55e6d9705340, L_0x55e6d96f32d0, C4<1>, C4<1>;
L_0x55e6d9705590 .functor AND 1, L_0x55e6d97054f0, L_0x55e6d96f33e0, C4<1>, C4<1>;
L_0x55e6d96e2020 .functor AND 1, L_0x55e6d97057b0, L_0x55e6d96f34f0, C4<1>, C4<1>;
L_0x55e6d9705d10 .functor AND 1, L_0x55e6d9705c70, L_0x55e6d96f3600, C4<1>, C4<1>;
L_0x55e6d9705fd0 .functor AND 1, L_0x55e6d9705f30, L_0x55e6d96f3710, C4<1>, C4<1>;
L_0x55e6d9706290 .functor AND 1, L_0x55e6d97061f0, L_0x55e6d96f44a0, C4<1>, C4<1>;
L_0x55e6d9706440 .functor AND 1, L_0x55e6d97063a0, L_0x55e6d96f40a0, C4<1>, C4<1>;
L_0x55e6d97021d0 .functor AND 1, L_0x55e6d9706550, L_0x55e6d96f31c0, C4<1>, C4<1>;
L_0x55e6d97074f0 .functor AND 1, L_0x55e6d9707450, L_0x55e6d96f32d0, C4<1>, C4<1>;
L_0x55e6d9708240 .functor AND 1, L_0x55e6d97081a0, L_0x55e6d96f33e0, C4<1>, C4<1>;
L_0x55e6d97083a0 .functor AND 1, L_0x55e6d9708300, L_0x55e6d96f34f0, C4<1>, C4<1>;
L_0x55e6d9706910 .functor AND 1, L_0x55e6d9706870, L_0x55e6d96f3600, C4<1>, C4<1>;
L_0x55e6d96e4210 .functor AND 1, L_0x55e6d9706a20, L_0x55e6d96f3710, C4<1>, C4<1>;
L_0x55e6d96e1120 .functor AND 1, L_0x55e6d9706ac0, L_0x55e6d96f44a0, C4<1>, C4<1>;
L_0x55e6d96e0780 .functor AND 1, L_0x55e6d9706d10, L_0x55e6d96f40a0, C4<1>, C4<1>;
L_0x55e6d97032f0 .functor AND 1, L_0x55e6d9706f60, L_0x55e6d96f31c0, C4<1>, C4<1>;
L_0x55e6d97034e0 .functor AND 1, L_0x55e6d97071b0, L_0x55e6d96f32d0, C4<1>, C4<1>;
L_0x55e6d97036d0 .functor AND 1, L_0x55e6d9707600, L_0x55e6d96f33e0, C4<1>, C4<1>;
L_0x55e6d97038c0 .functor AND 1, L_0x55e6d9707850, L_0x55e6d96f34f0, C4<1>, C4<1>;
L_0x55e6d9703ab0 .functor AND 1, L_0x55e6d9707aa0, L_0x55e6d96f3600, C4<1>, C4<1>;
L_0x55e6d9703ca0 .functor AND 1, L_0x55e6d9707cf0, L_0x55e6d96f3710, C4<1>, C4<1>;
L_0x55e6d9707fe0 .functor AND 1, L_0x55e6d9707f40, L_0x55e6d96f43c0, C4<1>, C4<1>;
L_0x55e6d97090b0 .functor AND 1, L_0x55e6d97080f0, L_0x55e6d96f4350, C4<1>, C4<1>;
L_0x55e6d9709e70 .functor AND 1, L_0x55e6d9709dd0, L_0x55e6d96f4350, C4<1>, C4<1>;
L_0x55e6d970a070 .functor AND 1, L_0x55e6d9709f80, L_0x55e6d96f02e0, C4<1>, C4<1>;
L_0x55e6d9708550 .functor AND 1, L_0x55e6d9708460, L_0x55e6d96f43c0, C4<1>, C4<1>;
L_0x55e6d96e5870 .functor AND 1, L_0x55e6d9708610, L_0x55e6d96f4350, C4<1>, C4<1>;
L_0x55e6d9708900 .functor AND 1, L_0x55e6d9708860, L_0x55e6d96f02e0, C4<1>, C4<1>;
L_0x55e6d9708a60 .functor AND 1, L_0x55e6d97089c0, L_0x55e6d96f4270, C4<1>, C4<1>;
L_0x55e6d9708bc0 .functor AND 1, L_0x55e6d9708b20, L_0x55e6d96f3820, C4<1>, C4<1>;
L_0x55e6d9708d70 .functor AND 1, L_0x55e6d9708cd0, L_0x55e6d96f38e0, C4<1>, C4<1>;
L_0x55e6d9708ed0 .functor AND 1, L_0x55e6d9708e30, L_0x55e6d96f39a0, C4<1>, C4<1>;
L_0x55e6d96f0820 .functor AND 1, L_0x55e6d9708f90, L_0x55e6d96f3a60, C4<1>, C4<1>;
L_0x55e6d97092b0 .functor AND 1, L_0x55e6d9709210, L_0x55e6d96f5530, C4<1>, C4<1>;
L_0x55e6d9709410 .functor AND 1, L_0x55e6d9709370, L_0x55e6d96f55f0, C4<1>, C4<1>;
L_0x55e6d9709570 .functor AND 1, L_0x55e6d97094d0, L_0x55e6d96f56b0, C4<1>, C4<1>;
L_0x55e6d9709760 .functor AND 1, L_0x55e6d97096c0, L_0x55e6d96f41b0, C4<1>, C4<1>;
L_0x55e6d9709950 .functor AND 1, L_0x55e6d97098b0, L_0x55e6d96f3820, C4<1>, C4<1>;
L_0x55e6d9709ab0 .functor AND 1, L_0x55e6d9709a10, L_0x55e6d96f38e0, C4<1>, C4<1>;
L_0x55e6d9709c60 .functor AND 1, L_0x55e6d9709bc0, L_0x55e6d96f39a0, C4<1>, C4<1>;
L_0x55e6d970ae60 .functor AND 1, L_0x55e6d970adc0, L_0x55e6d96f3a60, C4<1>, C4<1>;
L_0x55e6d970bcb0 .functor AND 1, L_0x55e6d970bc10, L_0x55e6d96f5530, C4<1>, C4<1>;
L_0x55e6d970bdc0 .functor AND 1, L_0x55e6d970bd20, L_0x55e6d96f55f0, C4<1>, C4<1>;
L_0x55e6d970a1d0 .functor AND 1, L_0x55e6d970a130, L_0x55e6d96f56b0, C4<1>, C4<1>;
L_0x55e6d970a380 .functor AND 1, L_0x55e6d970a2e0, L_0x55e6d96f41b0, C4<1>, C4<1>;
L_0x55e6d970a530 .functor AND 1, L_0x55e6d970a490, L_0x55e6d96f3820, C4<1>, C4<1>;
L_0x55e6d970a6e0 .functor AND 1, L_0x55e6d970a640, L_0x55e6d96f38e0, C4<1>, C4<1>;
L_0x55e6d970a890 .functor AND 1, L_0x55e6d970a7f0, L_0x55e6d96f39a0, C4<1>, C4<1>;
L_0x55e6d970aa40 .functor AND 1, L_0x55e6d970a9a0, L_0x55e6d96f3a60, C4<1>, C4<1>;
L_0x55e6d970abf0 .functor AND 1, L_0x55e6d970ab50, L_0x55e6d96f5530, C4<1>, C4<1>;
L_0x55e6d970af70 .functor AND 1, L_0x55e6d970ad00, L_0x55e6d96f55f0, C4<1>, C4<1>;
L_0x55e6d970b120 .functor AND 1, L_0x55e6d970b080, L_0x55e6d96f56b0, C4<1>, C4<1>;
L_0x55e6d970b2d0 .functor AND 1, L_0x55e6d970b230, L_0x55e6d96f41b0, C4<1>, C4<1>;
L_0x55e6d970b480 .functor AND 1, L_0x55e6d970b3e0, L_0x55e6d96f3820, C4<1>, C4<1>;
L_0x55e6d970b630 .functor AND 1, L_0x55e6d970b590, L_0x55e6d96f38e0, C4<1>, C4<1>;
L_0x55e6d970b7e0 .functor AND 1, L_0x55e6d970b740, L_0x55e6d96f39a0, C4<1>, C4<1>;
L_0x55e6d970b990 .functor AND 1, L_0x55e6d970b8f0, L_0x55e6d96f3a60, C4<1>, C4<1>;
L_0x55e6d970bb40 .functor AND 1, L_0x55e6d970baa0, L_0x55e6d96f5530, C4<1>, C4<1>;
L_0x55e6d970cc90 .functor AND 1, L_0x55e6d970cbf0, L_0x55e6d96f55f0, C4<1>, C4<1>;
L_0x55e6d970db70 .functor AND 1, L_0x55e6d970dad0, L_0x55e6d96f56b0, C4<1>, C4<1>;
L_0x55e6d970dc80 .functor AND 1, L_0x55e6d970dbe0, L_0x55e6d96f41b0, C4<1>, C4<1>;
L_0x55e6d970dd90 .functor AND 1, L_0x55e6d970dcf0, L_0x55e6d96f3820, C4<1>, C4<1>;
L_0x55e6d970c080 .functor AND 1, L_0x55e6d970bfe0, L_0x55e6d96f38e0, C4<1>, C4<1>;
L_0x55e6d970c340 .functor AND 1, L_0x55e6d970c2a0, L_0x55e6d96f39a0, C4<1>, C4<1>;
L_0x55e6d970c600 .functor AND 1, L_0x55e6d970c560, L_0x55e6d96f3a60, C4<1>, C4<1>;
L_0x55e6d970c8c0 .functor AND 1, L_0x55e6d970c820, L_0x55e6d96f5530, C4<1>, C4<1>;
L_0x55e6d970cb80 .functor AND 1, L_0x55e6d970cae0, L_0x55e6d96f55f0, C4<1>, C4<1>;
L_0x55e6d970cfa0 .functor AND 1, L_0x55e6d970cf00, L_0x55e6d96f56b0, C4<1>, C4<1>;
L_0x55e6d970d260 .functor AND 1, L_0x55e6d970d1c0, L_0x55e6d96f41b0, C4<1>, C4<1>;
L_0x55e6d970d520 .functor AND 1, L_0x55e6d970d480, L_0x55e6d96f3820, C4<1>, C4<1>;
L_0x55e6d970d6d0 .functor AND 1, L_0x55e6d970d630, L_0x55e6d96f38e0, C4<1>, C4<1>;
L_0x55e6d970d880 .functor AND 1, L_0x55e6d970d7e0, L_0x55e6d96f39a0, C4<1>, C4<1>;
L_0x55e6d970da30 .functor AND 1, L_0x55e6d970d990, L_0x55e6d96f3a60, C4<1>, C4<1>;
L_0x55e6d970fa70 .functor AND 1, L_0x55e6d970f9d0, L_0x55e6d96f5530, C4<1>, C4<1>;
L_0x55e6d970fbd0 .functor AND 1, L_0x55e6d970fb30, L_0x55e6d96f55f0, C4<1>, C4<1>;
L_0x55e6d970fd80 .functor AND 1, L_0x55e6d970fce0, L_0x55e6d96f56b0, C4<1>, C4<1>;
L_0x55e6d970def0 .functor AND 1, L_0x55e6d970de50, L_0x55e6d96f41b0, C4<1>, C4<1>;
L_0x55e6d970e0a0 .functor AND 1, L_0x55e6d970e000, L_0x55e6d96f3820, C4<1>, C4<1>;
L_0x55e6d970e250 .functor AND 1, L_0x55e6d970e1b0, L_0x55e6d96f38e0, C4<1>, C4<1>;
L_0x55e6d970e400 .functor AND 1, L_0x55e6d970e360, L_0x55e6d96f39a0, C4<1>, C4<1>;
L_0x55e6d970e5b0 .functor AND 1, L_0x55e6d970e510, L_0x55e6d96f3a60, C4<1>, C4<1>;
L_0x55e6d970e760 .functor AND 1, L_0x55e6d970e6c0, L_0x55e6d96f5530, C4<1>, C4<1>;
L_0x55e6d970e910 .functor AND 1, L_0x55e6d970e870, L_0x55e6d96f55f0, C4<1>, C4<1>;
L_0x55e6d970eac0 .functor AND 1, L_0x55e6d970ea20, L_0x55e6d96f56b0, C4<1>, C4<1>;
L_0x55e6d970ecd0 .functor AND 1, L_0x55e6d970ec30, L_0x55e6d96f41b0, C4<1>, C4<1>;
L_0x55e6d970f090 .functor AND 1, L_0x55e6d970ede0, L_0x55e6d96f3820, C4<1>, C4<1>;
L_0x55e6d970f450 .functor AND 1, L_0x55e6d970f1a0, L_0x55e6d96f38e0, C4<1>, C4<1>;
L_0x55e6d970f810 .functor AND 1, L_0x55e6d970f560, L_0x55e6d96f39a0, C4<1>, C4<1>;
L_0x55e6d9710e60 .functor AND 1, L_0x55e6d970f920, L_0x55e6d96f3a60, C4<1>, C4<1>;
L_0x55e6d9710050 .functor AND 1, L_0x55e6d9711d90, L_0x55e6d96f5530, C4<1>, C4<1>;
L_0x55e6d97103c0 .functor AND 1, L_0x55e6d9710110, L_0x55e6d96f55f0, C4<1>, C4<1>;
L_0x55e6d97106e0 .functor AND 1, L_0x55e6d9711e30, L_0x55e6d96f56b0, C4<1>, C4<1>;
L_0x55e6d9707d90 .functor AND 1, L_0x55e6d97107f0, L_0x55e6d96f41b0, C4<1>, C4<1>;
L_0x55e6d9710b90 .functor AND 1, L_0x55e6d9710aa0, L_0x55e6d96f4430, C4<1>, C4<1>;
L_0x55e6d9711060 .functor AND 1, L_0x55e6d9710fc0, L_0x55e6d96f42e0, C4<1>, C4<1>;
L_0x55e6d9711350 .functor AND 1, L_0x55e6d9711260, L_0x55e6d96f4350, C4<1>, C4<1>;
L_0x55e6d9711500 .functor AND 1, L_0x55e6d9711460, L_0x55e6d96f4430, C4<1>, C4<1>;
L_0x55e6d97116b0 .functor AND 1, L_0x55e6d9711610, L_0x55e6d96f42e0, C4<1>, C4<1>;
L_0x55e6d9711950 .functor AND 1, L_0x55e6d97118b0, L_0x55e6d96f4350, C4<1>, C4<1>;
L_0x55e6d9711b00 .functor AND 1, L_0x55e6d9711a60, L_0x55e6d96f4430, C4<1>, C4<1>;
L_0x55e6d9711c60 .functor AND 1, L_0x55e6d9711bc0, L_0x55e6d96f42e0, C4<1>, C4<1>;
L_0x55e6d9712ee0 .functor AND 1, L_0x55e6d9712e40, L_0x55e6d96f4350, C4<1>, C4<1>;
L_0x55e6d9713040 .functor AND 1, L_0x55e6d9712fa0, L_0x55e6d96f4430, C4<1>, C4<1>;
L_0x55e6d9714080 .functor AND 1, L_0x55e6d9713fe0, L_0x55e6d96f42e0, C4<1>, C4<1>;
L_0x55e6d9712060 .functor AND 1, L_0x55e6d9711fc0, L_0x55e6d96f4350, C4<1>, C4<1>;
L_0x55e6d96caca0 .functor NOT 1, v0x55e6d964b790_0, C4<0>, C4<0>, C4<0>;
L_0x55e6d9712170 .functor NOT 1, L_0x55e6d96c4410, C4<0>, C4<0>, C4<0>;
L_0x55e6d9712230 .functor NOT 1, L_0x55e6d96c43a0, C4<0>, C4<0>, C4<0>;
L_0x55e6d97122f0 .functor NOT 1, v0x55e6d9643c60_0, C4<0>, C4<0>, C4<0>;
L_0x55e6d972a190 .functor BUFZ 1, L_0x55e6d96dbaf0, C4<0>, C4<0>, C4<0>;
L_0x55e6d972a390 .functor BUFZ 1, L_0x55e6d96dbaf0, C4<0>, C4<0>, C4<0>;
L_0x55e6d972a4f0 .functor BUFZ 1, L_0x55e6d96f1ee0, C4<0>, C4<0>, C4<0>;
L_0x55e6d97160d0 .functor BUFZ 1, L_0x55e6d96c30d0, C4<0>, C4<0>, C4<0>;
v0x55e6d9667760_0 .net "Add2_in", 7 0, v0x55e6d96c0a70_0;  1 drivers
v0x55e6d96669b0_0 .net "Add_SPI", 7 0, L_0x55e6d972d740;  1 drivers
v0x55e6d9665c00_0 .var "Add_SPI_reg[0]", 0 0;
v0x55e6d9665ca0_0 .var "Add_SPI_reg[1]", 0 0;
v0x55e6d9664e50_0 .var "Add_SPI_reg[2]", 0 0;
v0x55e6d9664ef0_0 .var "Add_SPI_reg[3]", 0 0;
v0x55e6d96640a0_0 .var "Add_SPI_reg[4]", 0 0;
v0x55e6d96632f0_0 .var "Add_SPI_reg[5]", 0 0;
v0x55e6d9662540_0 .var "Add_SPI_reg[6]", 0 0;
v0x55e6d9661790_0 .var "BitCnt", 3 0;
v0x55e6d96609e0_0 .net "CPHA", 0 0, v0x55e6d96c0bf0_0;  1 drivers
v0x55e6d965fc30_0 .var "CPHA_delay0", 0 0;
v0x55e6d965ee80_0 .var "CPHA_latched", 0 0;
v0x55e6d965e0d0_0 .var "CPHA_metastable", 0 0;
v0x55e6d965d320_0 .net "CPOL", 0 0, v0x55e6d96c0cc0_0;  1 drivers
v0x55e6d965c570_0 .var "CPOL_delay0", 0 0;
v0x55e6d965b7c0_0 .var "CPOL_latched", 0 0;
v0x55e6d965aa10_0 .var "CPOL_metastable", 0 0;
v0x55e6d9659c60_0 .net "Clk", 0 0, v0x55e6d96c0b50_0;  1 drivers
v0x55e6d9658eb0_0 .var "Data2_out", 7 0;
v0x55e6d9658100_0 .var "DataToSend", 7 0;
v0x55e6d9657350_0 .var "Data_fromSPI", 7 0;
v0x55e6d96565a0_0 .var "Data_toSPI", 7 0;
v0x55e6d96557f0_0 .net "DriveEdge", 0 0, L_0x55e6d9701090;  1 drivers
v0x55e6d9654a40_0 .net "LeadingEdge", 0 0, L_0x55e6d96c45e0;  1 drivers
v0x55e6d9654070_0 .var "MISO", 0 0;
v0x55e6d96532c0_0 .net "MOSI", 0 0, v0x55e6d96c1110_0;  1 drivers
v0x55e6d9652510_0 .var "MOSI_delay0", 0 0;
v0x55e6d9651760_0 .var "MOSI_metastable", 0 0;
v0x55e6d96509b0_0 .var "ReceivedByte", 7 0;
v0x55e6d964fc00_0 .var "Register0", 7 0;
v0x55e6d964ee50_0 .var "Register1", 7 0;
v0x55e6d964e0a0_0 .var "Register2", 7 0;
v0x55e6d964e140_0 .var "Register3", 7 0;
v0x55e6d92a47b0_0 .var "Register4", 7 0;
v0x55e6d92a48b0_0 .var "Register5", 7 0;
v0x55e6d964d2f0_0 .var "Register6", 7 0;
v0x55e6d964c540_0 .var "Register7", 7 0;
v0x55e6d964b790_0 .var "RnW", 0 0;
v0x55e6d964a9e0_0 .net "SCK", 0 0, v0x55e6d96c13f0_0;  1 drivers
v0x55e6d9649c30_0 .var "SCK_delay0", 0 0;
v0x55e6d9648e80_0 .var "SCK_delay1", 0 0;
v0x55e6d96480d0_0 .var "SCK_metastable", 0 0;
v0x55e6d9647320_0 .net "SCK_norm0", 0 0, L_0x55e6d96c43a0;  1 drivers
v0x55e6d9646570_0 .net "SCK_norm1", 0 0, L_0x55e6d96c4410;  1 drivers
v0x55e6d96457c0_0 .var "SPI_State", 2 0;
v0x55e6d9644a10_0 .net "SSEL", 0 0, v0x55e6d96c14c0_0;  1 drivers
v0x55e6d9643c60_0 .var "SSEL_delay0", 0 0;
v0x55e6d9642eb0_0 .var "SSEL_delay1", 0 0;
v0x55e6d9642100_0 .var "SSEL_metastable", 0 0;
v0x55e6d9641350_0 .net "SampleEdge", 0 0, L_0x55e6d9700f50;  1 drivers
v0x55e6d96405a0_0 .net "TrailingEdge", 0 0, L_0x55e6d96c46a0;  1 drivers
v0x55e6d963f7f0_0 .var "WrEn", 0 0;
v0x55e6d963ea40_0 .net "_0000_", 3 0, L_0x55e6d9714d70;  1 drivers
v0x55e6d963dc90_0 .net "_0001_", 7 0, L_0x55e6d9712c20;  1 drivers
v0x55e6d963cee0_0 .net "_0002_", 7 0, L_0x55e6d96f9f40;  1 drivers
v0x55e6d963c130_0 .net "_0003_", 7 0, L_0x55e6d96fc200;  1 drivers
v0x55e6d963b380_0 .net "_0004_", 2 0, L_0x55e6d97137e0;  1 drivers
v0x55e6d963a5d0_0 .net "_0005_", 0 0, L_0x55e6d96f4810;  1 drivers
v0x55e6d9639820_0 .net "_0006_", 7 0, L_0x55e6d972df60;  1 drivers
v0x55e6d9637cc0_0 .net "_0007_", 0 0, L_0x55e6d96f02e0;  1 drivers
v0x55e6d9636f10_0 .net "_0008_", 0 0, L_0x55e6d96dc1b0;  1 drivers
v0x55e6d9636160_0 .net "_0009_", 0 0, L_0x55e6d96dc0b0;  1 drivers
v0x55e6d96353b0_0 .net "_0010_", 0 0, L_0x55e6d96db1a0;  1 drivers
v0x55e6d9634600_0 .net "_0011_", 0 0, L_0x55e6d96c20b0;  1 drivers
v0x55e6d96346a0_0 .net "_0012_", 0 0, L_0x55e6d96da840;  1 drivers
v0x55e6d9633850_0 .net "_0013_", 0 0, L_0x55e6d96da640;  1 drivers
v0x55e6d9632aa0_0 .net "_0014_", 0 0, L_0x55e6d96f4270;  1 drivers
v0x55e6d9631cf0_0 .net "_0015_", 0 0, L_0x55e6d96d02f0;  1 drivers
v0x55e6d96311a0_0 .net "_0016_", 0 0, L_0x55e6d96d0b90;  1 drivers
v0x55e6d9630650_0 .net "_0017_", 0 0, L_0x55e6d96f1ee0;  1 drivers
v0x55e6d962fb00_0 .net "_0018_", 0 0, L_0x55e6d96d1420;  1 drivers
v0x55e6d962efb0_0 .net "_0019_", 0 0, L_0x55e6d96cfae0;  1 drivers
v0x55e6d962e460_0 .net "_0020_", 0 0, L_0x55e6d96f42e0;  1 drivers
v0x55e6d962d910_0 .net "_0021_", 0 0, L_0x55e6d96f4350;  1 drivers
v0x55e6d962cdc0_0 .net "_0022_", 0 0, L_0x55e6d96f43c0;  1 drivers
v0x55e6d962c010_0 .net "_0023_", 0 0, L_0x55e6d96f4430;  1 drivers
v0x55e6d962b260_0 .net "_0024_", 0 0, L_0x55e6d96dbaf0;  1 drivers
v0x55e6d962a4b0_0 .net "_0025_", 0 0, L_0x55e6d96d2eb0;  1 drivers
v0x55e6d9629700_0 .net "_0026_", 0 0, L_0x55e6d96d18a0;  1 drivers
v0x55e6d9628950_0 .net "_0027_", 0 0, L_0x55e6d96db6a0;  1 drivers
v0x55e6d9627ba0_0 .net "_0028_", 0 0, L_0x55e6d96db630;  1 drivers
v0x55e6d9626df0_0 .net "_0029_", 0 0, L_0x55e6d96d96e0;  1 drivers
v0x55e6d9626040_0 .net "_0030_", 0 0, L_0x55e6d96d90c0;  1 drivers
v0x55e6d9625290_0 .net "_0031_", 0 0, L_0x55e6d96d8b90;  1 drivers
v0x55e6d96244e0_0 .net "_0032_", 0 0, L_0x55e6d96d7b30;  1 drivers
v0x55e6d9623730_0 .net "_0033_", 0 0, L_0x55e6d96d6d60;  1 drivers
v0x55e6d9622980_0 .net "_0034_", 0 0, L_0x55e6d96d6320;  1 drivers
v0x55e6d9621bd0_0 .net "_0035_", 0 0, L_0x55e6d96d5040;  1 drivers
v0x55e6d9620e20_0 .net "_0036_", 0 0, L_0x55e6d96d40d0;  1 drivers
v0x55e6d9620070_0 .net "_0037_", 0 0, L_0x55e6d96d3d10;  1 drivers
v0x55e6d961f2c0_0 .net "_0038_", 0 0, L_0x55e6d96d3c40;  1 drivers
v0x55e6d961e510_0 .net "_0039_", 0 0, L_0x55e6d96d3890;  1 drivers
v0x55e6d961d760_0 .net "_0040_", 0 0, L_0x55e6d96d37c0;  1 drivers
v0x55e6d961c9b0_0 .net "_0041_", 0 0, L_0x55e6d96d3400;  1 drivers
v0x55e6d961c070_0 .net "_0042_", 0 0, L_0x55e6d96d3390;  1 drivers
v0x55e6d961b730_0 .net "_0043_", 0 0, L_0x55e6d96d3010;  1 drivers
v0x55e6d961adf0_0 .net "_0044_", 0 0, L_0x55e6d96d2790;  1 drivers
v0x55e6d961a4b0_0 .net "_0045_", 0 0, L_0x55e6d96d17e0;  1 drivers
v0x55e6d9619b70_0 .net "_0046_", 0 0, L_0x55e6d96caca0;  1 drivers
v0x55e6d9619230_0 .net "_0047_", 0 0, L_0x55e6d96c2010;  1 drivers
v0x55e6d96188f0_0 .net "_0048_", 0 0, L_0x55e6d96c1d30;  1 drivers
v0x55e6d9617fb0_0 .net "_0049_", 0 0, L_0x55e6d96c22a0;  1 drivers
v0x55e6d9617670_0 .net "_0050_", 0 0, L_0x55e6d96c24f0;  1 drivers
v0x55e6d9616d30_0 .net "_0051_", 0 0, L_0x55e6d96c2910;  1 drivers
v0x55e6d96163f0_0 .net "_0052_", 0 0, L_0x55e6d96c2710;  1 drivers
v0x55e6d9615ab0_0 .net "_0053_", 0 0, L_0x55e6d96c2b10;  1 drivers
v0x55e6d9615170_0 .net "_0054_", 0 0, L_0x55e6d96c2cd0;  1 drivers
v0x55e6d9614450_0 .net "_0055_", 0 0, L_0x55e6d96c2e30;  1 drivers
v0x55e6d9613870_0 .net "_0056_", 0 0, L_0x55e6d96c3030;  1 drivers
v0x55e6d9612c90_0 .net "_0057_", 0 0, L_0x55e6d96c30d0;  1 drivers
v0x55e6d94c98c0_0 .net "_0058_", 0 0, L_0x55e6d96c3240;  1 drivers
v0x55e6d94aca00_0 .net "_0059_", 3 0, L_0x55e6d96e7bb0;  1 drivers
v0x55e6d94acae0_0 .net "_0060_", 1 0, L_0x55e6d96e70c0;  1 drivers
v0x55e6d95054b0_0 .net "_0061_", 3 0, L_0x55e6d97293a0;  1 drivers
v0x55e6d9505570_0 .net "_0062_", 1 0, L_0x55e6d972a840;  1 drivers
v0x55e6d94ac160_0 .net "_0063_", 3 0, L_0x55e6d9718df0;  1 drivers
v0x55e6d94ac240_0 .net "_0064_", 1 0, L_0x55e6d9718bc0;  1 drivers
v0x55e6d9501480_0 .net "_0065_", 3 0, L_0x55e6d9718760;  1 drivers
v0x55e6d9501540_0 .net "_0066_", 1 0, L_0x55e6d9718530;  1 drivers
v0x55e6d94ab890_0 .net "_0067_", 1 0, L_0x55e6d9717db0;  1 drivers
v0x55e6d94ab970_0 .net "_0068_", 1 0, L_0x55e6d9717530;  1 drivers
v0x55e6d94fd450_0 .net "_0069_", 2 0, L_0x55e6d96cbb80;  1 drivers
v0x55e6d94fd510_0 .net "_0070_", 1 0, L_0x55e6d96cc6e0;  1 drivers
v0x55e6d94aaff0_0 .net "_0071_", 2 0, L_0x55e6d9718fd0;  1 drivers
v0x55e6d94ab0d0_0 .net "_0072_", 1 0, L_0x55e6d9718990;  1 drivers
v0x55e6d94f9420_0 .net "_0073_", 2 0, L_0x55e6d9717fe0;  1 drivers
v0x55e6d94f94e0_0 .net "_0074_", 1 0, L_0x55e6d9717b80;  1 drivers
v0x55e6d94aa750_0 .net "_0075_", 2 0, L_0x55e6d9717350;  1 drivers
v0x55e6d94aa7f0_0 .net "_0076_", 1 0, L_0x55e6d9716cc0;  1 drivers
v0x55e6d94f53f0_0 .net "_0077_", 2 0, L_0x55e6d9715a40;  1 drivers
v0x55e6d94f54d0_0 .net "_0078_", 1 0, L_0x55e6d97155e0;  1 drivers
v0x55e6d94a9eb0_0 .net "_0079_", 1 0, L_0x55e6d9729c10;  1 drivers
v0x55e6d94a9f90_0 .net "_0080_", 1 0, L_0x55e6d9729580;  1 drivers
v0x55e6d94f13c0_0 .net "_0081_", 0 0, L_0x55e6d96f1d30;  1 drivers
v0x55e6d94f1460_0 .net "_0082_", 0 0, L_0x55e6d96d0160;  1 drivers
v0x55e6d94a96a0_0 .net "_0083_", 0 0, L_0x55e6d96d09e0;  1 drivers
v0x55e6d94a9760_0 .net "_0084_", 0 0, L_0x55e6d96d0f10;  1 drivers
v0x55e6d94ed440_0 .net "_0085_", 1 0, L_0x55e6d96d1ce0;  1 drivers
v0x55e6d94ed520_0 .net "_0086_", 0 0, L_0x55e6d96d2650;  1 drivers
v0x55e6d94eb730_0 .net "_0087_", 0 0, L_0x55e6d96d9560;  1 drivers
v0x55e6d94eb7f0_0 .net "_0088_", 1 0, L_0x55e6d96d4570;  1 drivers
v0x55e6d94a8e90_0 .net "_0089_", 0 0, L_0x55e6d96d4c20;  1 drivers
v0x55e6d94a8f50_0 .net "_0090_", 1 0, L_0x55e6d96d54e0;  1 drivers
v0x55e6d94e90f0_0 .net "_0091_", 0 0, L_0x55e6d96d5ee0;  1 drivers
v0x55e6d94e91b0_0 .net "_0092_", 1 0, L_0x55e6d96d7c80;  1 drivers
v0x55e6d94e8cf0_0 .net "_0093_", 0 0, L_0x55e6d96d6c50;  1 drivers
v0x55e6d94e8db0_0 .net "_0094_", 1 0, L_0x55e6d9715810;  1 drivers
v0x55e6d94e7e80_0 .net "_0095_", 0 0, L_0x55e6d96d76e0;  1 drivers
v0x55e6d94e7f40_0 .net "_0096_", 1 0, L_0x55e6d972a5b0;  1 drivers
v0x55e6d94e79f0_0 .net "_0097_", 0 0, L_0x55e6d96d8700;  1 drivers
v0x55e6d94e7ab0_0 .net "_0098_", 1 0, L_0x55e6d96f0680;  1 drivers
v0x55e6d94e7590_0 .net "_0099_", 0 0, L_0x55e6d96da180;  1 drivers
v0x55e6d94e7650_0 .net "_0100_", 1 0, L_0x55e6d972a250;  1 drivers
v0x55e6d94e7130_0 .net "_0101_", 1 0, L_0x55e6d96dcd00;  1 drivers
v0x55e6d94e7210_0 .net "_0102_", 1 0, L_0x55e6d97297b0;  1 drivers
v0x55e6d94e6d30_0 .net "_0103_", 3 0, L_0x55e6d96de630;  1 drivers
v0x55e6d94e6e10_0 .net "_0104_", 1 0, L_0x55e6d96df040;  1 drivers
v0x55e6d94e6430_0 .net "_0105_", 0 0, L_0x55e6d96e0490;  1 drivers
v0x55e6d94e64d0_0 .net "_0106_", 3 0, L_0x55e6d96dffa0;  1 drivers
v0x55e6d94a8680_0 .net "_0107_", 1 0, L_0x55e6d96e0df0;  1 drivers
v0x55e6d94a8760_0 .net "_0108_", 0 0, L_0x55e6d96e0b00;  1 drivers
v0x55e6d94e5b60_0 .net "_0109_", 3 0, L_0x55e6d96e11b0;  1 drivers
v0x55e6d94e5c40_0 .net "_0110_", 1 0, L_0x55e6d96e1ca0;  1 drivers
v0x55e6d94e5730_0 .net "_0111_", 0 0, L_0x55e6d96e1880;  1 drivers
v0x55e6d94e57f0_0 .net "_0112_", 3 0, L_0x55e6d96e20b0;  1 drivers
v0x55e6d94e4390_0 .net "_0113_", 1 0, L_0x55e6d96e2bc0;  1 drivers
v0x55e6d94e4470_0 .net "_0114_", 0 0, L_0x55e6d96e2680;  1 drivers
v0x55e6d94e3f00_0 .net "_0115_", 3 0, L_0x55e6d96e29d0;  1 drivers
v0x55e6d94e3fe0_0 .net "_0116_", 1 0, L_0x55e6d96e3400;  1 drivers
v0x55e6d94e3ad0_0 .net "_0117_", 0 0, L_0x55e6d96e3a40;  1 drivers
v0x55e6d94e3b70_0 .net "_0118_", 3 0, L_0x55e6d96e43a0;  1 drivers
v0x55e6d94e31a0_0 .net "_0119_", 1 0, L_0x55e6d96e3ef0;  1 drivers
v0x55e6d94e3280_0 .net "_0120_", 0 0, L_0x55e6d96e4680;  1 drivers
v0x55e6d94e2d70_0 .net "_0121_", 3 0, L_0x55e6d96e49d0;  1 drivers
v0x55e6d94e2e50_0 .net "_0122_", 1 0, L_0x55e6d96e50c0;  1 drivers
v0x55e6d94e1570_0 .net "_0123_", 0 0, L_0x55e6d96e5680;  1 drivers
v0x55e6d94e1630_0 .net "_0124_", 3 0, L_0x55e6d96e60f0;  1 drivers
v0x55e6d94e1140_0 .net "_0125_", 1 0, L_0x55e6d96e5b80;  1 drivers
v0x55e6d94e1220_0 .net "_0126_", 0 0, L_0x55e6d96e63a0;  1 drivers
v0x55e6d94dfda0_0 .net "_0127_", 1 0, L_0x55e6d9717120;  1 drivers
v0x55e6d94dfe80_0 .net "_0128_", 0 0, L_0x55e6d96e8250;  1 drivers
v0x55e6d94df970_0 .net "_0129_", 1 0, L_0x55e6d9716ef0;  1 drivers
v0x55e6d94dfa50_0 .net "_0130_", 0 0, L_0x55e6d96e8400;  1 drivers
v0x55e6d94de5d0_0 .net "_0131_", 1 0, L_0x55e6d96e8920;  1 drivers
v0x55e6d94de6b0_0 .net "_0132_", 0 0, L_0x55e6d96e87a0;  1 drivers
v0x55e6d94de1a0_0 .net "_0133_", 1 0, L_0x55e6d97167c0;  1 drivers
v0x55e6d94de280_0 .net "_0134_", 0 0, L_0x55e6d96e7610;  1 drivers
v0x55e6d94dc970_0 .net "_0135_", 1 0, L_0x55e6d96e7790;  1 drivers
v0x55e6d94dca50_0 .net "_0136_", 0 0, L_0x55e6d96e9320;  1 drivers
v0x55e6d94dc540_0 .net "_0137_", 3 0, L_0x55e6d96e8b30;  1 drivers
v0x55e6d94dc620_0 .net "_0138_", 1 0, L_0x55e6d96e90c0;  1 drivers
v0x55e6d94dacb0_0 .net "_0139_", 0 0, L_0x55e6d96ea1d0;  1 drivers
v0x55e6d94dad50_0 .net "_0140_", 3 0, L_0x55e6d96e9840;  1 drivers
v0x55e6d94da850_0 .net "_0141_", 1 0, L_0x55e6d96e9d30;  1 drivers
v0x55e6d94da930_0 .net "_0142_", 0 0, L_0x55e6d96eaee0;  1 drivers
v0x55e6d94da3f0_0 .net "_0143_", 3 0, L_0x55e6d96eb140;  1 drivers
v0x55e6d94da4d0_0 .net "_0144_", 1 0, L_0x55e6d96ea460;  1 drivers
v0x55e6d94d9f90_0 .net "_0145_", 0 0, L_0x55e6d96ebc50;  1 drivers
v0x55e6d94da050_0 .net "_0146_", 3 0, L_0x55e6d96ebeb0;  1 drivers
v0x55e6d94d9b30_0 .net "_0147_", 1 0, L_0x55e6d96eb830;  1 drivers
v0x55e6d94d9c10_0 .net "_0148_", 0 0, L_0x55e6d96ec1b0;  1 drivers
v0x55e6d94d96d0_0 .net "_0149_", 3 0, L_0x55e6d96ec410;  1 drivers
v0x55e6d94d97b0_0 .net "_0150_", 1 0, L_0x55e6d96ed100;  1 drivers
v0x55e6d94d9240_0 .net "_0151_", 0 0, L_0x55e6d96ed610;  1 drivers
v0x55e6d94d92e0_0 .net "_0152_", 3 0, L_0x55e6d96ed8d0;  1 drivers
v0x55e6d94d8e10_0 .net "_0153_", 1 0, L_0x55e6d96ec5d0;  1 drivers
v0x55e6d94d8ef0_0 .net "_0154_", 0 0, L_0x55e6d96ecb30;  1 drivers
v0x55e6d94d8a10_0 .net "_0155_", 3 0, L_0x55e6d96ee690;  1 drivers
v0x55e6d94d8af0_0 .net "_0156_", 1 0, L_0x55e6d96eebe0;  1 drivers
v0x55e6d94d80b0_0 .net "_0157_", 0 0, L_0x55e6d96edec0;  1 drivers
v0x55e6d94d8170_0 .net "_0158_", 3 0, L_0x55e6d96ee150;  1 drivers
v0x55e6d94d7c80_0 .net "_0159_", 1 0, L_0x55e6d96efa50;  1 drivers
v0x55e6d94d7d60_0 .net "_0160_", 0 0, L_0x55e6d96ef230;  1 drivers
v0x55e6d94d63c0_0 .net "_0161_", 3 0, L_0x55e6d96ef420;  1 drivers
v0x55e6d94d64a0_0 .net "_0162_", 1 0, L_0x55e6d96efc70;  1 drivers
v0x55e6d94d5f60_0 .net "_0163_", 0 0, L_0x55e6d96f01d0;  1 drivers
v0x55e6d94d6000_0 .net "_0164_", 0 0, L_0x55e6d96f0950;  1 drivers
v0x55e6d94d5b30_0 .net "_0165_", 1 0, L_0x55e6d9711170;  1 drivers
v0x55e6d94d5c10_0 .net "_0166_", 0 0, L_0x55e6d96f0b70;  1 drivers
v0x55e6d94d5230_0 .net "_0167_", 1 0, L_0x55e6d97117c0;  1 drivers
v0x55e6d94d5310_0 .net "_0168_", 0 0, L_0x55e6d96f1790;  1 drivers
v0x55e6d94d4e00_0 .net "_0169_", 1 0, L_0x55e6d9712d50;  1 drivers
v0x55e6d94d4ee0_0 .net "_0170_", 0 0, L_0x55e6d96f1a50;  1 drivers
v0x55e6d94d4500_0 .net "_0171_", 1 0, L_0x55e6d9711ed0;  1 drivers
v0x55e6d94d45e0_0 .net "_0172_", 0 0, L_0x55e6d96f1130;  1 drivers
v0x55e6d94d3c00_0 .net "_0173_", 1 0, L_0x55e6d9717760;  1 drivers
v0x55e6d94d3ce0_0 .net "_0174_", 0 0, L_0x55e6d96f1720;  1 drivers
v0x55e6d94d3300_0 .net "_0175_", 1 0, L_0x55e6d972a050;  1 drivers
v0x55e6d94d33e0_0 .net "_0176_", 0 0, L_0x55e6d96f3090;  1 drivers
v0x55e6d94d29d0_0 .net "_0177_", 0 0, L_0x55e6d96f3100;  1 drivers
v0x55e6d94d2a90_0 .net "_0178_", 1 0, L_0x55e6d97299e0;  1 drivers
v0x55e6d94d25a0_0 .net "_0179_", 0 0, L_0x55e6d96f2710;  1 drivers
v0x55e6d94d2660_0 .net "_0180_", 3 0, L_0x55e6d96f29b0;  1 drivers
v0x55e6d94cfe50_0 .net "_0181_", 1 0, L_0x55e6d96f2f00;  1 drivers
v0x55e6d94cff30_0 .net "_0182_", 0 0, L_0x55e6d96f3f90;  1 drivers
v0x55e6d94cc7f0_0 .net "_0183_", 1 0, L_0x55e6d9715fe0;  1 drivers
v0x55e6d94cc8d0_0 .net "_0184_", 1 0, L_0x55e6d972a450;  1 drivers
v0x55e6d95ec900_0 .net "_0185_", 0 0, L_0x55e6d96c4ed0;  1 drivers
v0x55e6d95ec9a0_0 .net "_0186_", 0 0, L_0x55e6d96c56a0;  1 drivers
v0x55e6d95ec560_0 .net "_0187_", 0 0, L_0x55e6d96c6210;  1 drivers
v0x55e6d95ec620_0 .net "_0188_", 0 0, L_0x55e6d96c6700;  1 drivers
v0x55e6d95ec1c0_0 .net "_0189_", 0 0, L_0x55e6d96c7730;  1 drivers
v0x55e6d95ec280_0 .net "_0190_", 0 0, L_0x55e6d96c8460;  1 drivers
v0x55e6d95eb0a0_0 .net "_0191_", 0 0, L_0x55e6d96c9290;  1 drivers
v0x55e6d95eb160_0 .net "_0192_", 0 0, L_0x55e6d96ca170;  1 drivers
v0x55e6d95ea7d0_0 .net "_0193_", 0 0, L_0x55e6d96cad30;  1 drivers
v0x55e6d95ea890_0 .net "_0194_", 0 0, L_0x55e6d96cb850;  1 drivers
v0x55e6d95e95a0_0 .net "_0195_", 0 0, L_0x55e6d96cd060;  1 drivers
v0x55e6d95e9660_0 .net "_0196_", 0 0, L_0x55e6d96ce8e0;  1 drivers
v0x55e6d95e8cd0_0 .net "_0197_", 0 0, L_0x55e6d96cf9a0;  1 drivers
v0x55e6d95e8d90_0 .net "_0198_", 0 0, L_0x55e6d96ddd20;  1 drivers
v0x55e6d95e7aa0_0 .net "_0199_", 0 0, L_0x55e6d96deec0;  1 drivers
v0x55e6d95e7b60_0 .net "_0200_", 0 0, L_0x55e6d9701220;  1 drivers
v0x55e6d95e71d0_0 .net "_0201_", 0 0, L_0x55e6d97013d0;  1 drivers
v0x55e6d95e7290_0 .net "_0202_", 0 0, L_0x55e6d9701580;  1 drivers
v0x55e6d95e5fa0_0 .net "_0203_", 0 0, L_0x55e6d9701730;  1 drivers
v0x55e6d95e6040_0 .net "_0204_", 0 0, L_0x55e6d96f62c0;  1 drivers
v0x55e6d95e56d0_0 .net "_0205_", 0 0, L_0x55e6d96f6470;  1 drivers
v0x55e6d95e5790_0 .net "_0206_", 0 0, L_0x55e6d96f6620;  1 drivers
v0x55e6d95e4e00_0 .net "_0207_", 0 0, L_0x55e6d96f67d0;  1 drivers
v0x55e6d95e4ec0_0 .net "_0208_", 0 0, L_0x55e6d96f69d0;  1 drivers
v0x55e6d95e4530_0 .net "_0209_", 0 0, L_0x55e6d9702380;  1 drivers
v0x55e6d95e45f0_0 .net "_0210_", 0 0, L_0x55e6d9702f30;  1 drivers
v0x55e6d95e3c60_0 .net "_0211_", 0 0, L_0x55e6d9703170;  1 drivers
v0x55e6d95e3d20_0 .net "_0212_", 0 0, L_0x55e6d9703280;  1 drivers
v0x55e6d95e3390_0 .net "_0213_", 0 0, L_0x55e6d9701c40;  1 drivers
v0x55e6d95e3450_0 .net "_0214_", 0 0, L_0x55e6d9701e80;  1 drivers
v0x55e6d95e2ac0_0 .net "_0215_", 0 0, L_0x55e6d97020c0;  1 drivers
v0x55e6d95e2b80_0 .net "_0216_", 0 0, L_0x55e6d9702300;  1 drivers
v0x55e6d95e21f0_0 .net "_0217_", 0 0, L_0x55e6d97024e0;  1 drivers
v0x55e6d95e22b0_0 .net "_0218_", 0 0, L_0x55e6d9702690;  1 drivers
v0x55e6d95e1920_0 .net "_0219_", 0 0, L_0x55e6d9702840;  1 drivers
v0x55e6d95e19e0_0 .net "_0220_", 0 0, L_0x55e6d97029f0;  1 drivers
v0x55e6d95e1050_0 .net "_0221_", 0 0, L_0x55e6d9702ba0;  1 drivers
v0x55e6d95e1110_0 .net "_0222_", 0 0, L_0x55e6d9702d50;  1 drivers
v0x55e6d95e0780_0 .net "_0223_", 0 0, L_0x55e6d9703e40;  1 drivers
v0x55e6d95e0840_0 .net "_0224_", 0 0, L_0x55e6d9704ab0;  1 drivers
v0x55e6d95dfeb0_0 .net "_0225_", 0 0, L_0x55e6d9704bc0;  1 drivers
v0x55e6d95dff70_0 .net "_0226_", 0 0, L_0x55e6d9703380;  1 drivers
v0x55e6d95df5e0_0 .net "_0227_", 0 0, L_0x55e6d9703570;  1 drivers
v0x55e6d95df6a0_0 .net "_0228_", 0 0, L_0x55e6d9703760;  1 drivers
v0x55e6d95ded10_0 .net "_0229_", 0 0, L_0x55e6d9703950;  1 drivers
v0x55e6d95dedd0_0 .net "_0230_", 0 0, L_0x55e6d9703b40;  1 drivers
v0x55e6d95de440_0 .net "_0231_", 0 0, L_0x55e6d9703d30;  1 drivers
v0x55e6d95de500_0 .net "_0232_", 0 0, L_0x55e6d9703ff0;  1 drivers
v0x55e6d95ddb70_0 .net "_0233_", 0 0, L_0x55e6d97041a0;  1 drivers
v0x55e6d95ddc30_0 .net "_0234_", 0 0, L_0x55e6d9704350;  1 drivers
v0x55e6d95dd2a0_0 .net "_0235_", 0 0, L_0x55e6d9704500;  1 drivers
v0x55e6d95dd360_0 .net "_0236_", 0 0, L_0x55e6d97046b0;  1 drivers
v0x55e6d95dc9d0_0 .net "_0237_", 0 0, L_0x55e6d9704860;  1 drivers
v0x55e6d95dca90_0 .net "_0238_", 0 0, L_0x55e6d9705850;  1 drivers
v0x55e6d95dc100_0 .net "_0239_", 0 0, L_0x55e6d9705a00;  1 drivers
v0x55e6d95dc1c0_0 .net "_0240_", 0 0, L_0x55e6d97066f0;  1 drivers
v0x55e6d95db830_0 .net "_0241_", 0 0, L_0x55e6d9706800;  1 drivers
v0x55e6d95db8f0_0 .net "_0242_", 0 0, L_0x55e6d9705120;  1 drivers
v0x55e6d95daf60_0 .net "_0243_", 0 0, L_0x55e6d96e2940;  1 drivers
v0x55e6d95db020_0 .net "_0244_", 0 0, L_0x55e6d9705590;  1 drivers
v0x55e6d95da690_0 .net "_0245_", 0 0, L_0x55e6d96e2020;  1 drivers
v0x55e6d95da750_0 .net "_0246_", 0 0, L_0x55e6d9705d10;  1 drivers
v0x55e6d95d9dc0_0 .net "_0247_", 0 0, L_0x55e6d9705fd0;  1 drivers
v0x55e6d95d9e80_0 .net "_0248_", 0 0, L_0x55e6d9706290;  1 drivers
v0x55e6d95d94f0_0 .net "_0249_", 0 0, L_0x55e6d9706440;  1 drivers
v0x55e6d95d95b0_0 .net "_0250_", 0 0, L_0x55e6d97021d0;  1 drivers
v0x55e6d94c31f0_0 .net "_0251_", 0 0, L_0x55e6d97074f0;  1 drivers
v0x55e6d94c32b0_0 .net "_0252_", 0 0, L_0x55e6d9708240;  1 drivers
v0x55e6d95d8c20_0 .net "_0253_", 0 0, L_0x55e6d97083a0;  1 drivers
v0x55e6d95d8ce0_0 .net "_0254_", 0 0, L_0x55e6d9706910;  1 drivers
v0x55e6d95d8350_0 .net "_0255_", 0 0, L_0x55e6d96e4210;  1 drivers
v0x55e6d95d8410_0 .net "_0256_", 0 0, L_0x55e6d96e1120;  1 drivers
v0x55e6d95d7a80_0 .net "_0257_", 0 0, L_0x55e6d96e0780;  1 drivers
v0x55e6d95d7b40_0 .net "_0258_", 0 0, L_0x55e6d97032f0;  1 drivers
v0x55e6d95d71b0_0 .net "_0259_", 0 0, L_0x55e6d97034e0;  1 drivers
v0x55e6d95d7270_0 .net "_0260_", 0 0, L_0x55e6d97036d0;  1 drivers
v0x55e6d95d68e0_0 .net "_0261_", 0 0, L_0x55e6d97038c0;  1 drivers
v0x55e6d95d69a0_0 .net "_0262_", 0 0, L_0x55e6d9703ab0;  1 drivers
v0x55e6d95d6010_0 .net "_0263_", 0 0, L_0x55e6d9703ca0;  1 drivers
v0x55e6d95d60d0_0 .net "_0264_", 0 0, L_0x55e6d9707fe0;  1 drivers
v0x55e6d95d5740_0 .net "_0265_", 0 0, L_0x55e6d97090b0;  1 drivers
v0x55e6d95d5800_0 .net "_0266_", 0 0, L_0x55e6d970a070;  1 drivers
v0x55e6d95d4e70_0 .net "_0267_", 0 0, L_0x55e6d9708a60;  1 drivers
v0x55e6d95d4f30_0 .net "_0268_", 0 0, L_0x55e6d9708550;  1 drivers
v0x55e6d95d45a0_0 .net "_0269_", 0 0, L_0x55e6d9709e70;  1 drivers
v0x55e6d95d4660_0 .net "_0270_", 0 0, L_0x55e6d96e5870;  1 drivers
v0x55e6d95d3cd0_0 .net "_0271_", 0 0, L_0x55e6d9708900;  1 drivers
v0x55e6d95d3d90_0 .net "_0272_", 0 0, L_0x55e6d9708bc0;  1 drivers
v0x55e6d95d3400_0 .net "_0273_", 0 0, L_0x55e6d9708d70;  1 drivers
v0x55e6d95d34c0_0 .net "_0274_", 0 0, L_0x55e6d9708ed0;  1 drivers
v0x55e6d95d2b30_0 .net "_0275_", 0 0, L_0x55e6d96f0820;  1 drivers
v0x55e6d95d2bf0_0 .net "_0276_", 0 0, L_0x55e6d97092b0;  1 drivers
v0x55e6d95d2260_0 .net "_0277_", 0 0, L_0x55e6d9709410;  1 drivers
v0x55e6d95d2320_0 .net "_0278_", 0 0, L_0x55e6d9709570;  1 drivers
v0x55e6d95d1990_0 .net "_0279_", 0 0, L_0x55e6d9709760;  1 drivers
v0x55e6d95d1a50_0 .net "_0280_", 0 0, L_0x55e6d9709950;  1 drivers
v0x55e6d95d10c0_0 .net "_0281_", 0 0, L_0x55e6d9709ab0;  1 drivers
v0x55e6d95d1180_0 .net "_0282_", 0 0, L_0x55e6d9709c60;  1 drivers
v0x55e6d95d07f0_0 .net "_0283_", 0 0, L_0x55e6d970ae60;  1 drivers
v0x55e6d95d08b0_0 .net "_0284_", 0 0, L_0x55e6d970bcb0;  1 drivers
v0x55e6d95cff20_0 .net "_0285_", 0 0, L_0x55e6d970bdc0;  1 drivers
v0x55e6d95cffe0_0 .net "_0286_", 0 0, L_0x55e6d970a1d0;  1 drivers
v0x55e6d95cf650_0 .net "_0287_", 0 0, L_0x55e6d970a380;  1 drivers
v0x55e6d95cf710_0 .net "_0288_", 0 0, L_0x55e6d970a530;  1 drivers
v0x55e6d95ced80_0 .net "_0289_", 0 0, L_0x55e6d970a6e0;  1 drivers
v0x55e6d95cee40_0 .net "_0290_", 0 0, L_0x55e6d970a890;  1 drivers
v0x55e6d95ce4b0_0 .net "_0291_", 0 0, L_0x55e6d970aa40;  1 drivers
v0x55e6d95ce570_0 .net "_0292_", 0 0, L_0x55e6d970abf0;  1 drivers
v0x55e6d95cdbe0_0 .net "_0293_", 0 0, L_0x55e6d970af70;  1 drivers
v0x55e6d95cdca0_0 .net "_0294_", 0 0, L_0x55e6d970b120;  1 drivers
v0x55e6d95cd310_0 .net "_0295_", 0 0, L_0x55e6d970b2d0;  1 drivers
v0x55e6d95cd3d0_0 .net "_0296_", 0 0, L_0x55e6d970b480;  1 drivers
v0x55e6d95cca40_0 .net "_0297_", 0 0, L_0x55e6d970b630;  1 drivers
v0x55e6d95ccb00_0 .net "_0298_", 0 0, L_0x55e6d970b7e0;  1 drivers
v0x55e6d95cc170_0 .net "_0299_", 0 0, L_0x55e6d970b990;  1 drivers
v0x55e6d95cc230_0 .net "_0300_", 0 0, L_0x55e6d970bb40;  1 drivers
v0x55e6d95cb8a0_0 .net "_0301_", 0 0, L_0x55e6d970cc90;  1 drivers
v0x55e6d95cb960_0 .net "_0302_", 0 0, L_0x55e6d970db70;  1 drivers
v0x55e6d95cafd0_0 .net "_0303_", 0 0, L_0x55e6d970dc80;  1 drivers
v0x55e6d95cb090_0 .net "_0304_", 0 0, L_0x55e6d970dd90;  1 drivers
v0x55e6d95ca700_0 .net "_0305_", 0 0, L_0x55e6d970c080;  1 drivers
v0x55e6d95ca7c0_0 .net "_0306_", 0 0, L_0x55e6d970c340;  1 drivers
v0x55e6d95c9e30_0 .net "_0307_", 0 0, L_0x55e6d970c600;  1 drivers
v0x55e6d95c9ef0_0 .net "_0308_", 0 0, L_0x55e6d970c8c0;  1 drivers
v0x55e6d95c9560_0 .net "_0309_", 0 0, L_0x55e6d970cb80;  1 drivers
v0x55e6d95c9620_0 .net "_0310_", 0 0, L_0x55e6d970cfa0;  1 drivers
v0x55e6d95c8c90_0 .net "_0311_", 0 0, L_0x55e6d970d260;  1 drivers
v0x55e6d95c8d50_0 .net "_0312_", 0 0, L_0x55e6d970d520;  1 drivers
v0x55e6d95c83c0_0 .net "_0313_", 0 0, L_0x55e6d970d6d0;  1 drivers
v0x55e6d95c8480_0 .net "_0314_", 0 0, L_0x55e6d970d880;  1 drivers
v0x55e6d95c7af0_0 .net "_0315_", 0 0, L_0x55e6d970da30;  1 drivers
v0x55e6d95c7bb0_0 .net "_0316_", 0 0, L_0x55e6d970fa70;  1 drivers
v0x55e6d95c7220_0 .net "_0317_", 0 0, L_0x55e6d970fbd0;  1 drivers
v0x55e6d95c72e0_0 .net "_0318_", 0 0, L_0x55e6d970fd80;  1 drivers
v0x55e6d95c6950_0 .net "_0319_", 0 0, L_0x55e6d970def0;  1 drivers
v0x55e6d95c6a10_0 .net "_0320_", 0 0, L_0x55e6d970e0a0;  1 drivers
v0x55e6d95c6080_0 .net "_0321_", 0 0, L_0x55e6d970e250;  1 drivers
v0x55e6d95c6140_0 .net "_0322_", 0 0, L_0x55e6d970e400;  1 drivers
v0x55e6d95c57b0_0 .net "_0323_", 0 0, L_0x55e6d970e5b0;  1 drivers
v0x55e6d95c5870_0 .net "_0324_", 0 0, L_0x55e6d970e760;  1 drivers
v0x55e6d95c4ee0_0 .net "_0325_", 0 0, L_0x55e6d970e910;  1 drivers
v0x55e6d95c4fa0_0 .net "_0326_", 0 0, L_0x55e6d970eac0;  1 drivers
v0x55e6d95c4610_0 .net "_0327_", 0 0, L_0x55e6d970ecd0;  1 drivers
v0x55e6d95c46d0_0 .net "_0328_", 0 0, L_0x55e6d970f090;  1 drivers
v0x55e6d95c3d40_0 .net "_0329_", 0 0, L_0x55e6d970f450;  1 drivers
v0x55e6d95c3e00_0 .net "_0330_", 0 0, L_0x55e6d970f810;  1 drivers
v0x55e6d95c3470_0 .net "_0331_", 0 0, L_0x55e6d9710e60;  1 drivers
v0x55e6d95c3530_0 .net "_0332_", 0 0, L_0x55e6d9710050;  1 drivers
v0x55e6d95c2ba0_0 .net "_0333_", 0 0, L_0x55e6d97103c0;  1 drivers
v0x55e6d95c2c60_0 .net "_0334_", 0 0, L_0x55e6d97106e0;  1 drivers
v0x55e6d95c22d0_0 .net "_0335_", 0 0, L_0x55e6d9707d90;  1 drivers
v0x55e6d95c2390_0 .net "_0336_", 0 0, L_0x55e6d9710b90;  1 drivers
v0x55e6d95c1a00_0 .net "_0337_", 0 0, L_0x55e6d9711060;  1 drivers
v0x55e6d95c1ac0_0 .net "_0338_", 0 0, L_0x55e6d9711500;  1 drivers
v0x55e6d95c1130_0 .net "_0339_", 0 0, L_0x55e6d97116b0;  1 drivers
v0x55e6d95c11f0_0 .net "_0340_", 0 0, L_0x55e6d9711b00;  1 drivers
v0x55e6d95c0860_0 .net "_0341_", 0 0, L_0x55e6d9711c60;  1 drivers
v0x55e6d95c0920_0 .net "_0342_", 0 0, L_0x55e6d9713040;  1 drivers
v0x55e6d95bff90_0 .net "_0343_", 0 0, L_0x55e6d9714080;  1 drivers
v0x55e6d95c0050_0 .net "_0344_", 0 0, L_0x55e6d97122f0;  1 drivers
v0x55e6d9693f30_0 .net "_0345_", 0 0, L_0x55e6d9712170;  1 drivers
v0x55e6d9694010_0 .net "_0346_", 0 0, L_0x55e6d9712230;  1 drivers
v0x55e6d96940f0_0 .net "_0347_", 7 0, L_0x55e6d96fe5d0;  1 drivers
v0x55e6d96941d0_0 .net "_0348_", 3 0, L_0x55e6d96fddd0;  1 drivers
v0x55e6d96942b0_0 .net "_0349_", 3 0, L_0x55e6d972c1c0;  1 drivers
v0x55e6d95bf6c0_0 .net "_0350_", 3 0, L_0x55e6d96fefd0;  1 drivers
v0x55e6d95bf7a0_0 .net "_0351_", 3 0, L_0x55e6d96ffcd0;  1 drivers
v0x55e6d95bedf0_0 .net "_0352_", 3 0, L_0x55e6d9700760;  1 drivers
v0x55e6d95beed0_0 .net "_0353_", 0 0, L_0x55e6d96f3820;  1 drivers
v0x55e6d95be520_0 .net "_0354_", 0 0, L_0x55e6d96f38e0;  1 drivers
v0x55e6d95be5e0_0 .net "_0355_", 0 0, L_0x55e6d96f39a0;  1 drivers
v0x55e6d95bdc50_0 .net "_0356_", 0 0, L_0x55e6d96f3a60;  1 drivers
v0x55e6d95bdd10_0 .net "_0357_", 0 0, L_0x55e6d96f5530;  1 drivers
v0x55e6d94c0a70_0 .net "_0358_", 0 0, L_0x55e6d96f55f0;  1 drivers
v0x55e6d94c0b30_0 .net "_0359_", 0 0, L_0x55e6d96f56b0;  1 drivers
v0x55e6d95bd380_0 .net "_0360_", 0 0, L_0x55e6d96f41b0;  1 drivers
v0x55e6d95bd440_0 .net "_0361_", 0 0, L_0x55e6d9700af0;  1 drivers
v0x55e6d95bcab0_0 .net "_0362_", 0 0, L_0x55e6d9700cd0;  1 drivers
v0x55e6d95bcb70_0 .net "_0363_", 0 0, L_0x55e6d9700e10;  1 drivers
v0x55e6d95bc1e0_0 .net "_0364_", 0 0, L_0x55e6d96f44a0;  1 drivers
v0x55e6d95bc2a0_0 .net "_0365_", 0 0, L_0x55e6d96f40a0;  1 drivers
v0x55e6d95bb910_0 .net "_0366_", 0 0, L_0x55e6d96f31c0;  1 drivers
v0x55e6d95bb9d0_0 .net "_0367_", 0 0, L_0x55e6d96f32d0;  1 drivers
v0x55e6d95bb040_0 .net "_0368_", 0 0, L_0x55e6d96f33e0;  1 drivers
v0x55e6d95bb100_0 .net "_0369_", 0 0, L_0x55e6d96f34f0;  1 drivers
v0x55e6d95ba770_0 .net "_0370_", 0 0, L_0x55e6d96f3600;  1 drivers
v0x55e6d95ba830_0 .net "_0371_", 0 0, L_0x55e6d96f3710;  1 drivers
v0x55e6d95b9ea0_0 .net "_0372_", 2 0, L_0x55e6d972be00;  1 drivers
v0x55e6d95b9f80_0 .net "_0373_", 2 0, L_0x55e6d972bbd0;  1 drivers
v0x55e6d95b95d0_0 .net "_0374_", 2 0, L_0x55e6d972b860;  1 drivers
v0x55e6d95b96b0_0 .net "_0375_", 2 0, L_0x55e6d9716190;  1 drivers
v0x55e6d95b8d00_0 .net "_0376_", 7 0, L_0x55e6d9714500;  1 drivers
v0x55e6d95b8de0_0 .net "_0377_", 7 0, L_0x55e6d972c5d0;  1 drivers
v0x55e6d95b8430_0 .net "_0378_", 7 0, L_0x55e6d972c9e0;  1 drivers
v0x55e6d95b8510_0 .net "_0379_", 7 0, L_0x55e6d972e7a0;  1 drivers
v0x55e6d95b7b60_0 .net "_0380_", 7 0, L_0x55e6d972cff0;  1 drivers
v0x55e6d95b7c40_0 .net "_0381_", 31 0, L_0x55e6d972dd80;  1 drivers
v0x55e6d95b7290_0 .net "_0382_", 31 0, L_0x55e6d97169f0;  1 drivers
v0x55e6d95b7350_0 .net "_0383_", 31 0, L_0x55e6d97179a0;  1 drivers
v0x55e6d95b69c0_0 .net *"_ivl_1000", 0 0, L_0x55e6d96e8a90;  1 drivers
v0x55e6d95b6aa0_0 .net *"_ivl_1002", 0 0, L_0x55e6d96e8360;  1 drivers
v0x55e6d95b60f0_0 .net *"_ivl_1007", 0 0, L_0x55e6d96e8510;  1 drivers
v0x55e6d95b61d0_0 .net *"_ivl_101", 0 0, L_0x55e6d96c3310;  1 drivers
v0x55e6d95b5820_0 .net *"_ivl_1010", 0 0, L_0x55e6d96e8580;  1 drivers
v0x55e6d95b5900_0 .net *"_ivl_1012", 0 0, L_0x55e6d96e8680;  1 drivers
v0x55e6d95b4f50_0 .net *"_ivl_1017", 0 0, L_0x55e6d96e88b0;  1 drivers
v0x55e6d95b5030_0 .net *"_ivl_1022", 0 0, L_0x55e6d96e73b0;  1 drivers
v0x55e6d95b4680_0 .net *"_ivl_1025", 0 0, L_0x55e6d96e7470;  1 drivers
v0x55e6d95b4760_0 .net *"_ivl_1027", 0 0, L_0x55e6d96e7540;  1 drivers
v0x55e6d95b3db0_0 .net *"_ivl_103", 0 0, L_0x55e6d96c3450;  1 drivers
v0x55e6d95b3e90_0 .net *"_ivl_1032", 0 0, L_0x55e6d96e76d0;  1 drivers
v0x55e6d95b34e0_0 .net *"_ivl_1037", 0 0, L_0x55e6d96e7880;  1 drivers
v0x55e6d95b35c0_0 .net *"_ivl_104", 0 0, L_0x55e6d96c3580;  1 drivers
v0x55e6d95b2c10_0 .net *"_ivl_1040", 0 0, L_0x55e6d96e9190;  1 drivers
v0x55e6d95b2cf0_0 .net *"_ivl_1042", 0 0, L_0x55e6d96e9280;  1 drivers
v0x55e6d95b2340_0 .net *"_ivl_1047", 0 0, L_0x55e6d96e9430;  1 drivers
v0x55e6d95b2420_0 .net *"_ivl_1051", 0 0, L_0x55e6d96e9540;  1 drivers
v0x55e6d95b1a70_0 .net *"_ivl_1055", 0 0, L_0x55e6d96e9650;  1 drivers
v0x55e6d95b1b50_0 .net *"_ivl_1060", 0 0, L_0x55e6d96e8cc0;  1 drivers
v0x55e6d95b11a0_0 .net *"_ivl_1065", 0 0, L_0x55e6d96e8e20;  1 drivers
v0x55e6d95b1280_0 .net *"_ivl_1067", 0 0, L_0x55e6d96e8f10;  1 drivers
v0x55e6d95b08d0_0 .net *"_ivl_1068", 0 0, L_0x55e6d96e8fb0;  1 drivers
v0x55e6d95b09b0_0 .net *"_ivl_1074", 0 0, L_0x55e6d96e9e40;  1 drivers
v0x55e6d95b0000_0 .net *"_ivl_1076", 0 0, L_0x55e6d96e9ee0;  1 drivers
v0x55e6d95b00e0_0 .net *"_ivl_1077", 0 0, L_0x55e6d96e9f80;  1 drivers
v0x55e6d95af730_0 .net *"_ivl_1080", 0 0, L_0x55e6d96ea090;  1 drivers
v0x55e6d95af810_0 .net *"_ivl_1082", 0 0, L_0x55e6d96ea130;  1 drivers
v0x55e6d95aee60_0 .net *"_ivl_1087", 0 0, L_0x55e6d96ea2e0;  1 drivers
v0x55e6d95aef40_0 .net *"_ivl_109", 0 0, L_0x55e6d96c3750;  1 drivers
v0x55e6d95ae590_0 .net *"_ivl_1091", 0 0, L_0x55e6d96e9760;  1 drivers
v0x55e6d95ae670_0 .net *"_ivl_1095", 0 0, L_0x55e6d96e97d0;  1 drivers
v0x55e6d95adcc0_0 .net *"_ivl_11", 0 0, v0x55e6d9664e50_0;  1 drivers
v0x55e6d95adda0_0 .net *"_ivl_1100", 0 0, L_0x55e6d96e99d0;  1 drivers
v0x55e6d95ad3f0_0 .net *"_ivl_1105", 0 0, L_0x55e6d96e9a90;  1 drivers
v0x55e6d95ad4d0_0 .net *"_ivl_1107", 0 0, L_0x55e6d96e9b80;  1 drivers
v0x55e6d95acb20_0 .net *"_ivl_1108", 0 0, L_0x55e6d96e9c20;  1 drivers
v0x55e6d95acc00_0 .net *"_ivl_111", 0 0, L_0x55e6d96c37f0;  1 drivers
v0x55e6d95ac250_0 .net *"_ivl_1114", 0 0, L_0x55e6d96eaa70;  1 drivers
v0x55e6d95ac330_0 .net *"_ivl_1116", 0 0, L_0x55e6d96eaba0;  1 drivers
v0x55e6d95ab980_0 .net *"_ivl_1117", 0 0, L_0x55e6d96eac40;  1 drivers
v0x55e6d95aba60_0 .net *"_ivl_112", 0 0, L_0x55e6d96c33e0;  1 drivers
v0x55e6d95ab0b0_0 .net *"_ivl_1120", 0 0, L_0x55e6d96ead50;  1 drivers
v0x55e6d95ab190_0 .net *"_ivl_1122", 0 0, L_0x55e6d96eae40;  1 drivers
v0x55e6d95aa7e0_0 .net *"_ivl_1127", 0 0, L_0x55e6d96eaff0;  1 drivers
v0x55e6d95aa8c0_0 .net *"_ivl_1131", 0 0, L_0x55e6d96eb060;  1 drivers
v0x55e6d95a9f10_0 .net *"_ivl_1135", 0 0, L_0x55e6d96eb0d0;  1 drivers
v0x55e6d95a9ff0_0 .net *"_ivl_1140", 0 0, L_0x55e6d96eb280;  1 drivers
v0x55e6d95a9640_0 .net *"_ivl_1145", 0 0, L_0x55e6d96eb340;  1 drivers
v0x55e6d95a9720_0 .net *"_ivl_1147", 0 0, L_0x55e6d96eb430;  1 drivers
v0x55e6d95a8d70_0 .net *"_ivl_1148", 0 0, L_0x55e6d96ea350;  1 drivers
v0x55e6d95a8e50_0 .net *"_ivl_1154", 0 0, L_0x55e6d96ea550;  1 drivers
v0x55e6d95a84a0_0 .net *"_ivl_1156", 0 0, L_0x55e6d96ea680;  1 drivers
v0x55e6d95a8580_0 .net *"_ivl_1157", 0 0, L_0x55e6d96ea720;  1 drivers
v0x55e6d95a7bd0_0 .net *"_ivl_1160", 0 0, L_0x55e6d96ea830;  1 drivers
v0x55e6d95a7cb0_0 .net *"_ivl_1162", 0 0, L_0x55e6d96ea920;  1 drivers
v0x55e6d95a7300_0 .net *"_ivl_1167", 0 0, L_0x55e6d96ebd60;  1 drivers
v0x55e6d95a73e0_0 .net *"_ivl_117", 0 0, L_0x55e6d96c3930;  1 drivers
v0x55e6d95a6a30_0 .net *"_ivl_1171", 0 0, L_0x55e6d96ebdd0;  1 drivers
v0x55e6d95a6b10_0 .net *"_ivl_1175", 0 0, L_0x55e6d96ebe40;  1 drivers
v0x55e6d95a6160_0 .net *"_ivl_1180", 0 0, L_0x55e6d96eb4d0;  1 drivers
v0x55e6d95a6240_0 .net *"_ivl_1185", 0 0, L_0x55e6d96eb590;  1 drivers
v0x55e6d95a5890_0 .net *"_ivl_1187", 0 0, L_0x55e6d96eb680;  1 drivers
v0x55e6d95a5970_0 .net *"_ivl_1188", 0 0, L_0x55e6d96eb720;  1 drivers
v0x55e6d95a4fc0_0 .net *"_ivl_119", 0 0, L_0x55e6d96c3a60;  1 drivers
v0x55e6d95a50a0_0 .net *"_ivl_1194", 0 0, L_0x55e6d96eb920;  1 drivers
v0x55e6d95a46f0_0 .net *"_ivl_1196", 0 0, L_0x55e6d96eba50;  1 drivers
v0x55e6d95a47d0_0 .net *"_ivl_1197", 0 0, L_0x55e6d96ebaf0;  1 drivers
v0x55e6d95a3e20_0 .net *"_ivl_120", 0 0, L_0x55e6d96c3b50;  1 drivers
v0x55e6d95a3f00_0 .net *"_ivl_1200", 0 0, L_0x55e6d96ec070;  1 drivers
v0x55e6d95a3550_0 .net *"_ivl_1202", 0 0, L_0x55e6d96ec110;  1 drivers
v0x55e6d95a3630_0 .net *"_ivl_1207", 0 0, L_0x55e6d96ec2c0;  1 drivers
v0x55e6d95a2c80_0 .net *"_ivl_1211", 0 0, L_0x55e6d96ec330;  1 drivers
v0x55e6d95a2d60_0 .net *"_ivl_1215", 0 0, L_0x55e6d96ec3a0;  1 drivers
v0x55e6d95a23b0_0 .net *"_ivl_1220", 0 0, L_0x55e6d96ecda0;  1 drivers
v0x55e6d95a2490_0 .net *"_ivl_1225", 0 0, L_0x55e6d96ece60;  1 drivers
v0x55e6d94be320_0 .net *"_ivl_1227", 0 0, L_0x55e6d96ecf50;  1 drivers
v0x55e6d94be400_0 .net *"_ivl_1228", 0 0, L_0x55e6d96ecff0;  1 drivers
v0x55e6d95a1ae0_0 .net *"_ivl_1234", 0 0, L_0x55e6d96ed1f0;  1 drivers
v0x55e6d95a1bc0_0 .net *"_ivl_1236", 0 0, L_0x55e6d96ed320;  1 drivers
v0x55e6d95a1210_0 .net *"_ivl_1237", 0 0, L_0x55e6d96ed3c0;  1 drivers
v0x55e6d95a12f0_0 .net *"_ivl_1240", 0 0, L_0x55e6d96ed4d0;  1 drivers
v0x55e6d95a0940_0 .net *"_ivl_1242", 0 0, L_0x55e6d96ed570;  1 drivers
v0x55e6d95a0a20_0 .net *"_ivl_1247", 0 0, L_0x55e6d96ed720;  1 drivers
v0x55e6d95a0070_0 .net *"_ivl_125", 0 0, L_0x55e6d96c3d50;  1 drivers
v0x55e6d95a0150_0 .net *"_ivl_1251", 0 0, L_0x55e6d96ed790;  1 drivers
v0x55e6d959f7a0_0 .net *"_ivl_1255", 0 0, L_0x55e6d96ed800;  1 drivers
v0x55e6d959f880_0 .net *"_ivl_1260", 0 0, L_0x55e6d96edac0;  1 drivers
v0x55e6d959eed0_0 .net *"_ivl_1265", 0 0, L_0x55e6d96edb80;  1 drivers
v0x55e6d959efb0_0 .net *"_ivl_1267", 0 0, L_0x55e6d96edc70;  1 drivers
v0x55e6d959e600_0 .net *"_ivl_1268", 0 0, L_0x55e6d96edd10;  1 drivers
v0x55e6d959e6e0_0 .net *"_ivl_127", 0 0, L_0x55e6d96c3e90;  1 drivers
v0x55e6d959dcd0_0 .net *"_ivl_1274", 0 0, L_0x55e6d96ec6c0;  1 drivers
v0x55e6d959ddb0_0 .net *"_ivl_1276", 0 0, L_0x55e6d96ec7f0;  1 drivers
v0x55e6d959d3a0_0 .net *"_ivl_1277", 0 0, L_0x55e6d96ec890;  1 drivers
v0x55e6d959d480_0 .net *"_ivl_128", 0 0, L_0x55e6d96c3f30;  1 drivers
v0x55e6d959ca70_0 .net *"_ivl_1280", 0 0, L_0x55e6d96ec9a0;  1 drivers
v0x55e6d959cb50_0 .net *"_ivl_1282", 0 0, L_0x55e6d96eca90;  1 drivers
v0x55e6d959c140_0 .net *"_ivl_1287", 0 0, L_0x55e6d96ecc40;  1 drivers
v0x55e6d959c220_0 .net *"_ivl_1291", 0 0, L_0x55e6d96eccb0;  1 drivers
v0x55e6d959b810_0 .net *"_ivl_1295", 0 0, L_0x55e6d96ee5f0;  1 drivers
v0x55e6d959b8f0_0 .net *"_ivl_1300", 0 0, L_0x55e6d96ee880;  1 drivers
v0x55e6d959aee0_0 .net *"_ivl_1305", 0 0, L_0x55e6d96ee940;  1 drivers
v0x55e6d959afc0_0 .net *"_ivl_1307", 0 0, L_0x55e6d96eea30;  1 drivers
v0x55e6d959a5b0_0 .net *"_ivl_1308", 0 0, L_0x55e6d96eead0;  1 drivers
v0x55e6d959a690_0 .net *"_ivl_1314", 0 0, L_0x55e6d96eecd0;  1 drivers
v0x55e6d9598e50_0 .net *"_ivl_1316", 0 0, L_0x55e6d96eee00;  1 drivers
v0x55e6d9598f30_0 .net *"_ivl_1317", 0 0, L_0x55e6d96eeea0;  1 drivers
v0x55e6d9598170_0 .net *"_ivl_1320", 0 0, L_0x55e6d96eefb0;  1 drivers
v0x55e6d9598250_0 .net *"_ivl_1322", 0 0, L_0x55e6d96ede20;  1 drivers
v0x55e6d94bbbd0_0 .net *"_ivl_1327", 0 0, L_0x55e6d96edfd0;  1 drivers
v0x55e6d94bbcb0_0 .net *"_ivl_133", 0 0, L_0x55e6d96c4040;  1 drivers
v0x55e6d94b9920_0 .net *"_ivl_1331", 0 0, L_0x55e6d96ee040;  1 drivers
v0x55e6d94b9a00_0 .net *"_ivl_1335", 0 0, L_0x55e6d96ee0b0;  1 drivers
v0x55e6d94b71a0_0 .net *"_ivl_1340", 0 0, L_0x55e6d96ee340;  1 drivers
v0x55e6d94b7280_0 .net *"_ivl_1345", 0 0, L_0x55e6d96ee400;  1 drivers
v0x55e6d9554a00_0 .net *"_ivl_1347", 0 0, L_0x55e6d96ee4f0;  1 drivers
v0x55e6d9554ae0_0 .net *"_ivl_1348", 0 0, L_0x55e6d96ef940;  1 drivers
v0x55e6d9553280_0 .net *"_ivl_135", 0 0, L_0x55e6d96c3df0;  1 drivers
v0x55e6d9553360_0 .net *"_ivl_1354", 0 0, L_0x55e6d96efb40;  1 drivers
v0x55e6d9552ee0_0 .net *"_ivl_1356", 0 0, L_0x55e6d96f0520;  1 drivers
v0x55e6d9552fc0_0 .net *"_ivl_1357", 0 0, L_0x55e6d96f05c0;  1 drivers
v0x55e6d9552b40_0 .net *"_ivl_136", 0 0, L_0x55e6d96c4190;  1 drivers
v0x55e6d9552c20_0 .net *"_ivl_1360", 0 0, L_0x55e6d96ef0a0;  1 drivers
v0x55e6d95527a0_0 .net *"_ivl_1362", 0 0, L_0x55e6d96ef190;  1 drivers
v0x55e6d9552880_0 .net *"_ivl_1367", 0 0, L_0x55e6d96f04a0;  1 drivers
v0x55e6d9552400_0 .net *"_ivl_1371", 0 0, L_0x55e6d96ef340;  1 drivers
v0x55e6d95524e0_0 .net *"_ivl_1375", 0 0, L_0x55e6d96ef3b0;  1 drivers
v0x55e6d9552060_0 .net *"_ivl_1380", 0 0, L_0x55e6d96ef5e0;  1 drivers
v0x55e6d9552140_0 .net *"_ivl_1385", 0 0, L_0x55e6d96ef6a0;  1 drivers
v0x55e6d9551cc0_0 .net *"_ivl_1387", 0 0, L_0x55e6d96ef790;  1 drivers
v0x55e6d9551da0_0 .net *"_ivl_1388", 0 0, L_0x55e6d96ef830;  1 drivers
v0x55e6d94b5460_0 .net *"_ivl_1394", 0 0, L_0x55e6d96efd60;  1 drivers
v0x55e6d94b5540_0 .net *"_ivl_1396", 0 0, L_0x55e6d96efe90;  1 drivers
v0x55e6d9551920_0 .net *"_ivl_1397", 0 0, L_0x55e6d96eff30;  1 drivers
v0x55e6d9551a00_0 .net *"_ivl_1400", 0 0, L_0x55e6d96f0040;  1 drivers
v0x55e6d9551580_0 .net *"_ivl_1402", 0 0, L_0x55e6d96f0130;  1 drivers
v0x55e6d9551660_0 .net *"_ivl_1410", 0 0, L_0x55e6d96f07b0;  1 drivers
v0x55e6d95511e0_0 .net *"_ivl_1413", 0 0, L_0x55e6d96f08b0;  1 drivers
v0x55e6d95512c0_0 .net *"_ivl_1418", 0 0, L_0x55e6d96f09c0;  1 drivers
v0x55e6d9550e40_0 .net *"_ivl_1421", 0 0, L_0x55e6d96f0a30;  1 drivers
v0x55e6d9550f20_0 .net *"_ivl_1423", 0 0, L_0x55e6d96f0ad0;  1 drivers
v0x55e6d9550aa0_0 .net *"_ivl_1428", 0 0, L_0x55e6d96f0c80;  1 drivers
v0x55e6d9550b80_0 .net *"_ivl_1431", 0 0, L_0x55e6d96f0cf0;  1 drivers
v0x55e6d9550700_0 .net *"_ivl_1433", 0 0, L_0x55e6d96f0d90;  1 drivers
v0x55e6d95507e0_0 .net *"_ivl_1438", 0 0, L_0x55e6d96f1850;  1 drivers
v0x55e6d9550360_0 .net *"_ivl_1441", 0 0, L_0x55e6d96f18c0;  1 drivers
v0x55e6d9550440_0 .net *"_ivl_1443", 0 0, L_0x55e6d96f1960;  1 drivers
v0x55e6d954ffc0_0 .net *"_ivl_1448", 0 0, L_0x55e6d96f0f00;  1 drivers
v0x55e6d95500a0_0 .net *"_ivl_1451", 0 0, L_0x55e6d96f0f70;  1 drivers
v0x55e6d954fc20_0 .net *"_ivl_1453", 0 0, L_0x55e6d96f1010;  1 drivers
v0x55e6d954fd00_0 .net *"_ivl_1459", 0 0, L_0x55e6d96f1240;  1 drivers
v0x55e6d954f880_0 .net *"_ivl_1461", 0 0, L_0x55e6d96f12e0;  1 drivers
v0x55e6d954f960_0 .net *"_ivl_1462", 0 0, L_0x55e6d96f1380;  1 drivers
v0x55e6d954f4e0_0 .net *"_ivl_1467", 0 0, L_0x55e6d96f1490;  1 drivers
v0x55e6d954f5c0_0 .net *"_ivl_1469", 0 0, L_0x55e6d96f1580;  1 drivers
v0x55e6d954f140_0 .net *"_ivl_1470", 0 0, L_0x55e6d96f16b0;  1 drivers
v0x55e6d954f220_0 .net *"_ivl_1473", 0 0, L_0x55e6d96f2430;  1 drivers
v0x55e6d954eda0_0 .net *"_ivl_1475", 0 0, L_0x55e6d96f24d0;  1 drivers
v0x55e6d954ee60_0 .net *"_ivl_1480", 0 0, L_0x55e6d96f2610;  1 drivers
v0x55e6d954ea00_0 .net *"_ivl_1483", 0 0, L_0x55e6d96f2ff0;  1 drivers
v0x55e6d954eae0_0 .net *"_ivl_1489", 0 0, L_0x55e6d96f1bf0;  1 drivers
v0x55e6d954e610_0 .net *"_ivl_149", 0 0, L_0x55e6d96c4880;  1 drivers
v0x55e6d954e6d0_0 .net *"_ivl_1491", 0 0, L_0x55e6d96f1c90;  1 drivers
v0x55e6d954a5e0_0 .net *"_ivl_1495", 0 0, L_0x55e6d96f1e40;  1 drivers
v0x55e6d954a6c0_0 .net *"_ivl_15", 0 0, v0x55e6d9664ef0_0;  1 drivers
v0x55e6d9548900_0 .net *"_ivl_1501", 0 0, L_0x55e6d96f1fe0;  1 drivers
v0x55e6d95489e0_0 .net *"_ivl_1503", 0 0, L_0x55e6d96f2080;  1 drivers
v0x55e6d9548030_0 .net *"_ivl_1504", 0 0, L_0x55e6d96f2120;  1 drivers
v0x55e6d95480f0_0 .net *"_ivl_1507", 0 0, L_0x55e6d96f2230;  1 drivers
v0x55e6d9547260_0 .net *"_ivl_1509", 0 0, L_0x55e6d96f2360;  1 drivers
v0x55e6d9547340_0 .net *"_ivl_151", 0 0, L_0x55e6d96c4a10;  1 drivers
v0x55e6d9546e30_0 .net *"_ivl_1514", 0 0, L_0x55e6d96f27d0;  1 drivers
v0x55e6d9546f10_0 .net *"_ivl_1518", 0 0, L_0x55e6d96f2840;  1 drivers
v0x55e6d9545f90_0 .net *"_ivl_152", 0 0, L_0x55e6d96c4b30;  1 drivers
v0x55e6d9546050_0 .net *"_ivl_1522", 0 0, L_0x55e6d96f28e0;  1 drivers
v0x55e6d9543370_0 .net *"_ivl_1527", 0 0, L_0x55e6d96f2ba0;  1 drivers
v0x55e6d9543450_0 .net *"_ivl_1532", 0 0, L_0x55e6d96f2c60;  1 drivers
v0x55e6d9541fa0_0 .net *"_ivl_1534", 0 0, L_0x55e6d96f2d50;  1 drivers
v0x55e6d9542080_0 .net *"_ivl_1535", 0 0, L_0x55e6d96f2df0;  1 drivers
v0x55e6d94b36f0_0 .net *"_ivl_1541", 0 0, L_0x55e6d96f3af0;  1 drivers
v0x55e6d94b37b0_0 .net *"_ivl_1543", 0 0, L_0x55e6d96f3c20;  1 drivers
v0x55e6d9540bd0_0 .net *"_ivl_1544", 0 0, L_0x55e6d96f3cf0;  1 drivers
v0x55e6d9540cb0_0 .net *"_ivl_1547", 0 0, L_0x55e6d96f3e00;  1 drivers
v0x55e6d953f800_0 .net *"_ivl_1549", 0 0, L_0x55e6d96f3ef0;  1 drivers
v0x55e6d953f8e0_0 .net *"_ivl_155", 0 0, L_0x55e6d96c4c40;  1 drivers
v0x55e6d94b3290_0 .net *"_ivl_157", 0 0, L_0x55e6d96c4db0;  1 drivers
v0x55e6d94b3350_0 .net *"_ivl_1596", 0 0, L_0x55e6d96f45b0;  1 drivers
v0x55e6d953e430_0 .net *"_ivl_1600", 0 0, L_0x55e6d96f4620;  1 drivers
L_0x7fa630e99018 .functor BUFT 1, C4<0>, C4<0>, C4<0>, C4<0>;
v0x55e6d953e510_0 .net/2u *"_ivl_1602", 0 0, L_0x7fa630e99018;  1 drivers
v0x55e6d953d6d0_0 .net *"_ivl_1605", 0 0, L_0x55e6d96f46e0;  1 drivers
L_0x7fa630e99060 .functor BUFT 1, C4<0>, C4<0>, C4<0>, C4<0>;
v0x55e6d953d7b0_0 .net/2u *"_ivl_1610", 0 0, L_0x7fa630e99060;  1 drivers
L_0x7fa630e990a8 .functor BUFT 1, C4<x>, C4<0>, C4<0>, C4<0>;
v0x55e6d953d2a0_0 .net *"_ivl_1612", 0 0, L_0x7fa630e990a8;  1 drivers
v0x55e6d953d360_0 .net *"_ivl_1614", 0 0, L_0x55e6d96f4900;  1 drivers
L_0x7fa630e990f0 .functor BUFT 1, C4<x>, C4<0>, C4<0>, C4<0>;
v0x55e6d94b2e00_0 .net *"_ivl_1618", 0 0, L_0x7fa630e990f0;  1 drivers
L_0x7fa630e99138 .functor BUFT 1, C4<0>, C4<0>, C4<0>, C4<0>;
v0x55e6d94b2ee0_0 .net/2u *"_ivl_1620", 0 0, L_0x7fa630e99138;  1 drivers
v0x55e6d9539270_0 .net *"_ivl_1622", 0 0, L_0x55e6d96f4b90;  1 drivers
L_0x7fa630e99180 .functor BUFT 1, C4<x>, C4<0>, C4<0>, C4<0>;
v0x55e6d9539350_0 .net *"_ivl_1626", 0 0, L_0x7fa630e99180;  1 drivers
v0x55e6d9535240_0 .net *"_ivl_1629", 0 0, L_0x55e6d96f4cd0;  1 drivers
v0x55e6d9535300_0 .net *"_ivl_163", 0 0, L_0x55e6d96c5110;  1 drivers
v0x55e6d9531210_0 .net *"_ivl_1630", 0 0, L_0x55e6d96f4d70;  1 drivers
L_0x7fa630e991c8 .functor BUFT 1, C4<x>, C4<0>, C4<0>, C4<0>;
v0x55e6d95312f0_0 .net *"_ivl_1634", 0 0, L_0x7fa630e991c8;  1 drivers
L_0x7fa630e99210 .functor BUFT 1, C4<1>, C4<0>, C4<0>, C4<0>;
v0x55e6d952d1e0_0 .net/2u *"_ivl_1636", 0 0, L_0x7fa630e99210;  1 drivers
v0x55e6d952d2c0_0 .net *"_ivl_1638", 0 0, L_0x55e6d96f4ef0;  1 drivers
v0x55e6d95291b0_0 .net *"_ivl_1643", 0 0, L_0x55e6d96f5030;  1 drivers
L_0x7fa630e99258 .functor BUFT 1, C4<1>, C4<0>, C4<0>, C4<0>;
v0x55e6d9529270_0 .net/2u *"_ivl_1644", 0 0, L_0x7fa630e99258;  1 drivers
L_0x7fa630e992a0 .functor BUFT 1, C4<x>, C4<0>, C4<0>, C4<0>;
v0x55e6d9694370_0 .net *"_ivl_1646", 0 0, L_0x7fa630e992a0;  1 drivers
v0x55e6d9694450_0 .net *"_ivl_1648", 0 0, L_0x55e6d96f51b0;  1 drivers
v0x55e6d9694530_0 .net *"_ivl_165", 0 0, L_0x55e6d96c5290;  1 drivers
v0x55e6d9694610_0 .net *"_ivl_1653", 0 0, L_0x55e6d96f52f0;  1 drivers
L_0x7fa630e992e8 .functor BUFT 1, C4<0>, C4<0>, C4<0>, C4<0>;
v0x55e6d96946f0_0 .net/2u *"_ivl_1654", 0 0, L_0x7fa630e992e8;  1 drivers
L_0x7fa630e99330 .functor BUFT 1, C4<x>, C4<0>, C4<0>, C4<0>;
v0x55e6d96947d0_0 .net *"_ivl_1656", 0 0, L_0x7fa630e99330;  1 drivers
v0x55e6d96948b0_0 .net *"_ivl_1658", 0 0, L_0x55e6d96f5390;  1 drivers
v0x55e6d9694990_0 .net *"_ivl_166", 0 0, L_0x55e6d96c5330;  1 drivers
v0x55e6d9694a70_0 .net *"_ivl_1663", 0 0, L_0x55e6d96f5770;  1 drivers
L_0x7fa630e99378 .functor BUFT 1, C4<x>, C4<0>, C4<0>, C4<0>;
v0x55e6d9694b50_0 .net *"_ivl_1664", 0 0, L_0x7fa630e99378;  1 drivers
v0x55e6d9694c30_0 .net *"_ivl_1666", 0 0, L_0x55e6d96f5810;  1 drivers
v0x55e6d9694d10_0 .net *"_ivl_1671", 0 0, L_0x55e6d96f5950;  1 drivers
L_0x7fa630e993c0 .functor BUFT 1, C4<x>, C4<0>, C4<0>, C4<0>;
v0x55e6d9694df0_0 .net *"_ivl_1672", 0 0, L_0x7fa630e993c0;  1 drivers
v0x55e6d9694ed0_0 .net *"_ivl_1674", 0 0, L_0x55e6d96f5a40;  1 drivers
v0x55e6d9694fb0_0 .net *"_ivl_1679", 0 0, L_0x55e6d96f5bc0;  1 drivers
L_0x7fa630e99408 .functor BUFT 1, C4<x>, C4<0>, C4<0>, C4<0>;
v0x55e6d9695090_0 .net *"_ivl_1680", 0 0, L_0x7fa630e99408;  1 drivers
v0x55e6d9695170_0 .net *"_ivl_1682", 0 0, L_0x55e6d96f5c60;  1 drivers
v0x55e6d9695250_0 .net *"_ivl_1687", 0 0, L_0x55e6d96f5da0;  1 drivers
L_0x7fa630e99450 .functor BUFT 1, C4<x>, C4<0>, C4<0>, C4<0>;
v0x55e6d96973d0_0 .net *"_ivl_1688", 0 0, L_0x7fa630e99450;  1 drivers
v0x55e6d9697470_0 .net *"_ivl_169", 0 0, L_0x55e6d96c5470;  1 drivers
v0x55e6d9697510_0 .net *"_ivl_1690", 0 0, L_0x55e6d96f5ed0;  1 drivers
v0x55e6d96975b0_0 .net *"_ivl_1695", 0 0, L_0x55e6d96f5fc0;  1 drivers
L_0x7fa630e99498 .functor BUFT 1, C4<x>, C4<0>, C4<0>, C4<0>;
v0x55e6d9697650_0 .net *"_ivl_1696", 0 0, L_0x7fa630e99498;  1 drivers
v0x55e6d96976f0_0 .net *"_ivl_1698", 0 0, L_0x55e6d96f7670;  1 drivers
v0x55e6d9697790_0 .net *"_ivl_1703", 0 0, L_0x55e6d96f6bd0;  1 drivers
L_0x7fa630e994e0 .functor BUFT 1, C4<x>, C4<0>, C4<0>, C4<0>;
v0x55e6d9697830_0 .net *"_ivl_1704", 0 0, L_0x7fa630e994e0;  1 drivers
v0x55e6d96978d0_0 .net *"_ivl_1706", 0 0, L_0x55e6d96f6c70;  1 drivers
v0x55e6d9697970_0 .net *"_ivl_171", 0 0, L_0x55e6d96c5600;  1 drivers
v0x55e6d9697a10_0 .net *"_ivl_1711", 0 0, L_0x55e6d96f6ec0;  1 drivers
L_0x7fa630e99528 .functor BUFT 1, C4<x>, C4<0>, C4<0>, C4<0>;
v0x55e6d9697ab0_0 .net *"_ivl_1712", 0 0, L_0x7fa630e99528;  1 drivers
v0x55e6d9697b50_0 .net *"_ivl_1714", 0 0, L_0x55e6d96f6f60;  1 drivers
v0x55e6d9697bf0_0 .net *"_ivl_1719", 0 0, L_0x55e6d96f70a0;  1 drivers
L_0x7fa630e99570 .functor BUFT 1, C4<x>, C4<0>, C4<0>, C4<0>;
v0x55e6d9697c90_0 .net *"_ivl_1720", 0 0, L_0x7fa630e99570;  1 drivers
v0x55e6d9697d30_0 .net *"_ivl_1722", 0 0, L_0x55e6d96f7140;  1 drivers
v0x55e6d9697dd0_0 .net *"_ivl_1727", 0 0, L_0x55e6d96f7280;  1 drivers
L_0x7fa630e995b8 .functor BUFT 1, C4<x>, C4<0>, C4<0>, C4<0>;
v0x55e6d9697e70_0 .net *"_ivl_1728", 0 0, L_0x7fa630e995b8;  1 drivers
v0x55e6d9697f10_0 .net *"_ivl_1730", 0 0, L_0x55e6d96f7370;  1 drivers
v0x55e6d9697fb0_0 .net *"_ivl_1735", 0 0, L_0x55e6d96f74b0;  1 drivers
L_0x7fa630e99600 .functor BUFT 1, C4<x>, C4<0>, C4<0>, C4<0>;
v0x55e6d9698050_0 .net *"_ivl_1736", 0 0, L_0x7fa630e99600;  1 drivers
v0x55e6d96980f0_0 .net *"_ivl_1738", 0 0, L_0x55e6d96f7550;  1 drivers
v0x55e6d9698190_0 .net *"_ivl_1743", 0 0, L_0x55e6d96f8210;  1 drivers
L_0x7fa630e99648 .functor BUFT 1, C4<x>, C4<0>, C4<0>, C4<0>;
v0x55e6d9698230_0 .net *"_ivl_1744", 0 0, L_0x7fa630e99648;  1 drivers
v0x55e6d96982d0_0 .net *"_ivl_1746", 0 0, L_0x55e6d96f82b0;  1 drivers
v0x55e6d9698370_0 .net *"_ivl_1751", 0 0, L_0x55e6d96f7760;  1 drivers
L_0x7fa630e99690 .functor BUFT 1, C4<x>, C4<0>, C4<0>, C4<0>;
v0x55e6d9698410_0 .net *"_ivl_1752", 0 0, L_0x7fa630e99690;  1 drivers
v0x55e6d96984b0_0 .net *"_ivl_1754", 0 0, L_0x55e6d96f7800;  1 drivers
v0x55e6d9698550_0 .net *"_ivl_1759", 0 0, L_0x55e6d96f7940;  1 drivers
L_0x7fa630e996d8 .functor BUFT 1, C4<x>, C4<0>, C4<0>, C4<0>;
v0x55e6d96985f0_0 .net *"_ivl_1760", 0 0, L_0x7fa630e996d8;  1 drivers
v0x55e6d9698690_0 .net *"_ivl_1762", 0 0, L_0x55e6d96f79e0;  1 drivers
v0x55e6d9698730_0 .net *"_ivl_1767", 0 0, L_0x55e6d96f7b20;  1 drivers
L_0x7fa630e99720 .functor BUFT 1, C4<x>, C4<0>, C4<0>, C4<0>;
v0x55e6d96987d0_0 .net *"_ivl_1768", 0 0, L_0x7fa630e99720;  1 drivers
v0x55e6d9698870_0 .net *"_ivl_177", 0 0, L_0x55e6d96c4fe0;  1 drivers
v0x55e6d9698910_0 .net *"_ivl_1770", 0 0, L_0x55e6d96f7bc0;  1 drivers
v0x55e6d96989b0_0 .net *"_ivl_1775", 0 0, L_0x55e6d96f7d00;  1 drivers
v0x55e6d9698a50_0 .net *"_ivl_1777", 0 0, L_0x55e6d96f7da0;  1 drivers
v0x55e6d9698af0_0 .net *"_ivl_1778", 0 0, L_0x55e6d96f7e40;  1 drivers
v0x55e6d9698b90_0 .net *"_ivl_178", 0 0, L_0x55e6d96c5080;  1 drivers
v0x55e6d9698c30_0 .net *"_ivl_1783", 0 0, L_0x55e6d96f7fd0;  1 drivers
v0x55e6d9698cd0_0 .net *"_ivl_1785", 0 0, L_0x55e6d96f80c0;  1 drivers
v0x55e6d9698d70_0 .net *"_ivl_1786", 0 0, L_0x55e6d96f8eb0;  1 drivers
v0x55e6d9698e10_0 .net *"_ivl_1791", 0 0, L_0x55e6d96f83a0;  1 drivers
v0x55e6d9698eb0_0 .net *"_ivl_1793", 0 0, L_0x55e6d96f8440;  1 drivers
v0x55e6d9698f50_0 .net *"_ivl_1794", 0 0, L_0x55e6d96f84e0;  1 drivers
v0x55e6d9698ff0_0 .net *"_ivl_1799", 0 0, L_0x55e6d96f85d0;  1 drivers
v0x55e6d9699090_0 .net *"_ivl_1801", 0 0, L_0x55e6d96f8700;  1 drivers
v0x55e6d9699130_0 .net *"_ivl_1802", 0 0, L_0x55e6d96f8830;  1 drivers
v0x55e6d96991d0_0 .net *"_ivl_1807", 0 0, L_0x55e6d96f88d0;  1 drivers
v0x55e6d9699270_0 .net *"_ivl_1809", 0 0, L_0x55e6d96f8970;  1 drivers
v0x55e6d9699310_0 .net *"_ivl_1810", 0 0, L_0x55e6d96f8a10;  1 drivers
v0x55e6d96993b0_0 .net *"_ivl_1815", 0 0, L_0x55e6d96f8b50;  1 drivers
v0x55e6d9699450_0 .net *"_ivl_1817", 0 0, L_0x55e6d96f8bf0;  1 drivers
v0x55e6d96994f0_0 .net *"_ivl_1818", 0 0, L_0x55e6d96f8c90;  1 drivers
v0x55e6d9699590_0 .net *"_ivl_1823", 0 0, L_0x55e6d96f8dd0;  1 drivers
v0x55e6d9699630_0 .net *"_ivl_1825", 0 0, L_0x55e6d96f9b20;  1 drivers
v0x55e6d96996d0_0 .net *"_ivl_1826", 0 0, L_0x55e6d96f8f50;  1 drivers
v0x55e6d9699770_0 .net *"_ivl_183", 0 0, L_0x55e6d96c5ac0;  1 drivers
v0x55e6d9699810_0 .net *"_ivl_1831", 0 0, L_0x55e6d96f9090;  1 drivers
L_0x7fa630e99768 .functor BUFT 1, C4<x>, C4<0>, C4<0>, C4<0>;
v0x55e6d96998b0_0 .net *"_ivl_1832", 0 0, L_0x7fa630e99768;  1 drivers
v0x55e6d9699950_0 .net *"_ivl_1834", 0 0, L_0x55e6d96f9130;  1 drivers
v0x55e6d96999f0_0 .net *"_ivl_1839", 0 0, L_0x55e6d96f92a0;  1 drivers
L_0x7fa630e997b0 .functor BUFT 1, C4<x>, C4<0>, C4<0>, C4<0>;
v0x55e6d9699a90_0 .net *"_ivl_1840", 0 0, L_0x7fa630e997b0;  1 drivers
v0x55e6d9699b30_0 .net *"_ivl_1842", 0 0, L_0x55e6d96f9390;  1 drivers
v0x55e6d9699bd0_0 .net *"_ivl_1847", 0 0, L_0x55e6d96f94d0;  1 drivers
L_0x7fa630e997f8 .functor BUFT 1, C4<x>, C4<0>, C4<0>, C4<0>;
v0x55e6d9699c70_0 .net *"_ivl_1848", 0 0, L_0x7fa630e997f8;  1 drivers
v0x55e6d9699d10_0 .net *"_ivl_185", 0 0, L_0x55e6d96c5b60;  1 drivers
v0x55e6d9699db0_0 .net *"_ivl_1850", 0 0, L_0x55e6d96f9570;  1 drivers
v0x55e6d9699e50_0 .net *"_ivl_1855", 0 0, L_0x55e6d96f97f0;  1 drivers
L_0x7fa630e99840 .functor BUFT 1, C4<x>, C4<0>, C4<0>, C4<0>;
v0x55e6d9699ef0_0 .net *"_ivl_1856", 0 0, L_0x7fa630e99840;  1 drivers
v0x55e6d9699f90_0 .net *"_ivl_1858", 0 0, L_0x55e6d96f9890;  1 drivers
v0x55e6d969a030_0 .net *"_ivl_186", 0 0, L_0x55e6d96c5d40;  1 drivers
v0x55e6d969a0d0_0 .net *"_ivl_1863", 0 0, L_0x55e6d96f99b0;  1 drivers
L_0x7fa630e99888 .functor BUFT 1, C4<x>, C4<0>, C4<0>, C4<0>;
v0x55e6d969a170_0 .net *"_ivl_1864", 0 0, L_0x7fa630e99888;  1 drivers
v0x55e6d969a210_0 .net *"_ivl_1866", 0 0, L_0x55e6d96f9a50;  1 drivers
v0x55e6d969a2b0_0 .net *"_ivl_1871", 0 0, L_0x55e6d96fa890;  1 drivers
L_0x7fa630e998d0 .functor BUFT 1, C4<x>, C4<0>, C4<0>, C4<0>;
v0x55e6d969a350_0 .net *"_ivl_1872", 0 0, L_0x7fa630e998d0;  1 drivers
v0x55e6d969a3f0_0 .net *"_ivl_1874", 0 0, L_0x55e6d96f9bc0;  1 drivers
v0x55e6d969a490_0 .net *"_ivl_1879", 0 0, L_0x55e6d96f9d30;  1 drivers
L_0x7fa630e99918 .functor BUFT 1, C4<x>, C4<0>, C4<0>, C4<0>;
v0x55e6d969a530_0 .net *"_ivl_1880", 0 0, L_0x7fa630e99918;  1 drivers
v0x55e6d969a5d0_0 .net *"_ivl_1882", 0 0, L_0x55e6d96f9dd0;  1 drivers
v0x55e6d969a670_0 .net *"_ivl_1888", 0 0, L_0x55e6d96fa260;  1 drivers
L_0x7fa630e99960 .functor BUFT 1, C4<x>, C4<0>, C4<0>, C4<0>;
v0x55e6d969a710_0 .net *"_ivl_1889", 0 0, L_0x7fa630e99960;  1 drivers
v0x55e6d969a7b0_0 .net *"_ivl_189", 0 0, L_0x55e6d96c5f80;  1 drivers
v0x55e6d969a850_0 .net *"_ivl_1891", 0 0, L_0x55e6d96fa300;  1 drivers
L_0x7fa630e999a8 .functor BUFT 1, C4<x>, C4<0>, C4<0>, C4<0>;
v0x55e6d969a8f0_0 .net *"_ivl_1895", 0 0, L_0x7fa630e999a8;  1 drivers
v0x55e6d969a990_0 .net *"_ivl_1898", 0 0, L_0x55e6d96fa490;  1 drivers
v0x55e6d969aa30_0 .net *"_ivl_1899", 0 0, L_0x55e6d96fa580;  1 drivers
v0x55e6d969aad0_0 .net *"_ivl_19", 0 0, v0x55e6d96640a0_0;  1 drivers
L_0x7fa630e999f0 .functor BUFT 1, C4<x>, C4<0>, C4<0>, C4<0>;
v0x55e6d969ab70_0 .net *"_ivl_1903", 0 0, L_0x7fa630e999f0;  1 drivers
v0x55e6d969ac10_0 .net *"_ivl_1906", 0 0, L_0x55e6d96fa6c0;  1 drivers
v0x55e6d969acb0_0 .net *"_ivl_1907", 0 0, L_0x55e6d96fb5b0;  1 drivers
v0x55e6d969ad50_0 .net *"_ivl_191", 0 0, L_0x55e6d96c6020;  1 drivers
L_0x7fa630e99a38 .functor BUFT 1, C4<x>, C4<0>, C4<0>, C4<0>;
v0x55e6d969adf0_0 .net *"_ivl_1911", 0 0, L_0x7fa630e99a38;  1 drivers
v0x55e6d969ae90_0 .net *"_ivl_1914", 0 0, L_0x55e6d96fa980;  1 drivers
v0x55e6d969af30_0 .net *"_ivl_1915", 0 0, L_0x55e6d96faa20;  1 drivers
L_0x7fa630e99a80 .functor BUFT 1, C4<x>, C4<0>, C4<0>, C4<0>;
v0x55e6d969afd0_0 .net *"_ivl_1919", 0 0, L_0x7fa630e99a80;  1 drivers
v0x55e6d969b070_0 .net *"_ivl_1922", 0 0, L_0x55e6d96fab10;  1 drivers
v0x55e6d969b110_0 .net *"_ivl_1923", 0 0, L_0x55e6d96fabb0;  1 drivers
L_0x7fa630e99ac8 .functor BUFT 1, C4<x>, C4<0>, C4<0>, C4<0>;
v0x55e6d969b1b0_0 .net *"_ivl_1927", 0 0, L_0x7fa630e99ac8;  1 drivers
v0x55e6d969b250_0 .net *"_ivl_1930", 0 0, L_0x55e6d96facf0;  1 drivers
v0x55e6d969b2f0_0 .net *"_ivl_1931", 0 0, L_0x55e6d96fad90;  1 drivers
L_0x7fa630e99b10 .functor BUFT 1, C4<x>, C4<0>, C4<0>, C4<0>;
v0x55e6d969b390_0 .net *"_ivl_1935", 0 0, L_0x7fa630e99b10;  1 drivers
v0x55e6d969b430_0 .net *"_ivl_1938", 0 0, L_0x55e6d96faed0;  1 drivers
v0x55e6d969b4d0_0 .net *"_ivl_1939", 0 0, L_0x55e6d96faf70;  1 drivers
L_0x7fa630e99b58 .functor BUFT 1, C4<x>, C4<0>, C4<0>, C4<0>;
v0x55e6d969b570_0 .net *"_ivl_1943", 0 0, L_0x7fa630e99b58;  1 drivers
v0x55e6d969b610_0 .net *"_ivl_1946", 0 0, L_0x55e6d96fb0b0;  1 drivers
v0x55e6d969b6b0_0 .net *"_ivl_1947", 0 0, L_0x55e6d96fb260;  1 drivers
v0x55e6d969b750_0 .net *"_ivl_1952", 0 0, L_0x55e6d96fb3d0;  1 drivers
L_0x7fa630e99ba0 .functor BUFT 1, C4<x>, C4<0>, C4<0>, C4<0>;
v0x55e6d969b7f0_0 .net *"_ivl_1953", 0 0, L_0x7fa630e99ba0;  1 drivers
v0x55e6d969b890_0 .net *"_ivl_1955", 0 0, L_0x55e6d96fb4a0;  1 drivers
v0x55e6d969b930_0 .net *"_ivl_196", 0 0, L_0x55e6d96c6300;  1 drivers
v0x55e6d969b9d0_0 .net *"_ivl_1960", 0 0, L_0x55e6d96fc3e0;  1 drivers
L_0x7fa630e99be8 .functor BUFT 1, C4<x>, C4<0>, C4<0>, C4<0>;
v0x55e6d969ba70_0 .net *"_ivl_1961", 0 0, L_0x7fa630e99be8;  1 drivers
v0x55e6d969bb10_0 .net *"_ivl_1963", 0 0, L_0x55e6d96fc4d0;  1 drivers
v0x55e6d969bbb0_0 .net *"_ivl_1968", 0 0, L_0x55e6d96fb6f0;  1 drivers
L_0x7fa630e99c30 .functor BUFT 1, C4<x>, C4<0>, C4<0>, C4<0>;
v0x55e6d969bc50_0 .net *"_ivl_1969", 0 0, L_0x7fa630e99c30;  1 drivers
v0x55e6d969bcf0_0 .net *"_ivl_1971", 0 0, L_0x55e6d96fb790;  1 drivers
v0x55e6d969bd90_0 .net *"_ivl_1976", 0 0, L_0x55e6d96fba10;  1 drivers
L_0x7fa630e99c78 .functor BUFT 1, C4<x>, C4<0>, C4<0>, C4<0>;
v0x55e6d969be30_0 .net *"_ivl_1977", 0 0, L_0x7fa630e99c78;  1 drivers
v0x55e6d969bed0_0 .net *"_ivl_1979", 0 0, L_0x55e6d96fbab0;  1 drivers
v0x55e6d969bf70_0 .net *"_ivl_1984", 0 0, L_0x55e6d96fbbd0;  1 drivers
L_0x7fa630e99cc0 .functor BUFT 1, C4<x>, C4<0>, C4<0>, C4<0>;
v0x55e6d969c010_0 .net *"_ivl_1985", 0 0, L_0x7fa630e99cc0;  1 drivers
v0x55e6d969c0b0_0 .net *"_ivl_1987", 0 0, L_0x55e6d96fbc70;  1 drivers
v0x55e6d969c150_0 .net *"_ivl_1992", 0 0, L_0x55e6d96fbde0;  1 drivers
L_0x7fa630e99d08 .functor BUFT 1, C4<x>, C4<0>, C4<0>, C4<0>;
v0x55e6d969c1f0_0 .net *"_ivl_1993", 0 0, L_0x7fa630e99d08;  1 drivers
v0x55e6d969c290_0 .net *"_ivl_1995", 0 0, L_0x55e6d96fbe80;  1 drivers
v0x55e6d969c330_0 .net *"_ivl_2000", 0 0, L_0x55e6d96fbff0;  1 drivers
L_0x7fa630e99d50 .functor BUFT 1, C4<x>, C4<0>, C4<0>, C4<0>;
v0x55e6d969c3d0_0 .net *"_ivl_2001", 0 0, L_0x7fa630e99d50;  1 drivers
v0x55e6d969c470_0 .net *"_ivl_2003", 0 0, L_0x55e6d96fc090;  1 drivers
v0x55e6d969c510_0 .net *"_ivl_2009", 0 0, L_0x55e6d96fd4a0;  1 drivers
v0x55e6d969c5b0_0 .net *"_ivl_201", 0 0, L_0x55e6d96c6570;  1 drivers
L_0x7fa630e99d98 .functor BUFT 1, C4<x>, C4<0>, C4<0>, C4<0>;
v0x55e6d969c650_0 .net *"_ivl_2010", 0 0, L_0x7fa630e99d98;  1 drivers
v0x55e6d969c6f0_0 .net *"_ivl_2012", 0 0, L_0x55e6d96fc570;  1 drivers
L_0x7fa630e99de0 .functor BUFT 1, C4<x>, C4<0>, C4<0>, C4<0>;
v0x55e6d969c790_0 .net *"_ivl_2016", 0 0, L_0x7fa630e99de0;  1 drivers
v0x55e6d969c830_0 .net *"_ivl_2018", 0 0, L_0x55e6d96fc700;  1 drivers
v0x55e6d969c8d0_0 .net *"_ivl_2023", 0 0, L_0x55e6d96fc840;  1 drivers
L_0x7fa630e99e28 .functor BUFT 1, C4<x>, C4<0>, C4<0>, C4<0>;
v0x55e6d969c970_0 .net *"_ivl_2024", 0 0, L_0x7fa630e99e28;  1 drivers
v0x55e6d969ca30_0 .net *"_ivl_2026", 0 0, L_0x55e6d96fc8e0;  1 drivers
v0x55e6d969cb10_0 .net *"_ivl_203", 0 0, L_0x55e6d96c6610;  1 drivers
v0x55e6d969cbf0_0 .net *"_ivl_2031", 0 0, L_0x55e6d96fca20;  1 drivers
L_0x7fa630e99e70 .functor BUFT 1, C4<x>, C4<0>, C4<0>, C4<0>;
v0x55e6d969ccd0_0 .net *"_ivl_2032", 0 0, L_0x7fa630e99e70;  1 drivers
v0x55e6d969cdb0_0 .net *"_ivl_2034", 0 0, L_0x55e6d96fcac0;  1 drivers
v0x55e6d969ce90_0 .net *"_ivl_2039", 0 0, L_0x55e6d96fcbb0;  1 drivers
v0x55e6d969cf70_0 .net *"_ivl_204", 0 0, L_0x55e6d96c6830;  1 drivers
L_0x7fa630e99eb8 .functor BUFT 1, C4<x>, C4<0>, C4<0>, C4<0>;
v0x55e6d969d050_0 .net *"_ivl_2040", 0 0, L_0x7fa630e99eb8;  1 drivers
v0x55e6d969d130_0 .net *"_ivl_2042", 0 0, L_0x55e6d96fcc50;  1 drivers
v0x55e6d969d210_0 .net *"_ivl_2047", 0 0, L_0x55e6d96fcd90;  1 drivers
L_0x7fa630e99f00 .functor BUFT 1, C4<x>, C4<0>, C4<0>, C4<0>;
v0x55e6d969d2f0_0 .net *"_ivl_2048", 0 0, L_0x7fa630e99f00;  1 drivers
v0x55e6d969d3d0_0 .net *"_ivl_2050", 0 0, L_0x55e6d96fce30;  1 drivers
v0x55e6d969d4b0_0 .net *"_ivl_2055", 0 0, L_0x55e6d96fcf70;  1 drivers
L_0x7fa630e99f48 .functor BUFT 1, C4<x>, C4<0>, C4<0>, C4<0>;
v0x55e6d969d590_0 .net *"_ivl_2056", 0 0, L_0x7fa630e99f48;  1 drivers
v0x55e6d969d670_0 .net *"_ivl_2058", 0 0, L_0x55e6d96fd010;  1 drivers
v0x55e6d969d750_0 .net *"_ivl_2063", 0 0, L_0x55e6d96fd150;  1 drivers
L_0x7fa630e99f90 .functor BUFT 1, C4<x>, C4<0>, C4<0>, C4<0>;
v0x55e6d969d830_0 .net *"_ivl_2064", 0 0, L_0x7fa630e99f90;  1 drivers
v0x55e6d969d910_0 .net *"_ivl_2066", 0 0, L_0x55e6d96fd1f0;  1 drivers
v0x55e6d969d9f0_0 .net *"_ivl_207", 0 0, L_0x55e6d96c6940;  1 drivers
v0x55e6d969dad0_0 .net *"_ivl_2072", 0 0, L_0x55e6d96fe8f0;  1 drivers
L_0x7fa630e99fd8 .functor BUFT 1, C4<x>, C4<0>, C4<0>, C4<0>;
v0x55e6d969dbb0_0 .net *"_ivl_2073", 0 0, L_0x7fa630e99fd8;  1 drivers
v0x55e6d969dc90_0 .net *"_ivl_2075", 0 0, L_0x55e6d96fd650;  1 drivers
v0x55e6d969dd70_0 .net *"_ivl_2080", 0 0, L_0x55e6d96fd7e0;  1 drivers
L_0x7fa630e9a020 .functor BUFT 1, C4<x>, C4<0>, C4<0>, C4<0>;
v0x55e6d969de50_0 .net *"_ivl_2081", 0 0, L_0x7fa630e9a020;  1 drivers
v0x55e6d969df30_0 .net *"_ivl_2083", 0 0, L_0x55e6d96fd880;  1 drivers
v0x55e6d969e010_0 .net *"_ivl_2088", 0 0, L_0x55e6d96fd9c0;  1 drivers
L_0x7fa630e9a068 .functor BUFT 1, C4<x>, C4<0>, C4<0>, C4<0>;
v0x55e6d969e0f0_0 .net *"_ivl_2089", 0 0, L_0x7fa630e9a068;  1 drivers
v0x55e6d969e1d0_0 .net *"_ivl_209", 0 0, L_0x55e6d96c69e0;  1 drivers
v0x55e6d969e2b0_0 .net *"_ivl_2091", 0 0, L_0x55e6d96fda60;  1 drivers
v0x55e6d969e390_0 .net *"_ivl_2096", 0 0, L_0x55e6d96fdba0;  1 drivers
L_0x7fa630e9a0b0 .functor BUFT 1, C4<x>, C4<0>, C4<0>, C4<0>;
v0x55e6d969e470_0 .net *"_ivl_2097", 0 0, L_0x7fa630e9a0b0;  1 drivers
v0x55e6d969e550_0 .net *"_ivl_2099", 0 0, L_0x55e6d96fdc90;  1 drivers
v0x55e6d969e630_0 .net *"_ivl_2105", 0 0, L_0x55e6d96fdf60;  1 drivers
L_0x7fa630e9a0f8 .functor BUFT 1, C4<x>, C4<0>, C4<0>, C4<0>;
v0x55e6d969e710_0 .net *"_ivl_2106", 0 0, L_0x7fa630e9a0f8;  1 drivers
v0x55e6d969e7f0_0 .net *"_ivl_2108", 0 0, L_0x55e6d96fe000;  1 drivers
L_0x7fa630e9a140 .functor BUFT 1, C4<1>, C4<0>, C4<0>, C4<0>;
v0x55e6d969e8d0_0 .net/2u *"_ivl_2112", 0 0, L_0x7fa630e9a140;  1 drivers
L_0x7fa630e9a188 .functor BUFT 1, C4<x>, C4<0>, C4<0>, C4<0>;
v0x55e6d969e9b0_0 .net *"_ivl_2114", 0 0, L_0x7fa630e9a188;  1 drivers
v0x55e6d969ea90_0 .net *"_ivl_2116", 0 0, L_0x55e6d96fe190;  1 drivers
L_0x7fa630e9a1d0 .functor BUFT 1, C4<0>, C4<0>, C4<0>, C4<0>;
v0x55e6d969eb70_0 .net/2u *"_ivl_2120", 0 0, L_0x7fa630e9a1d0;  1 drivers
L_0x7fa630e9a218 .functor BUFT 1, C4<x>, C4<0>, C4<0>, C4<0>;
v0x55e6d969ec50_0 .net *"_ivl_2122", 0 0, L_0x7fa630e9a218;  1 drivers
v0x55e6d969ed30_0 .net *"_ivl_2124", 0 0, L_0x55e6d96fe2d0;  1 drivers
v0x55e6d969ee10_0 .net *"_ivl_2129", 0 0, L_0x55e6d96ff7d0;  1 drivers
v0x55e6d969eef0_0 .net *"_ivl_2131", 0 0, L_0x55e6d96ff8c0;  1 drivers
v0x55e6d969efd0_0 .net *"_ivl_2132", 0 0, L_0x55e6d96fe990;  1 drivers
v0x55e6d969f0b0_0 .net *"_ivl_2137", 0 0, L_0x55e6d96fead0;  1 drivers
v0x55e6d969f190_0 .net *"_ivl_2139", 0 0, L_0x55e6d96feb70;  1 drivers
v0x55e6d969f270_0 .net *"_ivl_2140", 0 0, L_0x55e6d96fec60;  1 drivers
v0x55e6d969f350_0 .net *"_ivl_2145", 0 0, L_0x55e6d96feda0;  1 drivers
v0x55e6d969f430_0 .net *"_ivl_2147", 0 0, L_0x55e6d96fee40;  1 drivers
v0x55e6d969f510_0 .net *"_ivl_2148", 0 0, L_0x55e6d96feee0;  1 drivers
v0x55e6d969f5f0_0 .net *"_ivl_215", 0 0, L_0x55e6d96c6d80;  1 drivers
v0x55e6d969f6d0_0 .net *"_ivl_2154", 0 0, L_0x55e6d96ff160;  1 drivers
v0x55e6d969f7b0_0 .net *"_ivl_2156", 0 0, L_0x55e6d96ff200;  1 drivers
v0x55e6d969f890_0 .net *"_ivl_2157", 0 0, L_0x55e6d96ff2a0;  1 drivers
v0x55e6d969f970_0 .net *"_ivl_216", 0 0, L_0x55e6d96c6e20;  1 drivers
v0x55e6d969fa50_0 .net *"_ivl_2162", 0 0, L_0x55e6d96ff3e0;  1 drivers
v0x55e6d969fb30_0 .net *"_ivl_2164", 0 0, L_0x55e6d96ff4d0;  1 drivers
v0x55e6d969fc10_0 .net *"_ivl_2165", 0 0, L_0x55e6d96ff570;  1 drivers
v0x55e6d969fcf0_0 .net *"_ivl_2170", 0 0, L_0x55e6d96ff6b0;  1 drivers
v0x55e6d969fdd0_0 .net *"_ivl_2172", 0 0, L_0x55e6d9700820;  1 drivers
v0x55e6d969feb0_0 .net *"_ivl_2173", 0 0, L_0x55e6d96ff960;  1 drivers
v0x55e6d969ff90_0 .net *"_ivl_2178", 0 0, L_0x55e6d96ffa50;  1 drivers
v0x55e6d96a0070_0 .net *"_ivl_2180", 0 0, L_0x55e6d96ffaf0;  1 drivers
v0x55e6d96a0150_0 .net *"_ivl_2181", 0 0, L_0x55e6d96ffb90;  1 drivers
v0x55e6d96a0230_0 .net *"_ivl_2187", 0 0, L_0x55e6d96ffe60;  1 drivers
v0x55e6d96a0310_0 .net *"_ivl_2189", 0 0, L_0x55e6d96fff00;  1 drivers
v0x55e6d96a03f0_0 .net *"_ivl_2190", 0 0, L_0x55e6d96fffa0;  1 drivers
v0x55e6d96a04d0_0 .net *"_ivl_2195", 0 0, L_0x55e6d9700130;  1 drivers
L_0x7fa630e9a260 .functor BUFT 1, C4<0>, C4<0>, C4<0>, C4<0>;
v0x55e6d96a05b0_0 .net/2u *"_ivl_2196", 0 0, L_0x7fa630e9a260;  1 drivers
v0x55e6d96a0690_0 .net *"_ivl_2198", 0 0, L_0x55e6d9700220;  1 drivers
v0x55e6d96a0770_0 .net *"_ivl_2203", 0 0, L_0x55e6d9700360;  1 drivers
L_0x7fa630e9a2a8 .functor BUFT 1, C4<0>, C4<0>, C4<0>, C4<0>;
v0x55e6d96a0850_0 .net/2u *"_ivl_2204", 0 0, L_0x7fa630e9a2a8;  1 drivers
v0x55e6d96a0930_0 .net *"_ivl_2206", 0 0, L_0x55e6d9700400;  1 drivers
v0x55e6d96a0a10_0 .net *"_ivl_221", 0 0, L_0x55e6d96c6ee0;  1 drivers
v0x55e6d96a0af0_0 .net *"_ivl_2211", 0 0, L_0x55e6d9700540;  1 drivers
L_0x7fa630e9a2f0 .functor BUFT 1, C4<0>, C4<0>, C4<0>, C4<0>;
v0x55e6d96a0bd0_0 .net/2u *"_ivl_2212", 0 0, L_0x7fa630e9a2f0;  1 drivers
v0x55e6d96a0cb0_0 .net *"_ivl_2214", 0 0, L_0x55e6d9700670;  1 drivers
v0x55e6d96a0d90_0 .net *"_ivl_2220", 0 0, L_0x55e6d97018a0;  1 drivers
L_0x7fa630e9a338 .functor BUFT 1, C4<0>, C4<0>, C4<0>, C4<0>;
v0x55e6d96a0e70_0 .net/2u *"_ivl_2221", 0 0, L_0x7fa630e9a338;  1 drivers
v0x55e6d96a0f50_0 .net *"_ivl_2223", 0 0, L_0x55e6d97008c0;  1 drivers
v0x55e6d96a1030_0 .net *"_ivl_2226", 0 0, L_0x55e6d9700a50;  1 drivers
L_0x7fa630e9a380 .functor BUFT 1, C4<x>, C4<0>, C4<0>, C4<0>;
v0x55e6d96a1110_0 .net *"_ivl_2227", 0 0, L_0x7fa630e9a380;  1 drivers
v0x55e6d96a11f0_0 .net *"_ivl_223", 0 0, L_0x55e6d96c70d0;  1 drivers
v0x55e6d96a12d0_0 .net *"_ivl_2232", 0 0, L_0x55e6d9700c30;  1 drivers
L_0x7fa630e9a3c8 .functor BUFT 1, C4<x>, C4<0>, C4<0>, C4<0>;
v0x55e6d96a13b0_0 .net *"_ivl_2233", 0 0, L_0x7fa630e9a3c8;  1 drivers
v0x55e6d96a1490_0 .net *"_ivl_224", 0 0, L_0x55e6d96c7170;  1 drivers
v0x55e6d96a1570_0 .net *"_ivl_2244", 0 0, L_0x55e6d9701180;  1 drivers
v0x55e6d96a1650_0 .net *"_ivl_2248", 0 0, L_0x55e6d9701330;  1 drivers
v0x55e6d96a1730_0 .net *"_ivl_2252", 0 0, L_0x55e6d97014e0;  1 drivers
v0x55e6d96a1810_0 .net *"_ivl_2256", 0 0, L_0x55e6d9701690;  1 drivers
v0x55e6d96a18f0_0 .net *"_ivl_2260", 0 0, L_0x55e6d96f6220;  1 drivers
v0x55e6d96a19d0_0 .net *"_ivl_2264", 0 0, L_0x55e6d96f63d0;  1 drivers
v0x55e6d96a1ab0_0 .net *"_ivl_2268", 0 0, L_0x55e6d96f6580;  1 drivers
v0x55e6d96a1b90_0 .net *"_ivl_227", 0 0, L_0x55e6d96c7430;  1 drivers
v0x55e6d96a1c70_0 .net *"_ivl_2272", 0 0, L_0x55e6d96f6730;  1 drivers
v0x55e6d96a1d50_0 .net *"_ivl_2276", 0 0, L_0x55e6d96f68e0;  1 drivers
v0x55e6d96a1e30_0 .net *"_ivl_2280", 0 0, L_0x55e6d96f6ae0;  1 drivers
v0x55e6d96a1f10_0 .net *"_ivl_2284", 0 0, L_0x55e6d9702e90;  1 drivers
v0x55e6d96a1ff0_0 .net *"_ivl_2288", 0 0, L_0x55e6d97030d0;  1 drivers
v0x55e6d96a20d0_0 .net *"_ivl_229", 0 0, L_0x55e6d96c7660;  1 drivers
v0x55e6d96a21b0_0 .net *"_ivl_2292", 0 0, L_0x55e6d97019d0;  1 drivers
v0x55e6d96a2290_0 .net *"_ivl_2296", 0 0, L_0x55e6d9701ba0;  1 drivers
v0x55e6d96a2370_0 .net *"_ivl_23", 0 0, v0x55e6d96632f0_0;  1 drivers
v0x55e6d96a2450_0 .net *"_ivl_2300", 0 0, L_0x55e6d9701de0;  1 drivers
v0x55e6d96a2530_0 .net *"_ivl_2304", 0 0, L_0x55e6d9702020;  1 drivers
v0x55e6d96a2610_0 .net *"_ivl_2308", 0 0, L_0x55e6d9702260;  1 drivers
v0x55e6d96a26f0_0 .net *"_ivl_2312", 0 0, L_0x55e6d9702440;  1 drivers
v0x55e6d96a27d0_0 .net *"_ivl_2316", 0 0, L_0x55e6d97025f0;  1 drivers
v0x55e6d96a28b0_0 .net *"_ivl_2320", 0 0, L_0x55e6d97027a0;  1 drivers
v0x55e6d96a2990_0 .net *"_ivl_2324", 0 0, L_0x55e6d9702950;  1 drivers
v0x55e6d96a2a70_0 .net *"_ivl_2328", 0 0, L_0x55e6d9702b00;  1 drivers
v0x55e6d96a2b50_0 .net *"_ivl_2332", 0 0, L_0x55e6d9702cb0;  1 drivers
v0x55e6d96a2c30_0 .net *"_ivl_2336", 0 0, L_0x55e6d9703da0;  1 drivers
v0x55e6d96a2d10_0 .net *"_ivl_2340", 0 0, L_0x55e6d9704a10;  1 drivers
v0x55e6d96a2df0_0 .net *"_ivl_2344", 0 0, L_0x55e6d9704b20;  1 drivers
v0x55e6d96a2ed0_0 .net *"_ivl_2348", 0 0, L_0x55e6d9704c80;  1 drivers
v0x55e6d96a2fb0_0 .net *"_ivl_235", 0 0, L_0x55e6d96c7870;  1 drivers
v0x55e6d96a3090_0 .net *"_ivl_2352", 0 0, L_0x55e6d9703440;  1 drivers
v0x55e6d96a3170_0 .net *"_ivl_2356", 0 0, L_0x55e6d9703630;  1 drivers
v0x55e6d96a3250_0 .net *"_ivl_236", 0 0, L_0x55e6d96c7a80;  1 drivers
v0x55e6d96a3330_0 .net *"_ivl_2360", 0 0, L_0x55e6d9703820;  1 drivers
v0x55e6d96a3410_0 .net *"_ivl_2364", 0 0, L_0x55e6d9703a10;  1 drivers
v0x55e6d96a34f0_0 .net *"_ivl_2368", 0 0, L_0x55e6d9703c00;  1 drivers
v0x55e6d96a35d0_0 .net *"_ivl_2372", 0 0, L_0x55e6d9703f50;  1 drivers
v0x55e6d96a36b0_0 .net *"_ivl_2376", 0 0, L_0x55e6d9704100;  1 drivers
v0x55e6d96a3790_0 .net *"_ivl_2380", 0 0, L_0x55e6d97042b0;  1 drivers
v0x55e6d96a3870_0 .net *"_ivl_2384", 0 0, L_0x55e6d9704460;  1 drivers
v0x55e6d96a3950_0 .net *"_ivl_2388", 0 0, L_0x55e6d9704610;  1 drivers
v0x55e6d96a3a30_0 .net *"_ivl_2392", 0 0, L_0x55e6d97047c0;  1 drivers
v0x55e6d96a3b10_0 .net *"_ivl_2396", 0 0, L_0x55e6d9704970;  1 drivers
v0x55e6d96a3bf0_0 .net *"_ivl_2400", 0 0, L_0x55e6d9705960;  1 drivers
v0x55e6d96a3cd0_0 .net *"_ivl_2404", 0 0, L_0x55e6d9706650;  1 drivers
v0x55e6d96a3db0_0 .net *"_ivl_2408", 0 0, L_0x55e6d9704e30;  1 drivers
v0x55e6d96a3e90_0 .net *"_ivl_241", 0 0, L_0x55e6d96c7cd0;  1 drivers
v0x55e6d96a3f70_0 .net *"_ivl_2412", 0 0, L_0x55e6d9705080;  1 drivers
v0x55e6d96a4050_0 .net *"_ivl_2416", 0 0, L_0x55e6d9705340;  1 drivers
v0x55e6d96a4130_0 .net *"_ivl_2420", 0 0, L_0x55e6d97054f0;  1 drivers
v0x55e6d96a4210_0 .net *"_ivl_2424", 0 0, L_0x55e6d97057b0;  1 drivers
v0x55e6d96a42f0_0 .net *"_ivl_2428", 0 0, L_0x55e6d9705c70;  1 drivers
v0x55e6d96a43d0_0 .net *"_ivl_243", 0 0, L_0x55e6d96c7dc0;  1 drivers
v0x55e6d96a44b0_0 .net *"_ivl_2432", 0 0, L_0x55e6d9705f30;  1 drivers
v0x55e6d96a4590_0 .net *"_ivl_2436", 0 0, L_0x55e6d97061f0;  1 drivers
v0x55e6d96a4670_0 .net *"_ivl_244", 0 0, L_0x55e6d96c8070;  1 drivers
v0x55e6d96a4750_0 .net *"_ivl_2440", 0 0, L_0x55e6d97063a0;  1 drivers
v0x55e6d96a4830_0 .net *"_ivl_2444", 0 0, L_0x55e6d9706550;  1 drivers
v0x55e6d96a4910_0 .net *"_ivl_2448", 0 0, L_0x55e6d9707450;  1 drivers
v0x55e6d96a49f0_0 .net *"_ivl_2452", 0 0, L_0x55e6d97081a0;  1 drivers
v0x55e6d96a4ad0_0 .net *"_ivl_2456", 0 0, L_0x55e6d9708300;  1 drivers
v0x55e6d96a4bb0_0 .net *"_ivl_2460", 0 0, L_0x55e6d9706870;  1 drivers
v0x55e6d96a4c90_0 .net *"_ivl_2464", 0 0, L_0x55e6d9706a20;  1 drivers
v0x55e6d96a4d70_0 .net *"_ivl_2468", 0 0, L_0x55e6d9706ac0;  1 drivers
v0x55e6d96a4e50_0 .net *"_ivl_247", 0 0, L_0x55e6d96c8160;  1 drivers
v0x55e6d96a4f30_0 .net *"_ivl_2472", 0 0, L_0x55e6d9706d10;  1 drivers
v0x55e6d96a5010_0 .net *"_ivl_2476", 0 0, L_0x55e6d9706f60;  1 drivers
v0x55e6d96a50f0_0 .net *"_ivl_2480", 0 0, L_0x55e6d97071b0;  1 drivers
v0x55e6d96a51d0_0 .net *"_ivl_2484", 0 0, L_0x55e6d9707600;  1 drivers
v0x55e6d96a52b0_0 .net *"_ivl_2488", 0 0, L_0x55e6d9707850;  1 drivers
v0x55e6d96a5390_0 .net *"_ivl_249", 0 0, L_0x55e6d96c8200;  1 drivers
v0x55e6d96a5470_0 .net *"_ivl_2492", 0 0, L_0x55e6d9707aa0;  1 drivers
v0x55e6d96a5550_0 .net *"_ivl_2496", 0 0, L_0x55e6d9707cf0;  1 drivers
v0x55e6d96a5630_0 .net *"_ivl_2500", 0 0, L_0x55e6d9707f40;  1 drivers
v0x55e6d96a5710_0 .net *"_ivl_2504", 0 0, L_0x55e6d97080f0;  1 drivers
v0x55e6d96a57f0_0 .net *"_ivl_2508", 0 0, L_0x55e6d9709dd0;  1 drivers
v0x55e6d96a58d0_0 .net *"_ivl_2512", 0 0, L_0x55e6d9709f80;  1 drivers
v0x55e6d96a59b0_0 .net *"_ivl_2516", 0 0, L_0x55e6d9708460;  1 drivers
v0x55e6d96a5a90_0 .net *"_ivl_2520", 0 0, L_0x55e6d9708610;  1 drivers
v0x55e6d96a5b70_0 .net *"_ivl_2524", 0 0, L_0x55e6d9708860;  1 drivers
v0x55e6d96a5c50_0 .net *"_ivl_2528", 0 0, L_0x55e6d97089c0;  1 drivers
v0x55e6d96a5d30_0 .net *"_ivl_2532", 0 0, L_0x55e6d9708b20;  1 drivers
v0x55e6d96a5e10_0 .net *"_ivl_2536", 0 0, L_0x55e6d9708cd0;  1 drivers
v0x55e6d96a5ef0_0 .net *"_ivl_2540", 0 0, L_0x55e6d9708e30;  1 drivers
v0x55e6d96a5fd0_0 .net *"_ivl_2544", 0 0, L_0x55e6d9708f90;  1 drivers
v0x55e6d96a60b0_0 .net *"_ivl_2548", 0 0, L_0x55e6d9709210;  1 drivers
v0x55e6d96a6190_0 .net *"_ivl_255", 0 0, L_0x55e6d96c8740;  1 drivers
v0x55e6d96a6270_0 .net *"_ivl_2552", 0 0, L_0x55e6d9709370;  1 drivers
v0x55e6d96a6350_0 .net *"_ivl_2556", 0 0, L_0x55e6d97094d0;  1 drivers
v0x55e6d96a6430_0 .net *"_ivl_256", 0 0, L_0x55e6d96c8870;  1 drivers
v0x55e6d96a6510_0 .net *"_ivl_2560", 0 0, L_0x55e6d97096c0;  1 drivers
v0x55e6d96a65f0_0 .net *"_ivl_2564", 0 0, L_0x55e6d97098b0;  1 drivers
v0x55e6d96a66d0_0 .net *"_ivl_2568", 0 0, L_0x55e6d9709a10;  1 drivers
v0x55e6d96a67b0_0 .net *"_ivl_2572", 0 0, L_0x55e6d9709bc0;  1 drivers
v0x55e6d96a6890_0 .net *"_ivl_2576", 0 0, L_0x55e6d970adc0;  1 drivers
v0x55e6d96a6970_0 .net *"_ivl_2580", 0 0, L_0x55e6d970bc10;  1 drivers
v0x55e6d96a6a50_0 .net *"_ivl_2584", 0 0, L_0x55e6d970bd20;  1 drivers
v0x55e6d96a6b30_0 .net *"_ivl_2588", 0 0, L_0x55e6d970a130;  1 drivers
v0x55e6d96a6c10_0 .net *"_ivl_2592", 0 0, L_0x55e6d970a2e0;  1 drivers
v0x55e6d96a6cf0_0 .net *"_ivl_2596", 0 0, L_0x55e6d970a490;  1 drivers
v0x55e6d96a6dd0_0 .net *"_ivl_2600", 0 0, L_0x55e6d970a640;  1 drivers
v0x55e6d96a6eb0_0 .net *"_ivl_2604", 0 0, L_0x55e6d970a7f0;  1 drivers
v0x55e6d96a6f90_0 .net *"_ivl_2608", 0 0, L_0x55e6d970a9a0;  1 drivers
v0x55e6d96a7070_0 .net *"_ivl_261", 0 0, L_0x55e6d96c8930;  1 drivers
v0x55e6d96a7150_0 .net *"_ivl_2612", 0 0, L_0x55e6d970ab50;  1 drivers
v0x55e6d96a7230_0 .net *"_ivl_2616", 0 0, L_0x55e6d970ad00;  1 drivers
v0x55e6d96a7310_0 .net *"_ivl_2620", 0 0, L_0x55e6d970b080;  1 drivers
v0x55e6d96a73f0_0 .net *"_ivl_2624", 0 0, L_0x55e6d970b230;  1 drivers
v0x55e6d96a74d0_0 .net *"_ivl_2628", 0 0, L_0x55e6d970b3e0;  1 drivers
v0x55e6d96a75b0_0 .net *"_ivl_263", 0 0, L_0x55e6d96c8b70;  1 drivers
v0x55e6d96a7690_0 .net *"_ivl_2632", 0 0, L_0x55e6d970b590;  1 drivers
v0x55e6d96a7770_0 .net *"_ivl_2636", 0 0, L_0x55e6d970b740;  1 drivers
v0x55e6d96a7850_0 .net *"_ivl_264", 0 0, L_0x55e6d96c8c90;  1 drivers
v0x55e6d96a7930_0 .net *"_ivl_2640", 0 0, L_0x55e6d970b8f0;  1 drivers
v0x55e6d96a7a10_0 .net *"_ivl_2644", 0 0, L_0x55e6d970baa0;  1 drivers
v0x55e6d96a7af0_0 .net *"_ivl_2648", 0 0, L_0x55e6d970cbf0;  1 drivers
v0x55e6d96a7bd0_0 .net *"_ivl_2652", 0 0, L_0x55e6d970dad0;  1 drivers
v0x55e6d96a7cb0_0 .net *"_ivl_2656", 0 0, L_0x55e6d970dbe0;  1 drivers
v0x55e6d96a7d90_0 .net *"_ivl_2660", 0 0, L_0x55e6d970dcf0;  1 drivers
v0x55e6d96a7e70_0 .net *"_ivl_2664", 0 0, L_0x55e6d970bfe0;  1 drivers
v0x55e6d96a7f50_0 .net *"_ivl_2668", 0 0, L_0x55e6d970c2a0;  1 drivers
v0x55e6d96a8030_0 .net *"_ivl_267", 0 0, L_0x55e6d96c8f50;  1 drivers
v0x55e6d96a8110_0 .net *"_ivl_2672", 0 0, L_0x55e6d970c560;  1 drivers
v0x55e6d96a81f0_0 .net *"_ivl_2676", 0 0, L_0x55e6d970c820;  1 drivers
v0x55e6d96a82d0_0 .net *"_ivl_2680", 0 0, L_0x55e6d970cae0;  1 drivers
v0x55e6d96a83b0_0 .net *"_ivl_2684", 0 0, L_0x55e6d970cf00;  1 drivers
v0x55e6d96a8490_0 .net *"_ivl_2688", 0 0, L_0x55e6d970d1c0;  1 drivers
v0x55e6d96a8570_0 .net *"_ivl_269", 0 0, L_0x55e6d96c91a0;  1 drivers
v0x55e6d96a8650_0 .net *"_ivl_2692", 0 0, L_0x55e6d970d480;  1 drivers
v0x55e6d96a8730_0 .net *"_ivl_2696", 0 0, L_0x55e6d970d630;  1 drivers
v0x55e6d96a8810_0 .net *"_ivl_27", 0 0, v0x55e6d9662540_0;  1 drivers
v0x55e6d96a88f0_0 .net *"_ivl_2700", 0 0, L_0x55e6d970d7e0;  1 drivers
v0x55e6d96a89d0_0 .net *"_ivl_2704", 0 0, L_0x55e6d970d990;  1 drivers
v0x55e6d96a8ab0_0 .net *"_ivl_2708", 0 0, L_0x55e6d970f9d0;  1 drivers
v0x55e6d96a8b90_0 .net *"_ivl_2712", 0 0, L_0x55e6d970fb30;  1 drivers
v0x55e6d96a8c70_0 .net *"_ivl_2716", 0 0, L_0x55e6d970fce0;  1 drivers
v0x55e6d96a8d50_0 .net *"_ivl_2720", 0 0, L_0x55e6d970de50;  1 drivers
v0x55e6d96a8e30_0 .net *"_ivl_2724", 0 0, L_0x55e6d970e000;  1 drivers
v0x55e6d96a8f10_0 .net *"_ivl_2728", 0 0, L_0x55e6d970e1b0;  1 drivers
v0x55e6d9695400_0 .net *"_ivl_2732", 0 0, L_0x55e6d970e360;  1 drivers
v0x55e6d96954e0_0 .net *"_ivl_2736", 0 0, L_0x55e6d970e510;  1 drivers
v0x55e6d96955c0_0 .net *"_ivl_2740", 0 0, L_0x55e6d970e6c0;  1 drivers
v0x55e6d96956a0_0 .net *"_ivl_2744", 0 0, L_0x55e6d970e870;  1 drivers
v0x55e6d9695780_0 .net *"_ivl_2748", 0 0, L_0x55e6d970ea20;  1 drivers
v0x55e6d9695860_0 .net *"_ivl_275", 0 0, L_0x55e6d96c93a0;  1 drivers
v0x55e6d9695940_0 .net *"_ivl_2752", 0 0, L_0x55e6d970ec30;  1 drivers
v0x55e6d9695a20_0 .net *"_ivl_2756", 0 0, L_0x55e6d970ede0;  1 drivers
v0x55e6d9695b00_0 .net *"_ivl_2760", 0 0, L_0x55e6d970f1a0;  1 drivers
v0x55e6d9695be0_0 .net *"_ivl_2764", 0 0, L_0x55e6d970f560;  1 drivers
v0x55e6d9695cc0_0 .net *"_ivl_2768", 0 0, L_0x55e6d970f920;  1 drivers
v0x55e6d9695da0_0 .net *"_ivl_277", 0 0, L_0x55e6d96c9600;  1 drivers
v0x55e6d9695e80_0 .net *"_ivl_2772", 0 0, L_0x55e6d9711d90;  1 drivers
v0x55e6d9695f60_0 .net *"_ivl_2776", 0 0, L_0x55e6d9710110;  1 drivers
v0x55e6d9696040_0 .net *"_ivl_278", 0 0, L_0x55e6d96c96a0;  1 drivers
v0x55e6d9696120_0 .net *"_ivl_2780", 0 0, L_0x55e6d9711e30;  1 drivers
v0x55e6d9696200_0 .net *"_ivl_2784", 0 0, L_0x55e6d97107f0;  1 drivers
v0x55e6d96962e0_0 .net *"_ivl_2788", 0 0, L_0x55e6d9710aa0;  1 drivers
v0x55e6d96963c0_0 .net *"_ivl_2792", 0 0, L_0x55e6d9710fc0;  1 drivers
v0x55e6d96964a0_0 .net *"_ivl_2799", 0 0, L_0x55e6d9711260;  1 drivers
v0x55e6d9696580_0 .net *"_ivl_2800", 0 0, L_0x55e6d9711350;  1 drivers
v0x55e6d9696660_0 .net *"_ivl_2803", 0 0, L_0x55e6d9711460;  1 drivers
v0x55e6d9696740_0 .net *"_ivl_2807", 0 0, L_0x55e6d9711610;  1 drivers
v0x55e6d9696820_0 .net *"_ivl_2814", 0 0, L_0x55e6d97118b0;  1 drivers
v0x55e6d9696900_0 .net *"_ivl_2815", 0 0, L_0x55e6d9711950;  1 drivers
v0x55e6d96969e0_0 .net *"_ivl_2818", 0 0, L_0x55e6d9711a60;  1 drivers
v0x55e6d9696ac0_0 .net *"_ivl_2822", 0 0, L_0x55e6d9711bc0;  1 drivers
v0x55e6d9696ba0_0 .net *"_ivl_2829", 0 0, L_0x55e6d9712e40;  1 drivers
v0x55e6d9696c80_0 .net *"_ivl_283", 0 0, L_0x55e6d96c99a0;  1 drivers
v0x55e6d9696d60_0 .net *"_ivl_2830", 0 0, L_0x55e6d9712ee0;  1 drivers
v0x55e6d9696e40_0 .net *"_ivl_2833", 0 0, L_0x55e6d9712fa0;  1 drivers
v0x55e6d9696f20_0 .net *"_ivl_2837", 0 0, L_0x55e6d9713fe0;  1 drivers
v0x55e6d9697000_0 .net *"_ivl_2844", 0 0, L_0x55e6d9711fc0;  1 drivers
v0x55e6d96970e0_0 .net *"_ivl_2845", 0 0, L_0x55e6d9712060;  1 drivers
v0x55e6d96971c0_0 .net *"_ivl_285", 0 0, L_0x55e6d96c9c10;  1 drivers
L_0x7fa630e9a410 .functor BUFT 1, C4<1>, C4<0>, C4<0>, C4<0>;
v0x55e6d96972a0_0 .net/2u *"_ivl_2857", 0 0, L_0x7fa630e9a410;  1 drivers
v0x55e6d96acfc0_0 .net *"_ivl_2859", 0 0, L_0x55e6d97123b0;  1 drivers
v0x55e6d96ad060_0 .net *"_ivl_286", 0 0, L_0x55e6d96c9ce0;  1 drivers
L_0x7fa630e9a458 .functor BUFT 1, C4<1>, C4<0>, C4<0>, C4<0>;
v0x55e6d96ad140_0 .net/2u *"_ivl_2863", 0 0, L_0x7fa630e9a458;  1 drivers
v0x55e6d96ad220_0 .net *"_ivl_2865", 0 0, L_0x55e6d9712540;  1 drivers
L_0x7fa630e9a4a0 .functor BUFT 1, C4<1>, C4<0>, C4<0>, C4<0>;
v0x55e6d96ad300_0 .net/2u *"_ivl_2869", 0 0, L_0x7fa630e9a4a0;  1 drivers
v0x55e6d96ad3e0_0 .net *"_ivl_2871", 0 0, L_0x55e6d9712630;  1 drivers
L_0x7fa630e9a4e8 .functor BUFT 1, C4<1>, C4<0>, C4<0>, C4<0>;
v0x55e6d96ad4c0_0 .net/2u *"_ivl_2875", 0 0, L_0x7fa630e9a4e8;  1 drivers
v0x55e6d96ad5a0_0 .net *"_ivl_2877", 0 0, L_0x55e6d9712720;  1 drivers
L_0x7fa630e9a530 .functor BUFT 1, C4<1>, C4<0>, C4<0>, C4<0>;
v0x55e6d96ad680_0 .net/2u *"_ivl_2881", 0 0, L_0x7fa630e9a530;  1 drivers
v0x55e6d96ad760_0 .net *"_ivl_2883", 0 0, L_0x55e6d9712860;  1 drivers
L_0x7fa630e9a578 .functor BUFT 1, C4<1>, C4<0>, C4<0>, C4<0>;
v0x55e6d96ad840_0 .net/2u *"_ivl_2887", 0 0, L_0x7fa630e9a578;  1 drivers
v0x55e6d96ad920_0 .net *"_ivl_2889", 0 0, L_0x55e6d97129a0;  1 drivers
v0x55e6d96ada00_0 .net *"_ivl_289", 0 0, L_0x55e6d96c9e20;  1 drivers
L_0x7fa630e9a5c0 .functor BUFT 1, C4<1>, C4<0>, C4<0>, C4<0>;
v0x55e6d96adae0_0 .net/2u *"_ivl_2893", 0 0, L_0x7fa630e9a5c0;  1 drivers
v0x55e6d96adbc0_0 .net *"_ivl_2895", 0 0, L_0x55e6d9712ae0;  1 drivers
L_0x7fa630e9a608 .functor BUFT 1, C4<1>, C4<0>, C4<0>, C4<0>;
v0x55e6d96adca0_0 .net/2u *"_ivl_2900", 0 0, L_0x7fa630e9a608;  1 drivers
v0x55e6d96add80_0 .net *"_ivl_2902", 0 0, L_0x55e6d9713380;  1 drivers
L_0x7fa630e9a650 .functor BUFT 1, C4<x>, C4<0>, C4<0>, C4<0>;
v0x55e6d96ade60_0 .net *"_ivl_2906", 0 0, L_0x7fa630e9a650;  1 drivers
v0x55e6d96adf40_0 .net *"_ivl_2908", 0 0, L_0x55e6d9713510;  1 drivers
v0x55e6d96ae020_0 .net *"_ivl_291", 0 0, L_0x55e6d96ca0a0;  1 drivers
L_0x7fa630e9a698 .functor BUFT 1, C4<x>, C4<0>, C4<0>, C4<0>;
v0x55e6d96ae100_0 .net *"_ivl_2912", 0 0, L_0x7fa630e9a698;  1 drivers
v0x55e6d96ae1e0_0 .net *"_ivl_2914", 0 0, L_0x55e6d97136a0;  1 drivers
L_0x7fa630e9a6e0 .functor BUFT 1, C4<x>, C4<0>, C4<0>, C4<0>;
v0x55e6d96ae2c0_0 .net *"_ivl_2919", 0 0, L_0x7fa630e9a6e0;  1 drivers
v0x55e6d96ae3a0_0 .net *"_ivl_2921", 0 0, L_0x55e6d9713920;  1 drivers
L_0x7fa630e9a728 .functor BUFT 1, C4<1>, C4<0>, C4<0>, C4<0>;
v0x55e6d96ae480_0 .net/2u *"_ivl_2925", 0 0, L_0x7fa630e9a728;  1 drivers
v0x55e6d96ae560_0 .net *"_ivl_2927", 0 0, L_0x55e6d9713a60;  1 drivers
L_0x7fa630e9a770 .functor BUFT 1, C4<1>, C4<0>, C4<0>, C4<0>;
v0x55e6d96ae640_0 .net/2u *"_ivl_2931", 0 0, L_0x7fa630e9a770;  1 drivers
v0x55e6d96ae720_0 .net *"_ivl_2933", 0 0, L_0x55e6d9713bf0;  1 drivers
L_0x7fa630e9a7b8 .functor BUFT 1, C4<1>, C4<0>, C4<0>, C4<0>;
v0x55e6d96ae800_0 .net/2u *"_ivl_2937", 0 0, L_0x7fa630e9a7b8;  1 drivers
v0x55e6d96ae8e0_0 .net *"_ivl_2939", 0 0, L_0x55e6d9713d30;  1 drivers
L_0x7fa630e9a800 .functor BUFT 1, C4<1>, C4<0>, C4<0>, C4<0>;
v0x55e6d96ae9c0_0 .net/2u *"_ivl_2943", 0 0, L_0x7fa630e9a800;  1 drivers
v0x55e6d96aeaa0_0 .net *"_ivl_2945", 0 0, L_0x55e6d9713e20;  1 drivers
L_0x7fa630e9a848 .functor BUFT 1, C4<1>, C4<0>, C4<0>, C4<0>;
v0x55e6d96aeb80_0 .net/2u *"_ivl_2949", 0 0, L_0x7fa630e9a848;  1 drivers
v0x55e6d96aec60_0 .net *"_ivl_2951", 0 0, L_0x55e6d9714140;  1 drivers
L_0x7fa630e9a890 .functor BUFT 1, C4<1>, C4<0>, C4<0>, C4<0>;
v0x55e6d96aed40_0 .net/2u *"_ivl_2955", 0 0, L_0x7fa630e9a890;  1 drivers
v0x55e6d96aee20_0 .net *"_ivl_2957", 0 0, L_0x55e6d9714280;  1 drivers
L_0x7fa630e9a8d8 .functor BUFT 1, C4<1>, C4<0>, C4<0>, C4<0>;
v0x55e6d96aef00_0 .net/2u *"_ivl_2961", 0 0, L_0x7fa630e9a8d8;  1 drivers
v0x55e6d96aefe0_0 .net *"_ivl_2963", 0 0, L_0x55e6d97143c0;  1 drivers
L_0x7fa630e9a920 .functor BUFT 1, C4<1>, C4<0>, C4<0>, C4<0>;
v0x55e6d96af0c0_0 .net/2u *"_ivl_2968", 0 0, L_0x7fa630e9a920;  1 drivers
v0x55e6d96af1a0_0 .net *"_ivl_297", 0 0, L_0x55e6d96ca480;  1 drivers
v0x55e6d96af280_0 .net *"_ivl_2970", 0 0, L_0x55e6d9714820;  1 drivers
L_0x7fa630e9a968 .functor BUFT 1, C4<x>, C4<0>, C4<0>, C4<0>;
v0x55e6d96af360_0 .net *"_ivl_2974", 0 0, L_0x7fa630e9a968;  1 drivers
v0x55e6d96af440_0 .net *"_ivl_2976", 0 0, L_0x55e6d97149b0;  1 drivers
L_0x7fa630e9a9b0 .functor BUFT 1, C4<x>, C4<0>, C4<0>, C4<0>;
v0x55e6d96af520_0 .net *"_ivl_2980", 0 0, L_0x7fa630e9a9b0;  1 drivers
v0x55e6d96af600_0 .net *"_ivl_2982", 0 0, L_0x55e6d9714b40;  1 drivers
L_0x7fa630e9a9f8 .functor BUFT 1, C4<x>, C4<0>, C4<0>, C4<0>;
v0x55e6d96af6e0_0 .net *"_ivl_2986", 0 0, L_0x7fa630e9a9f8;  1 drivers
v0x55e6d96af7c0_0 .net *"_ivl_2988", 0 0, L_0x55e6d9714c80;  1 drivers
v0x55e6d96af8a0_0 .net *"_ivl_299", 0 0, L_0x55e6d96ca710;  1 drivers
L_0x7fa630e9aa40 .functor BUFT 1, C4<x>, C4<0>, C4<0>, C4<0>;
v0x55e6d96af980_0 .net *"_ivl_2993", 0 0, L_0x7fa630e9aa40;  1 drivers
v0x55e6d96afa60_0 .net *"_ivl_2995", 0 0, L_0x55e6d9714f00;  1 drivers
L_0x7fa630e9aa88 .functor BUFT 1, C4<x>, C4<0>, C4<0>, C4<0>;
v0x55e6d96afb40_0 .net *"_ivl_2999", 0 0, L_0x7fa630e9aa88;  1 drivers
v0x55e6d96afc20_0 .net *"_ivl_3", 0 0, v0x55e6d9665c00_0;  1 drivers
v0x55e6d96afd00_0 .net *"_ivl_300", 0 0, L_0x55e6d96ca870;  1 drivers
v0x55e6d96afde0_0 .net *"_ivl_3001", 0 0, L_0x55e6d9715090;  1 drivers
L_0x7fa630e9aad0 .functor BUFT 1, C4<x>, C4<0>, C4<0>, C4<0>;
v0x55e6d96afec0_0 .net *"_ivl_3005", 0 0, L_0x7fa630e9aad0;  1 drivers
v0x55e6d96affa0_0 .net *"_ivl_3007", 0 0, L_0x55e6d97151d0;  1 drivers
L_0x7fa630e9ab18 .functor BUFT 1, C4<x>, C4<0>, C4<0>, C4<0>;
v0x55e6d96b0080_0 .net *"_ivl_3011", 0 0, L_0x7fa630e9ab18;  1 drivers
v0x55e6d96b0160_0 .net *"_ivl_3013", 0 0, L_0x55e6d97152c0;  1 drivers
L_0x7fa630e9ab60 .functor BUFT 1, C4<x>, C4<0>, C4<0>, C4<0>;
v0x55e6d96b0240_0 .net *"_ivl_3017", 0 0, L_0x7fa630e9ab60;  1 drivers
v0x55e6d96b0320_0 .net *"_ivl_3019", 0 0, L_0x55e6d9715360;  1 drivers
L_0x7fa630e9aba8 .functor BUFT 1, C4<x>, C4<0>, C4<0>, C4<0>;
v0x55e6d96b0400_0 .net *"_ivl_3023", 0 0, L_0x7fa630e9aba8;  1 drivers
v0x55e6d96b04e0_0 .net *"_ivl_3025", 0 0, L_0x55e6d9715450;  1 drivers
v0x55e6d96b05c0_0 .net *"_ivl_3027", 27 0, L_0x55e6d9717a90;  1 drivers
v0x55e6d96b06a0_0 .net *"_ivl_3029", 0 0, L_0x55e6d9716450;  1 drivers
v0x55e6d96b0780_0 .net *"_ivl_303", 0 0, L_0x55e6d96ca960;  1 drivers
L_0x7fa630e9abf0 .functor BUFT 1, C4<000000000000000000000000000>, C4<0>, C4<0>, C4<0>;
v0x55e6d96b0860_0 .net/2u *"_ivl_3035", 26 0, L_0x7fa630e9abf0;  1 drivers
v0x55e6d96b0940_0 .net *"_ivl_3038", 0 0, L_0x55e6d9716540;  1 drivers
v0x55e6d96b0a20_0 .net *"_ivl_3040", 0 0, L_0x55e6d97165e0;  1 drivers
v0x55e6d96b0b00_0 .net *"_ivl_3041", 28 0, L_0x55e6d9716680;  1 drivers
v0x55e6d96b0be0_0 .net *"_ivl_3047", 0 0, L_0x55e6d9716900;  1 drivers
v0x55e6d96b0cc0_0 .net *"_ivl_305", 0 0, L_0x55e6d96cac00;  1 drivers
L_0x7fa630e9ac38 .functor BUFT 1, C4<0000000000000000000000000000>, C4<0>, C4<0>, C4<0>;
v0x55e6d96b0da0_0 .net/2u *"_ivl_3051", 27 0, L_0x7fa630e9ac38;  1 drivers
v0x55e6d96b0e80_0 .net *"_ivl_3054", 2 0, L_0x55e6d9716a90;  1 drivers
v0x55e6d96b0f60_0 .net *"_ivl_3055", 30 0, L_0x55e6d9716b30;  1 drivers
v0x55e6d96b1040_0 .net *"_ivl_3061", 0 0, L_0x55e6d9716e00;  1 drivers
v0x55e6d96b1120_0 .net *"_ivl_3066", 0 0, L_0x55e6d9717030;  1 drivers
v0x55e6d96b1200_0 .net *"_ivl_3071", 0 0, L_0x55e6d9717260;  1 drivers
v0x55e6d96b12e0_0 .net *"_ivl_3076", 1 0, L_0x55e6d9717440;  1 drivers
v0x55e6d96b13c0_0 .net *"_ivl_3081", 0 0, L_0x55e6d9717670;  1 drivers
v0x55e6d96b14a0_0 .net *"_ivl_3086", 0 0, L_0x55e6d97178a0;  1 drivers
v0x55e6d96b1580_0 .net *"_ivl_3091", 0 0, L_0x55e6d9717cc0;  1 drivers
v0x55e6d96b1660_0 .net *"_ivl_3096", 0 0, L_0x55e6d9717ef0;  1 drivers
v0x55e6d96b1740_0 .net *"_ivl_31", 0 0, v0x55e6d96c0340_0;  1 drivers
v0x55e6d96b1820_0 .net *"_ivl_3101", 1 0, L_0x55e6d97180d0;  1 drivers
v0x55e6d96b1900_0 .net *"_ivl_3102", 27 0, L_0x55e6d97181c0;  1 drivers
v0x55e6d96b19e0_0 .net *"_ivl_3104", 0 0, L_0x55e6d9718260;  1 drivers
L_0x7fa630e9ac80 .functor BUFT 1, C4<0000000000000000000000000000>, C4<0>, C4<0>, C4<0>;
v0x55e6d96b1ac0_0 .net/2u *"_ivl_3109", 27 0, L_0x7fa630e9ac80;  1 drivers
v0x55e6d96b1ba0_0 .net *"_ivl_311", 0 0, L_0x55e6d96cb000;  1 drivers
v0x55e6d96b1c80_0 .net *"_ivl_3112", 0 0, L_0x55e6d9718350;  1 drivers
v0x55e6d96b1d60_0 .net *"_ivl_3113", 28 0, L_0x55e6d97183f0;  1 drivers
v0x55e6d96b1e40_0 .net *"_ivl_3119", 0 0, L_0x55e6d9718670;  1 drivers
v0x55e6d96b1f20_0 .net *"_ivl_3124", 1 0, L_0x55e6d97188a0;  1 drivers
v0x55e6d96b2000_0 .net *"_ivl_3129", 0 0, L_0x55e6d9718ad0;  1 drivers
v0x55e6d96b20e0_0 .net *"_ivl_313", 0 0, L_0x55e6d96cb2b0;  1 drivers
v0x55e6d96b21c0_0 .net *"_ivl_3134", 0 0, L_0x55e6d9718d00;  1 drivers
v0x55e6d96b22a0_0 .net *"_ivl_3139", 2 0, L_0x55e6d9718ee0;  1 drivers
v0x55e6d96b2380_0 .net *"_ivl_314", 0 0, L_0x55e6d96cb380;  1 drivers
v0x55e6d96b2460_0 .net *"_ivl_3144", 1 0, L_0x55e6d972a7a0;  1 drivers
v0x55e6d96b2540_0 .net *"_ivl_3149", 0 0, L_0x55e6d97290f0;  1 drivers
v0x55e6d96b2620_0 .net *"_ivl_3154", 2 0, L_0x55e6d9729490;  1 drivers
v0x55e6d96b2700_0 .net *"_ivl_3159", 0 0, L_0x55e6d97296c0;  1 drivers
v0x55e6d96b27e0_0 .net *"_ivl_3164", 0 0, L_0x55e6d97298f0;  1 drivers
v0x55e6d96b28c0_0 .net *"_ivl_3169", 0 0, L_0x55e6d9729b20;  1 drivers
v0x55e6d96b29a0_0 .net *"_ivl_317", 0 0, L_0x55e6d96cb4c0;  1 drivers
v0x55e6d96b2a80_0 .net *"_ivl_3174", 0 0, L_0x55e6d9729d50;  1 drivers
v0x55e6d96b2b60_0 .net *"_ivl_3179", 0 0, L_0x55e6d972a190;  1 drivers
v0x55e6d96b2c40_0 .net *"_ivl_3184", 0 0, L_0x55e6d972a390;  1 drivers
v0x55e6d96b2d20_0 .net *"_ivl_3189", 0 0, L_0x55e6d972a4f0;  1 drivers
v0x55e6d96b2e00_0 .net *"_ivl_319", 0 0, L_0x55e6d96cb780;  1 drivers
v0x55e6d96b2ee0_0 .net *"_ivl_3194", 0 0, L_0x55e6d972a6f0;  1 drivers
v0x55e6d96b2fc0_0 .net *"_ivl_3199", 0 0, L_0x55e6d9715720;  1 drivers
v0x55e6d96b30a0_0 .net *"_ivl_3204", 0 0, L_0x55e6d9715950;  1 drivers
v0x55e6d96b3180_0 .net *"_ivl_3205", 0 0, L_0x55e6d9715b30;  1 drivers
v0x55e6d96b3260_0 .net *"_ivl_3207", 0 0, L_0x55e6d9715c20;  1 drivers
v0x55e6d96b3340_0 .net *"_ivl_3214", 0 0, L_0x55e6d9715d60;  1 drivers
v0x55e6d96b3420_0 .net *"_ivl_3216", 0 0, L_0x55e6d9715e00;  1 drivers
v0x55e6d96b3500_0 .net *"_ivl_3217", 1 0, L_0x55e6d9715ea0;  1 drivers
v0x55e6d96b35e0_0 .net *"_ivl_3223", 0 0, L_0x55e6d97160d0;  1 drivers
v0x55e6d96b36c0_0 .net *"_ivl_3228", 0 0, L_0x55e6d97162d0;  1 drivers
v0x55e6d96b37a0_0 .net *"_ivl_3233", 0 0, L_0x55e6d972b900;  1 drivers
v0x55e6d96b3880_0 .net *"_ivl_3235", 0 0, L_0x55e6d972b9a0;  1 drivers
v0x55e6d96b3960_0 .net *"_ivl_3236", 1 0, L_0x55e6d972ba40;  1 drivers
v0x55e6d96b3a40_0 .net *"_ivl_3242", 0 0, L_0x55e6d972bd10;  1 drivers
v0x55e6d96b3b20_0 .net *"_ivl_3247", 0 0, L_0x55e6d972bf40;  1 drivers
v0x55e6d96b3c00_0 .net *"_ivl_3249", 0 0, L_0x55e6d972bfe0;  1 drivers
v0x55e6d96b3ce0_0 .net *"_ivl_325", 0 0, L_0x55e6d96cbef0;  1 drivers
v0x55e6d96b3dc0_0 .net *"_ivl_3250", 1 0, L_0x55e6d972c080;  1 drivers
v0x55e6d96b3ea0_0 .net *"_ivl_3256", 0 0, L_0x55e6d972c300;  1 drivers
v0x55e6d96b3f80_0 .net *"_ivl_3258", 0 0, L_0x55e6d972c3a0;  1 drivers
v0x55e6d96b4060_0 .net *"_ivl_3259", 1 0, L_0x55e6d972c440;  1 drivers
v0x55e6d96b4140_0 .net *"_ivl_3265", 0 0, L_0x55e6d972c8f0;  1 drivers
v0x55e6d96b4220_0 .net *"_ivl_3270", 0 0, L_0x55e6d972ce10;  1 drivers
v0x55e6d96b4300_0 .net *"_ivl_3275", 0 0, L_0x55e6d972cf50;  1 drivers
v0x55e6d96b43e0_0 .net *"_ivl_3280", 0 0, L_0x55e6d972d3d0;  1 drivers
v0x55e6d96b44c0_0 .net *"_ivl_3284", 0 0, L_0x55e6d972d4c0;  1 drivers
v0x55e6d96b45a0_0 .net *"_ivl_3286", 0 0, L_0x55e6d972d560;  1 drivers
v0x55e6d96b4680_0 .net *"_ivl_3287", 1 0, L_0x55e6d972d600;  1 drivers
L_0x7fa630e9acc8 .functor BUFT 1, C4<0>, C4<0>, C4<0>, C4<0>;
v0x55e6d96b4760_0 .net/2u *"_ivl_3292", 0 0, L_0x7fa630e9acc8;  1 drivers
L_0x7fa630e9ad10 .functor BUFT 1, C4<000>, C4<0>, C4<0>, C4<0>;
v0x55e6d96b4840_0 .net/2u *"_ivl_3297", 2 0, L_0x7fa630e9ad10;  1 drivers
v0x55e6d96b4920_0 .net *"_ivl_330", 0 0, L_0x55e6d96cc050;  1 drivers
v0x55e6d96b4a00_0 .net *"_ivl_332", 0 0, L_0x55e6d96cc0f0;  1 drivers
v0x55e6d96b4ae0_0 .net *"_ivl_333", 0 0, L_0x55e6d96cc3d0;  1 drivers
v0x55e6d96b4bc0_0 .net *"_ivl_339", 0 0, L_0x55e6d96cc7d0;  1 drivers
v0x55e6d96b4ca0_0 .net *"_ivl_341", 0 0, L_0x55e6d96ccac0;  1 drivers
v0x55e6d96b4d80_0 .net *"_ivl_342", 0 0, L_0x55e6d96ccb60;  1 drivers
v0x55e6d96b4e60_0 .net *"_ivl_345", 0 0, L_0x55e6d96cccc0;  1 drivers
v0x55e6d96b4f40_0 .net *"_ivl_347", 0 0, L_0x55e6d96ccfc0;  1 drivers
v0x55e6d96b5020_0 .net *"_ivl_35", 0 0, v0x55e6d96c0100_0;  1 drivers
v0x55e6d96b5100_0 .net *"_ivl_353", 0 0, L_0x55e6d96cd380;  1 drivers
v0x55e6d96b51e0_0 .net *"_ivl_354", 0 0, L_0x55e6d96cd690;  1 drivers
v0x55e6d96b52c0_0 .net *"_ivl_359", 0 0, L_0x55e6d96cd750;  1 drivers
v0x55e6d96b53a0_0 .net *"_ivl_361", 0 0, L_0x55e6d96cd7f0;  1 drivers
v0x55e6d96b5480_0 .net *"_ivl_362", 0 0, L_0x55e6d96cdb10;  1 drivers
v0x55e6d96b5560_0 .net *"_ivl_367", 0 0, L_0x55e6d96cde70;  1 drivers
v0x55e6d96b5640_0 .net *"_ivl_369", 0 0, L_0x55e6d96cdf60;  1 drivers
v0x55e6d96b5720_0 .net *"_ivl_370", 0 0, L_0x55e6d96ce2e0;  1 drivers
o0x7fa630ef0598 .functor BUFZ 1, c4<z>; HiZ drive
; Elide local net with no drivers, v0x55e6d96b5800_0 name=_ivl_3721
o0x7fa630ef05c8 .functor BUFZ 1, c4<z>; HiZ drive
; Elide local net with no drivers, v0x55e6d96b58e0_0 name=_ivl_3724
v0x55e6d96b59c0_0 .net *"_ivl_373", 0 0, L_0x55e6d96ce3f0;  1 drivers
v0x55e6d96b5aa0_0 .net *"_ivl_375", 0 0, L_0x55e6d96ce490;  1 drivers
v0x55e6d96b5b80_0 .net *"_ivl_381", 0 0, L_0x55e6d96cec50;  1 drivers
v0x55e6d96b5c60_0 .net *"_ivl_382", 0 0, L_0x55e6d96cecf0;  1 drivers
v0x55e6d96b5d40_0 .net *"_ivl_387", 0 0, L_0x55e6d96cedb0;  1 drivers
v0x55e6d96b5e20_0 .net *"_ivl_389", 0 0, L_0x55e6d96cf150;  1 drivers
v0x55e6d96b5f00_0 .net *"_ivl_39", 0 0, v0x55e6d96c01c0_0;  1 drivers
v0x55e6d96b5fe0_0 .net *"_ivl_390", 0 0, L_0x55e6d96cf1f0;  1 drivers
v0x55e6d96b60c0_0 .net *"_ivl_393", 0 0, L_0x55e6d96cf570;  1 drivers
v0x55e6d96b61a0_0 .net *"_ivl_395", 0 0, L_0x55e6d96cf8d0;  1 drivers
v0x55e6d96b6280_0 .net *"_ivl_401", 0 0, L_0x55e6d96cfdf0;  1 drivers
v0x55e6d96b6360_0 .net *"_ivl_405", 0 0, L_0x55e6d96d0250;  1 drivers
v0x55e6d96b6440_0 .net *"_ivl_409", 0 0, L_0x55e6d96d0660;  1 drivers
v0x55e6d96b6520_0 .net *"_ivl_413", 0 0, L_0x55e6d96d0af0;  1 drivers
v0x55e6d96b6600_0 .net *"_ivl_419", 0 0, L_0x55e6d96d0f80;  1 drivers
v0x55e6d96b66e0_0 .net *"_ivl_428", 0 0, L_0x55e6d96d1c40;  1 drivers
v0x55e6d96b67c0_0 .net *"_ivl_43", 0 0, v0x55e6d96c0280_0;  1 drivers
v0x55e6d96b68a0_0 .net *"_ivl_433", 0 0, L_0x55e6d96d1e00;  1 drivers
v0x55e6d96b6980_0 .net *"_ivl_436", 0 0, L_0x55e6d96d2190;  1 drivers
v0x55e6d96b6a60_0 .net *"_ivl_438", 0 0, L_0x55e6d96d25b0;  1 drivers
v0x55e6d96b6b40_0 .net *"_ivl_444", 0 0, L_0x55e6d96d2b00;  1 drivers
v0x55e6d96b6c20_0 .net *"_ivl_465", 0 0, L_0x55e6d96d41a0;  1 drivers
v0x55e6d96b6d00_0 .net *"_ivl_47", 0 0, v0x55e6d96c0400_0;  1 drivers
v0x55e6d96b6de0_0 .net *"_ivl_470", 0 0, L_0x55e6d96d4660;  1 drivers
v0x55e6d96b6ec0_0 .net *"_ivl_473", 0 0, L_0x55e6d96d4770;  1 drivers
v0x55e6d96b6fa0_0 .net *"_ivl_475", 0 0, L_0x55e6d96d4b80;  1 drivers
v0x55e6d96b7080_0 .net *"_ivl_482", 0 0, L_0x55e6d96d5150;  1 drivers
v0x55e6d96b7160_0 .net *"_ivl_487", 0 0, L_0x55e6d96d5900;  1 drivers
v0x55e6d96b7240_0 .net *"_ivl_490", 0 0, L_0x55e6d96d5a10;  1 drivers
v0x55e6d96b7320_0 .net *"_ivl_492", 0 0, L_0x55e6d96d5b00;  1 drivers
v0x55e6d96b7400_0 .net *"_ivl_499", 0 0, L_0x55e6d96d63e0;  1 drivers
v0x55e6d96b74e0_0 .net *"_ivl_502", 0 0, L_0x55e6d96d6790;  1 drivers
v0x55e6d96b75c0_0 .net *"_ivl_504", 0 0, L_0x55e6d96d6860;  1 drivers
v0x55e6d96b76a0_0 .net *"_ivl_51", 0 0, L_0x55e6d96c1da0;  1 drivers
v0x55e6d96b7780_0 .net *"_ivl_511", 0 0, L_0x55e6d96d7170;  1 drivers
v0x55e6d96b7860_0 .net *"_ivl_514", 0 0, L_0x55e6d96d71e0;  1 drivers
v0x55e6d96b7940_0 .net *"_ivl_516", 0 0, L_0x55e6d96d72e0;  1 drivers
v0x55e6d96b7a20_0 .net *"_ivl_52", 0 0, L_0x55e6d96c1ea0;  1 drivers
v0x55e6d96b7b00_0 .net *"_ivl_524", 0 0, L_0x55e6d96d7db0;  1 drivers
v0x55e6d96b7be0_0 .net *"_ivl_528", 0 0, L_0x55e6d96d81e0;  1 drivers
v0x55e6d96b7cc0_0 .net *"_ivl_531", 0 0, L_0x55e6d96d8250;  1 drivers
v0x55e6d96b7da0_0 .net *"_ivl_533", 0 0, L_0x55e6d96d8660;  1 drivers
v0x55e6d96b7e80_0 .net *"_ivl_539", 0 0, L_0x55e6d96d8c50;  1 drivers
v0x55e6d96b7f60_0 .net *"_ivl_548", 0 0, L_0x55e6d96d9b50;  1 drivers
v0x55e6d96b8040_0 .net *"_ivl_55", 0 0, L_0x55e6d96c1f40;  1 drivers
v0x55e6d96b8120_0 .net *"_ivl_551", 0 0, L_0x55e6d96d9c60;  1 drivers
v0x55e6d96b8200_0 .net *"_ivl_553", 0 0, L_0x55e6d96d9d00;  1 drivers
v0x55e6d96b82e0_0 .net *"_ivl_559", 0 0, L_0x55e6d96da7a0;  1 drivers
v0x55e6d96b83c0_0 .net *"_ivl_563", 0 0, L_0x55e6d96dad10;  1 drivers
v0x55e6d96b84a0_0 .net *"_ivl_576", 0 0, L_0x55e6d96dbb60;  1 drivers
v0x55e6d96b8580_0 .net *"_ivl_579", 0 0, L_0x55e6d96dc010;  1 drivers
v0x55e6d96b8660_0 .net *"_ivl_587", 0 0, L_0x55e6d96dc750;  1 drivers
v0x55e6d96b8740_0 .net *"_ivl_589", 0 0, L_0x55e6d96dcba0;  1 drivers
v0x55e6d96b8820_0 .net *"_ivl_59", 0 0, L_0x55e6d96c2130;  1 drivers
v0x55e6d96b8900_0 .net *"_ivl_590", 0 0, L_0x55e6d96dcc40;  1 drivers
v0x55e6d96b89e0_0 .net *"_ivl_596", 0 0, L_0x55e6d96dd1b0;  1 drivers
v0x55e6d96b8ac0_0 .net *"_ivl_597", 0 0, L_0x55e6d96dd250;  1 drivers
v0x55e6d96b8ba0_0 .net *"_ivl_600", 0 0, L_0x55e6d96dd7c0;  1 drivers
v0x55e6d96b8c80_0 .net *"_ivl_602", 0 0, L_0x55e6d96ddc80;  1 drivers
v0x55e6d96b8d60_0 .net *"_ivl_608", 0 0, L_0x55e6d96dde30;  1 drivers
v0x55e6d96b8e40_0 .net *"_ivl_610", 0 0, L_0x55e6d96de2b0;  1 drivers
v0x55e6d96b8f20_0 .net *"_ivl_611", 0 0, L_0x55e6d96de350;  1 drivers
v0x55e6d96b9000_0 .net *"_ivl_614", 0 0, L_0x55e6d96de880;  1 drivers
v0x55e6d96b90e0_0 .net *"_ivl_616", 0 0, L_0x55e6d96ded10;  1 drivers
v0x55e6d96b91c0_0 .net *"_ivl_621", 0 0, L_0x55e6d96defd0;  1 drivers
v0x55e6d96b92a0_0 .net *"_ivl_625", 0 0, L_0x55e6d96de460;  1 drivers
v0x55e6d96b9380_0 .net *"_ivl_629", 0 0, L_0x55e6d96de560;  1 drivers
v0x55e6d96b9460_0 .net *"_ivl_63", 0 0, L_0x55e6d96c21d0;  1 drivers
v0x55e6d96b9540_0 .net *"_ivl_634", 0 0, L_0x55e6d96df880;  1 drivers
v0x55e6d96b9620_0 .net *"_ivl_639", 0 0, L_0x55e6d96df8f0;  1 drivers
v0x55e6d96b9700_0 .net *"_ivl_641", 0 0, L_0x55e6d96df9e0;  1 drivers
v0x55e6d96b97e0_0 .net *"_ivl_642", 0 0, L_0x55e6d96dfe90;  1 drivers
v0x55e6d96b98c0_0 .net *"_ivl_648", 0 0, L_0x55e6d96df130;  1 drivers
v0x55e6d96b99a0_0 .net *"_ivl_650", 0 0, L_0x55e6d96df200;  1 drivers
v0x55e6d96b9a80_0 .net *"_ivl_651", 0 0, L_0x55e6d96df2d0;  1 drivers
v0x55e6d96b9b60_0 .net *"_ivl_654", 0 0, L_0x55e6d96df3e0;  1 drivers
v0x55e6d96b9c40_0 .net *"_ivl_656", 0 0, L_0x55e6d96e03f0;  1 drivers
v0x55e6d96b9d20_0 .net *"_ivl_661", 0 0, L_0x55e6d96e05a0;  1 drivers
v0x55e6d96b9e00_0 .net *"_ivl_665", 0 0, L_0x55e6d96e0610;  1 drivers
v0x55e6d96b9ee0_0 .net *"_ivl_669", 0 0, L_0x55e6d96e0710;  1 drivers
v0x55e6d96b9fc0_0 .net *"_ivl_67", 0 0, L_0x55e6d96c2420;  1 drivers
v0x55e6d96ba0a0_0 .net *"_ivl_674", 0 0, L_0x55e6d96e0190;  1 drivers
v0x55e6d96ba180_0 .net *"_ivl_679", 0 0, L_0x55e6d96e0250;  1 drivers
v0x55e6d96ba260_0 .net *"_ivl_681", 0 0, L_0x55e6d96e0340;  1 drivers
v0x55e6d96ba340_0 .net *"_ivl_682", 0 0, L_0x55e6d96e0cb0;  1 drivers
v0x55e6d96ba420_0 .net *"_ivl_688", 0 0, L_0x55e6d96e0ee0;  1 drivers
v0x55e6d96ba500_0 .net *"_ivl_690", 0 0, L_0x55e6d96e1470;  1 drivers
v0x55e6d96ba5e0_0 .net *"_ivl_691", 0 0, L_0x55e6d96e0860;  1 drivers
v0x55e6d96ba6c0_0 .net *"_ivl_694", 0 0, L_0x55e6d96e0970;  1 drivers
v0x55e6d96ba7a0_0 .net *"_ivl_696", 0 0, L_0x55e6d96e0a60;  1 drivers
v0x55e6d96ba880_0 .net *"_ivl_7", 0 0, v0x55e6d9665ca0_0;  1 drivers
v0x55e6d96ba960_0 .net *"_ivl_701", 0 0, L_0x55e6d96e0c10;  1 drivers
v0x55e6d96baa40_0 .net *"_ivl_705", 0 0, L_0x55e6d96e1010;  1 drivers
v0x55e6d96bab20_0 .net *"_ivl_709", 0 0, L_0x55e6d96e10b0;  1 drivers
v0x55e6d96bac00_0 .net *"_ivl_71", 0 0, L_0x55e6d96c25e0;  1 drivers
v0x55e6d96bace0_0 .net *"_ivl_714", 0 0, L_0x55e6d96e13a0;  1 drivers
v0x55e6d96badc0_0 .net *"_ivl_719", 0 0, L_0x55e6d96e19d0;  1 drivers
v0x55e6d96baea0_0 .net *"_ivl_721", 0 0, L_0x55e6d96e1ac0;  1 drivers
v0x55e6d96baf80_0 .net *"_ivl_722", 0 0, L_0x55e6d96e1b60;  1 drivers
v0x55e6d96bb060_0 .net *"_ivl_728", 0 0, L_0x55e6d96e1d90;  1 drivers
v0x55e6d96bb140_0 .net *"_ivl_730", 0 0, L_0x55e6d96e1540;  1 drivers
v0x55e6d96bb220_0 .net *"_ivl_731", 0 0, L_0x55e6d96e15e0;  1 drivers
v0x55e6d96bb300_0 .net *"_ivl_734", 0 0, L_0x55e6d96e16f0;  1 drivers
v0x55e6d96bb3e0_0 .net *"_ivl_736", 0 0, L_0x55e6d96e17e0;  1 drivers
v0x55e6d96bb4c0_0 .net *"_ivl_741", 0 0, L_0x55e6d96e1e40;  1 drivers
v0x55e6d96bb5a0_0 .net *"_ivl_745", 0 0, L_0x55e6d96e1eb0;  1 drivers
v0x55e6d96bb680_0 .net *"_ivl_749", 0 0, L_0x55e6d96e1fb0;  1 drivers
v0x55e6d96bb760_0 .net *"_ivl_75", 0 0, L_0x55e6d96c2870;  1 drivers
v0x55e6d96bb840_0 .net *"_ivl_754", 0 0, L_0x55e6d96e2390;  1 drivers
v0x55e6d96bb920_0 .net *"_ivl_759", 0 0, L_0x55e6d96e2450;  1 drivers
v0x55e6d96bba00_0 .net *"_ivl_761", 0 0, L_0x55e6d96e2540;  1 drivers
v0x55e6d96bbae0_0 .net *"_ivl_762", 0 0, L_0x55e6d96e2ab0;  1 drivers
v0x55e6d96bbbc0_0 .net *"_ivl_768", 0 0, L_0x55e6d96e2cb0;  1 drivers
v0x55e6d96bbca0_0 .net *"_ivl_770", 0 0, L_0x55e6d96e2de0;  1 drivers
v0x55e6d96bbd80_0 .net *"_ivl_771", 0 0, L_0x55e6d96e2eb0;  1 drivers
v0x55e6d96bbe60_0 .net *"_ivl_774", 0 0, L_0x55e6d96e2fc0;  1 drivers
v0x55e6d96bbf40_0 .net *"_ivl_776", 0 0, L_0x55e6d96e25e0;  1 drivers
v0x55e6d96bc020_0 .net *"_ivl_781", 0 0, L_0x55e6d96e2790;  1 drivers
v0x55e6d96bc100_0 .net *"_ivl_785", 0 0, L_0x55e6d96e2800;  1 drivers
v0x55e6d96bc1e0_0 .net *"_ivl_789", 0 0, L_0x55e6d96e28d0;  1 drivers
v0x55e6d96bc2c0_0 .net *"_ivl_79", 0 0, L_0x55e6d96c29d0;  1 drivers
v0x55e6d96bc3a0_0 .net *"_ivl_794", 0 0, L_0x55e6d96e3b40;  1 drivers
v0x55e6d96bc480_0 .net *"_ivl_799", 0 0, L_0x55e6d96e3100;  1 drivers
v0x55e6d96bc560_0 .net *"_ivl_801", 0 0, L_0x55e6d96e31f0;  1 drivers
v0x55e6d96bc640_0 .net *"_ivl_802", 0 0, L_0x55e6d96e32c0;  1 drivers
v0x55e6d96bc720_0 .net *"_ivl_808", 0 0, L_0x55e6d96e34f0;  1 drivers
v0x55e6d96bc800_0 .net *"_ivl_810", 0 0, L_0x55e6d96e36d0;  1 drivers
v0x55e6d96bc8e0_0 .net *"_ivl_811", 0 0, L_0x55e6d96e37a0;  1 drivers
v0x55e6d96bc9c0_0 .net *"_ivl_814", 0 0, L_0x55e6d96e38b0;  1 drivers
v0x55e6d96bcaa0_0 .net *"_ivl_816", 0 0, L_0x55e6d96e39a0;  1 drivers
v0x55e6d96bcb80_0 .net *"_ivl_821", 0 0, L_0x55e6d96e4130;  1 drivers
v0x55e6d96bcc60_0 .net *"_ivl_825", 0 0, L_0x55e6d96e41a0;  1 drivers
v0x55e6d96bcd40_0 .net *"_ivl_829", 0 0, L_0x55e6d96e42a0;  1 drivers
v0x55e6d96bce20_0 .net *"_ivl_83", 0 0, L_0x55e6d96c27d0;  1 drivers
v0x55e6d96bcf00_0 .net *"_ivl_834", 0 0, L_0x55e6d96e3bb0;  1 drivers
v0x55e6d96bcfe0_0 .net *"_ivl_839", 0 0, L_0x55e6d96e3c20;  1 drivers
v0x55e6d96bd0c0_0 .net *"_ivl_841", 0 0, L_0x55e6d96e3d10;  1 drivers
v0x55e6d96bd1a0_0 .net *"_ivl_842", 0 0, L_0x55e6d96e3db0;  1 drivers
v0x55e6d96bd280_0 .net *"_ivl_848", 0 0, L_0x55e6d96e3fe0;  1 drivers
v0x55e6d96bd360_0 .net *"_ivl_850", 0 0, L_0x55e6d96e4bc0;  1 drivers
v0x55e6d96bd440_0 .net *"_ivl_851", 0 0, L_0x55e6d96e4c90;  1 drivers
v0x55e6d96bd520_0 .net *"_ivl_854", 0 0, L_0x55e6d96e4da0;  1 drivers
v0x55e6d96bd600_0 .net *"_ivl_856", 0 0, L_0x55e6d96e45e0;  1 drivers
v0x55e6d96bd6e0_0 .net *"_ivl_861", 0 0, L_0x55e6d96e4790;  1 drivers
v0x55e6d96bd7c0_0 .net *"_ivl_865", 0 0, L_0x55e6d96e4800;  1 drivers
v0x55e6d96bd8a0_0 .net *"_ivl_869", 0 0, L_0x55e6d96e48d0;  1 drivers
v0x55e6d96bd980_0 .net *"_ivl_87", 0 0, L_0x55e6d96c2d90;  1 drivers
v0x55e6d96bda60_0 .net *"_ivl_874", 0 0, L_0x55e6d96e59d0;  1 drivers
v0x55e6d96bdb40_0 .net *"_ivl_879", 0 0, L_0x55e6d96e5a90;  1 drivers
v0x55e6d96bdc20_0 .net *"_ivl_881", 0 0, L_0x55e6d96e4ee0;  1 drivers
v0x55e6d96bdd00_0 .net *"_ivl_882", 0 0, L_0x55e6d96e4f80;  1 drivers
v0x55e6d96bdde0_0 .net *"_ivl_888", 0 0, L_0x55e6d96e51b0;  1 drivers
v0x55e6d96bdec0_0 .net *"_ivl_890", 0 0, L_0x55e6d96e52e0;  1 drivers
v0x55e6d96bdfa0_0 .net *"_ivl_891", 0 0, L_0x55e6d96e5380;  1 drivers
v0x55e6d96be080_0 .net *"_ivl_894", 0 0, L_0x55e6d96e54f0;  1 drivers
v0x55e6d96be160_0 .net *"_ivl_896", 0 0, L_0x55e6d96e55e0;  1 drivers
v0x55e6d96be240_0 .net *"_ivl_901", 0 0, L_0x55e6d96e5790;  1 drivers
v0x55e6d96be320_0 .net *"_ivl_905", 0 0, L_0x55e6d96e5800;  1 drivers
v0x55e6d96be400_0 .net *"_ivl_909", 0 0, L_0x55e6d96e5900;  1 drivers
v0x55e6d96be4e0_0 .net *"_ivl_91", 0 0, L_0x55e6d96c2f90;  1 drivers
v0x55e6d96be5c0_0 .net *"_ivl_914", 0 0, L_0x55e6d96e62e0;  1 drivers
v0x55e6d96be6a0_0 .net *"_ivl_919", 0 0, L_0x55e6d96e6970;  1 drivers
v0x55e6d96be780_0 .net *"_ivl_921", 0 0, L_0x55e6d96e6a60;  1 drivers
v0x55e6d96be860_0 .net *"_ivl_922", 0 0, L_0x55e6d96e6b00;  1 drivers
v0x55e6d96be940_0 .net *"_ivl_928", 0 0, L_0x55e6d96e5c70;  1 drivers
v0x55e6d96bea20_0 .net *"_ivl_930", 0 0, L_0x55e6d96e5da0;  1 drivers
v0x55e6d96beb00_0 .net *"_ivl_931", 0 0, L_0x55e6d96e5e40;  1 drivers
v0x55e6d96bebe0_0 .net *"_ivl_934", 0 0, L_0x55e6d96e5f50;  1 drivers
v0x55e6d96becc0_0 .net *"_ivl_936", 0 0, L_0x55e6d96e6040;  1 drivers
v0x55e6d96beda0_0 .net *"_ivl_942", 0 0, L_0x55e6d96e64b0;  1 drivers
v0x55e6d96bee80_0 .net *"_ivl_944", 0 0, L_0x55e6d96e6660;  1 drivers
v0x55e6d96bef60_0 .net *"_ivl_945", 0 0, L_0x55e6d96e6700;  1 drivers
v0x55e6d96bf040_0 .net *"_ivl_950", 0 0, L_0x55e6d96e6810;  1 drivers
v0x55e6d96bf120_0 .net *"_ivl_952", 0 0, L_0x55e6d96e68b0;  1 drivers
v0x55e6d96bf200_0 .net *"_ivl_953", 0 0, L_0x55e6d96e7200;  1 drivers
v0x55e6d96bf2e0_0 .net *"_ivl_958", 0 0, L_0x55e6d96e7310;  1 drivers
v0x55e6d96bf3c0_0 .net *"_ivl_960", 0 0, L_0x55e6d96e79d0;  1 drivers
v0x55e6d96bf4a0_0 .net *"_ivl_961", 0 0, L_0x55e6d96e7a70;  1 drivers
v0x55e6d96bf580_0 .net *"_ivl_967", 0 0, L_0x55e6d96e6bf0;  1 drivers
v0x55e6d96bf660_0 .net *"_ivl_969", 0 0, L_0x55e6d96e6c90;  1 drivers
v0x55e6d96bf740_0 .net *"_ivl_970", 0 0, L_0x55e6d96e7d40;  1 drivers
v0x55e6d96bf820_0 .net *"_ivl_975", 0 0, L_0x55e6d96e6e20;  1 drivers
v0x55e6d96bf900_0 .net *"_ivl_977", 0 0, L_0x55e6d96e6f10;  1 drivers
v0x55e6d96bf9e0_0 .net *"_ivl_978", 0 0, L_0x55e6d96e6fb0;  1 drivers
v0x55e6d96bfac0_0 .net *"_ivl_984", 0 0, L_0x55e6d96e7db0;  1 drivers
v0x55e6d96bfba0_0 .net *"_ivl_986", 0 0, L_0x55e6d96e7f60;  1 drivers
v0x55e6d96bfc80_0 .net *"_ivl_987", 0 0, L_0x55e6d96e8000;  1 drivers
v0x55e6d96bfd60_0 .net *"_ivl_990", 0 0, L_0x55e6d96e8110;  1 drivers
v0x55e6d96bfe40_0 .net *"_ivl_992", 0 0, L_0x55e6d96e81b0;  1 drivers
v0x55e6d96bff20_0 .net *"_ivl_997", 0 0, L_0x55e6d96e8a20;  1 drivers
v0x55e6d96c0000_0 .net "debug", 7 0, L_0x55e6d972dab0;  alias, 1 drivers
v0x55e6d96c0100_0 .var "debug_reg[0]", 0 0;
v0x55e6d96c01c0_0 .var "debug_reg[1]", 0 0;
v0x55e6d96c0280_0 .var "debug_reg[2]", 0 0;
v0x55e6d96c0340_0 .var "debug_reg[3]", 0 0;
v0x55e6d96c0400_0 .var "debug_reg[4]", 0 0;
v0x55e6d96c04c0_0 .net "iRST_N", 0 0, v0x55e6d96c11e0_0;  1 drivers
E_0x55e6d92b89c0/0 .event negedge, v0x55e6d96c04c0_0;
E_0x55e6d92b89c0/1 .event posedge, v0x55e6d9659c60_0;
E_0x55e6d92b89c0 .event/or E_0x55e6d92b89c0/0, E_0x55e6d92b89c0/1;
L_0x55e6d96c1da0 .part v0x55e6d9661790_0, 0, 1;
L_0x55e6d96c1f40 .part v0x55e6d96457c0_0, 1, 1;
L_0x55e6d96c2130 .part v0x55e6d96457c0_0, 0, 1;
L_0x55e6d96c21d0 .part v0x55e6d96457c0_0, 2, 1;
L_0x55e6d96c2420 .part L_0x55e6d972d740, 0, 1;
L_0x55e6d96c25e0 .part L_0x55e6d972d740, 2, 1;
L_0x55e6d96c2870 .part L_0x55e6d972d740, 1, 1;
L_0x55e6d96c29d0 .part v0x55e6d9661790_0, 3, 1;
L_0x55e6d96c27d0 .part v0x55e6d96c0a70_0, 0, 1;
L_0x55e6d96c2d90 .part v0x55e6d96c0a70_0, 1, 1;
L_0x55e6d96c2f90 .part v0x55e6d96c0a70_0, 2, 1;
L_0x55e6d96c3310 .part v0x55e6d9661790_0, 1, 1;
L_0x55e6d96c3450 .part v0x55e6d9661790_0, 0, 1;
L_0x55e6d96c3750 .part v0x55e6d9661790_0, 2, 1;
L_0x55e6d96c37f0 .part L_0x55e6d972dd80, 1, 1;
L_0x55e6d96c3930 .part v0x55e6d9661790_0, 3, 1;
L_0x55e6d96c3a60 .part L_0x55e6d972dd80, 2, 1;
L_0x55e6d96c3d50 .part v0x55e6d9661790_0, 2, 1;
L_0x55e6d96c3e90 .part L_0x55e6d972dd80, 1, 1;
L_0x55e6d96c4040 .part v0x55e6d9661790_0, 1, 1;
L_0x55e6d96c3df0 .part v0x55e6d9661790_0, 0, 1;
L_0x55e6d96c4880 .part L_0x55e6d96e7bb0, 0, 1;
L_0x55e6d96c4a10 .part L_0x55e6d96e7bb0, 1, 1;
L_0x55e6d96c4c40 .part L_0x55e6d96e70c0, 0, 1;
L_0x55e6d96c4db0 .part L_0x55e6d96e70c0, 1, 1;
L_0x55e6d96c5110 .part L_0x55e6d97293a0, 0, 1;
L_0x55e6d96c5290 .part L_0x55e6d96e7bb0, 1, 1;
L_0x55e6d96c5470 .part L_0x55e6d972a840, 0, 1;
L_0x55e6d96c5600 .part L_0x55e6d96e70c0, 1, 1;
L_0x55e6d96c4fe0 .part v0x55e6d96c0a70_0, 3, 1;
L_0x55e6d96c5ac0 .part L_0x55e6d9718df0, 0, 1;
L_0x55e6d96c5b60 .part L_0x55e6d96e7bb0, 1, 1;
L_0x55e6d96c5f80 .part L_0x55e6d9718bc0, 0, 1;
L_0x55e6d96c6020 .part L_0x55e6d96e70c0, 1, 1;
L_0x55e6d96c6570 .part L_0x55e6d9718760, 0, 1;
L_0x55e6d96c6610 .part L_0x55e6d9718760, 1, 1;
L_0x55e6d96c6940 .part L_0x55e6d9718530, 0, 1;
L_0x55e6d96c69e0 .part L_0x55e6d96e70c0, 1, 1;
L_0x55e6d96c6d80 .part v0x55e6d96c0a70_0, 0, 1;
L_0x55e6d96c6ee0 .part L_0x55e6d96e7bb0, 0, 1;
L_0x55e6d96c70d0 .part L_0x55e6d9718760, 1, 1;
L_0x55e6d96c7430 .part L_0x55e6d9717db0, 0, 1;
L_0x55e6d96c7660 .part L_0x55e6d96e70c0, 1, 1;
L_0x55e6d96c7870 .part v0x55e6d96c0a70_0, 1, 1;
L_0x55e6d96c7cd0 .part L_0x55e6d97293a0, 0, 1;
L_0x55e6d96c7dc0 .part L_0x55e6d9718760, 1, 1;
L_0x55e6d96c8160 .part L_0x55e6d9717530, 0, 1;
L_0x55e6d96c8200 .part L_0x55e6d96e70c0, 1, 1;
L_0x55e6d96c8740 .part L_0x55e6d972d740, 3, 1;
L_0x55e6d96c8930 .part L_0x55e6d96cbb80, 0, 1;
L_0x55e6d96c8b70 .part L_0x55e6d96cbb80, 1, 1;
L_0x55e6d96c8f50 .part L_0x55e6d96cc6e0, 0, 1;
L_0x55e6d96c91a0 .part L_0x55e6d96cc6e0, 1, 1;
L_0x55e6d96c93a0 .part L_0x55e6d972d740, 4, 1;
L_0x55e6d96c9600 .part L_0x55e6d972d740, 5, 1;
L_0x55e6d96c99a0 .part L_0x55e6d9718fd0, 0, 1;
L_0x55e6d96c9c10 .part L_0x55e6d96cbb80, 1, 1;
L_0x55e6d96c9e20 .part L_0x55e6d9718990, 0, 1;
L_0x55e6d96ca0a0 .part L_0x55e6d96cc6e0, 1, 1;
L_0x55e6d96ca480 .part L_0x55e6d9717fe0, 0, 1;
L_0x55e6d96ca710 .part L_0x55e6d96cbb80, 1, 1;
L_0x55e6d96ca960 .part L_0x55e6d9717b80, 0, 1;
L_0x55e6d96cac00 .part L_0x55e6d96cc6e0, 1, 1;
L_0x55e6d96cb000 .part L_0x55e6d9717350, 0, 1;
L_0x55e6d96cb2b0 .part L_0x55e6d96cbb80, 1, 1;
L_0x55e6d96cb4c0 .part L_0x55e6d9716cc0, 0, 1;
L_0x55e6d96cb780 .part L_0x55e6d96cc6e0, 1, 1;
L_0x55e6d96cbb80 .concat8 [ 1 1 1 0], L_0x55e6d96cbef0, L_0x55e6d96c8870, L_0x55e6d96c96a0;
L_0x55e6d96cc050 .part L_0x55e6d96cbb80, 0, 1;
L_0x55e6d96cc0f0 .part L_0x55e6d9715a40, 1, 1;
L_0x55e6d96cc6e0 .concat8 [ 1 1 0 0], L_0x55e6d96c8c90, L_0x55e6d96ccb60;
L_0x55e6d96cc7d0 .part L_0x55e6d96cbb80, 2, 1;
L_0x55e6d96ccac0 .part L_0x55e6d972d740, 6, 1;
L_0x55e6d96cccc0 .part L_0x55e6d97155e0, 0, 1;
L_0x55e6d96ccfc0 .part L_0x55e6d96cc6e0, 1, 1;
L_0x55e6d96cd380 .part L_0x55e6d972d740, 0, 1;
L_0x55e6d96cd750 .part L_0x55e6d972d740, 2, 1;
L_0x55e6d96cd7f0 .part L_0x55e6d972d740, 3, 1;
L_0x55e6d96cde70 .part L_0x55e6d9718fd0, 0, 1;
L_0x55e6d96cdf60 .part L_0x55e6d9715a40, 1, 1;
L_0x55e6d96ce3f0 .part L_0x55e6d9729c10, 0, 1;
L_0x55e6d96ce490 .part L_0x55e6d96cc6e0, 1, 1;
L_0x55e6d96cec50 .part L_0x55e6d972d740, 1, 1;
L_0x55e6d96cedb0 .part L_0x55e6d9717fe0, 0, 1;
L_0x55e6d96cf150 .part L_0x55e6d9715a40, 1, 1;
L_0x55e6d96cf570 .part L_0x55e6d9729580, 0, 1;
L_0x55e6d96cf8d0 .part L_0x55e6d96cc6e0, 1, 1;
L_0x55e6d96cfdf0 .part v0x55e6d96457c0_0, 0, 1;
L_0x55e6d96d0250 .part v0x55e6d96457c0_0, 2, 1;
L_0x55e6d96d0660 .part v0x55e6d96457c0_0, 1, 1;
L_0x55e6d96d0af0 .part v0x55e6d96457c0_0, 2, 1;
L_0x55e6d96d0f80 .part v0x55e6d96457c0_0, 2, 1;
L_0x55e6d96d1ce0 .concat8 [ 1 1 0 0], L_0x55e6d96d1c40, L_0x55e6d96d1e00;
L_0x55e6d96d2190 .part L_0x55e6d96d1ce0, 0, 1;
L_0x55e6d96d25b0 .part L_0x55e6d96d1ce0, 1, 1;
L_0x55e6d96d2b00 .part L_0x55e6d9715fe0, 1, 1;
L_0x55e6d96d4570 .concat8 [ 1 1 0 0], L_0x55e6d96d41a0, L_0x55e6d96d4660;
L_0x55e6d96d4770 .part L_0x55e6d96d4570, 0, 1;
L_0x55e6d96d4b80 .part L_0x55e6d96d4570, 1, 1;
L_0x55e6d96d54e0 .concat8 [ 1 1 0 0], L_0x55e6d96d5150, L_0x55e6d96d5900;
L_0x55e6d96d5a10 .part L_0x55e6d96d54e0, 0, 1;
L_0x55e6d96d5b00 .part L_0x55e6d96d54e0, 1, 1;
L_0x55e6d96d6790 .part L_0x55e6d96d7c80, 0, 1;
L_0x55e6d96d6860 .part L_0x55e6d96d7c80, 1, 1;
L_0x55e6d96d71e0 .part L_0x55e6d9715810, 0, 1;
L_0x55e6d96d72e0 .part L_0x55e6d96d7c80, 1, 1;
L_0x55e6d96d7c80 .concat8 [ 1 1 0 0], L_0x55e6d96d63e0, L_0x55e6d96d7db0;
L_0x55e6d96d8250 .part L_0x55e6d96d7c80, 1, 1;
L_0x55e6d96d8660 .part L_0x55e6d972a5b0, 1, 1;
L_0x55e6d96d8c50 .part L_0x55e6d9715fe0, 1, 1;
L_0x55e6d96d9c60 .part L_0x55e6d96f0680, 0, 1;
L_0x55e6d96d9d00 .part L_0x55e6d96f0680, 1, 1;
L_0x55e6d96da7a0 .part L_0x55e6d9715fe0, 1, 1;
L_0x55e6d96dad10 .part L_0x55e6d972a450, 0, 1;
L_0x55e6d96dc010 .part L_0x55e6d972a250, 1, 1;
L_0x55e6d96dc750 .part v0x55e6d9661790_0, 0, 1;
L_0x55e6d96dcba0 .part v0x55e6d9661790_0, 1, 1;
L_0x55e6d96dcd00 .concat8 [ 1 1 0 0], L_0x55e6d96dcc40, L_0x55e6d96dd250;
L_0x55e6d96dd1b0 .part v0x55e6d9661790_0, 2, 1;
L_0x55e6d96dd7c0 .part L_0x55e6d96dcd00, 0, 1;
L_0x55e6d96ddc80 .part L_0x55e6d96dcd00, 1, 1;
L_0x55e6d96dde30 .part L_0x55e6d9718760, 0, 1;
L_0x55e6d96de2b0 .part L_0x55e6d96e7bb0, 1, 1;
L_0x55e6d96de880 .part L_0x55e6d97297b0, 0, 1;
L_0x55e6d96ded10 .part L_0x55e6d96e70c0, 1, 1;
L_0x55e6d96de630 .concat8 [ 1 1 1 1], L_0x55e6d96defd0, L_0x55e6d96de460, L_0x55e6d96de560, L_0x55e6d96df880;
L_0x55e6d96df8f0 .part L_0x55e6d96de630, 0, 1;
L_0x55e6d96df9e0 .part L_0x55e6d96de630, 1, 1;
L_0x55e6d96df040 .concat8 [ 1 1 0 0], L_0x55e6d96dfe90, L_0x55e6d96df2d0;
L_0x55e6d96df130 .part L_0x55e6d96de630, 2, 1;
L_0x55e6d96df200 .part L_0x55e6d96de630, 3, 1;
L_0x55e6d96df3e0 .part L_0x55e6d96df040, 0, 1;
L_0x55e6d96e03f0 .part L_0x55e6d96df040, 1, 1;
L_0x55e6d96dffa0 .concat8 [ 1 1 1 1], L_0x55e6d96e05a0, L_0x55e6d96e0610, L_0x55e6d96e0710, L_0x55e6d96e0190;
L_0x55e6d96e0250 .part L_0x55e6d96dffa0, 0, 1;
L_0x55e6d96e0340 .part L_0x55e6d96dffa0, 1, 1;
L_0x55e6d96e0df0 .concat8 [ 1 1 0 0], L_0x55e6d96e0cb0, L_0x55e6d96e0860;
L_0x55e6d96e0ee0 .part L_0x55e6d96dffa0, 2, 1;
L_0x55e6d96e1470 .part L_0x55e6d96dffa0, 3, 1;
L_0x55e6d96e0970 .part L_0x55e6d96e0df0, 0, 1;
L_0x55e6d96e0a60 .part L_0x55e6d96e0df0, 1, 1;
L_0x55e6d96e11b0 .concat8 [ 1 1 1 1], L_0x55e6d96e0c10, L_0x55e6d96e1010, L_0x55e6d96e10b0, L_0x55e6d96e13a0;
L_0x55e6d96e19d0 .part L_0x55e6d96e11b0, 0, 1;
L_0x55e6d96e1ac0 .part L_0x55e6d96e11b0, 1, 1;
L_0x55e6d96e1ca0 .concat8 [ 1 1 0 0], L_0x55e6d96e1b60, L_0x55e6d96e15e0;
L_0x55e6d96e1d90 .part L_0x55e6d96e11b0, 2, 1;
L_0x55e6d96e1540 .part L_0x55e6d96e11b0, 3, 1;
L_0x55e6d96e16f0 .part L_0x55e6d96e1ca0, 0, 1;
L_0x55e6d96e17e0 .part L_0x55e6d96e1ca0, 1, 1;
L_0x55e6d96e20b0 .concat8 [ 1 1 1 1], L_0x55e6d96e1e40, L_0x55e6d96e1eb0, L_0x55e6d96e1fb0, L_0x55e6d96e2390;
L_0x55e6d96e2450 .part L_0x55e6d96e20b0, 0, 1;
L_0x55e6d96e2540 .part L_0x55e6d96e20b0, 1, 1;
L_0x55e6d96e2bc0 .concat8 [ 1 1 0 0], L_0x55e6d96e2ab0, L_0x55e6d96e2eb0;
L_0x55e6d96e2cb0 .part L_0x55e6d96e20b0, 2, 1;
L_0x55e6d96e2de0 .part L_0x55e6d96e20b0, 3, 1;
L_0x55e6d96e2fc0 .part L_0x55e6d96e2bc0, 0, 1;
L_0x55e6d96e25e0 .part L_0x55e6d96e2bc0, 1, 1;
L_0x55e6d96e29d0 .concat8 [ 1 1 1 1], L_0x55e6d96e2790, L_0x55e6d96e2800, L_0x55e6d96e28d0, L_0x55e6d96e3b40;
L_0x55e6d96e3100 .part L_0x55e6d96e29d0, 0, 1;
L_0x55e6d96e31f0 .part L_0x55e6d96e29d0, 1, 1;
L_0x55e6d96e3400 .concat8 [ 1 1 0 0], L_0x55e6d96e32c0, L_0x55e6d96e37a0;
L_0x55e6d96e34f0 .part L_0x55e6d96e29d0, 2, 1;
L_0x55e6d96e36d0 .part L_0x55e6d96e29d0, 3, 1;
L_0x55e6d96e38b0 .part L_0x55e6d96e3400, 0, 1;
L_0x55e6d96e39a0 .part L_0x55e6d96e3400, 1, 1;
L_0x55e6d96e43a0 .concat8 [ 1 1 1 1], L_0x55e6d96e4130, L_0x55e6d96e41a0, L_0x55e6d96e42a0, L_0x55e6d96e3bb0;
L_0x55e6d96e3c20 .part L_0x55e6d96e43a0, 0, 1;
L_0x55e6d96e3d10 .part L_0x55e6d96e43a0, 1, 1;
L_0x55e6d96e3ef0 .concat8 [ 1 1 0 0], L_0x55e6d96e3db0, L_0x55e6d96e4c90;
L_0x55e6d96e3fe0 .part L_0x55e6d96e43a0, 2, 1;
L_0x55e6d96e4bc0 .part L_0x55e6d96e43a0, 3, 1;
L_0x55e6d96e4da0 .part L_0x55e6d96e3ef0, 0, 1;
L_0x55e6d96e45e0 .part L_0x55e6d96e3ef0, 1, 1;
L_0x55e6d96e49d0 .concat8 [ 1 1 1 1], L_0x55e6d96e4790, L_0x55e6d96e4800, L_0x55e6d96e48d0, L_0x55e6d96e59d0;
L_0x55e6d96e5a90 .part L_0x55e6d96e49d0, 0, 1;
L_0x55e6d96e4ee0 .part L_0x55e6d96e49d0, 1, 1;
L_0x55e6d96e50c0 .concat8 [ 1 1 0 0], L_0x55e6d96e4f80, L_0x55e6d96e5380;
L_0x55e6d96e51b0 .part L_0x55e6d96e49d0, 2, 1;
L_0x55e6d96e52e0 .part L_0x55e6d96e49d0, 3, 1;
L_0x55e6d96e54f0 .part L_0x55e6d96e50c0, 0, 1;
L_0x55e6d96e55e0 .part L_0x55e6d96e50c0, 1, 1;
L_0x55e6d96e60f0 .concat8 [ 1 1 1 1], L_0x55e6d96e5790, L_0x55e6d96e5800, L_0x55e6d96e5900, L_0x55e6d96e62e0;
L_0x55e6d96e6970 .part L_0x55e6d96e60f0, 0, 1;
L_0x55e6d96e6a60 .part L_0x55e6d96e60f0, 1, 1;
L_0x55e6d96e5b80 .concat8 [ 1 1 0 0], L_0x55e6d96e6b00, L_0x55e6d96e5e40;
L_0x55e6d96e5c70 .part L_0x55e6d96e60f0, 2, 1;
L_0x55e6d96e5da0 .part L_0x55e6d96e60f0, 3, 1;
L_0x55e6d96e5f50 .part L_0x55e6d96e5b80, 0, 1;
L_0x55e6d96e6040 .part L_0x55e6d96e5b80, 1, 1;
L_0x55e6d96e64b0 .part v0x55e6d96c0a70_0, 0, 1;
L_0x55e6d96e6660 .part v0x55e6d96c0a70_0, 1, 1;
L_0x55e6d96e6810 .part v0x55e6d96c0a70_0, 2, 1;
L_0x55e6d96e68b0 .part v0x55e6d96c0a70_0, 3, 1;
L_0x55e6d96e7310 .part v0x55e6d96c0a70_0, 4, 1;
L_0x55e6d96e79d0 .part v0x55e6d96c0a70_0, 5, 1;
L_0x55e6d96e7bb0 .concat8 [ 1 1 1 1], L_0x55e6d96c6e20, L_0x55e6d96c5080, L_0x55e6d96e7a70, L_0x55e6d96e7d40;
L_0x55e6d96e6bf0 .part v0x55e6d96c0a70_0, 6, 1;
L_0x55e6d96e6c90 .part v0x55e6d96c0a70_0, 7, 1;
L_0x55e6d96e6e20 .part L_0x55e6d9718df0, 0, 1;
L_0x55e6d96e6f10 .part L_0x55e6d9718760, 1, 1;
L_0x55e6d96e70c0 .concat8 [ 1 1 0 0], L_0x55e6d96c4b30, L_0x55e6d96e8000;
L_0x55e6d96e7db0 .part L_0x55e6d96e7bb0, 2, 1;
L_0x55e6d96e7f60 .part L_0x55e6d96e7bb0, 3, 1;
L_0x55e6d96e8110 .part L_0x55e6d9717120, 0, 1;
L_0x55e6d96e81b0 .part L_0x55e6d96e70c0, 1, 1;
L_0x55e6d96e8a90 .part L_0x55e6d96f0680, 1, 1;
L_0x55e6d96e8360 .part L_0x55e6d9716ef0, 1, 1;
L_0x55e6d96e8580 .part L_0x55e6d96e8920, 0, 1;
L_0x55e6d96e8680 .part L_0x55e6d96e8920, 1, 1;
L_0x55e6d96e8920 .concat8 [ 1 1 0 0], L_0x55e6d96e8510, L_0x55e6d96e73b0;
L_0x55e6d96e7470 .part L_0x55e6d97167c0, 0, 1;
L_0x55e6d96e7540 .part L_0x55e6d96e8920, 1, 1;
L_0x55e6d96e7790 .concat8 [ 1 1 0 0], L_0x55e6d96e76d0, L_0x55e6d96e7880;
L_0x55e6d96e9190 .part L_0x55e6d96e7790, 0, 1;
L_0x55e6d96e9280 .part L_0x55e6d96e7790, 1, 1;
L_0x55e6d96e8b30 .concat8 [ 1 1 1 1], L_0x55e6d96e9430, L_0x55e6d96e9540, L_0x55e6d96e9650, L_0x55e6d96e8cc0;
L_0x55e6d96e8e20 .part L_0x55e6d96e8b30, 0, 1;
L_0x55e6d96e8f10 .part L_0x55e6d96e8b30, 1, 1;
L_0x55e6d96e90c0 .concat8 [ 1 1 0 0], L_0x55e6d96e8fb0, L_0x55e6d96e9f80;
L_0x55e6d96e9e40 .part L_0x55e6d96e8b30, 2, 1;
L_0x55e6d96e9ee0 .part L_0x55e6d96e8b30, 3, 1;
L_0x55e6d96ea090 .part L_0x55e6d96e90c0, 0, 1;
L_0x55e6d96ea130 .part L_0x55e6d96e90c0, 1, 1;
L_0x55e6d96e9840 .concat8 [ 1 1 1 1], L_0x55e6d96ea2e0, L_0x55e6d96e9760, L_0x55e6d96e97d0, L_0x55e6d96e99d0;
L_0x55e6d96e9a90 .part L_0x55e6d96e9840, 0, 1;
L_0x55e6d96e9b80 .part L_0x55e6d96e9840, 1, 1;
L_0x55e6d96e9d30 .concat8 [ 1 1 0 0], L_0x55e6d96e9c20, L_0x55e6d96eac40;
L_0x55e6d96eaa70 .part L_0x55e6d96e9840, 2, 1;
L_0x55e6d96eaba0 .part L_0x55e6d96e9840, 3, 1;
L_0x55e6d96ead50 .part L_0x55e6d96e9d30, 0, 1;
L_0x55e6d96eae40 .part L_0x55e6d96e9d30, 1, 1;
L_0x55e6d96eb140 .concat8 [ 1 1 1 1], L_0x55e6d96eaff0, L_0x55e6d96eb060, L_0x55e6d96eb0d0, L_0x55e6d96eb280;
L_0x55e6d96eb340 .part L_0x55e6d96eb140, 0, 1;
L_0x55e6d96eb430 .part L_0x55e6d96eb140, 1, 1;
L_0x55e6d96ea460 .concat8 [ 1 1 0 0], L_0x55e6d96ea350, L_0x55e6d96ea720;
L_0x55e6d96ea550 .part L_0x55e6d96eb140, 2, 1;
L_0x55e6d96ea680 .part L_0x55e6d96eb140, 3, 1;
L_0x55e6d96ea830 .part L_0x55e6d96ea460, 0, 1;
L_0x55e6d96ea920 .part L_0x55e6d96ea460, 1, 1;
L_0x55e6d96ebeb0 .concat8 [ 1 1 1 1], L_0x55e6d96ebd60, L_0x55e6d96ebdd0, L_0x55e6d96ebe40, L_0x55e6d96eb4d0;
L_0x55e6d96eb590 .part L_0x55e6d96ebeb0, 0, 1;
L_0x55e6d96eb680 .part L_0x55e6d96ebeb0, 1, 1;
L_0x55e6d96eb830 .concat8 [ 1 1 0 0], L_0x55e6d96eb720, L_0x55e6d96ebaf0;
L_0x55e6d96eb920 .part L_0x55e6d96ebeb0, 2, 1;
L_0x55e6d96eba50 .part L_0x55e6d96ebeb0, 3, 1;
L_0x55e6d96ec070 .part L_0x55e6d96eb830, 0, 1;
L_0x55e6d96ec110 .part L_0x55e6d96eb830, 1, 1;
L_0x55e6d96ec410 .concat8 [ 1 1 1 1], L_0x55e6d96ec2c0, L_0x55e6d96ec330, L_0x55e6d96ec3a0, L_0x55e6d96ecda0;
L_0x55e6d96ece60 .part L_0x55e6d96ec410, 0, 1;
L_0x55e6d96ecf50 .part L_0x55e6d96ec410, 1, 1;
L_0x55e6d96ed100 .concat8 [ 1 1 0 0], L_0x55e6d96ecff0, L_0x55e6d96ed3c0;
L_0x55e6d96ed1f0 .part L_0x55e6d96ec410, 2, 1;
L_0x55e6d96ed320 .part L_0x55e6d96ec410, 3, 1;
L_0x55e6d96ed4d0 .part L_0x55e6d96ed100, 0, 1;
L_0x55e6d96ed570 .part L_0x55e6d96ed100, 1, 1;
L_0x55e6d96ed8d0 .concat8 [ 1 1 1 1], L_0x55e6d96ed720, L_0x55e6d96ed790, L_0x55e6d96ed800, L_0x55e6d96edac0;
L_0x55e6d96edb80 .part L_0x55e6d96ed8d0, 0, 1;
L_0x55e6d96edc70 .part L_0x55e6d96ed8d0, 1, 1;
L_0x55e6d96ec5d0 .concat8 [ 1 1 0 0], L_0x55e6d96edd10, L_0x55e6d96ec890;
L_0x55e6d96ec6c0 .part L_0x55e6d96ed8d0, 2, 1;
L_0x55e6d96ec7f0 .part L_0x55e6d96ed8d0, 3, 1;
L_0x55e6d96ec9a0 .part L_0x55e6d96ec5d0, 0, 1;
L_0x55e6d96eca90 .part L_0x55e6d96ec5d0, 1, 1;
L_0x55e6d96ee690 .concat8 [ 1 1 1 1], L_0x55e6d96ecc40, L_0x55e6d96eccb0, L_0x55e6d96ee5f0, L_0x55e6d96ee880;
L_0x55e6d96ee940 .part L_0x55e6d96ee690, 0, 1;
L_0x55e6d96eea30 .part L_0x55e6d96ee690, 1, 1;
L_0x55e6d96eebe0 .concat8 [ 1 1 0 0], L_0x55e6d96eead0, L_0x55e6d96eeea0;
L_0x55e6d96eecd0 .part L_0x55e6d96ee690, 2, 1;
L_0x55e6d96eee00 .part L_0x55e6d96ee690, 3, 1;
L_0x55e6d96eefb0 .part L_0x55e6d96eebe0, 0, 1;
L_0x55e6d96ede20 .part L_0x55e6d96eebe0, 1, 1;
L_0x55e6d96ee150 .concat8 [ 1 1 1 1], L_0x55e6d96edfd0, L_0x55e6d96ee040, L_0x55e6d96ee0b0, L_0x55e6d96ee340;
L_0x55e6d96ee400 .part L_0x55e6d96ee150, 0, 1;
L_0x55e6d96ee4f0 .part L_0x55e6d96ee150, 1, 1;
L_0x55e6d96efa50 .concat8 [ 1 1 0 0], L_0x55e6d96ef940, L_0x55e6d96f05c0;
L_0x55e6d96efb40 .part L_0x55e6d96ee150, 2, 1;
L_0x55e6d96f0520 .part L_0x55e6d96ee150, 3, 1;
L_0x55e6d96ef0a0 .part L_0x55e6d96efa50, 0, 1;
L_0x55e6d96ef190 .part L_0x55e6d96efa50, 1, 1;
L_0x55e6d96ef420 .concat8 [ 1 1 1 1], L_0x55e6d96f04a0, L_0x55e6d96ef340, L_0x55e6d96ef3b0, L_0x55e6d96ef5e0;
L_0x55e6d96ef6a0 .part L_0x55e6d96ef420, 0, 1;
L_0x55e6d96ef790 .part L_0x55e6d96ef420, 1, 1;
L_0x55e6d96efc70 .concat8 [ 1 1 0 0], L_0x55e6d96ef830, L_0x55e6d96eff30;
L_0x55e6d96efd60 .part L_0x55e6d96ef420, 2, 1;
L_0x55e6d96efe90 .part L_0x55e6d96ef420, 3, 1;
L_0x55e6d96f0040 .part L_0x55e6d96efc70, 0, 1;
L_0x55e6d96f0130 .part L_0x55e6d96efc70, 1, 1;
L_0x55e6d96f0680 .concat8 [ 1 1 0 0], L_0x55e6d96d9b50, L_0x55e6d96f07b0;
L_0x55e6d96f08b0 .part L_0x55e6d96f0680, 1, 1;
L_0x55e6d96f0a30 .part L_0x55e6d9711170, 0, 1;
L_0x55e6d96f0ad0 .part L_0x55e6d9711170, 1, 1;
L_0x55e6d96f0cf0 .part L_0x55e6d97117c0, 0, 1;
L_0x55e6d96f0d90 .part L_0x55e6d97117c0, 1, 1;
L_0x55e6d96f18c0 .part L_0x55e6d9712d50, 0, 1;
L_0x55e6d96f1960 .part L_0x55e6d9712d50, 1, 1;
L_0x55e6d96f0f70 .part L_0x55e6d9711ed0, 0, 1;
L_0x55e6d96f1010 .part L_0x55e6d9711ed0, 1, 1;
L_0x55e6d96f1240 .part L_0x55e6d972d740, 0, 1;
L_0x55e6d96f12e0 .part L_0x55e6d972d740, 1, 1;
L_0x55e6d96f1490 .part L_0x55e6d9717350, 0, 1;
L_0x55e6d96f1580 .part L_0x55e6d9715a40, 1, 1;
L_0x55e6d96f2430 .part L_0x55e6d9717760, 0, 1;
L_0x55e6d96f24d0 .part L_0x55e6d96cc6e0, 1, 1;
L_0x55e6d96f2ff0 .part L_0x55e6d972a050, 0, 1;
L_0x55e6d96f1bf0 .part v0x55e6d96457c0_0, 0, 1;
L_0x55e6d96f1c90 .part v0x55e6d96457c0_0, 1, 1;
L_0x55e6d96f1e40 .part v0x55e6d96457c0_0, 2, 1;
L_0x55e6d96f1fe0 .part v0x55e6d9661790_0, 2, 1;
L_0x55e6d96f2080 .part v0x55e6d9661790_0, 3, 1;
L_0x55e6d96f2230 .part L_0x55e6d96dcd00, 0, 1;
L_0x55e6d96f2360 .part L_0x55e6d97299e0, 1, 1;
L_0x55e6d96f29b0 .concat8 [ 1 1 1 1], L_0x55e6d96f27d0, L_0x55e6d96f2840, L_0x55e6d96f28e0, L_0x55e6d96f2ba0;
L_0x55e6d96f2c60 .part L_0x55e6d96f29b0, 0, 1;
L_0x55e6d96f2d50 .part L_0x55e6d96f29b0, 1, 1;
L_0x55e6d96f2f00 .concat8 [ 1 1 0 0], L_0x55e6d96f2df0, L_0x55e6d96f3cf0;
L_0x55e6d96f3af0 .part L_0x55e6d96f29b0, 2, 1;
L_0x55e6d96f3c20 .part L_0x55e6d96f29b0, 3, 1;
L_0x55e6d96f3e00 .part L_0x55e6d96f2f00, 0, 1;
L_0x55e6d96f3ef0 .part L_0x55e6d96f2f00, 1, 1;
L_0x55e6d96f46e0 .part L_0x55e6d9715fe0, 1, 1;
L_0x55e6d96f4810 .functor MUXZ 1, L_0x55e6d96f46e0, L_0x7fa630e99018, L_0x55e6d96d02f0, C4<>;
L_0x55e6d96f4900 .functor MUXZ 1, L_0x7fa630e990a8, L_0x7fa630e99060, v0x55e6d9643c60_0, C4<>;
L_0x55e6d96f4b90 .functor MUXZ 1, L_0x7fa630e99138, L_0x7fa630e990f0, L_0x55e6d96ddd20, C4<>;
L_0x55e6d96f4cd0 .part v0x55e6d96509b0_0, 7, 1;
L_0x55e6d96f4d70 .functor MUXZ 1, L_0x55e6d96f4cd0, L_0x7fa630e99180, L_0x55e6d96ddd20, C4<>;
L_0x55e6d96f4ef0 .functor MUXZ 1, L_0x7fa630e99210, L_0x7fa630e991c8, L_0x55e6d96ddd20, C4<>;
L_0x55e6d96f5030 .part L_0x55e6d972a450, 0, 1;
L_0x55e6d96f51b0 .functor MUXZ 1, L_0x7fa630e992a0, L_0x7fa630e99258, L_0x55e6d96f5030, C4<>;
L_0x55e6d96f52f0 .part L_0x55e6d972a450, 0, 1;
L_0x55e6d96f5390 .functor MUXZ 1, L_0x7fa630e99330, L_0x7fa630e992e8, L_0x55e6d96f52f0, C4<>;
L_0x55e6d96f5770 .part v0x55e6d9658100_0, 0, 1;
L_0x55e6d96f5810 .functor MUXZ 1, L_0x7fa630e99378, L_0x55e6d96f5770, L_0x55e6d9701090, C4<>;
L_0x55e6d96f5950 .part v0x55e6d9658100_0, 1, 1;
L_0x55e6d96f5a40 .functor MUXZ 1, L_0x7fa630e993c0, L_0x55e6d96f5950, L_0x55e6d9701090, C4<>;
L_0x55e6d96f5bc0 .part v0x55e6d9658100_0, 2, 1;
L_0x55e6d96f5c60 .functor MUXZ 1, L_0x7fa630e99408, L_0x55e6d96f5bc0, L_0x55e6d9701090, C4<>;
L_0x55e6d96f5da0 .part v0x55e6d9658100_0, 3, 1;
L_0x55e6d96f5ed0 .functor MUXZ 1, L_0x7fa630e99450, L_0x55e6d96f5da0, L_0x55e6d9701090, C4<>;
L_0x55e6d96f5fc0 .part v0x55e6d9658100_0, 4, 1;
L_0x55e6d96f7670 .functor MUXZ 1, L_0x7fa630e99498, L_0x55e6d96f5fc0, L_0x55e6d9701090, C4<>;
L_0x55e6d96f6bd0 .part v0x55e6d9658100_0, 5, 1;
L_0x55e6d96f6c70 .functor MUXZ 1, L_0x7fa630e994e0, L_0x55e6d96f6bd0, L_0x55e6d9701090, C4<>;
L_0x55e6d96f6ec0 .part v0x55e6d9658100_0, 6, 1;
L_0x55e6d96f6f60 .functor MUXZ 1, L_0x7fa630e99528, L_0x55e6d96f6ec0, L_0x55e6d9701090, C4<>;
L_0x55e6d96f70a0 .part v0x55e6d96565a0_0, 0, 1;
L_0x55e6d96f7140 .functor MUXZ 1, L_0x7fa630e99570, L_0x55e6d96f70a0, L_0x55e6d9701090, C4<>;
L_0x55e6d96f7280 .part v0x55e6d96565a0_0, 1, 1;
L_0x55e6d96f7370 .functor MUXZ 1, L_0x7fa630e995b8, L_0x55e6d96f7280, L_0x55e6d9701090, C4<>;
L_0x55e6d96f74b0 .part v0x55e6d96565a0_0, 2, 1;
L_0x55e6d96f7550 .functor MUXZ 1, L_0x7fa630e99600, L_0x55e6d96f74b0, L_0x55e6d9701090, C4<>;
L_0x55e6d96f8210 .part v0x55e6d96565a0_0, 3, 1;
L_0x55e6d96f82b0 .functor MUXZ 1, L_0x7fa630e99648, L_0x55e6d96f8210, L_0x55e6d9701090, C4<>;
L_0x55e6d96f7760 .part v0x55e6d96565a0_0, 4, 1;
L_0x55e6d96f7800 .functor MUXZ 1, L_0x7fa630e99690, L_0x55e6d96f7760, L_0x55e6d9701090, C4<>;
L_0x55e6d96f7940 .part v0x55e6d96565a0_0, 5, 1;
L_0x55e6d96f79e0 .functor MUXZ 1, L_0x7fa630e996d8, L_0x55e6d96f7940, L_0x55e6d9701090, C4<>;
L_0x55e6d96f7b20 .part v0x55e6d96565a0_0, 6, 1;
L_0x55e6d96f7bc0 .functor MUXZ 1, L_0x7fa630e99720, L_0x55e6d96f7b20, L_0x55e6d9701090, C4<>;
L_0x55e6d96f7d00 .part L_0x55e6d972c5d0, 1, 1;
L_0x55e6d96f7da0 .part L_0x55e6d972c9e0, 1, 1;
L_0x55e6d96f7e40 .functor MUXZ 1, L_0x55e6d96f7da0, L_0x55e6d96f7d00, L_0x55e6d96f2710, C4<>;
L_0x55e6d96f7fd0 .part L_0x55e6d972c5d0, 2, 1;
L_0x55e6d96f80c0 .part L_0x55e6d972c9e0, 2, 1;
L_0x55e6d96f8eb0 .functor MUXZ 1, L_0x55e6d96f80c0, L_0x55e6d96f7fd0, L_0x55e6d96f2710, C4<>;
L_0x55e6d96f83a0 .part L_0x55e6d972c5d0, 3, 1;
L_0x55e6d96f8440 .part L_0x55e6d972c9e0, 3, 1;
L_0x55e6d96f84e0 .functor MUXZ 1, L_0x55e6d96f8440, L_0x55e6d96f83a0, L_0x55e6d96f2710, C4<>;
L_0x55e6d96f85d0 .part L_0x55e6d972c5d0, 4, 1;
L_0x55e6d96f8700 .part L_0x55e6d972c9e0, 4, 1;
L_0x55e6d96f8830 .functor MUXZ 1, L_0x55e6d96f8700, L_0x55e6d96f85d0, L_0x55e6d96f2710, C4<>;
L_0x55e6d96f88d0 .part L_0x55e6d972c5d0, 5, 1;
L_0x55e6d96f8970 .part L_0x55e6d972c9e0, 5, 1;
L_0x55e6d96f8a10 .functor MUXZ 1, L_0x55e6d96f8970, L_0x55e6d96f88d0, L_0x55e6d96f2710, C4<>;
L_0x55e6d96f8b50 .part L_0x55e6d972c5d0, 6, 1;
L_0x55e6d96f8bf0 .part L_0x55e6d972c9e0, 6, 1;
L_0x55e6d96f8c90 .functor MUXZ 1, L_0x55e6d96f8bf0, L_0x55e6d96f8b50, L_0x55e6d96f2710, C4<>;
L_0x55e6d96f8dd0 .part L_0x55e6d972c5d0, 7, 1;
L_0x55e6d96f9b20 .part L_0x55e6d972c9e0, 7, 1;
L_0x55e6d96f8f50 .functor MUXZ 1, L_0x55e6d96f9b20, L_0x55e6d96f8dd0, L_0x55e6d96f2710, C4<>;
L_0x55e6d96f9090 .part L_0x55e6d972cff0, 0, 1;
L_0x55e6d96f9130 .functor MUXZ 1, L_0x7fa630e99768, L_0x55e6d96f9090, L_0x55e6d96f02e0, C4<>;
L_0x55e6d96f92a0 .part L_0x55e6d972cff0, 1, 1;
L_0x55e6d96f9390 .functor MUXZ 1, L_0x7fa630e997b0, L_0x55e6d96f92a0, L_0x55e6d96f02e0, C4<>;
L_0x55e6d96f94d0 .part L_0x55e6d972cff0, 2, 1;
L_0x55e6d96f9570 .functor MUXZ 1, L_0x7fa630e997f8, L_0x55e6d96f94d0, L_0x55e6d96f02e0, C4<>;
L_0x55e6d96f97f0 .part L_0x55e6d972cff0, 3, 1;
L_0x55e6d96f9890 .functor MUXZ 1, L_0x7fa630e99840, L_0x55e6d96f97f0, L_0x55e6d96f02e0, C4<>;
L_0x55e6d96f99b0 .part L_0x55e6d972cff0, 4, 1;
L_0x55e6d96f9a50 .functor MUXZ 1, L_0x7fa630e99888, L_0x55e6d96f99b0, L_0x55e6d96f02e0, C4<>;
L_0x55e6d96fa890 .part L_0x55e6d972cff0, 5, 1;
L_0x55e6d96f9bc0 .functor MUXZ 1, L_0x7fa630e998d0, L_0x55e6d96fa890, L_0x55e6d96f02e0, C4<>;
L_0x55e6d96f9d30 .part L_0x55e6d972cff0, 6, 1;
L_0x55e6d96f9dd0 .functor MUXZ 1, L_0x7fa630e99918, L_0x55e6d96f9d30, L_0x55e6d96f02e0, C4<>;
LS_0x55e6d96f9f40_0_0 .concat8 [ 1 1 1 1], L_0x55e6d96f9130, L_0x55e6d96f9390, L_0x55e6d96f9570, L_0x55e6d96f9890;
LS_0x55e6d96f9f40_0_4 .concat8 [ 1 1 1 1], L_0x55e6d96f9a50, L_0x55e6d96f9bc0, L_0x55e6d96f9dd0, L_0x55e6d96fa300;
L_0x55e6d96f9f40 .concat8 [ 4 4 0 0], LS_0x55e6d96f9f40_0_0, LS_0x55e6d96f9f40_0_4;
L_0x55e6d96fa260 .part L_0x55e6d972b860, 0, 1;
L_0x55e6d96fa300 .functor MUXZ 1, L_0x7fa630e99960, L_0x55e6d96fa260, L_0x55e6d96f02e0, C4<>;
L_0x55e6d96fa490 .part v0x55e6d96509b0_0, 0, 1;
L_0x55e6d96fa580 .functor MUXZ 1, L_0x55e6d96fa490, L_0x7fa630e999a8, L_0x55e6d96ddd20, C4<>;
L_0x55e6d96fa6c0 .part v0x55e6d96509b0_0, 1, 1;
L_0x55e6d96fb5b0 .functor MUXZ 1, L_0x55e6d96fa6c0, L_0x7fa630e999f0, L_0x55e6d96ddd20, C4<>;
L_0x55e6d96fa980 .part v0x55e6d96509b0_0, 2, 1;
L_0x55e6d96faa20 .functor MUXZ 1, L_0x55e6d96fa980, L_0x7fa630e99a38, L_0x55e6d96ddd20, C4<>;
L_0x55e6d96fab10 .part v0x55e6d96509b0_0, 3, 1;
L_0x55e6d96fabb0 .functor MUXZ 1, L_0x55e6d96fab10, L_0x7fa630e99a80, L_0x55e6d96ddd20, C4<>;
L_0x55e6d96facf0 .part v0x55e6d96509b0_0, 4, 1;
L_0x55e6d96fad90 .functor MUXZ 1, L_0x55e6d96facf0, L_0x7fa630e99ac8, L_0x55e6d96ddd20, C4<>;
L_0x55e6d96faed0 .part v0x55e6d96509b0_0, 5, 1;
L_0x55e6d96faf70 .functor MUXZ 1, L_0x55e6d96faed0, L_0x7fa630e99b10, L_0x55e6d96ddd20, C4<>;
L_0x55e6d96fb0b0 .part v0x55e6d96509b0_0, 6, 1;
L_0x55e6d96fb260 .functor MUXZ 1, L_0x55e6d96fb0b0, L_0x7fa630e99b58, L_0x55e6d96ddd20, C4<>;
L_0x55e6d96fb3d0 .part L_0x55e6d96fe5d0, 0, 1;
L_0x55e6d96fb4a0 .functor MUXZ 1, L_0x7fa630e99ba0, L_0x55e6d96fb3d0, L_0x55e6d96dbaf0, C4<>;
L_0x55e6d96fc3e0 .part L_0x55e6d96fe5d0, 1, 1;
L_0x55e6d96fc4d0 .functor MUXZ 1, L_0x7fa630e99be8, L_0x55e6d96fc3e0, L_0x55e6d96dbaf0, C4<>;
L_0x55e6d96fb6f0 .part L_0x55e6d96fe5d0, 2, 1;
L_0x55e6d96fb790 .functor MUXZ 1, L_0x7fa630e99c30, L_0x55e6d96fb6f0, L_0x55e6d96dbaf0, C4<>;
L_0x55e6d96fba10 .part L_0x55e6d96fe5d0, 3, 1;
L_0x55e6d96fbab0 .functor MUXZ 1, L_0x7fa630e99c78, L_0x55e6d96fba10, L_0x55e6d96dbaf0, C4<>;
L_0x55e6d96fbbd0 .part L_0x55e6d96fe5d0, 4, 1;
L_0x55e6d96fbc70 .functor MUXZ 1, L_0x7fa630e99cc0, L_0x55e6d96fbbd0, L_0x55e6d96dbaf0, C4<>;
L_0x55e6d96fbde0 .part L_0x55e6d96fe5d0, 5, 1;
L_0x55e6d96fbe80 .functor MUXZ 1, L_0x7fa630e99d08, L_0x55e6d96fbde0, L_0x55e6d96dbaf0, C4<>;
L_0x55e6d96fbff0 .part L_0x55e6d96fe5d0, 6, 1;
L_0x55e6d96fc090 .functor MUXZ 1, L_0x7fa630e99d50, L_0x55e6d96fbff0, L_0x55e6d96dbaf0, C4<>;
LS_0x55e6d96fc200_0_0 .concat8 [ 1 1 1 1], L_0x55e6d96fb4a0, L_0x55e6d96fc4d0, L_0x55e6d96fb790, L_0x55e6d96fbab0;
LS_0x55e6d96fc200_0_4 .concat8 [ 1 1 1 1], L_0x55e6d96fbc70, L_0x55e6d96fbe80, L_0x55e6d96fc090, L_0x55e6d96fc570;
L_0x55e6d96fc200 .concat8 [ 4 4 0 0], LS_0x55e6d96fc200_0_0, LS_0x55e6d96fc200_0_4;
L_0x55e6d96fd4a0 .part L_0x55e6d96fe5d0, 7, 1;
L_0x55e6d96fc570 .functor MUXZ 1, L_0x7fa630e99d98, L_0x55e6d96fd4a0, L_0x55e6d96dbaf0, C4<>;
L_0x55e6d96fc700 .functor MUXZ 1, L_0x7fa630e99de0, v0x55e6d9652510_0, L_0x55e6d9700f50, C4<>;
L_0x55e6d96fc840 .part v0x55e6d96509b0_0, 0, 1;
L_0x55e6d96fc8e0 .functor MUXZ 1, L_0x7fa630e99e28, L_0x55e6d96fc840, L_0x55e6d9700f50, C4<>;
L_0x55e6d96fca20 .part v0x55e6d96509b0_0, 1, 1;
L_0x55e6d96fcac0 .functor MUXZ 1, L_0x7fa630e99e70, L_0x55e6d96fca20, L_0x55e6d9700f50, C4<>;
L_0x55e6d96fcbb0 .part v0x55e6d96509b0_0, 2, 1;
L_0x55e6d96fcc50 .functor MUXZ 1, L_0x7fa630e99eb8, L_0x55e6d96fcbb0, L_0x55e6d9700f50, C4<>;
L_0x55e6d96fcd90 .part v0x55e6d96509b0_0, 3, 1;
L_0x55e6d96fce30 .functor MUXZ 1, L_0x7fa630e99f00, L_0x55e6d96fcd90, L_0x55e6d9700f50, C4<>;
L_0x55e6d96fcf70 .part v0x55e6d96509b0_0, 4, 1;
L_0x55e6d96fd010 .functor MUXZ 1, L_0x7fa630e99f48, L_0x55e6d96fcf70, L_0x55e6d9700f50, C4<>;
L_0x55e6d96fd150 .part v0x55e6d96509b0_0, 5, 1;
L_0x55e6d96fd1f0 .functor MUXZ 1, L_0x7fa630e99f90, L_0x55e6d96fd150, L_0x55e6d9700f50, C4<>;
LS_0x55e6d96fe5d0_0_0 .concat8 [ 1 1 1 1], L_0x55e6d96fc700, L_0x55e6d96fc8e0, L_0x55e6d96fcac0, L_0x55e6d96fcc50;
LS_0x55e6d96fe5d0_0_4 .concat8 [ 1 1 1 1], L_0x55e6d96fce30, L_0x55e6d96fd010, L_0x55e6d96fd1f0, L_0x55e6d96fd650;
L_0x55e6d96fe5d0 .concat8 [ 4 4 0 0], LS_0x55e6d96fe5d0_0_0, LS_0x55e6d96fe5d0_0_4;
L_0x55e6d96fe8f0 .part v0x55e6d96509b0_0, 6, 1;
L_0x55e6d96fd650 .functor MUXZ 1, L_0x7fa630e99fd8, L_0x55e6d96fe8f0, L_0x55e6d9700f50, C4<>;
L_0x55e6d96fd7e0 .part L_0x55e6d97169f0, 0, 1;
L_0x55e6d96fd880 .functor MUXZ 1, L_0x7fa630e9a020, L_0x55e6d96fd7e0, L_0x55e6d9701090, C4<>;
L_0x55e6d96fd9c0 .part L_0x55e6d97179a0, 1, 1;
L_0x55e6d96fda60 .functor MUXZ 1, L_0x7fa630e9a068, L_0x55e6d96fd9c0, L_0x55e6d9701090, C4<>;
L_0x55e6d96fdba0 .part L_0x55e6d97179a0, 2, 1;
L_0x55e6d96fdc90 .functor MUXZ 1, L_0x7fa630e9a0b0, L_0x55e6d96fdba0, L_0x55e6d9701090, C4<>;
L_0x55e6d96fddd0 .concat8 [ 1 1 1 1], L_0x55e6d96fd880, L_0x55e6d96fda60, L_0x55e6d96fdc90, L_0x55e6d96fe000;
L_0x55e6d96fdf60 .part L_0x55e6d97179a0, 3, 1;
L_0x55e6d96fe000 .functor MUXZ 1, L_0x7fa630e9a0f8, L_0x55e6d96fdf60, L_0x55e6d9701090, C4<>;
L_0x55e6d96fe190 .functor MUXZ 1, L_0x7fa630e9a188, L_0x7fa630e9a140, L_0x55e6d9701090, C4<>;
L_0x55e6d96fe2d0 .functor MUXZ 1, L_0x7fa630e9a218, L_0x7fa630e9a1d0, L_0x55e6d9701090, C4<>;
L_0x55e6d96ff7d0 .part L_0x55e6d96fddd0, 0, 1;
L_0x55e6d96ff8c0 .part L_0x55e6d972c1c0, 0, 1;
L_0x55e6d96fe990 .functor MUXZ 1, L_0x55e6d96ff8c0, L_0x55e6d96ff7d0, L_0x55e6d96f2710, C4<>;
L_0x55e6d96fead0 .part L_0x55e6d96fddd0, 1, 1;
L_0x55e6d96feb70 .part L_0x55e6d972c1c0, 1, 1;
L_0x55e6d96fec60 .functor MUXZ 1, L_0x55e6d96feb70, L_0x55e6d96fead0, L_0x55e6d96f2710, C4<>;
L_0x55e6d96feda0 .part L_0x55e6d96fddd0, 2, 1;
L_0x55e6d96fee40 .part L_0x55e6d972c1c0, 1, 1;
L_0x55e6d96feee0 .functor MUXZ 1, L_0x55e6d96fee40, L_0x55e6d96feda0, L_0x55e6d96f2710, C4<>;
L_0x55e6d96fefd0 .concat8 [ 1 1 1 1], L_0x55e6d96fe990, L_0x55e6d96fec60, L_0x55e6d96feee0, L_0x55e6d96ff2a0;
L_0x55e6d96ff160 .part L_0x55e6d96fddd0, 3, 1;
L_0x55e6d96ff200 .part L_0x55e6d972c1c0, 1, 1;
L_0x55e6d96ff2a0 .functor MUXZ 1, L_0x55e6d96ff200, L_0x55e6d96ff160, L_0x55e6d96f2710, C4<>;
L_0x55e6d96ff3e0 .part L_0x55e6d97169f0, 0, 1;
L_0x55e6d96ff4d0 .part v0x55e6d9661790_0, 0, 1;
L_0x55e6d96ff570 .functor MUXZ 1, L_0x55e6d96ff4d0, L_0x55e6d96ff3e0, L_0x55e6d9700f50, C4<>;
L_0x55e6d96ff6b0 .part L_0x55e6d97179a0, 1, 1;
L_0x55e6d9700820 .part v0x55e6d9661790_0, 1, 1;
L_0x55e6d96ff960 .functor MUXZ 1, L_0x55e6d9700820, L_0x55e6d96ff6b0, L_0x55e6d9700f50, C4<>;
L_0x55e6d96ffa50 .part L_0x55e6d97179a0, 2, 1;
L_0x55e6d96ffaf0 .part v0x55e6d9661790_0, 2, 1;
L_0x55e6d96ffb90 .functor MUXZ 1, L_0x55e6d96ffaf0, L_0x55e6d96ffa50, L_0x55e6d9700f50, C4<>;
L_0x55e6d96ffcd0 .concat8 [ 1 1 1 1], L_0x55e6d96ff570, L_0x55e6d96ff960, L_0x55e6d96ffb90, L_0x55e6d96fffa0;
L_0x55e6d96ffe60 .part L_0x55e6d97179a0, 3, 1;
L_0x55e6d96fff00 .part v0x55e6d9661790_0, 3, 1;
L_0x55e6d96fffa0 .functor MUXZ 1, L_0x55e6d96fff00, L_0x55e6d96ffe60, L_0x55e6d9700f50, C4<>;
L_0x55e6d9700130 .part L_0x55e6d96ffcd0, 0, 1;
L_0x55e6d9700220 .functor MUXZ 1, L_0x7fa630e9a260, L_0x55e6d9700130, L_0x55e6d96ddd20, C4<>;
L_0x55e6d9700360 .part L_0x55e6d96ffcd0, 1, 1;
L_0x55e6d9700400 .functor MUXZ 1, L_0x7fa630e9a2a8, L_0x55e6d9700360, L_0x55e6d96ddd20, C4<>;
L_0x55e6d9700540 .part L_0x55e6d96ffcd0, 2, 1;
L_0x55e6d9700670 .functor MUXZ 1, L_0x7fa630e9a2f0, L_0x55e6d9700540, L_0x55e6d96ddd20, C4<>;
L_0x55e6d9700760 .concat8 [ 1 1 1 1], L_0x55e6d9700220, L_0x55e6d9700400, L_0x55e6d9700670, L_0x55e6d97008c0;
L_0x55e6d97018a0 .part L_0x55e6d96ffcd0, 3, 1;
L_0x55e6d97008c0 .functor MUXZ 1, L_0x7fa630e9a338, L_0x55e6d97018a0, L_0x55e6d96ddd20, C4<>;
L_0x55e6d9700a50 .part v0x55e6d9658100_0, 7, 1;
L_0x55e6d9700af0 .functor MUXZ 1, L_0x7fa630e9a380, L_0x55e6d9700a50, L_0x55e6d9701090, C4<>;
L_0x55e6d9700c30 .part v0x55e6d96565a0_0, 7, 1;
L_0x55e6d9700cd0 .functor MUXZ 1, L_0x7fa630e9a3c8, L_0x55e6d9700c30, L_0x55e6d9701090, C4<>;
L_0x55e6d9700e10 .functor MUXZ 1, L_0x55e6d9700cd0, L_0x55e6d9700af0, L_0x55e6d96f2710, C4<>;
L_0x55e6d9700f50 .functor MUXZ 1, L_0x55e6d96c45e0, L_0x55e6d96c46a0, v0x55e6d965ee80_0, C4<>;
L_0x55e6d9701090 .functor MUXZ 1, L_0x55e6d96c46a0, L_0x55e6d96c45e0, v0x55e6d965ee80_0, C4<>;
L_0x55e6d9701180 .part v0x55e6d964c540_0, 0, 1;
L_0x55e6d9701330 .part v0x55e6d964d2f0_0, 0, 1;
L_0x55e6d97014e0 .part v0x55e6d92a48b0_0, 0, 1;
L_0x55e6d9701690 .part v0x55e6d92a47b0_0, 0, 1;
L_0x55e6d96f6220 .part v0x55e6d964e140_0, 0, 1;
L_0x55e6d96f63d0 .part v0x55e6d964e0a0_0, 0, 1;
L_0x55e6d96f6580 .part v0x55e6d964ee50_0, 0, 1;
L_0x55e6d96f6730 .part v0x55e6d964fc00_0, 0, 1;
L_0x55e6d96f68e0 .part v0x55e6d964c540_0, 1, 1;
L_0x55e6d96f6ae0 .part v0x55e6d964d2f0_0, 1, 1;
L_0x55e6d9702e90 .part v0x55e6d92a48b0_0, 1, 1;
L_0x55e6d97030d0 .part v0x55e6d92a47b0_0, 1, 1;
L_0x55e6d97019d0 .part v0x55e6d964e140_0, 1, 1;
L_0x55e6d9701ba0 .part v0x55e6d964e0a0_0, 1, 1;
L_0x55e6d9701de0 .part v0x55e6d964ee50_0, 1, 1;
L_0x55e6d9702020 .part v0x55e6d964fc00_0, 1, 1;
L_0x55e6d9702260 .part v0x55e6d964c540_0, 2, 1;
L_0x55e6d9702440 .part v0x55e6d964d2f0_0, 2, 1;
L_0x55e6d97025f0 .part v0x55e6d92a48b0_0, 2, 1;
L_0x55e6d97027a0 .part v0x55e6d92a47b0_0, 2, 1;
L_0x55e6d9702950 .part v0x55e6d964e140_0, 2, 1;
L_0x55e6d9702b00 .part v0x55e6d964e0a0_0, 2, 1;
L_0x55e6d9702cb0 .part v0x55e6d964ee50_0, 2, 1;
L_0x55e6d9703da0 .part v0x55e6d964fc00_0, 2, 1;
L_0x55e6d9704a10 .part v0x55e6d964c540_0, 3, 1;
L_0x55e6d9704b20 .part v0x55e6d964d2f0_0, 3, 1;
L_0x55e6d9704c80 .part v0x55e6d92a48b0_0, 3, 1;
L_0x55e6d9703440 .part v0x55e6d92a47b0_0, 3, 1;
L_0x55e6d9703630 .part v0x55e6d964e140_0, 3, 1;
L_0x55e6d9703820 .part v0x55e6d964e0a0_0, 3, 1;
L_0x55e6d9703a10 .part v0x55e6d964ee50_0, 3, 1;
L_0x55e6d9703c00 .part v0x55e6d964fc00_0, 3, 1;
L_0x55e6d9703f50 .part v0x55e6d964c540_0, 4, 1;
L_0x55e6d9704100 .part v0x55e6d964d2f0_0, 4, 1;
L_0x55e6d97042b0 .part v0x55e6d92a48b0_0, 4, 1;
L_0x55e6d9704460 .part v0x55e6d92a47b0_0, 4, 1;
L_0x55e6d9704610 .part v0x55e6d964e140_0, 4, 1;
L_0x55e6d97047c0 .part v0x55e6d964e0a0_0, 4, 1;
L_0x55e6d9704970 .part v0x55e6d964ee50_0, 4, 1;
L_0x55e6d9705960 .part v0x55e6d964fc00_0, 4, 1;
L_0x55e6d9706650 .part v0x55e6d964c540_0, 5, 1;
L_0x55e6d9704e30 .part v0x55e6d964d2f0_0, 5, 1;
L_0x55e6d9705080 .part v0x55e6d92a48b0_0, 5, 1;
L_0x55e6d9705340 .part v0x55e6d92a47b0_0, 5, 1;
L_0x55e6d97054f0 .part v0x55e6d964e140_0, 5, 1;
L_0x55e6d97057b0 .part v0x55e6d964e0a0_0, 5, 1;
L_0x55e6d9705c70 .part v0x55e6d964ee50_0, 5, 1;
L_0x55e6d9705f30 .part v0x55e6d964fc00_0, 5, 1;
L_0x55e6d97061f0 .part v0x55e6d964c540_0, 6, 1;
L_0x55e6d97063a0 .part v0x55e6d964d2f0_0, 6, 1;
L_0x55e6d9706550 .part v0x55e6d92a48b0_0, 6, 1;
L_0x55e6d9707450 .part v0x55e6d92a47b0_0, 6, 1;
L_0x55e6d97081a0 .part v0x55e6d964e140_0, 6, 1;
L_0x55e6d9708300 .part v0x55e6d964e0a0_0, 6, 1;
L_0x55e6d9706870 .part v0x55e6d964ee50_0, 6, 1;
L_0x55e6d9706a20 .part v0x55e6d964fc00_0, 6, 1;
L_0x55e6d9706ac0 .part v0x55e6d964c540_0, 7, 1;
L_0x55e6d9706d10 .part v0x55e6d964d2f0_0, 7, 1;
L_0x55e6d9706f60 .part v0x55e6d92a48b0_0, 7, 1;
L_0x55e6d97071b0 .part v0x55e6d92a47b0_0, 7, 1;
L_0x55e6d9707600 .part v0x55e6d964e140_0, 7, 1;
L_0x55e6d9707850 .part v0x55e6d964e0a0_0, 7, 1;
L_0x55e6d9707aa0 .part v0x55e6d964ee50_0, 7, 1;
L_0x55e6d9707cf0 .part v0x55e6d964fc00_0, 7, 1;
L_0x55e6d9707f40 .part L_0x55e6d9716190, 0, 1;
L_0x55e6d97080f0 .part L_0x55e6d972b860, 0, 1;
L_0x55e6d9709dd0 .part L_0x55e6d972bbd0, 2, 1;
L_0x55e6d9709f80 .part L_0x55e6d972bbd0, 0, 1;
L_0x55e6d9708460 .part L_0x55e6d9716190, 1, 1;
L_0x55e6d9708610 .part L_0x55e6d972bbd0, 0, 1;
L_0x55e6d9708860 .part L_0x55e6d972bbd0, 2, 1;
L_0x55e6d97089c0 .part L_0x55e6d972be00, 0, 1;
L_0x55e6d9708b20 .part v0x55e6d964c540_0, 0, 1;
L_0x55e6d9708cd0 .part v0x55e6d964d2f0_0, 0, 1;
L_0x55e6d9708e30 .part v0x55e6d92a48b0_0, 0, 1;
L_0x55e6d9708f90 .part v0x55e6d92a47b0_0, 0, 1;
L_0x55e6d9709210 .part v0x55e6d964e140_0, 0, 1;
L_0x55e6d9709370 .part v0x55e6d964e0a0_0, 0, 1;
L_0x55e6d97094d0 .part v0x55e6d964ee50_0, 0, 1;
L_0x55e6d97096c0 .part v0x55e6d964fc00_0, 0, 1;
L_0x55e6d97098b0 .part v0x55e6d964c540_0, 1, 1;
L_0x55e6d9709a10 .part v0x55e6d964d2f0_0, 1, 1;
L_0x55e6d9709bc0 .part v0x55e6d92a48b0_0, 1, 1;
L_0x55e6d970adc0 .part v0x55e6d92a47b0_0, 1, 1;
L_0x55e6d970bc10 .part v0x55e6d964e140_0, 1, 1;
L_0x55e6d970bd20 .part v0x55e6d964e0a0_0, 1, 1;
L_0x55e6d970a130 .part v0x55e6d964ee50_0, 1, 1;
L_0x55e6d970a2e0 .part v0x55e6d964fc00_0, 1, 1;
L_0x55e6d970a490 .part v0x55e6d964c540_0, 2, 1;
L_0x55e6d970a640 .part v0x55e6d964d2f0_0, 2, 1;
L_0x55e6d970a7f0 .part v0x55e6d92a48b0_0, 2, 1;
L_0x55e6d970a9a0 .part v0x55e6d92a47b0_0, 2, 1;
L_0x55e6d970ab50 .part v0x55e6d964e140_0, 2, 1;
L_0x55e6d970ad00 .part v0x55e6d964e0a0_0, 2, 1;
L_0x55e6d970b080 .part v0x55e6d964ee50_0, 2, 1;
L_0x55e6d970b230 .part v0x55e6d964fc00_0, 2, 1;
L_0x55e6d970b3e0 .part v0x55e6d964c540_0, 3, 1;
L_0x55e6d970b590 .part v0x55e6d964d2f0_0, 3, 1;
L_0x55e6d970b740 .part v0x55e6d92a48b0_0, 3, 1;
L_0x55e6d970b8f0 .part v0x55e6d92a47b0_0, 3, 1;
L_0x55e6d970baa0 .part v0x55e6d964e140_0, 3, 1;
L_0x55e6d970cbf0 .part v0x55e6d964e0a0_0, 3, 1;
L_0x55e6d970dad0 .part v0x55e6d964ee50_0, 3, 1;
L_0x55e6d970dbe0 .part v0x55e6d964fc00_0, 3, 1;
L_0x55e6d970dcf0 .part v0x55e6d964c540_0, 4, 1;
L_0x55e6d970bfe0 .part v0x55e6d964d2f0_0, 4, 1;
L_0x55e6d970c2a0 .part v0x55e6d92a48b0_0, 4, 1;
L_0x55e6d970c560 .part v0x55e6d92a47b0_0, 4, 1;
L_0x55e6d970c820 .part v0x55e6d964e140_0, 4, 1;
L_0x55e6d970cae0 .part v0x55e6d964e0a0_0, 4, 1;
L_0x55e6d970cf00 .part v0x55e6d964ee50_0, 4, 1;
L_0x55e6d970d1c0 .part v0x55e6d964fc00_0, 4, 1;
L_0x55e6d970d480 .part v0x55e6d964c540_0, 5, 1;
L_0x55e6d970d630 .part v0x55e6d964d2f0_0, 5, 1;
L_0x55e6d970d7e0 .part v0x55e6d92a48b0_0, 5, 1;
L_0x55e6d970d990 .part v0x55e6d92a47b0_0, 5, 1;
L_0x55e6d970f9d0 .part v0x55e6d964e140_0, 5, 1;
L_0x55e6d970fb30 .part v0x55e6d964e0a0_0, 5, 1;
L_0x55e6d970fce0 .part v0x55e6d964ee50_0, 5, 1;
L_0x55e6d970de50 .part v0x55e6d964fc00_0, 5, 1;
L_0x55e6d970e000 .part v0x55e6d964c540_0, 6, 1;
L_0x55e6d970e1b0 .part v0x55e6d964d2f0_0, 6, 1;
L_0x55e6d970e360 .part v0x55e6d92a48b0_0, 6, 1;
L_0x55e6d970e510 .part v0x55e6d92a47b0_0, 6, 1;
L_0x55e6d970e6c0 .part v0x55e6d964e140_0, 6, 1;
L_0x55e6d970e870 .part v0x55e6d964e0a0_0, 6, 1;
L_0x55e6d970ea20 .part v0x55e6d964ee50_0, 6, 1;
L_0x55e6d970ec30 .part v0x55e6d964fc00_0, 6, 1;
L_0x55e6d970ede0 .part v0x55e6d964c540_0, 7, 1;
L_0x55e6d970f1a0 .part v0x55e6d964d2f0_0, 7, 1;
L_0x55e6d970f560 .part v0x55e6d92a48b0_0, 7, 1;
L_0x55e6d970f920 .part v0x55e6d92a47b0_0, 7, 1;
L_0x55e6d9711d90 .part v0x55e6d964e140_0, 7, 1;
L_0x55e6d9710110 .part v0x55e6d964e0a0_0, 7, 1;
L_0x55e6d9711e30 .part v0x55e6d964ee50_0, 7, 1;
L_0x55e6d97107f0 .part v0x55e6d964fc00_0, 7, 1;
L_0x55e6d9710aa0 .part L_0x55e6d96fefd0, 0, 1;
L_0x55e6d9710fc0 .part L_0x55e6d96ffcd0, 0, 1;
L_0x55e6d9711170 .concat8 [ 1 1 0 0], L_0x55e6d96f09c0, L_0x55e6d9711350;
L_0x55e6d9711260 .part L_0x55e6d9700760, 0, 1;
L_0x55e6d9711460 .part L_0x55e6d96fefd0, 1, 1;
L_0x55e6d9711610 .part L_0x55e6d96ffcd0, 1, 1;
L_0x55e6d97117c0 .concat8 [ 1 1 0 0], L_0x55e6d96f0c80, L_0x55e6d9711950;
L_0x55e6d97118b0 .part L_0x55e6d9700760, 1, 1;
L_0x55e6d9711a60 .part L_0x55e6d96fefd0, 2, 1;
L_0x55e6d9711bc0 .part L_0x55e6d96ffcd0, 2, 1;
L_0x55e6d9712d50 .concat8 [ 1 1 0 0], L_0x55e6d96f1850, L_0x55e6d9712ee0;
L_0x55e6d9712e40 .part L_0x55e6d9700760, 2, 1;
L_0x55e6d9712fa0 .part L_0x55e6d96fefd0, 3, 1;
L_0x55e6d9713fe0 .part L_0x55e6d96ffcd0, 3, 1;
L_0x55e6d9711ed0 .concat8 [ 1 1 0 0], L_0x55e6d96f0f00, L_0x55e6d9712060;
L_0x55e6d9711fc0 .part L_0x55e6d9700760, 3, 1;
L_0x55e6d97123b0 .functor MUXZ 1, L_0x7fa630e9a410, L_0x55e6d96e0490, L_0x55e6d96f3f90, C4<>;
L_0x55e6d9712540 .functor MUXZ 1, L_0x7fa630e9a458, L_0x55e6d96e0b00, L_0x55e6d96f3f90, C4<>;
L_0x55e6d9712630 .functor MUXZ 1, L_0x7fa630e9a4a0, L_0x55e6d96e1880, L_0x55e6d96f3f90, C4<>;
L_0x55e6d9712720 .functor MUXZ 1, L_0x7fa630e9a4e8, L_0x55e6d96e2680, L_0x55e6d96f3f90, C4<>;
L_0x55e6d9712860 .functor MUXZ 1, L_0x7fa630e9a530, L_0x55e6d96e3a40, L_0x55e6d96f3f90, C4<>;
L_0x55e6d97129a0 .functor MUXZ 1, L_0x7fa630e9a578, L_0x55e6d96e4680, L_0x55e6d96f3f90, C4<>;
L_0x55e6d9712ae0 .functor MUXZ 1, L_0x7fa630e9a5c0, L_0x55e6d96e5680, L_0x55e6d96f3f90, C4<>;
LS_0x55e6d9712c20_0_0 .concat8 [ 1 1 1 1], L_0x55e6d97123b0, L_0x55e6d9712540, L_0x55e6d9712630, L_0x55e6d9712720;
LS_0x55e6d9712c20_0_4 .concat8 [ 1 1 1 1], L_0x55e6d9712860, L_0x55e6d97129a0, L_0x55e6d9712ae0, L_0x55e6d9713380;
L_0x55e6d9712c20 .concat8 [ 4 4 0 0], LS_0x55e6d9712c20_0_0, LS_0x55e6d9712c20_0_4;
L_0x55e6d9713380 .functor MUXZ 1, L_0x7fa630e9a608, L_0x55e6d96e63a0, L_0x55e6d96f3f90, C4<>;
L_0x55e6d9713510 .functor MUXZ 1, L_0x7fa630e9a650, L_0x55e6d96e87a0, L_0x55e6d96e8400, C4<>;
L_0x55e6d97136a0 .functor MUXZ 1, L_0x7fa630e9a698, L_0x55e6d96e7610, L_0x55e6d96e8400, C4<>;
L_0x55e6d97137e0 .concat8 [ 1 1 1 0], L_0x55e6d9713510, L_0x55e6d97136a0, L_0x55e6d9713920;
L_0x55e6d9713920 .functor MUXZ 1, L_0x7fa630e9a6e0, L_0x55e6d96e9320, L_0x55e6d96e8400, C4<>;
L_0x55e6d9713a60 .functor MUXZ 1, L_0x7fa630e9a728, L_0x55e6d96eaee0, L_0x55e6d96ea1d0, C4<>;
L_0x55e6d9713bf0 .functor MUXZ 1, L_0x7fa630e9a770, L_0x55e6d96ebc50, L_0x55e6d96ea1d0, C4<>;
L_0x55e6d9713d30 .functor MUXZ 1, L_0x7fa630e9a7b8, L_0x55e6d96ec1b0, L_0x55e6d96ea1d0, C4<>;
L_0x55e6d9713e20 .functor MUXZ 1, L_0x7fa630e9a800, L_0x55e6d96ed610, L_0x55e6d96ea1d0, C4<>;
L_0x55e6d9714140 .functor MUXZ 1, L_0x7fa630e9a848, L_0x55e6d96ecb30, L_0x55e6d96ea1d0, C4<>;
L_0x55e6d9714280 .functor MUXZ 1, L_0x7fa630e9a890, L_0x55e6d96edec0, L_0x55e6d96ea1d0, C4<>;
L_0x55e6d97143c0 .functor MUXZ 1, L_0x7fa630e9a8d8, L_0x55e6d96ef230, L_0x55e6d96ea1d0, C4<>;
LS_0x55e6d9714500_0_0 .concat8 [ 1 1 1 1], L_0x55e6d9713a60, L_0x55e6d9713bf0, L_0x55e6d9713d30, L_0x55e6d9713e20;
LS_0x55e6d9714500_0_4 .concat8 [ 1 1 1 1], L_0x55e6d9714140, L_0x55e6d9714280, L_0x55e6d97143c0, L_0x55e6d9714820;
L_0x55e6d9714500 .concat8 [ 4 4 0 0], LS_0x55e6d9714500_0_0, LS_0x55e6d9714500_0_4;
L_0x55e6d9714820 .functor MUXZ 1, L_0x7fa630e9a920, L_0x55e6d96f01d0, L_0x55e6d96ea1d0, C4<>;
L_0x55e6d97149b0 .functor MUXZ 1, L_0x7fa630e9a968, L_0x55e6d96f0b70, L_0x55e6d96f0950, C4<>;
L_0x55e6d9714b40 .functor MUXZ 1, L_0x7fa630e9a9b0, L_0x55e6d96f1790, L_0x55e6d96f0950, C4<>;
L_0x55e6d9714c80 .functor MUXZ 1, L_0x7fa630e9a9f8, L_0x55e6d96f1a50, L_0x55e6d96f0950, C4<>;
L_0x55e6d9714d70 .concat8 [ 1 1 1 1], L_0x55e6d97149b0, L_0x55e6d9714b40, L_0x55e6d9714c80, L_0x55e6d9714f00;
L_0x55e6d9714f00 .functor MUXZ 1, L_0x7fa630e9aa40, L_0x55e6d96f1130, L_0x55e6d96f0950, C4<>;
L_0x55e6d9715090 .functor MUXZ 1, L_0x7fa630e9aa88, L_0x55e6d96f43c0, L_0x55e6d96f3100, C4<>;
L_0x55e6d97151d0 .functor MUXZ 1, L_0x7fa630e9aad0, L_0x55e6d96f4350, L_0x55e6d96f3100, C4<>;
L_0x55e6d97152c0 .functor MUXZ 1, L_0x7fa630e9ab18, L_0x55e6d96f42e0, L_0x55e6d96f3100, C4<>;
L_0x55e6d9715360 .functor MUXZ 1, L_0x7fa630e9ab60, L_0x55e6d96f4430, L_0x55e6d96f3100, C4<>;
L_0x55e6d9715450 .functor MUXZ 1, L_0x7fa630e9aba8, L_0x55e6d96f4270, L_0x55e6d96f3100, C4<>;
LS_0x55e6d97179a0_0_0 .concat8 [ 1 1 1 1], L_0x55e6d9716450, L_0x55e6d96c3580, L_0x55e6d96c33e0, L_0x55e6d96c3b50;
LS_0x55e6d97179a0_0_4 .concat8 [ 28 0 0 0], L_0x55e6d9717a90;
L_0x55e6d97179a0 .concat8 [ 4 28 0 0], LS_0x55e6d97179a0_0_0, LS_0x55e6d97179a0_0_4;
L_0x55e6d9717a90 .part L_0x55e6d9716680, 1, 28;
L_0x55e6d9716450 .part L_0x55e6d9716680, 0, 1;
L_0x55e6d9716540 .part L_0x55e6d972dd80, 3, 1;
L_0x55e6d97165e0 .part L_0x55e6d97169f0, 0, 1;
L_0x55e6d9716680 .concat [ 1 1 27 0], L_0x55e6d97165e0, L_0x55e6d9716540, L_0x7fa630e9abf0;
L_0x55e6d97167c0 .concat8 [ 1 1 0 0], L_0x55e6d96e88b0, L_0x55e6d9716900;
L_0x55e6d9716900 .part L_0x55e6d96e8920, 1, 1;
L_0x55e6d97169f0 .concat8 [ 1 31 0 0], L_0x55e6d96c1ea0, L_0x55e6d9716b30;
L_0x55e6d9716a90 .part v0x55e6d9661790_0, 1, 3;
L_0x55e6d9716b30 .concat [ 3 28 0 0], L_0x55e6d9716a90, L_0x7fa630e9ac38;
L_0x55e6d9716cc0 .concat8 [ 1 1 0 0], L_0x55e6d96cb380, L_0x55e6d9716e00;
L_0x55e6d9716e00 .part L_0x55e6d96cc6e0, 1, 1;
L_0x55e6d9716ef0 .concat8 [ 1 1 0 0], L_0x55e6d9717030, L_0x55e6d96e8a20;
L_0x55e6d9717030 .part L_0x55e6d96f0680, 1, 1;
L_0x55e6d9717120 .concat8 [ 1 1 0 0], L_0x55e6d96e6fb0, L_0x55e6d9717260;
L_0x55e6d9717260 .part L_0x55e6d96e70c0, 1, 1;
L_0x55e6d9717350 .concat8 [ 1 2 0 0], L_0x55e6d96f1380, L_0x55e6d9717440;
L_0x55e6d9717440 .part L_0x55e6d96cbb80, 1, 2;
L_0x55e6d9717530 .concat8 [ 1 1 0 0], L_0x55e6d96c8070, L_0x55e6d9717670;
L_0x55e6d9717670 .part L_0x55e6d96e70c0, 1, 1;
L_0x55e6d9717760 .concat8 [ 1 1 0 0], L_0x55e6d96f16b0, L_0x55e6d97178a0;
L_0x55e6d97178a0 .part L_0x55e6d96cc6e0, 1, 1;
L_0x55e6d9717b80 .concat8 [ 1 1 0 0], L_0x55e6d96ca870, L_0x55e6d9717cc0;
L_0x55e6d9717cc0 .part L_0x55e6d96cc6e0, 1, 1;
L_0x55e6d9717db0 .concat8 [ 1 1 0 0], L_0x55e6d96c7170, L_0x55e6d9717ef0;
L_0x55e6d9717ef0 .part L_0x55e6d96e70c0, 1, 1;
L_0x55e6d9717fe0 .concat8 [ 1 2 0 0], L_0x55e6d96cecf0, L_0x55e6d97180d0;
L_0x55e6d97180d0 .part L_0x55e6d96cbb80, 1, 2;
L_0x55e6d97181c0 .part L_0x55e6d97183f0, 1, 28;
L_0x55e6d9718260 .part L_0x55e6d97183f0, 0, 1;
L_0x55e6d9718350 .part v0x55e6d9661790_0, 0, 1;
L_0x55e6d97183f0 .concat [ 1 28 0 0], L_0x55e6d9718350, L_0x7fa630e9ac80;
L_0x55e6d9718530 .concat8 [ 1 1 0 0], L_0x55e6d96c6830, L_0x55e6d9718670;
L_0x55e6d9718670 .part L_0x55e6d96e70c0, 1, 1;
L_0x55e6d9718760 .concat8 [ 1 1 2 0], L_0x55e6d96c6300, L_0x55e6d96e7200, L_0x55e6d97188a0;
L_0x55e6d97188a0 .part L_0x55e6d96e7bb0, 2, 2;
L_0x55e6d9718990 .concat8 [ 1 1 0 0], L_0x55e6d96c9ce0, L_0x55e6d9718ad0;
L_0x55e6d9718ad0 .part L_0x55e6d96cc6e0, 1, 1;
L_0x55e6d9718bc0 .concat8 [ 1 1 0 0], L_0x55e6d96c5d40, L_0x55e6d9718d00;
L_0x55e6d9718d00 .part L_0x55e6d96e70c0, 1, 1;
L_0x55e6d9718df0 .concat8 [ 1 3 0 0], L_0x55e6d96e6700, L_0x55e6d9718ee0;
L_0x55e6d9718ee0 .part L_0x55e6d96e7bb0, 1, 3;
L_0x55e6d9718fd0 .concat8 [ 1 2 0 0], L_0x55e6d96cd690, L_0x55e6d972a7a0;
L_0x55e6d972a7a0 .part L_0x55e6d96cbb80, 1, 2;
L_0x55e6d972a840 .concat8 [ 1 1 0 0], L_0x55e6d96c5330, L_0x55e6d97290f0;
L_0x55e6d97290f0 .part L_0x55e6d96e70c0, 1, 1;
L_0x55e6d97293a0 .concat8 [ 1 3 0 0], L_0x55e6d96c7a80, L_0x55e6d9729490;
L_0x55e6d9729490 .part L_0x55e6d96e7bb0, 1, 3;
L_0x55e6d9729580 .concat8 [ 1 1 0 0], L_0x55e6d96cf1f0, L_0x55e6d97296c0;
L_0x55e6d97296c0 .part L_0x55e6d96cc6e0, 1, 1;
L_0x55e6d97297b0 .concat8 [ 1 1 0 0], L_0x55e6d96de350, L_0x55e6d97298f0;
L_0x55e6d97298f0 .part L_0x55e6d96e70c0, 1, 1;
L_0x55e6d97299e0 .concat8 [ 1 1 0 0], L_0x55e6d9729b20, L_0x55e6d96f2120;
L_0x55e6d9729b20 .part L_0x55e6d96dcd00, 0, 1;
L_0x55e6d9729c10 .concat8 [ 1 1 0 0], L_0x55e6d96ce2e0, L_0x55e6d9729d50;
L_0x55e6d9729d50 .part L_0x55e6d96cc6e0, 1, 1;
L_0x55e6d972a050 .concat8 [ 1 1 0 0], L_0x55e6d96f2610, L_0x55e6d972a190;
L_0x55e6d972a250 .concat8 [ 1 1 0 0], L_0x55e6d972a390, L_0x55e6d96dbb60;
L_0x55e6d972a450 .concat8 [ 1 1 0 0], L_0x55e6d96f45b0, L_0x55e6d972a4f0;
L_0x55e6d972a5b0 .concat8 [ 1 1 0 0], L_0x55e6d972a6f0, L_0x55e6d96d81e0;
L_0x55e6d972a6f0 .part L_0x55e6d96d7c80, 1, 1;
L_0x55e6d97155e0 .concat8 [ 1 1 0 0], L_0x55e6d96cc3d0, L_0x55e6d9715720;
L_0x55e6d9715720 .part L_0x55e6d96cc6e0, 1, 1;
L_0x55e6d9715810 .concat8 [ 1 1 0 0], L_0x55e6d96d7170, L_0x55e6d9715950;
L_0x55e6d9715950 .part L_0x55e6d96d7c80, 1, 1;
L_0x55e6d9715a40 .concat8 [ 1 1 1 0], L_0x55e6d9715c20, L_0x55e6d96cdb10, L_0x55e6d9715b30;
L_0x55e6d9715b30 .part L_0x55e6d9715ea0, 1, 1;
L_0x55e6d9715c20 .part L_0x55e6d9715ea0, 0, 1;
L_0x55e6d9715d60 .part L_0x55e6d96cbb80, 2, 1;
L_0x55e6d9715e00 .part L_0x55e6d96cbb80, 0, 1;
L_0x55e6d9715ea0 .concat [ 1 1 0 0], L_0x55e6d9715e00, L_0x55e6d9715d60;
L_0x55e6d9715fe0 .concat8 [ 1 1 0 0], L_0x55e6d97160d0, L_0x55e6d96f4620;
L_0x55e6d9716190 .concat8 [ 1 1 1 0], L_0x55e6d96f51b0, L_0x55e6d96f5390, L_0x55e6d97162d0;
L_0x55e6d97162d0 .part L_0x55e6d9716190, 1, 1;
L_0x55e6d972b860 .concat8 [ 1 2 0 0], L_0x55e6d96f4d70, L_0x55e6d972ba40;
L_0x55e6d972b900 .part L_0x55e6d972bbd0, 0, 1;
L_0x55e6d972b9a0 .part L_0x55e6d972bbd0, 2, 1;
L_0x55e6d972ba40 .concat [ 1 1 0 0], L_0x55e6d972b9a0, L_0x55e6d972b900;
L_0x55e6d972bbd0 .concat8 [ 1 1 1 0], L_0x55e6d96f4b90, L_0x55e6d972bd10, L_0x55e6d96f4ef0;
L_0x55e6d972bd10 .part L_0x55e6d972bbd0, 0, 1;
L_0x55e6d972be00 .concat8 [ 1 2 0 0], L_0x55e6d96f4900, L_0x55e6d972c080;
L_0x55e6d972bf40 .part L_0x55e6d972be00, 0, 1;
L_0x55e6d972bfe0 .part L_0x55e6d972be00, 0, 1;
L_0x55e6d972c080 .concat [ 1 1 0 0], L_0x55e6d972bfe0, L_0x55e6d972bf40;
L_0x55e6d972c1c0 .concat8 [ 1 1 2 0], L_0x55e6d96fe190, L_0x55e6d96fe2d0, L_0x55e6d972c440;
L_0x55e6d972c300 .part L_0x55e6d972c1c0, 1, 1;
L_0x55e6d972c3a0 .part L_0x55e6d972c1c0, 1, 1;
L_0x55e6d972c440 .concat [ 1 1 0 0], L_0x55e6d972c3a0, L_0x55e6d972c300;
LS_0x55e6d972c5d0_0_0 .concat8 [ 1 1 1 1], L_0x55e6d972c8f0, L_0x55e6d96f5810, L_0x55e6d96f5a40, L_0x55e6d96f5c60;
LS_0x55e6d972c5d0_0_4 .concat8 [ 1 1 1 1], L_0x55e6d96f5ed0, L_0x55e6d96f7670, L_0x55e6d96f6c70, L_0x55e6d96f6f60;
L_0x55e6d972c5d0 .concat8 [ 4 4 0 0], LS_0x55e6d972c5d0_0_0, LS_0x55e6d972c5d0_0_4;
L_0x55e6d972c8f0 .part L_0x55e6d972c1c0, 1, 1;
LS_0x55e6d972c9e0_0_0 .concat8 [ 1 1 1 1], L_0x55e6d972ce10, L_0x55e6d96f7140, L_0x55e6d96f7370, L_0x55e6d96f7550;
LS_0x55e6d972c9e0_0_4 .concat8 [ 1 1 1 1], L_0x55e6d96f82b0, L_0x55e6d96f7800, L_0x55e6d96f79e0, L_0x55e6d96f7bc0;
L_0x55e6d972c9e0 .concat8 [ 4 4 0 0], LS_0x55e6d972c9e0_0_0, LS_0x55e6d972c9e0_0_4;
L_0x55e6d972ce10 .part L_0x55e6d972c1c0, 1, 1;
LS_0x55e6d972e7a0_0_0 .concat8 [ 1 1 1 1], L_0x55e6d972cf50, L_0x55e6d96f7e40, L_0x55e6d96f8eb0, L_0x55e6d96f84e0;
LS_0x55e6d972e7a0_0_4 .concat8 [ 1 1 1 1], L_0x55e6d96f8830, L_0x55e6d96f8a10, L_0x55e6d96f8c90, L_0x55e6d96f8f50;
L_0x55e6d972e7a0 .concat8 [ 4 4 0 0], LS_0x55e6d972e7a0_0_0, LS_0x55e6d972e7a0_0_4;
L_0x55e6d972cf50 .part L_0x55e6d972c1c0, 1, 1;
LS_0x55e6d972cff0_0_0 .concat8 [ 1 1 1 1], L_0x55e6d96fa580, L_0x55e6d96fb5b0, L_0x55e6d96faa20, L_0x55e6d96fabb0;
LS_0x55e6d972cff0_0_4 .concat8 [ 1 1 1 1], L_0x55e6d96fad90, L_0x55e6d96faf70, L_0x55e6d96fb260, L_0x55e6d972d3d0;
L_0x55e6d972cff0 .concat8 [ 4 4 0 0], LS_0x55e6d972cff0_0_0, LS_0x55e6d972cff0_0_4;
L_0x55e6d972d3d0 .part L_0x55e6d972b860, 0, 1;
L_0x55e6d972d4c0 .part L_0x55e6d972df60, 5, 1;
L_0x55e6d972d560 .part L_0x55e6d972df60, 5, 1;
L_0x55e6d972d600 .concat [ 1 1 0 0], L_0x55e6d972d560, L_0x55e6d972d4c0;
LS_0x55e6d972d740_0_0 .concat8 [ 1 1 1 1], v0x55e6d9665c00_0, v0x55e6d9665ca0_0, v0x55e6d9664e50_0, v0x55e6d9664ef0_0;
LS_0x55e6d972d740_0_4 .concat8 [ 1 1 1 1], v0x55e6d96640a0_0, v0x55e6d96632f0_0, v0x55e6d9662540_0, L_0x7fa630e9acc8;
L_0x55e6d972d740 .concat8 [ 4 4 0 0], LS_0x55e6d972d740_0_0, LS_0x55e6d972d740_0_4;
LS_0x55e6d972dab0_0_0 .concat8 [ 1 1 1 1], v0x55e6d96c0100_0, v0x55e6d96c01c0_0, v0x55e6d96c0280_0, v0x55e6d96c0340_0;
LS_0x55e6d972dab0_0_4 .concat8 [ 1 3 0 0], v0x55e6d96c0400_0, L_0x7fa630e9ad10;
L_0x55e6d972dab0 .concat8 [ 4 4 0 0], LS_0x55e6d972dab0_0_0, LS_0x55e6d972dab0_0_4;
LS_0x55e6d972dd80_0_0 .concat [ 1 1 1 1], L_0x55e6d9718260, L_0x55e6d96c4190, L_0x55e6d96c3f30, o0x7fa630ef0598;
LS_0x55e6d972dd80_0_4 .concat [ 28 0 0 0], L_0x55e6d97181c0;
L_0x55e6d972dd80 .concat [ 4 28 0 0], LS_0x55e6d972dd80_0_0, LS_0x55e6d972dd80_0_4;
LS_0x55e6d972df60_0_0 .concat [ 1 1 1 1], L_0x55e6d9715090, L_0x55e6d97151d0, L_0x55e6d97152c0, L_0x55e6d9715360;
LS_0x55e6d972df60_0_4 .concat [ 1 1 2 0], L_0x55e6d9715450, o0x7fa630ef05c8, L_0x55e6d972d600;
L_0x55e6d972df60 .concat [ 4 4 0 0], LS_0x55e6d972df60_0_0, LS_0x55e6d972df60_0_4;
S_0x55e6d96c0700 .scope task, "xfer2" "xfer2" 3 99, 3 99 0, S_0x55e6d94ada70;
 .timescale -9 -9;
v0x55e6d96c0890_0 .var "tx0", 7 0;
v0x55e6d96c0990_0 .var "tx1", 7 0;
TD_tb_spi_slave_rpi.xfer2 ;
    %pushi/vec4 0, 0, 1;
    %store/vec4 v0x55e6d96c14c0_0, 0, 1;
    %delay 100, 0;
    %load/vec4 v0x55e6d96c0890_0;
    %store/vec4 v0x55e6d96021e0_0, 0, 8;
    %fork TD_tb_spi_slave_rpi.spi_clock_byte, S_0x55e6d94ad2a0;
    %join;
    %load/vec4 v0x55e6d94b1c60_0;
    %store/vec4 v0x55e6d96c12b0_0, 0, 8;
    %load/vec4 v0x55e6d96c0990_0;
    %store/vec4 v0x55e6d96021e0_0, 0, 8;
    %fork TD_tb_spi_slave_rpi.spi_clock_byte, S_0x55e6d94ad2a0;
    %join;
    %load/vec4 v0x55e6d94b1c60_0;
    %store/vec4 v0x55e6d96c1350_0, 0, 8;
    %delay 50, 0;
    %pushi/vec4 1, 0, 1;
    %store/vec4 v0x55e6d96c14c0_0, 0, 1;
    %delay 100, 0;
    %end;
    .scope S_0x55e6d95094e0;
T_4 ;
    %wait E_0x55e6d92b89c0;
    %load/vec4 v0x55e6d96c04c0_0;
    %nor/r;
    %flag_set/vec4 8;
    %jmp/0xz  T_4.0, 8;
    %pushi/vec4 0, 0, 1;
    %ix/load 5, 0, 0;
    %ix/load 4, 0, 0;
    %flag_set/imm 4, 0;
    %assign/vec4/off/d v0x55e6d9658eb0_0, 4, 5;
    %jmp T_4.1;
T_4.0 ;
    %load/vec4 v0x55e6d963dc90_0;
    %parti/s 1, 0, 2;
    %ix/load 5, 0, 0;
    %ix/load 4, 0, 0;
    %flag_set/imm 4, 0;
    %assign/vec4/off/d v0x55e6d9658eb0_0, 4, 5;
T_4.1 ;
    %jmp T_4;
    .thread T_4;
    .scope S_0x55e6d95094e0;
T_5 ;
    %wait E_0x55e6d92b89c0;
    %load/vec4 v0x55e6d96c04c0_0;
    %nor/r;
    %flag_set/vec4 8;
    %jmp/0xz  T_5.0, 8;
    %pushi/vec4 0, 0, 1;
    %ix/load 5, 0, 0;
    %ix/load 4, 1, 0;
    %flag_set/imm 4, 0;
    %assign/vec4/off/d v0x55e6d9658eb0_0, 4, 5;
    %jmp T_5.1;
T_5.0 ;
    %load/vec4 v0x55e6d963dc90_0;
    %parti/s 1, 1, 2;
    %ix/load 5, 0, 0;
    %ix/load 4, 1, 0;
    %flag_set/imm 4, 0;
    %assign/vec4/off/d v0x55e6d9658eb0_0, 4, 5;
T_5.1 ;
    %jmp T_5;
    .thread T_5;
    .scope S_0x55e6d95094e0;
T_6 ;
    %wait E_0x55e6d92b89c0;
    %load/vec4 v0x55e6d96c04c0_0;
    %nor/r;
    %flag_set/vec4 8;
    %jmp/0xz  T_6.0, 8;
    %pushi/vec4 0, 0, 1;
    %ix/load 5, 0, 0;
    %ix/load 4, 2, 0;
    %flag_set/imm 4, 0;
    %assign/vec4/off/d v0x55e6d9658eb0_0, 4, 5;
    %jmp T_6.1;
T_6.0 ;
    %load/vec4 v0x55e6d963dc90_0;
    %parti/s 1, 2, 3;
    %ix/load 5, 0, 0;
    %ix/load 4, 2, 0;
    %flag_set/imm 4, 0;
    %assign/vec4/off/d v0x55e6d9658eb0_0, 4, 5;
T_6.1 ;
    %jmp T_6;
    .thread T_6;
    .scope S_0x55e6d95094e0;
T_7 ;
    %wait E_0x55e6d92b89c0;
    %load/vec4 v0x55e6d96c04c0_0;
    %nor/r;
    %flag_set/vec4 8;
    %jmp/0xz  T_7.0, 8;
    %pushi/vec4 0, 0, 1;
    %ix/load 5, 0, 0;
    %ix/load 4, 3, 0;
    %flag_set/imm 4, 0;
    %assign/vec4/off/d v0x55e6d9658eb0_0, 4, 5;
    %jmp T_7.1;
T_7.0 ;
    %load/vec4 v0x55e6d963dc90_0;
    %parti/s 1, 3, 3;
    %ix/load 5, 0, 0;
    %ix/load 4, 3, 0;
    %flag_set/imm 4, 0;
    %assign/vec4/off/d v0x55e6d9658eb0_0, 4, 5;
T_7.1 ;
    %jmp T_7;
    .thread T_7;
    .scope S_0x55e6d95094e0;
T_8 ;
    %wait E_0x55e6d92b89c0;
    %load/vec4 v0x55e6d96c04c0_0;
    %nor/r;
    %flag_set/vec4 8;
    %jmp/0xz  T_8.0, 8;
    %pushi/vec4 0, 0, 1;
    %ix/load 5, 0, 0;
    %ix/load 4, 4, 0;
    %flag_set/imm 4, 0;
    %assign/vec4/off/d v0x55e6d9658eb0_0, 4, 5;
    %jmp T_8.1;
T_8.0 ;
    %load/vec4 v0x55e6d963dc90_0;
    %parti/s 1, 4, 4;
    %ix/load 5, 0, 0;
    %ix/load 4, 4, 0;
    %flag_set/imm 4, 0;
    %assign/vec4/off/d v0x55e6d9658eb0_0, 4, 5;
T_8.1 ;
    %jmp T_8;
    .thread T_8;
    .scope S_0x55e6d95094e0;
T_9 ;
    %wait E_0x55e6d92b89c0;
    %load/vec4 v0x55e6d96c04c0_0;
    %nor/r;
    %flag_set/vec4 8;
    %jmp/0xz  T_9.0, 8;
    %pushi/vec4 0, 0, 1;
    %ix/load 5, 0, 0;
    %ix/load 4, 5, 0;
    %flag_set/imm 4, 0;
    %assign/vec4/off/d v0x55e6d9658eb0_0, 4, 5;
    %jmp T_9.1;
T_9.0 ;
    %load/vec4 v0x55e6d963dc90_0;
    %parti/s 1, 5, 4;
    %ix/load 5, 0, 0;
    %ix/load 4, 5, 0;
    %flag_set/imm 4, 0;
    %assign/vec4/off/d v0x55e6d9658eb0_0, 4, 5;
T_9.1 ;
    %jmp T_9;
    .thread T_9;
    .scope S_0x55e6d95094e0;
T_10 ;
    %wait E_0x55e6d92b89c0;
    %load/vec4 v0x55e6d96c04c0_0;
    %nor/r;
    %flag_set/vec4 8;
    %jmp/0xz  T_10.0, 8;
    %pushi/vec4 0, 0, 1;
    %ix/load 5, 0, 0;
    %ix/load 4, 6, 0;
    %flag_set/imm 4, 0;
    %assign/vec4/off/d v0x55e6d9658eb0_0, 4, 5;
    %jmp T_10.1;
T_10.0 ;
    %load/vec4 v0x55e6d963dc90_0;
    %parti/s 1, 6, 4;
    %ix/load 5, 0, 0;
    %ix/load 4, 6, 0;
    %flag_set/imm 4, 0;
    %assign/vec4/off/d v0x55e6d9658eb0_0, 4, 5;
T_10.1 ;
    %jmp T_10;
    .thread T_10;
    .scope S_0x55e6d95094e0;
T_11 ;
    %wait E_0x55e6d92b89c0;
    %load/vec4 v0x55e6d96c04c0_0;
    %nor/r;
    %flag_set/vec4 8;
    %jmp/0xz  T_11.0, 8;
    %pushi/vec4 0, 0, 1;
    %ix/load 5, 0, 0;
    %ix/load 4, 7, 0;
    %flag_set/imm 4, 0;
    %assign/vec4/off/d v0x55e6d9658eb0_0, 4, 5;
    %jmp T_11.1;
T_11.0 ;
    %load/vec4 v0x55e6d963dc90_0;
    %parti/s 1, 7, 4;
    %ix/load 5, 0, 0;
    %ix/load 4, 7, 0;
    %flag_set/imm 4, 0;
    %assign/vec4/off/d v0x55e6d9658eb0_0, 4, 5;
T_11.1 ;
    %jmp T_11;
    .thread T_11;
    .scope S_0x55e6d95094e0;
T_12 ;
    %wait E_0x55e6d92b89c0;
    %load/vec4 v0x55e6d96c04c0_0;
    %nor/r;
    %flag_set/vec4 8;
    %jmp/0xz  T_12.0, 8;
    %pushi/vec4 0, 0, 1;
    %assign/vec4 v0x55e6d96480d0_0, 0;
    %jmp T_12.1;
T_12.0 ;
    %load/vec4 v0x55e6d964a9e0_0;
    %assign/vec4 v0x55e6d96480d0_0, 0;
T_12.1 ;
    %jmp T_12;
    .thread T_12;
    .scope S_0x55e6d95094e0;
T_13 ;
    %wait E_0x55e6d92b89c0;
    %load/vec4 v0x55e6d96c04c0_0;
    %nor/r;
    %flag_set/vec4 8;
    %jmp/0xz  T_13.0, 8;
    %pushi/vec4 0, 0, 1;
    %assign/vec4 v0x55e6d9651760_0, 0;
    %jmp T_13.1;
T_13.0 ;
    %load/vec4 v0x55e6d96532c0_0;
    %assign/vec4 v0x55e6d9651760_0, 0;
T_13.1 ;
    %jmp T_13;
    .thread T_13;
    .scope S_0x55e6d95094e0;
T_14 ;
    %wait E_0x55e6d92b89c0;
    %load/vec4 v0x55e6d96c04c0_0;
    %nor/r;
    %flag_set/vec4 8;
    %jmp/0xz  T_14.0, 8;
    %pushi/vec4 0, 0, 1;
    %assign/vec4 v0x55e6d9642100_0, 0;
    %jmp T_14.1;
T_14.0 ;
    %load/vec4 v0x55e6d9644a10_0;
    %assign/vec4 v0x55e6d9642100_0, 0;
T_14.1 ;
    %jmp T_14;
    .thread T_14;
    .scope S_0x55e6d95094e0;
T_15 ;
    %wait E_0x55e6d92b89c0;
    %load/vec4 v0x55e6d96c04c0_0;
    %nor/r;
    %flag_set/vec4 8;
    %jmp/0xz  T_15.0, 8;
    %pushi/vec4 0, 0, 1;
    %assign/vec4 v0x55e6d965aa10_0, 0;
    %jmp T_15.1;
T_15.0 ;
    %load/vec4 v0x55e6d965d320_0;
    %assign/vec4 v0x55e6d965aa10_0, 0;
T_15.1 ;
    %jmp T_15;
    .thread T_15;
    .scope S_0x55e6d95094e0;
T_16 ;
    %wait E_0x55e6d92b89c0;
    %load/vec4 v0x55e6d96c04c0_0;
    %nor/r;
    %flag_set/vec4 8;
    %jmp/0xz  T_16.0, 8;
    %pushi/vec4 0, 0, 1;
    %assign/vec4 v0x55e6d965e0d0_0, 0;
    %jmp T_16.1;
T_16.0 ;
    %load/vec4 v0x55e6d96609e0_0;
    %assign/vec4 v0x55e6d965e0d0_0, 0;
T_16.1 ;
    %jmp T_16;
    .thread T_16;
    .scope S_0x55e6d95094e0;
T_17 ;
    %wait E_0x55e6d92b89c0;
    %load/vec4 v0x55e6d96c04c0_0;
    %nor/r;
    %flag_set/vec4 8;
    %jmp/0xz  T_17.0, 8;
    %pushi/vec4 0, 0, 1;
    %assign/vec4 v0x55e6d9649c30_0, 0;
    %jmp T_17.1;
T_17.0 ;
    %load/vec4 v0x55e6d96480d0_0;
    %assign/vec4 v0x55e6d9649c30_0, 0;
T_17.1 ;
    %jmp T_17;
    .thread T_17;
    .scope S_0x55e6d95094e0;
T_18 ;
    %wait E_0x55e6d92b89c0;
    %load/vec4 v0x55e6d96c04c0_0;
    %nor/r;
    %flag_set/vec4 8;
    %jmp/0xz  T_18.0, 8;
    %pushi/vec4 0, 0, 1;
    %assign/vec4 v0x55e6d9652510_0, 0;
    %jmp T_18.1;
T_18.0 ;
    %load/vec4 v0x55e6d9651760_0;
    %assign/vec4 v0x55e6d9652510_0, 0;
T_18.1 ;
    %jmp T_18;
    .thread T_18;
    .scope S_0x55e6d95094e0;
T_19 ;
    %wait E_0x55e6d92b89c0;
    %load/vec4 v0x55e6d96c04c0_0;
    %nor/r;
    %flag_set/vec4 8;
    %jmp/0xz  T_19.0, 8;
    %pushi/vec4 0, 0, 1;
    %assign/vec4 v0x55e6d9643c60_0, 0;
    %jmp T_19.1;
T_19.0 ;
    %load/vec4 v0x55e6d9642100_0;
    %assign/vec4 v0x55e6d9643c60_0, 0;
T_19.1 ;
    %jmp T_19;
    .thread T_19;
    .scope S_0x55e6d95094e0;
T_20 ;
    %wait E_0x55e6d92b89c0;
    %load/vec4 v0x55e6d96c04c0_0;
    %nor/r;
    %flag_set/vec4 8;
    %jmp/0xz  T_20.0, 8;
    %pushi/vec4 0, 0, 1;
    %assign/vec4 v0x55e6d965c570_0, 0;
    %jmp T_20.1;
T_20.0 ;
    %load/vec4 v0x55e6d965aa10_0;
    %assign/vec4 v0x55e6d965c570_0, 0;
T_20.1 ;
    %jmp T_20;
    .thread T_20;
    .scope S_0x55e6d95094e0;
T_21 ;
    %wait E_0x55e6d92b89c0;
    %load/vec4 v0x55e6d96c04c0_0;
    %nor/r;
    %flag_set/vec4 8;
    %jmp/0xz  T_21.0, 8;
    %pushi/vec4 0, 0, 1;
    %assign/vec4 v0x55e6d965fc30_0, 0;
    %jmp T_21.1;
T_21.0 ;
    %load/vec4 v0x55e6d965e0d0_0;
    %assign/vec4 v0x55e6d965fc30_0, 0;
T_21.1 ;
    %jmp T_21;
    .thread T_21;
    .scope S_0x55e6d95094e0;
T_22 ;
    %wait E_0x55e6d92b89c0;
    %load/vec4 v0x55e6d96c04c0_0;
    %nor/r;
    %flag_set/vec4 8;
    %jmp/0xz  T_22.0, 8;
    %pushi/vec4 0, 0, 1;
    %assign/vec4 v0x55e6d9648e80_0, 0;
    %jmp T_22.1;
T_22.0 ;
    %load/vec4 v0x55e6d9649c30_0;
    %assign/vec4 v0x55e6d9648e80_0, 0;
T_22.1 ;
    %jmp T_22;
    .thread T_22;
    .scope S_0x55e6d95094e0;
T_23 ;
    %wait E_0x55e6d92b89c0;
    %load/vec4 v0x55e6d96c04c0_0;
    %nor/r;
    %flag_set/vec4 8;
    %jmp/0xz  T_23.0, 8;
    %pushi/vec4 0, 0, 1;
    %assign/vec4 v0x55e6d9642eb0_0, 0;
    %jmp T_23.1;
T_23.0 ;
    %load/vec4 v0x55e6d9643c60_0;
    %assign/vec4 v0x55e6d9642eb0_0, 0;
T_23.1 ;
    %jmp T_23;
    .thread T_23;
    .scope S_0x55e6d95094e0;
T_24 ;
    %wait E_0x55e6d92b89c0;
    %load/vec4 v0x55e6d96c04c0_0;
    %nor/r;
    %flag_set/vec4 8;
    %jmp/0xz  T_24.0, 8;
    %pushi/vec4 0, 0, 1;
    %assign/vec4 v0x55e6d963f7f0_0, 0;
    %jmp T_24.1;
T_24.0 ;
    %load/vec4 v0x55e6d963a5d0_0;
    %assign/vec4 v0x55e6d963f7f0_0, 0;
T_24.1 ;
    %jmp T_24;
    .thread T_24;
    .scope S_0x55e6d95094e0;
T_25 ;
    %wait E_0x55e6d92b89c0;
    %load/vec4 v0x55e6d96c04c0_0;
    %nor/r;
    %flag_set/vec4 8;
    %jmp/0xz  T_25.0, 8;
    %pushi/vec4 0, 0, 1;
    %ix/load 5, 0, 0;
    %ix/load 4, 0, 0;
    %flag_set/imm 4, 0;
    %assign/vec4/off/d v0x55e6d96509b0_0, 4, 5;
    %jmp T_25.1;
T_25.0 ;
    %load/vec4 v0x55e6d961a4b0_0;
    %flag_set/vec4 8;
    %jmp/0xz  T_25.2, 8;
    %load/vec4 v0x55e6d963c130_0;
    %parti/s 1, 0, 2;
    %ix/load 5, 0, 0;
    %ix/load 4, 0, 0;
    %flag_set/imm 4, 0;
    %assign/vec4/off/d v0x55e6d96509b0_0, 4, 5;
T_25.2 ;
T_25.1 ;
    %jmp T_25;
    .thread T_25;
    .scope S_0x55e6d95094e0;
T_26 ;
    %wait E_0x55e6d92b89c0;
    %load/vec4 v0x55e6d96c04c0_0;
    %nor/r;
    %flag_set/vec4 8;
    %jmp/0xz  T_26.0, 8;
    %pushi/vec4 0, 0, 1;
    %ix/load 5, 0, 0;
    %ix/load 4, 1, 0;
    %flag_set/imm 4, 0;
    %assign/vec4/off/d v0x55e6d96509b0_0, 4, 5;
    %jmp T_26.1;
T_26.0 ;
    %load/vec4 v0x55e6d961a4b0_0;
    %flag_set/vec4 8;
    %jmp/0xz  T_26.2, 8;
    %load/vec4 v0x55e6d963c130_0;
    %parti/s 1, 1, 2;
    %ix/load 5, 0, 0;
    %ix/load 4, 1, 0;
    %flag_set/imm 4, 0;
    %assign/vec4/off/d v0x55e6d96509b0_0, 4, 5;
T_26.2 ;
T_26.1 ;
    %jmp T_26;
    .thread T_26;
    .scope S_0x55e6d95094e0;
T_27 ;
    %wait E_0x55e6d92b89c0;
    %load/vec4 v0x55e6d96c04c0_0;
    %nor/r;
    %flag_set/vec4 8;
    %jmp/0xz  T_27.0, 8;
    %pushi/vec4 0, 0, 1;
    %ix/load 5, 0, 0;
    %ix/load 4, 2, 0;
    %flag_set/imm 4, 0;
    %assign/vec4/off/d v0x55e6d96509b0_0, 4, 5;
    %jmp T_27.1;
T_27.0 ;
    %load/vec4 v0x55e6d961a4b0_0;
    %flag_set/vec4 8;
    %jmp/0xz  T_27.2, 8;
    %load/vec4 v0x55e6d963c130_0;
    %parti/s 1, 2, 3;
    %ix/load 5, 0, 0;
    %ix/load 4, 2, 0;
    %flag_set/imm 4, 0;
    %assign/vec4/off/d v0x55e6d96509b0_0, 4, 5;
T_27.2 ;
T_27.1 ;
    %jmp T_27;
    .thread T_27;
    .scope S_0x55e6d95094e0;
T_28 ;
    %wait E_0x55e6d92b89c0;
    %load/vec4 v0x55e6d96c04c0_0;
    %nor/r;
    %flag_set/vec4 8;
    %jmp/0xz  T_28.0, 8;
    %pushi/vec4 0, 0, 1;
    %ix/load 5, 0, 0;
    %ix/load 4, 3, 0;
    %flag_set/imm 4, 0;
    %assign/vec4/off/d v0x55e6d96509b0_0, 4, 5;
    %jmp T_28.1;
T_28.0 ;
    %load/vec4 v0x55e6d961a4b0_0;
    %flag_set/vec4 8;
    %jmp/0xz  T_28.2, 8;
    %load/vec4 v0x55e6d963c130_0;
    %parti/s 1, 3, 3;
    %ix/load 5, 0, 0;
    %ix/load 4, 3, 0;
    %flag_set/imm 4, 0;
    %assign/vec4/off/d v0x55e6d96509b0_0, 4, 5;
T_28.2 ;
T_28.1 ;
    %jmp T_28;
    .thread T_28;
    .scope S_0x55e6d95094e0;
T_29 ;
    %wait E_0x55e6d92b89c0;
    %load/vec4 v0x55e6d96c04c0_0;
    %nor/r;
    %flag_set/vec4 8;
    %jmp/0xz  T_29.0, 8;
    %pushi/vec4 0, 0, 1;
    %ix/load 5, 0, 0;
    %ix/load 4, 4, 0;
    %flag_set/imm 4, 0;
    %assign/vec4/off/d v0x55e6d96509b0_0, 4, 5;
    %jmp T_29.1;
T_29.0 ;
    %load/vec4 v0x55e6d961a4b0_0;
    %flag_set/vec4 8;
    %jmp/0xz  T_29.2, 8;
    %load/vec4 v0x55e6d963c130_0;
    %parti/s 1, 4, 4;
    %ix/load 5, 0, 0;
    %ix/load 4, 4, 0;
    %flag_set/imm 4, 0;
    %assign/vec4/off/d v0x55e6d96509b0_0, 4, 5;
T_29.2 ;
T_29.1 ;
    %jmp T_29;
    .thread T_29;
    .scope S_0x55e6d95094e0;
T_30 ;
    %wait E_0x55e6d92b89c0;
    %load/vec4 v0x55e6d96c04c0_0;
    %nor/r;
    %flag_set/vec4 8;
    %jmp/0xz  T_30.0, 8;
    %pushi/vec4 0, 0, 1;
    %ix/load 5, 0, 0;
    %ix/load 4, 5, 0;
    %flag_set/imm 4, 0;
    %assign/vec4/off/d v0x55e6d96509b0_0, 4, 5;
    %jmp T_30.1;
T_30.0 ;
    %load/vec4 v0x55e6d961a4b0_0;
    %flag_set/vec4 8;
    %jmp/0xz  T_30.2, 8;
    %load/vec4 v0x55e6d963c130_0;
    %parti/s 1, 5, 4;
    %ix/load 5, 0, 0;
    %ix/load 4, 5, 0;
    %flag_set/imm 4, 0;
    %assign/vec4/off/d v0x55e6d96509b0_0, 4, 5;
T_30.2 ;
T_30.1 ;
    %jmp T_30;
    .thread T_30;
    .scope S_0x55e6d95094e0;
T_31 ;
    %wait E_0x55e6d92b89c0;
    %load/vec4 v0x55e6d96c04c0_0;
    %nor/r;
    %flag_set/vec4 8;
    %jmp/0xz  T_31.0, 8;
    %pushi/vec4 0, 0, 1;
    %ix/load 5, 0, 0;
    %ix/load 4, 6, 0;
    %flag_set/imm 4, 0;
    %assign/vec4/off/d v0x55e6d96509b0_0, 4, 5;
    %jmp T_31.1;
T_31.0 ;
    %load/vec4 v0x55e6d961a4b0_0;
    %flag_set/vec4 8;
    %jmp/0xz  T_31.2, 8;
    %load/vec4 v0x55e6d963c130_0;
    %parti/s 1, 6, 4;
    %ix/load 5, 0, 0;
    %ix/load 4, 6, 0;
    %flag_set/imm 4, 0;
    %assign/vec4/off/d v0x55e6d96509b0_0, 4, 5;
T_31.2 ;
T_31.1 ;
    %jmp T_31;
    .thread T_31;
    .scope S_0x55e6d95094e0;
T_32 ;
    %wait E_0x55e6d92b89c0;
    %load/vec4 v0x55e6d96c04c0_0;
    %nor/r;
    %flag_set/vec4 8;
    %jmp/0xz  T_32.0, 8;
    %pushi/vec4 0, 0, 1;
    %ix/load 5, 0, 0;
    %ix/load 4, 7, 0;
    %flag_set/imm 4, 0;
    %assign/vec4/off/d v0x55e6d96509b0_0, 4, 5;
    %jmp T_32.1;
T_32.0 ;
    %load/vec4 v0x55e6d961a4b0_0;
    %flag_set/vec4 8;
    %jmp/0xz  T_32.2, 8;
    %load/vec4 v0x55e6d963c130_0;
    %parti/s 1, 7, 4;
    %ix/load 5, 0, 0;
    %ix/load 4, 7, 0;
    %flag_set/imm 4, 0;
    %assign/vec4/off/d v0x55e6d96509b0_0, 4, 5;
T_32.2 ;
T_32.1 ;
    %jmp T_32;
    .thread T_32;
    .scope S_0x55e6d95094e0;
T_33 ;
    %wait E_0x55e6d92b89c0;
    %load/vec4 v0x55e6d96c04c0_0;
    %nor/r;
    %flag_set/vec4 8;
    %jmp/0xz  T_33.0, 8;
    %pushi/vec4 0, 0, 1;
    %ix/load 5, 0, 0;
    %ix/load 4, 0, 0;
    %flag_set/imm 4, 0;
    %assign/vec4/off/d v0x55e6d96457c0_0, 4, 5;
    %jmp T_33.1;
T_33.0 ;
    %load/vec4 v0x55e6d961adf0_0;
    %flag_set/vec4 8;
    %jmp/0xz  T_33.2, 8;
    %load/vec4 v0x55e6d963b380_0;
    %parti/s 1, 0, 2;
    %ix/load 5, 0, 0;
    %ix/load 4, 0, 0;
    %flag_set/imm 4, 0;
    %assign/vec4/off/d v0x55e6d96457c0_0, 4, 5;
T_33.2 ;
T_33.1 ;
    %jmp T_33;
    .thread T_33;
    .scope S_0x55e6d95094e0;
T_34 ;
    %wait E_0x55e6d92b89c0;
    %load/vec4 v0x55e6d96c04c0_0;
    %nor/r;
    %flag_set/vec4 8;
    %jmp/0xz  T_34.0, 8;
    %pushi/vec4 0, 0, 1;
    %ix/load 5, 0, 0;
    %ix/load 4, 1, 0;
    %flag_set/imm 4, 0;
    %assign/vec4/off/d v0x55e6d96457c0_0, 4, 5;
    %jmp T_34.1;
T_34.0 ;
    %load/vec4 v0x55e6d961adf0_0;
    %flag_set/vec4 8;
    %jmp/0xz  T_34.2, 8;
    %load/vec4 v0x55e6d963b380_0;
    %parti/s 1, 1, 2;
    %ix/load 5, 0, 0;
    %ix/load 4, 1, 0;
    %flag_set/imm 4, 0;
    %assign/vec4/off/d v0x55e6d96457c0_0, 4, 5;
T_34.2 ;
T_34.1 ;
    %jmp T_34;
    .thread T_34;
    .scope S_0x55e6d95094e0;
T_35 ;
    %wait E_0x55e6d92b89c0;
    %load/vec4 v0x55e6d96c04c0_0;
    %nor/r;
    %flag_set/vec4 8;
    %jmp/0xz  T_35.0, 8;
    %pushi/vec4 0, 0, 1;
    %ix/load 5, 0, 0;
    %ix/load 4, 2, 0;
    %flag_set/imm 4, 0;
    %assign/vec4/off/d v0x55e6d96457c0_0, 4, 5;
    %jmp T_35.1;
T_35.0 ;
    %load/vec4 v0x55e6d961adf0_0;
    %flag_set/vec4 8;
    %jmp/0xz  T_35.2, 8;
    %load/vec4 v0x55e6d963b380_0;
    %parti/s 1, 2, 3;
    %ix/load 5, 0, 0;
    %ix/load 4, 2, 0;
    %flag_set/imm 4, 0;
    %assign/vec4/off/d v0x55e6d96457c0_0, 4, 5;
T_35.2 ;
T_35.1 ;
    %jmp T_35;
    .thread T_35;
    .scope S_0x55e6d95094e0;
T_36 ;
    %wait E_0x55e6d92b89c0;
    %load/vec4 v0x55e6d96c04c0_0;
    %nor/r;
    %flag_set/vec4 8;
    %jmp/0xz  T_36.0, 8;
    %pushi/vec4 0, 0, 1;
    %ix/load 5, 0, 0;
    %ix/load 4, 0, 0;
    %flag_set/imm 4, 0;
    %assign/vec4/off/d v0x55e6d9657350_0, 4, 5;
    %jmp T_36.1;
T_36.0 ;
    %load/vec4 v0x55e6d961b730_0;
    %flag_set/vec4 8;
    %jmp/0xz  T_36.2, 8;
    %load/vec4 v0x55e6d963cee0_0;
    %parti/s 1, 0, 2;
    %ix/load 5, 0, 0;
    %ix/load 4, 0, 0;
    %flag_set/imm 4, 0;
    %assign/vec4/off/d v0x55e6d9657350_0, 4, 5;
T_36.2 ;
T_36.1 ;
    %jmp T_36;
    .thread T_36;
    .scope S_0x55e6d95094e0;
T_37 ;
    %wait E_0x55e6d92b89c0;
    %load/vec4 v0x55e6d96c04c0_0;
    %nor/r;
    %flag_set/vec4 8;
    %jmp/0xz  T_37.0, 8;
    %pushi/vec4 0, 0, 1;
    %ix/load 5, 0, 0;
    %ix/load 4, 1, 0;
    %flag_set/imm 4, 0;
    %assign/vec4/off/d v0x55e6d9657350_0, 4, 5;
    %jmp T_37.1;
T_37.0 ;
    %load/vec4 v0x55e6d961b730_0;
    %flag_set/vec4 8;
    %jmp/0xz  T_37.2, 8;
    %load/vec4 v0x55e6d963cee0_0;
    %parti/s 1, 1, 2;
    %ix/load 5, 0, 0;
    %ix/load 4, 1, 0;
    %flag_set/imm 4, 0;
    %assign/vec4/off/d v0x55e6d9657350_0, 4, 5;
T_37.2 ;
T_37.1 ;
    %jmp T_37;
    .thread T_37;
    .scope S_0x55e6d95094e0;
T_38 ;
    %wait E_0x55e6d92b89c0;
    %load/vec4 v0x55e6d96c04c0_0;
    %nor/r;
    %flag_set/vec4 8;
    %jmp/0xz  T_38.0, 8;
    %pushi/vec4 0, 0, 1;
    %ix/load 5, 0, 0;
    %ix/load 4, 2, 0;
    %flag_set/imm 4, 0;
    %assign/vec4/off/d v0x55e6d9657350_0, 4, 5;
    %jmp T_38.1;
T_38.0 ;
    %load/vec4 v0x55e6d961b730_0;
    %flag_set/vec4 8;
    %jmp/0xz  T_38.2, 8;
    %load/vec4 v0x55e6d963cee0_0;
    %parti/s 1, 2, 3;
    %ix/load 5, 0, 0;
    %ix/load 4, 2, 0;
    %flag_set/imm 4, 0;
    %assign/vec4/off/d v0x55e6d9657350_0, 4, 5;
T_38.2 ;
T_38.1 ;
    %jmp T_38;
    .thread T_38;
    .scope S_0x55e6d95094e0;
T_39 ;
    %wait E_0x55e6d92b89c0;
    %load/vec4 v0x55e6d96c04c0_0;
    %nor/r;
    %flag_set/vec4 8;
    %jmp/0xz  T_39.0, 8;
    %pushi/vec4 0, 0, 1;
    %ix/load 5, 0, 0;
    %ix/load 4, 3, 0;
    %flag_set/imm 4, 0;
    %assign/vec4/off/d v0x55e6d9657350_0, 4, 5;
    %jmp T_39.1;
T_39.0 ;
    %load/vec4 v0x55e6d961b730_0;
    %flag_set/vec4 8;
    %jmp/0xz  T_39.2, 8;
    %load/vec4 v0x55e6d963cee0_0;
    %parti/s 1, 3, 3;
    %ix/load 5, 0, 0;
    %ix/load 4, 3, 0;
    %flag_set/imm 4, 0;
    %assign/vec4/off/d v0x55e6d9657350_0, 4, 5;
T_39.2 ;
T_39.1 ;
    %jmp T_39;
    .thread T_39;
    .scope S_0x55e6d95094e0;
T_40 ;
    %wait E_0x55e6d92b89c0;
    %load/vec4 v0x55e6d96c04c0_0;
    %nor/r;
    %flag_set/vec4 8;
    %jmp/0xz  T_40.0, 8;
    %pushi/vec4 0, 0, 1;
    %ix/load 5, 0, 0;
    %ix/load 4, 4, 0;
    %flag_set/imm 4, 0;
    %assign/vec4/off/d v0x55e6d9657350_0, 4, 5;
    %jmp T_40.1;
T_40.0 ;
    %load/vec4 v0x55e6d961b730_0;
    %flag_set/vec4 8;
    %jmp/0xz  T_40.2, 8;
    %load/vec4 v0x55e6d963cee0_0;
    %parti/s 1, 4, 4;
    %ix/load 5, 0, 0;
    %ix/load 4, 4, 0;
    %flag_set/imm 4, 0;
    %assign/vec4/off/d v0x55e6d9657350_0, 4, 5;
T_40.2 ;
T_40.1 ;
    %jmp T_40;
    .thread T_40;
    .scope S_0x55e6d95094e0;
T_41 ;
    %wait E_0x55e6d92b89c0;
    %load/vec4 v0x55e6d96c04c0_0;
    %nor/r;
    %flag_set/vec4 8;
    %jmp/0xz  T_41.0, 8;
    %pushi/vec4 0, 0, 1;
    %ix/load 5, 0, 0;
    %ix/load 4, 5, 0;
    %flag_set/imm 4, 0;
    %assign/vec4/off/d v0x55e6d9657350_0, 4, 5;
    %jmp T_41.1;
T_41.0 ;
    %load/vec4 v0x55e6d961b730_0;
    %flag_set/vec4 8;
    %jmp/0xz  T_41.2, 8;
    %load/vec4 v0x55e6d963cee0_0;
    %parti/s 1, 5, 4;
    %ix/load 5, 0, 0;
    %ix/load 4, 5, 0;
    %flag_set/imm 4, 0;
    %assign/vec4/off/d v0x55e6d9657350_0, 4, 5;
T_41.2 ;
T_41.1 ;
    %jmp T_41;
    .thread T_41;
    .scope S_0x55e6d95094e0;
T_42 ;
    %wait E_0x55e6d92b89c0;
    %load/vec4 v0x55e6d96c04c0_0;
    %nor/r;
    %flag_set/vec4 8;
    %jmp/0xz  T_42.0, 8;
    %pushi/vec4 0, 0, 1;
    %ix/load 5, 0, 0;
    %ix/load 4, 6, 0;
    %flag_set/imm 4, 0;
    %assign/vec4/off/d v0x55e6d9657350_0, 4, 5;
    %jmp T_42.1;
T_42.0 ;
    %load/vec4 v0x55e6d961b730_0;
    %flag_set/vec4 8;
    %jmp/0xz  T_42.2, 8;
    %load/vec4 v0x55e6d963cee0_0;
    %parti/s 1, 6, 4;
    %ix/load 5, 0, 0;
    %ix/load 4, 6, 0;
    %flag_set/imm 4, 0;
    %assign/vec4/off/d v0x55e6d9657350_0, 4, 5;
T_42.2 ;
T_42.1 ;
    %jmp T_42;
    .thread T_42;
    .scope S_0x55e6d95094e0;
T_43 ;
    %wait E_0x55e6d92b89c0;
    %load/vec4 v0x55e6d96c04c0_0;
    %nor/r;
    %flag_set/vec4 8;
    %jmp/0xz  T_43.0, 8;
    %pushi/vec4 0, 0, 1;
    %ix/load 5, 0, 0;
    %ix/load 4, 7, 0;
    %flag_set/imm 4, 0;
    %assign/vec4/off/d v0x55e6d9657350_0, 4, 5;
    %jmp T_43.1;
T_43.0 ;
    %load/vec4 v0x55e6d961b730_0;
    %flag_set/vec4 8;
    %jmp/0xz  T_43.2, 8;
    %load/vec4 v0x55e6d963cee0_0;
    %parti/s 1, 7, 4;
    %ix/load 5, 0, 0;
    %ix/load 4, 7, 0;
    %flag_set/imm 4, 0;
    %assign/vec4/off/d v0x55e6d9657350_0, 4, 5;
T_43.2 ;
T_43.1 ;
    %jmp T_43;
    .thread T_43;
    .scope S_0x55e6d95094e0;
T_44 ;
    %wait E_0x55e6d92b89c0;
    %load/vec4 v0x55e6d96c04c0_0;
    %nor/r;
    %flag_set/vec4 8;
    %jmp/0xz  T_44.0, 8;
    %pushi/vec4 0, 0, 1;
    %assign/vec4 v0x55e6d9665c00_0, 0;
    %jmp T_44.1;
T_44.0 ;
    %load/vec4 v0x55e6d9626040_0;
    %flag_set/vec4 8;
    %jmp/0xz  T_44.2, 8;
    %load/vec4 v0x55e6d96509b0_0;
    %parti/s 1, 0, 2;
    %assign/vec4 v0x55e6d9665c00_0, 0;
T_44.2 ;
T_44.1 ;
    %jmp T_44;
    .thread T_44;
    .scope S_0x55e6d95094e0;
T_45 ;
    %wait E_0x55e6d92b89c0;
    %load/vec4 v0x55e6d96c04c0_0;
    %nor/r;
    %flag_set/vec4 8;
    %jmp/0xz  T_45.0, 8;
    %pushi/vec4 0, 0, 1;
    %assign/vec4 v0x55e6d9665ca0_0, 0;
    %jmp T_45.1;
T_45.0 ;
    %load/vec4 v0x55e6d9626040_0;
    %flag_set/vec4 8;
    %jmp/0xz  T_45.2, 8;
    %load/vec4 v0x55e6d96509b0_0;
    %parti/s 1, 1, 2;
    %assign/vec4 v0x55e6d9665ca0_0, 0;
T_45.2 ;
T_45.1 ;
    %jmp T_45;
    .thread T_45;
    .scope S_0x55e6d95094e0;
T_46 ;
    %wait E_0x55e6d92b89c0;
    %load/vec4 v0x55e6d96c04c0_0;
    %nor/r;
    %flag_set/vec4 8;
    %jmp/0xz  T_46.0, 8;
    %pushi/vec4 0, 0, 1;
    %assign/vec4 v0x55e6d9664e50_0, 0;
    %jmp T_46.1;
T_46.0 ;
    %load/vec4 v0x55e6d9626040_0;
    %flag_set/vec4 8;
    %jmp/0xz  T_46.2, 8;
    %load/vec4 v0x55e6d96509b0_0;
    %parti/s 1, 2, 3;
    %assign/vec4 v0x55e6d9664e50_0, 0;
T_46.2 ;
T_46.1 ;
    %jmp T_46;
    .thread T_46;
    .scope S_0x55e6d95094e0;
T_47 ;
    %wait E_0x55e6d92b89c0;
    %load/vec4 v0x55e6d96c04c0_0;
    %nor/r;
    %flag_set/vec4 8;
    %jmp/0xz  T_47.0, 8;
    %pushi/vec4 0, 0, 1;
    %assign/vec4 v0x55e6d9664ef0_0, 0;
    %jmp T_47.1;
T_47.0 ;
    %load/vec4 v0x55e6d9626040_0;
    %flag_set/vec4 8;
    %jmp/0xz  T_47.2, 8;
    %load/vec4 v0x55e6d96509b0_0;
    %parti/s 1, 3, 3;
    %assign/vec4 v0x55e6d9664ef0_0, 0;
T_47.2 ;
T_47.1 ;
    %jmp T_47;
    .thread T_47;
    .scope S_0x55e6d95094e0;
T_48 ;
    %wait E_0x55e6d92b89c0;
    %load/vec4 v0x55e6d96c04c0_0;
    %nor/r;
    %flag_set/vec4 8;
    %jmp/0xz  T_48.0, 8;
    %pushi/vec4 0, 0, 1;
    %assign/vec4 v0x55e6d96640a0_0, 0;
    %jmp T_48.1;
T_48.0 ;
    %load/vec4 v0x55e6d9626040_0;
    %flag_set/vec4 8;
    %jmp/0xz  T_48.2, 8;
    %load/vec4 v0x55e6d96509b0_0;
    %parti/s 1, 4, 4;
    %assign/vec4 v0x55e6d96640a0_0, 0;
T_48.2 ;
T_48.1 ;
    %jmp T_48;
    .thread T_48;
    .scope S_0x55e6d95094e0;
T_49 ;
    %wait E_0x55e6d92b89c0;
    %load/vec4 v0x55e6d96c04c0_0;
    %nor/r;
    %flag_set/vec4 8;
    %jmp/0xz  T_49.0, 8;
    %pushi/vec4 0, 0, 1;
    %assign/vec4 v0x55e6d96632f0_0, 0;
    %jmp T_49.1;
T_49.0 ;
    %load/vec4 v0x55e6d9626040_0;
    %flag_set/vec4 8;
    %jmp/0xz  T_49.2, 8;
    %load/vec4 v0x55e6d96509b0_0;
    %parti/s 1, 5, 4;
    %assign/vec4 v0x55e6d96632f0_0, 0;
T_49.2 ;
T_49.1 ;
    %jmp T_49;
    .thread T_49;
    .scope S_0x55e6d95094e0;
T_50 ;
    %wait E_0x55e6d92b89c0;
    %load/vec4 v0x55e6d96c04c0_0;
    %nor/r;
    %flag_set/vec4 8;
    %jmp/0xz  T_50.0, 8;
    %pushi/vec4 0, 0, 1;
    %assign/vec4 v0x55e6d9662540_0, 0;
    %jmp T_50.1;
T_50.0 ;
    %load/vec4 v0x55e6d9626040_0;
    %flag_set/vec4 8;
    %jmp/0xz  T_50.2, 8;
    %load/vec4 v0x55e6d96509b0_0;
    %parti/s 1, 6, 4;
    %assign/vec4 v0x55e6d9662540_0, 0;
T_50.2 ;
T_50.1 ;
    %jmp T_50;
    .thread T_50;
    .scope S_0x55e6d95094e0;
T_51 ;
    %wait E_0x55e6d92b89c0;
    %load/vec4 v0x55e6d96c04c0_0;
    %nor/r;
    %flag_set/vec4 8;
    %jmp/0xz  T_51.0, 8;
    %pushi/vec4 0, 0, 1;
    %ix/load 5, 0, 0;
    %ix/load 4, 0, 0;
    %flag_set/imm 4, 0;
    %assign/vec4/off/d v0x55e6d964d2f0_0, 4, 5;
    %jmp T_51.1;
T_51.0 ;
    %load/vec4 v0x55e6d961c070_0;
    %flag_set/vec4 8;
    %jmp/0xz  T_51.2, 8;
    %load/vec4 v0x55e6d9657350_0;
    %parti/s 1, 0, 2;
    %ix/load 5, 0, 0;
    %ix/load 4, 0, 0;
    %flag_set/imm 4, 0;
    %assign/vec4/off/d v0x55e6d964d2f0_0, 4, 5;
T_51.2 ;
T_51.1 ;
    %jmp T_51;
    .thread T_51;
    .scope S_0x55e6d95094e0;
T_52 ;
    %wait E_0x55e6d92b89c0;
    %load/vec4 v0x55e6d96c04c0_0;
    %nor/r;
    %flag_set/vec4 8;
    %jmp/0xz  T_52.0, 8;
    %pushi/vec4 0, 0, 1;
    %ix/load 5, 0, 0;
    %ix/load 4, 1, 0;
    %flag_set/imm 4, 0;
    %assign/vec4/off/d v0x55e6d964d2f0_0, 4, 5;
    %jmp T_52.1;
T_52.0 ;
    %load/vec4 v0x55e6d961c070_0;
    %flag_set/vec4 8;
    %jmp/0xz  T_52.2, 8;
    %load/vec4 v0x55e6d9657350_0;
    %parti/s 1, 1, 2;
    %ix/load 5, 0, 0;
    %ix/load 4, 1, 0;
    %flag_set/imm 4, 0;
    %assign/vec4/off/d v0x55e6d964d2f0_0, 4, 5;
T_52.2 ;
T_52.1 ;
    %jmp T_52;
    .thread T_52;
    .scope S_0x55e6d95094e0;
T_53 ;
    %wait E_0x55e6d92b89c0;
    %load/vec4 v0x55e6d96c04c0_0;
    %nor/r;
    %flag_set/vec4 8;
    %jmp/0xz  T_53.0, 8;
    %pushi/vec4 0, 0, 1;
    %ix/load 5, 0, 0;
    %ix/load 4, 2, 0;
    %flag_set/imm 4, 0;
    %assign/vec4/off/d v0x55e6d964d2f0_0, 4, 5;
    %jmp T_53.1;
T_53.0 ;
    %load/vec4 v0x55e6d961c070_0;
    %flag_set/vec4 8;
    %jmp/0xz  T_53.2, 8;
    %load/vec4 v0x55e6d9657350_0;
    %parti/s 1, 2, 3;
    %ix/load 5, 0, 0;
    %ix/load 4, 2, 0;
    %flag_set/imm 4, 0;
    %assign/vec4/off/d v0x55e6d964d2f0_0, 4, 5;
T_53.2 ;
T_53.1 ;
    %jmp T_53;
    .thread T_53;
    .scope S_0x55e6d95094e0;
T_54 ;
    %wait E_0x55e6d92b89c0;
    %load/vec4 v0x55e6d96c04c0_0;
    %nor/r;
    %flag_set/vec4 8;
    %jmp/0xz  T_54.0, 8;
    %pushi/vec4 0, 0, 1;
    %ix/load 5, 0, 0;
    %ix/load 4, 3, 0;
    %flag_set/imm 4, 0;
    %assign/vec4/off/d v0x55e6d964d2f0_0, 4, 5;
    %jmp T_54.1;
T_54.0 ;
    %load/vec4 v0x55e6d961c070_0;
    %flag_set/vec4 8;
    %jmp/0xz  T_54.2, 8;
    %load/vec4 v0x55e6d9657350_0;
    %parti/s 1, 3, 3;
    %ix/load 5, 0, 0;
    %ix/load 4, 3, 0;
    %flag_set/imm 4, 0;
    %assign/vec4/off/d v0x55e6d964d2f0_0, 4, 5;
T_54.2 ;
T_54.1 ;
    %jmp T_54;
    .thread T_54;
    .scope S_0x55e6d95094e0;
T_55 ;
    %wait E_0x55e6d92b89c0;
    %load/vec4 v0x55e6d96c04c0_0;
    %nor/r;
    %flag_set/vec4 8;
    %jmp/0xz  T_55.0, 8;
    %pushi/vec4 0, 0, 1;
    %ix/load 5, 0, 0;
    %ix/load 4, 4, 0;
    %flag_set/imm 4, 0;
    %assign/vec4/off/d v0x55e6d964d2f0_0, 4, 5;
    %jmp T_55.1;
T_55.0 ;
    %load/vec4 v0x55e6d961c070_0;
    %flag_set/vec4 8;
    %jmp/0xz  T_55.2, 8;
    %load/vec4 v0x55e6d9657350_0;
    %parti/s 1, 4, 4;
    %ix/load 5, 0, 0;
    %ix/load 4, 4, 0;
    %flag_set/imm 4, 0;
    %assign/vec4/off/d v0x55e6d964d2f0_0, 4, 5;
T_55.2 ;
T_55.1 ;
    %jmp T_55;
    .thread T_55;
    .scope S_0x55e6d95094e0;
T_56 ;
    %wait E_0x55e6d92b89c0;
    %load/vec4 v0x55e6d96c04c0_0;
    %nor/r;
    %flag_set/vec4 8;
    %jmp/0xz  T_56.0, 8;
    %pushi/vec4 1, 0, 1;
    %ix/load 5, 0, 0;
    %ix/load 4, 5, 0;
    %flag_set/imm 4, 0;
    %assign/vec4/off/d v0x55e6d964d2f0_0, 4, 5;
    %jmp T_56.1;
T_56.0 ;
    %load/vec4 v0x55e6d961c070_0;
    %flag_set/vec4 8;
    %jmp/0xz  T_56.2, 8;
    %load/vec4 v0x55e6d9657350_0;
    %parti/s 1, 5, 4;
    %ix/load 5, 0, 0;
    %ix/load 4, 5, 0;
    %flag_set/imm 4, 0;
    %assign/vec4/off/d v0x55e6d964d2f0_0, 4, 5;
T_56.2 ;
T_56.1 ;
    %jmp T_56;
    .thread T_56;
    .scope S_0x55e6d95094e0;
T_57 ;
    %wait E_0x55e6d92b89c0;
    %load/vec4 v0x55e6d96c04c0_0;
    %nor/r;
    %flag_set/vec4 8;
    %jmp/0xz  T_57.0, 8;
    %pushi/vec4 0, 0, 1;
    %ix/load 5, 0, 0;
    %ix/load 4, 6, 0;
    %flag_set/imm 4, 0;
    %assign/vec4/off/d v0x55e6d964d2f0_0, 4, 5;
    %jmp T_57.1;
T_57.0 ;
    %load/vec4 v0x55e6d961c070_0;
    %flag_set/vec4 8;
    %jmp/0xz  T_57.2, 8;
    %load/vec4 v0x55e6d9657350_0;
    %parti/s 1, 6, 4;
    %ix/load 5, 0, 0;
    %ix/load 4, 6, 0;
    %flag_set/imm 4, 0;
    %assign/vec4/off/d v0x55e6d964d2f0_0, 4, 5;
T_57.2 ;
T_57.1 ;
    %jmp T_57;
    .thread T_57;
    .scope S_0x55e6d95094e0;
T_58 ;
    %wait E_0x55e6d92b89c0;
    %load/vec4 v0x55e6d96c04c0_0;
    %nor/r;
    %flag_set/vec4 8;
    %jmp/0xz  T_58.0, 8;
    %pushi/vec4 0, 0, 1;
    %ix/load 5, 0, 0;
    %ix/load 4, 7, 0;
    %flag_set/imm 4, 0;
    %assign/vec4/off/d v0x55e6d964d2f0_0, 4, 5;
    %jmp T_58.1;
T_58.0 ;
    %load/vec4 v0x55e6d961c070_0;
    %flag_set/vec4 8;
    %jmp/0xz  T_58.2, 8;
    %load/vec4 v0x55e6d9657350_0;
    %parti/s 1, 7, 4;
    %ix/load 5, 0, 0;
    %ix/load 4, 7, 0;
    %flag_set/imm 4, 0;
    %assign/vec4/off/d v0x55e6d964d2f0_0, 4, 5;
T_58.2 ;
T_58.1 ;
    %jmp T_58;
    .thread T_58;
    .scope S_0x55e6d95094e0;
T_59 ;
    %wait E_0x55e6d92b89c0;
    %load/vec4 v0x55e6d96c04c0_0;
    %nor/r;
    %flag_set/vec4 8;
    %jmp/0xz  T_59.0, 8;
    %pushi/vec4 0, 0, 1;
    %ix/load 5, 0, 0;
    %ix/load 4, 0, 0;
    %flag_set/imm 4, 0;
    %assign/vec4/off/d v0x55e6d92a48b0_0, 4, 5;
    %jmp T_59.1;
T_59.0 ;
    %load/vec4 v0x55e6d961c9b0_0;
    %flag_set/vec4 8;
    %jmp/0xz  T_59.2, 8;
    %load/vec4 v0x55e6d9657350_0;
    %parti/s 1, 0, 2;
    %ix/load 5, 0, 0;
    %ix/load 4, 0, 0;
    %flag_set/imm 4, 0;
    %assign/vec4/off/d v0x55e6d92a48b0_0, 4, 5;
T_59.2 ;
T_59.1 ;
    %jmp T_59;
    .thread T_59;
    .scope S_0x55e6d95094e0;
T_60 ;
    %wait E_0x55e6d92b89c0;
    %load/vec4 v0x55e6d96c04c0_0;
    %nor/r;
    %flag_set/vec4 8;
    %jmp/0xz  T_60.0, 8;
    %pushi/vec4 0, 0, 1;
    %ix/load 5, 0, 0;
    %ix/load 4, 1, 0;
    %flag_set/imm 4, 0;
    %assign/vec4/off/d v0x55e6d92a48b0_0, 4, 5;
    %jmp T_60.1;
T_60.0 ;
    %load/vec4 v0x55e6d961c9b0_0;
    %flag_set/vec4 8;
    %jmp/0xz  T_60.2, 8;
    %load/vec4 v0x55e6d9657350_0;
    %parti/s 1, 1, 2;
    %ix/load 5, 0, 0;
    %ix/load 4, 1, 0;
    %flag_set/imm 4, 0;
    %assign/vec4/off/d v0x55e6d92a48b0_0, 4, 5;
T_60.2 ;
T_60.1 ;
    %jmp T_60;
    .thread T_60;
    .scope S_0x55e6d95094e0;
T_61 ;
    %wait E_0x55e6d92b89c0;
    %load/vec4 v0x55e6d96c04c0_0;
    %nor/r;
    %flag_set/vec4 8;
    %jmp/0xz  T_61.0, 8;
    %pushi/vec4 0, 0, 1;
    %ix/load 5, 0, 0;
    %ix/load 4, 2, 0;
    %flag_set/imm 4, 0;
    %assign/vec4/off/d v0x55e6d92a48b0_0, 4, 5;
    %jmp T_61.1;
T_61.0 ;
    %load/vec4 v0x55e6d961c9b0_0;
    %flag_set/vec4 8;
    %jmp/0xz  T_61.2, 8;
    %load/vec4 v0x55e6d9657350_0;
    %parti/s 1, 2, 3;
    %ix/load 5, 0, 0;
    %ix/load 4, 2, 0;
    %flag_set/imm 4, 0;
    %assign/vec4/off/d v0x55e6d92a48b0_0, 4, 5;
T_61.2 ;
T_61.1 ;
    %jmp T_61;
    .thread T_61;
    .scope S_0x55e6d95094e0;
T_62 ;
    %wait E_0x55e6d92b89c0;
    %load/vec4 v0x55e6d96c04c0_0;
    %nor/r;
    %flag_set/vec4 8;
    %jmp/0xz  T_62.0, 8;
    %pushi/vec4 0, 0, 1;
    %ix/load 5, 0, 0;
    %ix/load 4, 3, 0;
    %flag_set/imm 4, 0;
    %assign/vec4/off/d v0x55e6d92a48b0_0, 4, 5;
    %jmp T_62.1;
T_62.0 ;
    %load/vec4 v0x55e6d961c9b0_0;
    %flag_set/vec4 8;
    %jmp/0xz  T_62.2, 8;
    %load/vec4 v0x55e6d9657350_0;
    %parti/s 1, 3, 3;
    %ix/load 5, 0, 0;
    %ix/load 4, 3, 0;
    %flag_set/imm 4, 0;
    %assign/vec4/off/d v0x55e6d92a48b0_0, 4, 5;
T_62.2 ;
T_62.1 ;
    %jmp T_62;
    .thread T_62;
    .scope S_0x55e6d95094e0;
T_63 ;
    %wait E_0x55e6d92b89c0;
    %load/vec4 v0x55e6d96c04c0_0;
    %nor/r;
    %flag_set/vec4 8;
    %jmp/0xz  T_63.0, 8;
    %pushi/vec4 1, 0, 1;
    %ix/load 5, 0, 0;
    %ix/load 4, 4, 0;
    %flag_set/imm 4, 0;
    %assign/vec4/off/d v0x55e6d92a48b0_0, 4, 5;
    %jmp T_63.1;
T_63.0 ;
    %load/vec4 v0x55e6d961c9b0_0;
    %flag_set/vec4 8;
    %jmp/0xz  T_63.2, 8;
    %load/vec4 v0x55e6d9657350_0;
    %parti/s 1, 4, 4;
    %ix/load 5, 0, 0;
    %ix/load 4, 4, 0;
    %flag_set/imm 4, 0;
    %assign/vec4/off/d v0x55e6d92a48b0_0, 4, 5;
T_63.2 ;
T_63.1 ;
    %jmp T_63;
    .thread T_63;
    .scope S_0x55e6d95094e0;
T_64 ;
    %wait E_0x55e6d92b89c0;
    %load/vec4 v0x55e6d96c04c0_0;
    %nor/r;
    %flag_set/vec4 8;
    %jmp/0xz  T_64.0, 8;
    %pushi/vec4 0, 0, 1;
    %ix/load 5, 0, 0;
    %ix/load 4, 5, 0;
    %flag_set/imm 4, 0;
    %assign/vec4/off/d v0x55e6d92a48b0_0, 4, 5;
    %jmp T_64.1;
T_64.0 ;
    %load/vec4 v0x55e6d961c9b0_0;
    %flag_set/vec4 8;
    %jmp/0xz  T_64.2, 8;
    %load/vec4 v0x55e6d9657350_0;
    %parti/s 1, 5, 4;
    %ix/load 5, 0, 0;
    %ix/load 4, 5, 0;
    %flag_set/imm 4, 0;
    %assign/vec4/off/d v0x55e6d92a48b0_0, 4, 5;
T_64.2 ;
T_64.1 ;
    %jmp T_64;
    .thread T_64;
    .scope S_0x55e6d95094e0;
T_65 ;
    %wait E_0x55e6d92b89c0;
    %load/vec4 v0x55e6d96c04c0_0;
    %nor/r;
    %flag_set/vec4 8;
    %jmp/0xz  T_65.0, 8;
    %pushi/vec4 0, 0, 1;
    %ix/load 5, 0, 0;
    %ix/load 4, 6, 0;
    %flag_set/imm 4, 0;
    %assign/vec4/off/d v0x55e6d92a48b0_0, 4, 5;
    %jmp T_65.1;
T_65.0 ;
    %load/vec4 v0x55e6d961c9b0_0;
    %flag_set/vec4 8;
    %jmp/0xz  T_65.2, 8;
    %load/vec4 v0x55e6d9657350_0;
    %parti/s 1, 6, 4;
    %ix/load 5, 0, 0;
    %ix/load 4, 6, 0;
    %flag_set/imm 4, 0;
    %assign/vec4/off/d v0x55e6d92a48b0_0, 4, 5;
T_65.2 ;
T_65.1 ;
    %jmp T_65;
    .thread T_65;
    .scope S_0x55e6d95094e0;
T_66 ;
    %wait E_0x55e6d92b89c0;
    %load/vec4 v0x55e6d96c04c0_0;
    %nor/r;
    %flag_set/vec4 8;
    %jmp/0xz  T_66.0, 8;
    %pushi/vec4 0, 0, 1;
    %ix/load 5, 0, 0;
    %ix/load 4, 7, 0;
    %flag_set/imm 4, 0;
    %assign/vec4/off/d v0x55e6d92a48b0_0, 4, 5;
    %jmp T_66.1;
T_66.0 ;
    %load/vec4 v0x55e6d961c9b0_0;
    %flag_set/vec4 8;
    %jmp/0xz  T_66.2, 8;
    %load/vec4 v0x55e6d9657350_0;
    %parti/s 1, 7, 4;
    %ix/load 5, 0, 0;
    %ix/load 4, 7, 0;
    %flag_set/imm 4, 0;
    %assign/vec4/off/d v0x55e6d92a48b0_0, 4, 5;
T_66.2 ;
T_66.1 ;
    %jmp T_66;
    .thread T_66;
    .scope S_0x55e6d95094e0;
T_67 ;
    %wait E_0x55e6d92b89c0;
    %load/vec4 v0x55e6d96c04c0_0;
    %nor/r;
    %flag_set/vec4 8;
    %jmp/0xz  T_67.0, 8;
    %pushi/vec4 0, 0, 1;
    %ix/load 5, 0, 0;
    %ix/load 4, 0, 0;
    %flag_set/imm 4, 0;
    %assign/vec4/off/d v0x55e6d96565a0_0, 4, 5;
    %jmp T_67.1;
T_67.0 ;
    %load/vec4 v0x55e6d964b790_0;
    %flag_set/vec4 8;
    %jmp/0xz  T_67.2, 8;
    %load/vec4 v0x55e6d95b8d00_0;
    %parti/s 1, 0, 2;
    %ix/load 5, 0, 0;
    %ix/load 4, 0, 0;
    %flag_set/imm 4, 0;
    %assign/vec4/off/d v0x55e6d96565a0_0, 4, 5;
T_67.2 ;
T_67.1 ;
    %jmp T_67;
    .thread T_67;
    .scope S_0x55e6d95094e0;
T_68 ;
    %wait E_0x55e6d92b89c0;
    %load/vec4 v0x55e6d96c04c0_0;
    %nor/r;
    %flag_set/vec4 8;
    %jmp/0xz  T_68.0, 8;
    %pushi/vec4 0, 0, 1;
    %ix/load 5, 0, 0;
    %ix/load 4, 1, 0;
    %flag_set/imm 4, 0;
    %assign/vec4/off/d v0x55e6d96565a0_0, 4, 5;
    %jmp T_68.1;
T_68.0 ;
    %load/vec4 v0x55e6d964b790_0;
    %flag_set/vec4 8;
    %jmp/0xz  T_68.2, 8;
    %load/vec4 v0x55e6d95b8d00_0;
    %parti/s 1, 1, 2;
    %ix/load 5, 0, 0;
    %ix/load 4, 1, 0;
    %flag_set/imm 4, 0;
    %assign/vec4/off/d v0x55e6d96565a0_0, 4, 5;
T_68.2 ;
T_68.1 ;
    %jmp T_68;
    .thread T_68;
    .scope S_0x55e6d95094e0;
T_69 ;
    %wait E_0x55e6d92b89c0;
    %load/vec4 v0x55e6d96c04c0_0;
    %nor/r;
    %flag_set/vec4 8;
    %jmp/0xz  T_69.0, 8;
    %pushi/vec4 0, 0, 1;
    %ix/load 5, 0, 0;
    %ix/load 4, 2, 0;
    %flag_set/imm 4, 0;
    %assign/vec4/off/d v0x55e6d96565a0_0, 4, 5;
    %jmp T_69.1;
T_69.0 ;
    %load/vec4 v0x55e6d964b790_0;
    %flag_set/vec4 8;
    %jmp/0xz  T_69.2, 8;
    %load/vec4 v0x55e6d95b8d00_0;
    %parti/s 1, 2, 3;
    %ix/load 5, 0, 0;
    %ix/load 4, 2, 0;
    %flag_set/imm 4, 0;
    %assign/vec4/off/d v0x55e6d96565a0_0, 4, 5;
T_69.2 ;
T_69.1 ;
    %jmp T_69;
    .thread T_69;
    .scope S_0x55e6d95094e0;
T_70 ;
    %wait E_0x55e6d92b89c0;
    %load/vec4 v0x55e6d96c04c0_0;
    %nor/r;
    %flag_set/vec4 8;
    %jmp/0xz  T_70.0, 8;
    %pushi/vec4 0, 0, 1;
    %ix/load 5, 0, 0;
    %ix/load 4, 3, 0;
    %flag_set/imm 4, 0;
    %assign/vec4/off/d v0x55e6d96565a0_0, 4, 5;
    %jmp T_70.1;
T_70.0 ;
    %load/vec4 v0x55e6d964b790_0;
    %flag_set/vec4 8;
    %jmp/0xz  T_70.2, 8;
    %load/vec4 v0x55e6d95b8d00_0;
    %parti/s 1, 3, 3;
    %ix/load 5, 0, 0;
    %ix/load 4, 3, 0;
    %flag_set/imm 4, 0;
    %assign/vec4/off/d v0x55e6d96565a0_0, 4, 5;
T_70.2 ;
T_70.1 ;
    %jmp T_70;
    .thread T_70;
    .scope S_0x55e6d95094e0;
T_71 ;
    %wait E_0x55e6d92b89c0;
    %load/vec4 v0x55e6d96c04c0_0;
    %nor/r;
    %flag_set/vec4 8;
    %jmp/0xz  T_71.0, 8;
    %pushi/vec4 0, 0, 1;
    %ix/load 5, 0, 0;
    %ix/load 4, 4, 0;
    %flag_set/imm 4, 0;
    %assign/vec4/off/d v0x55e6d96565a0_0, 4, 5;
    %jmp T_71.1;
T_71.0 ;
    %load/vec4 v0x55e6d964b790_0;
    %flag_set/vec4 8;
    %jmp/0xz  T_71.2, 8;
    %load/vec4 v0x55e6d95b8d00_0;
    %parti/s 1, 4, 4;
    %ix/load 5, 0, 0;
    %ix/load 4, 4, 0;
    %flag_set/imm 4, 0;
    %assign/vec4/off/d v0x55e6d96565a0_0, 4, 5;
T_71.2 ;
T_71.1 ;
    %jmp T_71;
    .thread T_71;
    .scope S_0x55e6d95094e0;
T_72 ;
    %wait E_0x55e6d92b89c0;
    %load/vec4 v0x55e6d96c04c0_0;
    %nor/r;
    %flag_set/vec4 8;
    %jmp/0xz  T_72.0, 8;
    %pushi/vec4 0, 0, 1;
    %ix/load 5, 0, 0;
    %ix/load 4, 5, 0;
    %flag_set/imm 4, 0;
    %assign/vec4/off/d v0x55e6d96565a0_0, 4, 5;
    %jmp T_72.1;
T_72.0 ;
    %load/vec4 v0x55e6d964b790_0;
    %flag_set/vec4 8;
    %jmp/0xz  T_72.2, 8;
    %load/vec4 v0x55e6d95b8d00_0;
    %parti/s 1, 5, 4;
    %ix/load 5, 0, 0;
    %ix/load 4, 5, 0;
    %flag_set/imm 4, 0;
    %assign/vec4/off/d v0x55e6d96565a0_0, 4, 5;
T_72.2 ;
T_72.1 ;
    %jmp T_72;
    .thread T_72;
    .scope S_0x55e6d95094e0;
T_73 ;
    %wait E_0x55e6d92b89c0;
    %load/vec4 v0x55e6d96c04c0_0;
    %nor/r;
    %flag_set/vec4 8;
    %jmp/0xz  T_73.0, 8;
    %pushi/vec4 0, 0, 1;
    %ix/load 5, 0, 0;
    %ix/load 4, 6, 0;
    %flag_set/imm 4, 0;
    %assign/vec4/off/d v0x55e6d96565a0_0, 4, 5;
    %jmp T_73.1;
T_73.0 ;
    %load/vec4 v0x55e6d964b790_0;
    %flag_set/vec4 8;
    %jmp/0xz  T_73.2, 8;
    %load/vec4 v0x55e6d95b8d00_0;
    %parti/s 1, 6, 4;
    %ix/load 5, 0, 0;
    %ix/load 4, 6, 0;
    %flag_set/imm 4, 0;
    %assign/vec4/off/d v0x55e6d96565a0_0, 4, 5;
T_73.2 ;
T_73.1 ;
    %jmp T_73;
    .thread T_73;
    .scope S_0x55e6d95094e0;
T_74 ;
    %wait E_0x55e6d92b89c0;
    %load/vec4 v0x55e6d96c04c0_0;
    %nor/r;
    %flag_set/vec4 8;
    %jmp/0xz  T_74.0, 8;
    %pushi/vec4 0, 0, 1;
    %ix/load 5, 0, 0;
    %ix/load 4, 7, 0;
    %flag_set/imm 4, 0;
    %assign/vec4/off/d v0x55e6d96565a0_0, 4, 5;
    %jmp T_74.1;
T_74.0 ;
    %load/vec4 v0x55e6d964b790_0;
    %flag_set/vec4 8;
    %jmp/0xz  T_74.2, 8;
    %load/vec4 v0x55e6d95b8d00_0;
    %parti/s 1, 7, 4;
    %ix/load 5, 0, 0;
    %ix/load 4, 7, 0;
    %flag_set/imm 4, 0;
    %assign/vec4/off/d v0x55e6d96565a0_0, 4, 5;
T_74.2 ;
T_74.1 ;
    %jmp T_74;
    .thread T_74;
    .scope S_0x55e6d95094e0;
T_75 ;
    %wait E_0x55e6d92b89c0;
    %load/vec4 v0x55e6d96c04c0_0;
    %nor/r;
    %flag_set/vec4 8;
    %jmp/0xz  T_75.0, 8;
    %pushi/vec4 0, 0, 1;
    %ix/load 5, 0, 0;
    %ix/load 4, 0, 0;
    %flag_set/imm 4, 0;
    %assign/vec4/off/d v0x55e6d92a47b0_0, 4, 5;
    %jmp T_75.1;
T_75.0 ;
    %load/vec4 v0x55e6d961d760_0;
    %flag_set/vec4 8;
    %jmp/0xz  T_75.2, 8;
    %load/vec4 v0x55e6d9657350_0;
    %parti/s 1, 0, 2;
    %ix/load 5, 0, 0;
    %ix/load 4, 0, 0;
    %flag_set/imm 4, 0;
    %assign/vec4/off/d v0x55e6d92a47b0_0, 4, 5;
T_75.2 ;
T_75.1 ;
    %jmp T_75;
    .thread T_75;
    .scope S_0x55e6d95094e0;
T_76 ;
    %wait E_0x55e6d92b89c0;
    %load/vec4 v0x55e6d96c04c0_0;
    %nor/r;
    %flag_set/vec4 8;
    %jmp/0xz  T_76.0, 8;
    %pushi/vec4 1, 0, 1;
    %ix/load 5, 0, 0;
    %ix/load 4, 1, 0;
    %flag_set/imm 4, 0;
    %assign/vec4/off/d v0x55e6d92a47b0_0, 4, 5;
    %jmp T_76.1;
T_76.0 ;
    %load/vec4 v0x55e6d961d760_0;
    %flag_set/vec4 8;
    %jmp/0xz  T_76.2, 8;
    %load/vec4 v0x55e6d9657350_0;
    %parti/s 1, 1, 2;
    %ix/load 5, 0, 0;
    %ix/load 4, 1, 0;
    %flag_set/imm 4, 0;
    %assign/vec4/off/d v0x55e6d92a47b0_0, 4, 5;
T_76.2 ;
T_76.1 ;
    %jmp T_76;
    .thread T_76;
    .scope S_0x55e6d95094e0;
T_77 ;
    %wait E_0x55e6d92b89c0;
    %load/vec4 v0x55e6d96c04c0_0;
    %nor/r;
    %flag_set/vec4 8;
    %jmp/0xz  T_77.0, 8;
    %pushi/vec4 1, 0, 1;
    %ix/load 5, 0, 0;
    %ix/load 4, 2, 0;
    %flag_set/imm 4, 0;
    %assign/vec4/off/d v0x55e6d92a47b0_0, 4, 5;
    %jmp T_77.1;
T_77.0 ;
    %load/vec4 v0x55e6d961d760_0;
    %flag_set/vec4 8;
    %jmp/0xz  T_77.2, 8;
    %load/vec4 v0x55e6d9657350_0;
    %parti/s 1, 2, 3;
    %ix/load 5, 0, 0;
    %ix/load 4, 2, 0;
    %flag_set/imm 4, 0;
    %assign/vec4/off/d v0x55e6d92a47b0_0, 4, 5;
T_77.2 ;
T_77.1 ;
    %jmp T_77;
    .thread T_77;
    .scope S_0x55e6d95094e0;
T_78 ;
    %wait E_0x55e6d92b89c0;
    %load/vec4 v0x55e6d96c04c0_0;
    %nor/r;
    %flag_set/vec4 8;
    %jmp/0xz  T_78.0, 8;
    %pushi/vec4 1, 0, 1;
    %ix/load 5, 0, 0;
    %ix/load 4, 3, 0;
    %flag_set/imm 4, 0;
    %assign/vec4/off/d v0x55e6d92a47b0_0, 4, 5;
    %jmp T_78.1;
T_78.0 ;
    %load/vec4 v0x55e6d961d760_0;
    %flag_set/vec4 8;
    %jmp/0xz  T_78.2, 8;
    %load/vec4 v0x55e6d9657350_0;
    %parti/s 1, 3, 3;
    %ix/load 5, 0, 0;
    %ix/load 4, 3, 0;
    %flag_set/imm 4, 0;
    %assign/vec4/off/d v0x55e6d92a47b0_0, 4, 5;
T_78.2 ;
T_78.1 ;
    %jmp T_78;
    .thread T_78;
    .scope S_0x55e6d95094e0;
T_79 ;
    %wait E_0x55e6d92b89c0;
    %load/vec4 v0x55e6d96c04c0_0;
    %nor/r;
    %flag_set/vec4 8;
    %jmp/0xz  T_79.0, 8;
    %pushi/vec4 0, 0, 1;
    %ix/load 5, 0, 0;
    %ix/load 4, 4, 0;
    %flag_set/imm 4, 0;
    %assign/vec4/off/d v0x55e6d92a47b0_0, 4, 5;
    %jmp T_79.1;
T_79.0 ;
    %load/vec4 v0x55e6d961d760_0;
    %flag_set/vec4 8;
    %jmp/0xz  T_79.2, 8;
    %load/vec4 v0x55e6d9657350_0;
    %parti/s 1, 4, 4;
    %ix/load 5, 0, 0;
    %ix/load 4, 4, 0;
    %flag_set/imm 4, 0;
    %assign/vec4/off/d v0x55e6d92a47b0_0, 4, 5;
T_79.2 ;
T_79.1 ;
    %jmp T_79;
    .thread T_79;
    .scope S_0x55e6d95094e0;
T_80 ;
    %wait E_0x55e6d92b89c0;
    %load/vec4 v0x55e6d96c04c0_0;
    %nor/r;
    %flag_set/vec4 8;
    %jmp/0xz  T_80.0, 8;
    %pushi/vec4 0, 0, 1;
    %ix/load 5, 0, 0;
    %ix/load 4, 5, 0;
    %flag_set/imm 4, 0;
    %assign/vec4/off/d v0x55e6d92a47b0_0, 4, 5;
    %jmp T_80.1;
T_80.0 ;
    %load/vec4 v0x55e6d961d760_0;
    %flag_set/vec4 8;
    %jmp/0xz  T_80.2, 8;
    %load/vec4 v0x55e6d9657350_0;
    %parti/s 1, 5, 4;
    %ix/load 5, 0, 0;
    %ix/load 4, 5, 0;
    %flag_set/imm 4, 0;
    %assign/vec4/off/d v0x55e6d92a47b0_0, 4, 5;
T_80.2 ;
T_80.1 ;
    %jmp T_80;
    .thread T_80;
    .scope S_0x55e6d95094e0;
T_81 ;
    %wait E_0x55e6d92b89c0;
    %load/vec4 v0x55e6d96c04c0_0;
    %nor/r;
    %flag_set/vec4 8;
    %jmp/0xz  T_81.0, 8;
    %pushi/vec4 0, 0, 1;
    %ix/load 5, 0, 0;
    %ix/load 4, 6, 0;
    %flag_set/imm 4, 0;
    %assign/vec4/off/d v0x55e6d92a47b0_0, 4, 5;
    %jmp T_81.1;
T_81.0 ;
    %load/vec4 v0x55e6d961d760_0;
    %flag_set/vec4 8;
    %jmp/0xz  T_81.2, 8;
    %load/vec4 v0x55e6d9657350_0;
    %parti/s 1, 6, 4;
    %ix/load 5, 0, 0;
    %ix/load 4, 6, 0;
    %flag_set/imm 4, 0;
    %assign/vec4/off/d v0x55e6d92a47b0_0, 4, 5;
T_81.2 ;
T_81.1 ;
    %jmp T_81;
    .thread T_81;
    .scope S_0x55e6d95094e0;
T_82 ;
    %wait E_0x55e6d92b89c0;
    %load/vec4 v0x55e6d96c04c0_0;
    %nor/r;
    %flag_set/vec4 8;
    %jmp/0xz  T_82.0, 8;
    %pushi/vec4 0, 0, 1;
    %ix/load 5, 0, 0;
    %ix/load 4, 7, 0;
    %flag_set/imm 4, 0;
    %assign/vec4/off/d v0x55e6d92a47b0_0, 4, 5;
    %jmp T_82.1;
T_82.0 ;
    %load/vec4 v0x55e6d961d760_0;
    %flag_set/vec4 8;
    %jmp/0xz  T_82.2, 8;
    %load/vec4 v0x55e6d9657350_0;
    %parti/s 1, 7, 4;
    %ix/load 5, 0, 0;
    %ix/load 4, 7, 0;
    %flag_set/imm 4, 0;
    %assign/vec4/off/d v0x55e6d92a47b0_0, 4, 5;
T_82.2 ;
T_82.1 ;
    %jmp T_82;
    .thread T_82;
    .scope S_0x55e6d95094e0;
T_83 ;
    %wait E_0x55e6d92b89c0;
    %load/vec4 v0x55e6d96c04c0_0;
    %nor/r;
    %flag_set/vec4 8;
    %jmp/0xz  T_83.0, 8;
    %pushi/vec4 1, 0, 1;
    %ix/load 5, 0, 0;
    %ix/load 4, 0, 0;
    %flag_set/imm 4, 0;
    %assign/vec4/off/d v0x55e6d964e140_0, 4, 5;
    %jmp T_83.1;
T_83.0 ;
    %load/vec4 v0x55e6d961e510_0;
    %flag_set/vec4 8;
    %jmp/0xz  T_83.2, 8;
    %load/vec4 v0x55e6d9657350_0;
    %parti/s 1, 0, 2;
    %ix/load 5, 0, 0;
    %ix/load 4, 0, 0;
    %flag_set/imm 4, 0;
    %assign/vec4/off/d v0x55e6d964e140_0, 4, 5;
T_83.2 ;
T_83.1 ;
    %jmp T_83;
    .thread T_83;
    .scope S_0x55e6d95094e0;
T_84 ;
    %wait E_0x55e6d92b89c0;
    %load/vec4 v0x55e6d96c04c0_0;
    %nor/r;
    %flag_set/vec4 8;
    %jmp/0xz  T_84.0, 8;
    %pushi/vec4 0, 0, 1;
    %ix/load 5, 0, 0;
    %ix/load 4, 1, 0;
    %flag_set/imm 4, 0;
    %assign/vec4/off/d v0x55e6d964e140_0, 4, 5;
    %jmp T_84.1;
T_84.0 ;
    %load/vec4 v0x55e6d961e510_0;
    %flag_set/vec4 8;
    %jmp/0xz  T_84.2, 8;
    %load/vec4 v0x55e6d9657350_0;
    %parti/s 1, 1, 2;
    %ix/load 5, 0, 0;
    %ix/load 4, 1, 0;
    %flag_set/imm 4, 0;
    %assign/vec4/off/d v0x55e6d964e140_0, 4, 5;
T_84.2 ;
T_84.1 ;
    %jmp T_84;
    .thread T_84;
    .scope S_0x55e6d95094e0;
T_85 ;
    %wait E_0x55e6d92b89c0;
    %load/vec4 v0x55e6d96c04c0_0;
    %nor/r;
    %flag_set/vec4 8;
    %jmp/0xz  T_85.0, 8;
    %pushi/vec4 1, 0, 1;
    %ix/load 5, 0, 0;
    %ix/load 4, 2, 0;
    %flag_set/imm 4, 0;
    %assign/vec4/off/d v0x55e6d964e140_0, 4, 5;
    %jmp T_85.1;
T_85.0 ;
    %load/vec4 v0x55e6d961e510_0;
    %flag_set/vec4 8;
    %jmp/0xz  T_85.2, 8;
    %load/vec4 v0x55e6d9657350_0;
    %parti/s 1, 2, 3;
    %ix/load 5, 0, 0;
    %ix/load 4, 2, 0;
    %flag_set/imm 4, 0;
    %assign/vec4/off/d v0x55e6d964e140_0, 4, 5;
T_85.2 ;
T_85.1 ;
    %jmp T_85;
    .thread T_85;
    .scope S_0x55e6d95094e0;
T_86 ;
    %wait E_0x55e6d92b89c0;
    %load/vec4 v0x55e6d96c04c0_0;
    %nor/r;
    %flag_set/vec4 8;
    %jmp/0xz  T_86.0, 8;
    %pushi/vec4 1, 0, 1;
    %ix/load 5, 0, 0;
    %ix/load 4, 3, 0;
    %flag_set/imm 4, 0;
    %assign/vec4/off/d v0x55e6d964e140_0, 4, 5;
    %jmp T_86.1;
T_86.0 ;
    %load/vec4 v0x55e6d961e510_0;
    %flag_set/vec4 8;
    %jmp/0xz  T_86.2, 8;
    %load/vec4 v0x55e6d9657350_0;
    %parti/s 1, 3, 3;
    %ix/load 5, 0, 0;
    %ix/load 4, 3, 0;
    %flag_set/imm 4, 0;
    %assign/vec4/off/d v0x55e6d964e140_0, 4, 5;
T_86.2 ;
T_86.1 ;
    %jmp T_86;
    .thread T_86;
    .scope S_0x55e6d95094e0;
T_87 ;
    %wait E_0x55e6d92b89c0;
    %load/vec4 v0x55e6d96c04c0_0;
    %nor/r;
    %flag_set/vec4 8;
    %jmp/0xz  T_87.0, 8;
    %pushi/vec4 0, 0, 1;
    %ix/load 5, 0, 0;
    %ix/load 4, 4, 0;
    %flag_set/imm 4, 0;
    %assign/vec4/off/d v0x55e6d964e140_0, 4, 5;
    %jmp T_87.1;
T_87.0 ;
    %load/vec4 v0x55e6d961e510_0;
    %flag_set/vec4 8;
    %jmp/0xz  T_87.2, 8;
    %load/vec4 v0x55e6d9657350_0;
    %parti/s 1, 4, 4;
    %ix/load 5, 0, 0;
    %ix/load 4, 4, 0;
    %flag_set/imm 4, 0;
    %assign/vec4/off/d v0x55e6d964e140_0, 4, 5;
T_87.2 ;
T_87.1 ;
    %jmp T_87;
    .thread T_87;
    .scope S_0x55e6d95094e0;
T_88 ;
    %wait E_0x55e6d92b89c0;
    %load/vec4 v0x55e6d96c04c0_0;
    %nor/r;
    %flag_set/vec4 8;
    %jmp/0xz  T_88.0, 8;
    %pushi/vec4 0, 0, 1;
    %ix/load 5, 0, 0;
    %ix/load 4, 5, 0;
    %flag_set/imm 4, 0;
    %assign/vec4/off/d v0x55e6d964e140_0, 4, 5;
    %jmp T_88.1;
T_88.0 ;
    %load/vec4 v0x55e6d961e510_0;
    %flag_set/vec4 8;
    %jmp/0xz  T_88.2, 8;
    %load/vec4 v0x55e6d9657350_0;
    %parti/s 1, 5, 4;
    %ix/load 5, 0, 0;
    %ix/load 4, 5, 0;
    %flag_set/imm 4, 0;
    %assign/vec4/off/d v0x55e6d964e140_0, 4, 5;
T_88.2 ;
T_88.1 ;
    %jmp T_88;
    .thread T_88;
    .scope S_0x55e6d95094e0;
T_89 ;
    %wait E_0x55e6d92b89c0;
    %load/vec4 v0x55e6d96c04c0_0;
    %nor/r;
    %flag_set/vec4 8;
    %jmp/0xz  T_89.0, 8;
    %pushi/vec4 0, 0, 1;
    %ix/load 5, 0, 0;
    %ix/load 4, 6, 0;
    %flag_set/imm 4, 0;
    %assign/vec4/off/d v0x55e6d964e140_0, 4, 5;
    %jmp T_89.1;
T_89.0 ;
    %load/vec4 v0x55e6d961e510_0;
    %flag_set/vec4 8;
    %jmp/0xz  T_89.2, 8;
    %load/vec4 v0x55e6d9657350_0;
    %parti/s 1, 6, 4;
    %ix/load 5, 0, 0;
    %ix/load 4, 6, 0;
    %flag_set/imm 4, 0;
    %assign/vec4/off/d v0x55e6d964e140_0, 4, 5;
T_89.2 ;
T_89.1 ;
    %jmp T_89;
    .thread T_89;
    .scope S_0x55e6d95094e0;
T_90 ;
    %wait E_0x55e6d92b89c0;
    %load/vec4 v0x55e6d96c04c0_0;
    %nor/r;
    %flag_set/vec4 8;
    %jmp/0xz  T_90.0, 8;
    %pushi/vec4 0, 0, 1;
    %ix/load 5, 0, 0;
    %ix/load 4, 7, 0;
    %flag_set/imm 4, 0;
    %assign/vec4/off/d v0x55e6d964e140_0, 4, 5;
    %jmp T_90.1;
T_90.0 ;
    %load/vec4 v0x55e6d961e510_0;
    %flag_set/vec4 8;
    %jmp/0xz  T_90.2, 8;
    %load/vec4 v0x55e6d9657350_0;
    %parti/s 1, 7, 4;
    %ix/load 5, 0, 0;
    %ix/load 4, 7, 0;
    %flag_set/imm 4, 0;
    %assign/vec4/off/d v0x55e6d964e140_0, 4, 5;
T_90.2 ;
T_90.1 ;
    %jmp T_90;
    .thread T_90;
    .scope S_0x55e6d95094e0;
T_91 ;
    %wait E_0x55e6d92b89c0;
    %load/vec4 v0x55e6d96c04c0_0;
    %nor/r;
    %flag_set/vec4 8;
    %jmp/0xz  T_91.0, 8;
    %pushi/vec4 0, 0, 1;
    %assign/vec4 v0x55e6d965ee80_0, 0;
    %jmp T_91.1;
T_91.0 ;
    %load/vec4 v0x55e6d962cdc0_0;
    %flag_set/vec4 8;
    %jmp/0xz  T_91.2, 8;
    %load/vec4 v0x55e6d965fc30_0;
    %assign/vec4 v0x55e6d965ee80_0, 0;
T_91.2 ;
T_91.1 ;
    %jmp T_91;
    .thread T_91;
    .scope S_0x55e6d95094e0;
T_92 ;
    %wait E_0x55e6d92b89c0;
    %load/vec4 v0x55e6d96c04c0_0;
    %nor/r;
    %flag_set/vec4 8;
    %jmp/0xz  T_92.0, 8;
    %pushi/vec4 0, 0, 1;
    %ix/load 5, 0, 0;
    %ix/load 4, 0, 0;
    %flag_set/imm 4, 0;
    %assign/vec4/off/d v0x55e6d964e0a0_0, 4, 5;
    %jmp T_92.1;
T_92.0 ;
    %load/vec4 v0x55e6d961f2c0_0;
    %flag_set/vec4 8;
    %jmp/0xz  T_92.2, 8;
    %load/vec4 v0x55e6d9657350_0;
    %parti/s 1, 0, 2;
    %ix/load 5, 0, 0;
    %ix/load 4, 0, 0;
    %flag_set/imm 4, 0;
    %assign/vec4/off/d v0x55e6d964e0a0_0, 4, 5;
T_92.2 ;
T_92.1 ;
    %jmp T_92;
    .thread T_92;
    .scope S_0x55e6d95094e0;
T_93 ;
    %wait E_0x55e6d92b89c0;
    %load/vec4 v0x55e6d96c04c0_0;
    %nor/r;
    %flag_set/vec4 8;
    %jmp/0xz  T_93.0, 8;
    %pushi/vec4 0, 0, 1;
    %ix/load 5, 0, 0;
    %ix/load 4, 1, 0;
    %flag_set/imm 4, 0;
    %assign/vec4/off/d v0x55e6d964e0a0_0, 4, 5;
    %jmp T_93.1;
T_93.0 ;
    %load/vec4 v0x55e6d961f2c0_0;
    %flag_set/vec4 8;
    %jmp/0xz  T_93.2, 8;
    %load/vec4 v0x55e6d9657350_0;
    %parti/s 1, 1, 2;
    %ix/load 5, 0, 0;
    %ix/load 4, 1, 0;
    %flag_set/imm 4, 0;
    %assign/vec4/off/d v0x55e6d964e0a0_0, 4, 5;
T_93.2 ;
T_93.1 ;
    %jmp T_93;
    .thread T_93;
    .scope S_0x55e6d95094e0;
T_94 ;
    %wait E_0x55e6d92b89c0;
    %load/vec4 v0x55e6d96c04c0_0;
    %nor/r;
    %flag_set/vec4 8;
    %jmp/0xz  T_94.0, 8;
    %pushi/vec4 1, 0, 1;
    %ix/load 5, 0, 0;
    %ix/load 4, 2, 0;
    %flag_set/imm 4, 0;
    %assign/vec4/off/d v0x55e6d964e0a0_0, 4, 5;
    %jmp T_94.1;
T_94.0 ;
    %load/vec4 v0x55e6d961f2c0_0;
    %flag_set/vec4 8;
    %jmp/0xz  T_94.2, 8;
    %load/vec4 v0x55e6d9657350_0;
    %parti/s 1, 2, 3;
    %ix/load 5, 0, 0;
    %ix/load 4, 2, 0;
    %flag_set/imm 4, 0;
    %assign/vec4/off/d v0x55e6d964e0a0_0, 4, 5;
T_94.2 ;
T_94.1 ;
    %jmp T_94;
    .thread T_94;
    .scope S_0x55e6d95094e0;
T_95 ;
    %wait E_0x55e6d92b89c0;
    %load/vec4 v0x55e6d96c04c0_0;
    %nor/r;
    %flag_set/vec4 8;
    %jmp/0xz  T_95.0, 8;
    %pushi/vec4 1, 0, 1;
    %ix/load 5, 0, 0;
    %ix/load 4, 3, 0;
    %flag_set/imm 4, 0;
    %assign/vec4/off/d v0x55e6d964e0a0_0, 4, 5;
    %jmp T_95.1;
T_95.0 ;
    %load/vec4 v0x55e6d961f2c0_0;
    %flag_set/vec4 8;
    %jmp/0xz  T_95.2, 8;
    %load/vec4 v0x55e6d9657350_0;
    %parti/s 1, 3, 3;
    %ix/load 5, 0, 0;
    %ix/load 4, 3, 0;
    %flag_set/imm 4, 0;
    %assign/vec4/off/d v0x55e6d964e0a0_0, 4, 5;
T_95.2 ;
T_95.1 ;
    %jmp T_95;
    .thread T_95;
    .scope S_0x55e6d95094e0;
T_96 ;
    %wait E_0x55e6d92b89c0;
    %load/vec4 v0x55e6d96c04c0_0;
    %nor/r;
    %flag_set/vec4 8;
    %jmp/0xz  T_96.0, 8;
    %pushi/vec4 0, 0, 1;
    %ix/load 5, 0, 0;
    %ix/load 4, 4, 0;
    %flag_set/imm 4, 0;
    %assign/vec4/off/d v0x55e6d964e0a0_0, 4, 5;
    %jmp T_96.1;
T_96.0 ;
    %load/vec4 v0x55e6d961f2c0_0;
    %flag_set/vec4 8;
    %jmp/0xz  T_96.2, 8;
    %load/vec4 v0x55e6d9657350_0;
    %parti/s 1, 4, 4;
    %ix/load 5, 0, 0;
    %ix/load 4, 4, 0;
    %flag_set/imm 4, 0;
    %assign/vec4/off/d v0x55e6d964e0a0_0, 4, 5;
T_96.2 ;
T_96.1 ;
    %jmp T_96;
    .thread T_96;
    .scope S_0x55e6d95094e0;
T_97 ;
    %wait E_0x55e6d92b89c0;
    %load/vec4 v0x55e6d96c04c0_0;
    %nor/r;
    %flag_set/vec4 8;
    %jmp/0xz  T_97.0, 8;
    %pushi/vec4 0, 0, 1;
    %ix/load 5, 0, 0;
    %ix/load 4, 5, 0;
    %flag_set/imm 4, 0;
    %assign/vec4/off/d v0x55e6d964e0a0_0, 4, 5;
    %jmp T_97.1;
T_97.0 ;
    %load/vec4 v0x55e6d961f2c0_0;
    %flag_set/vec4 8;
    %jmp/0xz  T_97.2, 8;
    %load/vec4 v0x55e6d9657350_0;
    %parti/s 1, 5, 4;
    %ix/load 5, 0, 0;
    %ix/load 4, 5, 0;
    %flag_set/imm 4, 0;
    %assign/vec4/off/d v0x55e6d964e0a0_0, 4, 5;
T_97.2 ;
T_97.1 ;
    %jmp T_97;
    .thread T_97;
    .scope S_0x55e6d95094e0;
T_98 ;
    %wait E_0x55e6d92b89c0;
    %load/vec4 v0x55e6d96c04c0_0;
    %nor/r;
    %flag_set/vec4 8;
    %jmp/0xz  T_98.0, 8;
    %pushi/vec4 0, 0, 1;
    %ix/load 5, 0, 0;
    %ix/load 4, 6, 0;
    %flag_set/imm 4, 0;
    %assign/vec4/off/d v0x55e6d964e0a0_0, 4, 5;
    %jmp T_98.1;
T_98.0 ;
    %load/vec4 v0x55e6d961f2c0_0;
    %flag_set/vec4 8;
    %jmp/0xz  T_98.2, 8;
    %load/vec4 v0x55e6d9657350_0;
    %parti/s 1, 6, 4;
    %ix/load 5, 0, 0;
    %ix/load 4, 6, 0;
    %flag_set/imm 4, 0;
    %assign/vec4/off/d v0x55e6d964e0a0_0, 4, 5;
T_98.2 ;
T_98.1 ;
    %jmp T_98;
    .thread T_98;
    .scope S_0x55e6d95094e0;
T_99 ;
    %wait E_0x55e6d92b89c0;
    %load/vec4 v0x55e6d96c04c0_0;
    %nor/r;
    %flag_set/vec4 8;
    %jmp/0xz  T_99.0, 8;
    %pushi/vec4 0, 0, 1;
    %ix/load 5, 0, 0;
    %ix/load 4, 7, 0;
    %flag_set/imm 4, 0;
    %assign/vec4/off/d v0x55e6d964e0a0_0, 4, 5;
    %jmp T_99.1;
T_99.0 ;
    %load/vec4 v0x55e6d961f2c0_0;
    %flag_set/vec4 8;
    %jmp/0xz  T_99.2, 8;
    %load/vec4 v0x55e6d9657350_0;
    %parti/s 1, 7, 4;
    %ix/load 5, 0, 0;
    %ix/load 4, 7, 0;
    %flag_set/imm 4, 0;
    %assign/vec4/off/d v0x55e6d964e0a0_0, 4, 5;
T_99.2 ;
T_99.1 ;
    %jmp T_99;
    .thread T_99;
    .scope S_0x55e6d95094e0;
T_100 ;
    %wait E_0x55e6d92b89c0;
    %load/vec4 v0x55e6d96c04c0_0;
    %nor/r;
    %flag_set/vec4 8;
    %jmp/0xz  T_100.0, 8;
    %pushi/vec4 0, 0, 1;
    %ix/load 5, 0, 0;
    %ix/load 4, 0, 0;
    %flag_set/imm 4, 0;
    %assign/vec4/off/d v0x55e6d9658100_0, 4, 5;
    %jmp T_100.1;
T_100.0 ;
    %load/vec4 v0x55e6d9627ba0_0;
    %flag_set/vec4 8;
    %jmp/0xz  T_100.2, 8;
    %load/vec4 v0x55e6d96942b0_0;
    %parti/s 1, 1, 2;
    %ix/load 5, 0, 0;
    %ix/load 4, 0, 0;
    %flag_set/imm 4, 0;
    %assign/vec4/off/d v0x55e6d9658100_0, 4, 5;
T_100.2 ;
T_100.1 ;
    %jmp T_100;
    .thread T_100;
    .scope S_0x55e6d95094e0;
T_101 ;
    %wait E_0x55e6d92b89c0;
    %load/vec4 v0x55e6d96c04c0_0;
    %nor/r;
    %flag_set/vec4 8;
    %jmp/0xz  T_101.0, 8;
    %pushi/vec4 0, 0, 1;
    %ix/load 5, 0, 0;
    %ix/load 4, 1, 0;
    %flag_set/imm 4, 0;
    %assign/vec4/off/d v0x55e6d9658100_0, 4, 5;
    %jmp T_101.1;
T_101.0 ;
    %load/vec4 v0x55e6d9627ba0_0;
    %flag_set/vec4 8;
    %jmp/0xz  T_101.2, 8;
    %load/vec4 v0x55e6d95b8510_0;
    %parti/s 1, 1, 2;
    %ix/load 5, 0, 0;
    %ix/load 4, 1, 0;
    %flag_set/imm 4, 0;
    %assign/vec4/off/d v0x55e6d9658100_0, 4, 5;
T_101.2 ;
T_101.1 ;
    %jmp T_101;
    .thread T_101;
    .scope S_0x55e6d95094e0;
T_102 ;
    %wait E_0x55e6d92b89c0;
    %load/vec4 v0x55e6d96c04c0_0;
    %nor/r;
    %flag_set/vec4 8;
    %jmp/0xz  T_102.0, 8;
    %pushi/vec4 0, 0, 1;
    %ix/load 5, 0, 0;
    %ix/load 4, 2, 0;
    %flag_set/imm 4, 0;
    %assign/vec4/off/d v0x55e6d9658100_0, 4, 5;
    %jmp T_102.1;
T_102.0 ;
    %load/vec4 v0x55e6d9627ba0_0;
    %flag_set/vec4 8;
    %jmp/0xz  T_102.2, 8;
    %load/vec4 v0x55e6d95b8510_0;
    %parti/s 1, 2, 3;
    %ix/load 5, 0, 0;
    %ix/load 4, 2, 0;
    %flag_set/imm 4, 0;
    %assign/vec4/off/d v0x55e6d9658100_0, 4, 5;
T_102.2 ;
T_102.1 ;
    %jmp T_102;
    .thread T_102;
    .scope S_0x55e6d95094e0;
T_103 ;
    %wait E_0x55e6d92b89c0;
    %load/vec4 v0x55e6d96c04c0_0;
    %nor/r;
    %flag_set/vec4 8;
    %jmp/0xz  T_103.0, 8;
    %pushi/vec4 0, 0, 1;
    %ix/load 5, 0, 0;
    %ix/load 4, 3, 0;
    %flag_set/imm 4, 0;
    %assign/vec4/off/d v0x55e6d9658100_0, 4, 5;
    %jmp T_103.1;
T_103.0 ;
    %load/vec4 v0x55e6d9627ba0_0;
    %flag_set/vec4 8;
    %jmp/0xz  T_103.2, 8;
    %load/vec4 v0x55e6d95b8510_0;
    %parti/s 1, 3, 3;
    %ix/load 5, 0, 0;
    %ix/load 4, 3, 0;
    %flag_set/imm 4, 0;
    %assign/vec4/off/d v0x55e6d9658100_0, 4, 5;
T_103.2 ;
T_103.1 ;
    %jmp T_103;
    .thread T_103;
    .scope S_0x55e6d95094e0;
T_104 ;
    %wait E_0x55e6d92b89c0;
    %load/vec4 v0x55e6d96c04c0_0;
    %nor/r;
    %flag_set/vec4 8;
    %jmp/0xz  T_104.0, 8;
    %pushi/vec4 0, 0, 1;
    %ix/load 5, 0, 0;
    %ix/load 4, 4, 0;
    %flag_set/imm 4, 0;
    %assign/vec4/off/d v0x55e6d9658100_0, 4, 5;
    %jmp T_104.1;
T_104.0 ;
    %load/vec4 v0x55e6d9627ba0_0;
    %flag_set/vec4 8;
    %jmp/0xz  T_104.2, 8;
    %load/vec4 v0x55e6d95b8510_0;
    %parti/s 1, 4, 4;
    %ix/load 5, 0, 0;
    %ix/load 4, 4, 0;
    %flag_set/imm 4, 0;
    %assign/vec4/off/d v0x55e6d9658100_0, 4, 5;
T_104.2 ;
T_104.1 ;
    %jmp T_104;
    .thread T_104;
    .scope S_0x55e6d95094e0;
T_105 ;
    %wait E_0x55e6d92b89c0;
    %load/vec4 v0x55e6d96c04c0_0;
    %nor/r;
    %flag_set/vec4 8;
    %jmp/0xz  T_105.0, 8;
    %pushi/vec4 0, 0, 1;
    %ix/load 5, 0, 0;
    %ix/load 4, 5, 0;
    %flag_set/imm 4, 0;
    %assign/vec4/off/d v0x55e6d9658100_0, 4, 5;
    %jmp T_105.1;
T_105.0 ;
    %load/vec4 v0x55e6d9627ba0_0;
    %flag_set/vec4 8;
    %jmp/0xz  T_105.2, 8;
    %load/vec4 v0x55e6d95b8510_0;
    %parti/s 1, 5, 4;
    %ix/load 5, 0, 0;
    %ix/load 4, 5, 0;
    %flag_set/imm 4, 0;
    %assign/vec4/off/d v0x55e6d9658100_0, 4, 5;
T_105.2 ;
T_105.1 ;
    %jmp T_105;
    .thread T_105;
    .scope S_0x55e6d95094e0;
T_106 ;
    %wait E_0x55e6d92b89c0;
    %load/vec4 v0x55e6d96c04c0_0;
    %nor/r;
    %flag_set/vec4 8;
    %jmp/0xz  T_106.0, 8;
    %pushi/vec4 0, 0, 1;
    %ix/load 5, 0, 0;
    %ix/load 4, 6, 0;
    %flag_set/imm 4, 0;
    %assign/vec4/off/d v0x55e6d9658100_0, 4, 5;
    %jmp T_106.1;
T_106.0 ;
    %load/vec4 v0x55e6d9627ba0_0;
    %flag_set/vec4 8;
    %jmp/0xz  T_106.2, 8;
    %load/vec4 v0x55e6d95b8510_0;
    %parti/s 1, 6, 4;
    %ix/load 5, 0, 0;
    %ix/load 4, 6, 0;
    %flag_set/imm 4, 0;
    %assign/vec4/off/d v0x55e6d9658100_0, 4, 5;
T_106.2 ;
T_106.1 ;
    %jmp T_106;
    .thread T_106;
    .scope S_0x55e6d95094e0;
T_107 ;
    %wait E_0x55e6d92b89c0;
    %load/vec4 v0x55e6d96c04c0_0;
    %nor/r;
    %flag_set/vec4 8;
    %jmp/0xz  T_107.0, 8;
    %pushi/vec4 0, 0, 1;
    %ix/load 5, 0, 0;
    %ix/load 4, 7, 0;
    %flag_set/imm 4, 0;
    %assign/vec4/off/d v0x55e6d9658100_0, 4, 5;
    %jmp T_107.1;
T_107.0 ;
    %load/vec4 v0x55e6d9627ba0_0;
    %flag_set/vec4 8;
    %jmp/0xz  T_107.2, 8;
    %load/vec4 v0x55e6d95b8510_0;
    %parti/s 1, 7, 4;
    %ix/load 5, 0, 0;
    %ix/load 4, 7, 0;
    %flag_set/imm 4, 0;
    %assign/vec4/off/d v0x55e6d9658100_0, 4, 5;
T_107.2 ;
T_107.1 ;
    %jmp T_107;
    .thread T_107;
    .scope S_0x55e6d95094e0;
T_108 ;
    %wait E_0x55e6d92b89c0;
    %load/vec4 v0x55e6d96c04c0_0;
    %nor/r;
    %flag_set/vec4 8;
    %jmp/0xz  T_108.0, 8;
    %pushi/vec4 1, 0, 1;
    %ix/load 5, 0, 0;
    %ix/load 4, 0, 0;
    %flag_set/imm 4, 0;
    %assign/vec4/off/d v0x55e6d964ee50_0, 4, 5;
    %jmp T_108.1;
T_108.0 ;
    %load/vec4 v0x55e6d9620070_0;
    %flag_set/vec4 8;
    %jmp/0xz  T_108.2, 8;
    %load/vec4 v0x55e6d9657350_0;
    %parti/s 1, 0, 2;
    %ix/load 5, 0, 0;
    %ix/load 4, 0, 0;
    %flag_set/imm 4, 0;
    %assign/vec4/off/d v0x55e6d964ee50_0, 4, 5;
T_108.2 ;
T_108.1 ;
    %jmp T_108;
    .thread T_108;
    .scope S_0x55e6d95094e0;
T_109 ;
    %wait E_0x55e6d92b89c0;
    %load/vec4 v0x55e6d96c04c0_0;
    %nor/r;
    %flag_set/vec4 8;
    %jmp/0xz  T_109.0, 8;
    %pushi/vec4 1, 0, 1;
    %ix/load 5, 0, 0;
    %ix/load 4, 1, 0;
    %flag_set/imm 4, 0;
    %assign/vec4/off/d v0x55e6d964ee50_0, 4, 5;
    %jmp T_109.1;
T_109.0 ;
    %load/vec4 v0x55e6d9620070_0;
    %flag_set/vec4 8;
    %jmp/0xz  T_109.2, 8;
    %load/vec4 v0x55e6d9657350_0;
    %parti/s 1, 1, 2;
    %ix/load 5, 0, 0;
    %ix/load 4, 1, 0;
    %flag_set/imm 4, 0;
    %assign/vec4/off/d v0x55e6d964ee50_0, 4, 5;
T_109.2 ;
T_109.1 ;
    %jmp T_109;
    .thread T_109;
    .scope S_0x55e6d95094e0;
T_110 ;
    %wait E_0x55e6d92b89c0;
    %load/vec4 v0x55e6d96c04c0_0;
    %nor/r;
    %flag_set/vec4 8;
    %jmp/0xz  T_110.0, 8;
    %pushi/vec4 0, 0, 1;
    %ix/load 5, 0, 0;
    %ix/load 4, 2, 0;
    %flag_set/imm 4, 0;
    %assign/vec4/off/d v0x55e6d964ee50_0, 4, 5;
    %jmp T_110.1;
T_110.0 ;
    %load/vec4 v0x55e6d9620070_0;
    %flag_set/vec4 8;
    %jmp/0xz  T_110.2, 8;
    %load/vec4 v0x55e6d9657350_0;
    %parti/s 1, 2, 3;
    %ix/load 5, 0, 0;
    %ix/load 4, 2, 0;
    %flag_set/imm 4, 0;
    %assign/vec4/off/d v0x55e6d964ee50_0, 4, 5;
T_110.2 ;
T_110.1 ;
    %jmp T_110;
    .thread T_110;
    .scope S_0x55e6d95094e0;
T_111 ;
    %wait E_0x55e6d92b89c0;
    %load/vec4 v0x55e6d96c04c0_0;
    %nor/r;
    %flag_set/vec4 8;
    %jmp/0xz  T_111.0, 8;
    %pushi/vec4 1, 0, 1;
    %ix/load 5, 0, 0;
    %ix/load 4, 3, 0;
    %flag_set/imm 4, 0;
    %assign/vec4/off/d v0x55e6d964ee50_0, 4, 5;
    %jmp T_111.1;
T_111.0 ;
    %load/vec4 v0x55e6d9620070_0;
    %flag_set/vec4 8;
    %jmp/0xz  T_111.2, 8;
    %load/vec4 v0x55e6d9657350_0;
    %parti/s 1, 3, 3;
    %ix/load 5, 0, 0;
    %ix/load 4, 3, 0;
    %flag_set/imm 4, 0;
    %assign/vec4/off/d v0x55e6d964ee50_0, 4, 5;
T_111.2 ;
T_111.1 ;
    %jmp T_111;
    .thread T_111;
    .scope S_0x55e6d95094e0;
T_112 ;
    %wait E_0x55e6d92b89c0;
    %load/vec4 v0x55e6d96c04c0_0;
    %nor/r;
    %flag_set/vec4 8;
    %jmp/0xz  T_112.0, 8;
    %pushi/vec4 0, 0, 1;
    %ix/load 5, 0, 0;
    %ix/load 4, 4, 0;
    %flag_set/imm 4, 0;
    %assign/vec4/off/d v0x55e6d964ee50_0, 4, 5;
    %jmp T_112.1;
T_112.0 ;
    %load/vec4 v0x55e6d9620070_0;
    %flag_set/vec4 8;
    %jmp/0xz  T_112.2, 8;
    %load/vec4 v0x55e6d9657350_0;
    %parti/s 1, 4, 4;
    %ix/load 5, 0, 0;
    %ix/load 4, 4, 0;
    %flag_set/imm 4, 0;
    %assign/vec4/off/d v0x55e6d964ee50_0, 4, 5;
T_112.2 ;
T_112.1 ;
    %jmp T_112;
    .thread T_112;
    .scope S_0x55e6d95094e0;
T_113 ;
    %wait E_0x55e6d92b89c0;
    %load/vec4 v0x55e6d96c04c0_0;
    %nor/r;
    %flag_set/vec4 8;
    %jmp/0xz  T_113.0, 8;
    %pushi/vec4 0, 0, 1;
    %ix/load 5, 0, 0;
    %ix/load 4, 5, 0;
    %flag_set/imm 4, 0;
    %assign/vec4/off/d v0x55e6d964ee50_0, 4, 5;
    %jmp T_113.1;
T_113.0 ;
    %load/vec4 v0x55e6d9620070_0;
    %flag_set/vec4 8;
    %jmp/0xz  T_113.2, 8;
    %load/vec4 v0x55e6d9657350_0;
    %parti/s 1, 5, 4;
    %ix/load 5, 0, 0;
    %ix/load 4, 5, 0;
    %flag_set/imm 4, 0;
    %assign/vec4/off/d v0x55e6d964ee50_0, 4, 5;
T_113.2 ;
T_113.1 ;
    %jmp T_113;
    .thread T_113;
    .scope S_0x55e6d95094e0;
T_114 ;
    %wait E_0x55e6d92b89c0;
    %load/vec4 v0x55e6d96c04c0_0;
    %nor/r;
    %flag_set/vec4 8;
    %jmp/0xz  T_114.0, 8;
    %pushi/vec4 0, 0, 1;
    %ix/load 5, 0, 0;
    %ix/load 4, 6, 0;
    %flag_set/imm 4, 0;
    %assign/vec4/off/d v0x55e6d964ee50_0, 4, 5;
    %jmp T_114.1;
T_114.0 ;
    %load/vec4 v0x55e6d9620070_0;
    %flag_set/vec4 8;
    %jmp/0xz  T_114.2, 8;
    %load/vec4 v0x55e6d9657350_0;
    %parti/s 1, 6, 4;
    %ix/load 5, 0, 0;
    %ix/load 4, 6, 0;
    %flag_set/imm 4, 0;
    %assign/vec4/off/d v0x55e6d964ee50_0, 4, 5;
T_114.2 ;
T_114.1 ;
    %jmp T_114;
    .thread T_114;
    .scope S_0x55e6d95094e0;
T_115 ;
    %wait E_0x55e6d92b89c0;
    %load/vec4 v0x55e6d96c04c0_0;
    %nor/r;
    %flag_set/vec4 8;
    %jmp/0xz  T_115.0, 8;
    %pushi/vec4 0, 0, 1;
    %ix/load 5, 0, 0;
    %ix/load 4, 7, 0;
    %flag_set/imm 4, 0;
    %assign/vec4/off/d v0x55e6d964ee50_0, 4, 5;
    %jmp T_115.1;
T_115.0 ;
    %load/vec4 v0x55e6d9620070_0;
    %flag_set/vec4 8;
    %jmp/0xz  T_115.2, 8;
    %load/vec4 v0x55e6d9657350_0;
    %parti/s 1, 7, 4;
    %ix/load 5, 0, 0;
    %ix/load 4, 7, 0;
    %flag_set/imm 4, 0;
    %assign/vec4/off/d v0x55e6d964ee50_0, 4, 5;
T_115.2 ;
T_115.1 ;
    %jmp T_115;
    .thread T_115;
    .scope S_0x55e6d95094e0;
T_116 ;
    %wait E_0x55e6d92b89c0;
    %load/vec4 v0x55e6d96c04c0_0;
    %nor/r;
    %flag_set/vec4 8;
    %jmp/0xz  T_116.0, 8;
    %pushi/vec4 0, 0, 1;
    %assign/vec4 v0x55e6d964b790_0, 0;
    %jmp T_116.1;
T_116.0 ;
    %load/vec4 v0x55e6d9626040_0;
    %flag_set/vec4 8;
    %jmp/0xz  T_116.2, 8;
    %load/vec4 v0x55e6d96509b0_0;
    %parti/s 1, 7, 4;
    %assign/vec4 v0x55e6d964b790_0, 0;
T_116.2 ;
T_116.1 ;
    %jmp T_116;
    .thread T_116;
    .scope S_0x55e6d95094e0;
T_117 ;
    %wait E_0x55e6d92b89c0;
    %load/vec4 v0x55e6d96c04c0_0;
    %nor/r;
    %flag_set/vec4 8;
    %jmp/0xz  T_117.0, 8;
    %pushi/vec4 0, 0, 1;
    %ix/load 5, 0, 0;
    %ix/load 4, 0, 0;
    %flag_set/imm 4, 0;
    %assign/vec4/off/d v0x55e6d964fc00_0, 4, 5;
    %jmp T_117.1;
T_117.0 ;
    %load/vec4 v0x55e6d9620e20_0;
    %flag_set/vec4 8;
    %jmp/0xz  T_117.2, 8;
    %load/vec4 v0x55e6d9657350_0;
    %parti/s 1, 0, 2;
    %ix/load 5, 0, 0;
    %ix/load 4, 0, 0;
    %flag_set/imm 4, 0;
    %assign/vec4/off/d v0x55e6d964fc00_0, 4, 5;
T_117.2 ;
T_117.1 ;
    %jmp T_117;
    .thread T_117;
    .scope S_0x55e6d95094e0;
T_118 ;
    %wait E_0x55e6d92b89c0;
    %load/vec4 v0x55e6d96c04c0_0;
    %nor/r;
    %flag_set/vec4 8;
    %jmp/0xz  T_118.0, 8;
    %pushi/vec4 1, 0, 1;
    %ix/load 5, 0, 0;
    %ix/load 4, 1, 0;
    %flag_set/imm 4, 0;
    %assign/vec4/off/d v0x55e6d964fc00_0, 4, 5;
    %jmp T_118.1;
T_118.0 ;
    %load/vec4 v0x55e6d9620e20_0;
    %flag_set/vec4 8;
    %jmp/0xz  T_118.2, 8;
    %load/vec4 v0x55e6d9657350_0;
    %parti/s 1, 1, 2;
    %ix/load 5, 0, 0;
    %ix/load 4, 1, 0;
    %flag_set/imm 4, 0;
    %assign/vec4/off/d v0x55e6d964fc00_0, 4, 5;
T_118.2 ;
T_118.1 ;
    %jmp T_118;
    .thread T_118;
    .scope S_0x55e6d95094e0;
T_119 ;
    %wait E_0x55e6d92b89c0;
    %load/vec4 v0x55e6d96c04c0_0;
    %nor/r;
    %flag_set/vec4 8;
    %jmp/0xz  T_119.0, 8;
    %pushi/vec4 0, 0, 1;
    %ix/load 5, 0, 0;
    %ix/load 4, 2, 0;
    %flag_set/imm 4, 0;
    %assign/vec4/off/d v0x55e6d964fc00_0, 4, 5;
    %jmp T_119.1;
T_119.0 ;
    %load/vec4 v0x55e6d9620e20_0;
    %flag_set/vec4 8;
    %jmp/0xz  T_119.2, 8;
    %load/vec4 v0x55e6d9657350_0;
    %parti/s 1, 2, 3;
    %ix/load 5, 0, 0;
    %ix/load 4, 2, 0;
    %flag_set/imm 4, 0;
    %assign/vec4/off/d v0x55e6d964fc00_0, 4, 5;
T_119.2 ;
T_119.1 ;
    %jmp T_119;
    .thread T_119;
    .scope S_0x55e6d95094e0;
T_120 ;
    %wait E_0x55e6d92b89c0;
    %load/vec4 v0x55e6d96c04c0_0;
    %nor/r;
    %flag_set/vec4 8;
    %jmp/0xz  T_120.0, 8;
    %pushi/vec4 1, 0, 1;
    %ix/load 5, 0, 0;
    %ix/load 4, 3, 0;
    %flag_set/imm 4, 0;
    %assign/vec4/off/d v0x55e6d964fc00_0, 4, 5;
    %jmp T_120.1;
T_120.0 ;
    %load/vec4 v0x55e6d9620e20_0;
    %flag_set/vec4 8;
    %jmp/0xz  T_120.2, 8;
    %load/vec4 v0x55e6d9657350_0;
    %parti/s 1, 3, 3;
    %ix/load 5, 0, 0;
    %ix/load 4, 3, 0;
    %flag_set/imm 4, 0;
    %assign/vec4/off/d v0x55e6d964fc00_0, 4, 5;
T_120.2 ;
T_120.1 ;
    %jmp T_120;
    .thread T_120;
    .scope S_0x55e6d95094e0;
T_121 ;
    %wait E_0x55e6d92b89c0;
    %load/vec4 v0x55e6d96c04c0_0;
    %nor/r;
    %flag_set/vec4 8;
    %jmp/0xz  T_121.0, 8;
    %pushi/vec4 0, 0, 1;
    %ix/load 5, 0, 0;
    %ix/load 4, 4, 0;
    %flag_set/imm 4, 0;
    %assign/vec4/off/d v0x55e6d964fc00_0, 4, 5;
    %jmp T_121.1;
T_121.0 ;
    %load/vec4 v0x55e6d9620e20_0;
    %flag_set/vec4 8;
    %jmp/0xz  T_121.2, 8;
    %load/vec4 v0x55e6d9657350_0;
    %parti/s 1, 4, 4;
    %ix/load 5, 0, 0;
    %ix/load 4, 4, 0;
    %flag_set/imm 4, 0;
    %assign/vec4/off/d v0x55e6d964fc00_0, 4, 5;
T_121.2 ;
T_121.1 ;
    %jmp T_121;
    .thread T_121;
    .scope S_0x55e6d95094e0;
T_122 ;
    %wait E_0x55e6d92b89c0;
    %load/vec4 v0x55e6d96c04c0_0;
    %nor/r;
    %flag_set/vec4 8;
    %jmp/0xz  T_122.0, 8;
    %pushi/vec4 0, 0, 1;
    %ix/load 5, 0, 0;
    %ix/load 4, 5, 0;
    %flag_set/imm 4, 0;
    %assign/vec4/off/d v0x55e6d964fc00_0, 4, 5;
    %jmp T_122.1;
T_122.0 ;
    %load/vec4 v0x55e6d9620e20_0;
    %flag_set/vec4 8;
    %jmp/0xz  T_122.2, 8;
    %load/vec4 v0x55e6d9657350_0;
    %parti/s 1, 5, 4;
    %ix/load 5, 0, 0;
    %ix/load 4, 5, 0;
    %flag_set/imm 4, 0;
    %assign/vec4/off/d v0x55e6d964fc00_0, 4, 5;
T_122.2 ;
T_122.1 ;
    %jmp T_122;
    .thread T_122;
    .scope S_0x55e6d95094e0;
T_123 ;
    %wait E_0x55e6d92b89c0;
    %load/vec4 v0x55e6d96c04c0_0;
    %nor/r;
    %flag_set/vec4 8;
    %jmp/0xz  T_123.0, 8;
    %pushi/vec4 0, 0, 1;
    %ix/load 5, 0, 0;
    %ix/load 4, 6, 0;
    %flag_set/imm 4, 0;
    %assign/vec4/off/d v0x55e6d964fc00_0, 4, 5;
    %jmp T_123.1;
T_123.0 ;
    %load/vec4 v0x55e6d9620e20_0;
    %flag_set/vec4 8;
    %jmp/0xz  T_123.2, 8;
    %load/vec4 v0x55e6d9657350_0;
    %parti/s 1, 6, 4;
    %ix/load 5, 0, 0;
    %ix/load 4, 6, 0;
    %flag_set/imm 4, 0;
    %assign/vec4/off/d v0x55e6d964fc00_0, 4, 5;
T_123.2 ;
T_123.1 ;
    %jmp T_123;
    .thread T_123;
    .scope S_0x55e6d95094e0;
T_124 ;
    %wait E_0x55e6d92b89c0;
    %load/vec4 v0x55e6d96c04c0_0;
    %nor/r;
    %flag_set/vec4 8;
    %jmp/0xz  T_124.0, 8;
    %pushi/vec4 0, 0, 1;
    %ix/load 5, 0, 0;
    %ix/load 4, 7, 0;
    %flag_set/imm 4, 0;
    %assign/vec4/off/d v0x55e6d964fc00_0, 4, 5;
    %jmp T_124.1;
T_124.0 ;
    %load/vec4 v0x55e6d9620e20_0;
    %flag_set/vec4 8;
    %jmp/0xz  T_124.2, 8;
    %load/vec4 v0x55e6d9657350_0;
    %parti/s 1, 7, 4;
    %ix/load 5, 0, 0;
    %ix/load 4, 7, 0;
    %flag_set/imm 4, 0;
    %assign/vec4/off/d v0x55e6d964fc00_0, 4, 5;
T_124.2 ;
T_124.1 ;
    %jmp T_124;
    .thread T_124;
    .scope S_0x55e6d95094e0;
T_125 ;
    %wait E_0x55e6d92b89c0;
    %load/vec4 v0x55e6d96c04c0_0;
    %nor/r;
    %flag_set/vec4 8;
    %jmp/0xz  T_125.0, 8;
    %pushi/vec4 0, 0, 1;
    %assign/vec4 v0x55e6d965b7c0_0, 0;
    %jmp T_125.1;
T_125.0 ;
    %load/vec4 v0x55e6d962cdc0_0;
    %flag_set/vec4 8;
    %jmp/0xz  T_125.2, 8;
    %load/vec4 v0x55e6d965c570_0;
    %assign/vec4 v0x55e6d965b7c0_0, 0;
T_125.2 ;
T_125.1 ;
    %jmp T_125;
    .thread T_125;
    .scope S_0x55e6d95094e0;
T_126 ;
    %wait E_0x55e6d92b89c0;
    %load/vec4 v0x55e6d96c04c0_0;
    %nor/r;
    %flag_set/vec4 8;
    %jmp/0xz  T_126.0, 8;
    %pushi/vec4 0, 0, 1;
    %assign/vec4 v0x55e6d96c0340_0, 0;
    %jmp T_126.1;
T_126.0 ;
    %load/vec4 v0x55e6d9621bd0_0;
    %flag_set/vec4 8;
    %jmp/0xz  T_126.2, 8;
    %load/vec4 v0x55e6d9639820_0;
    %parti/s 1, 3, 3;
    %assign/vec4 v0x55e6d96c0340_0, 0;
T_126.2 ;
T_126.1 ;
    %jmp T_126;
    .thread T_126;
    .scope S_0x55e6d95094e0;
T_127 ;
    %wait E_0x55e6d92b89c0;
    %load/vec4 v0x55e6d96c04c0_0;
    %nor/r;
    %flag_set/vec4 8;
    %jmp/0xz  T_127.0, 8;
    %pushi/vec4 0, 0, 1;
    %assign/vec4 v0x55e6d96c0100_0, 0;
    %jmp T_127.1;
T_127.0 ;
    %load/vec4 v0x55e6d9622980_0;
    %flag_set/vec4 8;
    %jmp/0xz  T_127.2, 8;
    %load/vec4 v0x55e6d9639820_0;
    %parti/s 1, 0, 2;
    %assign/vec4 v0x55e6d96c0100_0, 0;
T_127.2 ;
T_127.1 ;
    %jmp T_127;
    .thread T_127;
    .scope S_0x55e6d95094e0;
T_128 ;
    %wait E_0x55e6d92b89c0;
    %load/vec4 v0x55e6d96c04c0_0;
    %nor/r;
    %flag_set/vec4 8;
    %jmp/0xz  T_128.0, 8;
    %pushi/vec4 0, 0, 1;
    %assign/vec4 v0x55e6d96c01c0_0, 0;
    %jmp T_128.1;
T_128.0 ;
    %load/vec4 v0x55e6d9623730_0;
    %flag_set/vec4 8;
    %jmp/0xz  T_128.2, 8;
    %load/vec4 v0x55e6d9639820_0;
    %parti/s 1, 1, 2;
    %assign/vec4 v0x55e6d96c01c0_0, 0;
T_128.2 ;
T_128.1 ;
    %jmp T_128;
    .thread T_128;
    .scope S_0x55e6d95094e0;
T_129 ;
    %wait E_0x55e6d92b89c0;
    %load/vec4 v0x55e6d96c04c0_0;
    %nor/r;
    %flag_set/vec4 8;
    %jmp/0xz  T_129.0, 8;
    %pushi/vec4 0, 0, 1;
    %assign/vec4 v0x55e6d96c0280_0, 0;
    %jmp T_129.1;
T_129.0 ;
    %load/vec4 v0x55e6d96244e0_0;
    %flag_set/vec4 8;
    %jmp/0xz  T_129.2, 8;
    %load/vec4 v0x55e6d9639820_0;
    %parti/s 1, 2, 3;
    %assign/vec4 v0x55e6d96c0280_0, 0;
T_129.2 ;
T_129.1 ;
    %jmp T_129;
    .thread T_129;
    .scope S_0x55e6d95094e0;
T_130 ;
    %wait E_0x55e6d92b89c0;
    %load/vec4 v0x55e6d96c04c0_0;
    %nor/r;
    %flag_set/vec4 8;
    %jmp/0xz  T_130.0, 8;
    %pushi/vec4 0, 0, 1;
    %assign/vec4 v0x55e6d96c0400_0, 0;
    %jmp T_130.1;
T_130.0 ;
    %load/vec4 v0x55e6d9625290_0;
    %flag_set/vec4 8;
    %jmp/0xz  T_130.2, 8;
    %load/vec4 v0x55e6d9639820_0;
    %parti/s 1, 4, 4;
    %assign/vec4 v0x55e6d96c0400_0, 0;
T_130.2 ;
T_130.1 ;
    %jmp T_130;
    .thread T_130;
    .scope S_0x55e6d95094e0;
T_131 ;
    %wait E_0x55e6d92b89c0;
    %load/vec4 v0x55e6d96c04c0_0;
    %nor/r;
    %flag_set/vec4 8;
    %jmp/0xz  T_131.0, 8;
    %pushi/vec4 0, 0, 1;
    %ix/load 5, 0, 0;
    %ix/load 4, 0, 0;
    %flag_set/imm 4, 0;
    %assign/vec4/off/d v0x55e6d964c540_0, 4, 5;
    %jmp T_131.1;
T_131.0 ;
    %load/vec4 v0x55e6d9626df0_0;
    %flag_set/vec4 8;
    %jmp/0xz  T_131.2, 8;
    %load/vec4 v0x55e6d9657350_0;
    %parti/s 1, 0, 2;
    %ix/load 5, 0, 0;
    %ix/load 4, 0, 0;
    %flag_set/imm 4, 0;
    %assign/vec4/off/d v0x55e6d964c540_0, 4, 5;
T_131.2 ;
T_131.1 ;
    %jmp T_131;
    .thread T_131;
    .scope S_0x55e6d95094e0;
T_132 ;
    %wait E_0x55e6d92b89c0;
    %load/vec4 v0x55e6d96c04c0_0;
    %nor/r;
    %flag_set/vec4 8;
    %jmp/0xz  T_132.0, 8;
    %pushi/vec4 0, 0, 1;
    %ix/load 5, 0, 0;
    %ix/load 4, 1, 0;
    %flag_set/imm 4, 0;
    %assign/vec4/off/d v0x55e6d964c540_0, 4, 5;
    %jmp T_132.1;
T_132.0 ;
    %load/vec4 v0x55e6d9626df0_0;
    %flag_set/vec4 8;
    %jmp/0xz  T_132.2, 8;
    %load/vec4 v0x55e6d9657350_0;
    %parti/s 1, 1, 2;
    %ix/load 5, 0, 0;
    %ix/load 4, 1, 0;
    %flag_set/imm 4, 0;
    %assign/vec4/off/d v0x55e6d964c540_0, 4, 5;
T_132.2 ;
T_132.1 ;
    %jmp T_132;
    .thread T_132;
    .scope S_0x55e6d95094e0;
T_133 ;
    %wait E_0x55e6d92b89c0;
    %load/vec4 v0x55e6d96c04c0_0;
    %nor/r;
    %flag_set/vec4 8;
    %jmp/0xz  T_133.0, 8;
    %pushi/vec4 0, 0, 1;
    %ix/load 5, 0, 0;
    %ix/load 4, 2, 0;
    %flag_set/imm 4, 0;
    %assign/vec4/off/d v0x55e6d964c540_0, 4, 5;
    %jmp T_133.1;
T_133.0 ;
    %load/vec4 v0x55e6d9626df0_0;
    %flag_set/vec4 8;
    %jmp/0xz  T_133.2, 8;
    %load/vec4 v0x55e6d9657350_0;
    %parti/s 1, 2, 3;
    %ix/load 5, 0, 0;
    %ix/load 4, 2, 0;
    %flag_set/imm 4, 0;
    %assign/vec4/off/d v0x55e6d964c540_0, 4, 5;
T_133.2 ;
T_133.1 ;
    %jmp T_133;
    .thread T_133;
    .scope S_0x55e6d95094e0;
T_134 ;
    %wait E_0x55e6d92b89c0;
    %load/vec4 v0x55e6d96c04c0_0;
    %nor/r;
    %flag_set/vec4 8;
    %jmp/0xz  T_134.0, 8;
    %pushi/vec4 0, 0, 1;
    %ix/load 5, 0, 0;
    %ix/load 4, 3, 0;
    %flag_set/imm 4, 0;
    %assign/vec4/off/d v0x55e6d964c540_0, 4, 5;
    %jmp T_134.1;
T_134.0 ;
    %load/vec4 v0x55e6d9626df0_0;
    %flag_set/vec4 8;
    %jmp/0xz  T_134.2, 8;
    %load/vec4 v0x55e6d9657350_0;
    %parti/s 1, 3, 3;
    %ix/load 5, 0, 0;
    %ix/load 4, 3, 0;
    %flag_set/imm 4, 0;
    %assign/vec4/off/d v0x55e6d964c540_0, 4, 5;
T_134.2 ;
T_134.1 ;
    %jmp T_134;
    .thread T_134;
    .scope S_0x55e6d95094e0;
T_135 ;
    %wait E_0x55e6d92b89c0;
    %load/vec4 v0x55e6d96c04c0_0;
    %nor/r;
    %flag_set/vec4 8;
    %jmp/0xz  T_135.0, 8;
    %pushi/vec4 1, 0, 1;
    %ix/load 5, 0, 0;
    %ix/load 4, 4, 0;
    %flag_set/imm 4, 0;
    %assign/vec4/off/d v0x55e6d964c540_0, 4, 5;
    %jmp T_135.1;
T_135.0 ;
    %load/vec4 v0x55e6d9626df0_0;
    %flag_set/vec4 8;
    %jmp/0xz  T_135.2, 8;
    %load/vec4 v0x55e6d9657350_0;
    %parti/s 1, 4, 4;
    %ix/load 5, 0, 0;
    %ix/load 4, 4, 0;
    %flag_set/imm 4, 0;
    %assign/vec4/off/d v0x55e6d964c540_0, 4, 5;
T_135.2 ;
T_135.1 ;
    %jmp T_135;
    .thread T_135;
    .scope S_0x55e6d95094e0;
T_136 ;
    %wait E_0x55e6d92b89c0;
    %load/vec4 v0x55e6d96c04c0_0;
    %nor/r;
    %flag_set/vec4 8;
    %jmp/0xz  T_136.0, 8;
    %pushi/vec4 1, 0, 1;
    %ix/load 5, 0, 0;
    %ix/load 4, 5, 0;
    %flag_set/imm 4, 0;
    %assign/vec4/off/d v0x55e6d964c540_0, 4, 5;
    %jmp T_136.1;
T_136.0 ;
    %load/vec4 v0x55e6d9626df0_0;
    %flag_set/vec4 8;
    %jmp/0xz  T_136.2, 8;
    %load/vec4 v0x55e6d9657350_0;
    %parti/s 1, 5, 4;
    %ix/load 5, 0, 0;
    %ix/load 4, 5, 0;
    %flag_set/imm 4, 0;
    %assign/vec4/off/d v0x55e6d964c540_0, 4, 5;
T_136.2 ;
T_136.1 ;
    %jmp T_136;
    .thread T_136;
    .scope S_0x55e6d95094e0;
T_137 ;
    %wait E_0x55e6d92b89c0;
    %load/vec4 v0x55e6d96c04c0_0;
    %nor/r;
    %flag_set/vec4 8;
    %jmp/0xz  T_137.0, 8;
    %pushi/vec4 0, 0, 1;
    %ix/load 5, 0, 0;
    %ix/load 4, 6, 0;
    %flag_set/imm 4, 0;
    %assign/vec4/off/d v0x55e6d964c540_0, 4, 5;
    %jmp T_137.1;
T_137.0 ;
    %load/vec4 v0x55e6d9626df0_0;
    %flag_set/vec4 8;
    %jmp/0xz  T_137.2, 8;
    %load/vec4 v0x55e6d9657350_0;
    %parti/s 1, 6, 4;
    %ix/load 5, 0, 0;
    %ix/load 4, 6, 0;
    %flag_set/imm 4, 0;
    %assign/vec4/off/d v0x55e6d964c540_0, 4, 5;
T_137.2 ;
T_137.1 ;
    %jmp T_137;
    .thread T_137;
    .scope S_0x55e6d95094e0;
T_138 ;
    %wait E_0x55e6d92b89c0;
    %load/vec4 v0x55e6d96c04c0_0;
    %nor/r;
    %flag_set/vec4 8;
    %jmp/0xz  T_138.0, 8;
    %pushi/vec4 0, 0, 1;
    %ix/load 5, 0, 0;
    %ix/load 4, 7, 0;
    %flag_set/imm 4, 0;
    %assign/vec4/off/d v0x55e6d964c540_0, 4, 5;
    %jmp T_138.1;
T_138.0 ;
    %load/vec4 v0x55e6d9626df0_0;
    %flag_set/vec4 8;
    %jmp/0xz  T_138.2, 8;
    %load/vec4 v0x55e6d9657350_0;
    %parti/s 1, 7, 4;
    %ix/load 5, 0, 0;
    %ix/load 4, 7, 0;
    %flag_set/imm 4, 0;
    %assign/vec4/off/d v0x55e6d964c540_0, 4, 5;
T_138.2 ;
T_138.1 ;
    %jmp T_138;
    .thread T_138;
    .scope S_0x55e6d95094e0;
T_139 ;
    %wait E_0x55e6d92b89c0;
    %load/vec4 v0x55e6d96c04c0_0;
    %nor/r;
    %flag_set/vec4 8;
    %jmp/0xz  T_139.0, 8;
    %pushi/vec4 0, 0, 1;
    %assign/vec4 v0x55e6d9654070_0, 0;
    %jmp T_139.1;
T_139.0 ;
    %load/vec4 v0x55e6d9627ba0_0;
    %flag_set/vec4 8;
    %jmp/0xz  T_139.2, 8;
    %load/vec4 v0x55e6d95bcb70_0;
    %assign/vec4 v0x55e6d9654070_0, 0;
T_139.2 ;
T_139.1 ;
    %jmp T_139;
    .thread T_139;
    .scope S_0x55e6d95094e0;
T_140 ;
    %wait E_0x55e6d92b89c0;
    %load/vec4 v0x55e6d96c04c0_0;
    %nor/r;
    %flag_set/vec4 8;
    %jmp/0xz  T_140.0, 8;
    %pushi/vec4 0, 0, 1;
    %ix/load 5, 0, 0;
    %ix/load 4, 0, 0;
    %flag_set/imm 4, 0;
    %assign/vec4/off/d v0x55e6d9661790_0, 4, 5;
    %jmp T_140.1;
T_140.0 ;
    %load/vec4 v0x55e6d9628950_0;
    %flag_set/vec4 8;
    %jmp/0xz  T_140.2, 8;
    %load/vec4 v0x55e6d963ea40_0;
    %parti/s 1, 0, 2;
    %ix/load 5, 0, 0;
    %ix/load 4, 0, 0;
    %flag_set/imm 4, 0;
    %assign/vec4/off/d v0x55e6d9661790_0, 4, 5;
T_140.2 ;
T_140.1 ;
    %jmp T_140;
    .thread T_140;
    .scope S_0x55e6d95094e0;
T_141 ;
    %wait E_0x55e6d92b89c0;
    %load/vec4 v0x55e6d96c04c0_0;
    %nor/r;
    %flag_set/vec4 8;
    %jmp/0xz  T_141.0, 8;
    %pushi/vec4 0, 0, 1;
    %ix/load 5, 0, 0;
    %ix/load 4, 1, 0;
    %flag_set/imm 4, 0;
    %assign/vec4/off/d v0x55e6d9661790_0, 4, 5;
    %jmp T_141.1;
T_141.0 ;
    %load/vec4 v0x55e6d9628950_0;
    %flag_set/vec4 8;
    %jmp/0xz  T_141.2, 8;
    %load/vec4 v0x55e6d963ea40_0;
    %parti/s 1, 1, 2;
    %ix/load 5, 0, 0;
    %ix/load 4, 1, 0;
    %flag_set/imm 4, 0;
    %assign/vec4/off/d v0x55e6d9661790_0, 4, 5;
T_141.2 ;
T_141.1 ;
    %jmp T_141;
    .thread T_141;
    .scope S_0x55e6d95094e0;
T_142 ;
    %wait E_0x55e6d92b89c0;
    %load/vec4 v0x55e6d96c04c0_0;
    %nor/r;
    %flag_set/vec4 8;
    %jmp/0xz  T_142.0, 8;
    %pushi/vec4 0, 0, 1;
    %ix/load 5, 0, 0;
    %ix/load 4, 2, 0;
    %flag_set/imm 4, 0;
    %assign/vec4/off/d v0x55e6d9661790_0, 4, 5;
    %jmp T_142.1;
T_142.0 ;
    %load/vec4 v0x55e6d9628950_0;
    %flag_set/vec4 8;
    %jmp/0xz  T_142.2, 8;
    %load/vec4 v0x55e6d963ea40_0;
    %parti/s 1, 2, 3;
    %ix/load 5, 0, 0;
    %ix/load 4, 2, 0;
    %flag_set/imm 4, 0;
    %assign/vec4/off/d v0x55e6d9661790_0, 4, 5;
T_142.2 ;
T_142.1 ;
    %jmp T_142;
    .thread T_142;
    .scope S_0x55e6d95094e0;
T_143 ;
    %wait E_0x55e6d92b89c0;
    %load/vec4 v0x55e6d96c04c0_0;
    %nor/r;
    %flag_set/vec4 8;
    %jmp/0xz  T_143.0, 8;
    %pushi/vec4 0, 0, 1;
    %ix/load 5, 0, 0;
    %ix/load 4, 3, 0;
    %flag_set/imm 4, 0;
    %assign/vec4/off/d v0x55e6d9661790_0, 4, 5;
    %jmp T_143.1;
T_143.0 ;
    %load/vec4 v0x55e6d9628950_0;
    %flag_set/vec4 8;
    %jmp/0xz  T_143.2, 8;
    %load/vec4 v0x55e6d963ea40_0;
    %parti/s 1, 3, 3;
    %ix/load 5, 0, 0;
    %ix/load 4, 3, 0;
    %flag_set/imm 4, 0;
    %assign/vec4/off/d v0x55e6d9661790_0, 4, 5;
T_143.2 ;
T_143.1 ;
    %jmp T_143;
    .thread T_143;
    .scope S_0x55e6d94ada70;
T_144 ;
    %pushi/vec4 0, 0, 1;
    %store/vec4 v0x55e6d96c0b50_0, 0, 1;
T_144.0 ;
    %delay 5, 0;
    %load/vec4 v0x55e6d96c0b50_0;
    %inv;
    %store/vec4 v0x55e6d96c0b50_0, 0, 1;
    %jmp T_144.0;
T_144.1 ;
    %end;
    .thread T_144;
    .scope S_0x55e6d94ada70;
T_145 ;
    %pushi/vec4 0, 0, 32;
    %store/vec4 v0x55e6d96c0f00_0, 0, 32;
    %pushi/vec4 0, 0, 32;
    %store/vec4 v0x55e6d96c1070_0, 0, 32;
T_145.0 ; Top of for-loop
    %load/vec4 v0x55e6d96c1070_0;
    %cmpi/s 3, 0, 32;
    %flag_or 5, 4;
	  %jmp/0xz T_145.1, 5;
    %load/vec4 v0x55e6d96c1070_0;
    %parti/s 2, 0, 2;
    %store/vec4 v0x55e6d95f3910_0, 0, 2;
    %fork TD_tb_spi_slave_rpi.run_mode, S_0x55e6d950d510;
    %join;
T_145.2 ; for-loop step statement
    %load/vec4 v0x55e6d96c1070_0;
    %addi 1, 0, 32;
    %store/vec4 v0x55e6d96c1070_0, 0, 32;
    %jmp T_145.0;
T_145.1 ; for-loop exit label
    %load/vec4 v0x55e6d96c0f00_0;
    %cmpi/e 0, 0, 32;
    %jmp/0xz  T_145.3, 4;
    %vpi_call/w 3 163 "$display", "PASS: Raspberry Pi master model \342\200\224 all checks passed in all 4 SPI modes" {0 0 0};
    %jmp T_145.4;
T_145.3 ;
    %vpi_call/w 3 165 "$display", "FAIL: %0d check(s) failed", v0x55e6d96c0f00_0 {0 0 0};
T_145.4 ;
    %delay 100, 0;
    %vpi_call/w 3 166 "$finish" {0 0 0};
    %end;
    .thread T_145;
    .scope S_0x55e6d94ada70;
T_146 ;
    %vpi_call/w 3 171 "$dumpfile", "tb_spi_slave_rpi_synth.vcd" {0 0 0};
    %vpi_call/w 3 175 "$dumpvars", 32'sb00000000000000000000000000000000, S_0x55e6d94ada70 {0 0 0};
    %end;
    .thread T_146;
# The file index is used to find the file name in the following table.
:file_names 5;
    "N/A";
    "<interactive>";
    "-";
    "tb_spi_slave_rpi.v";
    "flow/spi_slave_synth.v";
