#! /foss/tools/iverilog/bin/vvp
:ivl_version "14.0 (devel)" "(s20260301-328-geda9fdcd-dirty)";
:ivl_delay_selection "TYPICAL";
:vpi_time_precision - 9;
:vpi_module "/foss/tools/iverilog/lib/ivl/system.vpi";
:vpi_module "/foss/tools/iverilog/lib/ivl/vhdl_sys.vpi";
:vpi_module "/foss/tools/iverilog/lib/ivl/vhdl_textio.vpi";
:vpi_module "/foss/tools/iverilog/lib/ivl/v2005_math.vpi";
:vpi_module "/foss/tools/iverilog/lib/ivl/va_math.vpi";
:vpi_module "/foss/tools/iverilog/lib/ivl/v2009.vpi";
S_0x559a52541780 .scope package, "$unit" "$unit" 2 1;
 .timescale 0 0;
S_0x559a524db730 .scope module, "tb_spi_slave" "tb_spi_slave" 3 30;
 .timescale -9 -9;
v0x559a526edf40_0 .var "addr", 7 0;
v0x559a526ee020_0 .var "clk", 0 0;
v0x559a526ee0e0_0 .var "cpha", 0 0;
v0x559a526ee180_0 .var "cpol", 0 0;
v0x559a526ee250_0 .net "data", 7 0, v0x559a5268a3e0_0;  1 drivers
v0x559a526ee2f0_0 .net "debug", 7 0, L_0x559a5275b080;  1 drivers
v0x559a526ee3c0_0 .var/i "errors", 31 0;
v0x559a526ee460_0 .net "miso", 0 0, v0x559a526851c0_0;  1 drivers
v0x559a526ee530_0 .var "miso_rx1", 7 0;
v0x559a526ee5d0_0 .var "miso_rx3", 7 0;
v0x559a526ee670_0 .var/i "mode", 31 0;
v0x559a526ee750_0 .var "mosi", 0 0;
v0x559a526ee820_0 .var "rst_n", 0 0;
v0x559a526ee8f0_0 .var "rx_cmd", 7 0;
v0x559a526ee990_0 .var "sck", 0 0;
v0x559a526eea60_0 .var "ssel", 0 0;
S_0x559a524db330 .scope task, "run_mode" "run_mode" 3 94, 3 94 0, S_0x559a524db730;
 .timescale -9 -9;
v0x559a52629010_0 .var "m", 1 0;
TD_tb_spi_slave.run_mode ;
    %load/vec4 v0x559a52629010_0;
    %parti/s 1, 1, 2;
    %store/vec4 v0x559a526ee180_0, 0, 1;
    %load/vec4 v0x559a52629010_0;
    %parti/s 1, 0, 2;
    %store/vec4 v0x559a526ee0e0_0, 0, 1;
    %pushi/vec4 3, 0, 8;
    %store/vec4 v0x559a526edf40_0, 0, 8;
    %pushi/vec4 0, 0, 1;
    %store/vec4 v0x559a526ee750_0, 0, 1;
    %pushi/vec4 1, 0, 1;
    %store/vec4 v0x559a526eea60_0, 0, 1;
    %pushi/vec4 0, 0, 1;
    %store/vec4 v0x559a526ee820_0, 0, 1;
    %load/vec4 v0x559a52629010_0;
    %parti/s 1, 1, 2;
    %store/vec4 v0x559a526ee990_0, 0, 1;
    %delay 20, 0;
    %pushi/vec4 1, 0, 1;
    %store/vec4 v0x559a526ee820_0, 0, 1;
    %delay 20, 0;
    %pushi/vec4 0, 0, 1;
    %store/vec4 v0x559a526eea60_0, 0, 1;
    %delay 10, 0;
    %pushi/vec4 129, 0, 8;
    %store/vec4 v0x559a526ede80_0, 0, 8;
    %fork TD_tb_spi_slave.spi_xfer_byte, S_0x559a526edb30;
    %join;
    %load/vec4 v0x559a526edda0_0;
    %store/vec4 v0x559a526ee8f0_0, 0, 8;
    %pushi/vec4 0, 0, 8;
    %store/vec4 v0x559a526ede80_0, 0, 8;
    %fork TD_tb_spi_slave.spi_xfer_byte, S_0x559a526edb30;
    %join;
    %load/vec4 v0x559a526edda0_0;
    %store/vec4 v0x559a526ee530_0, 0, 8;
    %delay 10, 0;
    %pushi/vec4 1, 0, 1;
    %store/vec4 v0x559a526eea60_0, 0, 1;
    %delay 20, 0;
    %pushi/vec4 0, 0, 1;
    %store/vec4 v0x559a526eea60_0, 0, 1;
    %delay 10, 0;
    %pushi/vec4 3, 0, 8;
    %store/vec4 v0x559a526ede80_0, 0, 8;
    %fork TD_tb_spi_slave.spi_xfer_byte, S_0x559a526edb30;
    %join;
    %load/vec4 v0x559a526edda0_0;
    %store/vec4 v0x559a526ee8f0_0, 0, 8;
    %pushi/vec4 160, 0, 8;
    %load/vec4 v0x559a52629010_0;
    %pad/u 8;
    %or;
    %store/vec4 v0x559a526ede80_0, 0, 8;
    %fork TD_tb_spi_slave.spi_xfer_byte, S_0x559a526edb30;
    %join;
    %load/vec4 v0x559a526edda0_0;
    %store/vec4 v0x559a526ee8f0_0, 0, 8;
    %delay 10, 0;
    %pushi/vec4 1, 0, 1;
    %store/vec4 v0x559a526eea60_0, 0, 1;
    %delay 20, 0;
    %pushi/vec4 0, 0, 1;
    %store/vec4 v0x559a526eea60_0, 0, 1;
    %delay 10, 0;
    %pushi/vec4 131, 0, 8;
    %store/vec4 v0x559a526ede80_0, 0, 8;
    %fork TD_tb_spi_slave.spi_xfer_byte, S_0x559a526edb30;
    %join;
    %load/vec4 v0x559a526edda0_0;
    %store/vec4 v0x559a526ee8f0_0, 0, 8;
    %pushi/vec4 0, 0, 8;
    %store/vec4 v0x559a526ede80_0, 0, 8;
    %fork TD_tb_spi_slave.spi_xfer_byte, S_0x559a526edb30;
    %join;
    %load/vec4 v0x559a526edda0_0;
    %store/vec4 v0x559a526ee5d0_0, 0, 8;
    %delay 10, 0;
    %pushi/vec4 1, 0, 1;
    %store/vec4 v0x559a526eea60_0, 0, 1;
    %delay 20, 0;
    %load/vec4 v0x559a526ee530_0;
    %cmpi/ne 11, 0, 8;
    %jmp/0xz  T_0.0, 6;
    %vpi_call/w 3 129 "$display", "FAIL mode %0d Tx1 READ Reg1 : expected miso=0x0B, got 0x%02X", v0x559a52629010_0, v0x559a526ee530_0 {0 0 0};
    %load/vec4 v0x559a526ee3c0_0;
    %addi 1, 0, 32;
    %store/vec4 v0x559a526ee3c0_0, 0, 32;
T_0.0 ;
    %load/vec4 v0x559a526ee250_0;
    %pushi/vec4 160, 0, 8;
    %load/vec4 v0x559a52629010_0;
    %pad/u 8;
    %or;
    %cmp/ne;
    %jmp/0xz  T_0.2, 6;
    %pushi/vec4 160, 0, 8;
    %load/vec4 v0x559a52629010_0;
    %pad/u 8;
    %or;
    %vpi_call/w 3 133 "$display", "FAIL mode %0d parallel Reg3: expected data=0x%02X, got 0x%02X", v0x559a52629010_0, S<0,vec4,u8>, v0x559a526ee250_0 {1 0 0};
    %load/vec4 v0x559a526ee3c0_0;
    %addi 1, 0, 32;
    %store/vec4 v0x559a526ee3c0_0, 0, 32;
T_0.2 ;
    %load/vec4 v0x559a526ee5d0_0;
    %pushi/vec4 160, 0, 8;
    %load/vec4 v0x559a52629010_0;
    %pad/u 8;
    %or;
    %cmp/ne;
    %jmp/0xz  T_0.4, 6;
    %pushi/vec4 160, 0, 8;
    %load/vec4 v0x559a52629010_0;
    %pad/u 8;
    %or;
    %vpi_call/w 3 137 "$display", "FAIL mode %0d Tx3 READ Reg3: expected miso=0x%02X, got 0x%02X", v0x559a52629010_0, S<0,vec4,u8>, v0x559a526ee5d0_0 {1 0 0};
    %load/vec4 v0x559a526ee3c0_0;
    %addi 1, 0, 32;
    %store/vec4 v0x559a526ee3c0_0, 0, 32;
T_0.4 ;
    %load/vec4 v0x559a526ee2f0_0;
    %cmpi/ne 31, 0, 8;
    %jmp/0xz  T_0.6, 6;
    %vpi_call/w 3 141 "$display", "FAIL mode %0d debug        : expected 0x1F, got 0x%02X", v0x559a52629010_0, v0x559a526ee2f0_0 {0 0 0};
    %load/vec4 v0x559a526ee3c0_0;
    %addi 1, 0, 32;
    %store/vec4 v0x559a526ee3c0_0, 0, 32;
T_0.6 ;
    %vpi_call/w 3 144 "$display", "MODE %0d (CPOL=%0d CPHA=%0d) %0t: miso_rx1=0x%02X data=0x%02X miso_rx3=0x%02X debug=0x%02X", v0x559a52629010_0, &PV<v0x559a52629010_0, 1, 1>, &PV<v0x559a52629010_0, 0, 1>, $time, v0x559a526ee530_0, v0x559a526ee250_0, v0x559a526ee5d0_0, v0x559a526ee2f0_0 {0 0 0};
    %end;
S_0x559a5253b280 .scope module, "spi_slave1" "spi_slave" 3 54, 4 5 0, S_0x559a524db730;
 .timescale 0 0;
    .port_info 0 /INPUT 1 "Clk";
    .port_info 1 /INPUT 1 "iRST_N";
    .port_info 2 /INPUT 1 "CPOL";
    .port_info 3 /INPUT 1 "CPHA";
    .port_info 4 /INPUT 1 "SCK";
    .port_info 5 /INPUT 1 "MOSI";
    .port_info 6 /INPUT 1 "SSEL";
    .port_info 7 /OUTPUT 1 "MISO";
    .port_info 8 /INPUT 8 "Add2_in";
    .port_info 9 /OUTPUT 8 "Data2_out";
    .port_info 10 /OUTPUT 8 "debug";
L_0x559a526ef440 .functor NOT 1, L_0x559a526ef340, C4<0>, C4<0>, C4<0>;
L_0x559a526ef5b0 .functor NOT 1, L_0x559a526ef4e0, C4<0>, C4<0>, C4<0>;
L_0x559a526ef2d0 .functor NOT 1, L_0x559a526ef6d0, C4<0>, C4<0>, C4<0>;
L_0x559a526ef890 .functor NOT 1, L_0x559a526ef7c0, C4<0>, C4<0>, C4<0>;
L_0x559a526efae0 .functor NOT 1, L_0x559a526efa10, C4<0>, C4<0>, C4<0>;
L_0x559a526efd00 .functor NOT 1, L_0x559a526efbd0, C4<0>, C4<0>, C4<0>;
L_0x559a526eff00 .functor NOT 1, L_0x559a526efe60, C4<0>, C4<0>, C4<0>;
L_0x559a526f0100 .functor NOT 1, L_0x559a526effc0, C4<0>, C4<0>, C4<0>;
L_0x559a526f02c0 .functor NOT 1, L_0x559a526efdc0, C4<0>, C4<0>, C4<0>;
L_0x559a526f0420 .functor NOT 1, L_0x559a526f0380, C4<0>, C4<0>, C4<0>;
L_0x559a526f0620 .functor NOT 1, L_0x559a526f0580, C4<0>, C4<0>, C4<0>;
L_0x559a526f06c0 .functor NOT 1, L_0x559a5271d900, C4<0>, C4<0>, C4<0>;
L_0x559a526f0830 .functor NOT 1, L_0x559a527091a0, C4<0>, C4<0>, C4<0>;
L_0x559a526f0b70 .functor XOR 1, L_0x559a526f0900, L_0x559a526f0a40, C4<0>, C4<0>;
L_0x559a526f09d0 .functor XOR 1, L_0x559a526f0d40, L_0x559a526f0de0, C4<0>, C4<0>;
L_0x559a526f1140 .functor XOR 1, L_0x559a526f0f20, L_0x559a526f1050, C4<0>, C4<0>;
L_0x559a526f1520 .functor AND 1, L_0x559a526f1340, L_0x559a526f1480, C4<1>, C4<1>;
L_0x559a526f1780 .functor AND 1, L_0x559a526f1630, L_0x559a526f13e0, C4<1>, C4<1>;
L_0x559a526f1990 .functor XOR 1, v0x559a52679600_0, v0x559a5268ccf0_0, C4<0>, C4<0>;
L_0x559a526f1a00 .functor XOR 1, v0x559a52678850_0, v0x559a5268ccf0_0, C4<0>, C4<0>;
L_0x559a526f1bd0 .functor AND 1, L_0x559a526f1990, L_0x559a5273f740, C4<1>, C4<1>;
L_0x559a526f1c90 .functor AND 1, L_0x559a5273f800, L_0x559a526f1a00, C4<1>, C4<1>;
L_0x559a526f2120 .functor OR 1, L_0x559a526f1e70, L_0x559a526f2000, C4<0>, C4<0>;
L_0x559a526f2490 .functor OR 1, L_0x559a526f2230, L_0x559a526f23a0, C4<0>, C4<0>;
L_0x559a526f28f0 .functor OR 1, L_0x559a526f26d0, L_0x559a526f2850, C4<0>, C4<0>;
L_0x559a526f2c90 .functor OR 1, L_0x559a526f2a30, L_0x559a526f2bc0, C4<0>, C4<0>;
L_0x559a526f2640 .functor OR 1, L_0x559a526f0620, L_0x559a526f25a0, C4<0>, C4<0>;
L_0x559a526f3330 .functor OR 1, L_0x559a526f30b0, L_0x559a526f3150, C4<0>, C4<0>;
L_0x559a526f3800 .functor OR 1, L_0x559a526f3570, L_0x559a526f3610, C4<0>, C4<0>;
L_0x559a526f38f0 .functor OR 1, L_0x559a526f02c0, L_0x559a526f0420, C4<0>, C4<0>;
L_0x559a526f3e20 .functor OR 1, L_0x559a526f3b60, L_0x559a526f3c00, C4<0>, C4<0>;
L_0x559a526f3cf0 .functor OR 1, L_0x559a526f3f30, L_0x559a526f3fd0, C4<0>, C4<0>;
L_0x559a526f4410 .functor OR 1, L_0x559a526f4370, L_0x559a526f0420, C4<0>, C4<0>;
L_0x559a526f4760 .functor OR 1, L_0x559a526f44d0, L_0x559a526f46c0, C4<0>, C4<0>;
L_0x559a526f4d20 .functor OR 1, L_0x559a526f4a20, L_0x559a526f4c50, C4<0>, C4<0>;
L_0x559a526f5070 .functor OR 1, L_0x559a526f02c0, L_0x559a526f4e60, C4<0>, C4<0>;
L_0x559a526f5660 .functor OR 1, L_0x559a526f52c0, L_0x559a526f53b0, C4<0>, C4<0>;
L_0x559a526f5a50 .functor OR 1, L_0x559a526f5750, L_0x559a526f57f0, C4<0>, C4<0>;
L_0x559a526f5e60 .functor OR 1, L_0x559a526efd00, L_0x559a526f5d30, C4<0>, C4<0>;
L_0x559a526f6280 .functor OR 1, L_0x559a526f5f20, L_0x559a526f6160, C4<0>, C4<0>;
L_0x559a526f6880 .functor OR 1, L_0x559a526f6540, L_0x559a526f6790, C4<0>, C4<0>;
L_0x559a526f6c90 .functor OR 1, L_0x559a526f6990, L_0x559a526f6bf0, C4<0>, C4<0>;
L_0x559a526f72d0 .functor OR 1, L_0x559a526f6f90, L_0x559a526f7200, C4<0>, C4<0>;
L_0x559a526f7760 .functor OR 1, L_0x559a526f7410, L_0x559a526f7690, C4<0>, C4<0>;
L_0x559a526f7e60 .functor OR 1, L_0x559a526f7a70, L_0x559a526f7d00, C4<0>, C4<0>;
L_0x559a526f8320 .functor OR 1, L_0x559a526f7f50, L_0x559a526f81f0, C4<0>, C4<0>;
L_0x559a526f8970 .functor OR 1, L_0x559a526f85f0, L_0x559a526f88a0, C4<0>, C4<0>;
L_0x559a526f8e40 .functor OR 1, L_0x559a526f8ab0, L_0x559a526f8d70, C4<0>, C4<0>;
L_0x559a526f94e0 .functor OR 1, L_0x559a526efae0, L_0x559a526eff00, C4<0>, C4<0>;
L_0x559a526f99c0 .functor OR 1, L_0x559a526f9640, L_0x559a526f96e0, C4<0>, C4<0>;
L_0x559a526fa150 .functor OR 1, L_0x559a526f9dc0, L_0x559a526fa0b0, C4<0>, C4<0>;
L_0x559a526fa650 .functor OR 1, L_0x559a526fa2b0, L_0x559a526fa5b0, C4<0>, C4<0>;
L_0x559a526fac80 .functor OR 1, L_0x559a526fa970, L_0x559a526eff00, C4<0>, C4<0>;
L_0x559a526fb100 .functor OR 1, L_0x559a526fad40, L_0x559a526fade0, C4<0>, C4<0>;
L_0x559a526fb8d0 .functor OR 1, L_0x559a526fb460, L_0x559a526fb550, C4<0>, C4<0>;
L_0x559a526fbed0 .functor OR 1, L_0x559a526fb9e0, L_0x559a526fba80, C4<0>, C4<0>;
L_0x559a526fc2e0 .functor OR 1, L_0x559a526efae0, L_0x559a526fc240, C4<0>, C4<0>;
L_0x559a526fc7e0 .functor OR 1, L_0x559a526fc3a0, L_0x559a526fc740, C4<0>, C4<0>;
L_0x559a526fcf90 .functor OR 1, L_0x559a526fcb60, L_0x559a526fcec0, C4<0>, C4<0>;
L_0x559a526fd0d0 .functor OR 1, L_0x559a5271f350, L_0x559a526ef890, C4<0>, C4<0>;
L_0x559a526fd750 .functor OR 1, L_0x559a526fd3e0, L_0x559a526ef5b0, C4<0>, C4<0>;
L_0x559a526fd8e0 .functor OR 1, L_0x559a526fd750, L_0x559a526fd840, C4<0>, C4<0>;
L_0x559a526fdfd0 .functor OR 1, L_0x559a526ef2d0, L_0x559a526fdc50, C4<0>, C4<0>;
L_0x559a526fe180 .functor OR 1, L_0x559a526fdfd0, L_0x559a526fe0e0, C4<0>, C4<0>;
L_0x559a526fe500 .functor OR 1, L_0x559a526ef2d0, L_0x559a526ef5b0, C4<0>, C4<0>;
L_0x559a526fea10 .functor OR 1, L_0x559a526fe500, L_0x559a526fe570, C4<0>, C4<0>;
L_0x559a526fedd0 .functor AND 1, L_0x559a526fee90, L_0x559a527091a0, C4<1>, C4<1>;
L_0x559a526fee90 .functor OR 1, L_0x559a526f0830, L_0x559a5272e520, C4<0>, C4<0>;
L_0x559a526ff230 .functor AND 1, L_0x559a527004a0, L_0x559a52707c30, C4<1>, C4<1>;
L_0x559a526ff3f0 .functor AND 1, L_0x559a52707e30, L_0x559a52708740, C4<1>, C4<1>;
L_0x559a526ffc40 .functor AND 1, L_0x559a526ff780, L_0x559a526ffba0, C4<1>, C4<1>;
L_0x559a526ffd80 .functor AND 1, L_0x559a526ffc40, L_0x559a52708850, C4<1>, C4<1>;
L_0x559a527004a0 .functor OR 1, L_0x559a526f06c0, L_0x559a527000f0, C4<0>, C4<0>;
L_0x559a52700600 .functor AND 1, L_0x559a527004a0, L_0x559a5271d900, C4<1>, C4<1>;
L_0x559a52700980 .functor AND 1, L_0x559a52706b50, L_0x559a52720f00, C4<1>, C4<1>;
L_0x559a527009f0 .functor AND 1, L_0x559a52706b50, L_0x559a52720fc0, C4<1>, C4<1>;
L_0x559a52700db0 .functor AND 1, L_0x559a52706b50, L_0x559a52721080, C4<1>, C4<1>;
L_0x559a52700e80 .functor AND 1, L_0x559a52706b50, L_0x559a52722b50, C4<1>, C4<1>;
L_0x559a52701230 .functor AND 1, L_0x559a52706b50, L_0x559a52722c10, C4<1>, C4<1>;
L_0x559a52701300 .functor AND 1, L_0x559a52706b50, L_0x559a52722cd0, C4<1>, C4<1>;
L_0x559a527016c0 .functor AND 1, L_0x559a52706b50, L_0x559a527217d0, C4<1>, C4<1>;
L_0x559a52701790 .functor AND 1, L_0x559a52721a50, L_0x559a526fd0d0, C4<1>, C4<1>;
L_0x559a52701c50 .functor AND 1, L_0x559a5271f500, L_0x559a526fe180, C4<1>, C4<1>;
L_0x559a52702210 .functor AND 1, L_0x559a52701d60, L_0x559a52702170, C4<1>, C4<1>;
L_0x559a52702630 .functor AND 1, L_0x559a52702210, L_0x559a526fd8e0, C4<1>, C4<1>;
L_0x559a52702740 .functor AND 1, L_0x559a527219e0, L_0x559a526fd0d0, C4<1>, C4<1>;
L_0x559a52702ef0 .functor AND 1, L_0x559a526fea10, L_0x559a526fe180, C4<1>, C4<1>;
L_0x559a527034d0 .functor AND 1, L_0x559a52703000, L_0x559a527030f0, C4<1>, C4<1>;
L_0x559a52703910 .functor AND 1, L_0x559a527034d0, L_0x559a526fd8e0, C4<1>, C4<1>;
L_0x559a527039d0 .functor AND 1, L_0x559a52721970, L_0x559a526fd0d0, C4<1>, C4<1>;
L_0x559a52704240 .functor AND 1, L_0x559a52703d80, L_0x559a52703e50, C4<1>, C4<1>;
L_0x559a52704350 .functor AND 1, L_0x559a52704240, L_0x559a526fd8e0, C4<1>, C4<1>;
L_0x559a52704760 .functor AND 1, L_0x559a52721900, L_0x559a526fd0d0, C4<1>, C4<1>;
L_0x559a52704cd0 .functor AND 1, L_0x559a527047d0, L_0x559a527048d0, C4<1>, C4<1>;
L_0x559a52705120 .functor AND 1, L_0x559a52704cd0, L_0x559a526fe180, C4<1>, C4<1>;
L_0x559a527053a0 .functor AND 1, L_0x559a526fea10, L_0x559a5271f500, C4<1>, C4<1>;
L_0x559a527057d0 .functor AND 1, L_0x559a526fe180, L_0x559a526fd8e0, C4<1>, C4<1>;
L_0x559a52705cf0 .functor AND 1, L_0x559a52705840, L_0x559a52705c50, C4<1>, C4<1>;
L_0x559a52706180 .functor AND 1, L_0x559a52705cf0, L_0x559a52721890, C4<1>, C4<1>;
L_0x559a527066b0 .functor AND 1, L_0x559a52721970, L_0x559a52706240, C4<1>, C4<1>;
L_0x559a52706b50 .functor AND 1, L_0x559a526f8290, v0x559a5266f1c0_0, C4<1>, C4<1>;
L_0x559a52706cd0 .functor AND 1, L_0x559a52706b50, L_0x559a52720e40, C4<1>, C4<1>;
L_0x559a52707140 .functor OR 1, L_0x559a52721890, L_0x559a52721900, C4<0>, C4<0>;
L_0x559a52707770 .functor OR 1, L_0x559a52707250, L_0x559a527072f0, C4<0>, C4<0>;
L_0x559a52707c30 .functor OR 1, L_0x559a52707770, L_0x559a52721a50, C4<0>, C4<0>;
L_0x559a52707e30 .functor OR 1, L_0x559a52707d90, L_0x559a526fe180, C4<0>, C4<0>;
L_0x559a52708740 .functor OR 1, L_0x559a52708300, L_0x559a5271f500, C4<0>, C4<0>;
L_0x559a52708850 .functor OR 1, v0x559a52673630_0, L_0x559a526fd0d0, C4<0>, C4<0>;
L_0x559a52708ce0 .functor AND 1, L_0x559a52721a50, L_0x559a5272e660, C4<1>, C4<1>;
L_0x559a52708d50 .functor AND 1, L_0x559a52709790, L_0x559a52709890, C4<1>, C4<1>;
L_0x559a527091a0 .functor OR 1, L_0x559a52721900, L_0x559a52721970, C4<0>, C4<0>;
L_0x559a52709210 .functor OR 1, L_0x559a527219e0, L_0x559a52721a50, C4<0>, C4<0>;
L_0x559a52709790 .functor OR 1, L_0x559a527091a0, L_0x559a527096c0, C4<0>, C4<0>;
L_0x559a52709890 .functor OR 1, L_0x559a5272e660, L_0x559a526fea10, C4<0>, C4<0>;
L_0x559a526ef650 .functor OR 1, L_0x559a52709e30, L_0x559a5270a280, C4<0>, C4<0>;
L_0x559a5270a870 .functor OR 1, L_0x559a5270a7d0, L_0x559a526f0100, C4<0>, C4<0>;
L_0x559a5270b340 .functor OR 1, L_0x559a5270ade0, L_0x559a5270b2a0, C4<0>, C4<0>;
L_0x559a5270b970 .functor OR 1, L_0x559a5270b450, L_0x559a5270b8d0, C4<0>, C4<0>;
L_0x559a5270c4e0 .functor OR 1, L_0x559a5270bea0, L_0x559a5270c330, C4<0>, C4<0>;
L_0x559a5270c5f0 .functor OR 1, L_0x559a5272e7f0, L_0x559a5272e9a0, C4<0>, C4<0>;
L_0x559a5270ba80 .functor OR 1, L_0x559a5272eb50, L_0x559a5272ed00, C4<0>, C4<0>;
L_0x559a5270bb80 .functor OR 1, L_0x559a527238e0, L_0x559a52723a90, C4<0>, C4<0>;
L_0x559a5270cea0 .functor OR 1, L_0x559a52723c40, L_0x559a52723df0, C4<0>, C4<0>;
L_0x559a5270d4b0 .functor OR 1, L_0x559a5270cf10, L_0x559a5270d000, C4<0>, C4<0>;
L_0x559a5270c8f0 .functor OR 1, L_0x559a5270c750, L_0x559a5270c820, C4<0>, C4<0>;
L_0x559a5270dab0 .functor OR 1, L_0x559a5270ca00, L_0x559a5270da10, C4<0>, C4<0>;
L_0x559a5270dbc0 .functor OR 1, L_0x559a52723ff0, L_0x559a5272f950, C4<0>, C4<0>;
L_0x559a5270dc30 .functor OR 1, L_0x559a52730500, L_0x559a52730740, C4<0>, C4<0>;
L_0x559a5270dd30 .functor OR 1, L_0x559a52730850, L_0x559a5272f210, C4<0>, C4<0>;
L_0x559a5270d7b0 .functor OR 1, L_0x559a5272f450, L_0x559a5272f690, C4<0>, C4<0>;
L_0x559a5270e2d0 .functor OR 1, L_0x559a5270d870, L_0x559a5270d960, C4<0>, C4<0>;
L_0x559a5270de80 .functor OR 1, L_0x559a5270e500, L_0x559a5270ea90, C4<0>, C4<0>;
L_0x559a5270e120 .functor OR 1, L_0x559a5270df90, L_0x559a5270e080, C4<0>, C4<0>;
L_0x559a5270e230 .functor OR 1, L_0x559a5272f8d0, L_0x559a5272fab0, C4<0>, C4<0>;
L_0x559a5270e630 .functor OR 1, L_0x559a5272fc60, L_0x559a5272fe10, C4<0>, C4<0>;
L_0x559a5270e6d0 .functor OR 1, L_0x559a5272ffc0, L_0x559a52730170, C4<0>, C4<0>;
L_0x559a5270e9c0 .functor OR 1, L_0x559a52730320, L_0x559a52731410, C4<0>, C4<0>;
L_0x559a5270f180 .functor OR 1, L_0x559a5270eff0, L_0x559a5270f0e0, C4<0>, C4<0>;
L_0x559a5270ec00 .functor OR 1, L_0x559a5270f3b0, L_0x559a5270eb60, C4<0>, C4<0>;
L_0x559a5270eea0 .functor OR 1, L_0x559a5270ed10, L_0x559a5270ee00, C4<0>, C4<0>;
L_0x559a5270f460 .functor OR 1, L_0x559a52732080, L_0x559a52732190, C4<0>, C4<0>;
L_0x559a5270f4d0 .functor OR 1, L_0x559a52730950, L_0x559a52730b40, C4<0>, C4<0>;
L_0x559a5270f5d0 .functor OR 1, L_0x559a52730d30, L_0x559a52730f20, C4<0>, C4<0>;
L_0x559a5270f9b0 .functor OR 1, L_0x559a52731110, L_0x559a52731300, C4<0>, C4<0>;
L_0x559a527100d0 .functor OR 1, L_0x559a5270fa70, L_0x559a5270fb60, C4<0>, C4<0>;
L_0x559a527104d0 .functor OR 1, L_0x559a527102d0, L_0x559a52710400, C4<0>, C4<0>;
L_0x559a5270fca0 .functor OR 1, L_0x559a527105e0, L_0x559a5270fc00, C4<0>, C4<0>;
L_0x559a5270fdb0 .functor OR 1, L_0x559a527315c0, L_0x559a52731770, C4<0>, C4<0>;
L_0x559a5270fe20 .functor OR 1, L_0x559a52731920, L_0x559a52731ad0, C4<0>, C4<0>;
L_0x559a5270fef0 .functor OR 1, L_0x559a52731c80, L_0x559a52731e30, C4<0>, C4<0>;
L_0x559a52711160 .functor OR 1, L_0x559a52732e20, L_0x559a52732fd0, C4<0>, C4<0>;
L_0x559a527108e0 .functor OR 1, L_0x559a52710720, L_0x559a52710810, C4<0>, C4<0>;
L_0x559a52710dc0 .functor OR 1, L_0x559a52710b10, L_0x559a52710cf0, C4<0>, C4<0>;
L_0x559a52711060 .functor OR 1, L_0x559a52710ed0, L_0x559a52710fc0, C4<0>, C4<0>;
L_0x559a52711750 .functor OR 1, L_0x559a52733cc0, L_0x559a52733dd0, C4<0>, C4<0>;
L_0x559a527117c0 .functor OR 1, L_0x559a527326f0, L_0x559a5270ff60, C4<0>, C4<0>;
L_0x559a527118c0 .functor OR 1, L_0x559a52732b60, L_0x559a5270f640, C4<0>, C4<0>;
L_0x559a527111d0 .functor OR 1, L_0x559a527332e0, L_0x559a527335a0, C4<0>, C4<0>;
L_0x559a527113d0 .functor OR 1, L_0x559a52711240, L_0x559a52711330, C4<0>, C4<0>;
L_0x559a527122b0 .functor OR 1, L_0x559a52711600, L_0x559a527121e0, C4<0>, C4<0>;
L_0x559a52711ca0 .functor OR 1, L_0x559a527123c0, L_0x559a52711c00, C4<0>, C4<0>;
L_0x559a52711db0 .functor OR 1, L_0x559a52733860, L_0x559a52733a10, C4<0>, C4<0>;
L_0x559a52711e20 .functor OR 1, L_0x559a5272f7a0, L_0x559a52734ac0, C4<0>, C4<0>;
L_0x559a52711ef0 .functor OR 1, L_0x559a52735810, L_0x559a52735970, C4<0>, C4<0>;
L_0x559a52712ff0 .functor OR 1, L_0x559a52733ee0, L_0x559a52711830, C4<0>, C4<0>;
L_0x559a527125a0 .functor OR 1, L_0x559a527130b0, L_0x559a52712500, C4<0>, C4<0>;
L_0x559a527129a0 .functor OR 1, L_0x559a527127d0, L_0x559a52712900, C4<0>, C4<0>;
L_0x559a52712ca0 .functor OR 1, L_0x559a52712b10, L_0x559a52712c00, C4<0>, C4<0>;
L_0x559a52712db0 .functor OR 1, L_0x559a5270e740, L_0x559a5270dda0, C4<0>, C4<0>;
L_0x559a52712e20 .functor OR 1, L_0x559a527308c0, L_0x559a52730ab0, C4<0>, C4<0>;
L_0x559a52712f20 .functor OR 1, L_0x559a52730ca0, L_0x559a52730e90, C4<0>, C4<0>;
L_0x559a52713900 .functor OR 1, L_0x559a52731080, L_0x559a52731270, C4<0>, C4<0>;
L_0x559a52714120 .functor OR 1, L_0x559a52713f90, L_0x559a52714080, C4<0>, C4<0>;
L_0x559a52713460 .functor OR 1, L_0x559a52713290, L_0x559a527133c0, C4<0>, C4<0>;
L_0x559a527139c0 .functor OR 1, L_0x559a52713570, L_0x559a52713660, C4<0>, C4<0>;
L_0x559a52713d20 .functor OR 1, L_0x559a52713ad0, L_0x559a52713c80, C4<0>, C4<0>;
L_0x559a52714820 .functor OR 1, L_0x559a52713e30, L_0x559a52713ed0, C4<0>, C4<0>;
L_0x559a52715090 .functor OR 1, L_0x559a52714930, L_0x559a52714ff0, C4<0>, C4<0>;
L_0x559a52715360 .functor OR 1, L_0x559a52714210, L_0x559a527142b0, C4<0>, C4<0>;
L_0x559a527145d0 .functor OR 1, L_0x559a52714440, L_0x559a52714530, C4<0>, C4<0>;
L_0x559a52715620 .functor OR 1, L_0x559a527153d0, L_0x559a52715580, C4<0>, C4<0>;
L_0x559a52715870 .functor OR 1, L_0x559a52715730, L_0x559a527157d0, C4<0>, C4<0>;
L_0x559a52716040 .functor OR 1, L_0x559a5271d900, L_0x559a52721890, C4<0>, C4<0>;
L_0x559a52715a20 .functor OR 1, L_0x559a527160b0, L_0x559a52715980, C4<0>, C4<0>;
L_0x559a52715b30 .functor OR 1, L_0x559a527355b0, L_0x559a52736680, C4<0>, C4<0>;
L_0x559a52715dc0 .functor OR 1, L_0x559a52715ba0, L_0x559a52715ca0, C4<0>, C4<0>;
L_0x559a52715ed0 .functor OR 1, L_0x559a52735b20, L_0x559a52737440, C4<0>, C4<0>;
L_0x559a527149d0 .functor OR 1, L_0x559a52737640, L_0x559a52736030, C4<0>, C4<0>;
L_0x559a52714c30 .functor OR 1, L_0x559a52714a90, L_0x559a52714b60, C4<0>, C4<0>;
L_0x559a52714cf0 .functor OR 1, L_0x559a52735b20, L_0x559a52712e90, C4<0>, C4<0>;
L_0x559a52714ea0 .functor OR 1, L_0x559a52735ed0, L_0x559a52736030, C4<0>, C4<0>;
L_0x559a52716940 .functor OR 1, L_0x559a527167b0, L_0x559a527168a0, C4<0>, C4<0>;
L_0x559a52716a50 .functor OR 1, L_0x559a52720e40, L_0x559a52720f00, C4<0>, C4<0>;
L_0x559a52716b60 .functor OR 1, L_0x559a52720fc0, L_0x559a52721080, C4<0>, C4<0>;
L_0x559a52716c70 .functor OR 1, L_0x559a52722b50, L_0x559a52722c10, C4<0>, C4<0>;
L_0x559a527162e0 .functor OR 1, L_0x559a52722cd0, L_0x559a527217d0, C4<0>, C4<0>;
L_0x559a527165d0 .functor OR 1, L_0x559a52716440, L_0x559a52716530, C4<0>, C4<0>;
L_0x559a527175a0 .functor OR 1, L_0x559a52717460, L_0x559a52717500, C4<0>, C4<0>;
L_0x559a527177f0 .functor OR 1, L_0x559a527176b0, L_0x559a52717750, C4<0>, C4<0>;
L_0x559a52717900 .functor OR 1, L_0x559a52736190, L_0x559a52736340, C4<0>, C4<0>;
L_0x559a52716d80 .functor OR 1, L_0x559a527364a0, L_0x559a5271de40, C4<0>, C4<0>;
L_0x559a52716df0 .functor OR 1, L_0x559a52736880, L_0x559a527369e0, C4<0>, C4<0>;
L_0x559a52716ff0 .functor OR 1, L_0x559a52736b40, L_0x559a52736d30, C4<0>, C4<0>;
L_0x559a52717240 .functor OR 1, L_0x559a527170b0, L_0x559a527171a0, C4<0>, C4<0>;
L_0x559a52718260 .functor OR 1, L_0x559a52718090, L_0x559a527181c0, C4<0>, C4<0>;
L_0x559a52718500 .functor OR 1, L_0x559a52718370, L_0x559a52718460, C4<0>, C4<0>;
L_0x559a52718610 .functor OR 1, L_0x559a52736f20, L_0x559a52737080, C4<0>, C4<0>;
L_0x559a52718680 .functor OR 1, L_0x559a52737230, L_0x559a52738430, C4<0>, C4<0>;
L_0x559a527186f0 .functor OR 1, L_0x559a52739280, L_0x559a52739390, C4<0>, C4<0>;
L_0x559a527188a0 .functor OR 1, L_0x559a527377a0, L_0x559a52737950, C4<0>, C4<0>;
L_0x559a52717970 .functor OR 1, L_0x559a52718960, L_0x559a52718a50, C4<0>, C4<0>;
L_0x559a52717d40 .functor OR 1, L_0x559a52717b70, L_0x559a52717ca0, C4<0>, C4<0>;
L_0x559a52719270 .functor OR 1, L_0x559a52717e50, L_0x559a52717f40, C4<0>, C4<0>;
L_0x559a52719380 .functor OR 1, L_0x559a52737b00, L_0x559a52737cb0, C4<0>, C4<0>;
L_0x559a527193f0 .functor OR 1, L_0x559a52737e60, L_0x559a52738010, C4<0>, C4<0>;
L_0x559a52719460 .functor OR 1, L_0x559a527381c0, L_0x559a52738540, C4<0>, C4<0>;
L_0x559a52718af0 .functor OR 1, L_0x559a527386f0, L_0x559a527388a0, C4<0>, C4<0>;
L_0x559a52718d40 .functor OR 1, L_0x559a52718bb0, L_0x559a52718ca0, C4<0>, C4<0>;
L_0x559a52719110 .functor OR 1, L_0x559a52718f40, L_0x559a52719070, C4<0>, C4<0>;
L_0x559a527197d0 .functor OR 1, L_0x559a52719690, L_0x559a52719730, C4<0>, C4<0>;
L_0x559a527198e0 .functor OR 1, L_0x559a52738a50, L_0x559a52738c00, C4<0>, C4<0>;
L_0x559a52719950 .functor OR 1, L_0x559a52738db0, L_0x559a52738f60, C4<0>, C4<0>;
L_0x559a527199c0 .functor OR 1, L_0x559a52739110, L_0x559a5273a260, C4<0>, C4<0>;
L_0x559a5271a3c0 .functor OR 1, L_0x559a5273b140, L_0x559a5273b250, C4<0>, C4<0>;
L_0x559a5271a610 .functor OR 1, L_0x559a5271a480, L_0x559a5271a570, C4<0>, C4<0>;
L_0x559a5271a9e0 .functor OR 1, L_0x559a5271a810, L_0x559a5271a940, C4<0>, C4<0>;
L_0x559a5271ac30 .functor OR 1, L_0x559a5271aaf0, L_0x559a5271ab90, C4<0>, C4<0>;
L_0x559a5271ad40 .functor OR 1, L_0x559a5273b360, L_0x559a52739650, C4<0>, C4<0>;
L_0x559a5271adb0 .functor OR 1, L_0x559a52739910, L_0x559a52739bd0, C4<0>, C4<0>;
L_0x559a5271ae20 .functor OR 1, L_0x559a52739e90, L_0x559a5273a150, C4<0>, C4<0>;
L_0x559a5271b0e0 .functor OR 1, L_0x559a5273a570, L_0x559a5273a830, C4<0>, C4<0>;
L_0x559a5271b330 .functor OR 1, L_0x559a5271b1a0, L_0x559a5271b290, C4<0>, C4<0>;
L_0x559a52719eb0 .functor OR 1, L_0x559a52719ce0, L_0x559a52719e10, C4<0>, C4<0>;
L_0x559a5271a150 .functor OR 1, L_0x559a52719fc0, L_0x559a5271a0b0, C4<0>, C4<0>;
L_0x559a5271a260 .functor OR 1, L_0x559a5273aaf0, L_0x559a5273aca0, C4<0>, C4<0>;
L_0x559a5271a2d0 .functor OR 1, L_0x559a5273ae50, L_0x559a5273b000, C4<0>, C4<0>;
L_0x559a5271bc10 .functor OR 1, L_0x559a5273d040, L_0x559a5273d1a0, C4<0>, C4<0>;
L_0x559a5271bea0 .functor OR 1, L_0x559a5273d350, L_0x559a5273b4c0, C4<0>, C4<0>;
L_0x559a5271c0f0 .functor OR 1, L_0x559a5271bf60, L_0x559a5271c050, C4<0>, C4<0>;
L_0x559a5271c4c0 .functor OR 1, L_0x559a5271c2f0, L_0x559a5271c420, C4<0>, C4<0>;
L_0x559a5271b4e0 .functor OR 1, L_0x559a5271c5d0, L_0x559a5271b440, C4<0>, C4<0>;
L_0x559a5271b5f0 .functor OR 1, L_0x559a5273b670, L_0x559a5273b820, C4<0>, C4<0>;
L_0x559a5271b660 .functor OR 1, L_0x559a5273b9d0, L_0x559a5273bb80, C4<0>, C4<0>;
L_0x559a5271b6d0 .functor OR 1, L_0x559a5273bd30, L_0x559a5273bee0, C4<0>, C4<0>;
L_0x559a5271b960 .functor OR 1, L_0x559a5273c090, L_0x559a5273c2a0, C4<0>, C4<0>;
L_0x559a5271cf60 .functor OR 1, L_0x559a5271ba20, L_0x559a5271bb10, C4<0>, C4<0>;
L_0x559a5271dbe0 .functor OR 1, L_0x559a5271d160, L_0x559a5271db40, C4<0>, C4<0>;
L_0x559a5271c850 .functor OR 1, L_0x559a5271c6c0, L_0x559a5271c7b0, C4<0>, C4<0>;
L_0x559a5271dac0 .functor OR 1, L_0x559a5273c660, L_0x559a5273ca20, C4<0>, C4<0>;
L_0x559a5271c960 .functor OR 1, L_0x559a5273cde0, L_0x559a5273e430, C4<0>, C4<0>;
L_0x559a5271c9d0 .functor OR 1, L_0x559a5273d620, L_0x559a5273d990, C4<0>, C4<0>;
L_0x559a5271cc00 .functor OR 1, L_0x559a5273dcb0, L_0x559a52735360, C4<0>, C4<0>;
L_0x559a5271ce50 .functor OR 1, L_0x559a5271ccc0, L_0x559a5271cdb0, C4<0>, C4<0>;
L_0x559a5271d550 .functor OR 1, L_0x559a5271d380, L_0x559a5271d4b0, C4<0>, C4<0>;
L_0x559a5271d7f0 .functor OR 1, L_0x559a5271d660, L_0x559a5271d750, C4<0>, C4<0>;
L_0x559a5271d900 .functor OR 1, L_0x559a52721a50, L_0x559a52721900, C4<0>, C4<0>;
L_0x559a5271ddd0 .functor OR 1, L_0x559a52721970, L_0x559a527219e0, C4<0>, C4<0>;
L_0x559a5271df70 .functor OR 1, L_0x559a5271d900, L_0x559a5271ded0, C4<0>, C4<0>;
L_0x559a5271dfe0 .functor OR 1, L_0x559a5273e160, L_0x559a5273e630, C4<0>, C4<0>;
L_0x559a5271e190 .functor OR 1, L_0x559a5271e050, L_0x559a5271e0f0, C4<0>, C4<0>;
L_0x559a5271e2a0 .functor OR 1, L_0x559a5273ead0, L_0x559a5273ec80, C4<0>, C4<0>;
L_0x559a5271edb0 .functor OR 1, L_0x559a5271e310, L_0x559a5271e3b0, C4<0>, C4<0>;
L_0x559a5271ee70 .functor OR 1, L_0x559a5273f0d0, L_0x559a5273f230, C4<0>, C4<0>;
L_0x559a5271f070 .functor OR 1, L_0x559a5271eee0, L_0x559a5271ef80, C4<0>, C4<0>;
L_0x559a5271e520 .functor OR 1, L_0x559a52740610, L_0x559a52741650, C4<0>, C4<0>;
L_0x559a5271e750 .functor OR 1, L_0x559a5271e590, L_0x559a5271e630, C4<0>, C4<0>;
L_0x559a5271e9a0 .functor OR 1, L_0x559a5271e860, L_0x559a5271e900, C4<0>, C4<0>;
L_0x559a5271ecd0 .functor OR 1, L_0x559a5271eab0, L_0x559a5271eba0, C4<0>, C4<0>;
L_0x559a5271ed40 .functor OR 1, L_0x559a5271fa50, L_0x559a5271faf0, C4<0>, C4<0>;
L_0x559a5271fc30 .functor OR 1, L_0x559a52721890, L_0x559a52721a50, C4<0>, C4<0>;
L_0x559a527206b0 .functor OR 1, L_0x559a52720610, L_0x559a527091a0, C4<0>, C4<0>;
L_0x559a52720720 .functor OR 1, L_0x559a527206b0, L_0x559a527219e0, C4<0>, C4<0>;
L_0x559a5271f350 .functor OR 1, L_0x559a5271f210, L_0x559a5271f2b0, C4<0>, C4<0>;
L_0x559a5271f500 .functor OR 1, L_0x559a5271f350, L_0x559a5271f460, C4<0>, C4<0>;
L_0x559a5271f740 .functor OR 1, L_0x559a5271f600, L_0x559a5271f6a0, C4<0>, C4<0>;
L_0x559a5271fd30 .functor OR 1, L_0x559a5271f850, L_0x559a5271f980, C4<0>, C4<0>;
L_0x559a5271fdf0 .functor OR 1, L_0x559a52721ac0, L_0x559a527216c0, C4<0>, C4<0>;
L_0x559a5271fe60 .functor OR 1, L_0x559a527207e0, L_0x559a527208f0, C4<0>, C4<0>;
L_0x559a5271ff00 .functor OR 1, L_0x559a52720a00, L_0x559a52720b10, C4<0>, C4<0>;
L_0x559a527201c0 .functor OR 1, L_0x559a52720c20, L_0x559a52720d30, C4<0>, C4<0>;
L_0x559a52720410 .functor OR 1, L_0x559a52720280, L_0x559a52720370, C4<0>, C4<0>;
L_0x559a52721310 .functor OR 1, L_0x559a52721110, L_0x559a52721240, C4<0>, C4<0>;
L_0x559a527215b0 .functor OR 1, L_0x559a52721420, L_0x559a52721510, C4<0>, C4<0>;
L_0x559a527216c0 .functor NOT 1, L_0x559a526f2490, C4<0>, C4<0>, C4<0>;
L_0x559a527207e0 .functor NOT 1, L_0x559a526f2c90, C4<0>, C4<0>, C4<0>;
L_0x559a527208f0 .functor NOT 1, L_0x559a526f3800, C4<0>, C4<0>, C4<0>;
L_0x559a52720a00 .functor NOT 1, L_0x559a526f3cf0, C4<0>, C4<0>, C4<0>;
L_0x559a52720b10 .functor NOT 1, L_0x559a526f4d20, C4<0>, C4<0>, C4<0>;
L_0x559a52720c20 .functor NOT 1, L_0x559a526f5a50, C4<0>, C4<0>, C4<0>;
L_0x559a52720d30 .functor NOT 1, L_0x559a52715870, C4<0>, C4<0>, C4<0>;
L_0x559a52720e40 .functor NOT 1, L_0x559a526f6880, C4<0>, C4<0>, C4<0>;
L_0x559a52720f00 .functor NOT 1, L_0x559a526f7760, C4<0>, C4<0>, C4<0>;
L_0x559a52720fc0 .functor NOT 1, L_0x559a526f8320, C4<0>, C4<0>, C4<0>;
L_0x559a52721080 .functor NOT 1, L_0x559a526f8e40, C4<0>, C4<0>, C4<0>;
L_0x559a52722b50 .functor NOT 1, L_0x559a526fa650, C4<0>, C4<0>, C4<0>;
L_0x559a52722c10 .functor NOT 1, L_0x559a526fbed0, C4<0>, C4<0>, C4<0>;
L_0x559a52722cd0 .functor NOT 1, L_0x559a526fcf90, C4<0>, C4<0>, C4<0>;
L_0x559a527217d0 .functor NOT 1, L_0x559a5271ed40, C4<0>, C4<0>, C4<0>;
L_0x559a52721890 .functor NOT 1, L_0x559a526fd0d0, C4<0>, C4<0>, C4<0>;
L_0x559a52721900 .functor NOT 1, L_0x559a526fd8e0, C4<0>, C4<0>, C4<0>;
L_0x559a52721970 .functor NOT 1, L_0x559a526fe180, C4<0>, C4<0>, C4<0>;
L_0x559a527219e0 .functor NOT 1, L_0x559a5271f500, C4<0>, C4<0>, C4<0>;
L_0x559a52721a50 .functor NOT 1, L_0x559a526fea10, C4<0>, C4<0>, C4<0>;
L_0x559a52721ac0 .functor NOT 1, L_0x559a5270c4e0, C4<0>, C4<0>, C4<0>;
L_0x559a52721bd0 .functor AND 1, L_0x559a5273f8c0, v0x559a52672880_0, C4<1>, C4<1>;
L_0x559a52721c40 .functor NOT 1, L_0x559a5270b340, C4<0>, C4<0>, C4<0>;
L_0x559a5272e7f0 .functor AND 1, L_0x559a5272e750, L_0x559a52721ac0, C4<1>, C4<1>;
L_0x559a5272e9a0 .functor AND 1, L_0x559a5272e900, L_0x559a527216c0, C4<1>, C4<1>;
L_0x559a5272eb50 .functor AND 1, L_0x559a5272eab0, L_0x559a527207e0, C4<1>, C4<1>;
L_0x559a5272ed00 .functor AND 1, L_0x559a5272ec60, L_0x559a527208f0, C4<1>, C4<1>;
L_0x559a527238e0 .functor AND 1, L_0x559a52723840, L_0x559a52720a00, C4<1>, C4<1>;
L_0x559a52723a90 .functor AND 1, L_0x559a527239f0, L_0x559a52720b10, C4<1>, C4<1>;
L_0x559a52723c40 .functor AND 1, L_0x559a52723ba0, L_0x559a52720c20, C4<1>, C4<1>;
L_0x559a52723df0 .functor AND 1, L_0x559a52723d50, L_0x559a52720d30, C4<1>, C4<1>;
L_0x559a52723ff0 .functor AND 1, L_0x559a52723f00, L_0x559a52721ac0, C4<1>, C4<1>;
L_0x559a5272f950 .functor AND 1, L_0x559a52724100, L_0x559a527216c0, C4<1>, C4<1>;
L_0x559a52730500 .functor AND 1, L_0x559a52730460, L_0x559a527207e0, C4<1>, C4<1>;
L_0x559a52730740 .functor AND 1, L_0x559a527306a0, L_0x559a527208f0, C4<1>, C4<1>;
L_0x559a52730850 .functor AND 1, L_0x559a5272efa0, L_0x559a52720a00, C4<1>, C4<1>;
L_0x559a5272f210 .functor AND 1, L_0x559a5272f170, L_0x559a52720b10, C4<1>, C4<1>;
L_0x559a5272f450 .functor AND 1, L_0x559a5272f3b0, L_0x559a52720c20, C4<1>, C4<1>;
L_0x559a5272f690 .functor AND 1, L_0x559a5272f5f0, L_0x559a52720d30, C4<1>, C4<1>;
L_0x559a5272f8d0 .functor AND 1, L_0x559a5272f830, L_0x559a52721ac0, C4<1>, C4<1>;
L_0x559a5272fab0 .functor AND 1, L_0x559a5272fa10, L_0x559a527216c0, C4<1>, C4<1>;
L_0x559a5272fc60 .functor AND 1, L_0x559a5272fbc0, L_0x559a527207e0, C4<1>, C4<1>;
L_0x559a5272fe10 .functor AND 1, L_0x559a5272fd70, L_0x559a527208f0, C4<1>, C4<1>;
L_0x559a5272ffc0 .functor AND 1, L_0x559a5272ff20, L_0x559a52720a00, C4<1>, C4<1>;
L_0x559a52730170 .functor AND 1, L_0x559a527300d0, L_0x559a52720b10, C4<1>, C4<1>;
L_0x559a52730320 .functor AND 1, L_0x559a52730280, L_0x559a52720c20, C4<1>, C4<1>;
L_0x559a52731410 .functor AND 1, L_0x559a52731370, L_0x559a52720d30, C4<1>, C4<1>;
L_0x559a52732080 .functor AND 1, L_0x559a52731fe0, L_0x559a52721ac0, C4<1>, C4<1>;
L_0x559a52732190 .functor AND 1, L_0x559a527320f0, L_0x559a527216c0, C4<1>, C4<1>;
L_0x559a52730950 .functor AND 1, L_0x559a52732250, L_0x559a527207e0, C4<1>, C4<1>;
L_0x559a52730b40 .functor AND 1, L_0x559a52730a10, L_0x559a527208f0, C4<1>, C4<1>;
L_0x559a52730d30 .functor AND 1, L_0x559a52730c00, L_0x559a52720a00, C4<1>, C4<1>;
L_0x559a52730f20 .functor AND 1, L_0x559a52730df0, L_0x559a52720b10, C4<1>, C4<1>;
L_0x559a52731110 .functor AND 1, L_0x559a52730fe0, L_0x559a52720c20, C4<1>, C4<1>;
L_0x559a52731300 .functor AND 1, L_0x559a527311d0, L_0x559a52720d30, C4<1>, C4<1>;
L_0x559a527315c0 .functor AND 1, L_0x559a52731520, L_0x559a52721ac0, C4<1>, C4<1>;
L_0x559a52731770 .functor AND 1, L_0x559a527316d0, L_0x559a527216c0, C4<1>, C4<1>;
L_0x559a52731920 .functor AND 1, L_0x559a52731880, L_0x559a527207e0, C4<1>, C4<1>;
L_0x559a52731ad0 .functor AND 1, L_0x559a52731a30, L_0x559a527208f0, C4<1>, C4<1>;
L_0x559a52731c80 .functor AND 1, L_0x559a52731be0, L_0x559a52720a00, C4<1>, C4<1>;
L_0x559a52731e30 .functor AND 1, L_0x559a52731d90, L_0x559a52720b10, C4<1>, C4<1>;
L_0x559a52732e20 .functor AND 1, L_0x559a52731f40, L_0x559a52720c20, C4<1>, C4<1>;
L_0x559a52732fd0 .functor AND 1, L_0x559a52732f30, L_0x559a52720d30, C4<1>, C4<1>;
L_0x559a52733cc0 .functor AND 1, L_0x559a52733c20, L_0x559a52721ac0, C4<1>, C4<1>;
L_0x559a52733dd0 .functor AND 1, L_0x559a52732400, L_0x559a527216c0, C4<1>, C4<1>;
L_0x559a527326f0 .functor AND 1, L_0x559a52732650, L_0x559a527207e0, C4<1>, C4<1>;
L_0x559a5270ff60 .functor AND 1, L_0x559a52732910, L_0x559a527208f0, C4<1>, C4<1>;
L_0x559a52732b60 .functor AND 1, L_0x559a52732ac0, L_0x559a52720a00, C4<1>, C4<1>;
L_0x559a5270f640 .functor AND 1, L_0x559a52732d80, L_0x559a52720b10, C4<1>, C4<1>;
L_0x559a527332e0 .functor AND 1, L_0x559a52733240, L_0x559a52720c20, C4<1>, C4<1>;
L_0x559a527335a0 .functor AND 1, L_0x559a52733500, L_0x559a52720d30, C4<1>, C4<1>;
L_0x559a52733860 .functor AND 1, L_0x559a527337c0, L_0x559a52721ac0, C4<1>, C4<1>;
L_0x559a52733a10 .functor AND 1, L_0x559a52733970, L_0x559a527216c0, C4<1>, C4<1>;
L_0x559a5272f7a0 .functor AND 1, L_0x559a52733b20, L_0x559a527207e0, C4<1>, C4<1>;
L_0x559a52734ac0 .functor AND 1, L_0x559a52734a20, L_0x559a527208f0, C4<1>, C4<1>;
L_0x559a52735810 .functor AND 1, L_0x559a52735770, L_0x559a52720a00, C4<1>, C4<1>;
L_0x559a52735970 .functor AND 1, L_0x559a527358d0, L_0x559a52720b10, C4<1>, C4<1>;
L_0x559a52733ee0 .functor AND 1, L_0x559a52733e40, L_0x559a52720c20, C4<1>, C4<1>;
L_0x559a52711830 .functor AND 1, L_0x559a52733ff0, L_0x559a52720d30, C4<1>, C4<1>;
L_0x559a5270e740 .functor AND 1, L_0x559a52734090, L_0x559a52721ac0, C4<1>, C4<1>;
L_0x559a5270dda0 .functor AND 1, L_0x559a527342e0, L_0x559a527216c0, C4<1>, C4<1>;
L_0x559a527308c0 .functor AND 1, L_0x559a52734530, L_0x559a527207e0, C4<1>, C4<1>;
L_0x559a52730ab0 .functor AND 1, L_0x559a52734780, L_0x559a527208f0, C4<1>, C4<1>;
L_0x559a52730ca0 .functor AND 1, L_0x559a52734bd0, L_0x559a52720a00, C4<1>, C4<1>;
L_0x559a52730e90 .functor AND 1, L_0x559a52734e20, L_0x559a52720b10, C4<1>, C4<1>;
L_0x559a52731080 .functor AND 1, L_0x559a52735070, L_0x559a52720c20, C4<1>, C4<1>;
L_0x559a52731270 .functor AND 1, L_0x559a527352c0, L_0x559a52720d30, C4<1>, C4<1>;
L_0x559a527355b0 .functor AND 1, L_0x559a52735510, L_0x559a527219e0, C4<1>, C4<1>;
L_0x559a52736680 .functor AND 1, L_0x559a527356c0, L_0x559a52721970, C4<1>, C4<1>;
L_0x559a52737440 .functor AND 1, L_0x559a527373a0, L_0x559a52721970, C4<1>, C4<1>;
L_0x559a52737640 .functor AND 1, L_0x559a52737550, L_0x559a5271d900, C4<1>, C4<1>;
L_0x559a52735b20 .functor AND 1, L_0x559a52735a30, L_0x559a527219e0, C4<1>, C4<1>;
L_0x559a52712e90 .functor AND 1, L_0x559a52735be0, L_0x559a52721970, C4<1>, C4<1>;
L_0x559a52735ed0 .functor AND 1, L_0x559a52735e30, L_0x559a5271d900, C4<1>, C4<1>;
L_0x559a52736030 .functor AND 1, L_0x559a52735f90, L_0x559a52721890, C4<1>, C4<1>;
L_0x559a52736190 .functor AND 1, L_0x559a527360f0, L_0x559a52720e40, C4<1>, C4<1>;
L_0x559a52736340 .functor AND 1, L_0x559a527362a0, L_0x559a52720f00, C4<1>, C4<1>;
L_0x559a527364a0 .functor AND 1, L_0x559a52736400, L_0x559a52720fc0, C4<1>, C4<1>;
L_0x559a5271de40 .functor AND 1, L_0x559a52736560, L_0x559a52721080, C4<1>, C4<1>;
L_0x559a52736880 .functor AND 1, L_0x559a527367e0, L_0x559a52722b50, C4<1>, C4<1>;
L_0x559a527369e0 .functor AND 1, L_0x559a52736940, L_0x559a52722c10, C4<1>, C4<1>;
L_0x559a52736b40 .functor AND 1, L_0x559a52736aa0, L_0x559a52722cd0, C4<1>, C4<1>;
L_0x559a52736d30 .functor AND 1, L_0x559a52736c90, L_0x559a527217d0, C4<1>, C4<1>;
L_0x559a52736f20 .functor AND 1, L_0x559a52736e80, L_0x559a52720e40, C4<1>, C4<1>;
L_0x559a52737080 .functor AND 1, L_0x559a52736fe0, L_0x559a52720f00, C4<1>, C4<1>;
L_0x559a52737230 .functor AND 1, L_0x559a52737190, L_0x559a52720fc0, C4<1>, C4<1>;
L_0x559a52738430 .functor AND 1, L_0x559a52738390, L_0x559a52721080, C4<1>, C4<1>;
L_0x559a52739280 .functor AND 1, L_0x559a527391e0, L_0x559a52722b50, C4<1>, C4<1>;
L_0x559a52739390 .functor AND 1, L_0x559a527392f0, L_0x559a52722c10, C4<1>, C4<1>;
L_0x559a527377a0 .functor AND 1, L_0x559a52737700, L_0x559a52722cd0, C4<1>, C4<1>;
L_0x559a52737950 .functor AND 1, L_0x559a527378b0, L_0x559a527217d0, C4<1>, C4<1>;
L_0x559a52737b00 .functor AND 1, L_0x559a52737a60, L_0x559a52720e40, C4<1>, C4<1>;
L_0x559a52737cb0 .functor AND 1, L_0x559a52737c10, L_0x559a52720f00, C4<1>, C4<1>;
L_0x559a52737e60 .functor AND 1, L_0x559a52737dc0, L_0x559a52720fc0, C4<1>, C4<1>;
L_0x559a52738010 .functor AND 1, L_0x559a52737f70, L_0x559a52721080, C4<1>, C4<1>;
L_0x559a527381c0 .functor AND 1, L_0x559a52738120, L_0x559a52722b50, C4<1>, C4<1>;
L_0x559a52738540 .functor AND 1, L_0x559a527382d0, L_0x559a52722c10, C4<1>, C4<1>;
L_0x559a527386f0 .functor AND 1, L_0x559a52738650, L_0x559a52722cd0, C4<1>, C4<1>;
L_0x559a527388a0 .functor AND 1, L_0x559a52738800, L_0x559a527217d0, C4<1>, C4<1>;
L_0x559a52738a50 .functor AND 1, L_0x559a527389b0, L_0x559a52720e40, C4<1>, C4<1>;
L_0x559a52738c00 .functor AND 1, L_0x559a52738b60, L_0x559a52720f00, C4<1>, C4<1>;
L_0x559a52738db0 .functor AND 1, L_0x559a52738d10, L_0x559a52720fc0, C4<1>, C4<1>;
L_0x559a52738f60 .functor AND 1, L_0x559a52738ec0, L_0x559a52721080, C4<1>, C4<1>;
L_0x559a52739110 .functor AND 1, L_0x559a52739070, L_0x559a52722b50, C4<1>, C4<1>;
L_0x559a5273a260 .functor AND 1, L_0x559a5273a1c0, L_0x559a52722c10, C4<1>, C4<1>;
L_0x559a5273b140 .functor AND 1, L_0x559a5273b0a0, L_0x559a52722cd0, C4<1>, C4<1>;
L_0x559a5273b250 .functor AND 1, L_0x559a5273b1b0, L_0x559a527217d0, C4<1>, C4<1>;
L_0x559a5273b360 .functor AND 1, L_0x559a5273b2c0, L_0x559a52720e40, C4<1>, C4<1>;
L_0x559a52739650 .functor AND 1, L_0x559a527395b0, L_0x559a52720f00, C4<1>, C4<1>;
L_0x559a52739910 .functor AND 1, L_0x559a52739870, L_0x559a52720fc0, C4<1>, C4<1>;
L_0x559a52739bd0 .functor AND 1, L_0x559a52739b30, L_0x559a52721080, C4<1>, C4<1>;
L_0x559a52739e90 .functor AND 1, L_0x559a52739df0, L_0x559a52722b50, C4<1>, C4<1>;
L_0x559a5273a150 .functor AND 1, L_0x559a5273a0b0, L_0x559a52722c10, C4<1>, C4<1>;
L_0x559a5273a570 .functor AND 1, L_0x559a5273a4d0, L_0x559a52722cd0, C4<1>, C4<1>;
L_0x559a5273a830 .functor AND 1, L_0x559a5273a790, L_0x559a527217d0, C4<1>, C4<1>;
L_0x559a5273aaf0 .functor AND 1, L_0x559a5273aa50, L_0x559a52720e40, C4<1>, C4<1>;
L_0x559a5273aca0 .functor AND 1, L_0x559a5273ac00, L_0x559a52720f00, C4<1>, C4<1>;
L_0x559a5273ae50 .functor AND 1, L_0x559a5273adb0, L_0x559a52720fc0, C4<1>, C4<1>;
L_0x559a5273b000 .functor AND 1, L_0x559a5273af60, L_0x559a52721080, C4<1>, C4<1>;
L_0x559a5273d040 .functor AND 1, L_0x559a5273cfa0, L_0x559a52722b50, C4<1>, C4<1>;
L_0x559a5273d1a0 .functor AND 1, L_0x559a5273d100, L_0x559a52722c10, C4<1>, C4<1>;
L_0x559a5273d350 .functor AND 1, L_0x559a5273d2b0, L_0x559a52722cd0, C4<1>, C4<1>;
L_0x559a5273b4c0 .functor AND 1, L_0x559a5273b420, L_0x559a527217d0, C4<1>, C4<1>;
L_0x559a5273b670 .functor AND 1, L_0x559a5273b5d0, L_0x559a52720e40, C4<1>, C4<1>;
L_0x559a5273b820 .functor AND 1, L_0x559a5273b780, L_0x559a52720f00, C4<1>, C4<1>;
L_0x559a5273b9d0 .functor AND 1, L_0x559a5273b930, L_0x559a52720fc0, C4<1>, C4<1>;
L_0x559a5273bb80 .functor AND 1, L_0x559a5273bae0, L_0x559a52721080, C4<1>, C4<1>;
L_0x559a5273bd30 .functor AND 1, L_0x559a5273bc90, L_0x559a52722b50, C4<1>, C4<1>;
L_0x559a5273bee0 .functor AND 1, L_0x559a5273be40, L_0x559a52722c10, C4<1>, C4<1>;
L_0x559a5273c090 .functor AND 1, L_0x559a5273bff0, L_0x559a52722cd0, C4<1>, C4<1>;
L_0x559a5273c2a0 .functor AND 1, L_0x559a5273c200, L_0x559a527217d0, C4<1>, C4<1>;
L_0x559a5273c660 .functor AND 1, L_0x559a5273c3b0, L_0x559a52720e40, C4<1>, C4<1>;
L_0x559a5273ca20 .functor AND 1, L_0x559a5273c770, L_0x559a52720f00, C4<1>, C4<1>;
L_0x559a5273cde0 .functor AND 1, L_0x559a5273cb30, L_0x559a52720fc0, C4<1>, C4<1>;
L_0x559a5273e430 .functor AND 1, L_0x559a5273cef0, L_0x559a52721080, C4<1>, C4<1>;
L_0x559a5273d620 .functor AND 1, L_0x559a5273f360, L_0x559a52722b50, C4<1>, C4<1>;
L_0x559a5273d990 .functor AND 1, L_0x559a5273d6e0, L_0x559a52722c10, C4<1>, C4<1>;
L_0x559a5273dcb0 .functor AND 1, L_0x559a5273f400, L_0x559a52722cd0, C4<1>, C4<1>;
L_0x559a52735360 .functor AND 1, L_0x559a5273ddc0, L_0x559a527217d0, C4<1>, C4<1>;
L_0x559a5273e160 .functor AND 1, L_0x559a5273e070, L_0x559a52721a50, C4<1>, C4<1>;
L_0x559a5273e630 .functor AND 1, L_0x559a5273e590, L_0x559a52721900, C4<1>, C4<1>;
L_0x559a5273e920 .functor AND 1, L_0x559a5273e830, L_0x559a52721970, C4<1>, C4<1>;
L_0x559a5273ead0 .functor AND 1, L_0x559a5273ea30, L_0x559a52721a50, C4<1>, C4<1>;
L_0x559a5273ec80 .functor AND 1, L_0x559a5273ebe0, L_0x559a52721900, C4<1>, C4<1>;
L_0x559a5273ef20 .functor AND 1, L_0x559a5273ee80, L_0x559a52721970, C4<1>, C4<1>;
L_0x559a5273f0d0 .functor AND 1, L_0x559a5273f030, L_0x559a52721a50, C4<1>, C4<1>;
L_0x559a5273f230 .functor AND 1, L_0x559a5273f190, L_0x559a52721900, C4<1>, C4<1>;
L_0x559a527404b0 .functor AND 1, L_0x559a52740410, L_0x559a52721970, C4<1>, C4<1>;
L_0x559a52740610 .functor AND 1, L_0x559a52740570, L_0x559a52721a50, C4<1>, C4<1>;
L_0x559a52741650 .functor AND 1, L_0x559a527415b0, L_0x559a52721900, C4<1>, C4<1>;
L_0x559a5273f630 .functor AND 1, L_0x559a5273f590, L_0x559a52721970, C4<1>, C4<1>;
L_0x559a526f8290 .functor NOT 1, v0x559a5267b160_0, C4<0>, C4<0>, C4<0>;
L_0x559a5273f740 .functor NOT 1, L_0x559a526f1a00, C4<0>, C4<0>, C4<0>;
L_0x559a5273f800 .functor NOT 1, L_0x559a526f1990, C4<0>, C4<0>, C4<0>;
L_0x559a5273f8c0 .functor NOT 1, v0x559a52673630_0, C4<0>, C4<0>, C4<0>;
L_0x559a52757760 .functor BUFZ 1, L_0x559a527091a0, C4<0>, C4<0>, C4<0>;
L_0x559a52757960 .functor BUFZ 1, L_0x559a527091a0, C4<0>, C4<0>, C4<0>;
L_0x559a52757ac0 .functor BUFZ 1, L_0x559a5271f500, C4<0>, C4<0>, C4<0>;
L_0x559a527436a0 .functor BUFZ 1, L_0x559a526f06c0, C4<0>, C4<0>, C4<0>;
v0x559a526286c0_0 .net "Add2_in", 7 0, v0x559a526edf40_0;  1 drivers
v0x559a52627e10_0 .net "Add_SPI", 7 0, L_0x559a5275ad10;  1 drivers
v0x559a52621680_0 .var "Add_SPI_reg[0]", 0 0;
v0x559a524dea10_0 .var "Add_SPI_reg[1]", 0 0;
v0x559a524df920_0 .var "Add_SPI_reg[2]", 0 0;
v0x559a52630050_0 .var "Add_SPI_reg[3]", 0 0;
v0x559a52695610_0 .var "Add_SPI_reg[4]", 0 0;
v0x559a52694820_0 .var "Add_SPI_reg[5]", 0 0;
v0x559a52693a70_0 .var "Add_SPI_reg[6]", 0 0;
v0x559a52692cc0_0 .var "BitCnt", 3 0;
v0x559a52691f10_0 .net "CPHA", 0 0, v0x559a526ee0e0_0;  1 drivers
v0x559a52691160_0 .var "CPHA_delay0", 0 0;
v0x559a526903b0_0 .var "CPHA_latched", 0 0;
v0x559a5268f600_0 .var "CPHA_metastable", 0 0;
v0x559a5268e850_0 .net "CPOL", 0 0, v0x559a526ee180_0;  1 drivers
v0x559a5268daa0_0 .var "CPOL_delay0", 0 0;
v0x559a5268ccf0_0 .var "CPOL_latched", 0 0;
v0x559a5268bf40_0 .var "CPOL_metastable", 0 0;
v0x559a5268b190_0 .net "Clk", 0 0, v0x559a526ee020_0;  1 drivers
v0x559a5268a3e0_0 .var "Data2_out", 7 0;
v0x559a52689630_0 .var "DataToSend", 7 0;
v0x559a52688880_0 .var "Data_fromSPI", 7 0;
v0x559a52687ad0_0 .var "Data_toSPI", 7 0;
v0x559a52686d20_0 .net "DriveEdge", 0 0, L_0x559a5272e660;  1 drivers
v0x559a52685f70_0 .net "LeadingEdge", 0 0, L_0x559a526f1bd0;  1 drivers
v0x559a526851c0_0 .var "MISO", 0 0;
v0x559a52684410_0 .net "MOSI", 0 0, v0x559a526ee750_0;  1 drivers
v0x559a52683660_0 .var "MOSI_delay0", 0 0;
v0x559a526828b0_0 .var "MOSI_metastable", 0 0;
v0x559a52681ee0_0 .var "ReceivedByte", 7 0;
v0x559a52681130_0 .var "Register0", 7 0;
v0x559a52680380_0 .var "Register1", 7 0;
v0x559a5267f5d0_0 .var "Register2", 7 0;
v0x559a5267f670_0 .var "Register3", 7 0;
v0x559a5267e820_0 .var "Register4", 7 0;
v0x559a5267da70_0 .var "Register5", 7 0;
v0x559a5267ccc0_0 .var "Register6", 7 0;
v0x559a5267bf10_0 .var "Register7", 7 0;
v0x559a5267b160_0 .var "RnW", 0 0;
v0x559a5267a3b0_0 .net "SCK", 0 0, v0x559a526ee990_0;  1 drivers
v0x559a52679600_0 .var "SCK_delay0", 0 0;
v0x559a52678850_0 .var "SCK_delay1", 0 0;
v0x559a52677aa0_0 .var "SCK_metastable", 0 0;
v0x559a52676cf0_0 .net "SCK_norm0", 0 0, L_0x559a526f1990;  1 drivers
v0x559a52675f40_0 .net "SCK_norm1", 0 0, L_0x559a526f1a00;  1 drivers
v0x559a52675190_0 .var "SPI_State", 2 0;
v0x559a526743e0_0 .net "SSEL", 0 0, v0x559a526eea60_0;  1 drivers
v0x559a52673630_0 .var "SSEL_delay0", 0 0;
v0x559a52672880_0 .var "SSEL_delay1", 0 0;
v0x559a52671ad0_0 .var "SSEL_metastable", 0 0;
v0x559a52670d20_0 .net "SampleEdge", 0 0, L_0x559a5272e520;  1 drivers
v0x559a5266ff70_0 .net "TrailingEdge", 0 0, L_0x559a526f1c90;  1 drivers
v0x559a5266f1c0_0 .var "WrEn", 0 0;
v0x559a5266e410_0 .net "_0000_", 3 0, L_0x559a52742340;  1 drivers
v0x559a5266d660_0 .net "_0001_", 7 0, L_0x559a527401f0;  1 drivers
v0x559a5266c8b0_0 .net "_0002_", 7 0, L_0x559a52727560;  1 drivers
v0x559a5266bb00_0 .net "_0003_", 7 0, L_0x559a527297d0;  1 drivers
v0x559a5266ad50_0 .net "_0004_", 2 0, L_0x559a52740db0;  1 drivers
v0x559a52669fa0_0 .net "_0005_", 0 0, L_0x559a52721e30;  1 drivers
v0x559a526691f0_0 .net "_0006_", 7 0, L_0x559a5275b530;  1 drivers
v0x559a52667690_0 .net "_0007_", 0 0, L_0x559a5271d900;  1 drivers
v0x559a526668e0_0 .net "_0008_", 0 0, L_0x559a52709890;  1 drivers
v0x559a52665b30_0 .net "_0009_", 0 0, L_0x559a52709790;  1 drivers
v0x559a52664d80_0 .net "_0010_", 0 0, L_0x559a52708850;  1 drivers
v0x559a52663fd0_0 .net "_0011_", 0 0, L_0x559a52708740;  1 drivers
v0x559a52664070_0 .net "_0012_", 0 0, L_0x559a52707e30;  1 drivers
v0x559a52663220_0 .net "_0013_", 0 0, L_0x559a52707c30;  1 drivers
v0x559a52662470_0 .net "_0014_", 0 0, L_0x559a52721890;  1 drivers
v0x559a526616c0_0 .net "_0015_", 0 0, L_0x559a526fd8e0;  1 drivers
v0x559a52660910_0 .net "_0016_", 0 0, L_0x559a526fe180;  1 drivers
v0x559a5265fb60_0 .net "_0017_", 0 0, L_0x559a5271f500;  1 drivers
v0x559a5265f010_0 .net "_0018_", 0 0, L_0x559a526fea10;  1 drivers
v0x559a5265e4c0_0 .net "_0019_", 0 0, L_0x559a526fd0d0;  1 drivers
v0x559a5265d970_0 .net "_0020_", 0 0, L_0x559a52721900;  1 drivers
v0x559a5265ce20_0 .net "_0021_", 0 0, L_0x559a52721970;  1 drivers
v0x559a5265c2d0_0 .net "_0022_", 0 0, L_0x559a527219e0;  1 drivers
v0x559a5265b780_0 .net "_0023_", 0 0, L_0x559a52721a50;  1 drivers
v0x559a5265ac30_0 .net "_0024_", 0 0, L_0x559a527091a0;  1 drivers
v0x559a52659e80_0 .net "_0025_", 0 0, L_0x559a527004a0;  1 drivers
v0x559a526590d0_0 .net "_0026_", 0 0, L_0x559a526fee90;  1 drivers
v0x559a52658320_0 .net "_0027_", 0 0, L_0x559a52708d50;  1 drivers
v0x559a52657570_0 .net "_0028_", 0 0, L_0x559a52708ce0;  1 drivers
v0x559a526567c0_0 .net "_0029_", 0 0, L_0x559a52706cd0;  1 drivers
v0x559a52655a10_0 .net "_0030_", 0 0, L_0x559a527066b0;  1 drivers
v0x559a52654c60_0 .net "_0031_", 0 0, L_0x559a52706180;  1 drivers
v0x559a52653eb0_0 .net "_0032_", 0 0, L_0x559a52705120;  1 drivers
v0x559a52653100_0 .net "_0033_", 0 0, L_0x559a52704350;  1 drivers
v0x559a52652350_0 .net "_0034_", 0 0, L_0x559a52703910;  1 drivers
v0x559a526515a0_0 .net "_0035_", 0 0, L_0x559a52702630;  1 drivers
v0x559a526507f0_0 .net "_0036_", 0 0, L_0x559a527016c0;  1 drivers
v0x559a5264fa40_0 .net "_0037_", 0 0, L_0x559a52701300;  1 drivers
v0x559a5264ec90_0 .net "_0038_", 0 0, L_0x559a52701230;  1 drivers
v0x559a5264dee0_0 .net "_0039_", 0 0, L_0x559a52700e80;  1 drivers
v0x559a5264d130_0 .net "_0040_", 0 0, L_0x559a52700db0;  1 drivers
v0x559a5264c380_0 .net "_0041_", 0 0, L_0x559a527009f0;  1 drivers
v0x559a5264b5d0_0 .net "_0042_", 0 0, L_0x559a52700980;  1 drivers
v0x559a5264a820_0 .net "_0043_", 0 0, L_0x559a52700600;  1 drivers
v0x559a52649ee0_0 .net "_0044_", 0 0, L_0x559a526ffd80;  1 drivers
v0x559a526495a0_0 .net "_0045_", 0 0, L_0x559a526fedd0;  1 drivers
v0x559a52648c60_0 .net "_0046_", 0 0, L_0x559a526f8290;  1 drivers
v0x559a52648320_0 .net "_0047_", 0 0, L_0x559a526ef5b0;  1 drivers
v0x559a526479e0_0 .net "_0048_", 0 0, L_0x559a526ef2d0;  1 drivers
v0x559a526470a0_0 .net "_0049_", 0 0, L_0x559a526ef890;  1 drivers
v0x559a52646760_0 .net "_0050_", 0 0, L_0x559a526efae0;  1 drivers
v0x559a52645e20_0 .net "_0051_", 0 0, L_0x559a526eff00;  1 drivers
v0x559a526454e0_0 .net "_0052_", 0 0, L_0x559a526efd00;  1 drivers
v0x559a52644ba0_0 .net "_0053_", 0 0, L_0x559a526f0100;  1 drivers
v0x559a52644260_0 .net "_0054_", 0 0, L_0x559a526f02c0;  1 drivers
v0x559a52643920_0 .net "_0055_", 0 0, L_0x559a526f0420;  1 drivers
v0x559a52642fe0_0 .net "_0056_", 0 0, L_0x559a526f0620;  1 drivers
v0x559a526422c0_0 .net "_0057_", 0 0, L_0x559a526f06c0;  1 drivers
v0x559a526416e0_0 .net "_0058_", 0 0, L_0x559a526f0830;  1 drivers
v0x559a52640b00_0 .net "_0059_", 3 0, L_0x559a527151d0;  1 drivers
v0x559a524f7580_0 .net "_0060_", 1 0, L_0x559a527146e0;  1 drivers
v0x559a522d3830_0 .net "_0061_", 3 0, L_0x559a52756970;  1 drivers
v0x559a522d3910_0 .net "_0062_", 1 0, L_0x559a52757e10;  1 drivers
v0x559a524daf60_0 .net "_0063_", 3 0, L_0x559a527463c0;  1 drivers
v0x559a524db040_0 .net "_0064_", 1 0, L_0x559a52746190;  1 drivers
v0x559a52537250_0 .net "_0065_", 3 0, L_0x559a52745d30;  1 drivers
v0x559a52537310_0 .net "_0066_", 1 0, L_0x559a52745b00;  1 drivers
v0x559a524da6c0_0 .net "_0067_", 1 0, L_0x559a52745380;  1 drivers
v0x559a524da7a0_0 .net "_0068_", 1 0, L_0x559a52744b00;  1 drivers
v0x559a52533220_0 .net "_0069_", 2 0, L_0x559a526f9170;  1 drivers
v0x559a525332e0_0 .net "_0070_", 1 0, L_0x559a526f9cd0;  1 drivers
v0x559a524d9e20_0 .net "_0071_", 2 0, L_0x559a527465a0;  1 drivers
v0x559a524d9f00_0 .net "_0072_", 1 0, L_0x559a52745f60;  1 drivers
v0x559a5252f1f0_0 .net "_0073_", 2 0, L_0x559a527455b0;  1 drivers
v0x559a5252f2b0_0 .net "_0074_", 1 0, L_0x559a52745150;  1 drivers
v0x559a524d9550_0 .net "_0075_", 2 0, L_0x559a52744920;  1 drivers
v0x559a524d95f0_0 .net "_0076_", 1 0, L_0x559a52744290;  1 drivers
v0x559a5252b1c0_0 .net "_0077_", 2 0, L_0x559a52743010;  1 drivers
v0x559a5252b2a0_0 .net "_0078_", 1 0, L_0x559a52742bb0;  1 drivers
v0x559a524d8cb0_0 .net "_0079_", 1 0, L_0x559a527571e0;  1 drivers
v0x559a524d8d90_0 .net "_0080_", 1 0, L_0x559a52756b50;  1 drivers
v0x559a52527190_0 .net "_0081_", 0 0, L_0x559a5271f350;  1 drivers
v0x559a52527230_0 .net "_0082_", 0 0, L_0x559a526fd750;  1 drivers
v0x559a524d8410_0 .net "_0083_", 0 0, L_0x559a526fdfd0;  1 drivers
v0x559a524d84d0_0 .net "_0084_", 0 0, L_0x559a526fe500;  1 drivers
v0x559a52523160_0 .net "_0085_", 1 0, L_0x559a526ff2d0;  1 drivers
v0x559a52523240_0 .net "_0086_", 0 0, L_0x559a526ffc40;  1 drivers
v0x559a524d7b70_0 .net "_0087_", 0 0, L_0x559a52706b50;  1 drivers
v0x559a524d7c30_0 .net "_0088_", 1 0, L_0x559a52701b60;  1 drivers
v0x559a5251f130_0 .net "_0089_", 0 0, L_0x559a52702210;  1 drivers
v0x559a5251f1f0_0 .net "_0090_", 1 0, L_0x559a52702ad0;  1 drivers
v0x559a524d72d0_0 .net "_0091_", 0 0, L_0x559a527034d0;  1 drivers
v0x559a524d7390_0 .net "_0092_", 1 0, L_0x559a52705270;  1 drivers
v0x559a5251b100_0 .net "_0093_", 0 0, L_0x559a52704240;  1 drivers
v0x559a5251b1c0_0 .net "_0094_", 1 0, L_0x559a52742de0;  1 drivers
v0x559a525193f0_0 .net "_0095_", 0 0, L_0x559a52704cd0;  1 drivers
v0x559a525194b0_0 .net "_0096_", 1 0, L_0x559a52757b80;  1 drivers
v0x559a524d6a30_0 .net "_0097_", 0 0, L_0x559a52705cf0;  1 drivers
v0x559a524d6af0_0 .net "_0098_", 1 0, L_0x559a5271dca0;  1 drivers
v0x559a52516db0_0 .net "_0099_", 0 0, L_0x559a52707770;  1 drivers
v0x559a52516e70_0 .net "_0100_", 1 0, L_0x559a52757820;  1 drivers
v0x559a525169b0_0 .net "_0101_", 1 0, L_0x559a5270a320;  1 drivers
v0x559a52516a90_0 .net "_0102_", 1 0, L_0x559a52756d80;  1 drivers
v0x559a52515b40_0 .net "_0103_", 3 0, L_0x559a5270bc50;  1 drivers
v0x559a52515c20_0 .net "_0104_", 1 0, L_0x559a5270c660;  1 drivers
v0x559a525156b0_0 .net "_0105_", 0 0, L_0x559a5270dab0;  1 drivers
v0x559a52515750_0 .net "_0106_", 3 0, L_0x559a5270d5c0;  1 drivers
v0x559a52515250_0 .net "_0107_", 1 0, L_0x559a5270e410;  1 drivers
v0x559a52515330_0 .net "_0108_", 0 0, L_0x559a5270e120;  1 drivers
v0x559a52514df0_0 .net "_0109_", 3 0, L_0x559a5270e7d0;  1 drivers
v0x559a52514ed0_0 .net "_0110_", 1 0, L_0x559a5270f2c0;  1 drivers
v0x559a525149f0_0 .net "_0111_", 0 0, L_0x559a5270eea0;  1 drivers
v0x559a52514ab0_0 .net "_0112_", 3 0, L_0x559a5270f6d0;  1 drivers
v0x559a525140f0_0 .net "_0113_", 1 0, L_0x559a527101e0;  1 drivers
v0x559a525141d0_0 .net "_0114_", 0 0, L_0x559a5270fca0;  1 drivers
v0x559a524d6190_0 .net "_0115_", 3 0, L_0x559a5270fff0;  1 drivers
v0x559a524d6270_0 .net "_0116_", 1 0, L_0x559a52710a20;  1 drivers
v0x559a52513820_0 .net "_0117_", 0 0, L_0x559a52711060;  1 drivers
v0x559a525138c0_0 .net "_0118_", 3 0, L_0x559a527119c0;  1 drivers
v0x559a525133f0_0 .net "_0119_", 1 0, L_0x559a52711510;  1 drivers
v0x559a525134d0_0 .net "_0120_", 0 0, L_0x559a52711ca0;  1 drivers
v0x559a52512050_0 .net "_0121_", 3 0, L_0x559a52711ff0;  1 drivers
v0x559a52512130_0 .net "_0122_", 1 0, L_0x559a527126e0;  1 drivers
v0x559a52511bc0_0 .net "_0123_", 0 0, L_0x559a52712ca0;  1 drivers
v0x559a52511c80_0 .net "_0124_", 3 0, L_0x559a52713710;  1 drivers
v0x559a52511790_0 .net "_0125_", 1 0, L_0x559a527131a0;  1 drivers
v0x559a52511870_0 .net "_0126_", 0 0, L_0x559a527139c0;  1 drivers
v0x559a52510e60_0 .net "_0127_", 1 0, L_0x559a527446f0;  1 drivers
v0x559a52510f40_0 .net "_0128_", 0 0, L_0x559a52715870;  1 drivers
v0x559a52510a30_0 .net "_0129_", 1 0, L_0x559a527444c0;  1 drivers
v0x559a52510b10_0 .net "_0130_", 0 0, L_0x559a52715a20;  1 drivers
v0x559a5250f230_0 .net "_0131_", 1 0, L_0x559a52715f40;  1 drivers
v0x559a5250f310_0 .net "_0132_", 0 0, L_0x559a52715dc0;  1 drivers
v0x559a5250ee00_0 .net "_0133_", 1 0, L_0x559a52743d90;  1 drivers
v0x559a5250eee0_0 .net "_0134_", 0 0, L_0x559a52714c30;  1 drivers
v0x559a5250da60_0 .net "_0135_", 1 0, L_0x559a52714db0;  1 drivers
v0x559a5250db40_0 .net "_0136_", 0 0, L_0x559a52716940;  1 drivers
v0x559a5250d630_0 .net "_0137_", 3 0, L_0x559a52716150;  1 drivers
v0x559a5250d710_0 .net "_0138_", 1 0, L_0x559a527166e0;  1 drivers
v0x559a5250c290_0 .net "_0139_", 0 0, L_0x559a527177f0;  1 drivers
v0x559a5250c330_0 .net "_0140_", 3 0, L_0x559a52716e60;  1 drivers
v0x559a5250be60_0 .net "_0141_", 1 0, L_0x559a52717350;  1 drivers
v0x559a5250bf40_0 .net "_0142_", 0 0, L_0x559a52718500;  1 drivers
v0x559a5250a630_0 .net "_0143_", 3 0, L_0x559a52718760;  1 drivers
v0x559a5250a710_0 .net "_0144_", 1 0, L_0x559a52717a80;  1 drivers
v0x559a5250a200_0 .net "_0145_", 0 0, L_0x559a52719270;  1 drivers
v0x559a5250a2c0_0 .net "_0146_", 3 0, L_0x559a527194d0;  1 drivers
v0x559a52508970_0 .net "_0147_", 1 0, L_0x559a52718e50;  1 drivers
v0x559a52508a50_0 .net "_0148_", 0 0, L_0x559a527197d0;  1 drivers
v0x559a52508510_0 .net "_0149_", 3 0, L_0x559a52719a30;  1 drivers
v0x559a525085f0_0 .net "_0150_", 1 0, L_0x559a5271a720;  1 drivers
v0x559a525080b0_0 .net "_0151_", 0 0, L_0x559a5271ac30;  1 drivers
v0x559a52508150_0 .net "_0152_", 3 0, L_0x559a5271aef0;  1 drivers
v0x559a52507c50_0 .net "_0153_", 1 0, L_0x559a52719bf0;  1 drivers
v0x559a52507d30_0 .net "_0154_", 0 0, L_0x559a5271a150;  1 drivers
v0x559a525077f0_0 .net "_0155_", 3 0, L_0x559a5271bcb0;  1 drivers
v0x559a525078d0_0 .net "_0156_", 1 0, L_0x559a5271c200;  1 drivers
v0x559a52507390_0 .net "_0157_", 0 0, L_0x559a5271b4e0;  1 drivers
v0x559a52507450_0 .net "_0158_", 3 0, L_0x559a5271b770;  1 drivers
v0x559a52506f00_0 .net "_0159_", 1 0, L_0x559a5271d070;  1 drivers
v0x559a52506fe0_0 .net "_0160_", 0 0, L_0x559a5271c850;  1 drivers
v0x559a52506ad0_0 .net "_0161_", 3 0, L_0x559a5271ca40;  1 drivers
v0x559a52506bb0_0 .net "_0162_", 1 0, L_0x559a5271d290;  1 drivers
v0x559a525066d0_0 .net "_0163_", 0 0, L_0x559a5271d7f0;  1 drivers
v0x559a52506770_0 .net "_0164_", 0 0, L_0x559a5271df70;  1 drivers
v0x559a52505d70_0 .net "_0165_", 1 0, L_0x559a5273e740;  1 drivers
v0x559a52505e50_0 .net "_0166_", 0 0, L_0x559a5271e190;  1 drivers
v0x559a52505940_0 .net "_0167_", 1 0, L_0x559a5273ed90;  1 drivers
v0x559a52505a20_0 .net "_0168_", 0 0, L_0x559a5271edb0;  1 drivers
v0x559a52504080_0 .net "_0169_", 1 0, L_0x559a52740320;  1 drivers
v0x559a52504160_0 .net "_0170_", 0 0, L_0x559a5271f070;  1 drivers
v0x559a52503c20_0 .net "_0171_", 1 0, L_0x559a5273f4a0;  1 drivers
v0x559a52503d00_0 .net "_0172_", 0 0, L_0x559a5271e750;  1 drivers
v0x559a525037f0_0 .net "_0173_", 1 0, L_0x559a52744d30;  1 drivers
v0x559a525038d0_0 .net "_0174_", 0 0, L_0x559a5271ed40;  1 drivers
v0x559a52502ef0_0 .net "_0175_", 1 0, L_0x559a52757620;  1 drivers
v0x559a52502fd0_0 .net "_0176_", 0 0, L_0x559a527206b0;  1 drivers
v0x559a52502ac0_0 .net "_0177_", 0 0, L_0x559a52720720;  1 drivers
v0x559a52502b80_0 .net "_0178_", 1 0, L_0x559a52756fb0;  1 drivers
v0x559a525021c0_0 .net "_0179_", 0 0, L_0x559a5271fd30;  1 drivers
v0x559a52502280_0 .net "_0180_", 3 0, L_0x559a5271ffd0;  1 drivers
v0x559a525018c0_0 .net "_0181_", 1 0, L_0x559a52720520;  1 drivers
v0x559a525019a0_0 .net "_0182_", 0 0, L_0x559a527215b0;  1 drivers
v0x559a52500fc0_0 .net "_0183_", 1 0, L_0x559a527435b0;  1 drivers
v0x559a525010a0_0 .net "_0184_", 1 0, L_0x559a52757a20;  1 drivers
v0x559a52500690_0 .net "_0185_", 0 0, L_0x559a526f2490;  1 drivers
v0x559a52500730_0 .net "_0186_", 0 0, L_0x559a526f2c90;  1 drivers
v0x559a52500260_0 .net "_0187_", 0 0, L_0x559a526f3800;  1 drivers
v0x559a52500320_0 .net "_0188_", 0 0, L_0x559a526f3cf0;  1 drivers
v0x559a524fdb10_0 .net "_0189_", 0 0, L_0x559a526f4d20;  1 drivers
v0x559a524fdbd0_0 .net "_0190_", 0 0, L_0x559a526f5a50;  1 drivers
v0x559a524fa4b0_0 .net "_0191_", 0 0, L_0x559a526f6880;  1 drivers
v0x559a524fa570_0 .net "_0192_", 0 0, L_0x559a526f7760;  1 drivers
v0x559a5261a670_0 .net "_0193_", 0 0, L_0x559a526f8320;  1 drivers
v0x559a5261a730_0 .net "_0194_", 0 0, L_0x559a526f8e40;  1 drivers
v0x559a5261a2d0_0 .net "_0195_", 0 0, L_0x559a526fa650;  1 drivers
v0x559a5261a390_0 .net "_0196_", 0 0, L_0x559a526fbed0;  1 drivers
v0x559a52619f30_0 .net "_0197_", 0 0, L_0x559a526fcf90;  1 drivers
v0x559a52619ff0_0 .net "_0198_", 0 0, L_0x559a5270b340;  1 drivers
v0x559a52618e10_0 .net "_0199_", 0 0, L_0x559a5270c4e0;  1 drivers
v0x559a52618ed0_0 .net "_0200_", 0 0, L_0x559a5272e7f0;  1 drivers
v0x559a52618540_0 .net "_0201_", 0 0, L_0x559a5272e9a0;  1 drivers
v0x559a52618600_0 .net "_0202_", 0 0, L_0x559a5272eb50;  1 drivers
v0x559a52617310_0 .net "_0203_", 0 0, L_0x559a5272ed00;  1 drivers
v0x559a526173b0_0 .net "_0204_", 0 0, L_0x559a527238e0;  1 drivers
v0x559a52616a40_0 .net "_0205_", 0 0, L_0x559a52723a90;  1 drivers
v0x559a52616b00_0 .net "_0206_", 0 0, L_0x559a52723c40;  1 drivers
v0x559a52615810_0 .net "_0207_", 0 0, L_0x559a52723df0;  1 drivers
v0x559a526158d0_0 .net "_0208_", 0 0, L_0x559a52723ff0;  1 drivers
v0x559a52614f40_0 .net "_0209_", 0 0, L_0x559a5272f950;  1 drivers
v0x559a52615000_0 .net "_0210_", 0 0, L_0x559a52730500;  1 drivers
v0x559a52613d10_0 .net "_0211_", 0 0, L_0x559a52730740;  1 drivers
v0x559a52613dd0_0 .net "_0212_", 0 0, L_0x559a52730850;  1 drivers
v0x559a52613440_0 .net "_0213_", 0 0, L_0x559a5272f210;  1 drivers
v0x559a52613500_0 .net "_0214_", 0 0, L_0x559a5272f450;  1 drivers
v0x559a52612b70_0 .net "_0215_", 0 0, L_0x559a5272f690;  1 drivers
v0x559a52612c30_0 .net "_0216_", 0 0, L_0x559a5272f8d0;  1 drivers
v0x559a526122a0_0 .net "_0217_", 0 0, L_0x559a5272fab0;  1 drivers
v0x559a52612360_0 .net "_0218_", 0 0, L_0x559a5272fc60;  1 drivers
v0x559a526119d0_0 .net "_0219_", 0 0, L_0x559a5272fe10;  1 drivers
v0x559a52611a90_0 .net "_0220_", 0 0, L_0x559a5272ffc0;  1 drivers
v0x559a52611100_0 .net "_0221_", 0 0, L_0x559a52730170;  1 drivers
v0x559a526111c0_0 .net "_0222_", 0 0, L_0x559a52730320;  1 drivers
v0x559a52610830_0 .net "_0223_", 0 0, L_0x559a52731410;  1 drivers
v0x559a526108f0_0 .net "_0224_", 0 0, L_0x559a52732080;  1 drivers
v0x559a5260ff60_0 .net "_0225_", 0 0, L_0x559a52732190;  1 drivers
v0x559a52610020_0 .net "_0226_", 0 0, L_0x559a52730950;  1 drivers
v0x559a5260f690_0 .net "_0227_", 0 0, L_0x559a52730b40;  1 drivers
v0x559a5260f750_0 .net "_0228_", 0 0, L_0x559a52730d30;  1 drivers
v0x559a5260edc0_0 .net "_0229_", 0 0, L_0x559a52730f20;  1 drivers
v0x559a5260ee80_0 .net "_0230_", 0 0, L_0x559a52731110;  1 drivers
v0x559a5260e4f0_0 .net "_0231_", 0 0, L_0x559a52731300;  1 drivers
v0x559a5260e5b0_0 .net "_0232_", 0 0, L_0x559a527315c0;  1 drivers
v0x559a5260dc20_0 .net "_0233_", 0 0, L_0x559a52731770;  1 drivers
v0x559a5260dce0_0 .net "_0234_", 0 0, L_0x559a52731920;  1 drivers
v0x559a5260d350_0 .net "_0235_", 0 0, L_0x559a52731ad0;  1 drivers
v0x559a5260d410_0 .net "_0236_", 0 0, L_0x559a52731c80;  1 drivers
v0x559a5260ca80_0 .net "_0237_", 0 0, L_0x559a52731e30;  1 drivers
v0x559a5260cb40_0 .net "_0238_", 0 0, L_0x559a52732e20;  1 drivers
v0x559a5260c1b0_0 .net "_0239_", 0 0, L_0x559a52732fd0;  1 drivers
v0x559a5260c270_0 .net "_0240_", 0 0, L_0x559a52733cc0;  1 drivers
v0x559a5260b8e0_0 .net "_0241_", 0 0, L_0x559a52733dd0;  1 drivers
v0x559a5260b9a0_0 .net "_0242_", 0 0, L_0x559a527326f0;  1 drivers
v0x559a5260b010_0 .net "_0243_", 0 0, L_0x559a5270ff60;  1 drivers
v0x559a5260b0d0_0 .net "_0244_", 0 0, L_0x559a52732b60;  1 drivers
v0x559a5260a740_0 .net "_0245_", 0 0, L_0x559a5270f640;  1 drivers
v0x559a5260a800_0 .net "_0246_", 0 0, L_0x559a527332e0;  1 drivers
v0x559a52609e70_0 .net "_0247_", 0 0, L_0x559a527335a0;  1 drivers
v0x559a52609f30_0 .net "_0248_", 0 0, L_0x559a52733860;  1 drivers
v0x559a526095a0_0 .net "_0249_", 0 0, L_0x559a52733a10;  1 drivers
v0x559a52609660_0 .net "_0250_", 0 0, L_0x559a5272f7a0;  1 drivers
v0x559a52608cd0_0 .net "_0251_", 0 0, L_0x559a52734ac0;  1 drivers
v0x559a52608d90_0 .net "_0252_", 0 0, L_0x559a52735810;  1 drivers
v0x559a52608400_0 .net "_0253_", 0 0, L_0x559a52735970;  1 drivers
v0x559a526084c0_0 .net "_0254_", 0 0, L_0x559a52733ee0;  1 drivers
v0x559a52607b30_0 .net "_0255_", 0 0, L_0x559a52711830;  1 drivers
v0x559a52607bf0_0 .net "_0256_", 0 0, L_0x559a5270e740;  1 drivers
v0x559a52607260_0 .net "_0257_", 0 0, L_0x559a5270dda0;  1 drivers
v0x559a52607320_0 .net "_0258_", 0 0, L_0x559a527308c0;  1 drivers
v0x559a524f0eb0_0 .net "_0259_", 0 0, L_0x559a52730ab0;  1 drivers
v0x559a524f0f70_0 .net "_0260_", 0 0, L_0x559a52730ca0;  1 drivers
v0x559a52606990_0 .net "_0261_", 0 0, L_0x559a52730e90;  1 drivers
v0x559a52606a50_0 .net "_0262_", 0 0, L_0x559a52731080;  1 drivers
v0x559a526060c0_0 .net "_0263_", 0 0, L_0x559a52731270;  1 drivers
v0x559a52606180_0 .net "_0264_", 0 0, L_0x559a527355b0;  1 drivers
v0x559a526057f0_0 .net "_0265_", 0 0, L_0x559a52736680;  1 drivers
v0x559a526058b0_0 .net "_0266_", 0 0, L_0x559a52737640;  1 drivers
v0x559a52604f20_0 .net "_0267_", 0 0, L_0x559a52736030;  1 drivers
v0x559a52604fe0_0 .net "_0268_", 0 0, L_0x559a52735b20;  1 drivers
v0x559a52604650_0 .net "_0269_", 0 0, L_0x559a52737440;  1 drivers
v0x559a52604710_0 .net "_0270_", 0 0, L_0x559a52712e90;  1 drivers
v0x559a52603d80_0 .net "_0271_", 0 0, L_0x559a52735ed0;  1 drivers
v0x559a52603e40_0 .net "_0272_", 0 0, L_0x559a52736190;  1 drivers
v0x559a526034b0_0 .net "_0273_", 0 0, L_0x559a52736340;  1 drivers
v0x559a52603570_0 .net "_0274_", 0 0, L_0x559a527364a0;  1 drivers
v0x559a52602be0_0 .net "_0275_", 0 0, L_0x559a5271de40;  1 drivers
v0x559a52602ca0_0 .net "_0276_", 0 0, L_0x559a52736880;  1 drivers
v0x559a52602310_0 .net "_0277_", 0 0, L_0x559a527369e0;  1 drivers
v0x559a526023d0_0 .net "_0278_", 0 0, L_0x559a52736b40;  1 drivers
v0x559a52601a40_0 .net "_0279_", 0 0, L_0x559a52736d30;  1 drivers
v0x559a52601b00_0 .net "_0280_", 0 0, L_0x559a52736f20;  1 drivers
v0x559a52601170_0 .net "_0281_", 0 0, L_0x559a52737080;  1 drivers
v0x559a52601230_0 .net "_0282_", 0 0, L_0x559a52737230;  1 drivers
v0x559a526008a0_0 .net "_0283_", 0 0, L_0x559a52738430;  1 drivers
v0x559a52600960_0 .net "_0284_", 0 0, L_0x559a52739280;  1 drivers
v0x559a525fffd0_0 .net "_0285_", 0 0, L_0x559a52739390;  1 drivers
v0x559a52600090_0 .net "_0286_", 0 0, L_0x559a527377a0;  1 drivers
v0x559a525ff700_0 .net "_0287_", 0 0, L_0x559a52737950;  1 drivers
v0x559a525ff7c0_0 .net "_0288_", 0 0, L_0x559a52737b00;  1 drivers
v0x559a525fee30_0 .net "_0289_", 0 0, L_0x559a52737cb0;  1 drivers
v0x559a525feef0_0 .net "_0290_", 0 0, L_0x559a52737e60;  1 drivers
v0x559a525fe560_0 .net "_0291_", 0 0, L_0x559a52738010;  1 drivers
v0x559a525fe620_0 .net "_0292_", 0 0, L_0x559a527381c0;  1 drivers
v0x559a525fdc90_0 .net "_0293_", 0 0, L_0x559a52738540;  1 drivers
v0x559a525fdd50_0 .net "_0294_", 0 0, L_0x559a527386f0;  1 drivers
v0x559a525fd3c0_0 .net "_0295_", 0 0, L_0x559a527388a0;  1 drivers
v0x559a525fd480_0 .net "_0296_", 0 0, L_0x559a52738a50;  1 drivers
v0x559a525fcaf0_0 .net "_0297_", 0 0, L_0x559a52738c00;  1 drivers
v0x559a525fcbb0_0 .net "_0298_", 0 0, L_0x559a52738db0;  1 drivers
v0x559a525fc220_0 .net "_0299_", 0 0, L_0x559a52738f60;  1 drivers
v0x559a525fc2e0_0 .net "_0300_", 0 0, L_0x559a52739110;  1 drivers
v0x559a525fb950_0 .net "_0301_", 0 0, L_0x559a5273a260;  1 drivers
v0x559a525fba10_0 .net "_0302_", 0 0, L_0x559a5273b140;  1 drivers
v0x559a525fb080_0 .net "_0303_", 0 0, L_0x559a5273b250;  1 drivers
v0x559a525fb140_0 .net "_0304_", 0 0, L_0x559a5273b360;  1 drivers
v0x559a525fa7b0_0 .net "_0305_", 0 0, L_0x559a52739650;  1 drivers
v0x559a525fa870_0 .net "_0306_", 0 0, L_0x559a52739910;  1 drivers
v0x559a525f9ee0_0 .net "_0307_", 0 0, L_0x559a52739bd0;  1 drivers
v0x559a525f9fa0_0 .net "_0308_", 0 0, L_0x559a52739e90;  1 drivers
v0x559a525f9610_0 .net "_0309_", 0 0, L_0x559a5273a150;  1 drivers
v0x559a525f96d0_0 .net "_0310_", 0 0, L_0x559a5273a570;  1 drivers
v0x559a525f8d40_0 .net "_0311_", 0 0, L_0x559a5273a830;  1 drivers
v0x559a525f8e00_0 .net "_0312_", 0 0, L_0x559a5273aaf0;  1 drivers
v0x559a525f8470_0 .net "_0313_", 0 0, L_0x559a5273aca0;  1 drivers
v0x559a525f8530_0 .net "_0314_", 0 0, L_0x559a5273ae50;  1 drivers
v0x559a525f7ba0_0 .net "_0315_", 0 0, L_0x559a5273b000;  1 drivers
v0x559a525f7c60_0 .net "_0316_", 0 0, L_0x559a5273d040;  1 drivers
v0x559a525f72d0_0 .net "_0317_", 0 0, L_0x559a5273d1a0;  1 drivers
v0x559a525f7390_0 .net "_0318_", 0 0, L_0x559a5273d350;  1 drivers
v0x559a525f6a00_0 .net "_0319_", 0 0, L_0x559a5273b4c0;  1 drivers
v0x559a525f6ac0_0 .net "_0320_", 0 0, L_0x559a5273b670;  1 drivers
v0x559a525f6130_0 .net "_0321_", 0 0, L_0x559a5273b820;  1 drivers
v0x559a525f61f0_0 .net "_0322_", 0 0, L_0x559a5273b9d0;  1 drivers
v0x559a525f5860_0 .net "_0323_", 0 0, L_0x559a5273bb80;  1 drivers
v0x559a525f5920_0 .net "_0324_", 0 0, L_0x559a5273bd30;  1 drivers
v0x559a525f4f90_0 .net "_0325_", 0 0, L_0x559a5273bee0;  1 drivers
v0x559a525f5050_0 .net "_0326_", 0 0, L_0x559a5273c090;  1 drivers
v0x559a525f46c0_0 .net "_0327_", 0 0, L_0x559a5273c2a0;  1 drivers
v0x559a525f4780_0 .net "_0328_", 0 0, L_0x559a5273c660;  1 drivers
v0x559a525f3df0_0 .net "_0329_", 0 0, L_0x559a5273ca20;  1 drivers
v0x559a525f3eb0_0 .net "_0330_", 0 0, L_0x559a5273cde0;  1 drivers
v0x559a525f3520_0 .net "_0331_", 0 0, L_0x559a5273e430;  1 drivers
v0x559a525f35e0_0 .net "_0332_", 0 0, L_0x559a5273d620;  1 drivers
v0x559a525f2c50_0 .net "_0333_", 0 0, L_0x559a5273d990;  1 drivers
v0x559a525f2d10_0 .net "_0334_", 0 0, L_0x559a5273dcb0;  1 drivers
v0x559a525f2380_0 .net "_0335_", 0 0, L_0x559a52735360;  1 drivers
v0x559a525f2440_0 .net "_0336_", 0 0, L_0x559a5273e160;  1 drivers
v0x559a525f1ab0_0 .net "_0337_", 0 0, L_0x559a5273e630;  1 drivers
v0x559a525f1b70_0 .net "_0338_", 0 0, L_0x559a5273ead0;  1 drivers
v0x559a525f11e0_0 .net "_0339_", 0 0, L_0x559a5273ec80;  1 drivers
v0x559a525f12a0_0 .net "_0340_", 0 0, L_0x559a5273f0d0;  1 drivers
v0x559a525f0910_0 .net "_0341_", 0 0, L_0x559a5273f230;  1 drivers
v0x559a525f09d0_0 .net "_0342_", 0 0, L_0x559a52740610;  1 drivers
v0x559a525f0040_0 .net "_0343_", 0 0, L_0x559a52741650;  1 drivers
v0x559a525f0100_0 .net "_0344_", 0 0, L_0x559a5273f8c0;  1 drivers
v0x559a526c1ae0_0 .net "_0345_", 0 0, L_0x559a5273f740;  1 drivers
v0x559a526c1bc0_0 .net "_0346_", 0 0, L_0x559a5273f800;  1 drivers
v0x559a526c1ca0_0 .net "_0347_", 7 0, L_0x559a5272bba0;  1 drivers
v0x559a526c1d80_0 .net "_0348_", 3 0, L_0x559a5272b3a0;  1 drivers
v0x559a526c1e60_0 .net "_0349_", 3 0, L_0x559a52759790;  1 drivers
v0x559a525ef770_0 .net "_0350_", 3 0, L_0x559a5272c5a0;  1 drivers
v0x559a525ef850_0 .net "_0351_", 3 0, L_0x559a5272d2a0;  1 drivers
v0x559a525eeea0_0 .net "_0352_", 3 0, L_0x559a5272dd30;  1 drivers
v0x559a525eef80_0 .net "_0353_", 0 0, L_0x559a52720e40;  1 drivers
v0x559a525ee5d0_0 .net "_0354_", 0 0, L_0x559a52720f00;  1 drivers
v0x559a525ee690_0 .net "_0355_", 0 0, L_0x559a52720fc0;  1 drivers
v0x559a525edd00_0 .net "_0356_", 0 0, L_0x559a52721080;  1 drivers
v0x559a525eddc0_0 .net "_0357_", 0 0, L_0x559a52722b50;  1 drivers
v0x559a525ed430_0 .net "_0358_", 0 0, L_0x559a52722c10;  1 drivers
v0x559a525ed4f0_0 .net "_0359_", 0 0, L_0x559a52722cd0;  1 drivers
v0x559a525ecb60_0 .net "_0360_", 0 0, L_0x559a527217d0;  1 drivers
v0x559a525ecc20_0 .net "_0361_", 0 0, L_0x559a5272e0c0;  1 drivers
v0x559a525ec290_0 .net "_0362_", 0 0, L_0x559a5272e2a0;  1 drivers
v0x559a525ec350_0 .net "_0363_", 0 0, L_0x559a5272e3e0;  1 drivers
v0x559a525eb9c0_0 .net "_0364_", 0 0, L_0x559a52721ac0;  1 drivers
v0x559a525eba80_0 .net "_0365_", 0 0, L_0x559a527216c0;  1 drivers
v0x559a524ee730_0 .net "_0366_", 0 0, L_0x559a527207e0;  1 drivers
v0x559a524ee7f0_0 .net "_0367_", 0 0, L_0x559a527208f0;  1 drivers
v0x559a525eb0f0_0 .net "_0368_", 0 0, L_0x559a52720a00;  1 drivers
v0x559a525eb1b0_0 .net "_0369_", 0 0, L_0x559a52720b10;  1 drivers
v0x559a525ea820_0 .net "_0370_", 0 0, L_0x559a52720c20;  1 drivers
v0x559a525ea8e0_0 .net "_0371_", 0 0, L_0x559a52720d30;  1 drivers
v0x559a525e9f50_0 .net "_0372_", 2 0, L_0x559a527593d0;  1 drivers
v0x559a525ea030_0 .net "_0373_", 2 0, L_0x559a527591a0;  1 drivers
v0x559a525e9680_0 .net "_0374_", 2 0, L_0x559a52758e30;  1 drivers
v0x559a525e9760_0 .net "_0375_", 2 0, L_0x559a52743760;  1 drivers
v0x559a525e8db0_0 .net "_0376_", 7 0, L_0x559a52741ad0;  1 drivers
v0x559a525e8e90_0 .net "_0377_", 7 0, L_0x559a52759ba0;  1 drivers
v0x559a525e84e0_0 .net "_0378_", 7 0, L_0x559a52759fb0;  1 drivers
v0x559a525e85c0_0 .net "_0379_", 7 0, L_0x559a5275bd70;  1 drivers
v0x559a525e7c10_0 .net "_0380_", 7 0, L_0x559a5275a5c0;  1 drivers
v0x559a525e7cf0_0 .net "_0381_", 31 0, L_0x559a5275b350;  1 drivers
v0x559a525e7340_0 .net "_0382_", 31 0, L_0x559a52743fc0;  1 drivers
v0x559a525e7400_0 .net "_0383_", 31 0, L_0x559a52744f70;  1 drivers
v0x559a525e6a70_0 .net *"_ivl_1000", 0 0, L_0x559a527160b0;  1 drivers
v0x559a525e6b50_0 .net *"_ivl_1002", 0 0, L_0x559a52715980;  1 drivers
v0x559a525e61a0_0 .net *"_ivl_1007", 0 0, L_0x559a52715b30;  1 drivers
v0x559a525e6280_0 .net *"_ivl_101", 0 0, L_0x559a526f0900;  1 drivers
v0x559a525e58d0_0 .net *"_ivl_1010", 0 0, L_0x559a52715ba0;  1 drivers
v0x559a525e59b0_0 .net *"_ivl_1012", 0 0, L_0x559a52715ca0;  1 drivers
v0x559a525e5000_0 .net *"_ivl_1017", 0 0, L_0x559a52715ed0;  1 drivers
v0x559a525e50e0_0 .net *"_ivl_1022", 0 0, L_0x559a527149d0;  1 drivers
v0x559a525e4730_0 .net *"_ivl_1025", 0 0, L_0x559a52714a90;  1 drivers
v0x559a525e4810_0 .net *"_ivl_1027", 0 0, L_0x559a52714b60;  1 drivers
v0x559a525e3e60_0 .net *"_ivl_103", 0 0, L_0x559a526f0a40;  1 drivers
v0x559a525e3f40_0 .net *"_ivl_1032", 0 0, L_0x559a52714cf0;  1 drivers
v0x559a525e3590_0 .net *"_ivl_1037", 0 0, L_0x559a52714ea0;  1 drivers
v0x559a525e3670_0 .net *"_ivl_104", 0 0, L_0x559a526f0b70;  1 drivers
v0x559a525e2cc0_0 .net *"_ivl_1040", 0 0, L_0x559a527167b0;  1 drivers
v0x559a525e2da0_0 .net *"_ivl_1042", 0 0, L_0x559a527168a0;  1 drivers
v0x559a525e23f0_0 .net *"_ivl_1047", 0 0, L_0x559a52716a50;  1 drivers
v0x559a525e24d0_0 .net *"_ivl_1051", 0 0, L_0x559a52716b60;  1 drivers
v0x559a525e1b20_0 .net *"_ivl_1055", 0 0, L_0x559a52716c70;  1 drivers
v0x559a525e1c00_0 .net *"_ivl_1060", 0 0, L_0x559a527162e0;  1 drivers
v0x559a525e1250_0 .net *"_ivl_1065", 0 0, L_0x559a52716440;  1 drivers
v0x559a525e1330_0 .net *"_ivl_1067", 0 0, L_0x559a52716530;  1 drivers
v0x559a525e0980_0 .net *"_ivl_1068", 0 0, L_0x559a527165d0;  1 drivers
v0x559a525e0a60_0 .net *"_ivl_1074", 0 0, L_0x559a52717460;  1 drivers
v0x559a525e00b0_0 .net *"_ivl_1076", 0 0, L_0x559a52717500;  1 drivers
v0x559a525e0190_0 .net *"_ivl_1077", 0 0, L_0x559a527175a0;  1 drivers
v0x559a525df7e0_0 .net *"_ivl_1080", 0 0, L_0x559a527176b0;  1 drivers
v0x559a525df8c0_0 .net *"_ivl_1082", 0 0, L_0x559a52717750;  1 drivers
v0x559a525def10_0 .net *"_ivl_1087", 0 0, L_0x559a52717900;  1 drivers
v0x559a525deff0_0 .net *"_ivl_109", 0 0, L_0x559a526f0d40;  1 drivers
v0x559a525de640_0 .net *"_ivl_1091", 0 0, L_0x559a52716d80;  1 drivers
v0x559a525de720_0 .net *"_ivl_1095", 0 0, L_0x559a52716df0;  1 drivers
v0x559a525ddd70_0 .net *"_ivl_11", 0 0, v0x559a524df920_0;  1 drivers
v0x559a525dde50_0 .net *"_ivl_1100", 0 0, L_0x559a52716ff0;  1 drivers
v0x559a525dd4a0_0 .net *"_ivl_1105", 0 0, L_0x559a527170b0;  1 drivers
v0x559a525dd580_0 .net *"_ivl_1107", 0 0, L_0x559a527171a0;  1 drivers
v0x559a525dcbd0_0 .net *"_ivl_1108", 0 0, L_0x559a52717240;  1 drivers
v0x559a525dccb0_0 .net *"_ivl_111", 0 0, L_0x559a526f0de0;  1 drivers
v0x559a525dc300_0 .net *"_ivl_1114", 0 0, L_0x559a52718090;  1 drivers
v0x559a525dc3e0_0 .net *"_ivl_1116", 0 0, L_0x559a527181c0;  1 drivers
v0x559a525dba30_0 .net *"_ivl_1117", 0 0, L_0x559a52718260;  1 drivers
v0x559a525dbb10_0 .net *"_ivl_112", 0 0, L_0x559a526f09d0;  1 drivers
v0x559a525db160_0 .net *"_ivl_1120", 0 0, L_0x559a52718370;  1 drivers
v0x559a525db240_0 .net *"_ivl_1122", 0 0, L_0x559a52718460;  1 drivers
v0x559a525da890_0 .net *"_ivl_1127", 0 0, L_0x559a52718610;  1 drivers
v0x559a525da970_0 .net *"_ivl_1131", 0 0, L_0x559a52718680;  1 drivers
v0x559a525d9fc0_0 .net *"_ivl_1135", 0 0, L_0x559a527186f0;  1 drivers
v0x559a525da0a0_0 .net *"_ivl_1140", 0 0, L_0x559a527188a0;  1 drivers
v0x559a525d96f0_0 .net *"_ivl_1145", 0 0, L_0x559a52718960;  1 drivers
v0x559a525d97d0_0 .net *"_ivl_1147", 0 0, L_0x559a52718a50;  1 drivers
v0x559a525d8e20_0 .net *"_ivl_1148", 0 0, L_0x559a52717970;  1 drivers
v0x559a525d8f00_0 .net *"_ivl_1154", 0 0, L_0x559a52717b70;  1 drivers
v0x559a525d8550_0 .net *"_ivl_1156", 0 0, L_0x559a52717ca0;  1 drivers
v0x559a525d8630_0 .net *"_ivl_1157", 0 0, L_0x559a52717d40;  1 drivers
v0x559a525d7c80_0 .net *"_ivl_1160", 0 0, L_0x559a52717e50;  1 drivers
v0x559a525d7d60_0 .net *"_ivl_1162", 0 0, L_0x559a52717f40;  1 drivers
v0x559a525d73b0_0 .net *"_ivl_1167", 0 0, L_0x559a52719380;  1 drivers
v0x559a525d7490_0 .net *"_ivl_117", 0 0, L_0x559a526f0f20;  1 drivers
v0x559a525d6ae0_0 .net *"_ivl_1171", 0 0, L_0x559a527193f0;  1 drivers
v0x559a525d6bc0_0 .net *"_ivl_1175", 0 0, L_0x559a52719460;  1 drivers
v0x559a525d6210_0 .net *"_ivl_1180", 0 0, L_0x559a52718af0;  1 drivers
v0x559a525d62f0_0 .net *"_ivl_1185", 0 0, L_0x559a52718bb0;  1 drivers
v0x559a525d5940_0 .net *"_ivl_1187", 0 0, L_0x559a52718ca0;  1 drivers
v0x559a525d5a20_0 .net *"_ivl_1188", 0 0, L_0x559a52718d40;  1 drivers
v0x559a525d5070_0 .net *"_ivl_119", 0 0, L_0x559a526f1050;  1 drivers
v0x559a525d5150_0 .net *"_ivl_1194", 0 0, L_0x559a52718f40;  1 drivers
v0x559a525d47a0_0 .net *"_ivl_1196", 0 0, L_0x559a52719070;  1 drivers
v0x559a525d4880_0 .net *"_ivl_1197", 0 0, L_0x559a52719110;  1 drivers
v0x559a525d3ed0_0 .net *"_ivl_120", 0 0, L_0x559a526f1140;  1 drivers
v0x559a525d3fb0_0 .net *"_ivl_1200", 0 0, L_0x559a52719690;  1 drivers
v0x559a525d3600_0 .net *"_ivl_1202", 0 0, L_0x559a52719730;  1 drivers
v0x559a525d36e0_0 .net *"_ivl_1207", 0 0, L_0x559a527198e0;  1 drivers
v0x559a525d2d30_0 .net *"_ivl_1211", 0 0, L_0x559a52719950;  1 drivers
v0x559a525d2e10_0 .net *"_ivl_1215", 0 0, L_0x559a527199c0;  1 drivers
v0x559a525d2460_0 .net *"_ivl_1220", 0 0, L_0x559a5271a3c0;  1 drivers
v0x559a525d2540_0 .net *"_ivl_1225", 0 0, L_0x559a5271a480;  1 drivers
v0x559a525d1b90_0 .net *"_ivl_1227", 0 0, L_0x559a5271a570;  1 drivers
v0x559a525d1c70_0 .net *"_ivl_1228", 0 0, L_0x559a5271a610;  1 drivers
v0x559a525d12c0_0 .net *"_ivl_1234", 0 0, L_0x559a5271a810;  1 drivers
v0x559a525d13a0_0 .net *"_ivl_1236", 0 0, L_0x559a5271a940;  1 drivers
v0x559a525d09f0_0 .net *"_ivl_1237", 0 0, L_0x559a5271a9e0;  1 drivers
v0x559a525d0ad0_0 .net *"_ivl_1240", 0 0, L_0x559a5271aaf0;  1 drivers
v0x559a525d0120_0 .net *"_ivl_1242", 0 0, L_0x559a5271ab90;  1 drivers
v0x559a525d0200_0 .net *"_ivl_1247", 0 0, L_0x559a5271ad40;  1 drivers
v0x559a524ebfe0_0 .net *"_ivl_125", 0 0, L_0x559a526f1340;  1 drivers
v0x559a524ec0c0_0 .net *"_ivl_1251", 0 0, L_0x559a5271adb0;  1 drivers
v0x559a525cf850_0 .net *"_ivl_1255", 0 0, L_0x559a5271ae20;  1 drivers
v0x559a525cf930_0 .net *"_ivl_1260", 0 0, L_0x559a5271b0e0;  1 drivers
v0x559a525cef80_0 .net *"_ivl_1265", 0 0, L_0x559a5271b1a0;  1 drivers
v0x559a525cf060_0 .net *"_ivl_1267", 0 0, L_0x559a5271b290;  1 drivers
v0x559a525ce6b0_0 .net *"_ivl_1268", 0 0, L_0x559a5271b330;  1 drivers
v0x559a525ce790_0 .net *"_ivl_127", 0 0, L_0x559a526f1480;  1 drivers
v0x559a525cdde0_0 .net *"_ivl_1274", 0 0, L_0x559a52719ce0;  1 drivers
v0x559a525cdec0_0 .net *"_ivl_1276", 0 0, L_0x559a52719e10;  1 drivers
v0x559a525cd510_0 .net *"_ivl_1277", 0 0, L_0x559a52719eb0;  1 drivers
v0x559a525cd5f0_0 .net *"_ivl_128", 0 0, L_0x559a526f1520;  1 drivers
v0x559a525ccc40_0 .net *"_ivl_1280", 0 0, L_0x559a52719fc0;  1 drivers
v0x559a525ccd20_0 .net *"_ivl_1282", 0 0, L_0x559a5271a0b0;  1 drivers
v0x559a525cc370_0 .net *"_ivl_1287", 0 0, L_0x559a5271a260;  1 drivers
v0x559a525cc450_0 .net *"_ivl_1291", 0 0, L_0x559a5271a2d0;  1 drivers
v0x559a525cba40_0 .net *"_ivl_1295", 0 0, L_0x559a5271bc10;  1 drivers
v0x559a525cbb20_0 .net *"_ivl_1300", 0 0, L_0x559a5271bea0;  1 drivers
v0x559a525cb110_0 .net *"_ivl_1305", 0 0, L_0x559a5271bf60;  1 drivers
v0x559a525cb1f0_0 .net *"_ivl_1307", 0 0, L_0x559a5271c050;  1 drivers
v0x559a525ca7e0_0 .net *"_ivl_1308", 0 0, L_0x559a5271c0f0;  1 drivers
v0x559a525ca8c0_0 .net *"_ivl_1314", 0 0, L_0x559a5271c2f0;  1 drivers
v0x559a525c9eb0_0 .net *"_ivl_1316", 0 0, L_0x559a5271c420;  1 drivers
v0x559a525c9f90_0 .net *"_ivl_1317", 0 0, L_0x559a5271c4c0;  1 drivers
v0x559a525c9580_0 .net *"_ivl_1320", 0 0, L_0x559a5271c5d0;  1 drivers
v0x559a525c9660_0 .net *"_ivl_1322", 0 0, L_0x559a5271b440;  1 drivers
v0x559a525c8c50_0 .net *"_ivl_1327", 0 0, L_0x559a5271b5f0;  1 drivers
v0x559a525c8d30_0 .net *"_ivl_133", 0 0, L_0x559a526f1630;  1 drivers
v0x559a525c8320_0 .net *"_ivl_1331", 0 0, L_0x559a5271b660;  1 drivers
v0x559a525c8400_0 .net *"_ivl_1335", 0 0, L_0x559a5271b6d0;  1 drivers
v0x559a525c6bc0_0 .net *"_ivl_1340", 0 0, L_0x559a5271b960;  1 drivers
v0x559a525c6ca0_0 .net *"_ivl_1345", 0 0, L_0x559a5271ba20;  1 drivers
v0x559a525c5ee0_0 .net *"_ivl_1347", 0 0, L_0x559a5271bb10;  1 drivers
v0x559a525c5fc0_0 .net *"_ivl_1348", 0 0, L_0x559a5271cf60;  1 drivers
v0x559a524e9890_0 .net *"_ivl_135", 0 0, L_0x559a526f13e0;  1 drivers
v0x559a524e9970_0 .net *"_ivl_1354", 0 0, L_0x559a5271d160;  1 drivers
v0x559a524e75e0_0 .net *"_ivl_1356", 0 0, L_0x559a5271db40;  1 drivers
v0x559a524e76c0_0 .net *"_ivl_1357", 0 0, L_0x559a5271dbe0;  1 drivers
v0x559a524e4e60_0 .net *"_ivl_136", 0 0, L_0x559a526f1780;  1 drivers
v0x559a524e4f40_0 .net *"_ivl_1360", 0 0, L_0x559a5271c6c0;  1 drivers
v0x559a52582770_0 .net *"_ivl_1362", 0 0, L_0x559a5271c7b0;  1 drivers
v0x559a52582850_0 .net *"_ivl_1367", 0 0, L_0x559a5271dac0;  1 drivers
v0x559a52580ff0_0 .net *"_ivl_1371", 0 0, L_0x559a5271c960;  1 drivers
v0x559a525810d0_0 .net *"_ivl_1375", 0 0, L_0x559a5271c9d0;  1 drivers
v0x559a52580c50_0 .net *"_ivl_1380", 0 0, L_0x559a5271cc00;  1 drivers
v0x559a52580d30_0 .net *"_ivl_1385", 0 0, L_0x559a5271ccc0;  1 drivers
v0x559a525808b0_0 .net *"_ivl_1387", 0 0, L_0x559a5271cdb0;  1 drivers
v0x559a52580990_0 .net *"_ivl_1388", 0 0, L_0x559a5271ce50;  1 drivers
v0x559a52580510_0 .net *"_ivl_1394", 0 0, L_0x559a5271d380;  1 drivers
v0x559a525805f0_0 .net *"_ivl_1396", 0 0, L_0x559a5271d4b0;  1 drivers
v0x559a52580170_0 .net *"_ivl_1397", 0 0, L_0x559a5271d550;  1 drivers
v0x559a52580250_0 .net *"_ivl_1400", 0 0, L_0x559a5271d660;  1 drivers
v0x559a5257fdd0_0 .net *"_ivl_1402", 0 0, L_0x559a5271d750;  1 drivers
v0x559a5257feb0_0 .net *"_ivl_1410", 0 0, L_0x559a5271ddd0;  1 drivers
v0x559a5257fa30_0 .net *"_ivl_1413", 0 0, L_0x559a5271ded0;  1 drivers
v0x559a5257fb10_0 .net *"_ivl_1418", 0 0, L_0x559a5271dfe0;  1 drivers
v0x559a524e3120_0 .net *"_ivl_1421", 0 0, L_0x559a5271e050;  1 drivers
v0x559a524e3200_0 .net *"_ivl_1423", 0 0, L_0x559a5271e0f0;  1 drivers
v0x559a5257f690_0 .net *"_ivl_1428", 0 0, L_0x559a5271e2a0;  1 drivers
v0x559a5257f770_0 .net *"_ivl_1431", 0 0, L_0x559a5271e310;  1 drivers
v0x559a5257f2f0_0 .net *"_ivl_1433", 0 0, L_0x559a5271e3b0;  1 drivers
v0x559a5257f3d0_0 .net *"_ivl_1438", 0 0, L_0x559a5271ee70;  1 drivers
v0x559a5257ef50_0 .net *"_ivl_1441", 0 0, L_0x559a5271eee0;  1 drivers
v0x559a5257f030_0 .net *"_ivl_1443", 0 0, L_0x559a5271ef80;  1 drivers
v0x559a5257ebb0_0 .net *"_ivl_1448", 0 0, L_0x559a5271e520;  1 drivers
v0x559a5257ec90_0 .net *"_ivl_1451", 0 0, L_0x559a5271e590;  1 drivers
v0x559a5257e810_0 .net *"_ivl_1453", 0 0, L_0x559a5271e630;  1 drivers
v0x559a5257e8f0_0 .net *"_ivl_1459", 0 0, L_0x559a5271e860;  1 drivers
v0x559a5257e470_0 .net *"_ivl_1461", 0 0, L_0x559a5271e900;  1 drivers
v0x559a5257e550_0 .net *"_ivl_1462", 0 0, L_0x559a5271e9a0;  1 drivers
v0x559a5257e0d0_0 .net *"_ivl_1467", 0 0, L_0x559a5271eab0;  1 drivers
v0x559a5257e1b0_0 .net *"_ivl_1469", 0 0, L_0x559a5271eba0;  1 drivers
v0x559a5257dd30_0 .net *"_ivl_1470", 0 0, L_0x559a5271ecd0;  1 drivers
v0x559a5257de10_0 .net *"_ivl_1473", 0 0, L_0x559a5271fa50;  1 drivers
v0x559a5257d990_0 .net *"_ivl_1475", 0 0, L_0x559a5271faf0;  1 drivers
v0x559a5257da50_0 .net *"_ivl_1480", 0 0, L_0x559a5271fc30;  1 drivers
v0x559a5257d5f0_0 .net *"_ivl_1483", 0 0, L_0x559a52720610;  1 drivers
v0x559a5257d6d0_0 .net *"_ivl_1489", 0 0, L_0x559a5271f210;  1 drivers
v0x559a5257d250_0 .net *"_ivl_149", 0 0, L_0x559a526f1e70;  1 drivers
v0x559a5257d330_0 .net *"_ivl_1491", 0 0, L_0x559a5271f2b0;  1 drivers
v0x559a5257ceb0_0 .net *"_ivl_1495", 0 0, L_0x559a5271f460;  1 drivers
v0x559a5257cf90_0 .net *"_ivl_15", 0 0, v0x559a52630050_0;  1 drivers
v0x559a5257cb10_0 .net *"_ivl_1501", 0 0, L_0x559a5271f600;  1 drivers
v0x559a5257cbf0_0 .net *"_ivl_1503", 0 0, L_0x559a5271f6a0;  1 drivers
v0x559a5257c770_0 .net *"_ivl_1504", 0 0, L_0x559a5271f740;  1 drivers
v0x559a5257c850_0 .net *"_ivl_1507", 0 0, L_0x559a5271f850;  1 drivers
v0x559a5257c380_0 .net *"_ivl_1509", 0 0, L_0x559a5271f980;  1 drivers
v0x559a5257c460_0 .net *"_ivl_151", 0 0, L_0x559a526f2000;  1 drivers
v0x559a52578350_0 .net *"_ivl_1514", 0 0, L_0x559a5271fdf0;  1 drivers
v0x559a52578430_0 .net *"_ivl_1518", 0 0, L_0x559a5271fe60;  1 drivers
v0x559a52576670_0 .net *"_ivl_152", 0 0, L_0x559a526f2120;  1 drivers
v0x559a52576750_0 .net *"_ivl_1522", 0 0, L_0x559a5271ff00;  1 drivers
v0x559a52575da0_0 .net *"_ivl_1527", 0 0, L_0x559a527201c0;  1 drivers
v0x559a52575e80_0 .net *"_ivl_1532", 0 0, L_0x559a52720280;  1 drivers
v0x559a52574fd0_0 .net *"_ivl_1534", 0 0, L_0x559a52720370;  1 drivers
v0x559a525750b0_0 .net *"_ivl_1535", 0 0, L_0x559a52720410;  1 drivers
v0x559a52574ba0_0 .net *"_ivl_1541", 0 0, L_0x559a52721110;  1 drivers
v0x559a52574c60_0 .net *"_ivl_1543", 0 0, L_0x559a52721240;  1 drivers
v0x559a52573d00_0 .net *"_ivl_1544", 0 0, L_0x559a52721310;  1 drivers
v0x559a52573de0_0 .net *"_ivl_1547", 0 0, L_0x559a52721420;  1 drivers
v0x559a525710e0_0 .net *"_ivl_1549", 0 0, L_0x559a52721510;  1 drivers
v0x559a525711c0_0 .net *"_ivl_155", 0 0, L_0x559a526f2230;  1 drivers
v0x559a5256fd10_0 .net *"_ivl_157", 0 0, L_0x559a526f23a0;  1 drivers
v0x559a5256fdd0_0 .net *"_ivl_1596", 0 0, L_0x559a52721bd0;  1 drivers
v0x559a524e13b0_0 .net *"_ivl_1600", 0 0, L_0x559a52721c40;  1 drivers
L_0x7f053997c018 .functor BUFT 1, C4<0>, C4<0>, C4<0>, C4<0>;
v0x559a524e1490_0 .net/2u *"_ivl_1602", 0 0, L_0x7f053997c018;  1 drivers
v0x559a5256e940_0 .net *"_ivl_1605", 0 0, L_0x559a52721d00;  1 drivers
L_0x7f053997c060 .functor BUFT 1, C4<0>, C4<0>, C4<0>, C4<0>;
v0x559a5256ea20_0 .net/2u *"_ivl_1610", 0 0, L_0x7f053997c060;  1 drivers
L_0x7f053997c0a8 .functor BUFT 1, C4<x>, C4<0>, C4<0>, C4<0>;
v0x559a5256d570_0 .net *"_ivl_1612", 0 0, L_0x7f053997c0a8;  1 drivers
v0x559a5256d630_0 .net *"_ivl_1614", 0 0, L_0x559a52721f20;  1 drivers
L_0x7f053997c0f0 .functor BUFT 1, C4<x>, C4<0>, C4<0>, C4<0>;
v0x559a524e0f50_0 .net *"_ivl_1618", 0 0, L_0x7f053997c0f0;  1 drivers
L_0x7f053997c138 .functor BUFT 1, C4<0>, C4<0>, C4<0>, C4<0>;
v0x559a524e1030_0 .net/2u *"_ivl_1620", 0 0, L_0x7f053997c138;  1 drivers
v0x559a5256c1a0_0 .net *"_ivl_1622", 0 0, L_0x559a527221b0;  1 drivers
L_0x7f053997c180 .functor BUFT 1, C4<x>, C4<0>, C4<0>, C4<0>;
v0x559a5256c280_0 .net *"_ivl_1626", 0 0, L_0x7f053997c180;  1 drivers
v0x559a5256b440_0 .net *"_ivl_1629", 0 0, L_0x559a527222f0;  1 drivers
v0x559a5256b500_0 .net *"_ivl_163", 0 0, L_0x559a526f26d0;  1 drivers
v0x559a5256b010_0 .net *"_ivl_1630", 0 0, L_0x559a52722390;  1 drivers
L_0x7f053997c1c8 .functor BUFT 1, C4<x>, C4<0>, C4<0>, C4<0>;
v0x559a5256b0f0_0 .net *"_ivl_1634", 0 0, L_0x7f053997c1c8;  1 drivers
L_0x7f053997c210 .functor BUFT 1, C4<1>, C4<0>, C4<0>, C4<0>;
v0x559a524e0ac0_0 .net/2u *"_ivl_1636", 0 0, L_0x7f053997c210;  1 drivers
v0x559a524e0ba0_0 .net *"_ivl_1638", 0 0, L_0x559a52722510;  1 drivers
v0x559a52566fe0_0 .net *"_ivl_1643", 0 0, L_0x559a52722650;  1 drivers
L_0x7f053997c258 .functor BUFT 1, C4<1>, C4<0>, C4<0>, C4<0>;
v0x559a525670a0_0 .net/2u *"_ivl_1644", 0 0, L_0x7f053997c258;  1 drivers
L_0x7f053997c2a0 .functor BUFT 1, C4<x>, C4<0>, C4<0>, C4<0>;
v0x559a52562fb0_0 .net *"_ivl_1646", 0 0, L_0x7f053997c2a0;  1 drivers
v0x559a52563090_0 .net *"_ivl_1648", 0 0, L_0x559a527227d0;  1 drivers
v0x559a5255ef80_0 .net *"_ivl_165", 0 0, L_0x559a526f2850;  1 drivers
v0x559a5255f060_0 .net *"_ivl_1653", 0 0, L_0x559a52722910;  1 drivers
L_0x7f053997c2e8 .functor BUFT 1, C4<0>, C4<0>, C4<0>, C4<0>;
v0x559a5255af50_0 .net/2u *"_ivl_1654", 0 0, L_0x7f053997c2e8;  1 drivers
L_0x7f053997c330 .functor BUFT 1, C4<x>, C4<0>, C4<0>, C4<0>;
v0x559a5255b010_0 .net *"_ivl_1656", 0 0, L_0x7f053997c330;  1 drivers
v0x559a52556f20_0 .net *"_ivl_1658", 0 0, L_0x559a527229b0;  1 drivers
v0x559a52557000_0 .net *"_ivl_166", 0 0, L_0x559a526f28f0;  1 drivers
v0x559a526c1f20_0 .net *"_ivl_1663", 0 0, L_0x559a52722d90;  1 drivers
L_0x7f053997c378 .functor BUFT 1, C4<x>, C4<0>, C4<0>, C4<0>;
v0x559a526c2000_0 .net *"_ivl_1664", 0 0, L_0x7f053997c378;  1 drivers
v0x559a526c20e0_0 .net *"_ivl_1666", 0 0, L_0x559a52722e30;  1 drivers
v0x559a526c21c0_0 .net *"_ivl_1671", 0 0, L_0x559a52722f70;  1 drivers
L_0x7f053997c3c0 .functor BUFT 1, C4<x>, C4<0>, C4<0>, C4<0>;
v0x559a526c22a0_0 .net *"_ivl_1672", 0 0, L_0x7f053997c3c0;  1 drivers
v0x559a526c2380_0 .net *"_ivl_1674", 0 0, L_0x559a52723060;  1 drivers
v0x559a526c2460_0 .net *"_ivl_1679", 0 0, L_0x559a527231e0;  1 drivers
L_0x7f053997c408 .functor BUFT 1, C4<x>, C4<0>, C4<0>, C4<0>;
v0x559a526c2540_0 .net *"_ivl_1680", 0 0, L_0x7f053997c408;  1 drivers
v0x559a526c2620_0 .net *"_ivl_1682", 0 0, L_0x559a52723280;  1 drivers
v0x559a526c2700_0 .net *"_ivl_1687", 0 0, L_0x559a527233c0;  1 drivers
L_0x7f053997c450 .functor BUFT 1, C4<x>, C4<0>, C4<0>, C4<0>;
v0x559a526c27e0_0 .net *"_ivl_1688", 0 0, L_0x7f053997c450;  1 drivers
v0x559a526c28c0_0 .net *"_ivl_169", 0 0, L_0x559a526f2a30;  1 drivers
v0x559a526c29a0_0 .net *"_ivl_1690", 0 0, L_0x559a527234f0;  1 drivers
v0x559a526c2a80_0 .net *"_ivl_1695", 0 0, L_0x559a527235e0;  1 drivers
L_0x7f053997c498 .functor BUFT 1, C4<x>, C4<0>, C4<0>, C4<0>;
v0x559a526c2b60_0 .net *"_ivl_1696", 0 0, L_0x7f053997c498;  1 drivers
v0x559a526c2c40_0 .net *"_ivl_1698", 0 0, L_0x559a52724c90;  1 drivers
v0x559a526c2d20_0 .net *"_ivl_1703", 0 0, L_0x559a527241f0;  1 drivers
L_0x7f053997c4e0 .functor BUFT 1, C4<x>, C4<0>, C4<0>, C4<0>;
v0x559a526c2e00_0 .net *"_ivl_1704", 0 0, L_0x7f053997c4e0;  1 drivers
v0x559a526c4f80_0 .net *"_ivl_1706", 0 0, L_0x559a52724290;  1 drivers
v0x559a526c5020_0 .net *"_ivl_171", 0 0, L_0x559a526f2bc0;  1 drivers
v0x559a526c50c0_0 .net *"_ivl_1711", 0 0, L_0x559a527244e0;  1 drivers
L_0x7f053997c528 .functor BUFT 1, C4<x>, C4<0>, C4<0>, C4<0>;
v0x559a526c5160_0 .net *"_ivl_1712", 0 0, L_0x7f053997c528;  1 drivers
v0x559a526c5200_0 .net *"_ivl_1714", 0 0, L_0x559a52724580;  1 drivers
v0x559a526c52a0_0 .net *"_ivl_1719", 0 0, L_0x559a527246c0;  1 drivers
L_0x7f053997c570 .functor BUFT 1, C4<x>, C4<0>, C4<0>, C4<0>;
v0x559a526c5340_0 .net *"_ivl_1720", 0 0, L_0x7f053997c570;  1 drivers
v0x559a526c53e0_0 .net *"_ivl_1722", 0 0, L_0x559a52724760;  1 drivers
v0x559a526c5480_0 .net *"_ivl_1727", 0 0, L_0x559a527248a0;  1 drivers
L_0x7f053997c5b8 .functor BUFT 1, C4<x>, C4<0>, C4<0>, C4<0>;
v0x559a526c5520_0 .net *"_ivl_1728", 0 0, L_0x7f053997c5b8;  1 drivers
v0x559a526c55c0_0 .net *"_ivl_1730", 0 0, L_0x559a52724990;  1 drivers
v0x559a526c5660_0 .net *"_ivl_1735", 0 0, L_0x559a52724ad0;  1 drivers
L_0x7f053997c600 .functor BUFT 1, C4<x>, C4<0>, C4<0>, C4<0>;
v0x559a526c5700_0 .net *"_ivl_1736", 0 0, L_0x7f053997c600;  1 drivers
v0x559a526c57a0_0 .net *"_ivl_1738", 0 0, L_0x559a52724b70;  1 drivers
v0x559a526c5840_0 .net *"_ivl_1743", 0 0, L_0x559a52725830;  1 drivers
L_0x7f053997c648 .functor BUFT 1, C4<x>, C4<0>, C4<0>, C4<0>;
v0x559a526c58e0_0 .net *"_ivl_1744", 0 0, L_0x7f053997c648;  1 drivers
v0x559a526c5980_0 .net *"_ivl_1746", 0 0, L_0x559a527258d0;  1 drivers
v0x559a526c5a20_0 .net *"_ivl_1751", 0 0, L_0x559a52724d80;  1 drivers
L_0x7f053997c690 .functor BUFT 1, C4<x>, C4<0>, C4<0>, C4<0>;
v0x559a526c5ac0_0 .net *"_ivl_1752", 0 0, L_0x7f053997c690;  1 drivers
v0x559a526c5b60_0 .net *"_ivl_1754", 0 0, L_0x559a52724e20;  1 drivers
v0x559a526c5c00_0 .net *"_ivl_1759", 0 0, L_0x559a52724f60;  1 drivers
L_0x7f053997c6d8 .functor BUFT 1, C4<x>, C4<0>, C4<0>, C4<0>;
v0x559a526c5ca0_0 .net *"_ivl_1760", 0 0, L_0x7f053997c6d8;  1 drivers
v0x559a526c5d40_0 .net *"_ivl_1762", 0 0, L_0x559a52725000;  1 drivers
v0x559a526c5de0_0 .net *"_ivl_1767", 0 0, L_0x559a52725140;  1 drivers
L_0x7f053997c720 .functor BUFT 1, C4<x>, C4<0>, C4<0>, C4<0>;
v0x559a526c5e80_0 .net *"_ivl_1768", 0 0, L_0x7f053997c720;  1 drivers
v0x559a526c5f20_0 .net *"_ivl_177", 0 0, L_0x559a526f25a0;  1 drivers
v0x559a526c5fc0_0 .net *"_ivl_1770", 0 0, L_0x559a527251e0;  1 drivers
v0x559a526c6060_0 .net *"_ivl_1775", 0 0, L_0x559a52725320;  1 drivers
v0x559a526c6100_0 .net *"_ivl_1777", 0 0, L_0x559a527253c0;  1 drivers
v0x559a526c61a0_0 .net *"_ivl_1778", 0 0, L_0x559a52725460;  1 drivers
v0x559a526c6240_0 .net *"_ivl_178", 0 0, L_0x559a526f2640;  1 drivers
v0x559a526c62e0_0 .net *"_ivl_1783", 0 0, L_0x559a527255f0;  1 drivers
v0x559a526c6380_0 .net *"_ivl_1785", 0 0, L_0x559a527256e0;  1 drivers
v0x559a526c6420_0 .net *"_ivl_1786", 0 0, L_0x559a527264d0;  1 drivers
v0x559a526c64c0_0 .net *"_ivl_1791", 0 0, L_0x559a527259c0;  1 drivers
v0x559a526c6560_0 .net *"_ivl_1793", 0 0, L_0x559a52725a60;  1 drivers
v0x559a526c6600_0 .net *"_ivl_1794", 0 0, L_0x559a52725b00;  1 drivers
v0x559a526c66a0_0 .net *"_ivl_1799", 0 0, L_0x559a52725bf0;  1 drivers
v0x559a526c6740_0 .net *"_ivl_1801", 0 0, L_0x559a52725d20;  1 drivers
v0x559a526c67e0_0 .net *"_ivl_1802", 0 0, L_0x559a52725e50;  1 drivers
v0x559a526c6880_0 .net *"_ivl_1807", 0 0, L_0x559a52725ef0;  1 drivers
v0x559a526c6920_0 .net *"_ivl_1809", 0 0, L_0x559a52725f90;  1 drivers
v0x559a526c69c0_0 .net *"_ivl_1810", 0 0, L_0x559a52726030;  1 drivers
v0x559a526c6a60_0 .net *"_ivl_1815", 0 0, L_0x559a52726170;  1 drivers
v0x559a526c6b00_0 .net *"_ivl_1817", 0 0, L_0x559a52726210;  1 drivers
v0x559a526c6ba0_0 .net *"_ivl_1818", 0 0, L_0x559a527262b0;  1 drivers
v0x559a526c6c40_0 .net *"_ivl_1823", 0 0, L_0x559a527263f0;  1 drivers
v0x559a526c6ce0_0 .net *"_ivl_1825", 0 0, L_0x559a52727140;  1 drivers
v0x559a526c6d80_0 .net *"_ivl_1826", 0 0, L_0x559a52726570;  1 drivers
v0x559a526c6e20_0 .net *"_ivl_183", 0 0, L_0x559a526f30b0;  1 drivers
v0x559a526c6ec0_0 .net *"_ivl_1831", 0 0, L_0x559a527266b0;  1 drivers
L_0x7f053997c768 .functor BUFT 1, C4<x>, C4<0>, C4<0>, C4<0>;
v0x559a526c6f60_0 .net *"_ivl_1832", 0 0, L_0x7f053997c768;  1 drivers
v0x559a526c7000_0 .net *"_ivl_1834", 0 0, L_0x559a52726750;  1 drivers
v0x559a526c70a0_0 .net *"_ivl_1839", 0 0, L_0x559a52726890;  1 drivers
L_0x7f053997c7b0 .functor BUFT 1, C4<x>, C4<0>, C4<0>, C4<0>;
v0x559a526c7140_0 .net *"_ivl_1840", 0 0, L_0x7f053997c7b0;  1 drivers
v0x559a526c71e0_0 .net *"_ivl_1842", 0 0, L_0x559a52726980;  1 drivers
v0x559a526c7280_0 .net *"_ivl_1847", 0 0, L_0x559a52726ac0;  1 drivers
L_0x7f053997c7f8 .functor BUFT 1, C4<x>, C4<0>, C4<0>, C4<0>;
v0x559a526c7320_0 .net *"_ivl_1848", 0 0, L_0x7f053997c7f8;  1 drivers
v0x559a526c73c0_0 .net *"_ivl_185", 0 0, L_0x559a526f3150;  1 drivers
v0x559a526c7460_0 .net *"_ivl_1850", 0 0, L_0x559a52726b60;  1 drivers
v0x559a526c7500_0 .net *"_ivl_1855", 0 0, L_0x559a52726db0;  1 drivers
L_0x7f053997c840 .functor BUFT 1, C4<x>, C4<0>, C4<0>, C4<0>;
v0x559a526c75a0_0 .net *"_ivl_1856", 0 0, L_0x7f053997c840;  1 drivers
v0x559a526c7640_0 .net *"_ivl_1858", 0 0, L_0x559a52726e50;  1 drivers
v0x559a526c76e0_0 .net *"_ivl_186", 0 0, L_0x559a526f3330;  1 drivers
v0x559a526c7780_0 .net *"_ivl_1863", 0 0, L_0x559a52726f70;  1 drivers
L_0x7f053997c888 .functor BUFT 1, C4<x>, C4<0>, C4<0>, C4<0>;
v0x559a526c7820_0 .net *"_ivl_1864", 0 0, L_0x7f053997c888;  1 drivers
v0x559a526c78c0_0 .net *"_ivl_1866", 0 0, L_0x559a52727010;  1 drivers
v0x559a526c7960_0 .net *"_ivl_1871", 0 0, L_0x559a52727e60;  1 drivers
L_0x7f053997c8d0 .functor BUFT 1, C4<x>, C4<0>, C4<0>, C4<0>;
v0x559a526c7a00_0 .net *"_ivl_1872", 0 0, L_0x7f053997c8d0;  1 drivers
v0x559a526c7aa0_0 .net *"_ivl_1874", 0 0, L_0x559a527271e0;  1 drivers
v0x559a526c7b40_0 .net *"_ivl_1879", 0 0, L_0x559a52727350;  1 drivers
L_0x7f053997c918 .functor BUFT 1, C4<x>, C4<0>, C4<0>, C4<0>;
v0x559a526c7be0_0 .net *"_ivl_1880", 0 0, L_0x7f053997c918;  1 drivers
v0x559a526c7c80_0 .net *"_ivl_1882", 0 0, L_0x559a527273f0;  1 drivers
v0x559a526c7d20_0 .net *"_ivl_1888", 0 0, L_0x559a52727880;  1 drivers
L_0x7f053997c960 .functor BUFT 1, C4<x>, C4<0>, C4<0>, C4<0>;
v0x559a526c7dc0_0 .net *"_ivl_1889", 0 0, L_0x7f053997c960;  1 drivers
v0x559a526c7e60_0 .net *"_ivl_189", 0 0, L_0x559a526f3570;  1 drivers
v0x559a526c7f00_0 .net *"_ivl_1891", 0 0, L_0x559a52727920;  1 drivers
L_0x7f053997c9a8 .functor BUFT 1, C4<x>, C4<0>, C4<0>, C4<0>;
v0x559a526c7fa0_0 .net *"_ivl_1895", 0 0, L_0x7f053997c9a8;  1 drivers
v0x559a526c8040_0 .net *"_ivl_1898", 0 0, L_0x559a52727ab0;  1 drivers
v0x559a526c80e0_0 .net *"_ivl_1899", 0 0, L_0x559a52727ba0;  1 drivers
v0x559a526c8180_0 .net *"_ivl_19", 0 0, v0x559a52695610_0;  1 drivers
L_0x7f053997c9f0 .functor BUFT 1, C4<x>, C4<0>, C4<0>, C4<0>;
v0x559a526c8220_0 .net *"_ivl_1903", 0 0, L_0x7f053997c9f0;  1 drivers
v0x559a526c82c0_0 .net *"_ivl_1906", 0 0, L_0x559a52727ce0;  1 drivers
v0x559a526c8360_0 .net *"_ivl_1907", 0 0, L_0x559a52728b80;  1 drivers
v0x559a526c8400_0 .net *"_ivl_191", 0 0, L_0x559a526f3610;  1 drivers
L_0x7f053997ca38 .functor BUFT 1, C4<x>, C4<0>, C4<0>, C4<0>;
v0x559a526c84a0_0 .net *"_ivl_1911", 0 0, L_0x7f053997ca38;  1 drivers
v0x559a526c8540_0 .net *"_ivl_1914", 0 0, L_0x559a52727f50;  1 drivers
v0x559a526c85e0_0 .net *"_ivl_1915", 0 0, L_0x559a52727ff0;  1 drivers
L_0x7f053997ca80 .functor BUFT 1, C4<x>, C4<0>, C4<0>, C4<0>;
v0x559a526c8680_0 .net *"_ivl_1919", 0 0, L_0x7f053997ca80;  1 drivers
v0x559a526c8720_0 .net *"_ivl_1922", 0 0, L_0x559a527280e0;  1 drivers
v0x559a526c87c0_0 .net *"_ivl_1923", 0 0, L_0x559a52728180;  1 drivers
L_0x7f053997cac8 .functor BUFT 1, C4<x>, C4<0>, C4<0>, C4<0>;
v0x559a526c8860_0 .net *"_ivl_1927", 0 0, L_0x7f053997cac8;  1 drivers
v0x559a526c8900_0 .net *"_ivl_1930", 0 0, L_0x559a527282c0;  1 drivers
v0x559a526c89a0_0 .net *"_ivl_1931", 0 0, L_0x559a52728360;  1 drivers
L_0x7f053997cb10 .functor BUFT 1, C4<x>, C4<0>, C4<0>, C4<0>;
v0x559a526c8a40_0 .net *"_ivl_1935", 0 0, L_0x7f053997cb10;  1 drivers
v0x559a526c8ae0_0 .net *"_ivl_1938", 0 0, L_0x559a527284a0;  1 drivers
v0x559a526c8b80_0 .net *"_ivl_1939", 0 0, L_0x559a52728540;  1 drivers
L_0x7f053997cb58 .functor BUFT 1, C4<x>, C4<0>, C4<0>, C4<0>;
v0x559a526c8c20_0 .net *"_ivl_1943", 0 0, L_0x7f053997cb58;  1 drivers
v0x559a526c8cc0_0 .net *"_ivl_1946", 0 0, L_0x559a52728680;  1 drivers
v0x559a526c8d60_0 .net *"_ivl_1947", 0 0, L_0x559a52728830;  1 drivers
v0x559a526c8e00_0 .net *"_ivl_1952", 0 0, L_0x559a527289a0;  1 drivers
L_0x7f053997cba0 .functor BUFT 1, C4<x>, C4<0>, C4<0>, C4<0>;
v0x559a526c8ea0_0 .net *"_ivl_1953", 0 0, L_0x7f053997cba0;  1 drivers
v0x559a526c8f40_0 .net *"_ivl_1955", 0 0, L_0x559a52728a70;  1 drivers
v0x559a526c8fe0_0 .net *"_ivl_196", 0 0, L_0x559a526f38f0;  1 drivers
v0x559a526c9080_0 .net *"_ivl_1960", 0 0, L_0x559a527299b0;  1 drivers
L_0x7f053997cbe8 .functor BUFT 1, C4<x>, C4<0>, C4<0>, C4<0>;
v0x559a526c9120_0 .net *"_ivl_1961", 0 0, L_0x7f053997cbe8;  1 drivers
v0x559a526c91c0_0 .net *"_ivl_1963", 0 0, L_0x559a52729aa0;  1 drivers
v0x559a526c9260_0 .net *"_ivl_1968", 0 0, L_0x559a52728cc0;  1 drivers
L_0x7f053997cc30 .functor BUFT 1, C4<x>, C4<0>, C4<0>, C4<0>;
v0x559a526c9300_0 .net *"_ivl_1969", 0 0, L_0x7f053997cc30;  1 drivers
v0x559a526c93a0_0 .net *"_ivl_1971", 0 0, L_0x559a52728d60;  1 drivers
v0x559a526c9440_0 .net *"_ivl_1976", 0 0, L_0x559a52728fe0;  1 drivers
L_0x7f053997cc78 .functor BUFT 1, C4<x>, C4<0>, C4<0>, C4<0>;
v0x559a526c94e0_0 .net *"_ivl_1977", 0 0, L_0x7f053997cc78;  1 drivers
v0x559a526c9580_0 .net *"_ivl_1979", 0 0, L_0x559a52729080;  1 drivers
v0x559a526c9620_0 .net *"_ivl_1984", 0 0, L_0x559a527291a0;  1 drivers
L_0x7f053997ccc0 .functor BUFT 1, C4<x>, C4<0>, C4<0>, C4<0>;
v0x559a526c96c0_0 .net *"_ivl_1985", 0 0, L_0x7f053997ccc0;  1 drivers
v0x559a526c9760_0 .net *"_ivl_1987", 0 0, L_0x559a52729240;  1 drivers
v0x559a526c9800_0 .net *"_ivl_1992", 0 0, L_0x559a527293b0;  1 drivers
L_0x7f053997cd08 .functor BUFT 1, C4<x>, C4<0>, C4<0>, C4<0>;
v0x559a526c98a0_0 .net *"_ivl_1993", 0 0, L_0x7f053997cd08;  1 drivers
v0x559a526c9940_0 .net *"_ivl_1995", 0 0, L_0x559a52729450;  1 drivers
v0x559a526c99e0_0 .net *"_ivl_2000", 0 0, L_0x559a527295c0;  1 drivers
L_0x7f053997cd50 .functor BUFT 1, C4<x>, C4<0>, C4<0>, C4<0>;
v0x559a526c9a80_0 .net *"_ivl_2001", 0 0, L_0x7f053997cd50;  1 drivers
v0x559a526c9b20_0 .net *"_ivl_2003", 0 0, L_0x559a52729660;  1 drivers
v0x559a526c9bc0_0 .net *"_ivl_2009", 0 0, L_0x559a5272aa70;  1 drivers
v0x559a526c9c60_0 .net *"_ivl_201", 0 0, L_0x559a526f3b60;  1 drivers
L_0x7f053997cd98 .functor BUFT 1, C4<x>, C4<0>, C4<0>, C4<0>;
v0x559a526c9d00_0 .net *"_ivl_2010", 0 0, L_0x7f053997cd98;  1 drivers
v0x559a526c9da0_0 .net *"_ivl_2012", 0 0, L_0x559a52729b40;  1 drivers
L_0x7f053997cde0 .functor BUFT 1, C4<x>, C4<0>, C4<0>, C4<0>;
v0x559a526c9e40_0 .net *"_ivl_2016", 0 0, L_0x7f053997cde0;  1 drivers
v0x559a526c9ee0_0 .net *"_ivl_2018", 0 0, L_0x559a52729cd0;  1 drivers
v0x559a526c9f80_0 .net *"_ivl_2023", 0 0, L_0x559a52729e10;  1 drivers
L_0x7f053997ce28 .functor BUFT 1, C4<x>, C4<0>, C4<0>, C4<0>;
v0x559a526ca020_0 .net *"_ivl_2024", 0 0, L_0x7f053997ce28;  1 drivers
v0x559a526ca0c0_0 .net *"_ivl_2026", 0 0, L_0x559a52729eb0;  1 drivers
v0x559a526ca160_0 .net *"_ivl_203", 0 0, L_0x559a526f3c00;  1 drivers
v0x559a526ca200_0 .net *"_ivl_2031", 0 0, L_0x559a52729ff0;  1 drivers
L_0x7f053997ce70 .functor BUFT 1, C4<x>, C4<0>, C4<0>, C4<0>;
v0x559a526ca2a0_0 .net *"_ivl_2032", 0 0, L_0x7f053997ce70;  1 drivers
v0x559a526ca340_0 .net *"_ivl_2034", 0 0, L_0x559a5272a090;  1 drivers
v0x559a526ca3e0_0 .net *"_ivl_2039", 0 0, L_0x559a5272a180;  1 drivers
v0x559a526ca480_0 .net *"_ivl_204", 0 0, L_0x559a526f3e20;  1 drivers
L_0x7f053997ceb8 .functor BUFT 1, C4<x>, C4<0>, C4<0>, C4<0>;
v0x559a526ca520_0 .net *"_ivl_2040", 0 0, L_0x7f053997ceb8;  1 drivers
v0x559a526ca5c0_0 .net *"_ivl_2042", 0 0, L_0x559a5272a220;  1 drivers
v0x559a526ca660_0 .net *"_ivl_2047", 0 0, L_0x559a5272a360;  1 drivers
L_0x7f053997cf00 .functor BUFT 1, C4<x>, C4<0>, C4<0>, C4<0>;
v0x559a526ca720_0 .net *"_ivl_2048", 0 0, L_0x7f053997cf00;  1 drivers
v0x559a526ca800_0 .net *"_ivl_2050", 0 0, L_0x559a5272a400;  1 drivers
v0x559a526ca8e0_0 .net *"_ivl_2055", 0 0, L_0x559a5272a540;  1 drivers
L_0x7f053997cf48 .functor BUFT 1, C4<x>, C4<0>, C4<0>, C4<0>;
v0x559a526ca9c0_0 .net *"_ivl_2056", 0 0, L_0x7f053997cf48;  1 drivers
v0x559a526caaa0_0 .net *"_ivl_2058", 0 0, L_0x559a5272a5e0;  1 drivers
v0x559a526cab80_0 .net *"_ivl_2063", 0 0, L_0x559a5272a720;  1 drivers
L_0x7f053997cf90 .functor BUFT 1, C4<x>, C4<0>, C4<0>, C4<0>;
v0x559a526cac60_0 .net *"_ivl_2064", 0 0, L_0x7f053997cf90;  1 drivers
v0x559a526cad40_0 .net *"_ivl_2066", 0 0, L_0x559a5272a7c0;  1 drivers
v0x559a526cae20_0 .net *"_ivl_207", 0 0, L_0x559a526f3f30;  1 drivers
v0x559a526caf00_0 .net *"_ivl_2072", 0 0, L_0x559a5272bec0;  1 drivers
L_0x7f053997cfd8 .functor BUFT 1, C4<x>, C4<0>, C4<0>, C4<0>;
v0x559a526cafe0_0 .net *"_ivl_2073", 0 0, L_0x7f053997cfd8;  1 drivers
v0x559a526cb0c0_0 .net *"_ivl_2075", 0 0, L_0x559a5272ac20;  1 drivers
v0x559a526cb1a0_0 .net *"_ivl_2080", 0 0, L_0x559a5272adb0;  1 drivers
L_0x7f053997d020 .functor BUFT 1, C4<x>, C4<0>, C4<0>, C4<0>;
v0x559a526cb280_0 .net *"_ivl_2081", 0 0, L_0x7f053997d020;  1 drivers
v0x559a526cb360_0 .net *"_ivl_2083", 0 0, L_0x559a5272ae50;  1 drivers
v0x559a526cb440_0 .net *"_ivl_2088", 0 0, L_0x559a5272af90;  1 drivers
L_0x7f053997d068 .functor BUFT 1, C4<x>, C4<0>, C4<0>, C4<0>;
v0x559a526cb520_0 .net *"_ivl_2089", 0 0, L_0x7f053997d068;  1 drivers
v0x559a526cb600_0 .net *"_ivl_209", 0 0, L_0x559a526f3fd0;  1 drivers
v0x559a526cb6e0_0 .net *"_ivl_2091", 0 0, L_0x559a5272b030;  1 drivers
v0x559a526cb7c0_0 .net *"_ivl_2096", 0 0, L_0x559a5272b170;  1 drivers
L_0x7f053997d0b0 .functor BUFT 1, C4<x>, C4<0>, C4<0>, C4<0>;
v0x559a526cb8a0_0 .net *"_ivl_2097", 0 0, L_0x7f053997d0b0;  1 drivers
v0x559a526cb980_0 .net *"_ivl_2099", 0 0, L_0x559a5272b260;  1 drivers
v0x559a526cba60_0 .net *"_ivl_2105", 0 0, L_0x559a5272b530;  1 drivers
L_0x7f053997d0f8 .functor BUFT 1, C4<x>, C4<0>, C4<0>, C4<0>;
v0x559a526cbb40_0 .net *"_ivl_2106", 0 0, L_0x7f053997d0f8;  1 drivers
v0x559a526cbc20_0 .net *"_ivl_2108", 0 0, L_0x559a5272b5d0;  1 drivers
L_0x7f053997d140 .functor BUFT 1, C4<1>, C4<0>, C4<0>, C4<0>;
v0x559a526cbd00_0 .net/2u *"_ivl_2112", 0 0, L_0x7f053997d140;  1 drivers
L_0x7f053997d188 .functor BUFT 1, C4<x>, C4<0>, C4<0>, C4<0>;
v0x559a526cbde0_0 .net *"_ivl_2114", 0 0, L_0x7f053997d188;  1 drivers
v0x559a526cbec0_0 .net *"_ivl_2116", 0 0, L_0x559a5272b760;  1 drivers
L_0x7f053997d1d0 .functor BUFT 1, C4<0>, C4<0>, C4<0>, C4<0>;
v0x559a526cbfa0_0 .net/2u *"_ivl_2120", 0 0, L_0x7f053997d1d0;  1 drivers
L_0x7f053997d218 .functor BUFT 1, C4<x>, C4<0>, C4<0>, C4<0>;
v0x559a526cc080_0 .net *"_ivl_2122", 0 0, L_0x7f053997d218;  1 drivers
v0x559a526cc160_0 .net *"_ivl_2124", 0 0, L_0x559a5272b8a0;  1 drivers
v0x559a526cc240_0 .net *"_ivl_2129", 0 0, L_0x559a5272cda0;  1 drivers
v0x559a526cc320_0 .net *"_ivl_2131", 0 0, L_0x559a5272ce90;  1 drivers
v0x559a526cc400_0 .net *"_ivl_2132", 0 0, L_0x559a5272bf60;  1 drivers
v0x559a526cc4e0_0 .net *"_ivl_2137", 0 0, L_0x559a5272c0a0;  1 drivers
v0x559a526cc5c0_0 .net *"_ivl_2139", 0 0, L_0x559a5272c140;  1 drivers
v0x559a526cc6a0_0 .net *"_ivl_2140", 0 0, L_0x559a5272c230;  1 drivers
v0x559a526cc780_0 .net *"_ivl_2145", 0 0, L_0x559a5272c370;  1 drivers
v0x559a526cc860_0 .net *"_ivl_2147", 0 0, L_0x559a5272c410;  1 drivers
v0x559a526cc940_0 .net *"_ivl_2148", 0 0, L_0x559a5272c4b0;  1 drivers
v0x559a526cca20_0 .net *"_ivl_215", 0 0, L_0x559a526f4370;  1 drivers
v0x559a526ccb00_0 .net *"_ivl_2154", 0 0, L_0x559a5272c730;  1 drivers
v0x559a526ccbe0_0 .net *"_ivl_2156", 0 0, L_0x559a5272c7d0;  1 drivers
v0x559a526cccc0_0 .net *"_ivl_2157", 0 0, L_0x559a5272c870;  1 drivers
v0x559a526ccda0_0 .net *"_ivl_216", 0 0, L_0x559a526f4410;  1 drivers
v0x559a526cce80_0 .net *"_ivl_2162", 0 0, L_0x559a5272c9b0;  1 drivers
v0x559a526ccf60_0 .net *"_ivl_2164", 0 0, L_0x559a5272caa0;  1 drivers
v0x559a526cd040_0 .net *"_ivl_2165", 0 0, L_0x559a5272cb40;  1 drivers
v0x559a526cd120_0 .net *"_ivl_2170", 0 0, L_0x559a5272cc80;  1 drivers
v0x559a526cd200_0 .net *"_ivl_2172", 0 0, L_0x559a5272ddf0;  1 drivers
v0x559a526cd2e0_0 .net *"_ivl_2173", 0 0, L_0x559a5272cf30;  1 drivers
v0x559a526cd3c0_0 .net *"_ivl_2178", 0 0, L_0x559a5272d020;  1 drivers
v0x559a526cd4a0_0 .net *"_ivl_2180", 0 0, L_0x559a5272d0c0;  1 drivers
v0x559a526cd580_0 .net *"_ivl_2181", 0 0, L_0x559a5272d160;  1 drivers
v0x559a526cd660_0 .net *"_ivl_2187", 0 0, L_0x559a5272d430;  1 drivers
v0x559a526cd740_0 .net *"_ivl_2189", 0 0, L_0x559a5272d4d0;  1 drivers
v0x559a526cd820_0 .net *"_ivl_2190", 0 0, L_0x559a5272d570;  1 drivers
v0x559a526cd900_0 .net *"_ivl_2195", 0 0, L_0x559a5272d700;  1 drivers
L_0x7f053997d260 .functor BUFT 1, C4<0>, C4<0>, C4<0>, C4<0>;
v0x559a526cd9e0_0 .net/2u *"_ivl_2196", 0 0, L_0x7f053997d260;  1 drivers
v0x559a526cdac0_0 .net *"_ivl_2198", 0 0, L_0x559a5272d7f0;  1 drivers
v0x559a526cdba0_0 .net *"_ivl_2203", 0 0, L_0x559a5272d930;  1 drivers
L_0x7f053997d2a8 .functor BUFT 1, C4<0>, C4<0>, C4<0>, C4<0>;
v0x559a526cdc80_0 .net/2u *"_ivl_2204", 0 0, L_0x7f053997d2a8;  1 drivers
v0x559a526cdd60_0 .net *"_ivl_2206", 0 0, L_0x559a5272d9d0;  1 drivers
v0x559a526cde40_0 .net *"_ivl_221", 0 0, L_0x559a526f44d0;  1 drivers
v0x559a526cdf20_0 .net *"_ivl_2211", 0 0, L_0x559a5272db10;  1 drivers
L_0x7f053997d2f0 .functor BUFT 1, C4<0>, C4<0>, C4<0>, C4<0>;
v0x559a526ce000_0 .net/2u *"_ivl_2212", 0 0, L_0x7f053997d2f0;  1 drivers
v0x559a526ce0e0_0 .net *"_ivl_2214", 0 0, L_0x559a5272dc40;  1 drivers
v0x559a526ce1c0_0 .net *"_ivl_2220", 0 0, L_0x559a5272ee70;  1 drivers
L_0x7f053997d338 .functor BUFT 1, C4<0>, C4<0>, C4<0>, C4<0>;
v0x559a526ce2a0_0 .net/2u *"_ivl_2221", 0 0, L_0x7f053997d338;  1 drivers
v0x559a526ce380_0 .net *"_ivl_2223", 0 0, L_0x559a5272de90;  1 drivers
v0x559a526ce460_0 .net *"_ivl_2226", 0 0, L_0x559a5272e020;  1 drivers
L_0x7f053997d380 .functor BUFT 1, C4<x>, C4<0>, C4<0>, C4<0>;
v0x559a526ce540_0 .net *"_ivl_2227", 0 0, L_0x7f053997d380;  1 drivers
v0x559a526ce620_0 .net *"_ivl_223", 0 0, L_0x559a526f46c0;  1 drivers
v0x559a526ce700_0 .net *"_ivl_2232", 0 0, L_0x559a5272e200;  1 drivers
L_0x7f053997d3c8 .functor BUFT 1, C4<x>, C4<0>, C4<0>, C4<0>;
v0x559a526ce7e0_0 .net *"_ivl_2233", 0 0, L_0x7f053997d3c8;  1 drivers
v0x559a526ce8c0_0 .net *"_ivl_224", 0 0, L_0x559a526f4760;  1 drivers
v0x559a526ce9a0_0 .net *"_ivl_2244", 0 0, L_0x559a5272e750;  1 drivers
v0x559a526cea80_0 .net *"_ivl_2248", 0 0, L_0x559a5272e900;  1 drivers
v0x559a526ceb60_0 .net *"_ivl_2252", 0 0, L_0x559a5272eab0;  1 drivers
v0x559a526cec40_0 .net *"_ivl_2256", 0 0, L_0x559a5272ec60;  1 drivers
v0x559a526ced20_0 .net *"_ivl_2260", 0 0, L_0x559a52723840;  1 drivers
v0x559a526cee00_0 .net *"_ivl_2264", 0 0, L_0x559a527239f0;  1 drivers
v0x559a526ceee0_0 .net *"_ivl_2268", 0 0, L_0x559a52723ba0;  1 drivers
v0x559a526cefc0_0 .net *"_ivl_227", 0 0, L_0x559a526f4a20;  1 drivers
v0x559a526cf0a0_0 .net *"_ivl_2272", 0 0, L_0x559a52723d50;  1 drivers
v0x559a526cf180_0 .net *"_ivl_2276", 0 0, L_0x559a52723f00;  1 drivers
v0x559a526cf260_0 .net *"_ivl_2280", 0 0, L_0x559a52724100;  1 drivers
v0x559a526cf340_0 .net *"_ivl_2284", 0 0, L_0x559a52730460;  1 drivers
v0x559a526cf420_0 .net *"_ivl_2288", 0 0, L_0x559a527306a0;  1 drivers
v0x559a526cf500_0 .net *"_ivl_229", 0 0, L_0x559a526f4c50;  1 drivers
v0x559a526cf5e0_0 .net *"_ivl_2292", 0 0, L_0x559a5272efa0;  1 drivers
v0x559a526cf6c0_0 .net *"_ivl_2296", 0 0, L_0x559a5272f170;  1 drivers
v0x559a526cf7a0_0 .net *"_ivl_23", 0 0, v0x559a52694820_0;  1 drivers
v0x559a526cf880_0 .net *"_ivl_2300", 0 0, L_0x559a5272f3b0;  1 drivers
v0x559a526cf960_0 .net *"_ivl_2304", 0 0, L_0x559a5272f5f0;  1 drivers
v0x559a526cfa40_0 .net *"_ivl_2308", 0 0, L_0x559a5272f830;  1 drivers
v0x559a526cfb20_0 .net *"_ivl_2312", 0 0, L_0x559a5272fa10;  1 drivers
v0x559a526cfc00_0 .net *"_ivl_2316", 0 0, L_0x559a5272fbc0;  1 drivers
v0x559a526cfce0_0 .net *"_ivl_2320", 0 0, L_0x559a5272fd70;  1 drivers
v0x559a526cfdc0_0 .net *"_ivl_2324", 0 0, L_0x559a5272ff20;  1 drivers
v0x559a526cfea0_0 .net *"_ivl_2328", 0 0, L_0x559a527300d0;  1 drivers
v0x559a526cff80_0 .net *"_ivl_2332", 0 0, L_0x559a52730280;  1 drivers
v0x559a526d0060_0 .net *"_ivl_2336", 0 0, L_0x559a52731370;  1 drivers
v0x559a526d0140_0 .net *"_ivl_2340", 0 0, L_0x559a52731fe0;  1 drivers
v0x559a526d0220_0 .net *"_ivl_2344", 0 0, L_0x559a527320f0;  1 drivers
v0x559a526d0300_0 .net *"_ivl_2348", 0 0, L_0x559a52732250;  1 drivers
v0x559a526d03e0_0 .net *"_ivl_235", 0 0, L_0x559a526f4e60;  1 drivers
v0x559a526d04c0_0 .net *"_ivl_2352", 0 0, L_0x559a52730a10;  1 drivers
v0x559a526d05a0_0 .net *"_ivl_2356", 0 0, L_0x559a52730c00;  1 drivers
v0x559a526d0680_0 .net *"_ivl_236", 0 0, L_0x559a526f5070;  1 drivers
v0x559a526d0760_0 .net *"_ivl_2360", 0 0, L_0x559a52730df0;  1 drivers
v0x559a526d0840_0 .net *"_ivl_2364", 0 0, L_0x559a52730fe0;  1 drivers
v0x559a526d0920_0 .net *"_ivl_2368", 0 0, L_0x559a527311d0;  1 drivers
v0x559a526d0a00_0 .net *"_ivl_2372", 0 0, L_0x559a52731520;  1 drivers
v0x559a526d0ae0_0 .net *"_ivl_2376", 0 0, L_0x559a527316d0;  1 drivers
v0x559a526d0bc0_0 .net *"_ivl_2380", 0 0, L_0x559a52731880;  1 drivers
v0x559a526d0ca0_0 .net *"_ivl_2384", 0 0, L_0x559a52731a30;  1 drivers
v0x559a526d0d80_0 .net *"_ivl_2388", 0 0, L_0x559a52731be0;  1 drivers
v0x559a526d0e60_0 .net *"_ivl_2392", 0 0, L_0x559a52731d90;  1 drivers
v0x559a526d0f40_0 .net *"_ivl_2396", 0 0, L_0x559a52731f40;  1 drivers
v0x559a526d1020_0 .net *"_ivl_2400", 0 0, L_0x559a52732f30;  1 drivers
v0x559a526d1100_0 .net *"_ivl_2404", 0 0, L_0x559a52733c20;  1 drivers
v0x559a526d11e0_0 .net *"_ivl_2408", 0 0, L_0x559a52732400;  1 drivers
v0x559a526d12c0_0 .net *"_ivl_241", 0 0, L_0x559a526f52c0;  1 drivers
v0x559a526d13a0_0 .net *"_ivl_2412", 0 0, L_0x559a52732650;  1 drivers
v0x559a526d1480_0 .net *"_ivl_2416", 0 0, L_0x559a52732910;  1 drivers
v0x559a526d1560_0 .net *"_ivl_2420", 0 0, L_0x559a52732ac0;  1 drivers
v0x559a526d1640_0 .net *"_ivl_2424", 0 0, L_0x559a52732d80;  1 drivers
v0x559a526d1720_0 .net *"_ivl_2428", 0 0, L_0x559a52733240;  1 drivers
v0x559a526d1800_0 .net *"_ivl_243", 0 0, L_0x559a526f53b0;  1 drivers
v0x559a526d18e0_0 .net *"_ivl_2432", 0 0, L_0x559a52733500;  1 drivers
v0x559a526d19c0_0 .net *"_ivl_2436", 0 0, L_0x559a527337c0;  1 drivers
v0x559a526d1aa0_0 .net *"_ivl_244", 0 0, L_0x559a526f5660;  1 drivers
v0x559a526d1b80_0 .net *"_ivl_2440", 0 0, L_0x559a52733970;  1 drivers
v0x559a526d1c60_0 .net *"_ivl_2444", 0 0, L_0x559a52733b20;  1 drivers
v0x559a526d1d40_0 .net *"_ivl_2448", 0 0, L_0x559a52734a20;  1 drivers
v0x559a526d1e20_0 .net *"_ivl_2452", 0 0, L_0x559a52735770;  1 drivers
v0x559a526d1f00_0 .net *"_ivl_2456", 0 0, L_0x559a527358d0;  1 drivers
v0x559a526d1fe0_0 .net *"_ivl_2460", 0 0, L_0x559a52733e40;  1 drivers
v0x559a526d20c0_0 .net *"_ivl_2464", 0 0, L_0x559a52733ff0;  1 drivers
v0x559a526d21a0_0 .net *"_ivl_2468", 0 0, L_0x559a52734090;  1 drivers
v0x559a526d2280_0 .net *"_ivl_247", 0 0, L_0x559a526f5750;  1 drivers
v0x559a526d2360_0 .net *"_ivl_2472", 0 0, L_0x559a527342e0;  1 drivers
v0x559a526d2440_0 .net *"_ivl_2476", 0 0, L_0x559a52734530;  1 drivers
v0x559a526d2520_0 .net *"_ivl_2480", 0 0, L_0x559a52734780;  1 drivers
v0x559a526d2600_0 .net *"_ivl_2484", 0 0, L_0x559a52734bd0;  1 drivers
v0x559a526d26e0_0 .net *"_ivl_2488", 0 0, L_0x559a52734e20;  1 drivers
v0x559a526d27c0_0 .net *"_ivl_249", 0 0, L_0x559a526f57f0;  1 drivers
v0x559a526d28a0_0 .net *"_ivl_2492", 0 0, L_0x559a52735070;  1 drivers
v0x559a526d2980_0 .net *"_ivl_2496", 0 0, L_0x559a527352c0;  1 drivers
v0x559a526d2a60_0 .net *"_ivl_2500", 0 0, L_0x559a52735510;  1 drivers
v0x559a526d2b40_0 .net *"_ivl_2504", 0 0, L_0x559a527356c0;  1 drivers
v0x559a526d2c20_0 .net *"_ivl_2508", 0 0, L_0x559a527373a0;  1 drivers
v0x559a526d2d00_0 .net *"_ivl_2512", 0 0, L_0x559a52737550;  1 drivers
v0x559a526d2de0_0 .net *"_ivl_2516", 0 0, L_0x559a52735a30;  1 drivers
v0x559a526d2ec0_0 .net *"_ivl_2520", 0 0, L_0x559a52735be0;  1 drivers
v0x559a526d2fa0_0 .net *"_ivl_2524", 0 0, L_0x559a52735e30;  1 drivers
v0x559a526d3080_0 .net *"_ivl_2528", 0 0, L_0x559a52735f90;  1 drivers
v0x559a526d3160_0 .net *"_ivl_2532", 0 0, L_0x559a527360f0;  1 drivers
v0x559a526d3240_0 .net *"_ivl_2536", 0 0, L_0x559a527362a0;  1 drivers
v0x559a526d3320_0 .net *"_ivl_2540", 0 0, L_0x559a52736400;  1 drivers
v0x559a526d3400_0 .net *"_ivl_2544", 0 0, L_0x559a52736560;  1 drivers
v0x559a526d34e0_0 .net *"_ivl_2548", 0 0, L_0x559a527367e0;  1 drivers
v0x559a526d35c0_0 .net *"_ivl_255", 0 0, L_0x559a526f5d30;  1 drivers
v0x559a526d36a0_0 .net *"_ivl_2552", 0 0, L_0x559a52736940;  1 drivers
v0x559a526d3780_0 .net *"_ivl_2556", 0 0, L_0x559a52736aa0;  1 drivers
v0x559a526d3860_0 .net *"_ivl_256", 0 0, L_0x559a526f5e60;  1 drivers
v0x559a526d3940_0 .net *"_ivl_2560", 0 0, L_0x559a52736c90;  1 drivers
v0x559a526d3a20_0 .net *"_ivl_2564", 0 0, L_0x559a52736e80;  1 drivers
v0x559a526d3b00_0 .net *"_ivl_2568", 0 0, L_0x559a52736fe0;  1 drivers
v0x559a526d3be0_0 .net *"_ivl_2572", 0 0, L_0x559a52737190;  1 drivers
v0x559a526d3cc0_0 .net *"_ivl_2576", 0 0, L_0x559a52738390;  1 drivers
v0x559a526d3da0_0 .net *"_ivl_2580", 0 0, L_0x559a527391e0;  1 drivers
v0x559a526d3e80_0 .net *"_ivl_2584", 0 0, L_0x559a527392f0;  1 drivers
v0x559a526d3f60_0 .net *"_ivl_2588", 0 0, L_0x559a52737700;  1 drivers
v0x559a526d4040_0 .net *"_ivl_2592", 0 0, L_0x559a527378b0;  1 drivers
v0x559a526d4120_0 .net *"_ivl_2596", 0 0, L_0x559a52737a60;  1 drivers
v0x559a526d4200_0 .net *"_ivl_2600", 0 0, L_0x559a52737c10;  1 drivers
v0x559a526d42e0_0 .net *"_ivl_2604", 0 0, L_0x559a52737dc0;  1 drivers
v0x559a526d43c0_0 .net *"_ivl_2608", 0 0, L_0x559a52737f70;  1 drivers
v0x559a526d44a0_0 .net *"_ivl_261", 0 0, L_0x559a526f5f20;  1 drivers
v0x559a526d4580_0 .net *"_ivl_2612", 0 0, L_0x559a52738120;  1 drivers
v0x559a526d4660_0 .net *"_ivl_2616", 0 0, L_0x559a527382d0;  1 drivers
v0x559a526d4740_0 .net *"_ivl_2620", 0 0, L_0x559a52738650;  1 drivers
v0x559a526d4820_0 .net *"_ivl_2624", 0 0, L_0x559a52738800;  1 drivers
v0x559a526d4900_0 .net *"_ivl_2628", 0 0, L_0x559a527389b0;  1 drivers
v0x559a526d49e0_0 .net *"_ivl_263", 0 0, L_0x559a526f6160;  1 drivers
v0x559a526d4ac0_0 .net *"_ivl_2632", 0 0, L_0x559a52738b60;  1 drivers
v0x559a526d4ba0_0 .net *"_ivl_2636", 0 0, L_0x559a52738d10;  1 drivers
v0x559a526d4c80_0 .net *"_ivl_264", 0 0, L_0x559a526f6280;  1 drivers
v0x559a526d4d60_0 .net *"_ivl_2640", 0 0, L_0x559a52738ec0;  1 drivers
v0x559a526d4e40_0 .net *"_ivl_2644", 0 0, L_0x559a52739070;  1 drivers
v0x559a526d4f20_0 .net *"_ivl_2648", 0 0, L_0x559a5273a1c0;  1 drivers
v0x559a526d5000_0 .net *"_ivl_2652", 0 0, L_0x559a5273b0a0;  1 drivers
v0x559a526d50e0_0 .net *"_ivl_2656", 0 0, L_0x559a5273b1b0;  1 drivers
v0x559a526d51c0_0 .net *"_ivl_2660", 0 0, L_0x559a5273b2c0;  1 drivers
v0x559a526d52a0_0 .net *"_ivl_2664", 0 0, L_0x559a527395b0;  1 drivers
v0x559a526d5380_0 .net *"_ivl_2668", 0 0, L_0x559a52739870;  1 drivers
v0x559a526d5460_0 .net *"_ivl_267", 0 0, L_0x559a526f6540;  1 drivers
v0x559a526d5540_0 .net *"_ivl_2672", 0 0, L_0x559a52739b30;  1 drivers
v0x559a526d5620_0 .net *"_ivl_2676", 0 0, L_0x559a52739df0;  1 drivers
v0x559a526d5700_0 .net *"_ivl_2680", 0 0, L_0x559a5273a0b0;  1 drivers
v0x559a526d57e0_0 .net *"_ivl_2684", 0 0, L_0x559a5273a4d0;  1 drivers
v0x559a526d58c0_0 .net *"_ivl_2688", 0 0, L_0x559a5273a790;  1 drivers
v0x559a526d59a0_0 .net *"_ivl_269", 0 0, L_0x559a526f6790;  1 drivers
v0x559a526d5a80_0 .net *"_ivl_2692", 0 0, L_0x559a5273aa50;  1 drivers
v0x559a526d5b60_0 .net *"_ivl_2696", 0 0, L_0x559a5273ac00;  1 drivers
v0x559a526d5c40_0 .net *"_ivl_27", 0 0, v0x559a52693a70_0;  1 drivers
v0x559a526d5d20_0 .net *"_ivl_2700", 0 0, L_0x559a5273adb0;  1 drivers
v0x559a526d5e00_0 .net *"_ivl_2704", 0 0, L_0x559a5273af60;  1 drivers
v0x559a526d5ee0_0 .net *"_ivl_2708", 0 0, L_0x559a5273cfa0;  1 drivers
v0x559a526d5fc0_0 .net *"_ivl_2712", 0 0, L_0x559a5273d100;  1 drivers
v0x559a526d60a0_0 .net *"_ivl_2716", 0 0, L_0x559a5273d2b0;  1 drivers
v0x559a526d6180_0 .net *"_ivl_2720", 0 0, L_0x559a5273b420;  1 drivers
v0x559a526d6260_0 .net *"_ivl_2724", 0 0, L_0x559a5273b5d0;  1 drivers
v0x559a526d6340_0 .net *"_ivl_2728", 0 0, L_0x559a5273b780;  1 drivers
v0x559a526c2fb0_0 .net *"_ivl_2732", 0 0, L_0x559a5273b930;  1 drivers
v0x559a526c3090_0 .net *"_ivl_2736", 0 0, L_0x559a5273bae0;  1 drivers
v0x559a526c3170_0 .net *"_ivl_2740", 0 0, L_0x559a5273bc90;  1 drivers
v0x559a526c3250_0 .net *"_ivl_2744", 0 0, L_0x559a5273be40;  1 drivers
v0x559a526c3330_0 .net *"_ivl_2748", 0 0, L_0x559a5273bff0;  1 drivers
v0x559a526c3410_0 .net *"_ivl_275", 0 0, L_0x559a526f6990;  1 drivers
v0x559a526c34f0_0 .net *"_ivl_2752", 0 0, L_0x559a5273c200;  1 drivers
v0x559a526c35d0_0 .net *"_ivl_2756", 0 0, L_0x559a5273c3b0;  1 drivers
v0x559a526c36b0_0 .net *"_ivl_2760", 0 0, L_0x559a5273c770;  1 drivers
v0x559a526c3790_0 .net *"_ivl_2764", 0 0, L_0x559a5273cb30;  1 drivers
v0x559a526c3870_0 .net *"_ivl_2768", 0 0, L_0x559a5273cef0;  1 drivers
v0x559a526c3950_0 .net *"_ivl_277", 0 0, L_0x559a526f6bf0;  1 drivers
v0x559a526c3a30_0 .net *"_ivl_2772", 0 0, L_0x559a5273f360;  1 drivers
v0x559a526c3b10_0 .net *"_ivl_2776", 0 0, L_0x559a5273d6e0;  1 drivers
v0x559a526c3bf0_0 .net *"_ivl_278", 0 0, L_0x559a526f6c90;  1 drivers
v0x559a526c3cd0_0 .net *"_ivl_2780", 0 0, L_0x559a5273f400;  1 drivers
v0x559a526c3db0_0 .net *"_ivl_2784", 0 0, L_0x559a5273ddc0;  1 drivers
v0x559a526c3e90_0 .net *"_ivl_2788", 0 0, L_0x559a5273e070;  1 drivers
v0x559a526c3f70_0 .net *"_ivl_2792", 0 0, L_0x559a5273e590;  1 drivers
v0x559a526c4050_0 .net *"_ivl_2799", 0 0, L_0x559a5273e830;  1 drivers
v0x559a526c4130_0 .net *"_ivl_2800", 0 0, L_0x559a5273e920;  1 drivers
v0x559a526c4210_0 .net *"_ivl_2803", 0 0, L_0x559a5273ea30;  1 drivers
v0x559a526c42f0_0 .net *"_ivl_2807", 0 0, L_0x559a5273ebe0;  1 drivers
v0x559a526c43d0_0 .net *"_ivl_2814", 0 0, L_0x559a5273ee80;  1 drivers
v0x559a526c44b0_0 .net *"_ivl_2815", 0 0, L_0x559a5273ef20;  1 drivers
v0x559a526c4590_0 .net *"_ivl_2818", 0 0, L_0x559a5273f030;  1 drivers
v0x559a526c4670_0 .net *"_ivl_2822", 0 0, L_0x559a5273f190;  1 drivers
v0x559a526c4750_0 .net *"_ivl_2829", 0 0, L_0x559a52740410;  1 drivers
v0x559a526c4830_0 .net *"_ivl_283", 0 0, L_0x559a526f6f90;  1 drivers
v0x559a526c4910_0 .net *"_ivl_2830", 0 0, L_0x559a527404b0;  1 drivers
v0x559a526c49f0_0 .net *"_ivl_2833", 0 0, L_0x559a52740570;  1 drivers
v0x559a526c4ad0_0 .net *"_ivl_2837", 0 0, L_0x559a527415b0;  1 drivers
v0x559a526c4bb0_0 .net *"_ivl_2844", 0 0, L_0x559a5273f590;  1 drivers
v0x559a526c4c90_0 .net *"_ivl_2845", 0 0, L_0x559a5273f630;  1 drivers
v0x559a526c4d70_0 .net *"_ivl_285", 0 0, L_0x559a526f7200;  1 drivers
L_0x7f053997d410 .functor BUFT 1, C4<1>, C4<0>, C4<0>, C4<0>;
v0x559a526c4e50_0 .net/2u *"_ivl_2857", 0 0, L_0x7f053997d410;  1 drivers
v0x559a526da3f0_0 .net *"_ivl_2859", 0 0, L_0x559a5273f980;  1 drivers
v0x559a526da490_0 .net *"_ivl_286", 0 0, L_0x559a526f72d0;  1 drivers
L_0x7f053997d458 .functor BUFT 1, C4<1>, C4<0>, C4<0>, C4<0>;
v0x559a526da570_0 .net/2u *"_ivl_2863", 0 0, L_0x7f053997d458;  1 drivers
v0x559a526da650_0 .net *"_ivl_2865", 0 0, L_0x559a5273fb10;  1 drivers
L_0x7f053997d4a0 .functor BUFT 1, C4<1>, C4<0>, C4<0>, C4<0>;
v0x559a526da730_0 .net/2u *"_ivl_2869", 0 0, L_0x7f053997d4a0;  1 drivers
v0x559a526da810_0 .net *"_ivl_2871", 0 0, L_0x559a5273fc00;  1 drivers
L_0x7f053997d4e8 .functor BUFT 1, C4<1>, C4<0>, C4<0>, C4<0>;
v0x559a526da8f0_0 .net/2u *"_ivl_2875", 0 0, L_0x7f053997d4e8;  1 drivers
v0x559a526da9d0_0 .net *"_ivl_2877", 0 0, L_0x559a5273fcf0;  1 drivers
L_0x7f053997d530 .functor BUFT 1, C4<1>, C4<0>, C4<0>, C4<0>;
v0x559a526daab0_0 .net/2u *"_ivl_2881", 0 0, L_0x7f053997d530;  1 drivers
v0x559a526dab90_0 .net *"_ivl_2883", 0 0, L_0x559a5273fe30;  1 drivers
L_0x7f053997d578 .functor BUFT 1, C4<1>, C4<0>, C4<0>, C4<0>;
v0x559a526dac70_0 .net/2u *"_ivl_2887", 0 0, L_0x7f053997d578;  1 drivers
v0x559a526dad50_0 .net *"_ivl_2889", 0 0, L_0x559a5273ff70;  1 drivers
v0x559a526dae30_0 .net *"_ivl_289", 0 0, L_0x559a526f7410;  1 drivers
L_0x7f053997d5c0 .functor BUFT 1, C4<1>, C4<0>, C4<0>, C4<0>;
v0x559a526daf10_0 .net/2u *"_ivl_2893", 0 0, L_0x7f053997d5c0;  1 drivers
v0x559a526daff0_0 .net *"_ivl_2895", 0 0, L_0x559a527400b0;  1 drivers
L_0x7f053997d608 .functor BUFT 1, C4<1>, C4<0>, C4<0>, C4<0>;
v0x559a526db0d0_0 .net/2u *"_ivl_2900", 0 0, L_0x7f053997d608;  1 drivers
v0x559a526db1b0_0 .net *"_ivl_2902", 0 0, L_0x559a52740950;  1 drivers
L_0x7f053997d650 .functor BUFT 1, C4<x>, C4<0>, C4<0>, C4<0>;
v0x559a526db290_0 .net *"_ivl_2906", 0 0, L_0x7f053997d650;  1 drivers
v0x559a526db370_0 .net *"_ivl_2908", 0 0, L_0x559a52740ae0;  1 drivers
v0x559a526db450_0 .net *"_ivl_291", 0 0, L_0x559a526f7690;  1 drivers
L_0x7f053997d698 .functor BUFT 1, C4<x>, C4<0>, C4<0>, C4<0>;
v0x559a526db530_0 .net *"_ivl_2912", 0 0, L_0x7f053997d698;  1 drivers
v0x559a526db610_0 .net *"_ivl_2914", 0 0, L_0x559a52740c70;  1 drivers
L_0x7f053997d6e0 .functor BUFT 1, C4<x>, C4<0>, C4<0>, C4<0>;
v0x559a526db6f0_0 .net *"_ivl_2919", 0 0, L_0x7f053997d6e0;  1 drivers
v0x559a526db7d0_0 .net *"_ivl_2921", 0 0, L_0x559a52740ef0;  1 drivers
L_0x7f053997d728 .functor BUFT 1, C4<1>, C4<0>, C4<0>, C4<0>;
v0x559a526db8b0_0 .net/2u *"_ivl_2925", 0 0, L_0x7f053997d728;  1 drivers
v0x559a526db990_0 .net *"_ivl_2927", 0 0, L_0x559a52741030;  1 drivers
L_0x7f053997d770 .functor BUFT 1, C4<1>, C4<0>, C4<0>, C4<0>;
v0x559a526dba70_0 .net/2u *"_ivl_2931", 0 0, L_0x7f053997d770;  1 drivers
v0x559a526dbb50_0 .net *"_ivl_2933", 0 0, L_0x559a527411c0;  1 drivers
L_0x7f053997d7b8 .functor BUFT 1, C4<1>, C4<0>, C4<0>, C4<0>;
v0x559a526dbc30_0 .net/2u *"_ivl_2937", 0 0, L_0x7f053997d7b8;  1 drivers
v0x559a526dbd10_0 .net *"_ivl_2939", 0 0, L_0x559a52741300;  1 drivers
L_0x7f053997d800 .functor BUFT 1, C4<1>, C4<0>, C4<0>, C4<0>;
v0x559a526dbdf0_0 .net/2u *"_ivl_2943", 0 0, L_0x7f053997d800;  1 drivers
v0x559a526dbed0_0 .net *"_ivl_2945", 0 0, L_0x559a527413f0;  1 drivers
L_0x7f053997d848 .functor BUFT 1, C4<1>, C4<0>, C4<0>, C4<0>;
v0x559a526dbfb0_0 .net/2u *"_ivl_2949", 0 0, L_0x7f053997d848;  1 drivers
v0x559a526dc090_0 .net *"_ivl_2951", 0 0, L_0x559a52741710;  1 drivers
L_0x7f053997d890 .functor BUFT 1, C4<1>, C4<0>, C4<0>, C4<0>;
v0x559a526dc170_0 .net/2u *"_ivl_2955", 0 0, L_0x7f053997d890;  1 drivers
v0x559a526dc250_0 .net *"_ivl_2957", 0 0, L_0x559a52741850;  1 drivers
L_0x7f053997d8d8 .functor BUFT 1, C4<1>, C4<0>, C4<0>, C4<0>;
v0x559a526dc330_0 .net/2u *"_ivl_2961", 0 0, L_0x7f053997d8d8;  1 drivers
v0x559a526dc410_0 .net *"_ivl_2963", 0 0, L_0x559a52741990;  1 drivers
L_0x7f053997d920 .functor BUFT 1, C4<1>, C4<0>, C4<0>, C4<0>;
v0x559a526dc4f0_0 .net/2u *"_ivl_2968", 0 0, L_0x7f053997d920;  1 drivers
v0x559a526dc5d0_0 .net *"_ivl_297", 0 0, L_0x559a526f7a70;  1 drivers
v0x559a526dc6b0_0 .net *"_ivl_2970", 0 0, L_0x559a52741df0;  1 drivers
L_0x7f053997d968 .functor BUFT 1, C4<x>, C4<0>, C4<0>, C4<0>;
v0x559a526dc790_0 .net *"_ivl_2974", 0 0, L_0x7f053997d968;  1 drivers
v0x559a526dc870_0 .net *"_ivl_2976", 0 0, L_0x559a52741f80;  1 drivers
L_0x7f053997d9b0 .functor BUFT 1, C4<x>, C4<0>, C4<0>, C4<0>;
v0x559a526dc950_0 .net *"_ivl_2980", 0 0, L_0x7f053997d9b0;  1 drivers
v0x559a526dca30_0 .net *"_ivl_2982", 0 0, L_0x559a52742110;  1 drivers
L_0x7f053997d9f8 .functor BUFT 1, C4<x>, C4<0>, C4<0>, C4<0>;
v0x559a526dcb10_0 .net *"_ivl_2986", 0 0, L_0x7f053997d9f8;  1 drivers
v0x559a526dcbf0_0 .net *"_ivl_2988", 0 0, L_0x559a52742250;  1 drivers
v0x559a526dccd0_0 .net *"_ivl_299", 0 0, L_0x559a526f7d00;  1 drivers
L_0x7f053997da40 .functor BUFT 1, C4<x>, C4<0>, C4<0>, C4<0>;
v0x559a526dcdb0_0 .net *"_ivl_2993", 0 0, L_0x7f053997da40;  1 drivers
v0x559a526dce90_0 .net *"_ivl_2995", 0 0, L_0x559a527424d0;  1 drivers
L_0x7f053997da88 .functor BUFT 1, C4<x>, C4<0>, C4<0>, C4<0>;
v0x559a526dcf70_0 .net *"_ivl_2999", 0 0, L_0x7f053997da88;  1 drivers
v0x559a526dd050_0 .net *"_ivl_3", 0 0, v0x559a52621680_0;  1 drivers
v0x559a526dd130_0 .net *"_ivl_300", 0 0, L_0x559a526f7e60;  1 drivers
v0x559a526dd210_0 .net *"_ivl_3001", 0 0, L_0x559a52742660;  1 drivers
L_0x7f053997dad0 .functor BUFT 1, C4<x>, C4<0>, C4<0>, C4<0>;
v0x559a526dd2f0_0 .net *"_ivl_3005", 0 0, L_0x7f053997dad0;  1 drivers
v0x559a526dd3d0_0 .net *"_ivl_3007", 0 0, L_0x559a527427a0;  1 drivers
L_0x7f053997db18 .functor BUFT 1, C4<x>, C4<0>, C4<0>, C4<0>;
v0x559a526dd4b0_0 .net *"_ivl_3011", 0 0, L_0x7f053997db18;  1 drivers
v0x559a526dd590_0 .net *"_ivl_3013", 0 0, L_0x559a52742890;  1 drivers
L_0x7f053997db60 .functor BUFT 1, C4<x>, C4<0>, C4<0>, C4<0>;
v0x559a526dd670_0 .net *"_ivl_3017", 0 0, L_0x7f053997db60;  1 drivers
v0x559a526dd750_0 .net *"_ivl_3019", 0 0, L_0x559a52742930;  1 drivers
L_0x7f053997dba8 .functor BUFT 1, C4<x>, C4<0>, C4<0>, C4<0>;
v0x559a526dd830_0 .net *"_ivl_3023", 0 0, L_0x7f053997dba8;  1 drivers
v0x559a526dd910_0 .net *"_ivl_3025", 0 0, L_0x559a52742a20;  1 drivers
v0x559a526dd9f0_0 .net *"_ivl_3027", 27 0, L_0x559a52745060;  1 drivers
v0x559a526ddad0_0 .net *"_ivl_3029", 0 0, L_0x559a52743a20;  1 drivers
v0x559a526ddbb0_0 .net *"_ivl_303", 0 0, L_0x559a526f7f50;  1 drivers
L_0x7f053997dbf0 .functor BUFT 1, C4<000000000000000000000000000>, C4<0>, C4<0>, C4<0>;
v0x559a526ddc90_0 .net/2u *"_ivl_3035", 26 0, L_0x7f053997dbf0;  1 drivers
v0x559a526ddd70_0 .net *"_ivl_3038", 0 0, L_0x559a52743b10;  1 drivers
v0x559a526dde50_0 .net *"_ivl_3040", 0 0, L_0x559a52743bb0;  1 drivers
v0x559a526ddf30_0 .net *"_ivl_3041", 28 0, L_0x559a52743c50;  1 drivers
v0x559a526de010_0 .net *"_ivl_3047", 0 0, L_0x559a52743ed0;  1 drivers
v0x559a526de0f0_0 .net *"_ivl_305", 0 0, L_0x559a526f81f0;  1 drivers
L_0x7f053997dc38 .functor BUFT 1, C4<0000000000000000000000000000>, C4<0>, C4<0>, C4<0>;
v0x559a526de1d0_0 .net/2u *"_ivl_3051", 27 0, L_0x7f053997dc38;  1 drivers
v0x559a526de2b0_0 .net *"_ivl_3054", 2 0, L_0x559a52744060;  1 drivers
v0x559a526de390_0 .net *"_ivl_3055", 30 0, L_0x559a52744100;  1 drivers
v0x559a526de470_0 .net *"_ivl_3061", 0 0, L_0x559a527443d0;  1 drivers
v0x559a526de550_0 .net *"_ivl_3066", 0 0, L_0x559a52744600;  1 drivers
v0x559a526de630_0 .net *"_ivl_3071", 0 0, L_0x559a52744830;  1 drivers
v0x559a526de710_0 .net *"_ivl_3076", 1 0, L_0x559a52744a10;  1 drivers
v0x559a526de7f0_0 .net *"_ivl_3081", 0 0, L_0x559a52744c40;  1 drivers
v0x559a526de8d0_0 .net *"_ivl_3086", 0 0, L_0x559a52744e70;  1 drivers
v0x559a526de9b0_0 .net *"_ivl_3091", 0 0, L_0x559a52745290;  1 drivers
v0x559a526dea90_0 .net *"_ivl_3096", 0 0, L_0x559a527454c0;  1 drivers
v0x559a526deb70_0 .net *"_ivl_31", 0 0, v0x559a526ed770_0;  1 drivers
v0x559a526dec50_0 .net *"_ivl_3101", 1 0, L_0x559a527456a0;  1 drivers
v0x559a526ded30_0 .net *"_ivl_3102", 27 0, L_0x559a52745790;  1 drivers
v0x559a526dee10_0 .net *"_ivl_3104", 0 0, L_0x559a52745830;  1 drivers
L_0x7f053997dc80 .functor BUFT 1, C4<0000000000000000000000000000>, C4<0>, C4<0>, C4<0>;
v0x559a526deef0_0 .net/2u *"_ivl_3109", 27 0, L_0x7f053997dc80;  1 drivers
v0x559a526defd0_0 .net *"_ivl_311", 0 0, L_0x559a526f85f0;  1 drivers
v0x559a526df0b0_0 .net *"_ivl_3112", 0 0, L_0x559a52745920;  1 drivers
v0x559a526df190_0 .net *"_ivl_3113", 28 0, L_0x559a527459c0;  1 drivers
v0x559a526df270_0 .net *"_ivl_3119", 0 0, L_0x559a52745c40;  1 drivers
v0x559a526df350_0 .net *"_ivl_3124", 1 0, L_0x559a52745e70;  1 drivers
v0x559a526df430_0 .net *"_ivl_3129", 0 0, L_0x559a527460a0;  1 drivers
v0x559a526df510_0 .net *"_ivl_313", 0 0, L_0x559a526f88a0;  1 drivers
v0x559a526df5f0_0 .net *"_ivl_3134", 0 0, L_0x559a527462d0;  1 drivers
v0x559a526df6d0_0 .net *"_ivl_3139", 2 0, L_0x559a527464b0;  1 drivers
v0x559a526df7b0_0 .net *"_ivl_314", 0 0, L_0x559a526f8970;  1 drivers
v0x559a526df890_0 .net *"_ivl_3144", 1 0, L_0x559a52757d70;  1 drivers
v0x559a526df970_0 .net *"_ivl_3149", 0 0, L_0x559a527566c0;  1 drivers
v0x559a526dfa50_0 .net *"_ivl_3154", 2 0, L_0x559a52756a60;  1 drivers
v0x559a526dfb30_0 .net *"_ivl_3159", 0 0, L_0x559a52756c90;  1 drivers
v0x559a526dfc10_0 .net *"_ivl_3164", 0 0, L_0x559a52756ec0;  1 drivers
v0x559a526dfcf0_0 .net *"_ivl_3169", 0 0, L_0x559a527570f0;  1 drivers
v0x559a526dfdd0_0 .net *"_ivl_317", 0 0, L_0x559a526f8ab0;  1 drivers
v0x559a526dfeb0_0 .net *"_ivl_3174", 0 0, L_0x559a52757320;  1 drivers
v0x559a526dff90_0 .net *"_ivl_3179", 0 0, L_0x559a52757760;  1 drivers
v0x559a526e0070_0 .net *"_ivl_3184", 0 0, L_0x559a52757960;  1 drivers
v0x559a526e0150_0 .net *"_ivl_3189", 0 0, L_0x559a52757ac0;  1 drivers
v0x559a526e0230_0 .net *"_ivl_319", 0 0, L_0x559a526f8d70;  1 drivers
v0x559a526e0310_0 .net *"_ivl_3194", 0 0, L_0x559a52757cc0;  1 drivers
v0x559a526e03f0_0 .net *"_ivl_3199", 0 0, L_0x559a52742cf0;  1 drivers
v0x559a526e04d0_0 .net *"_ivl_3204", 0 0, L_0x559a52742f20;  1 drivers
v0x559a526e05b0_0 .net *"_ivl_3205", 0 0, L_0x559a52743100;  1 drivers
v0x559a526e0690_0 .net *"_ivl_3207", 0 0, L_0x559a527431f0;  1 drivers
v0x559a526e0770_0 .net *"_ivl_3214", 0 0, L_0x559a52743330;  1 drivers
v0x559a526e0850_0 .net *"_ivl_3216", 0 0, L_0x559a527433d0;  1 drivers
v0x559a526e0930_0 .net *"_ivl_3217", 1 0, L_0x559a52743470;  1 drivers
v0x559a526e0a10_0 .net *"_ivl_3223", 0 0, L_0x559a527436a0;  1 drivers
v0x559a526e0af0_0 .net *"_ivl_3228", 0 0, L_0x559a527438a0;  1 drivers
v0x559a526e0bd0_0 .net *"_ivl_3233", 0 0, L_0x559a52758ed0;  1 drivers
v0x559a526e0cb0_0 .net *"_ivl_3235", 0 0, L_0x559a52758f70;  1 drivers
v0x559a526e0d90_0 .net *"_ivl_3236", 1 0, L_0x559a52759010;  1 drivers
v0x559a526e0e70_0 .net *"_ivl_3242", 0 0, L_0x559a527592e0;  1 drivers
v0x559a526e0f50_0 .net *"_ivl_3247", 0 0, L_0x559a52759510;  1 drivers
v0x559a526e1030_0 .net *"_ivl_3249", 0 0, L_0x559a527595b0;  1 drivers
v0x559a526e1110_0 .net *"_ivl_325", 0 0, L_0x559a526f94e0;  1 drivers
v0x559a526e11f0_0 .net *"_ivl_3250", 1 0, L_0x559a52759650;  1 drivers
v0x559a526e12d0_0 .net *"_ivl_3256", 0 0, L_0x559a527598d0;  1 drivers
v0x559a526e13b0_0 .net *"_ivl_3258", 0 0, L_0x559a52759970;  1 drivers
v0x559a526e1490_0 .net *"_ivl_3259", 1 0, L_0x559a52759a10;  1 drivers
v0x559a526e1570_0 .net *"_ivl_3265", 0 0, L_0x559a52759ec0;  1 drivers
v0x559a526e1650_0 .net *"_ivl_3270", 0 0, L_0x559a5275a3e0;  1 drivers
v0x559a526e1730_0 .net *"_ivl_3275", 0 0, L_0x559a5275a520;  1 drivers
v0x559a526e1810_0 .net *"_ivl_3280", 0 0, L_0x559a5275a9a0;  1 drivers
v0x559a526e18f0_0 .net *"_ivl_3284", 0 0, L_0x559a5275aa90;  1 drivers
v0x559a526e19d0_0 .net *"_ivl_3286", 0 0, L_0x559a5275ab30;  1 drivers
v0x559a526e1ab0_0 .net *"_ivl_3287", 1 0, L_0x559a5275abd0;  1 drivers
L_0x7f053997dcc8 .functor BUFT 1, C4<0>, C4<0>, C4<0>, C4<0>;
v0x559a526e1b90_0 .net/2u *"_ivl_3292", 0 0, L_0x7f053997dcc8;  1 drivers
L_0x7f053997dd10 .functor BUFT 1, C4<000>, C4<0>, C4<0>, C4<0>;
v0x559a526e1c70_0 .net/2u *"_ivl_3297", 2 0, L_0x7f053997dd10;  1 drivers
v0x559a526e1d50_0 .net *"_ivl_330", 0 0, L_0x559a526f9640;  1 drivers
v0x559a526e1e30_0 .net *"_ivl_332", 0 0, L_0x559a526f96e0;  1 drivers
v0x559a526e1f10_0 .net *"_ivl_333", 0 0, L_0x559a526f99c0;  1 drivers
v0x559a526e1ff0_0 .net *"_ivl_339", 0 0, L_0x559a526f9dc0;  1 drivers
v0x559a526e20d0_0 .net *"_ivl_341", 0 0, L_0x559a526fa0b0;  1 drivers
v0x559a526e21b0_0 .net *"_ivl_342", 0 0, L_0x559a526fa150;  1 drivers
v0x559a526e2290_0 .net *"_ivl_345", 0 0, L_0x559a526fa2b0;  1 drivers
v0x559a526e2370_0 .net *"_ivl_347", 0 0, L_0x559a526fa5b0;  1 drivers
v0x559a526e2450_0 .net *"_ivl_35", 0 0, v0x559a526ed530_0;  1 drivers
v0x559a526e2530_0 .net *"_ivl_353", 0 0, L_0x559a526fa970;  1 drivers
v0x559a526e2610_0 .net *"_ivl_354", 0 0, L_0x559a526fac80;  1 drivers
v0x559a526e26f0_0 .net *"_ivl_359", 0 0, L_0x559a526fad40;  1 drivers
v0x559a526e27d0_0 .net *"_ivl_361", 0 0, L_0x559a526fade0;  1 drivers
v0x559a526e28b0_0 .net *"_ivl_362", 0 0, L_0x559a526fb100;  1 drivers
v0x559a526e2990_0 .net *"_ivl_367", 0 0, L_0x559a526fb460;  1 drivers
v0x559a526e2a70_0 .net *"_ivl_369", 0 0, L_0x559a526fb550;  1 drivers
v0x559a526e2b50_0 .net *"_ivl_370", 0 0, L_0x559a526fb8d0;  1 drivers
o0x7f05399d3478 .functor BUFZ 1, c4<z>; HiZ drive
; Elide local net with no drivers, v0x559a526e2c30_0 name=_ivl_3721
o0x7f05399d34a8 .functor BUFZ 1, c4<z>; HiZ drive
; Elide local net with no drivers, v0x559a526e2d10_0 name=_ivl_3724
v0x559a526e2df0_0 .net *"_ivl_373", 0 0, L_0x559a526fb9e0;  1 drivers
v0x559a526e2ed0_0 .net *"_ivl_375", 0 0, L_0x559a526fba80;  1 drivers
v0x559a526e2fb0_0 .net *"_ivl_381", 0 0, L_0x559a526fc240;  1 drivers
v0x559a526e3090_0 .net *"_ivl_382", 0 0, L_0x559a526fc2e0;  1 drivers
v0x559a526e3170_0 .net *"_ivl_387", 0 0, L_0x559a526fc3a0;  1 drivers
v0x559a526e3250_0 .net *"_ivl_389", 0 0, L_0x559a526fc740;  1 drivers
v0x559a526e3330_0 .net *"_ivl_39", 0 0, v0x559a526ed5f0_0;  1 drivers
v0x559a526e3410_0 .net *"_ivl_390", 0 0, L_0x559a526fc7e0;  1 drivers
v0x559a526e34f0_0 .net *"_ivl_393", 0 0, L_0x559a526fcb60;  1 drivers
v0x559a526e35d0_0 .net *"_ivl_395", 0 0, L_0x559a526fcec0;  1 drivers
v0x559a526e36b0_0 .net *"_ivl_401", 0 0, L_0x559a526fd3e0;  1 drivers
v0x559a526e3790_0 .net *"_ivl_405", 0 0, L_0x559a526fd840;  1 drivers
v0x559a526e3870_0 .net *"_ivl_409", 0 0, L_0x559a526fdc50;  1 drivers
v0x559a526e3950_0 .net *"_ivl_413", 0 0, L_0x559a526fe0e0;  1 drivers
v0x559a526e3a30_0 .net *"_ivl_419", 0 0, L_0x559a526fe570;  1 drivers
v0x559a526e3b10_0 .net *"_ivl_428", 0 0, L_0x559a526ff230;  1 drivers
v0x559a526e3bf0_0 .net *"_ivl_43", 0 0, v0x559a526ed6b0_0;  1 drivers
v0x559a526e3cd0_0 .net *"_ivl_433", 0 0, L_0x559a526ff3f0;  1 drivers
v0x559a526e3db0_0 .net *"_ivl_436", 0 0, L_0x559a526ff780;  1 drivers
v0x559a526e3e90_0 .net *"_ivl_438", 0 0, L_0x559a526ffba0;  1 drivers
v0x559a526e3f70_0 .net *"_ivl_444", 0 0, L_0x559a527000f0;  1 drivers
v0x559a526e4050_0 .net *"_ivl_465", 0 0, L_0x559a52701790;  1 drivers
v0x559a526e4130_0 .net *"_ivl_47", 0 0, v0x559a526ed830_0;  1 drivers
v0x559a526e4210_0 .net *"_ivl_470", 0 0, L_0x559a52701c50;  1 drivers
v0x559a526e42f0_0 .net *"_ivl_473", 0 0, L_0x559a52701d60;  1 drivers
v0x559a526e43d0_0 .net *"_ivl_475", 0 0, L_0x559a52702170;  1 drivers
v0x559a526e44b0_0 .net *"_ivl_482", 0 0, L_0x559a52702740;  1 drivers
v0x559a526e4590_0 .net *"_ivl_487", 0 0, L_0x559a52702ef0;  1 drivers
v0x559a526e4670_0 .net *"_ivl_490", 0 0, L_0x559a52703000;  1 drivers
v0x559a526e4750_0 .net *"_ivl_492", 0 0, L_0x559a527030f0;  1 drivers
v0x559a526e4830_0 .net *"_ivl_499", 0 0, L_0x559a527039d0;  1 drivers
v0x559a526e4910_0 .net *"_ivl_502", 0 0, L_0x559a52703d80;  1 drivers
v0x559a526e49f0_0 .net *"_ivl_504", 0 0, L_0x559a52703e50;  1 drivers
v0x559a526e4ad0_0 .net *"_ivl_51", 0 0, L_0x559a526ef340;  1 drivers
v0x559a526e4bb0_0 .net *"_ivl_511", 0 0, L_0x559a52704760;  1 drivers
v0x559a526e4c90_0 .net *"_ivl_514", 0 0, L_0x559a527047d0;  1 drivers
v0x559a526e4d70_0 .net *"_ivl_516", 0 0, L_0x559a527048d0;  1 drivers
v0x559a526e4e50_0 .net *"_ivl_52", 0 0, L_0x559a526ef440;  1 drivers
v0x559a526e4f30_0 .net *"_ivl_524", 0 0, L_0x559a527053a0;  1 drivers
v0x559a526e5010_0 .net *"_ivl_528", 0 0, L_0x559a527057d0;  1 drivers
v0x559a526e50f0_0 .net *"_ivl_531", 0 0, L_0x559a52705840;  1 drivers
v0x559a526e51d0_0 .net *"_ivl_533", 0 0, L_0x559a52705c50;  1 drivers
v0x559a526e52b0_0 .net *"_ivl_539", 0 0, L_0x559a52706240;  1 drivers
v0x559a526e5390_0 .net *"_ivl_548", 0 0, L_0x559a52707140;  1 drivers
v0x559a526e5470_0 .net *"_ivl_55", 0 0, L_0x559a526ef4e0;  1 drivers
v0x559a526e5550_0 .net *"_ivl_551", 0 0, L_0x559a52707250;  1 drivers
v0x559a526e5630_0 .net *"_ivl_553", 0 0, L_0x559a527072f0;  1 drivers
v0x559a526e5710_0 .net *"_ivl_559", 0 0, L_0x559a52707d90;  1 drivers
v0x559a526e57f0_0 .net *"_ivl_563", 0 0, L_0x559a52708300;  1 drivers
v0x559a526e58d0_0 .net *"_ivl_576", 0 0, L_0x559a52709210;  1 drivers
v0x559a526e59b0_0 .net *"_ivl_579", 0 0, L_0x559a527096c0;  1 drivers
v0x559a526e5a90_0 .net *"_ivl_587", 0 0, L_0x559a52709e30;  1 drivers
v0x559a526e5b70_0 .net *"_ivl_589", 0 0, L_0x559a5270a280;  1 drivers
v0x559a526e5c50_0 .net *"_ivl_59", 0 0, L_0x559a526ef6d0;  1 drivers
v0x559a526e5d30_0 .net *"_ivl_590", 0 0, L_0x559a526ef650;  1 drivers
v0x559a526e5e10_0 .net *"_ivl_596", 0 0, L_0x559a5270a7d0;  1 drivers
v0x559a526e5ef0_0 .net *"_ivl_597", 0 0, L_0x559a5270a870;  1 drivers
v0x559a526e5fd0_0 .net *"_ivl_600", 0 0, L_0x559a5270ade0;  1 drivers
v0x559a526e60b0_0 .net *"_ivl_602", 0 0, L_0x559a5270b2a0;  1 drivers
v0x559a526e6190_0 .net *"_ivl_608", 0 0, L_0x559a5270b450;  1 drivers
v0x559a526e6270_0 .net *"_ivl_610", 0 0, L_0x559a5270b8d0;  1 drivers
v0x559a526e6350_0 .net *"_ivl_611", 0 0, L_0x559a5270b970;  1 drivers
v0x559a526e6430_0 .net *"_ivl_614", 0 0, L_0x559a5270bea0;  1 drivers
v0x559a526e6510_0 .net *"_ivl_616", 0 0, L_0x559a5270c330;  1 drivers
v0x559a526e65f0_0 .net *"_ivl_621", 0 0, L_0x559a5270c5f0;  1 drivers
v0x559a526e66d0_0 .net *"_ivl_625", 0 0, L_0x559a5270ba80;  1 drivers
v0x559a526e67b0_0 .net *"_ivl_629", 0 0, L_0x559a5270bb80;  1 drivers
v0x559a526e6890_0 .net *"_ivl_63", 0 0, L_0x559a526ef7c0;  1 drivers
v0x559a526e6970_0 .net *"_ivl_634", 0 0, L_0x559a5270cea0;  1 drivers
v0x559a526e6a50_0 .net *"_ivl_639", 0 0, L_0x559a5270cf10;  1 drivers
v0x559a526e6b30_0 .net *"_ivl_641", 0 0, L_0x559a5270d000;  1 drivers
v0x559a526e6c10_0 .net *"_ivl_642", 0 0, L_0x559a5270d4b0;  1 drivers
v0x559a526e6cf0_0 .net *"_ivl_648", 0 0, L_0x559a5270c750;  1 drivers
v0x559a526e6dd0_0 .net *"_ivl_650", 0 0, L_0x559a5270c820;  1 drivers
v0x559a526e6eb0_0 .net *"_ivl_651", 0 0, L_0x559a5270c8f0;  1 drivers
v0x559a526e6f90_0 .net *"_ivl_654", 0 0, L_0x559a5270ca00;  1 drivers
v0x559a526e7070_0 .net *"_ivl_656", 0 0, L_0x559a5270da10;  1 drivers
v0x559a526e7150_0 .net *"_ivl_661", 0 0, L_0x559a5270dbc0;  1 drivers
v0x559a526e7230_0 .net *"_ivl_665", 0 0, L_0x559a5270dc30;  1 drivers
v0x559a526e7310_0 .net *"_ivl_669", 0 0, L_0x559a5270dd30;  1 drivers
v0x559a526e73f0_0 .net *"_ivl_67", 0 0, L_0x559a526efa10;  1 drivers
v0x559a526e74d0_0 .net *"_ivl_674", 0 0, L_0x559a5270d7b0;  1 drivers
v0x559a526e75b0_0 .net *"_ivl_679", 0 0, L_0x559a5270d870;  1 drivers
v0x559a526e7690_0 .net *"_ivl_681", 0 0, L_0x559a5270d960;  1 drivers
v0x559a526e7770_0 .net *"_ivl_682", 0 0, L_0x559a5270e2d0;  1 drivers
v0x559a526e7850_0 .net *"_ivl_688", 0 0, L_0x559a5270e500;  1 drivers
v0x559a526e7930_0 .net *"_ivl_690", 0 0, L_0x559a5270ea90;  1 drivers
v0x559a526e7a10_0 .net *"_ivl_691", 0 0, L_0x559a5270de80;  1 drivers
v0x559a526e7af0_0 .net *"_ivl_694", 0 0, L_0x559a5270df90;  1 drivers
v0x559a526e7bd0_0 .net *"_ivl_696", 0 0, L_0x559a5270e080;  1 drivers
v0x559a526e7cb0_0 .net *"_ivl_7", 0 0, v0x559a524dea10_0;  1 drivers
v0x559a526e7d90_0 .net *"_ivl_701", 0 0, L_0x559a5270e230;  1 drivers
v0x559a526e7e70_0 .net *"_ivl_705", 0 0, L_0x559a5270e630;  1 drivers
v0x559a526e7f50_0 .net *"_ivl_709", 0 0, L_0x559a5270e6d0;  1 drivers
v0x559a526e8030_0 .net *"_ivl_71", 0 0, L_0x559a526efbd0;  1 drivers
v0x559a526e8110_0 .net *"_ivl_714", 0 0, L_0x559a5270e9c0;  1 drivers
v0x559a526e81f0_0 .net *"_ivl_719", 0 0, L_0x559a5270eff0;  1 drivers
v0x559a526e82d0_0 .net *"_ivl_721", 0 0, L_0x559a5270f0e0;  1 drivers
v0x559a526e83b0_0 .net *"_ivl_722", 0 0, L_0x559a5270f180;  1 drivers
v0x559a526e8490_0 .net *"_ivl_728", 0 0, L_0x559a5270f3b0;  1 drivers
v0x559a526e8570_0 .net *"_ivl_730", 0 0, L_0x559a5270eb60;  1 drivers
v0x559a526e8650_0 .net *"_ivl_731", 0 0, L_0x559a5270ec00;  1 drivers
v0x559a526e8730_0 .net *"_ivl_734", 0 0, L_0x559a5270ed10;  1 drivers
v0x559a526e8810_0 .net *"_ivl_736", 0 0, L_0x559a5270ee00;  1 drivers
v0x559a526e88f0_0 .net *"_ivl_741", 0 0, L_0x559a5270f460;  1 drivers
v0x559a526e89d0_0 .net *"_ivl_745", 0 0, L_0x559a5270f4d0;  1 drivers
v0x559a526e8ab0_0 .net *"_ivl_749", 0 0, L_0x559a5270f5d0;  1 drivers
v0x559a526e8b90_0 .net *"_ivl_75", 0 0, L_0x559a526efe60;  1 drivers
v0x559a526e8c70_0 .net *"_ivl_754", 0 0, L_0x559a5270f9b0;  1 drivers
v0x559a526e8d50_0 .net *"_ivl_759", 0 0, L_0x559a5270fa70;  1 drivers
v0x559a526e8e30_0 .net *"_ivl_761", 0 0, L_0x559a5270fb60;  1 drivers
v0x559a526e8f10_0 .net *"_ivl_762", 0 0, L_0x559a527100d0;  1 drivers
v0x559a526e8ff0_0 .net *"_ivl_768", 0 0, L_0x559a527102d0;  1 drivers
v0x559a526e90d0_0 .net *"_ivl_770", 0 0, L_0x559a52710400;  1 drivers
v0x559a526e91b0_0 .net *"_ivl_771", 0 0, L_0x559a527104d0;  1 drivers
v0x559a526e9290_0 .net *"_ivl_774", 0 0, L_0x559a527105e0;  1 drivers
v0x559a526e9370_0 .net *"_ivl_776", 0 0, L_0x559a5270fc00;  1 drivers
v0x559a526e9450_0 .net *"_ivl_781", 0 0, L_0x559a5270fdb0;  1 drivers
v0x559a526e9530_0 .net *"_ivl_785", 0 0, L_0x559a5270fe20;  1 drivers
v0x559a526e9610_0 .net *"_ivl_789", 0 0, L_0x559a5270fef0;  1 drivers
v0x559a526e96f0_0 .net *"_ivl_79", 0 0, L_0x559a526effc0;  1 drivers
v0x559a526e97d0_0 .net *"_ivl_794", 0 0, L_0x559a52711160;  1 drivers
v0x559a526e98b0_0 .net *"_ivl_799", 0 0, L_0x559a52710720;  1 drivers
v0x559a526e9990_0 .net *"_ivl_801", 0 0, L_0x559a52710810;  1 drivers
v0x559a526e9a70_0 .net *"_ivl_802", 0 0, L_0x559a527108e0;  1 drivers
v0x559a526e9b50_0 .net *"_ivl_808", 0 0, L_0x559a52710b10;  1 drivers
v0x559a526e9c30_0 .net *"_ivl_810", 0 0, L_0x559a52710cf0;  1 drivers
v0x559a526e9d10_0 .net *"_ivl_811", 0 0, L_0x559a52710dc0;  1 drivers
v0x559a526e9df0_0 .net *"_ivl_814", 0 0, L_0x559a52710ed0;  1 drivers
v0x559a526e9ed0_0 .net *"_ivl_816", 0 0, L_0x559a52710fc0;  1 drivers
v0x559a526e9fb0_0 .net *"_ivl_821", 0 0, L_0x559a52711750;  1 drivers
v0x559a526ea090_0 .net *"_ivl_825", 0 0, L_0x559a527117c0;  1 drivers
v0x559a526ea170_0 .net *"_ivl_829", 0 0, L_0x559a527118c0;  1 drivers
v0x559a526ea250_0 .net *"_ivl_83", 0 0, L_0x559a526efdc0;  1 drivers
v0x559a526ea330_0 .net *"_ivl_834", 0 0, L_0x559a527111d0;  1 drivers
v0x559a526ea410_0 .net *"_ivl_839", 0 0, L_0x559a52711240;  1 drivers
v0x559a526ea4f0_0 .net *"_ivl_841", 0 0, L_0x559a52711330;  1 drivers
v0x559a526ea5d0_0 .net *"_ivl_842", 0 0, L_0x559a527113d0;  1 drivers
v0x559a526ea6b0_0 .net *"_ivl_848", 0 0, L_0x559a52711600;  1 drivers
v0x559a526ea790_0 .net *"_ivl_850", 0 0, L_0x559a527121e0;  1 drivers
v0x559a526ea870_0 .net *"_ivl_851", 0 0, L_0x559a527122b0;  1 drivers
v0x559a526ea950_0 .net *"_ivl_854", 0 0, L_0x559a527123c0;  1 drivers
v0x559a526eaa30_0 .net *"_ivl_856", 0 0, L_0x559a52711c00;  1 drivers
v0x559a526eab10_0 .net *"_ivl_861", 0 0, L_0x559a52711db0;  1 drivers
v0x559a526eabf0_0 .net *"_ivl_865", 0 0, L_0x559a52711e20;  1 drivers
v0x559a526eacd0_0 .net *"_ivl_869", 0 0, L_0x559a52711ef0;  1 drivers
v0x559a526eadb0_0 .net *"_ivl_87", 0 0, L_0x559a526f0380;  1 drivers
v0x559a526eae90_0 .net *"_ivl_874", 0 0, L_0x559a52712ff0;  1 drivers
v0x559a526eaf70_0 .net *"_ivl_879", 0 0, L_0x559a527130b0;  1 drivers
v0x559a526eb050_0 .net *"_ivl_881", 0 0, L_0x559a52712500;  1 drivers
v0x559a526eb130_0 .net *"_ivl_882", 0 0, L_0x559a527125a0;  1 drivers
v0x559a526eb210_0 .net *"_ivl_888", 0 0, L_0x559a527127d0;  1 drivers
v0x559a526eb2f0_0 .net *"_ivl_890", 0 0, L_0x559a52712900;  1 drivers
v0x559a526eb3d0_0 .net *"_ivl_891", 0 0, L_0x559a527129a0;  1 drivers
v0x559a526eb4b0_0 .net *"_ivl_894", 0 0, L_0x559a52712b10;  1 drivers
v0x559a526eb590_0 .net *"_ivl_896", 0 0, L_0x559a52712c00;  1 drivers
v0x559a526eb670_0 .net *"_ivl_901", 0 0, L_0x559a52712db0;  1 drivers
v0x559a526eb750_0 .net *"_ivl_905", 0 0, L_0x559a52712e20;  1 drivers
v0x559a526eb830_0 .net *"_ivl_909", 0 0, L_0x559a52712f20;  1 drivers
v0x559a526eb910_0 .net *"_ivl_91", 0 0, L_0x559a526f0580;  1 drivers
v0x559a526eb9f0_0 .net *"_ivl_914", 0 0, L_0x559a52713900;  1 drivers
v0x559a526ebad0_0 .net *"_ivl_919", 0 0, L_0x559a52713f90;  1 drivers
v0x559a526ebbb0_0 .net *"_ivl_921", 0 0, L_0x559a52714080;  1 drivers
v0x559a526ebc90_0 .net *"_ivl_922", 0 0, L_0x559a52714120;  1 drivers
v0x559a526ebd70_0 .net *"_ivl_928", 0 0, L_0x559a52713290;  1 drivers
v0x559a526ebe50_0 .net *"_ivl_930", 0 0, L_0x559a527133c0;  1 drivers
v0x559a526ebf30_0 .net *"_ivl_931", 0 0, L_0x559a52713460;  1 drivers
v0x559a526ec010_0 .net *"_ivl_934", 0 0, L_0x559a52713570;  1 drivers
v0x559a526ec0f0_0 .net *"_ivl_936", 0 0, L_0x559a52713660;  1 drivers
v0x559a526ec1d0_0 .net *"_ivl_942", 0 0, L_0x559a52713ad0;  1 drivers
v0x559a526ec2b0_0 .net *"_ivl_944", 0 0, L_0x559a52713c80;  1 drivers
v0x559a526ec390_0 .net *"_ivl_945", 0 0, L_0x559a52713d20;  1 drivers
v0x559a526ec470_0 .net *"_ivl_950", 0 0, L_0x559a52713e30;  1 drivers
v0x559a526ec550_0 .net *"_ivl_952", 0 0, L_0x559a52713ed0;  1 drivers
v0x559a526ec630_0 .net *"_ivl_953", 0 0, L_0x559a52714820;  1 drivers
v0x559a526ec710_0 .net *"_ivl_958", 0 0, L_0x559a52714930;  1 drivers
v0x559a526ec7f0_0 .net *"_ivl_960", 0 0, L_0x559a52714ff0;  1 drivers
v0x559a526ec8d0_0 .net *"_ivl_961", 0 0, L_0x559a52715090;  1 drivers
v0x559a526ec9b0_0 .net *"_ivl_967", 0 0, L_0x559a52714210;  1 drivers
v0x559a526eca90_0 .net *"_ivl_969", 0 0, L_0x559a527142b0;  1 drivers
v0x559a526ecb70_0 .net *"_ivl_970", 0 0, L_0x559a52715360;  1 drivers
v0x559a526ecc50_0 .net *"_ivl_975", 0 0, L_0x559a52714440;  1 drivers
v0x559a526ecd30_0 .net *"_ivl_977", 0 0, L_0x559a52714530;  1 drivers
v0x559a526ece10_0 .net *"_ivl_978", 0 0, L_0x559a527145d0;  1 drivers
v0x559a526ecef0_0 .net *"_ivl_984", 0 0, L_0x559a527153d0;  1 drivers
v0x559a526ecfd0_0 .net *"_ivl_986", 0 0, L_0x559a52715580;  1 drivers
v0x559a526ed0b0_0 .net *"_ivl_987", 0 0, L_0x559a52715620;  1 drivers
v0x559a526ed190_0 .net *"_ivl_990", 0 0, L_0x559a52715730;  1 drivers
v0x559a526ed270_0 .net *"_ivl_992", 0 0, L_0x559a527157d0;  1 drivers
v0x559a526ed350_0 .net *"_ivl_997", 0 0, L_0x559a52716040;  1 drivers
v0x559a526ed430_0 .net "debug", 7 0, L_0x559a5275b080;  alias, 1 drivers
v0x559a526ed530_0 .var "debug_reg[0]", 0 0;
v0x559a526ed5f0_0 .var "debug_reg[1]", 0 0;
v0x559a526ed6b0_0 .var "debug_reg[2]", 0 0;
v0x559a526ed770_0 .var "debug_reg[3]", 0 0;
v0x559a526ed830_0 .var "debug_reg[4]", 0 0;
v0x559a526ed8f0_0 .net "iRST_N", 0 0, v0x559a526ee820_0;  1 drivers
E_0x559a522e79c0/0 .event negedge, v0x559a526ed8f0_0;
E_0x559a522e79c0/1 .event posedge, v0x559a5268b190_0;
E_0x559a522e79c0 .event/or E_0x559a522e79c0/0, E_0x559a522e79c0/1;
L_0x559a526ef340 .part v0x559a52692cc0_0, 0, 1;
L_0x559a526ef4e0 .part v0x559a52675190_0, 1, 1;
L_0x559a526ef6d0 .part v0x559a52675190_0, 0, 1;
L_0x559a526ef7c0 .part v0x559a52675190_0, 2, 1;
L_0x559a526efa10 .part L_0x559a5275ad10, 0, 1;
L_0x559a526efbd0 .part L_0x559a5275ad10, 2, 1;
L_0x559a526efe60 .part L_0x559a5275ad10, 1, 1;
L_0x559a526effc0 .part v0x559a52692cc0_0, 3, 1;
L_0x559a526efdc0 .part v0x559a526edf40_0, 0, 1;
L_0x559a526f0380 .part v0x559a526edf40_0, 1, 1;
L_0x559a526f0580 .part v0x559a526edf40_0, 2, 1;
L_0x559a526f0900 .part v0x559a52692cc0_0, 1, 1;
L_0x559a526f0a40 .part v0x559a52692cc0_0, 0, 1;
L_0x559a526f0d40 .part v0x559a52692cc0_0, 2, 1;
L_0x559a526f0de0 .part L_0x559a5275b350, 1, 1;
L_0x559a526f0f20 .part v0x559a52692cc0_0, 3, 1;
L_0x559a526f1050 .part L_0x559a5275b350, 2, 1;
L_0x559a526f1340 .part v0x559a52692cc0_0, 2, 1;
L_0x559a526f1480 .part L_0x559a5275b350, 1, 1;
L_0x559a526f1630 .part v0x559a52692cc0_0, 1, 1;
L_0x559a526f13e0 .part v0x559a52692cc0_0, 0, 1;
L_0x559a526f1e70 .part L_0x559a527151d0, 0, 1;
L_0x559a526f2000 .part L_0x559a527151d0, 1, 1;
L_0x559a526f2230 .part L_0x559a527146e0, 0, 1;
L_0x559a526f23a0 .part L_0x559a527146e0, 1, 1;
L_0x559a526f26d0 .part L_0x559a52756970, 0, 1;
L_0x559a526f2850 .part L_0x559a527151d0, 1, 1;
L_0x559a526f2a30 .part L_0x559a52757e10, 0, 1;
L_0x559a526f2bc0 .part L_0x559a527146e0, 1, 1;
L_0x559a526f25a0 .part v0x559a526edf40_0, 3, 1;
L_0x559a526f30b0 .part L_0x559a527463c0, 0, 1;
L_0x559a526f3150 .part L_0x559a527151d0, 1, 1;
L_0x559a526f3570 .part L_0x559a52746190, 0, 1;
L_0x559a526f3610 .part L_0x559a527146e0, 1, 1;
L_0x559a526f3b60 .part L_0x559a52745d30, 0, 1;
L_0x559a526f3c00 .part L_0x559a52745d30, 1, 1;
L_0x559a526f3f30 .part L_0x559a52745b00, 0, 1;
L_0x559a526f3fd0 .part L_0x559a527146e0, 1, 1;
L_0x559a526f4370 .part v0x559a526edf40_0, 0, 1;
L_0x559a526f44d0 .part L_0x559a527151d0, 0, 1;
L_0x559a526f46c0 .part L_0x559a52745d30, 1, 1;
L_0x559a526f4a20 .part L_0x559a52745380, 0, 1;
L_0x559a526f4c50 .part L_0x559a527146e0, 1, 1;
L_0x559a526f4e60 .part v0x559a526edf40_0, 1, 1;
L_0x559a526f52c0 .part L_0x559a52756970, 0, 1;
L_0x559a526f53b0 .part L_0x559a52745d30, 1, 1;
L_0x559a526f5750 .part L_0x559a52744b00, 0, 1;
L_0x559a526f57f0 .part L_0x559a527146e0, 1, 1;
L_0x559a526f5d30 .part L_0x559a5275ad10, 3, 1;
L_0x559a526f5f20 .part L_0x559a526f9170, 0, 1;
L_0x559a526f6160 .part L_0x559a526f9170, 1, 1;
L_0x559a526f6540 .part L_0x559a526f9cd0, 0, 1;
L_0x559a526f6790 .part L_0x559a526f9cd0, 1, 1;
L_0x559a526f6990 .part L_0x559a5275ad10, 4, 1;
L_0x559a526f6bf0 .part L_0x559a5275ad10, 5, 1;
L_0x559a526f6f90 .part L_0x559a527465a0, 0, 1;
L_0x559a526f7200 .part L_0x559a526f9170, 1, 1;
L_0x559a526f7410 .part L_0x559a52745f60, 0, 1;
L_0x559a526f7690 .part L_0x559a526f9cd0, 1, 1;
L_0x559a526f7a70 .part L_0x559a527455b0, 0, 1;
L_0x559a526f7d00 .part L_0x559a526f9170, 1, 1;
L_0x559a526f7f50 .part L_0x559a52745150, 0, 1;
L_0x559a526f81f0 .part L_0x559a526f9cd0, 1, 1;
L_0x559a526f85f0 .part L_0x559a52744920, 0, 1;
L_0x559a526f88a0 .part L_0x559a526f9170, 1, 1;
L_0x559a526f8ab0 .part L_0x559a52744290, 0, 1;
L_0x559a526f8d70 .part L_0x559a526f9cd0, 1, 1;
L_0x559a526f9170 .concat8 [ 1 1 1 0], L_0x559a526f94e0, L_0x559a526f5e60, L_0x559a526f6c90;
L_0x559a526f9640 .part L_0x559a526f9170, 0, 1;
L_0x559a526f96e0 .part L_0x559a52743010, 1, 1;
L_0x559a526f9cd0 .concat8 [ 1 1 0 0], L_0x559a526f6280, L_0x559a526fa150;
L_0x559a526f9dc0 .part L_0x559a526f9170, 2, 1;
L_0x559a526fa0b0 .part L_0x559a5275ad10, 6, 1;
L_0x559a526fa2b0 .part L_0x559a52742bb0, 0, 1;
L_0x559a526fa5b0 .part L_0x559a526f9cd0, 1, 1;
L_0x559a526fa970 .part L_0x559a5275ad10, 0, 1;
L_0x559a526fad40 .part L_0x559a5275ad10, 2, 1;
L_0x559a526fade0 .part L_0x559a5275ad10, 3, 1;
L_0x559a526fb460 .part L_0x559a527465a0, 0, 1;
L_0x559a526fb550 .part L_0x559a52743010, 1, 1;
L_0x559a526fb9e0 .part L_0x559a527571e0, 0, 1;
L_0x559a526fba80 .part L_0x559a526f9cd0, 1, 1;
L_0x559a526fc240 .part L_0x559a5275ad10, 1, 1;
L_0x559a526fc3a0 .part L_0x559a527455b0, 0, 1;
L_0x559a526fc740 .part L_0x559a52743010, 1, 1;
L_0x559a526fcb60 .part L_0x559a52756b50, 0, 1;
L_0x559a526fcec0 .part L_0x559a526f9cd0, 1, 1;
L_0x559a526fd3e0 .part v0x559a52675190_0, 0, 1;
L_0x559a526fd840 .part v0x559a52675190_0, 2, 1;
L_0x559a526fdc50 .part v0x559a52675190_0, 1, 1;
L_0x559a526fe0e0 .part v0x559a52675190_0, 2, 1;
L_0x559a526fe570 .part v0x559a52675190_0, 2, 1;
L_0x559a526ff2d0 .concat8 [ 1 1 0 0], L_0x559a526ff230, L_0x559a526ff3f0;
L_0x559a526ff780 .part L_0x559a526ff2d0, 0, 1;
L_0x559a526ffba0 .part L_0x559a526ff2d0, 1, 1;
L_0x559a527000f0 .part L_0x559a527435b0, 1, 1;
L_0x559a52701b60 .concat8 [ 1 1 0 0], L_0x559a52701790, L_0x559a52701c50;
L_0x559a52701d60 .part L_0x559a52701b60, 0, 1;
L_0x559a52702170 .part L_0x559a52701b60, 1, 1;
L_0x559a52702ad0 .concat8 [ 1 1 0 0], L_0x559a52702740, L_0x559a52702ef0;
L_0x559a52703000 .part L_0x559a52702ad0, 0, 1;
L_0x559a527030f0 .part L_0x559a52702ad0, 1, 1;
L_0x559a52703d80 .part L_0x559a52705270, 0, 1;
L_0x559a52703e50 .part L_0x559a52705270, 1, 1;
L_0x559a527047d0 .part L_0x559a52742de0, 0, 1;
L_0x559a527048d0 .part L_0x559a52705270, 1, 1;
L_0x559a52705270 .concat8 [ 1 1 0 0], L_0x559a527039d0, L_0x559a527053a0;
L_0x559a52705840 .part L_0x559a52705270, 1, 1;
L_0x559a52705c50 .part L_0x559a52757b80, 1, 1;
L_0x559a52706240 .part L_0x559a527435b0, 1, 1;
L_0x559a52707250 .part L_0x559a5271dca0, 0, 1;
L_0x559a527072f0 .part L_0x559a5271dca0, 1, 1;
L_0x559a52707d90 .part L_0x559a527435b0, 1, 1;
L_0x559a52708300 .part L_0x559a52757a20, 0, 1;
L_0x559a527096c0 .part L_0x559a52757820, 1, 1;
L_0x559a52709e30 .part v0x559a52692cc0_0, 0, 1;
L_0x559a5270a280 .part v0x559a52692cc0_0, 1, 1;
L_0x559a5270a320 .concat8 [ 1 1 0 0], L_0x559a526ef650, L_0x559a5270a870;
L_0x559a5270a7d0 .part v0x559a52692cc0_0, 2, 1;
L_0x559a5270ade0 .part L_0x559a5270a320, 0, 1;
L_0x559a5270b2a0 .part L_0x559a5270a320, 1, 1;
L_0x559a5270b450 .part L_0x559a52745d30, 0, 1;
L_0x559a5270b8d0 .part L_0x559a527151d0, 1, 1;
L_0x559a5270bea0 .part L_0x559a52756d80, 0, 1;
L_0x559a5270c330 .part L_0x559a527146e0, 1, 1;
L_0x559a5270bc50 .concat8 [ 1 1 1 1], L_0x559a5270c5f0, L_0x559a5270ba80, L_0x559a5270bb80, L_0x559a5270cea0;
L_0x559a5270cf10 .part L_0x559a5270bc50, 0, 1;
L_0x559a5270d000 .part L_0x559a5270bc50, 1, 1;
L_0x559a5270c660 .concat8 [ 1 1 0 0], L_0x559a5270d4b0, L_0x559a5270c8f0;
L_0x559a5270c750 .part L_0x559a5270bc50, 2, 1;
L_0x559a5270c820 .part L_0x559a5270bc50, 3, 1;
L_0x559a5270ca00 .part L_0x559a5270c660, 0, 1;
L_0x559a5270da10 .part L_0x559a5270c660, 1, 1;
L_0x559a5270d5c0 .concat8 [ 1 1 1 1], L_0x559a5270dbc0, L_0x559a5270dc30, L_0x559a5270dd30, L_0x559a5270d7b0;
L_0x559a5270d870 .part L_0x559a5270d5c0, 0, 1;
L_0x559a5270d960 .part L_0x559a5270d5c0, 1, 1;
L_0x559a5270e410 .concat8 [ 1 1 0 0], L_0x559a5270e2d0, L_0x559a5270de80;
L_0x559a5270e500 .part L_0x559a5270d5c0, 2, 1;
L_0x559a5270ea90 .part L_0x559a5270d5c0, 3, 1;
L_0x559a5270df90 .part L_0x559a5270e410, 0, 1;
L_0x559a5270e080 .part L_0x559a5270e410, 1, 1;
L_0x559a5270e7d0 .concat8 [ 1 1 1 1], L_0x559a5270e230, L_0x559a5270e630, L_0x559a5270e6d0, L_0x559a5270e9c0;
L_0x559a5270eff0 .part L_0x559a5270e7d0, 0, 1;
L_0x559a5270f0e0 .part L_0x559a5270e7d0, 1, 1;
L_0x559a5270f2c0 .concat8 [ 1 1 0 0], L_0x559a5270f180, L_0x559a5270ec00;
L_0x559a5270f3b0 .part L_0x559a5270e7d0, 2, 1;
L_0x559a5270eb60 .part L_0x559a5270e7d0, 3, 1;
L_0x559a5270ed10 .part L_0x559a5270f2c0, 0, 1;
L_0x559a5270ee00 .part L_0x559a5270f2c0, 1, 1;
L_0x559a5270f6d0 .concat8 [ 1 1 1 1], L_0x559a5270f460, L_0x559a5270f4d0, L_0x559a5270f5d0, L_0x559a5270f9b0;
L_0x559a5270fa70 .part L_0x559a5270f6d0, 0, 1;
L_0x559a5270fb60 .part L_0x559a5270f6d0, 1, 1;
L_0x559a527101e0 .concat8 [ 1 1 0 0], L_0x559a527100d0, L_0x559a527104d0;
L_0x559a527102d0 .part L_0x559a5270f6d0, 2, 1;
L_0x559a52710400 .part L_0x559a5270f6d0, 3, 1;
L_0x559a527105e0 .part L_0x559a527101e0, 0, 1;
L_0x559a5270fc00 .part L_0x559a527101e0, 1, 1;
L_0x559a5270fff0 .concat8 [ 1 1 1 1], L_0x559a5270fdb0, L_0x559a5270fe20, L_0x559a5270fef0, L_0x559a52711160;
L_0x559a52710720 .part L_0x559a5270fff0, 0, 1;
L_0x559a52710810 .part L_0x559a5270fff0, 1, 1;
L_0x559a52710a20 .concat8 [ 1 1 0 0], L_0x559a527108e0, L_0x559a52710dc0;
L_0x559a52710b10 .part L_0x559a5270fff0, 2, 1;
L_0x559a52710cf0 .part L_0x559a5270fff0, 3, 1;
L_0x559a52710ed0 .part L_0x559a52710a20, 0, 1;
L_0x559a52710fc0 .part L_0x559a52710a20, 1, 1;
L_0x559a527119c0 .concat8 [ 1 1 1 1], L_0x559a52711750, L_0x559a527117c0, L_0x559a527118c0, L_0x559a527111d0;
L_0x559a52711240 .part L_0x559a527119c0, 0, 1;
L_0x559a52711330 .part L_0x559a527119c0, 1, 1;
L_0x559a52711510 .concat8 [ 1 1 0 0], L_0x559a527113d0, L_0x559a527122b0;
L_0x559a52711600 .part L_0x559a527119c0, 2, 1;
L_0x559a527121e0 .part L_0x559a527119c0, 3, 1;
L_0x559a527123c0 .part L_0x559a52711510, 0, 1;
L_0x559a52711c00 .part L_0x559a52711510, 1, 1;
L_0x559a52711ff0 .concat8 [ 1 1 1 1], L_0x559a52711db0, L_0x559a52711e20, L_0x559a52711ef0, L_0x559a52712ff0;
L_0x559a527130b0 .part L_0x559a52711ff0, 0, 1;
L_0x559a52712500 .part L_0x559a52711ff0, 1, 1;
L_0x559a527126e0 .concat8 [ 1 1 0 0], L_0x559a527125a0, L_0x559a527129a0;
L_0x559a527127d0 .part L_0x559a52711ff0, 2, 1;
L_0x559a52712900 .part L_0x559a52711ff0, 3, 1;
L_0x559a52712b10 .part L_0x559a527126e0, 0, 1;
L_0x559a52712c00 .part L_0x559a527126e0, 1, 1;
L_0x559a52713710 .concat8 [ 1 1 1 1], L_0x559a52712db0, L_0x559a52712e20, L_0x559a52712f20, L_0x559a52713900;
L_0x559a52713f90 .part L_0x559a52713710, 0, 1;
L_0x559a52714080 .part L_0x559a52713710, 1, 1;
L_0x559a527131a0 .concat8 [ 1 1 0 0], L_0x559a52714120, L_0x559a52713460;
L_0x559a52713290 .part L_0x559a52713710, 2, 1;
L_0x559a527133c0 .part L_0x559a52713710, 3, 1;
L_0x559a52713570 .part L_0x559a527131a0, 0, 1;
L_0x559a52713660 .part L_0x559a527131a0, 1, 1;
L_0x559a52713ad0 .part v0x559a526edf40_0, 0, 1;
L_0x559a52713c80 .part v0x559a526edf40_0, 1, 1;
L_0x559a52713e30 .part v0x559a526edf40_0, 2, 1;
L_0x559a52713ed0 .part v0x559a526edf40_0, 3, 1;
L_0x559a52714930 .part v0x559a526edf40_0, 4, 1;
L_0x559a52714ff0 .part v0x559a526edf40_0, 5, 1;
L_0x559a527151d0 .concat8 [ 1 1 1 1], L_0x559a526f4410, L_0x559a526f2640, L_0x559a52715090, L_0x559a52715360;
L_0x559a52714210 .part v0x559a526edf40_0, 6, 1;
L_0x559a527142b0 .part v0x559a526edf40_0, 7, 1;
L_0x559a52714440 .part L_0x559a527463c0, 0, 1;
L_0x559a52714530 .part L_0x559a52745d30, 1, 1;
L_0x559a527146e0 .concat8 [ 1 1 0 0], L_0x559a526f2120, L_0x559a52715620;
L_0x559a527153d0 .part L_0x559a527151d0, 2, 1;
L_0x559a52715580 .part L_0x559a527151d0, 3, 1;
L_0x559a52715730 .part L_0x559a527446f0, 0, 1;
L_0x559a527157d0 .part L_0x559a527146e0, 1, 1;
L_0x559a527160b0 .part L_0x559a5271dca0, 1, 1;
L_0x559a52715980 .part L_0x559a527444c0, 1, 1;
L_0x559a52715ba0 .part L_0x559a52715f40, 0, 1;
L_0x559a52715ca0 .part L_0x559a52715f40, 1, 1;
L_0x559a52715f40 .concat8 [ 1 1 0 0], L_0x559a52715b30, L_0x559a527149d0;
L_0x559a52714a90 .part L_0x559a52743d90, 0, 1;
L_0x559a52714b60 .part L_0x559a52715f40, 1, 1;
L_0x559a52714db0 .concat8 [ 1 1 0 0], L_0x559a52714cf0, L_0x559a52714ea0;
L_0x559a527167b0 .part L_0x559a52714db0, 0, 1;
L_0x559a527168a0 .part L_0x559a52714db0, 1, 1;
L_0x559a52716150 .concat8 [ 1 1 1 1], L_0x559a52716a50, L_0x559a52716b60, L_0x559a52716c70, L_0x559a527162e0;
L_0x559a52716440 .part L_0x559a52716150, 0, 1;
L_0x559a52716530 .part L_0x559a52716150, 1, 1;
L_0x559a527166e0 .concat8 [ 1 1 0 0], L_0x559a527165d0, L_0x559a527175a0;
L_0x559a52717460 .part L_0x559a52716150, 2, 1;
L_0x559a52717500 .part L_0x559a52716150, 3, 1;
L_0x559a527176b0 .part L_0x559a527166e0, 0, 1;
L_0x559a52717750 .part L_0x559a527166e0, 1, 1;
L_0x559a52716e60 .concat8 [ 1 1 1 1], L_0x559a52717900, L_0x559a52716d80, L_0x559a52716df0, L_0x559a52716ff0;
L_0x559a527170b0 .part L_0x559a52716e60, 0, 1;
L_0x559a527171a0 .part L_0x559a52716e60, 1, 1;
L_0x559a52717350 .concat8 [ 1 1 0 0], L_0x559a52717240, L_0x559a52718260;
L_0x559a52718090 .part L_0x559a52716e60, 2, 1;
L_0x559a527181c0 .part L_0x559a52716e60, 3, 1;
L_0x559a52718370 .part L_0x559a52717350, 0, 1;
L_0x559a52718460 .part L_0x559a52717350, 1, 1;
L_0x559a52718760 .concat8 [ 1 1 1 1], L_0x559a52718610, L_0x559a52718680, L_0x559a527186f0, L_0x559a527188a0;
L_0x559a52718960 .part L_0x559a52718760, 0, 1;
L_0x559a52718a50 .part L_0x559a52718760, 1, 1;
L_0x559a52717a80 .concat8 [ 1 1 0 0], L_0x559a52717970, L_0x559a52717d40;
L_0x559a52717b70 .part L_0x559a52718760, 2, 1;
L_0x559a52717ca0 .part L_0x559a52718760, 3, 1;
L_0x559a52717e50 .part L_0x559a52717a80, 0, 1;
L_0x559a52717f40 .part L_0x559a52717a80, 1, 1;
L_0x559a527194d0 .concat8 [ 1 1 1 1], L_0x559a52719380, L_0x559a527193f0, L_0x559a52719460, L_0x559a52718af0;
L_0x559a52718bb0 .part L_0x559a527194d0, 0, 1;
L_0x559a52718ca0 .part L_0x559a527194d0, 1, 1;
L_0x559a52718e50 .concat8 [ 1 1 0 0], L_0x559a52718d40, L_0x559a52719110;
L_0x559a52718f40 .part L_0x559a527194d0, 2, 1;
L_0x559a52719070 .part L_0x559a527194d0, 3, 1;
L_0x559a52719690 .part L_0x559a52718e50, 0, 1;
L_0x559a52719730 .part L_0x559a52718e50, 1, 1;
L_0x559a52719a30 .concat8 [ 1 1 1 1], L_0x559a527198e0, L_0x559a52719950, L_0x559a527199c0, L_0x559a5271a3c0;
L_0x559a5271a480 .part L_0x559a52719a30, 0, 1;
L_0x559a5271a570 .part L_0x559a52719a30, 1, 1;
L_0x559a5271a720 .concat8 [ 1 1 0 0], L_0x559a5271a610, L_0x559a5271a9e0;
L_0x559a5271a810 .part L_0x559a52719a30, 2, 1;
L_0x559a5271a940 .part L_0x559a52719a30, 3, 1;
L_0x559a5271aaf0 .part L_0x559a5271a720, 0, 1;
L_0x559a5271ab90 .part L_0x559a5271a720, 1, 1;
L_0x559a5271aef0 .concat8 [ 1 1 1 1], L_0x559a5271ad40, L_0x559a5271adb0, L_0x559a5271ae20, L_0x559a5271b0e0;
L_0x559a5271b1a0 .part L_0x559a5271aef0, 0, 1;
L_0x559a5271b290 .part L_0x559a5271aef0, 1, 1;
L_0x559a52719bf0 .concat8 [ 1 1 0 0], L_0x559a5271b330, L_0x559a52719eb0;
L_0x559a52719ce0 .part L_0x559a5271aef0, 2, 1;
L_0x559a52719e10 .part L_0x559a5271aef0, 3, 1;
L_0x559a52719fc0 .part L_0x559a52719bf0, 0, 1;
L_0x559a5271a0b0 .part L_0x559a52719bf0, 1, 1;
L_0x559a5271bcb0 .concat8 [ 1 1 1 1], L_0x559a5271a260, L_0x559a5271a2d0, L_0x559a5271bc10, L_0x559a5271bea0;
L_0x559a5271bf60 .part L_0x559a5271bcb0, 0, 1;
L_0x559a5271c050 .part L_0x559a5271bcb0, 1, 1;
L_0x559a5271c200 .concat8 [ 1 1 0 0], L_0x559a5271c0f0, L_0x559a5271c4c0;
L_0x559a5271c2f0 .part L_0x559a5271bcb0, 2, 1;
L_0x559a5271c420 .part L_0x559a5271bcb0, 3, 1;
L_0x559a5271c5d0 .part L_0x559a5271c200, 0, 1;
L_0x559a5271b440 .part L_0x559a5271c200, 1, 1;
L_0x559a5271b770 .concat8 [ 1 1 1 1], L_0x559a5271b5f0, L_0x559a5271b660, L_0x559a5271b6d0, L_0x559a5271b960;
L_0x559a5271ba20 .part L_0x559a5271b770, 0, 1;
L_0x559a5271bb10 .part L_0x559a5271b770, 1, 1;
L_0x559a5271d070 .concat8 [ 1 1 0 0], L_0x559a5271cf60, L_0x559a5271dbe0;
L_0x559a5271d160 .part L_0x559a5271b770, 2, 1;
L_0x559a5271db40 .part L_0x559a5271b770, 3, 1;
L_0x559a5271c6c0 .part L_0x559a5271d070, 0, 1;
L_0x559a5271c7b0 .part L_0x559a5271d070, 1, 1;
L_0x559a5271ca40 .concat8 [ 1 1 1 1], L_0x559a5271dac0, L_0x559a5271c960, L_0x559a5271c9d0, L_0x559a5271cc00;
L_0x559a5271ccc0 .part L_0x559a5271ca40, 0, 1;
L_0x559a5271cdb0 .part L_0x559a5271ca40, 1, 1;
L_0x559a5271d290 .concat8 [ 1 1 0 0], L_0x559a5271ce50, L_0x559a5271d550;
L_0x559a5271d380 .part L_0x559a5271ca40, 2, 1;
L_0x559a5271d4b0 .part L_0x559a5271ca40, 3, 1;
L_0x559a5271d660 .part L_0x559a5271d290, 0, 1;
L_0x559a5271d750 .part L_0x559a5271d290, 1, 1;
L_0x559a5271dca0 .concat8 [ 1 1 0 0], L_0x559a52707140, L_0x559a5271ddd0;
L_0x559a5271ded0 .part L_0x559a5271dca0, 1, 1;
L_0x559a5271e050 .part L_0x559a5273e740, 0, 1;
L_0x559a5271e0f0 .part L_0x559a5273e740, 1, 1;
L_0x559a5271e310 .part L_0x559a5273ed90, 0, 1;
L_0x559a5271e3b0 .part L_0x559a5273ed90, 1, 1;
L_0x559a5271eee0 .part L_0x559a52740320, 0, 1;
L_0x559a5271ef80 .part L_0x559a52740320, 1, 1;
L_0x559a5271e590 .part L_0x559a5273f4a0, 0, 1;
L_0x559a5271e630 .part L_0x559a5273f4a0, 1, 1;
L_0x559a5271e860 .part L_0x559a5275ad10, 0, 1;
L_0x559a5271e900 .part L_0x559a5275ad10, 1, 1;
L_0x559a5271eab0 .part L_0x559a52744920, 0, 1;
L_0x559a5271eba0 .part L_0x559a52743010, 1, 1;
L_0x559a5271fa50 .part L_0x559a52744d30, 0, 1;
L_0x559a5271faf0 .part L_0x559a526f9cd0, 1, 1;
L_0x559a52720610 .part L_0x559a52757620, 0, 1;
L_0x559a5271f210 .part v0x559a52675190_0, 0, 1;
L_0x559a5271f2b0 .part v0x559a52675190_0, 1, 1;
L_0x559a5271f460 .part v0x559a52675190_0, 2, 1;
L_0x559a5271f600 .part v0x559a52692cc0_0, 2, 1;
L_0x559a5271f6a0 .part v0x559a52692cc0_0, 3, 1;
L_0x559a5271f850 .part L_0x559a5270a320, 0, 1;
L_0x559a5271f980 .part L_0x559a52756fb0, 1, 1;
L_0x559a5271ffd0 .concat8 [ 1 1 1 1], L_0x559a5271fdf0, L_0x559a5271fe60, L_0x559a5271ff00, L_0x559a527201c0;
L_0x559a52720280 .part L_0x559a5271ffd0, 0, 1;
L_0x559a52720370 .part L_0x559a5271ffd0, 1, 1;
L_0x559a52720520 .concat8 [ 1 1 0 0], L_0x559a52720410, L_0x559a52721310;
L_0x559a52721110 .part L_0x559a5271ffd0, 2, 1;
L_0x559a52721240 .part L_0x559a5271ffd0, 3, 1;
L_0x559a52721420 .part L_0x559a52720520, 0, 1;
L_0x559a52721510 .part L_0x559a52720520, 1, 1;
L_0x559a52721d00 .part L_0x559a527435b0, 1, 1;
L_0x559a52721e30 .functor MUXZ 1, L_0x559a52721d00, L_0x7f053997c018, L_0x559a526fd8e0, C4<>;
L_0x559a52721f20 .functor MUXZ 1, L_0x7f053997c0a8, L_0x7f053997c060, v0x559a52673630_0, C4<>;
L_0x559a527221b0 .functor MUXZ 1, L_0x7f053997c138, L_0x7f053997c0f0, L_0x559a5270b340, C4<>;
L_0x559a527222f0 .part v0x559a52681ee0_0, 7, 1;
L_0x559a52722390 .functor MUXZ 1, L_0x559a527222f0, L_0x7f053997c180, L_0x559a5270b340, C4<>;
L_0x559a52722510 .functor MUXZ 1, L_0x7f053997c210, L_0x7f053997c1c8, L_0x559a5270b340, C4<>;
L_0x559a52722650 .part L_0x559a52757a20, 0, 1;
L_0x559a527227d0 .functor MUXZ 1, L_0x7f053997c2a0, L_0x7f053997c258, L_0x559a52722650, C4<>;
L_0x559a52722910 .part L_0x559a52757a20, 0, 1;
L_0x559a527229b0 .functor MUXZ 1, L_0x7f053997c330, L_0x7f053997c2e8, L_0x559a52722910, C4<>;
L_0x559a52722d90 .part v0x559a52689630_0, 0, 1;
L_0x559a52722e30 .functor MUXZ 1, L_0x7f053997c378, L_0x559a52722d90, L_0x559a5272e660, C4<>;
L_0x559a52722f70 .part v0x559a52689630_0, 1, 1;
L_0x559a52723060 .functor MUXZ 1, L_0x7f053997c3c0, L_0x559a52722f70, L_0x559a5272e660, C4<>;
L_0x559a527231e0 .part v0x559a52689630_0, 2, 1;
L_0x559a52723280 .functor MUXZ 1, L_0x7f053997c408, L_0x559a527231e0, L_0x559a5272e660, C4<>;
L_0x559a527233c0 .part v0x559a52689630_0, 3, 1;
L_0x559a527234f0 .functor MUXZ 1, L_0x7f053997c450, L_0x559a527233c0, L_0x559a5272e660, C4<>;
L_0x559a527235e0 .part v0x559a52689630_0, 4, 1;
L_0x559a52724c90 .functor MUXZ 1, L_0x7f053997c498, L_0x559a527235e0, L_0x559a5272e660, C4<>;
L_0x559a527241f0 .part v0x559a52689630_0, 5, 1;
L_0x559a52724290 .functor MUXZ 1, L_0x7f053997c4e0, L_0x559a527241f0, L_0x559a5272e660, C4<>;
L_0x559a527244e0 .part v0x559a52689630_0, 6, 1;
L_0x559a52724580 .functor MUXZ 1, L_0x7f053997c528, L_0x559a527244e0, L_0x559a5272e660, C4<>;
L_0x559a527246c0 .part v0x559a52687ad0_0, 0, 1;
L_0x559a52724760 .functor MUXZ 1, L_0x7f053997c570, L_0x559a527246c0, L_0x559a5272e660, C4<>;
L_0x559a527248a0 .part v0x559a52687ad0_0, 1, 1;
L_0x559a52724990 .functor MUXZ 1, L_0x7f053997c5b8, L_0x559a527248a0, L_0x559a5272e660, C4<>;
L_0x559a52724ad0 .part v0x559a52687ad0_0, 2, 1;
L_0x559a52724b70 .functor MUXZ 1, L_0x7f053997c600, L_0x559a52724ad0, L_0x559a5272e660, C4<>;
L_0x559a52725830 .part v0x559a52687ad0_0, 3, 1;
L_0x559a527258d0 .functor MUXZ 1, L_0x7f053997c648, L_0x559a52725830, L_0x559a5272e660, C4<>;
L_0x559a52724d80 .part v0x559a52687ad0_0, 4, 1;
L_0x559a52724e20 .functor MUXZ 1, L_0x7f053997c690, L_0x559a52724d80, L_0x559a5272e660, C4<>;
L_0x559a52724f60 .part v0x559a52687ad0_0, 5, 1;
L_0x559a52725000 .functor MUXZ 1, L_0x7f053997c6d8, L_0x559a52724f60, L_0x559a5272e660, C4<>;
L_0x559a52725140 .part v0x559a52687ad0_0, 6, 1;
L_0x559a527251e0 .functor MUXZ 1, L_0x7f053997c720, L_0x559a52725140, L_0x559a5272e660, C4<>;
L_0x559a52725320 .part L_0x559a52759ba0, 1, 1;
L_0x559a527253c0 .part L_0x559a52759fb0, 1, 1;
L_0x559a52725460 .functor MUXZ 1, L_0x559a527253c0, L_0x559a52725320, L_0x559a5271fd30, C4<>;
L_0x559a527255f0 .part L_0x559a52759ba0, 2, 1;
L_0x559a527256e0 .part L_0x559a52759fb0, 2, 1;
L_0x559a527264d0 .functor MUXZ 1, L_0x559a527256e0, L_0x559a527255f0, L_0x559a5271fd30, C4<>;
L_0x559a527259c0 .part L_0x559a52759ba0, 3, 1;
L_0x559a52725a60 .part L_0x559a52759fb0, 3, 1;
L_0x559a52725b00 .functor MUXZ 1, L_0x559a52725a60, L_0x559a527259c0, L_0x559a5271fd30, C4<>;
L_0x559a52725bf0 .part L_0x559a52759ba0, 4, 1;
L_0x559a52725d20 .part L_0x559a52759fb0, 4, 1;
L_0x559a52725e50 .functor MUXZ 1, L_0x559a52725d20, L_0x559a52725bf0, L_0x559a5271fd30, C4<>;
L_0x559a52725ef0 .part L_0x559a52759ba0, 5, 1;
L_0x559a52725f90 .part L_0x559a52759fb0, 5, 1;
L_0x559a52726030 .functor MUXZ 1, L_0x559a52725f90, L_0x559a52725ef0, L_0x559a5271fd30, C4<>;
L_0x559a52726170 .part L_0x559a52759ba0, 6, 1;
L_0x559a52726210 .part L_0x559a52759fb0, 6, 1;
L_0x559a527262b0 .functor MUXZ 1, L_0x559a52726210, L_0x559a52726170, L_0x559a5271fd30, C4<>;
L_0x559a527263f0 .part L_0x559a52759ba0, 7, 1;
L_0x559a52727140 .part L_0x559a52759fb0, 7, 1;
L_0x559a52726570 .functor MUXZ 1, L_0x559a52727140, L_0x559a527263f0, L_0x559a5271fd30, C4<>;
L_0x559a527266b0 .part L_0x559a5275a5c0, 0, 1;
L_0x559a52726750 .functor MUXZ 1, L_0x7f053997c768, L_0x559a527266b0, L_0x559a5271d900, C4<>;
L_0x559a52726890 .part L_0x559a5275a5c0, 1, 1;
L_0x559a52726980 .functor MUXZ 1, L_0x7f053997c7b0, L_0x559a52726890, L_0x559a5271d900, C4<>;
L_0x559a52726ac0 .part L_0x559a5275a5c0, 2, 1;
L_0x559a52726b60 .functor MUXZ 1, L_0x7f053997c7f8, L_0x559a52726ac0, L_0x559a5271d900, C4<>;
L_0x559a52726db0 .part L_0x559a5275a5c0, 3, 1;
L_0x559a52726e50 .functor MUXZ 1, L_0x7f053997c840, L_0x559a52726db0, L_0x559a5271d900, C4<>;
L_0x559a52726f70 .part L_0x559a5275a5c0, 4, 1;
L_0x559a52727010 .functor MUXZ 1, L_0x7f053997c888, L_0x559a52726f70, L_0x559a5271d900, C4<>;
L_0x559a52727e60 .part L_0x559a5275a5c0, 5, 1;
L_0x559a527271e0 .functor MUXZ 1, L_0x7f053997c8d0, L_0x559a52727e60, L_0x559a5271d900, C4<>;
L_0x559a52727350 .part L_0x559a5275a5c0, 6, 1;
L_0x559a527273f0 .functor MUXZ 1, L_0x7f053997c918, L_0x559a52727350, L_0x559a5271d900, C4<>;
LS_0x559a52727560_0_0 .concat8 [ 1 1 1 1], L_0x559a52726750, L_0x559a52726980, L_0x559a52726b60, L_0x559a52726e50;
LS_0x559a52727560_0_4 .concat8 [ 1 1 1 1], L_0x559a52727010, L_0x559a527271e0, L_0x559a527273f0, L_0x559a52727920;
L_0x559a52727560 .concat8 [ 4 4 0 0], LS_0x559a52727560_0_0, LS_0x559a52727560_0_4;
L_0x559a52727880 .part L_0x559a52758e30, 0, 1;
L_0x559a52727920 .functor MUXZ 1, L_0x7f053997c960, L_0x559a52727880, L_0x559a5271d900, C4<>;
L_0x559a52727ab0 .part v0x559a52681ee0_0, 0, 1;
L_0x559a52727ba0 .functor MUXZ 1, L_0x559a52727ab0, L_0x7f053997c9a8, L_0x559a5270b340, C4<>;
L_0x559a52727ce0 .part v0x559a52681ee0_0, 1, 1;
L_0x559a52728b80 .functor MUXZ 1, L_0x559a52727ce0, L_0x7f053997c9f0, L_0x559a5270b340, C4<>;
L_0x559a52727f50 .part v0x559a52681ee0_0, 2, 1;
L_0x559a52727ff0 .functor MUXZ 1, L_0x559a52727f50, L_0x7f053997ca38, L_0x559a5270b340, C4<>;
L_0x559a527280e0 .part v0x559a52681ee0_0, 3, 1;
L_0x559a52728180 .functor MUXZ 1, L_0x559a527280e0, L_0x7f053997ca80, L_0x559a5270b340, C4<>;
L_0x559a527282c0 .part v0x559a52681ee0_0, 4, 1;
L_0x559a52728360 .functor MUXZ 1, L_0x559a527282c0, L_0x7f053997cac8, L_0x559a5270b340, C4<>;
L_0x559a527284a0 .part v0x559a52681ee0_0, 5, 1;
L_0x559a52728540 .functor MUXZ 1, L_0x559a527284a0, L_0x7f053997cb10, L_0x559a5270b340, C4<>;
L_0x559a52728680 .part v0x559a52681ee0_0, 6, 1;
L_0x559a52728830 .functor MUXZ 1, L_0x559a52728680, L_0x7f053997cb58, L_0x559a5270b340, C4<>;
L_0x559a527289a0 .part L_0x559a5272bba0, 0, 1;
L_0x559a52728a70 .functor MUXZ 1, L_0x7f053997cba0, L_0x559a527289a0, L_0x559a527091a0, C4<>;
L_0x559a527299b0 .part L_0x559a5272bba0, 1, 1;
L_0x559a52729aa0 .functor MUXZ 1, L_0x7f053997cbe8, L_0x559a527299b0, L_0x559a527091a0, C4<>;
L_0x559a52728cc0 .part L_0x559a5272bba0, 2, 1;
L_0x559a52728d60 .functor MUXZ 1, L_0x7f053997cc30, L_0x559a52728cc0, L_0x559a527091a0, C4<>;
L_0x559a52728fe0 .part L_0x559a5272bba0, 3, 1;
L_0x559a52729080 .functor MUXZ 1, L_0x7f053997cc78, L_0x559a52728fe0, L_0x559a527091a0, C4<>;
L_0x559a527291a0 .part L_0x559a5272bba0, 4, 1;
L_0x559a52729240 .functor MUXZ 1, L_0x7f053997ccc0, L_0x559a527291a0, L_0x559a527091a0, C4<>;
L_0x559a527293b0 .part L_0x559a5272bba0, 5, 1;
L_0x559a52729450 .functor MUXZ 1, L_0x7f053997cd08, L_0x559a527293b0, L_0x559a527091a0, C4<>;
L_0x559a527295c0 .part L_0x559a5272bba0, 6, 1;
L_0x559a52729660 .functor MUXZ 1, L_0x7f053997cd50, L_0x559a527295c0, L_0x559a527091a0, C4<>;
LS_0x559a527297d0_0_0 .concat8 [ 1 1 1 1], L_0x559a52728a70, L_0x559a52729aa0, L_0x559a52728d60, L_0x559a52729080;
LS_0x559a527297d0_0_4 .concat8 [ 1 1 1 1], L_0x559a52729240, L_0x559a52729450, L_0x559a52729660, L_0x559a52729b40;
L_0x559a527297d0 .concat8 [ 4 4 0 0], LS_0x559a527297d0_0_0, LS_0x559a527297d0_0_4;
L_0x559a5272aa70 .part L_0x559a5272bba0, 7, 1;
L_0x559a52729b40 .functor MUXZ 1, L_0x7f053997cd98, L_0x559a5272aa70, L_0x559a527091a0, C4<>;
L_0x559a52729cd0 .functor MUXZ 1, L_0x7f053997cde0, v0x559a52683660_0, L_0x559a5272e520, C4<>;
L_0x559a52729e10 .part v0x559a52681ee0_0, 0, 1;
L_0x559a52729eb0 .functor MUXZ 1, L_0x7f053997ce28, L_0x559a52729e10, L_0x559a5272e520, C4<>;
L_0x559a52729ff0 .part v0x559a52681ee0_0, 1, 1;
L_0x559a5272a090 .functor MUXZ 1, L_0x7f053997ce70, L_0x559a52729ff0, L_0x559a5272e520, C4<>;
L_0x559a5272a180 .part v0x559a52681ee0_0, 2, 1;
L_0x559a5272a220 .functor MUXZ 1, L_0x7f053997ceb8, L_0x559a5272a180, L_0x559a5272e520, C4<>;
L_0x559a5272a360 .part v0x559a52681ee0_0, 3, 1;
L_0x559a5272a400 .functor MUXZ 1, L_0x7f053997cf00, L_0x559a5272a360, L_0x559a5272e520, C4<>;
L_0x559a5272a540 .part v0x559a52681ee0_0, 4, 1;
L_0x559a5272a5e0 .functor MUXZ 1, L_0x7f053997cf48, L_0x559a5272a540, L_0x559a5272e520, C4<>;
L_0x559a5272a720 .part v0x559a52681ee0_0, 5, 1;
L_0x559a5272a7c0 .functor MUXZ 1, L_0x7f053997cf90, L_0x559a5272a720, L_0x559a5272e520, C4<>;
LS_0x559a5272bba0_0_0 .concat8 [ 1 1 1 1], L_0x559a52729cd0, L_0x559a52729eb0, L_0x559a5272a090, L_0x559a5272a220;
LS_0x559a5272bba0_0_4 .concat8 [ 1 1 1 1], L_0x559a5272a400, L_0x559a5272a5e0, L_0x559a5272a7c0, L_0x559a5272ac20;
L_0x559a5272bba0 .concat8 [ 4 4 0 0], LS_0x559a5272bba0_0_0, LS_0x559a5272bba0_0_4;
L_0x559a5272bec0 .part v0x559a52681ee0_0, 6, 1;
L_0x559a5272ac20 .functor MUXZ 1, L_0x7f053997cfd8, L_0x559a5272bec0, L_0x559a5272e520, C4<>;
L_0x559a5272adb0 .part L_0x559a52743fc0, 0, 1;
L_0x559a5272ae50 .functor MUXZ 1, L_0x7f053997d020, L_0x559a5272adb0, L_0x559a5272e660, C4<>;
L_0x559a5272af90 .part L_0x559a52744f70, 1, 1;
L_0x559a5272b030 .functor MUXZ 1, L_0x7f053997d068, L_0x559a5272af90, L_0x559a5272e660, C4<>;
L_0x559a5272b170 .part L_0x559a52744f70, 2, 1;
L_0x559a5272b260 .functor MUXZ 1, L_0x7f053997d0b0, L_0x559a5272b170, L_0x559a5272e660, C4<>;
L_0x559a5272b3a0 .concat8 [ 1 1 1 1], L_0x559a5272ae50, L_0x559a5272b030, L_0x559a5272b260, L_0x559a5272b5d0;
L_0x559a5272b530 .part L_0x559a52744f70, 3, 1;
L_0x559a5272b5d0 .functor MUXZ 1, L_0x7f053997d0f8, L_0x559a5272b530, L_0x559a5272e660, C4<>;
L_0x559a5272b760 .functor MUXZ 1, L_0x7f053997d188, L_0x7f053997d140, L_0x559a5272e660, C4<>;
L_0x559a5272b8a0 .functor MUXZ 1, L_0x7f053997d218, L_0x7f053997d1d0, L_0x559a5272e660, C4<>;
L_0x559a5272cda0 .part L_0x559a5272b3a0, 0, 1;
L_0x559a5272ce90 .part L_0x559a52759790, 0, 1;
L_0x559a5272bf60 .functor MUXZ 1, L_0x559a5272ce90, L_0x559a5272cda0, L_0x559a5271fd30, C4<>;
L_0x559a5272c0a0 .part L_0x559a5272b3a0, 1, 1;
L_0x559a5272c140 .part L_0x559a52759790, 1, 1;
L_0x559a5272c230 .functor MUXZ 1, L_0x559a5272c140, L_0x559a5272c0a0, L_0x559a5271fd30, C4<>;
L_0x559a5272c370 .part L_0x559a5272b3a0, 2, 1;
L_0x559a5272c410 .part L_0x559a52759790, 1, 1;
L_0x559a5272c4b0 .functor MUXZ 1, L_0x559a5272c410, L_0x559a5272c370, L_0x559a5271fd30, C4<>;
L_0x559a5272c5a0 .concat8 [ 1 1 1 1], L_0x559a5272bf60, L_0x559a5272c230, L_0x559a5272c4b0, L_0x559a5272c870;
L_0x559a5272c730 .part L_0x559a5272b3a0, 3, 1;
L_0x559a5272c7d0 .part L_0x559a52759790, 1, 1;
L_0x559a5272c870 .functor MUXZ 1, L_0x559a5272c7d0, L_0x559a5272c730, L_0x559a5271fd30, C4<>;
L_0x559a5272c9b0 .part L_0x559a52743fc0, 0, 1;
L_0x559a5272caa0 .part v0x559a52692cc0_0, 0, 1;
L_0x559a5272cb40 .functor MUXZ 1, L_0x559a5272caa0, L_0x559a5272c9b0, L_0x559a5272e520, C4<>;
L_0x559a5272cc80 .part L_0x559a52744f70, 1, 1;
L_0x559a5272ddf0 .part v0x559a52692cc0_0, 1, 1;
L_0x559a5272cf30 .functor MUXZ 1, L_0x559a5272ddf0, L_0x559a5272cc80, L_0x559a5272e520, C4<>;
L_0x559a5272d020 .part L_0x559a52744f70, 2, 1;
L_0x559a5272d0c0 .part v0x559a52692cc0_0, 2, 1;
L_0x559a5272d160 .functor MUXZ 1, L_0x559a5272d0c0, L_0x559a5272d020, L_0x559a5272e520, C4<>;
L_0x559a5272d2a0 .concat8 [ 1 1 1 1], L_0x559a5272cb40, L_0x559a5272cf30, L_0x559a5272d160, L_0x559a5272d570;
L_0x559a5272d430 .part L_0x559a52744f70, 3, 1;
L_0x559a5272d4d0 .part v0x559a52692cc0_0, 3, 1;
L_0x559a5272d570 .functor MUXZ 1, L_0x559a5272d4d0, L_0x559a5272d430, L_0x559a5272e520, C4<>;
L_0x559a5272d700 .part L_0x559a5272d2a0, 0, 1;
L_0x559a5272d7f0 .functor MUXZ 1, L_0x7f053997d260, L_0x559a5272d700, L_0x559a5270b340, C4<>;
L_0x559a5272d930 .part L_0x559a5272d2a0, 1, 1;
L_0x559a5272d9d0 .functor MUXZ 1, L_0x7f053997d2a8, L_0x559a5272d930, L_0x559a5270b340, C4<>;
L_0x559a5272db10 .part L_0x559a5272d2a0, 2, 1;
L_0x559a5272dc40 .functor MUXZ 1, L_0x7f053997d2f0, L_0x559a5272db10, L_0x559a5270b340, C4<>;
L_0x559a5272dd30 .concat8 [ 1 1 1 1], L_0x559a5272d7f0, L_0x559a5272d9d0, L_0x559a5272dc40, L_0x559a5272de90;
L_0x559a5272ee70 .part L_0x559a5272d2a0, 3, 1;
L_0x559a5272de90 .functor MUXZ 1, L_0x7f053997d338, L_0x559a5272ee70, L_0x559a5270b340, C4<>;
L_0x559a5272e020 .part v0x559a52689630_0, 7, 1;
L_0x559a5272e0c0 .functor MUXZ 1, L_0x7f053997d380, L_0x559a5272e020, L_0x559a5272e660, C4<>;
L_0x559a5272e200 .part v0x559a52687ad0_0, 7, 1;
L_0x559a5272e2a0 .functor MUXZ 1, L_0x7f053997d3c8, L_0x559a5272e200, L_0x559a5272e660, C4<>;
L_0x559a5272e3e0 .functor MUXZ 1, L_0x559a5272e2a0, L_0x559a5272e0c0, L_0x559a5271fd30, C4<>;
L_0x559a5272e520 .functor MUXZ 1, L_0x559a526f1bd0, L_0x559a526f1c90, v0x559a526903b0_0, C4<>;
L_0x559a5272e660 .functor MUXZ 1, L_0x559a526f1c90, L_0x559a526f1bd0, v0x559a526903b0_0, C4<>;
L_0x559a5272e750 .part v0x559a5267bf10_0, 0, 1;
L_0x559a5272e900 .part v0x559a5267ccc0_0, 0, 1;
L_0x559a5272eab0 .part v0x559a5267da70_0, 0, 1;
L_0x559a5272ec60 .part v0x559a5267e820_0, 0, 1;
L_0x559a52723840 .part v0x559a5267f670_0, 0, 1;
L_0x559a527239f0 .part v0x559a5267f5d0_0, 0, 1;
L_0x559a52723ba0 .part v0x559a52680380_0, 0, 1;
L_0x559a52723d50 .part v0x559a52681130_0, 0, 1;
L_0x559a52723f00 .part v0x559a5267bf10_0, 1, 1;
L_0x559a52724100 .part v0x559a5267ccc0_0, 1, 1;
L_0x559a52730460 .part v0x559a5267da70_0, 1, 1;
L_0x559a527306a0 .part v0x559a5267e820_0, 1, 1;
L_0x559a5272efa0 .part v0x559a5267f670_0, 1, 1;
L_0x559a5272f170 .part v0x559a5267f5d0_0, 1, 1;
L_0x559a5272f3b0 .part v0x559a52680380_0, 1, 1;
L_0x559a5272f5f0 .part v0x559a52681130_0, 1, 1;
L_0x559a5272f830 .part v0x559a5267bf10_0, 2, 1;
L_0x559a5272fa10 .part v0x559a5267ccc0_0, 2, 1;
L_0x559a5272fbc0 .part v0x559a5267da70_0, 2, 1;
L_0x559a5272fd70 .part v0x559a5267e820_0, 2, 1;
L_0x559a5272ff20 .part v0x559a5267f670_0, 2, 1;
L_0x559a527300d0 .part v0x559a5267f5d0_0, 2, 1;
L_0x559a52730280 .part v0x559a52680380_0, 2, 1;
L_0x559a52731370 .part v0x559a52681130_0, 2, 1;
L_0x559a52731fe0 .part v0x559a5267bf10_0, 3, 1;
L_0x559a527320f0 .part v0x559a5267ccc0_0, 3, 1;
L_0x559a52732250 .part v0x559a5267da70_0, 3, 1;
L_0x559a52730a10 .part v0x559a5267e820_0, 3, 1;
L_0x559a52730c00 .part v0x559a5267f670_0, 3, 1;
L_0x559a52730df0 .part v0x559a5267f5d0_0, 3, 1;
L_0x559a52730fe0 .part v0x559a52680380_0, 3, 1;
L_0x559a527311d0 .part v0x559a52681130_0, 3, 1;
L_0x559a52731520 .part v0x559a5267bf10_0, 4, 1;
L_0x559a527316d0 .part v0x559a5267ccc0_0, 4, 1;
L_0x559a52731880 .part v0x559a5267da70_0, 4, 1;
L_0x559a52731a30 .part v0x559a5267e820_0, 4, 1;
L_0x559a52731be0 .part v0x559a5267f670_0, 4, 1;
L_0x559a52731d90 .part v0x559a5267f5d0_0, 4, 1;
L_0x559a52731f40 .part v0x559a52680380_0, 4, 1;
L_0x559a52732f30 .part v0x559a52681130_0, 4, 1;
L_0x559a52733c20 .part v0x559a5267bf10_0, 5, 1;
L_0x559a52732400 .part v0x559a5267ccc0_0, 5, 1;
L_0x559a52732650 .part v0x559a5267da70_0, 5, 1;
L_0x559a52732910 .part v0x559a5267e820_0, 5, 1;
L_0x559a52732ac0 .part v0x559a5267f670_0, 5, 1;
L_0x559a52732d80 .part v0x559a5267f5d0_0, 5, 1;
L_0x559a52733240 .part v0x559a52680380_0, 5, 1;
L_0x559a52733500 .part v0x559a52681130_0, 5, 1;
L_0x559a527337c0 .part v0x559a5267bf10_0, 6, 1;
L_0x559a52733970 .part v0x559a5267ccc0_0, 6, 1;
L_0x559a52733b20 .part v0x559a5267da70_0, 6, 1;
L_0x559a52734a20 .part v0x559a5267e820_0, 6, 1;
L_0x559a52735770 .part v0x559a5267f670_0, 6, 1;
L_0x559a527358d0 .part v0x559a5267f5d0_0, 6, 1;
L_0x559a52733e40 .part v0x559a52680380_0, 6, 1;
L_0x559a52733ff0 .part v0x559a52681130_0, 6, 1;
L_0x559a52734090 .part v0x559a5267bf10_0, 7, 1;
L_0x559a527342e0 .part v0x559a5267ccc0_0, 7, 1;
L_0x559a52734530 .part v0x559a5267da70_0, 7, 1;
L_0x559a52734780 .part v0x559a5267e820_0, 7, 1;
L_0x559a52734bd0 .part v0x559a5267f670_0, 7, 1;
L_0x559a52734e20 .part v0x559a5267f5d0_0, 7, 1;
L_0x559a52735070 .part v0x559a52680380_0, 7, 1;
L_0x559a527352c0 .part v0x559a52681130_0, 7, 1;
L_0x559a52735510 .part L_0x559a52743760, 0, 1;
L_0x559a527356c0 .part L_0x559a52758e30, 0, 1;
L_0x559a527373a0 .part L_0x559a527591a0, 2, 1;
L_0x559a52737550 .part L_0x559a527591a0, 0, 1;
L_0x559a52735a30 .part L_0x559a52743760, 1, 1;
L_0x559a52735be0 .part L_0x559a527591a0, 0, 1;
L_0x559a52735e30 .part L_0x559a527591a0, 2, 1;
L_0x559a52735f90 .part L_0x559a527593d0, 0, 1;
L_0x559a527360f0 .part v0x559a5267bf10_0, 0, 1;
L_0x559a527362a0 .part v0x559a5267ccc0_0, 0, 1;
L_0x559a52736400 .part v0x559a5267da70_0, 0, 1;
L_0x559a52736560 .part v0x559a5267e820_0, 0, 1;
L_0x559a527367e0 .part v0x559a5267f670_0, 0, 1;
L_0x559a52736940 .part v0x559a5267f5d0_0, 0, 1;
L_0x559a52736aa0 .part v0x559a52680380_0, 0, 1;
L_0x559a52736c90 .part v0x559a52681130_0, 0, 1;
L_0x559a52736e80 .part v0x559a5267bf10_0, 1, 1;
L_0x559a52736fe0 .part v0x559a5267ccc0_0, 1, 1;
L_0x559a52737190 .part v0x559a5267da70_0, 1, 1;
L_0x559a52738390 .part v0x559a5267e820_0, 1, 1;
L_0x559a527391e0 .part v0x559a5267f670_0, 1, 1;
L_0x559a527392f0 .part v0x559a5267f5d0_0, 1, 1;
L_0x559a52737700 .part v0x559a52680380_0, 1, 1;
L_0x559a527378b0 .part v0x559a52681130_0, 1, 1;
L_0x559a52737a60 .part v0x559a5267bf10_0, 2, 1;
L_0x559a52737c10 .part v0x559a5267ccc0_0, 2, 1;
L_0x559a52737dc0 .part v0x559a5267da70_0, 2, 1;
L_0x559a52737f70 .part v0x559a5267e820_0, 2, 1;
L_0x559a52738120 .part v0x559a5267f670_0, 2, 1;
L_0x559a527382d0 .part v0x559a5267f5d0_0, 2, 1;
L_0x559a52738650 .part v0x559a52680380_0, 2, 1;
L_0x559a52738800 .part v0x559a52681130_0, 2, 1;
L_0x559a527389b0 .part v0x559a5267bf10_0, 3, 1;
L_0x559a52738b60 .part v0x559a5267ccc0_0, 3, 1;
L_0x559a52738d10 .part v0x559a5267da70_0, 3, 1;
L_0x559a52738ec0 .part v0x559a5267e820_0, 3, 1;
L_0x559a52739070 .part v0x559a5267f670_0, 3, 1;
L_0x559a5273a1c0 .part v0x559a5267f5d0_0, 3, 1;
L_0x559a5273b0a0 .part v0x559a52680380_0, 3, 1;
L_0x559a5273b1b0 .part v0x559a52681130_0, 3, 1;
L_0x559a5273b2c0 .part v0x559a5267bf10_0, 4, 1;
L_0x559a527395b0 .part v0x559a5267ccc0_0, 4, 1;
L_0x559a52739870 .part v0x559a5267da70_0, 4, 1;
L_0x559a52739b30 .part v0x559a5267e820_0, 4, 1;
L_0x559a52739df0 .part v0x559a5267f670_0, 4, 1;
L_0x559a5273a0b0 .part v0x559a5267f5d0_0, 4, 1;
L_0x559a5273a4d0 .part v0x559a52680380_0, 4, 1;
L_0x559a5273a790 .part v0x559a52681130_0, 4, 1;
L_0x559a5273aa50 .part v0x559a5267bf10_0, 5, 1;
L_0x559a5273ac00 .part v0x559a5267ccc0_0, 5, 1;
L_0x559a5273adb0 .part v0x559a5267da70_0, 5, 1;
L_0x559a5273af60 .part v0x559a5267e820_0, 5, 1;
L_0x559a5273cfa0 .part v0x559a5267f670_0, 5, 1;
L_0x559a5273d100 .part v0x559a5267f5d0_0, 5, 1;
L_0x559a5273d2b0 .part v0x559a52680380_0, 5, 1;
L_0x559a5273b420 .part v0x559a52681130_0, 5, 1;
L_0x559a5273b5d0 .part v0x559a5267bf10_0, 6, 1;
L_0x559a5273b780 .part v0x559a5267ccc0_0, 6, 1;
L_0x559a5273b930 .part v0x559a5267da70_0, 6, 1;
L_0x559a5273bae0 .part v0x559a5267e820_0, 6, 1;
L_0x559a5273bc90 .part v0x559a5267f670_0, 6, 1;
L_0x559a5273be40 .part v0x559a5267f5d0_0, 6, 1;
L_0x559a5273bff0 .part v0x559a52680380_0, 6, 1;
L_0x559a5273c200 .part v0x559a52681130_0, 6, 1;
L_0x559a5273c3b0 .part v0x559a5267bf10_0, 7, 1;
L_0x559a5273c770 .part v0x559a5267ccc0_0, 7, 1;
L_0x559a5273cb30 .part v0x559a5267da70_0, 7, 1;
L_0x559a5273cef0 .part v0x559a5267e820_0, 7, 1;
L_0x559a5273f360 .part v0x559a5267f670_0, 7, 1;
L_0x559a5273d6e0 .part v0x559a5267f5d0_0, 7, 1;
L_0x559a5273f400 .part v0x559a52680380_0, 7, 1;
L_0x559a5273ddc0 .part v0x559a52681130_0, 7, 1;
L_0x559a5273e070 .part L_0x559a5272c5a0, 0, 1;
L_0x559a5273e590 .part L_0x559a5272d2a0, 0, 1;
L_0x559a5273e740 .concat8 [ 1 1 0 0], L_0x559a5271dfe0, L_0x559a5273e920;
L_0x559a5273e830 .part L_0x559a5272dd30, 0, 1;
L_0x559a5273ea30 .part L_0x559a5272c5a0, 1, 1;
L_0x559a5273ebe0 .part L_0x559a5272d2a0, 1, 1;
L_0x559a5273ed90 .concat8 [ 1 1 0 0], L_0x559a5271e2a0, L_0x559a5273ef20;
L_0x559a5273ee80 .part L_0x559a5272dd30, 1, 1;
L_0x559a5273f030 .part L_0x559a5272c5a0, 2, 1;
L_0x559a5273f190 .part L_0x559a5272d2a0, 2, 1;
L_0x559a52740320 .concat8 [ 1 1 0 0], L_0x559a5271ee70, L_0x559a527404b0;
L_0x559a52740410 .part L_0x559a5272dd30, 2, 1;
L_0x559a52740570 .part L_0x559a5272c5a0, 3, 1;
L_0x559a527415b0 .part L_0x559a5272d2a0, 3, 1;
L_0x559a5273f4a0 .concat8 [ 1 1 0 0], L_0x559a5271e520, L_0x559a5273f630;
L_0x559a5273f590 .part L_0x559a5272dd30, 3, 1;
L_0x559a5273f980 .functor MUXZ 1, L_0x7f053997d410, L_0x559a5270dab0, L_0x559a527215b0, C4<>;
L_0x559a5273fb10 .functor MUXZ 1, L_0x7f053997d458, L_0x559a5270e120, L_0x559a527215b0, C4<>;
L_0x559a5273fc00 .functor MUXZ 1, L_0x7f053997d4a0, L_0x559a5270eea0, L_0x559a527215b0, C4<>;
L_0x559a5273fcf0 .functor MUXZ 1, L_0x7f053997d4e8, L_0x559a5270fca0, L_0x559a527215b0, C4<>;
L_0x559a5273fe30 .functor MUXZ 1, L_0x7f053997d530, L_0x559a52711060, L_0x559a527215b0, C4<>;
L_0x559a5273ff70 .functor MUXZ 1, L_0x7f053997d578, L_0x559a52711ca0, L_0x559a527215b0, C4<>;
L_0x559a527400b0 .functor MUXZ 1, L_0x7f053997d5c0, L_0x559a52712ca0, L_0x559a527215b0, C4<>;
LS_0x559a527401f0_0_0 .concat8 [ 1 1 1 1], L_0x559a5273f980, L_0x559a5273fb10, L_0x559a5273fc00, L_0x559a5273fcf0;
LS_0x559a527401f0_0_4 .concat8 [ 1 1 1 1], L_0x559a5273fe30, L_0x559a5273ff70, L_0x559a527400b0, L_0x559a52740950;
L_0x559a527401f0 .concat8 [ 4 4 0 0], LS_0x559a527401f0_0_0, LS_0x559a527401f0_0_4;
L_0x559a52740950 .functor MUXZ 1, L_0x7f053997d608, L_0x559a527139c0, L_0x559a527215b0, C4<>;
L_0x559a52740ae0 .functor MUXZ 1, L_0x7f053997d650, L_0x559a52715dc0, L_0x559a52715a20, C4<>;
L_0x559a52740c70 .functor MUXZ 1, L_0x7f053997d698, L_0x559a52714c30, L_0x559a52715a20, C4<>;
L_0x559a52740db0 .concat8 [ 1 1 1 0], L_0x559a52740ae0, L_0x559a52740c70, L_0x559a52740ef0;
L_0x559a52740ef0 .functor MUXZ 1, L_0x7f053997d6e0, L_0x559a52716940, L_0x559a52715a20, C4<>;
L_0x559a52741030 .functor MUXZ 1, L_0x7f053997d728, L_0x559a52718500, L_0x559a527177f0, C4<>;
L_0x559a527411c0 .functor MUXZ 1, L_0x7f053997d770, L_0x559a52719270, L_0x559a527177f0, C4<>;
L_0x559a52741300 .functor MUXZ 1, L_0x7f053997d7b8, L_0x559a527197d0, L_0x559a527177f0, C4<>;
L_0x559a527413f0 .functor MUXZ 1, L_0x7f053997d800, L_0x559a5271ac30, L_0x559a527177f0, C4<>;
L_0x559a52741710 .functor MUXZ 1, L_0x7f053997d848, L_0x559a5271a150, L_0x559a527177f0, C4<>;
L_0x559a52741850 .functor MUXZ 1, L_0x7f053997d890, L_0x559a5271b4e0, L_0x559a527177f0, C4<>;
L_0x559a52741990 .functor MUXZ 1, L_0x7f053997d8d8, L_0x559a5271c850, L_0x559a527177f0, C4<>;
LS_0x559a52741ad0_0_0 .concat8 [ 1 1 1 1], L_0x559a52741030, L_0x559a527411c0, L_0x559a52741300, L_0x559a527413f0;
LS_0x559a52741ad0_0_4 .concat8 [ 1 1 1 1], L_0x559a52741710, L_0x559a52741850, L_0x559a52741990, L_0x559a52741df0;
L_0x559a52741ad0 .concat8 [ 4 4 0 0], LS_0x559a52741ad0_0_0, LS_0x559a52741ad0_0_4;
L_0x559a52741df0 .functor MUXZ 1, L_0x7f053997d920, L_0x559a5271d7f0, L_0x559a527177f0, C4<>;
L_0x559a52741f80 .functor MUXZ 1, L_0x7f053997d968, L_0x559a5271e190, L_0x559a5271df70, C4<>;
L_0x559a52742110 .functor MUXZ 1, L_0x7f053997d9b0, L_0x559a5271edb0, L_0x559a5271df70, C4<>;
L_0x559a52742250 .functor MUXZ 1, L_0x7f053997d9f8, L_0x559a5271f070, L_0x559a5271df70, C4<>;
L_0x559a52742340 .concat8 [ 1 1 1 1], L_0x559a52741f80, L_0x559a52742110, L_0x559a52742250, L_0x559a527424d0;
L_0x559a527424d0 .functor MUXZ 1, L_0x7f053997da40, L_0x559a5271e750, L_0x559a5271df70, C4<>;
L_0x559a52742660 .functor MUXZ 1, L_0x7f053997da88, L_0x559a527219e0, L_0x559a52720720, C4<>;
L_0x559a527427a0 .functor MUXZ 1, L_0x7f053997dad0, L_0x559a52721970, L_0x559a52720720, C4<>;
L_0x559a52742890 .functor MUXZ 1, L_0x7f053997db18, L_0x559a52721900, L_0x559a52720720, C4<>;
L_0x559a52742930 .functor MUXZ 1, L_0x7f053997db60, L_0x559a52721a50, L_0x559a52720720, C4<>;
L_0x559a52742a20 .functor MUXZ 1, L_0x7f053997dba8, L_0x559a52721890, L_0x559a52720720, C4<>;
LS_0x559a52744f70_0_0 .concat8 [ 1 1 1 1], L_0x559a52743a20, L_0x559a526f0b70, L_0x559a526f09d0, L_0x559a526f1140;
LS_0x559a52744f70_0_4 .concat8 [ 28 0 0 0], L_0x559a52745060;
L_0x559a52744f70 .concat8 [ 4 28 0 0], LS_0x559a52744f70_0_0, LS_0x559a52744f70_0_4;
L_0x559a52745060 .part L_0x559a52743c50, 1, 28;
L_0x559a52743a20 .part L_0x559a52743c50, 0, 1;
L_0x559a52743b10 .part L_0x559a5275b350, 3, 1;
L_0x559a52743bb0 .part L_0x559a52743fc0, 0, 1;
L_0x559a52743c50 .concat [ 1 1 27 0], L_0x559a52743bb0, L_0x559a52743b10, L_0x7f053997dbf0;
L_0x559a52743d90 .concat8 [ 1 1 0 0], L_0x559a52715ed0, L_0x559a52743ed0;
L_0x559a52743ed0 .part L_0x559a52715f40, 1, 1;
L_0x559a52743fc0 .concat8 [ 1 31 0 0], L_0x559a526ef440, L_0x559a52744100;
L_0x559a52744060 .part v0x559a52692cc0_0, 1, 3;
L_0x559a52744100 .concat [ 3 28 0 0], L_0x559a52744060, L_0x7f053997dc38;
L_0x559a52744290 .concat8 [ 1 1 0 0], L_0x559a526f8970, L_0x559a527443d0;
L_0x559a527443d0 .part L_0x559a526f9cd0, 1, 1;
L_0x559a527444c0 .concat8 [ 1 1 0 0], L_0x559a52744600, L_0x559a52716040;
L_0x559a52744600 .part L_0x559a5271dca0, 1, 1;
L_0x559a527446f0 .concat8 [ 1 1 0 0], L_0x559a527145d0, L_0x559a52744830;
L_0x559a52744830 .part L_0x559a527146e0, 1, 1;
L_0x559a52744920 .concat8 [ 1 2 0 0], L_0x559a5271e9a0, L_0x559a52744a10;
L_0x559a52744a10 .part L_0x559a526f9170, 1, 2;
L_0x559a52744b00 .concat8 [ 1 1 0 0], L_0x559a526f5660, L_0x559a52744c40;
L_0x559a52744c40 .part L_0x559a527146e0, 1, 1;
L_0x559a52744d30 .concat8 [ 1 1 0 0], L_0x559a5271ecd0, L_0x559a52744e70;
L_0x559a52744e70 .part L_0x559a526f9cd0, 1, 1;
L_0x559a52745150 .concat8 [ 1 1 0 0], L_0x559a526f7e60, L_0x559a52745290;
L_0x559a52745290 .part L_0x559a526f9cd0, 1, 1;
L_0x559a52745380 .concat8 [ 1 1 0 0], L_0x559a526f4760, L_0x559a527454c0;
L_0x559a527454c0 .part L_0x559a527146e0, 1, 1;
L_0x559a527455b0 .concat8 [ 1 2 0 0], L_0x559a526fc2e0, L_0x559a527456a0;
L_0x559a527456a0 .part L_0x559a526f9170, 1, 2;
L_0x559a52745790 .part L_0x559a527459c0, 1, 28;
L_0x559a52745830 .part L_0x559a527459c0, 0, 1;
L_0x559a52745920 .part v0x559a52692cc0_0, 0, 1;
L_0x559a527459c0 .concat [ 1 28 0 0], L_0x559a52745920, L_0x7f053997dc80;
L_0x559a52745b00 .concat8 [ 1 1 0 0], L_0x559a526f3e20, L_0x559a52745c40;
L_0x559a52745c40 .part L_0x559a527146e0, 1, 1;
L_0x559a52745d30 .concat8 [ 1 1 2 0], L_0x559a526f38f0, L_0x559a52714820, L_0x559a52745e70;
L_0x559a52745e70 .part L_0x559a527151d0, 2, 2;
L_0x559a52745f60 .concat8 [ 1 1 0 0], L_0x559a526f72d0, L_0x559a527460a0;
L_0x559a527460a0 .part L_0x559a526f9cd0, 1, 1;
L_0x559a52746190 .concat8 [ 1 1 0 0], L_0x559a526f3330, L_0x559a527462d0;
L_0x559a527462d0 .part L_0x559a527146e0, 1, 1;
L_0x559a527463c0 .concat8 [ 1 3 0 0], L_0x559a52713d20, L_0x559a527464b0;
L_0x559a527464b0 .part L_0x559a527151d0, 1, 3;
L_0x559a527465a0 .concat8 [ 1 2 0 0], L_0x559a526fac80, L_0x559a52757d70;
L_0x559a52757d70 .part L_0x559a526f9170, 1, 2;
L_0x559a52757e10 .concat8 [ 1 1 0 0], L_0x559a526f28f0, L_0x559a527566c0;
L_0x559a527566c0 .part L_0x559a527146e0, 1, 1;
L_0x559a52756970 .concat8 [ 1 3 0 0], L_0x559a526f5070, L_0x559a52756a60;
L_0x559a52756a60 .part L_0x559a527151d0, 1, 3;
L_0x559a52756b50 .concat8 [ 1 1 0 0], L_0x559a526fc7e0, L_0x559a52756c90;
L_0x559a52756c90 .part L_0x559a526f9cd0, 1, 1;
L_0x559a52756d80 .concat8 [ 1 1 0 0], L_0x559a5270b970, L_0x559a52756ec0;
L_0x559a52756ec0 .part L_0x559a527146e0, 1, 1;
L_0x559a52756fb0 .concat8 [ 1 1 0 0], L_0x559a527570f0, L_0x559a5271f740;
L_0x559a527570f0 .part L_0x559a5270a320, 0, 1;
L_0x559a527571e0 .concat8 [ 1 1 0 0], L_0x559a526fb8d0, L_0x559a52757320;
L_0x559a52757320 .part L_0x559a526f9cd0, 1, 1;
L_0x559a52757620 .concat8 [ 1 1 0 0], L_0x559a5271fc30, L_0x559a52757760;
L_0x559a52757820 .concat8 [ 1 1 0 0], L_0x559a52757960, L_0x559a52709210;
L_0x559a52757a20 .concat8 [ 1 1 0 0], L_0x559a52721bd0, L_0x559a52757ac0;
L_0x559a52757b80 .concat8 [ 1 1 0 0], L_0x559a52757cc0, L_0x559a527057d0;
L_0x559a52757cc0 .part L_0x559a52705270, 1, 1;
L_0x559a52742bb0 .concat8 [ 1 1 0 0], L_0x559a526f99c0, L_0x559a52742cf0;
L_0x559a52742cf0 .part L_0x559a526f9cd0, 1, 1;
L_0x559a52742de0 .concat8 [ 1 1 0 0], L_0x559a52704760, L_0x559a52742f20;
L_0x559a52742f20 .part L_0x559a52705270, 1, 1;
L_0x559a52743010 .concat8 [ 1 1 1 0], L_0x559a527431f0, L_0x559a526fb100, L_0x559a52743100;
L_0x559a52743100 .part L_0x559a52743470, 1, 1;
L_0x559a527431f0 .part L_0x559a52743470, 0, 1;
L_0x559a52743330 .part L_0x559a526f9170, 2, 1;
L_0x559a527433d0 .part L_0x559a526f9170, 0, 1;
L_0x559a52743470 .concat [ 1 1 0 0], L_0x559a527433d0, L_0x559a52743330;
L_0x559a527435b0 .concat8 [ 1 1 0 0], L_0x559a527436a0, L_0x559a52721c40;
L_0x559a52743760 .concat8 [ 1 1 1 0], L_0x559a527227d0, L_0x559a527229b0, L_0x559a527438a0;
L_0x559a527438a0 .part L_0x559a52743760, 1, 1;
L_0x559a52758e30 .concat8 [ 1 2 0 0], L_0x559a52722390, L_0x559a52759010;
L_0x559a52758ed0 .part L_0x559a527591a0, 0, 1;
L_0x559a52758f70 .part L_0x559a527591a0, 2, 1;
L_0x559a52759010 .concat [ 1 1 0 0], L_0x559a52758f70, L_0x559a52758ed0;
L_0x559a527591a0 .concat8 [ 1 1 1 0], L_0x559a527221b0, L_0x559a527592e0, L_0x559a52722510;
L_0x559a527592e0 .part L_0x559a527591a0, 0, 1;
L_0x559a527593d0 .concat8 [ 1 2 0 0], L_0x559a52721f20, L_0x559a52759650;
L_0x559a52759510 .part L_0x559a527593d0, 0, 1;
L_0x559a527595b0 .part L_0x559a527593d0, 0, 1;
L_0x559a52759650 .concat [ 1 1 0 0], L_0x559a527595b0, L_0x559a52759510;
L_0x559a52759790 .concat8 [ 1 1 2 0], L_0x559a5272b760, L_0x559a5272b8a0, L_0x559a52759a10;
L_0x559a527598d0 .part L_0x559a52759790, 1, 1;
L_0x559a52759970 .part L_0x559a52759790, 1, 1;
L_0x559a52759a10 .concat [ 1 1 0 0], L_0x559a52759970, L_0x559a527598d0;
LS_0x559a52759ba0_0_0 .concat8 [ 1 1 1 1], L_0x559a52759ec0, L_0x559a52722e30, L_0x559a52723060, L_0x559a52723280;
LS_0x559a52759ba0_0_4 .concat8 [ 1 1 1 1], L_0x559a527234f0, L_0x559a52724c90, L_0x559a52724290, L_0x559a52724580;
L_0x559a52759ba0 .concat8 [ 4 4 0 0], LS_0x559a52759ba0_0_0, LS_0x559a52759ba0_0_4;
L_0x559a52759ec0 .part L_0x559a52759790, 1, 1;
LS_0x559a52759fb0_0_0 .concat8 [ 1 1 1 1], L_0x559a5275a3e0, L_0x559a52724760, L_0x559a52724990, L_0x559a52724b70;
LS_0x559a52759fb0_0_4 .concat8 [ 1 1 1 1], L_0x559a527258d0, L_0x559a52724e20, L_0x559a52725000, L_0x559a527251e0;
L_0x559a52759fb0 .concat8 [ 4 4 0 0], LS_0x559a52759fb0_0_0, LS_0x559a52759fb0_0_4;
L_0x559a5275a3e0 .part L_0x559a52759790, 1, 1;
LS_0x559a5275bd70_0_0 .concat8 [ 1 1 1 1], L_0x559a5275a520, L_0x559a52725460, L_0x559a527264d0, L_0x559a52725b00;
LS_0x559a5275bd70_0_4 .concat8 [ 1 1 1 1], L_0x559a52725e50, L_0x559a52726030, L_0x559a527262b0, L_0x559a52726570;
L_0x559a5275bd70 .concat8 [ 4 4 0 0], LS_0x559a5275bd70_0_0, LS_0x559a5275bd70_0_4;
L_0x559a5275a520 .part L_0x559a52759790, 1, 1;
LS_0x559a5275a5c0_0_0 .concat8 [ 1 1 1 1], L_0x559a52727ba0, L_0x559a52728b80, L_0x559a52727ff0, L_0x559a52728180;
LS_0x559a5275a5c0_0_4 .concat8 [ 1 1 1 1], L_0x559a52728360, L_0x559a52728540, L_0x559a52728830, L_0x559a5275a9a0;
L_0x559a5275a5c0 .concat8 [ 4 4 0 0], LS_0x559a5275a5c0_0_0, LS_0x559a5275a5c0_0_4;
L_0x559a5275a9a0 .part L_0x559a52758e30, 0, 1;
L_0x559a5275aa90 .part L_0x559a5275b530, 5, 1;
L_0x559a5275ab30 .part L_0x559a5275b530, 5, 1;
L_0x559a5275abd0 .concat [ 1 1 0 0], L_0x559a5275ab30, L_0x559a5275aa90;
LS_0x559a5275ad10_0_0 .concat8 [ 1 1 1 1], v0x559a52621680_0, v0x559a524dea10_0, v0x559a524df920_0, v0x559a52630050_0;
LS_0x559a5275ad10_0_4 .concat8 [ 1 1 1 1], v0x559a52695610_0, v0x559a52694820_0, v0x559a52693a70_0, L_0x7f053997dcc8;
L_0x559a5275ad10 .concat8 [ 4 4 0 0], LS_0x559a5275ad10_0_0, LS_0x559a5275ad10_0_4;
LS_0x559a5275b080_0_0 .concat8 [ 1 1 1 1], v0x559a526ed530_0, v0x559a526ed5f0_0, v0x559a526ed6b0_0, v0x559a526ed770_0;
LS_0x559a5275b080_0_4 .concat8 [ 1 3 0 0], v0x559a526ed830_0, L_0x7f053997dd10;
L_0x559a5275b080 .concat8 [ 4 4 0 0], LS_0x559a5275b080_0_0, LS_0x559a5275b080_0_4;
LS_0x559a5275b350_0_0 .concat [ 1 1 1 1], L_0x559a52745830, L_0x559a526f1780, L_0x559a526f1520, o0x7f05399d3478;
LS_0x559a5275b350_0_4 .concat [ 28 0 0 0], L_0x559a52745790;
L_0x559a5275b350 .concat [ 4 28 0 0], LS_0x559a5275b350_0_0, LS_0x559a5275b350_0_4;
LS_0x559a5275b530_0_0 .concat [ 1 1 1 1], L_0x559a52742660, L_0x559a527427a0, L_0x559a52742890, L_0x559a52742930;
LS_0x559a5275b530_0_4 .concat [ 1 1 2 0], L_0x559a52742a20, o0x7f05399d34a8, L_0x559a5275abd0;
L_0x559a5275b530 .concat [ 4 4 0 0], LS_0x559a5275b530_0_0, LS_0x559a5275b530_0_4;
S_0x559a526edb30 .scope task, "spi_xfer_byte" "spi_xfer_byte" 3 70, 3 70 0, S_0x559a524db730;
 .timescale -9 -9;
v0x559a526edcc0_0 .var/i "i", 31 0;
v0x559a526edda0_0 .var "rx", 7 0;
v0x559a526ede80_0 .var "tx", 7 0;
TD_tb_spi_slave.spi_xfer_byte ;
    %pushi/vec4 7, 0, 32;
    %store/vec4 v0x559a526edcc0_0, 0, 32;
T_1.8 ; Top of for-loop
    %load/vec4 v0x559a526edcc0_0;
    %cmpi/s 0, 0, 32;
    %flag_inv 5; GE is !LT
	  %jmp/0xz T_1.9, 5;
    %load/vec4 v0x559a526ee0e0_0;
    %pad/u 32;
    %cmpi/e 0, 0, 32;
    %jmp/0xz  T_1.11, 4;
    %load/vec4 v0x559a526ede80_0;
    %load/vec4 v0x559a526edcc0_0;
    %part/s 1;
    %store/vec4 v0x559a526ee750_0, 0, 1;
    %delay 10, 0;
    %load/vec4 v0x559a526ee180_0;
    %inv;
    %store/vec4 v0x559a526ee990_0, 0, 1;
    %load/vec4 v0x559a526ee460_0;
    %ix/getv/s 4, v0x559a526edcc0_0;
    %store/vec4 v0x559a526edda0_0, 4, 1;
    %delay 10, 0;
    %load/vec4 v0x559a526ee180_0;
    %store/vec4 v0x559a526ee990_0, 0, 1;
    %jmp T_1.12;
T_1.11 ;
    %load/vec4 v0x559a526ee180_0;
    %inv;
    %store/vec4 v0x559a526ee990_0, 0, 1;
    %load/vec4 v0x559a526ede80_0;
    %load/vec4 v0x559a526edcc0_0;
    %part/s 1;
    %store/vec4 v0x559a526ee750_0, 0, 1;
    %delay 10, 0;
    %load/vec4 v0x559a526ee180_0;
    %store/vec4 v0x559a526ee990_0, 0, 1;
    %load/vec4 v0x559a526ee460_0;
    %ix/getv/s 4, v0x559a526edcc0_0;
    %store/vec4 v0x559a526edda0_0, 4, 1;
    %delay 10, 0;
T_1.12 ;
T_1.10 ; for-loop step statement
    %load/vec4 v0x559a526edcc0_0;
    %subi 1, 0, 32;
    %store/vec4 v0x559a526edcc0_0, 0, 32;
    %jmp T_1.8;
T_1.9 ; for-loop exit label
    %end;
    .scope S_0x559a5253b280;
T_2 ;
    %wait E_0x559a522e79c0;
    %load/vec4 v0x559a526ed8f0_0;
    %nor/r;
    %flag_set/vec4 8;
    %jmp/0xz  T_2.0, 8;
    %pushi/vec4 0, 0, 1;
    %ix/load 5, 0, 0;
    %ix/load 4, 0, 0;
    %flag_set/imm 4, 0;
    %assign/vec4/off/d v0x559a5268a3e0_0, 4, 5;
    %jmp T_2.1;
T_2.0 ;
    %load/vec4 v0x559a5266d660_0;
    %parti/s 1, 0, 2;
    %ix/load 5, 0, 0;
    %ix/load 4, 0, 0;
    %flag_set/imm 4, 0;
    %assign/vec4/off/d v0x559a5268a3e0_0, 4, 5;
T_2.1 ;
    %jmp T_2;
    .thread T_2;
    .scope S_0x559a5253b280;
T_3 ;
    %wait E_0x559a522e79c0;
    %load/vec4 v0x559a526ed8f0_0;
    %nor/r;
    %flag_set/vec4 8;
    %jmp/0xz  T_3.0, 8;
    %pushi/vec4 0, 0, 1;
    %ix/load 5, 0, 0;
    %ix/load 4, 1, 0;
    %flag_set/imm 4, 0;
    %assign/vec4/off/d v0x559a5268a3e0_0, 4, 5;
    %jmp T_3.1;
T_3.0 ;
    %load/vec4 v0x559a5266d660_0;
    %parti/s 1, 1, 2;
    %ix/load 5, 0, 0;
    %ix/load 4, 1, 0;
    %flag_set/imm 4, 0;
    %assign/vec4/off/d v0x559a5268a3e0_0, 4, 5;
T_3.1 ;
    %jmp T_3;
    .thread T_3;
    .scope S_0x559a5253b280;
T_4 ;
    %wait E_0x559a522e79c0;
    %load/vec4 v0x559a526ed8f0_0;
    %nor/r;
    %flag_set/vec4 8;
    %jmp/0xz  T_4.0, 8;
    %pushi/vec4 0, 0, 1;
    %ix/load 5, 0, 0;
    %ix/load 4, 2, 0;
    %flag_set/imm 4, 0;
    %assign/vec4/off/d v0x559a5268a3e0_0, 4, 5;
    %jmp T_4.1;
T_4.0 ;
    %load/vec4 v0x559a5266d660_0;
    %parti/s 1, 2, 3;
    %ix/load 5, 0, 0;
    %ix/load 4, 2, 0;
    %flag_set/imm 4, 0;
    %assign/vec4/off/d v0x559a5268a3e0_0, 4, 5;
T_4.1 ;
    %jmp T_4;
    .thread T_4;
    .scope S_0x559a5253b280;
T_5 ;
    %wait E_0x559a522e79c0;
    %load/vec4 v0x559a526ed8f0_0;
    %nor/r;
    %flag_set/vec4 8;
    %jmp/0xz  T_5.0, 8;
    %pushi/vec4 0, 0, 1;
    %ix/load 5, 0, 0;
    %ix/load 4, 3, 0;
    %flag_set/imm 4, 0;
    %assign/vec4/off/d v0x559a5268a3e0_0, 4, 5;
    %jmp T_5.1;
T_5.0 ;
    %load/vec4 v0x559a5266d660_0;
    %parti/s 1, 3, 3;
    %ix/load 5, 0, 0;
    %ix/load 4, 3, 0;
    %flag_set/imm 4, 0;
    %assign/vec4/off/d v0x559a5268a3e0_0, 4, 5;
T_5.1 ;
    %jmp T_5;
    .thread T_5;
    .scope S_0x559a5253b280;
T_6 ;
    %wait E_0x559a522e79c0;
    %load/vec4 v0x559a526ed8f0_0;
    %nor/r;
    %flag_set/vec4 8;
    %jmp/0xz  T_6.0, 8;
    %pushi/vec4 0, 0, 1;
    %ix/load 5, 0, 0;
    %ix/load 4, 4, 0;
    %flag_set/imm 4, 0;
    %assign/vec4/off/d v0x559a5268a3e0_0, 4, 5;
    %jmp T_6.1;
T_6.0 ;
    %load/vec4 v0x559a5266d660_0;
    %parti/s 1, 4, 4;
    %ix/load 5, 0, 0;
    %ix/load 4, 4, 0;
    %flag_set/imm 4, 0;
    %assign/vec4/off/d v0x559a5268a3e0_0, 4, 5;
T_6.1 ;
    %jmp T_6;
    .thread T_6;
    .scope S_0x559a5253b280;
T_7 ;
    %wait E_0x559a522e79c0;
    %load/vec4 v0x559a526ed8f0_0;
    %nor/r;
    %flag_set/vec4 8;
    %jmp/0xz  T_7.0, 8;
    %pushi/vec4 0, 0, 1;
    %ix/load 5, 0, 0;
    %ix/load 4, 5, 0;
    %flag_set/imm 4, 0;
    %assign/vec4/off/d v0x559a5268a3e0_0, 4, 5;
    %jmp T_7.1;
T_7.0 ;
    %load/vec4 v0x559a5266d660_0;
    %parti/s 1, 5, 4;
    %ix/load 5, 0, 0;
    %ix/load 4, 5, 0;
    %flag_set/imm 4, 0;
    %assign/vec4/off/d v0x559a5268a3e0_0, 4, 5;
T_7.1 ;
    %jmp T_7;
    .thread T_7;
    .scope S_0x559a5253b280;
T_8 ;
    %wait E_0x559a522e79c0;
    %load/vec4 v0x559a526ed8f0_0;
    %nor/r;
    %flag_set/vec4 8;
    %jmp/0xz  T_8.0, 8;
    %pushi/vec4 0, 0, 1;
    %ix/load 5, 0, 0;
    %ix/load 4, 6, 0;
    %flag_set/imm 4, 0;
    %assign/vec4/off/d v0x559a5268a3e0_0, 4, 5;
    %jmp T_8.1;
T_8.0 ;
    %load/vec4 v0x559a5266d660_0;
    %parti/s 1, 6, 4;
    %ix/load 5, 0, 0;
    %ix/load 4, 6, 0;
    %flag_set/imm 4, 0;
    %assign/vec4/off/d v0x559a5268a3e0_0, 4, 5;
T_8.1 ;
    %jmp T_8;
    .thread T_8;
    .scope S_0x559a5253b280;
T_9 ;
    %wait E_0x559a522e79c0;
    %load/vec4 v0x559a526ed8f0_0;
    %nor/r;
    %flag_set/vec4 8;
    %jmp/0xz  T_9.0, 8;
    %pushi/vec4 0, 0, 1;
    %ix/load 5, 0, 0;
    %ix/load 4, 7, 0;
    %flag_set/imm 4, 0;
    %assign/vec4/off/d v0x559a5268a3e0_0, 4, 5;
    %jmp T_9.1;
T_9.0 ;
    %load/vec4 v0x559a5266d660_0;
    %parti/s 1, 7, 4;
    %ix/load 5, 0, 0;
    %ix/load 4, 7, 0;
    %flag_set/imm 4, 0;
    %assign/vec4/off/d v0x559a5268a3e0_0, 4, 5;
T_9.1 ;
    %jmp T_9;
    .thread T_9;
    .scope S_0x559a5253b280;
T_10 ;
    %wait E_0x559a522e79c0;
    %load/vec4 v0x559a526ed8f0_0;
    %nor/r;
    %flag_set/vec4 8;
    %jmp/0xz  T_10.0, 8;
    %pushi/vec4 0, 0, 1;
    %assign/vec4 v0x559a52677aa0_0, 0;
    %jmp T_10.1;
T_10.0 ;
    %load/vec4 v0x559a5267a3b0_0;
    %assign/vec4 v0x559a52677aa0_0, 0;
T_10.1 ;
    %jmp T_10;
    .thread T_10;
    .scope S_0x559a5253b280;
T_11 ;
    %wait E_0x559a522e79c0;
    %load/vec4 v0x559a526ed8f0_0;
    %nor/r;
    %flag_set/vec4 8;
    %jmp/0xz  T_11.0, 8;
    %pushi/vec4 0, 0, 1;
    %assign/vec4 v0x559a526828b0_0, 0;
    %jmp T_11.1;
T_11.0 ;
    %load/vec4 v0x559a52684410_0;
    %assign/vec4 v0x559a526828b0_0, 0;
T_11.1 ;
    %jmp T_11;
    .thread T_11;
    .scope S_0x559a5253b280;
T_12 ;
    %wait E_0x559a522e79c0;
    %load/vec4 v0x559a526ed8f0_0;
    %nor/r;
    %flag_set/vec4 8;
    %jmp/0xz  T_12.0, 8;
    %pushi/vec4 0, 0, 1;
    %assign/vec4 v0x559a52671ad0_0, 0;
    %jmp T_12.1;
T_12.0 ;
    %load/vec4 v0x559a526743e0_0;
    %assign/vec4 v0x559a52671ad0_0, 0;
T_12.1 ;
    %jmp T_12;
    .thread T_12;
    .scope S_0x559a5253b280;
T_13 ;
    %wait E_0x559a522e79c0;
    %load/vec4 v0x559a526ed8f0_0;
    %nor/r;
    %flag_set/vec4 8;
    %jmp/0xz  T_13.0, 8;
    %pushi/vec4 0, 0, 1;
    %assign/vec4 v0x559a5268bf40_0, 0;
    %jmp T_13.1;
T_13.0 ;
    %load/vec4 v0x559a5268e850_0;
    %assign/vec4 v0x559a5268bf40_0, 0;
T_13.1 ;
    %jmp T_13;
    .thread T_13;
    .scope S_0x559a5253b280;
T_14 ;
    %wait E_0x559a522e79c0;
    %load/vec4 v0x559a526ed8f0_0;
    %nor/r;
    %flag_set/vec4 8;
    %jmp/0xz  T_14.0, 8;
    %pushi/vec4 0, 0, 1;
    %assign/vec4 v0x559a5268f600_0, 0;
    %jmp T_14.1;
T_14.0 ;
    %load/vec4 v0x559a52691f10_0;
    %assign/vec4 v0x559a5268f600_0, 0;
T_14.1 ;
    %jmp T_14;
    .thread T_14;
    .scope S_0x559a5253b280;
T_15 ;
    %wait E_0x559a522e79c0;
    %load/vec4 v0x559a526ed8f0_0;
    %nor/r;
    %flag_set/vec4 8;
    %jmp/0xz  T_15.0, 8;
    %pushi/vec4 0, 0, 1;
    %assign/vec4 v0x559a52679600_0, 0;
    %jmp T_15.1;
T_15.0 ;
    %load/vec4 v0x559a52677aa0_0;
    %assign/vec4 v0x559a52679600_0, 0;
T_15.1 ;
    %jmp T_15;
    .thread T_15;
    .scope S_0x559a5253b280;
T_16 ;
    %wait E_0x559a522e79c0;
    %load/vec4 v0x559a526ed8f0_0;
    %nor/r;
    %flag_set/vec4 8;
    %jmp/0xz  T_16.0, 8;
    %pushi/vec4 0, 0, 1;
    %assign/vec4 v0x559a52683660_0, 0;
    %jmp T_16.1;
T_16.0 ;
    %load/vec4 v0x559a526828b0_0;
    %assign/vec4 v0x559a52683660_0, 0;
T_16.1 ;
    %jmp T_16;
    .thread T_16;
    .scope S_0x559a5253b280;
T_17 ;
    %wait E_0x559a522e79c0;
    %load/vec4 v0x559a526ed8f0_0;
    %nor/r;
    %flag_set/vec4 8;
    %jmp/0xz  T_17.0, 8;
    %pushi/vec4 0, 0, 1;
    %assign/vec4 v0x559a52673630_0, 0;
    %jmp T_17.1;
T_17.0 ;
    %load/vec4 v0x559a52671ad0_0;
    %assign/vec4 v0x559a52673630_0, 0;
T_17.1 ;
    %jmp T_17;
    .thread T_17;
    .scope S_0x559a5253b280;
T_18 ;
    %wait E_0x559a522e79c0;
    %load/vec4 v0x559a526ed8f0_0;
    %nor/r;
    %flag_set/vec4 8;
    %jmp/0xz  T_18.0, 8;
    %pushi/vec4 0, 0, 1;
    %assign/vec4 v0x559a5268daa0_0, 0;
    %jmp T_18.1;
T_18.0 ;
    %load/vec4 v0x559a5268bf40_0;
    %assign/vec4 v0x559a5268daa0_0, 0;
T_18.1 ;
    %jmp T_18;
    .thread T_18;
    .scope S_0x559a5253b280;
T_19 ;
    %wait E_0x559a522e79c0;
    %load/vec4 v0x559a526ed8f0_0;
    %nor/r;
    %flag_set/vec4 8;
    %jmp/0xz  T_19.0, 8;
    %pushi/vec4 0, 0, 1;
    %assign/vec4 v0x559a52691160_0, 0;
    %jmp T_19.1;
T_19.0 ;
    %load/vec4 v0x559a5268f600_0;
    %assign/vec4 v0x559a52691160_0, 0;
T_19.1 ;
    %jmp T_19;
    .thread T_19;
    .scope S_0x559a5253b280;
T_20 ;
    %wait E_0x559a522e79c0;
    %load/vec4 v0x559a526ed8f0_0;
    %nor/r;
    %flag_set/vec4 8;
    %jmp/0xz  T_20.0, 8;
    %pushi/vec4 0, 0, 1;
    %assign/vec4 v0x559a52678850_0, 0;
    %jmp T_20.1;
T_20.0 ;
    %load/vec4 v0x559a52679600_0;
    %assign/vec4 v0x559a52678850_0, 0;
T_20.1 ;
    %jmp T_20;
    .thread T_20;
    .scope S_0x559a5253b280;
T_21 ;
    %wait E_0x559a522e79c0;
    %load/vec4 v0x559a526ed8f0_0;
    %nor/r;
    %flag_set/vec4 8;
    %jmp/0xz  T_21.0, 8;
    %pushi/vec4 0, 0, 1;
    %assign/vec4 v0x559a52672880_0, 0;
    %jmp T_21.1;
T_21.0 ;
    %load/vec4 v0x559a52673630_0;
    %assign/vec4 v0x559a52672880_0, 0;
T_21.1 ;
    %jmp T_21;
    .thread T_21;
    .scope S_0x559a5253b280;
T_22 ;
    %wait E_0x559a522e79c0;
    %load/vec4 v0x559a526ed8f0_0;
    %nor/r;
    %flag_set/vec4 8;
    %jmp/0xz  T_22.0, 8;
    %pushi/vec4 0, 0, 1;
    %assign/vec4 v0x559a5266f1c0_0, 0;
    %jmp T_22.1;
T_22.0 ;
    %load/vec4 v0x559a52669fa0_0;
    %assign/vec4 v0x559a5266f1c0_0, 0;
T_22.1 ;
    %jmp T_22;
    .thread T_22;
    .scope S_0x559a5253b280;
T_23 ;
    %wait E_0x559a522e79c0;
    %load/vec4 v0x559a526ed8f0_0;
    %nor/r;
    %flag_set/vec4 8;
    %jmp/0xz  T_23.0, 8;
    %pushi/vec4 0, 0, 1;
    %ix/load 5, 0, 0;
    %ix/load 4, 0, 0;
    %flag_set/imm 4, 0;
    %assign/vec4/off/d v0x559a52681ee0_0, 4, 5;
    %jmp T_23.1;
T_23.0 ;
    %load/vec4 v0x559a526495a0_0;
    %flag_set/vec4 8;
    %jmp/0xz  T_23.2, 8;
    %load/vec4 v0x559a5266bb00_0;
    %parti/s 1, 0, 2;
    %ix/load 5, 0, 0;
    %ix/load 4, 0, 0;
    %flag_set/imm 4, 0;
    %assign/vec4/off/d v0x559a52681ee0_0, 4, 5;
T_23.2 ;
T_23.1 ;
    %jmp T_23;
    .thread T_23;
    .scope S_0x559a5253b280;
T_24 ;
    %wait E_0x559a522e79c0;
    %load/vec4 v0x559a526ed8f0_0;
    %nor/r;
    %flag_set/vec4 8;
    %jmp/0xz  T_24.0, 8;
    %pushi/vec4 0, 0, 1;
    %ix/load 5, 0, 0;
    %ix/load 4, 1, 0;
    %flag_set/imm 4, 0;
    %assign/vec4/off/d v0x559a52681ee0_0, 4, 5;
    %jmp T_24.1;
T_24.0 ;
    %load/vec4 v0x559a526495a0_0;
    %flag_set/vec4 8;
    %jmp/0xz  T_24.2, 8;
    %load/vec4 v0x559a5266bb00_0;
    %parti/s 1, 1, 2;
    %ix/load 5, 0, 0;
    %ix/load 4, 1, 0;
    %flag_set/imm 4, 0;
    %assign/vec4/off/d v0x559a52681ee0_0, 4, 5;
T_24.2 ;
T_24.1 ;
    %jmp T_24;
    .thread T_24;
    .scope S_0x559a5253b280;
T_25 ;
    %wait E_0x559a522e79c0;
    %load/vec4 v0x559a526ed8f0_0;
    %nor/r;
    %flag_set/vec4 8;
    %jmp/0xz  T_25.0, 8;
    %pushi/vec4 0, 0, 1;
    %ix/load 5, 0, 0;
    %ix/load 4, 2, 0;
    %flag_set/imm 4, 0;
    %assign/vec4/off/d v0x559a52681ee0_0, 4, 5;
    %jmp T_25.1;
T_25.0 ;
    %load/vec4 v0x559a526495a0_0;
    %flag_set/vec4 8;
    %jmp/0xz  T_25.2, 8;
    %load/vec4 v0x559a5266bb00_0;
    %parti/s 1, 2, 3;
    %ix/load 5, 0, 0;
    %ix/load 4, 2, 0;
    %flag_set/imm 4, 0;
    %assign/vec4/off/d v0x559a52681ee0_0, 4, 5;
T_25.2 ;
T_25.1 ;
    %jmp T_25;
    .thread T_25;
    .scope S_0x559a5253b280;
T_26 ;
    %wait E_0x559a522e79c0;
    %load/vec4 v0x559a526ed8f0_0;
    %nor/r;
    %flag_set/vec4 8;
    %jmp/0xz  T_26.0, 8;
    %pushi/vec4 0, 0, 1;
    %ix/load 5, 0, 0;
    %ix/load 4, 3, 0;
    %flag_set/imm 4, 0;
    %assign/vec4/off/d v0x559a52681ee0_0, 4, 5;
    %jmp T_26.1;
T_26.0 ;
    %load/vec4 v0x559a526495a0_0;
    %flag_set/vec4 8;
    %jmp/0xz  T_26.2, 8;
    %load/vec4 v0x559a5266bb00_0;
    %parti/s 1, 3, 3;
    %ix/load 5, 0, 0;
    %ix/load 4, 3, 0;
    %flag_set/imm 4, 0;
    %assign/vec4/off/d v0x559a52681ee0_0, 4, 5;
T_26.2 ;
T_26.1 ;
    %jmp T_26;
    .thread T_26;
    .scope S_0x559a5253b280;
T_27 ;
    %wait E_0x559a522e79c0;
    %load/vec4 v0x559a526ed8f0_0;
    %nor/r;
    %flag_set/vec4 8;
    %jmp/0xz  T_27.0, 8;
    %pushi/vec4 0, 0, 1;
    %ix/load 5, 0, 0;
    %ix/load 4, 4, 0;
    %flag_set/imm 4, 0;
    %assign/vec4/off/d v0x559a52681ee0_0, 4, 5;
    %jmp T_27.1;
T_27.0 ;
    %load/vec4 v0x559a526495a0_0;
    %flag_set/vec4 8;
    %jmp/0xz  T_27.2, 8;
    %load/vec4 v0x559a5266bb00_0;
    %parti/s 1, 4, 4;
    %ix/load 5, 0, 0;
    %ix/load 4, 4, 0;
    %flag_set/imm 4, 0;
    %assign/vec4/off/d v0x559a52681ee0_0, 4, 5;
T_27.2 ;
T_27.1 ;
    %jmp T_27;
    .thread T_27;
    .scope S_0x559a5253b280;
T_28 ;
    %wait E_0x559a522e79c0;
    %load/vec4 v0x559a526ed8f0_0;
    %nor/r;
    %flag_set/vec4 8;
    %jmp/0xz  T_28.0, 8;
    %pushi/vec4 0, 0, 1;
    %ix/load 5, 0, 0;
    %ix/load 4, 5, 0;
    %flag_set/imm 4, 0;
    %assign/vec4/off/d v0x559a52681ee0_0, 4, 5;
    %jmp T_28.1;
T_28.0 ;
    %load/vec4 v0x559a526495a0_0;
    %flag_set/vec4 8;
    %jmp/0xz  T_28.2, 8;
    %load/vec4 v0x559a5266bb00_0;
    %parti/s 1, 5, 4;
    %ix/load 5, 0, 0;
    %ix/load 4, 5, 0;
    %flag_set/imm 4, 0;
    %assign/vec4/off/d v0x559a52681ee0_0, 4, 5;
T_28.2 ;
T_28.1 ;
    %jmp T_28;
    .thread T_28;
    .scope S_0x559a5253b280;
T_29 ;
    %wait E_0x559a522e79c0;
    %load/vec4 v0x559a526ed8f0_0;
    %nor/r;
    %flag_set/vec4 8;
    %jmp/0xz  T_29.0, 8;
    %pushi/vec4 0, 0, 1;
    %ix/load 5, 0, 0;
    %ix/load 4, 6, 0;
    %flag_set/imm 4, 0;
    %assign/vec4/off/d v0x559a52681ee0_0, 4, 5;
    %jmp T_29.1;
T_29.0 ;
    %load/vec4 v0x559a526495a0_0;
    %flag_set/vec4 8;
    %jmp/0xz  T_29.2, 8;
    %load/vec4 v0x559a5266bb00_0;
    %parti/s 1, 6, 4;
    %ix/load 5, 0, 0;
    %ix/load 4, 6, 0;
    %flag_set/imm 4, 0;
    %assign/vec4/off/d v0x559a52681ee0_0, 4, 5;
T_29.2 ;
T_29.1 ;
    %jmp T_29;
    .thread T_29;
    .scope S_0x559a5253b280;
T_30 ;
    %wait E_0x559a522e79c0;
    %load/vec4 v0x559a526ed8f0_0;
    %nor/r;
    %flag_set/vec4 8;
    %jmp/0xz  T_30.0, 8;
    %pushi/vec4 0, 0, 1;
    %ix/load 5, 0, 0;
    %ix/load 4, 7, 0;
    %flag_set/imm 4, 0;
    %assign/vec4/off/d v0x559a52681ee0_0, 4, 5;
    %jmp T_30.1;
T_30.0 ;
    %load/vec4 v0x559a526495a0_0;
    %flag_set/vec4 8;
    %jmp/0xz  T_30.2, 8;
    %load/vec4 v0x559a5266bb00_0;
    %parti/s 1, 7, 4;
    %ix/load 5, 0, 0;
    %ix/load 4, 7, 0;
    %flag_set/imm 4, 0;
    %assign/vec4/off/d v0x559a52681ee0_0, 4, 5;
T_30.2 ;
T_30.1 ;
    %jmp T_30;
    .thread T_30;
    .scope S_0x559a5253b280;
T_31 ;
    %wait E_0x559a522e79c0;
    %load/vec4 v0x559a526ed8f0_0;
    %nor/r;
    %flag_set/vec4 8;
    %jmp/0xz  T_31.0, 8;
    %pushi/vec4 0, 0, 1;
    %ix/load 5, 0, 0;
    %ix/load 4, 0, 0;
    %flag_set/imm 4, 0;
    %assign/vec4/off/d v0x559a52675190_0, 4, 5;
    %jmp T_31.1;
T_31.0 ;
    %load/vec4 v0x559a52649ee0_0;
    %flag_set/vec4 8;
    %jmp/0xz  T_31.2, 8;
    %load/vec4 v0x559a5266ad50_0;
    %parti/s 1, 0, 2;
    %ix/load 5, 0, 0;
    %ix/load 4, 0, 0;
    %flag_set/imm 4, 0;
    %assign/vec4/off/d v0x559a52675190_0, 4, 5;
T_31.2 ;
T_31.1 ;
    %jmp T_31;
    .thread T_31;
    .scope S_0x559a5253b280;
T_32 ;
    %wait E_0x559a522e79c0;
    %load/vec4 v0x559a526ed8f0_0;
    %nor/r;
    %flag_set/vec4 8;
    %jmp/0xz  T_32.0, 8;
    %pushi/vec4 0, 0, 1;
    %ix/load 5, 0, 0;
    %ix/load 4, 1, 0;
    %flag_set/imm 4, 0;
    %assign/vec4/off/d v0x559a52675190_0, 4, 5;
    %jmp T_32.1;
T_32.0 ;
    %load/vec4 v0x559a52649ee0_0;
    %flag_set/vec4 8;
    %jmp/0xz  T_32.2, 8;
    %load/vec4 v0x559a5266ad50_0;
    %parti/s 1, 1, 2;
    %ix/load 5, 0, 0;
    %ix/load 4, 1, 0;
    %flag_set/imm 4, 0;
    %assign/vec4/off/d v0x559a52675190_0, 4, 5;
T_32.2 ;
T_32.1 ;
    %jmp T_32;
    .thread T_32;
    .scope S_0x559a5253b280;
T_33 ;
    %wait E_0x559a522e79c0;
    %load/vec4 v0x559a526ed8f0_0;
    %nor/r;
    %flag_set/vec4 8;
    %jmp/0xz  T_33.0, 8;
    %pushi/vec4 0, 0, 1;
    %ix/load 5, 0, 0;
    %ix/load 4, 2, 0;
    %flag_set/imm 4, 0;
    %assign/vec4/off/d v0x559a52675190_0, 4, 5;
    %jmp T_33.1;
T_33.0 ;
    %load/vec4 v0x559a52649ee0_0;
    %flag_set/vec4 8;
    %jmp/0xz  T_33.2, 8;
    %load/vec4 v0x559a5266ad50_0;
    %parti/s 1, 2, 3;
    %ix/load 5, 0, 0;
    %ix/load 4, 2, 0;
    %flag_set/imm 4, 0;
    %assign/vec4/off/d v0x559a52675190_0, 4, 5;
T_33.2 ;
T_33.1 ;
    %jmp T_33;
    .thread T_33;
    .scope S_0x559a5253b280;
T_34 ;
    %wait E_0x559a522e79c0;
    %load/vec4 v0x559a526ed8f0_0;
    %nor/r;
    %flag_set/vec4 8;
    %jmp/0xz  T_34.0, 8;
    %pushi/vec4 0, 0, 1;
    %ix/load 5, 0, 0;
    %ix/load 4, 0, 0;
    %flag_set/imm 4, 0;
    %assign/vec4/off/d v0x559a52688880_0, 4, 5;
    %jmp T_34.1;
T_34.0 ;
    %load/vec4 v0x559a5264a820_0;
    %flag_set/vec4 8;
    %jmp/0xz  T_34.2, 8;
    %load/vec4 v0x559a5266c8b0_0;
    %parti/s 1, 0, 2;
    %ix/load 5, 0, 0;
    %ix/load 4, 0, 0;
    %flag_set/imm 4, 0;
    %assign/vec4/off/d v0x559a52688880_0, 4, 5;
T_34.2 ;
T_34.1 ;
    %jmp T_34;
    .thread T_34;
    .scope S_0x559a5253b280;
T_35 ;
    %wait E_0x559a522e79c0;
    %load/vec4 v0x559a526ed8f0_0;
    %nor/r;
    %flag_set/vec4 8;
    %jmp/0xz  T_35.0, 8;
    %pushi/vec4 0, 0, 1;
    %ix/load 5, 0, 0;
    %ix/load 4, 1, 0;
    %flag_set/imm 4, 0;
    %assign/vec4/off/d v0x559a52688880_0, 4, 5;
    %jmp T_35.1;
T_35.0 ;
    %load/vec4 v0x559a5264a820_0;
    %flag_set/vec4 8;
    %jmp/0xz  T_35.2, 8;
    %load/vec4 v0x559a5266c8b0_0;
    %parti/s 1, 1, 2;
    %ix/load 5, 0, 0;
    %ix/load 4, 1, 0;
    %flag_set/imm 4, 0;
    %assign/vec4/off/d v0x559a52688880_0, 4, 5;
T_35.2 ;
T_35.1 ;
    %jmp T_35;
    .thread T_35;
    .scope S_0x559a5253b280;
T_36 ;
    %wait E_0x559a522e79c0;
    %load/vec4 v0x559a526ed8f0_0;
    %nor/r;
    %flag_set/vec4 8;
    %jmp/0xz  T_36.0, 8;
    %pushi/vec4 0, 0, 1;
    %ix/load 5, 0, 0;
    %ix/load 4, 2, 0;
    %flag_set/imm 4, 0;
    %assign/vec4/off/d v0x559a52688880_0, 4, 5;
    %jmp T_36.1;
T_36.0 ;
    %load/vec4 v0x559a5264a820_0;
    %flag_set/vec4 8;
    %jmp/0xz  T_36.2, 8;
    %load/vec4 v0x559a5266c8b0_0;
    %parti/s 1, 2, 3;
    %ix/load 5, 0, 0;
    %ix/load 4, 2, 0;
    %flag_set/imm 4, 0;
    %assign/vec4/off/d v0x559a52688880_0, 4, 5;
T_36.2 ;
T_36.1 ;
    %jmp T_36;
    .thread T_36;
    .scope S_0x559a5253b280;
T_37 ;
    %wait E_0x559a522e79c0;
    %load/vec4 v0x559a526ed8f0_0;
    %nor/r;
    %flag_set/vec4 8;
    %jmp/0xz  T_37.0, 8;
    %pushi/vec4 0, 0, 1;
    %ix/load 5, 0, 0;
    %ix/load 4, 3, 0;
    %flag_set/imm 4, 0;
    %assign/vec4/off/d v0x559a52688880_0, 4, 5;
    %jmp T_37.1;
T_37.0 ;
    %load/vec4 v0x559a5264a820_0;
    %flag_set/vec4 8;
    %jmp/0xz  T_37.2, 8;
    %load/vec4 v0x559a5266c8b0_0;
    %parti/s 1, 3, 3;
    %ix/load 5, 0, 0;
    %ix/load 4, 3, 0;
    %flag_set/imm 4, 0;
    %assign/vec4/off/d v0x559a52688880_0, 4, 5;
T_37.2 ;
T_37.1 ;
    %jmp T_37;
    .thread T_37;
    .scope S_0x559a5253b280;
T_38 ;
    %wait E_0x559a522e79c0;
    %load/vec4 v0x559a526ed8f0_0;
    %nor/r;
    %flag_set/vec4 8;
    %jmp/0xz  T_38.0, 8;
    %pushi/vec4 0, 0, 1;
    %ix/load 5, 0, 0;
    %ix/load 4, 4, 0;
    %flag_set/imm 4, 0;
    %assign/vec4/off/d v0x559a52688880_0, 4, 5;
    %jmp T_38.1;
T_38.0 ;
    %load/vec4 v0x559a5264a820_0;
    %flag_set/vec4 8;
    %jmp/0xz  T_38.2, 8;
    %load/vec4 v0x559a5266c8b0_0;
    %parti/s 1, 4, 4;
    %ix/load 5, 0, 0;
    %ix/load 4, 4, 0;
    %flag_set/imm 4, 0;
    %assign/vec4/off/d v0x559a52688880_0, 4, 5;
T_38.2 ;
T_38.1 ;
    %jmp T_38;
    .thread T_38;
    .scope S_0x559a5253b280;
T_39 ;
    %wait E_0x559a522e79c0;
    %load/vec4 v0x559a526ed8f0_0;
    %nor/r;
    %flag_set/vec4 8;
    %jmp/0xz  T_39.0, 8;
    %pushi/vec4 0, 0, 1;
    %ix/load 5, 0, 0;
    %ix/load 4, 5, 0;
    %flag_set/imm 4, 0;
    %assign/vec4/off/d v0x559a52688880_0, 4, 5;
    %jmp T_39.1;
T_39.0 ;
    %load/vec4 v0x559a5264a820_0;
    %flag_set/vec4 8;
    %jmp/0xz  T_39.2, 8;
    %load/vec4 v0x559a5266c8b0_0;
    %parti/s 1, 5, 4;
    %ix/load 5, 0, 0;
    %ix/load 4, 5, 0;
    %flag_set/imm 4, 0;
    %assign/vec4/off/d v0x559a52688880_0, 4, 5;
T_39.2 ;
T_39.1 ;
    %jmp T_39;
    .thread T_39;
    .scope S_0x559a5253b280;
T_40 ;
    %wait E_0x559a522e79c0;
    %load/vec4 v0x559a526ed8f0_0;
    %nor/r;
    %flag_set/vec4 8;
    %jmp/0xz  T_40.0, 8;
    %pushi/vec4 0, 0, 1;
    %ix/load 5, 0, 0;
    %ix/load 4, 6, 0;
    %flag_set/imm 4, 0;
    %assign/vec4/off/d v0x559a52688880_0, 4, 5;
    %jmp T_40.1;
T_40.0 ;
    %load/vec4 v0x559a5264a820_0;
    %flag_set/vec4 8;
    %jmp/0xz  T_40.2, 8;
    %load/vec4 v0x559a5266c8b0_0;
    %parti/s 1, 6, 4;
    %ix/load 5, 0, 0;
    %ix/load 4, 6, 0;
    %flag_set/imm 4, 0;
    %assign/vec4/off/d v0x559a52688880_0, 4, 5;
T_40.2 ;
T_40.1 ;
    %jmp T_40;
    .thread T_40;
    .scope S_0x559a5253b280;
T_41 ;
    %wait E_0x559a522e79c0;
    %load/vec4 v0x559a526ed8f0_0;
    %nor/r;
    %flag_set/vec4 8;
    %jmp/0xz  T_41.0, 8;
    %pushi/vec4 0, 0, 1;
    %ix/load 5, 0, 0;
    %ix/load 4, 7, 0;
    %flag_set/imm 4, 0;
    %assign/vec4/off/d v0x559a52688880_0, 4, 5;
    %jmp T_41.1;
T_41.0 ;
    %load/vec4 v0x559a5264a820_0;
    %flag_set/vec4 8;
    %jmp/0xz  T_41.2, 8;
    %load/vec4 v0x559a5266c8b0_0;
    %parti/s 1, 7, 4;
    %ix/load 5, 0, 0;
    %ix/load 4, 7, 0;
    %flag_set/imm 4, 0;
    %assign/vec4/off/d v0x559a52688880_0, 4, 5;
T_41.2 ;
T_41.1 ;
    %jmp T_41;
    .thread T_41;
    .scope S_0x559a5253b280;
T_42 ;
    %wait E_0x559a522e79c0;
    %load/vec4 v0x559a526ed8f0_0;
    %nor/r;
    %flag_set/vec4 8;
    %jmp/0xz  T_42.0, 8;
    %pushi/vec4 0, 0, 1;
    %assign/vec4 v0x559a52621680_0, 0;
    %jmp T_42.1;
T_42.0 ;
    %load/vec4 v0x559a52655a10_0;
    %flag_set/vec4 8;
    %jmp/0xz  T_42.2, 8;
    %load/vec4 v0x559a52681ee0_0;
    %parti/s 1, 0, 2;
    %assign/vec4 v0x559a52621680_0, 0;
T_42.2 ;
T_42.1 ;
    %jmp T_42;
    .thread T_42;
    .scope S_0x559a5253b280;
T_43 ;
    %wait E_0x559a522e79c0;
    %load/vec4 v0x559a526ed8f0_0;
    %nor/r;
    %flag_set/vec4 8;
    %jmp/0xz  T_43.0, 8;
    %pushi/vec4 0, 0, 1;
    %assign/vec4 v0x559a524dea10_0, 0;
    %jmp T_43.1;
T_43.0 ;
    %load/vec4 v0x559a52655a10_0;
    %flag_set/vec4 8;
    %jmp/0xz  T_43.2, 8;
    %load/vec4 v0x559a52681ee0_0;
    %parti/s 1, 1, 2;
    %assign/vec4 v0x559a524dea10_0, 0;
T_43.2 ;
T_43.1 ;
    %jmp T_43;
    .thread T_43;
    .scope S_0x559a5253b280;
T_44 ;
    %wait E_0x559a522e79c0;
    %load/vec4 v0x559a526ed8f0_0;
    %nor/r;
    %flag_set/vec4 8;
    %jmp/0xz  T_44.0, 8;
    %pushi/vec4 0, 0, 1;
    %assign/vec4 v0x559a524df920_0, 0;
    %jmp T_44.1;
T_44.0 ;
    %load/vec4 v0x559a52655a10_0;
    %flag_set/vec4 8;
    %jmp/0xz  T_44.2, 8;
    %load/vec4 v0x559a52681ee0_0;
    %parti/s 1, 2, 3;
    %assign/vec4 v0x559a524df920_0, 0;
T_44.2 ;
T_44.1 ;
    %jmp T_44;
    .thread T_44;
    .scope S_0x559a5253b280;
T_45 ;
    %wait E_0x559a522e79c0;
    %load/vec4 v0x559a526ed8f0_0;
    %nor/r;
    %flag_set/vec4 8;
    %jmp/0xz  T_45.0, 8;
    %pushi/vec4 0, 0, 1;
    %assign/vec4 v0x559a52630050_0, 0;
    %jmp T_45.1;
T_45.0 ;
    %load/vec4 v0x559a52655a10_0;
    %flag_set/vec4 8;
    %jmp/0xz  T_45.2, 8;
    %load/vec4 v0x559a52681ee0_0;
    %parti/s 1, 3, 3;
    %assign/vec4 v0x559a52630050_0, 0;
T_45.2 ;
T_45.1 ;
    %jmp T_45;
    .thread T_45;
    .scope S_0x559a5253b280;
T_46 ;
    %wait E_0x559a522e79c0;
    %load/vec4 v0x559a526ed8f0_0;
    %nor/r;
    %flag_set/vec4 8;
    %jmp/0xz  T_46.0, 8;
    %pushi/vec4 0, 0, 1;
    %assign/vec4 v0x559a52695610_0, 0;
    %jmp T_46.1;
T_46.0 ;
    %load/vec4 v0x559a52655a10_0;
    %flag_set/vec4 8;
    %jmp/0xz  T_46.2, 8;
    %load/vec4 v0x559a52681ee0_0;
    %parti/s 1, 4, 4;
    %assign/vec4 v0x559a52695610_0, 0;
T_46.2 ;
T_46.1 ;
    %jmp T_46;
    .thread T_46;
    .scope S_0x559a5253b280;
T_47 ;
    %wait E_0x559a522e79c0;
    %load/vec4 v0x559a526ed8f0_0;
    %nor/r;
    %flag_set/vec4 8;
    %jmp/0xz  T_47.0, 8;
    %pushi/vec4 0, 0, 1;
    %assign/vec4 v0x559a52694820_0, 0;
    %jmp T_47.1;
T_47.0 ;
    %load/vec4 v0x559a52655a10_0;
    %flag_set/vec4 8;
    %jmp/0xz  T_47.2, 8;
    %load/vec4 v0x559a52681ee0_0;
    %parti/s 1, 5, 4;
    %assign/vec4 v0x559a52694820_0, 0;
T_47.2 ;
T_47.1 ;
    %jmp T_47;
    .thread T_47;
    .scope S_0x559a5253b280;
T_48 ;
    %wait E_0x559a522e79c0;
    %load/vec4 v0x559a526ed8f0_0;
    %nor/r;
    %flag_set/vec4 8;
    %jmp/0xz  T_48.0, 8;
    %pushi/vec4 0, 0, 1;
    %assign/vec4 v0x559a52693a70_0, 0;
    %jmp T_48.1;
T_48.0 ;
    %load/vec4 v0x559a52655a10_0;
    %flag_set/vec4 8;
    %jmp/0xz  T_48.2, 8;
    %load/vec4 v0x559a52681ee0_0;
    %parti/s 1, 6, 4;
    %assign/vec4 v0x559a52693a70_0, 0;
T_48.2 ;
T_48.1 ;
    %jmp T_48;
    .thread T_48;
    .scope S_0x559a5253b280;
T_49 ;
    %wait E_0x559a522e79c0;
    %load/vec4 v0x559a526ed8f0_0;
    %nor/r;
    %flag_set/vec4 8;
    %jmp/0xz  T_49.0, 8;
    %pushi/vec4 0, 0, 1;
    %ix/load 5, 0, 0;
    %ix/load 4, 0, 0;
    %flag_set/imm 4, 0;
    %assign/vec4/off/d v0x559a5267ccc0_0, 4, 5;
    %jmp T_49.1;
T_49.0 ;
    %load/vec4 v0x559a5264b5d0_0;
    %flag_set/vec4 8;
    %jmp/0xz  T_49.2, 8;
    %load/vec4 v0x559a52688880_0;
    %parti/s 1, 0, 2;
    %ix/load 5, 0, 0;
    %ix/load 4, 0, 0;
    %flag_set/imm 4, 0;
    %assign/vec4/off/d v0x559a5267ccc0_0, 4, 5;
T_49.2 ;
T_49.1 ;
    %jmp T_49;
    .thread T_49;
    .scope S_0x559a5253b280;
T_50 ;
    %wait E_0x559a522e79c0;
    %load/vec4 v0x559a526ed8f0_0;
    %nor/r;
    %flag_set/vec4 8;
    %jmp/0xz  T_50.0, 8;
    %pushi/vec4 0, 0, 1;
    %ix/load 5, 0, 0;
    %ix/load 4, 1, 0;
    %flag_set/imm 4, 0;
    %assign/vec4/off/d v0x559a5267ccc0_0, 4, 5;
    %jmp T_50.1;
T_50.0 ;
    %load/vec4 v0x559a5264b5d0_0;
    %flag_set/vec4 8;
    %jmp/0xz  T_50.2, 8;
    %load/vec4 v0x559a52688880_0;
    %parti/s 1, 1, 2;
    %ix/load 5, 0, 0;
    %ix/load 4, 1, 0;
    %flag_set/imm 4, 0;
    %assign/vec4/off/d v0x559a5267ccc0_0, 4, 5;
T_50.2 ;
T_50.1 ;
    %jmp T_50;
    .thread T_50;
    .scope S_0x559a5253b280;
T_51 ;
    %wait E_0x559a522e79c0;
    %load/vec4 v0x559a526ed8f0_0;
    %nor/r;
    %flag_set/vec4 8;
    %jmp/0xz  T_51.0, 8;
    %pushi/vec4 0, 0, 1;
    %ix/load 5, 0, 0;
    %ix/load 4, 2, 0;
    %flag_set/imm 4, 0;
    %assign/vec4/off/d v0x559a5267ccc0_0, 4, 5;
    %jmp T_51.1;
T_51.0 ;
    %load/vec4 v0x559a5264b5d0_0;
    %flag_set/vec4 8;
    %jmp/0xz  T_51.2, 8;
    %load/vec4 v0x559a52688880_0;
    %parti/s 1, 2, 3;
    %ix/load 5, 0, 0;
    %ix/load 4, 2, 0;
    %flag_set/imm 4, 0;
    %assign/vec4/off/d v0x559a5267ccc0_0, 4, 5;
T_51.2 ;
T_51.1 ;
    %jmp T_51;
    .thread T_51;
    .scope S_0x559a5253b280;
T_52 ;
    %wait E_0x559a522e79c0;
    %load/vec4 v0x559a526ed8f0_0;
    %nor/r;
    %flag_set/vec4 8;
    %jmp/0xz  T_52.0, 8;
    %pushi/vec4 0, 0, 1;
    %ix/load 5, 0, 0;
    %ix/load 4, 3, 0;
    %flag_set/imm 4, 0;
    %assign/vec4/off/d v0x559a5267ccc0_0, 4, 5;
    %jmp T_52.1;
T_52.0 ;
    %load/vec4 v0x559a5264b5d0_0;
    %flag_set/vec4 8;
    %jmp/0xz  T_52.2, 8;
    %load/vec4 v0x559a52688880_0;
    %parti/s 1, 3, 3;
    %ix/load 5, 0, 0;
    %ix/load 4, 3, 0;
    %flag_set/imm 4, 0;
    %assign/vec4/off/d v0x559a5267ccc0_0, 4, 5;
T_52.2 ;
T_52.1 ;
    %jmp T_52;
    .thread T_52;
    .scope S_0x559a5253b280;
T_53 ;
    %wait E_0x559a522e79c0;
    %load/vec4 v0x559a526ed8f0_0;
    %nor/r;
    %flag_set/vec4 8;
    %jmp/0xz  T_53.0, 8;
    %pushi/vec4 0, 0, 1;
    %ix/load 5, 0, 0;
    %ix/load 4, 4, 0;
    %flag_set/imm 4, 0;
    %assign/vec4/off/d v0x559a5267ccc0_0, 4, 5;
    %jmp T_53.1;
T_53.0 ;
    %load/vec4 v0x559a5264b5d0_0;
    %flag_set/vec4 8;
    %jmp/0xz  T_53.2, 8;
    %load/vec4 v0x559a52688880_0;
    %parti/s 1, 4, 4;
    %ix/load 5, 0, 0;
    %ix/load 4, 4, 0;
    %flag_set/imm 4, 0;
    %assign/vec4/off/d v0x559a5267ccc0_0, 4, 5;
T_53.2 ;
T_53.1 ;
    %jmp T_53;
    .thread T_53;
    .scope S_0x559a5253b280;
T_54 ;
    %wait E_0x559a522e79c0;
    %load/vec4 v0x559a526ed8f0_0;
    %nor/r;
    %flag_set/vec4 8;
    %jmp/0xz  T_54.0, 8;
    %pushi/vec4 1, 0, 1;
    %ix/load 5, 0, 0;
    %ix/load 4, 5, 0;
    %flag_set/imm 4, 0;
    %assign/vec4/off/d v0x559a5267ccc0_0, 4, 5;
    %jmp T_54.1;
T_54.0 ;
    %load/vec4 v0x559a5264b5d0_0;
    %flag_set/vec4 8;
    %jmp/0xz  T_54.2, 8;
    %load/vec4 v0x559a52688880_0;
    %parti/s 1, 5, 4;
    %ix/load 5, 0, 0;
    %ix/load 4, 5, 0;
    %flag_set/imm 4, 0;
    %assign/vec4/off/d v0x559a5267ccc0_0, 4, 5;
T_54.2 ;
T_54.1 ;
    %jmp T_54;
    .thread T_54;
    .scope S_0x559a5253b280;
T_55 ;
    %wait E_0x559a522e79c0;
    %load/vec4 v0x559a526ed8f0_0;
    %nor/r;
    %flag_set/vec4 8;
    %jmp/0xz  T_55.0, 8;
    %pushi/vec4 0, 0, 1;
    %ix/load 5, 0, 0;
    %ix/load 4, 6, 0;
    %flag_set/imm 4, 0;
    %assign/vec4/off/d v0x559a5267ccc0_0, 4, 5;
    %jmp T_55.1;
T_55.0 ;
    %load/vec4 v0x559a5264b5d0_0;
    %flag_set/vec4 8;
    %jmp/0xz  T_55.2, 8;
    %load/vec4 v0x559a52688880_0;
    %parti/s 1, 6, 4;
    %ix/load 5, 0, 0;
    %ix/load 4, 6, 0;
    %flag_set/imm 4, 0;
    %assign/vec4/off/d v0x559a5267ccc0_0, 4, 5;
T_55.2 ;
T_55.1 ;
    %jmp T_55;
    .thread T_55;
    .scope S_0x559a5253b280;
T_56 ;
    %wait E_0x559a522e79c0;
    %load/vec4 v0x559a526ed8f0_0;
    %nor/r;
    %flag_set/vec4 8;
    %jmp/0xz  T_56.0, 8;
    %pushi/vec4 0, 0, 1;
    %ix/load 5, 0, 0;
    %ix/load 4, 7, 0;
    %flag_set/imm 4, 0;
    %assign/vec4/off/d v0x559a5267ccc0_0, 4, 5;
    %jmp T_56.1;
T_56.0 ;
    %load/vec4 v0x559a5264b5d0_0;
    %flag_set/vec4 8;
    %jmp/0xz  T_56.2, 8;
    %load/vec4 v0x559a52688880_0;
    %parti/s 1, 7, 4;
    %ix/load 5, 0, 0;
    %ix/load 4, 7, 0;
    %flag_set/imm 4, 0;
    %assign/vec4/off/d v0x559a5267ccc0_0, 4, 5;
T_56.2 ;
T_56.1 ;
    %jmp T_56;
    .thread T_56;
    .scope S_0x559a5253b280;
T_57 ;
    %wait E_0x559a522e79c0;
    %load/vec4 v0x559a526ed8f0_0;
    %nor/r;
    %flag_set/vec4 8;
    %jmp/0xz  T_57.0, 8;
    %pushi/vec4 0, 0, 1;
    %ix/load 5, 0, 0;
    %ix/load 4, 0, 0;
    %flag_set/imm 4, 0;
    %assign/vec4/off/d v0x559a5267da70_0, 4, 5;
    %jmp T_57.1;
T_57.0 ;
    %load/vec4 v0x559a5264c380_0;
    %flag_set/vec4 8;
    %jmp/0xz  T_57.2, 8;
    %load/vec4 v0x559a52688880_0;
    %parti/s 1, 0, 2;
    %ix/load 5, 0, 0;
    %ix/load 4, 0, 0;
    %flag_set/imm 4, 0;
    %assign/vec4/off/d v0x559a5267da70_0, 4, 5;
T_57.2 ;
T_57.1 ;
    %jmp T_57;
    .thread T_57;
    .scope S_0x559a5253b280;
T_58 ;
    %wait E_0x559a522e79c0;
    %load/vec4 v0x559a526ed8f0_0;
    %nor/r;
    %flag_set/vec4 8;
    %jmp/0xz  T_58.0, 8;
    %pushi/vec4 0, 0, 1;
    %ix/load 5, 0, 0;
    %ix/load 4, 1, 0;
    %flag_set/imm 4, 0;
    %assign/vec4/off/d v0x559a5267da70_0, 4, 5;
    %jmp T_58.1;
T_58.0 ;
    %load/vec4 v0x559a5264c380_0;
    %flag_set/vec4 8;
    %jmp/0xz  T_58.2, 8;
    %load/vec4 v0x559a52688880_0;
    %parti/s 1, 1, 2;
    %ix/load 5, 0, 0;
    %ix/load 4, 1, 0;
    %flag_set/imm 4, 0;
    %assign/vec4/off/d v0x559a5267da70_0, 4, 5;
T_58.2 ;
T_58.1 ;
    %jmp T_58;
    .thread T_58;
    .scope S_0x559a5253b280;
T_59 ;
    %wait E_0x559a522e79c0;
    %load/vec4 v0x559a526ed8f0_0;
    %nor/r;
    %flag_set/vec4 8;
    %jmp/0xz  T_59.0, 8;
    %pushi/vec4 0, 0, 1;
    %ix/load 5, 0, 0;
    %ix/load 4, 2, 0;
    %flag_set/imm 4, 0;
    %assign/vec4/off/d v0x559a5267da70_0, 4, 5;
    %jmp T_59.1;
T_59.0 ;
    %load/vec4 v0x559a5264c380_0;
    %flag_set/vec4 8;
    %jmp/0xz  T_59.2, 8;
    %load/vec4 v0x559a52688880_0;
    %parti/s 1, 2, 3;
    %ix/load 5, 0, 0;
    %ix/load 4, 2, 0;
    %flag_set/imm 4, 0;
    %assign/vec4/off/d v0x559a5267da70_0, 4, 5;
T_59.2 ;
T_59.1 ;
    %jmp T_59;
    .thread T_59;
    .scope S_0x559a5253b280;
T_60 ;
    %wait E_0x559a522e79c0;
    %load/vec4 v0x559a526ed8f0_0;
    %nor/r;
    %flag_set/vec4 8;
    %jmp/0xz  T_60.0, 8;
    %pushi/vec4 0, 0, 1;
    %ix/load 5, 0, 0;
    %ix/load 4, 3, 0;
    %flag_set/imm 4, 0;
    %assign/vec4/off/d v0x559a5267da70_0, 4, 5;
    %jmp T_60.1;
T_60.0 ;
    %load/vec4 v0x559a5264c380_0;
    %flag_set/vec4 8;
    %jmp/0xz  T_60.2, 8;
    %load/vec4 v0x559a52688880_0;
    %parti/s 1, 3, 3;
    %ix/load 5, 0, 0;
    %ix/load 4, 3, 0;
    %flag_set/imm 4, 0;
    %assign/vec4/off/d v0x559a5267da70_0, 4, 5;
T_60.2 ;
T_60.1 ;
    %jmp T_60;
    .thread T_60;
    .scope S_0x559a5253b280;
T_61 ;
    %wait E_0x559a522e79c0;
    %load/vec4 v0x559a526ed8f0_0;
    %nor/r;
    %flag_set/vec4 8;
    %jmp/0xz  T_61.0, 8;
    %pushi/vec4 1, 0, 1;
    %ix/load 5, 0, 0;
    %ix/load 4, 4, 0;
    %flag_set/imm 4, 0;
    %assign/vec4/off/d v0x559a5267da70_0, 4, 5;
    %jmp T_61.1;
T_61.0 ;
    %load/vec4 v0x559a5264c380_0;
    %flag_set/vec4 8;
    %jmp/0xz  T_61.2, 8;
    %load/vec4 v0x559a52688880_0;
    %parti/s 1, 4, 4;
    %ix/load 5, 0, 0;
    %ix/load 4, 4, 0;
    %flag_set/imm 4, 0;
    %assign/vec4/off/d v0x559a5267da70_0, 4, 5;
T_61.2 ;
T_61.1 ;
    %jmp T_61;
    .thread T_61;
    .scope S_0x559a5253b280;
T_62 ;
    %wait E_0x559a522e79c0;
    %load/vec4 v0x559a526ed8f0_0;
    %nor/r;
    %flag_set/vec4 8;
    %jmp/0xz  T_62.0, 8;
    %pushi/vec4 0, 0, 1;
    %ix/load 5, 0, 0;
    %ix/load 4, 5, 0;
    %flag_set/imm 4, 0;
    %assign/vec4/off/d v0x559a5267da70_0, 4, 5;
    %jmp T_62.1;
T_62.0 ;
    %load/vec4 v0x559a5264c380_0;
    %flag_set/vec4 8;
    %jmp/0xz  T_62.2, 8;
    %load/vec4 v0x559a52688880_0;
    %parti/s 1, 5, 4;
    %ix/load 5, 0, 0;
    %ix/load 4, 5, 0;
    %flag_set/imm 4, 0;
    %assign/vec4/off/d v0x559a5267da70_0, 4, 5;
T_62.2 ;
T_62.1 ;
    %jmp T_62;
    .thread T_62;
    .scope S_0x559a5253b280;
T_63 ;
    %wait E_0x559a522e79c0;
    %load/vec4 v0x559a526ed8f0_0;
    %nor/r;
    %flag_set/vec4 8;
    %jmp/0xz  T_63.0, 8;
    %pushi/vec4 0, 0, 1;
    %ix/load 5, 0, 0;
    %ix/load 4, 6, 0;
    %flag_set/imm 4, 0;
    %assign/vec4/off/d v0x559a5267da70_0, 4, 5;
    %jmp T_63.1;
T_63.0 ;
    %load/vec4 v0x559a5264c380_0;
    %flag_set/vec4 8;
    %jmp/0xz  T_63.2, 8;
    %load/vec4 v0x559a52688880_0;
    %parti/s 1, 6, 4;
    %ix/load 5, 0, 0;
    %ix/load 4, 6, 0;
    %flag_set/imm 4, 0;
    %assign/vec4/off/d v0x559a5267da70_0, 4, 5;
T_63.2 ;
T_63.1 ;
    %jmp T_63;
    .thread T_63;
    .scope S_0x559a5253b280;
T_64 ;
    %wait E_0x559a522e79c0;
    %load/vec4 v0x559a526ed8f0_0;
    %nor/r;
    %flag_set/vec4 8;
    %jmp/0xz  T_64.0, 8;
    %pushi/vec4 0, 0, 1;
    %ix/load 5, 0, 0;
    %ix/load 4, 7, 0;
    %flag_set/imm 4, 0;
    %assign/vec4/off/d v0x559a5267da70_0, 4, 5;
    %jmp T_64.1;
T_64.0 ;
    %load/vec4 v0x559a5264c380_0;
    %flag_set/vec4 8;
    %jmp/0xz  T_64.2, 8;
    %load/vec4 v0x559a52688880_0;
    %parti/s 1, 7, 4;
    %ix/load 5, 0, 0;
    %ix/load 4, 7, 0;
    %flag_set/imm 4, 0;
    %assign/vec4/off/d v0x559a5267da70_0, 4, 5;
T_64.2 ;
T_64.1 ;
    %jmp T_64;
    .thread T_64;
    .scope S_0x559a5253b280;
T_65 ;
    %wait E_0x559a522e79c0;
    %load/vec4 v0x559a526ed8f0_0;
    %nor/r;
    %flag_set/vec4 8;
    %jmp/0xz  T_65.0, 8;
    %pushi/vec4 0, 0, 1;
    %ix/load 5, 0, 0;
    %ix/load 4, 0, 0;
    %flag_set/imm 4, 0;
    %assign/vec4/off/d v0x559a52687ad0_0, 4, 5;
    %jmp T_65.1;
T_65.0 ;
    %load/vec4 v0x559a5267b160_0;
    %flag_set/vec4 8;
    %jmp/0xz  T_65.2, 8;
    %load/vec4 v0x559a525e8db0_0;
    %parti/s 1, 0, 2;
    %ix/load 5, 0, 0;
    %ix/load 4, 0, 0;
    %flag_set/imm 4, 0;
    %assign/vec4/off/d v0x559a52687ad0_0, 4, 5;
T_65.2 ;
T_65.1 ;
    %jmp T_65;
    .thread T_65;
    .scope S_0x559a5253b280;
T_66 ;
    %wait E_0x559a522e79c0;
    %load/vec4 v0x559a526ed8f0_0;
    %nor/r;
    %flag_set/vec4 8;
    %jmp/0xz  T_66.0, 8;
    %pushi/vec4 0, 0, 1;
    %ix/load 5, 0, 0;
    %ix/load 4, 1, 0;
    %flag_set/imm 4, 0;
    %assign/vec4/off/d v0x559a52687ad0_0, 4, 5;
    %jmp T_66.1;
T_66.0 ;
    %load/vec4 v0x559a5267b160_0;
    %flag_set/vec4 8;
    %jmp/0xz  T_66.2, 8;
    %load/vec4 v0x559a525e8db0_0;
    %parti/s 1, 1, 2;
    %ix/load 5, 0, 0;
    %ix/load 4, 1, 0;
    %flag_set/imm 4, 0;
    %assign/vec4/off/d v0x559a52687ad0_0, 4, 5;
T_66.2 ;
T_66.1 ;
    %jmp T_66;
    .thread T_66;
    .scope S_0x559a5253b280;
T_67 ;
    %wait E_0x559a522e79c0;
    %load/vec4 v0x559a526ed8f0_0;
    %nor/r;
    %flag_set/vec4 8;
    %jmp/0xz  T_67.0, 8;
    %pushi/vec4 0, 0, 1;
    %ix/load 5, 0, 0;
    %ix/load 4, 2, 0;
    %flag_set/imm 4, 0;
    %assign/vec4/off/d v0x559a52687ad0_0, 4, 5;
    %jmp T_67.1;
T_67.0 ;
    %load/vec4 v0x559a5267b160_0;
    %flag_set/vec4 8;
    %jmp/0xz  T_67.2, 8;
    %load/vec4 v0x559a525e8db0_0;
    %parti/s 1, 2, 3;
    %ix/load 5, 0, 0;
    %ix/load 4, 2, 0;
    %flag_set/imm 4, 0;
    %assign/vec4/off/d v0x559a52687ad0_0, 4, 5;
T_67.2 ;
T_67.1 ;
    %jmp T_67;
    .thread T_67;
    .scope S_0x559a5253b280;
T_68 ;
    %wait E_0x559a522e79c0;
    %load/vec4 v0x559a526ed8f0_0;
    %nor/r;
    %flag_set/vec4 8;
    %jmp/0xz  T_68.0, 8;
    %pushi/vec4 0, 0, 1;
    %ix/load 5, 0, 0;
    %ix/load 4, 3, 0;
    %flag_set/imm 4, 0;
    %assign/vec4/off/d v0x559a52687ad0_0, 4, 5;
    %jmp T_68.1;
T_68.0 ;
    %load/vec4 v0x559a5267b160_0;
    %flag_set/vec4 8;
    %jmp/0xz  T_68.2, 8;
    %load/vec4 v0x559a525e8db0_0;
    %parti/s 1, 3, 3;
    %ix/load 5, 0, 0;
    %ix/load 4, 3, 0;
    %flag_set/imm 4, 0;
    %assign/vec4/off/d v0x559a52687ad0_0, 4, 5;
T_68.2 ;
T_68.1 ;
    %jmp T_68;
    .thread T_68;
    .scope S_0x559a5253b280;
T_69 ;
    %wait E_0x559a522e79c0;
    %load/vec4 v0x559a526ed8f0_0;
    %nor/r;
    %flag_set/vec4 8;
    %jmp/0xz  T_69.0, 8;
    %pushi/vec4 0, 0, 1;
    %ix/load 5, 0, 0;
    %ix/load 4, 4, 0;
    %flag_set/imm 4, 0;
    %assign/vec4/off/d v0x559a52687ad0_0, 4, 5;
    %jmp T_69.1;
T_69.0 ;
    %load/vec4 v0x559a5267b160_0;
    %flag_set/vec4 8;
    %jmp/0xz  T_69.2, 8;
    %load/vec4 v0x559a525e8db0_0;
    %parti/s 1, 4, 4;
    %ix/load 5, 0, 0;
    %ix/load 4, 4, 0;
    %flag_set/imm 4, 0;
    %assign/vec4/off/d v0x559a52687ad0_0, 4, 5;
T_69.2 ;
T_69.1 ;
    %jmp T_69;
    .thread T_69;
    .scope S_0x559a5253b280;
T_70 ;
    %wait E_0x559a522e79c0;
    %load/vec4 v0x559a526ed8f0_0;
    %nor/r;
    %flag_set/vec4 8;
    %jmp/0xz  T_70.0, 8;
    %pushi/vec4 0, 0, 1;
    %ix/load 5, 0, 0;
    %ix/load 4, 5, 0;
    %flag_set/imm 4, 0;
    %assign/vec4/off/d v0x559a52687ad0_0, 4, 5;
    %jmp T_70.1;
T_70.0 ;
    %load/vec4 v0x559a5267b160_0;
    %flag_set/vec4 8;
    %jmp/0xz  T_70.2, 8;
    %load/vec4 v0x559a525e8db0_0;
    %parti/s 1, 5, 4;
    %ix/load 5, 0, 0;
    %ix/load 4, 5, 0;
    %flag_set/imm 4, 0;
    %assign/vec4/off/d v0x559a52687ad0_0, 4, 5;
T_70.2 ;
T_70.1 ;
    %jmp T_70;
    .thread T_70;
    .scope S_0x559a5253b280;
T_71 ;
    %wait E_0x559a522e79c0;
    %load/vec4 v0x559a526ed8f0_0;
    %nor/r;
    %flag_set/vec4 8;
    %jmp/0xz  T_71.0, 8;
    %pushi/vec4 0, 0, 1;
    %ix/load 5, 0, 0;
    %ix/load 4, 6, 0;
    %flag_set/imm 4, 0;
    %assign/vec4/off/d v0x559a52687ad0_0, 4, 5;
    %jmp T_71.1;
T_71.0 ;
    %load/vec4 v0x559a5267b160_0;
    %flag_set/vec4 8;
    %jmp/0xz  T_71.2, 8;
    %load/vec4 v0x559a525e8db0_0;
    %parti/s 1, 6, 4;
    %ix/load 5, 0, 0;
    %ix/load 4, 6, 0;
    %flag_set/imm 4, 0;
    %assign/vec4/off/d v0x559a52687ad0_0, 4, 5;
T_71.2 ;
T_71.1 ;
    %jmp T_71;
    .thread T_71;
    .scope S_0x559a5253b280;
T_72 ;
    %wait E_0x559a522e79c0;
    %load/vec4 v0x559a526ed8f0_0;
    %nor/r;
    %flag_set/vec4 8;
    %jmp/0xz  T_72.0, 8;
    %pushi/vec4 0, 0, 1;
    %ix/load 5, 0, 0;
    %ix/load 4, 7, 0;
    %flag_set/imm 4, 0;
    %assign/vec4/off/d v0x559a52687ad0_0, 4, 5;
    %jmp T_72.1;
T_72.0 ;
    %load/vec4 v0x559a5267b160_0;
    %flag_set/vec4 8;
    %jmp/0xz  T_72.2, 8;
    %load/vec4 v0x559a525e8db0_0;
    %parti/s 1, 7, 4;
    %ix/load 5, 0, 0;
    %ix/load 4, 7, 0;
    %flag_set/imm 4, 0;
    %assign/vec4/off/d v0x559a52687ad0_0, 4, 5;
T_72.2 ;
T_72.1 ;
    %jmp T_72;
    .thread T_72;
    .scope S_0x559a5253b280;
T_73 ;
    %wait E_0x559a522e79c0;
    %load/vec4 v0x559a526ed8f0_0;
    %nor/r;
    %flag_set/vec4 8;
    %jmp/0xz  T_73.0, 8;
    %pushi/vec4 0, 0, 1;
    %ix/load 5, 0, 0;
    %ix/load 4, 0, 0;
    %flag_set/imm 4, 0;
    %assign/vec4/off/d v0x559a5267e820_0, 4, 5;
    %jmp T_73.1;
T_73.0 ;
    %load/vec4 v0x559a5264d130_0;
    %flag_set/vec4 8;
    %jmp/0xz  T_73.2, 8;
    %load/vec4 v0x559a52688880_0;
    %parti/s 1, 0, 2;
    %ix/load 5, 0, 0;
    %ix/load 4, 0, 0;
    %flag_set/imm 4, 0;
    %assign/vec4/off/d v0x559a5267e820_0, 4, 5;
T_73.2 ;
T_73.1 ;
    %jmp T_73;
    .thread T_73;
    .scope S_0x559a5253b280;
T_74 ;
    %wait E_0x559a522e79c0;
    %load/vec4 v0x559a526ed8f0_0;
    %nor/r;
    %flag_set/vec4 8;
    %jmp/0xz  T_74.0, 8;
    %pushi/vec4 1, 0, 1;
    %ix/load 5, 0, 0;
    %ix/load 4, 1, 0;
    %flag_set/imm 4, 0;
    %assign/vec4/off/d v0x559a5267e820_0, 4, 5;
    %jmp T_74.1;
T_74.0 ;
    %load/vec4 v0x559a5264d130_0;
    %flag_set/vec4 8;
    %jmp/0xz  T_74.2, 8;
    %load/vec4 v0x559a52688880_0;
    %parti/s 1, 1, 2;
    %ix/load 5, 0, 0;
    %ix/load 4, 1, 0;
    %flag_set/imm 4, 0;
    %assign/vec4/off/d v0x559a5267e820_0, 4, 5;
T_74.2 ;
T_74.1 ;
    %jmp T_74;
    .thread T_74;
    .scope S_0x559a5253b280;
T_75 ;
    %wait E_0x559a522e79c0;
    %load/vec4 v0x559a526ed8f0_0;
    %nor/r;
    %flag_set/vec4 8;
    %jmp/0xz  T_75.0, 8;
    %pushi/vec4 1, 0, 1;
    %ix/load 5, 0, 0;
    %ix/load 4, 2, 0;
    %flag_set/imm 4, 0;
    %assign/vec4/off/d v0x559a5267e820_0, 4, 5;
    %jmp T_75.1;
T_75.0 ;
    %load/vec4 v0x559a5264d130_0;
    %flag_set/vec4 8;
    %jmp/0xz  T_75.2, 8;
    %load/vec4 v0x559a52688880_0;
    %parti/s 1, 2, 3;
    %ix/load 5, 0, 0;
    %ix/load 4, 2, 0;
    %flag_set/imm 4, 0;
    %assign/vec4/off/d v0x559a5267e820_0, 4, 5;
T_75.2 ;
T_75.1 ;
    %jmp T_75;
    .thread T_75;
    .scope S_0x559a5253b280;
T_76 ;
    %wait E_0x559a522e79c0;
    %load/vec4 v0x559a526ed8f0_0;
    %nor/r;
    %flag_set/vec4 8;
    %jmp/0xz  T_76.0, 8;
    %pushi/vec4 1, 0, 1;
    %ix/load 5, 0, 0;
    %ix/load 4, 3, 0;
    %flag_set/imm 4, 0;
    %assign/vec4/off/d v0x559a5267e820_0, 4, 5;
    %jmp T_76.1;
T_76.0 ;
    %load/vec4 v0x559a5264d130_0;
    %flag_set/vec4 8;
    %jmp/0xz  T_76.2, 8;
    %load/vec4 v0x559a52688880_0;
    %parti/s 1, 3, 3;
    %ix/load 5, 0, 0;
    %ix/load 4, 3, 0;
    %flag_set/imm 4, 0;
    %assign/vec4/off/d v0x559a5267e820_0, 4, 5;
T_76.2 ;
T_76.1 ;
    %jmp T_76;
    .thread T_76;
    .scope S_0x559a5253b280;
T_77 ;
    %wait E_0x559a522e79c0;
    %load/vec4 v0x559a526ed8f0_0;
    %nor/r;
    %flag_set/vec4 8;
    %jmp/0xz  T_77.0, 8;
    %pushi/vec4 0, 0, 1;
    %ix/load 5, 0, 0;
    %ix/load 4, 4, 0;
    %flag_set/imm 4, 0;
    %assign/vec4/off/d v0x559a5267e820_0, 4, 5;
    %jmp T_77.1;
T_77.0 ;
    %load/vec4 v0x559a5264d130_0;
    %flag_set/vec4 8;
    %jmp/0xz  T_77.2, 8;
    %load/vec4 v0x559a52688880_0;
    %parti/s 1, 4, 4;
    %ix/load 5, 0, 0;
    %ix/load 4, 4, 0;
    %flag_set/imm 4, 0;
    %assign/vec4/off/d v0x559a5267e820_0, 4, 5;
T_77.2 ;
T_77.1 ;
    %jmp T_77;
    .thread T_77;
    .scope S_0x559a5253b280;
T_78 ;
    %wait E_0x559a522e79c0;
    %load/vec4 v0x559a526ed8f0_0;
    %nor/r;
    %flag_set/vec4 8;
    %jmp/0xz  T_78.0, 8;
    %pushi/vec4 0, 0, 1;
    %ix/load 5, 0, 0;
    %ix/load 4, 5, 0;
    %flag_set/imm 4, 0;
    %assign/vec4/off/d v0x559a5267e820_0, 4, 5;
    %jmp T_78.1;
T_78.0 ;
    %load/vec4 v0x559a5264d130_0;
    %flag_set/vec4 8;
    %jmp/0xz  T_78.2, 8;
    %load/vec4 v0x559a52688880_0;
    %parti/s 1, 5, 4;
    %ix/load 5, 0, 0;
    %ix/load 4, 5, 0;
    %flag_set/imm 4, 0;
    %assign/vec4/off/d v0x559a5267e820_0, 4, 5;
T_78.2 ;
T_78.1 ;
    %jmp T_78;
    .thread T_78;
    .scope S_0x559a5253b280;
T_79 ;
    %wait E_0x559a522e79c0;
    %load/vec4 v0x559a526ed8f0_0;
    %nor/r;
    %flag_set/vec4 8;
    %jmp/0xz  T_79.0, 8;
    %pushi/vec4 0, 0, 1;
    %ix/load 5, 0, 0;
    %ix/load 4, 6, 0;
    %flag_set/imm 4, 0;
    %assign/vec4/off/d v0x559a5267e820_0, 4, 5;
    %jmp T_79.1;
T_79.0 ;
    %load/vec4 v0x559a5264d130_0;
    %flag_set/vec4 8;
    %jmp/0xz  T_79.2, 8;
    %load/vec4 v0x559a52688880_0;
    %parti/s 1, 6, 4;
    %ix/load 5, 0, 0;
    %ix/load 4, 6, 0;
    %flag_set/imm 4, 0;
    %assign/vec4/off/d v0x559a5267e820_0, 4, 5;
T_79.2 ;
T_79.1 ;
    %jmp T_79;
    .thread T_79;
    .scope S_0x559a5253b280;
T_80 ;
    %wait E_0x559a522e79c0;
    %load/vec4 v0x559a526ed8f0_0;
    %nor/r;
    %flag_set/vec4 8;
    %jmp/0xz  T_80.0, 8;
    %pushi/vec4 0, 0, 1;
    %ix/load 5, 0, 0;
    %ix/load 4, 7, 0;
    %flag_set/imm 4, 0;
    %assign/vec4/off/d v0x559a5267e820_0, 4, 5;
    %jmp T_80.1;
T_80.0 ;
    %load/vec4 v0x559a5264d130_0;
    %flag_set/vec4 8;
    %jmp/0xz  T_80.2, 8;
    %load/vec4 v0x559a52688880_0;
    %parti/s 1, 7, 4;
    %ix/load 5, 0, 0;
    %ix/load 4, 7, 0;
    %flag_set/imm 4, 0;
    %assign/vec4/off/d v0x559a5267e820_0, 4, 5;
T_80.2 ;
T_80.1 ;
    %jmp T_80;
    .thread T_80;
    .scope S_0x559a5253b280;
T_81 ;
    %wait E_0x559a522e79c0;
    %load/vec4 v0x559a526ed8f0_0;
    %nor/r;
    %flag_set/vec4 8;
    %jmp/0xz  T_81.0, 8;
    %pushi/vec4 1, 0, 1;
    %ix/load 5, 0, 0;
    %ix/load 4, 0, 0;
    %flag_set/imm 4, 0;
    %assign/vec4/off/d v0x559a5267f670_0, 4, 5;
    %jmp T_81.1;
T_81.0 ;
    %load/vec4 v0x559a5264dee0_0;
    %flag_set/vec4 8;
    %jmp/0xz  T_81.2, 8;
    %load/vec4 v0x559a52688880_0;
    %parti/s 1, 0, 2;
    %ix/load 5, 0, 0;
    %ix/load 4, 0, 0;
    %flag_set/imm 4, 0;
    %assign/vec4/off/d v0x559a5267f670_0, 4, 5;
T_81.2 ;
T_81.1 ;
    %jmp T_81;
    .thread T_81;
    .scope S_0x559a5253b280;
T_82 ;
    %wait E_0x559a522e79c0;
    %load/vec4 v0x559a526ed8f0_0;
    %nor/r;
    %flag_set/vec4 8;
    %jmp/0xz  T_82.0, 8;
    %pushi/vec4 0, 0, 1;
    %ix/load 5, 0, 0;
    %ix/load 4, 1, 0;
    %flag_set/imm 4, 0;
    %assign/vec4/off/d v0x559a5267f670_0, 4, 5;
    %jmp T_82.1;
T_82.0 ;
    %load/vec4 v0x559a5264dee0_0;
    %flag_set/vec4 8;
    %jmp/0xz  T_82.2, 8;
    %load/vec4 v0x559a52688880_0;
    %parti/s 1, 1, 2;
    %ix/load 5, 0, 0;
    %ix/load 4, 1, 0;
    %flag_set/imm 4, 0;
    %assign/vec4/off/d v0x559a5267f670_0, 4, 5;
T_82.2 ;
T_82.1 ;
    %jmp T_82;
    .thread T_82;
    .scope S_0x559a5253b280;
T_83 ;
    %wait E_0x559a522e79c0;
    %load/vec4 v0x559a526ed8f0_0;
    %nor/r;
    %flag_set/vec4 8;
    %jmp/0xz  T_83.0, 8;
    %pushi/vec4 1, 0, 1;
    %ix/load 5, 0, 0;
    %ix/load 4, 2, 0;
    %flag_set/imm 4, 0;
    %assign/vec4/off/d v0x559a5267f670_0, 4, 5;
    %jmp T_83.1;
T_83.0 ;
    %load/vec4 v0x559a5264dee0_0;
    %flag_set/vec4 8;
    %jmp/0xz  T_83.2, 8;
    %load/vec4 v0x559a52688880_0;
    %parti/s 1, 2, 3;
    %ix/load 5, 0, 0;
    %ix/load 4, 2, 0;
    %flag_set/imm 4, 0;
    %assign/vec4/off/d v0x559a5267f670_0, 4, 5;
T_83.2 ;
T_83.1 ;
    %jmp T_83;
    .thread T_83;
    .scope S_0x559a5253b280;
T_84 ;
    %wait E_0x559a522e79c0;
    %load/vec4 v0x559a526ed8f0_0;
    %nor/r;
    %flag_set/vec4 8;
    %jmp/0xz  T_84.0, 8;
    %pushi/vec4 1, 0, 1;
    %ix/load 5, 0, 0;
    %ix/load 4, 3, 0;
    %flag_set/imm 4, 0;
    %assign/vec4/off/d v0x559a5267f670_0, 4, 5;
    %jmp T_84.1;
T_84.0 ;
    %load/vec4 v0x559a5264dee0_0;
    %flag_set/vec4 8;
    %jmp/0xz  T_84.2, 8;
    %load/vec4 v0x559a52688880_0;
    %parti/s 1, 3, 3;
    %ix/load 5, 0, 0;
    %ix/load 4, 3, 0;
    %flag_set/imm 4, 0;
    %assign/vec4/off/d v0x559a5267f670_0, 4, 5;
T_84.2 ;
T_84.1 ;
    %jmp T_84;
    .thread T_84;
    .scope S_0x559a5253b280;
T_85 ;
    %wait E_0x559a522e79c0;
    %load/vec4 v0x559a526ed8f0_0;
    %nor/r;
    %flag_set/vec4 8;
    %jmp/0xz  T_85.0, 8;
    %pushi/vec4 0, 0, 1;
    %ix/load 5, 0, 0;
    %ix/load 4, 4, 0;
    %flag_set/imm 4, 0;
    %assign/vec4/off/d v0x559a5267f670_0, 4, 5;
    %jmp T_85.1;
T_85.0 ;
    %load/vec4 v0x559a5264dee0_0;
    %flag_set/vec4 8;
    %jmp/0xz  T_85.2, 8;
    %load/vec4 v0x559a52688880_0;
    %parti/s 1, 4, 4;
    %ix/load 5, 0, 0;
    %ix/load 4, 4, 0;
    %flag_set/imm 4, 0;
    %assign/vec4/off/d v0x559a5267f670_0, 4, 5;
T_85.2 ;
T_85.1 ;
    %jmp T_85;
    .thread T_85;
    .scope S_0x559a5253b280;
T_86 ;
    %wait E_0x559a522e79c0;
    %load/vec4 v0x559a526ed8f0_0;
    %nor/r;
    %flag_set/vec4 8;
    %jmp/0xz  T_86.0, 8;
    %pushi/vec4 0, 0, 1;
    %ix/load 5, 0, 0;
    %ix/load 4, 5, 0;
    %flag_set/imm 4, 0;
    %assign/vec4/off/d v0x559a5267f670_0, 4, 5;
    %jmp T_86.1;
T_86.0 ;
    %load/vec4 v0x559a5264dee0_0;
    %flag_set/vec4 8;
    %jmp/0xz  T_86.2, 8;
    %load/vec4 v0x559a52688880_0;
    %parti/s 1, 5, 4;
    %ix/load 5, 0, 0;
    %ix/load 4, 5, 0;
    %flag_set/imm 4, 0;
    %assign/vec4/off/d v0x559a5267f670_0, 4, 5;
T_86.2 ;
T_86.1 ;
    %jmp T_86;
    .thread T_86;
    .scope S_0x559a5253b280;
T_87 ;
    %wait E_0x559a522e79c0;
    %load/vec4 v0x559a526ed8f0_0;
    %nor/r;
    %flag_set/vec4 8;
    %jmp/0xz  T_87.0, 8;
    %pushi/vec4 0, 0, 1;
    %ix/load 5, 0, 0;
    %ix/load 4, 6, 0;
    %flag_set/imm 4, 0;
    %assign/vec4/off/d v0x559a5267f670_0, 4, 5;
    %jmp T_87.1;
T_87.0 ;
    %load/vec4 v0x559a5264dee0_0;
    %flag_set/vec4 8;
    %jmp/0xz  T_87.2, 8;
    %load/vec4 v0x559a52688880_0;
    %parti/s 1, 6, 4;
    %ix/load 5, 0, 0;
    %ix/load 4, 6, 0;
    %flag_set/imm 4, 0;
    %assign/vec4/off/d v0x559a5267f670_0, 4, 5;
T_87.2 ;
T_87.1 ;
    %jmp T_87;
    .thread T_87;
    .scope S_0x559a5253b280;
T_88 ;
    %wait E_0x559a522e79c0;
    %load/vec4 v0x559a526ed8f0_0;
    %nor/r;
    %flag_set/vec4 8;
    %jmp/0xz  T_88.0, 8;
    %pushi/vec4 0, 0, 1;
    %ix/load 5, 0, 0;
    %ix/load 4, 7, 0;
    %flag_set/imm 4, 0;
    %assign/vec4/off/d v0x559a5267f670_0, 4, 5;
    %jmp T_88.1;
T_88.0 ;
    %load/vec4 v0x559a5264dee0_0;
    %flag_set/vec4 8;
    %jmp/0xz  T_88.2, 8;
    %load/vec4 v0x559a52688880_0;
    %parti/s 1, 7, 4;
    %ix/load 5, 0, 0;
    %ix/load 4, 7, 0;
    %flag_set/imm 4, 0;
    %assign/vec4/off/d v0x559a5267f670_0, 4, 5;
T_88.2 ;
T_88.1 ;
    %jmp T_88;
    .thread T_88;
    .scope S_0x559a5253b280;
T_89 ;
    %wait E_0x559a522e79c0;
    %load/vec4 v0x559a526ed8f0_0;
    %nor/r;
    %flag_set/vec4 8;
    %jmp/0xz  T_89.0, 8;
    %pushi/vec4 0, 0, 1;
    %assign/vec4 v0x559a526903b0_0, 0;
    %jmp T_89.1;
T_89.0 ;
    %load/vec4 v0x559a5265c2d0_0;
    %flag_set/vec4 8;
    %jmp/0xz  T_89.2, 8;
    %load/vec4 v0x559a52691160_0;
    %assign/vec4 v0x559a526903b0_0, 0;
T_89.2 ;
T_89.1 ;
    %jmp T_89;
    .thread T_89;
    .scope S_0x559a5253b280;
T_90 ;
    %wait E_0x559a522e79c0;
    %load/vec4 v0x559a526ed8f0_0;
    %nor/r;
    %flag_set/vec4 8;
    %jmp/0xz  T_90.0, 8;
    %pushi/vec4 0, 0, 1;
    %ix/load 5, 0, 0;
    %ix/load 4, 0, 0;
    %flag_set/imm 4, 0;
    %assign/vec4/off/d v0x559a5267f5d0_0, 4, 5;
    %jmp T_90.1;
T_90.0 ;
    %load/vec4 v0x559a5264ec90_0;
    %flag_set/vec4 8;
    %jmp/0xz  T_90.2, 8;
    %load/vec4 v0x559a52688880_0;
    %parti/s 1, 0, 2;
    %ix/load 5, 0, 0;
    %ix/load 4, 0, 0;
    %flag_set/imm 4, 0;
    %assign/vec4/off/d v0x559a5267f5d0_0, 4, 5;
T_90.2 ;
T_90.1 ;
    %jmp T_90;
    .thread T_90;
    .scope S_0x559a5253b280;
T_91 ;
    %wait E_0x559a522e79c0;
    %load/vec4 v0x559a526ed8f0_0;
    %nor/r;
    %flag_set/vec4 8;
    %jmp/0xz  T_91.0, 8;
    %pushi/vec4 0, 0, 1;
    %ix/load 5, 0, 0;
    %ix/load 4, 1, 0;
    %flag_set/imm 4, 0;
    %assign/vec4/off/d v0x559a5267f5d0_0, 4, 5;
    %jmp T_91.1;
T_91.0 ;
    %load/vec4 v0x559a5264ec90_0;
    %flag_set/vec4 8;
    %jmp/0xz  T_91.2, 8;
    %load/vec4 v0x559a52688880_0;
    %parti/s 1, 1, 2;
    %ix/load 5, 0, 0;
    %ix/load 4, 1, 0;
    %flag_set/imm 4, 0;
    %assign/vec4/off/d v0x559a5267f5d0_0, 4, 5;
T_91.2 ;
T_91.1 ;
    %jmp T_91;
    .thread T_91;
    .scope S_0x559a5253b280;
T_92 ;
    %wait E_0x559a522e79c0;
    %load/vec4 v0x559a526ed8f0_0;
    %nor/r;
    %flag_set/vec4 8;
    %jmp/0xz  T_92.0, 8;
    %pushi/vec4 1, 0, 1;
    %ix/load 5, 0, 0;
    %ix/load 4, 2, 0;
    %flag_set/imm 4, 0;
    %assign/vec4/off/d v0x559a5267f5d0_0, 4, 5;
    %jmp T_92.1;
T_92.0 ;
    %load/vec4 v0x559a5264ec90_0;
    %flag_set/vec4 8;
    %jmp/0xz  T_92.2, 8;
    %load/vec4 v0x559a52688880_0;
    %parti/s 1, 2, 3;
    %ix/load 5, 0, 0;
    %ix/load 4, 2, 0;
    %flag_set/imm 4, 0;
    %assign/vec4/off/d v0x559a5267f5d0_0, 4, 5;
T_92.2 ;
T_92.1 ;
    %jmp T_92;
    .thread T_92;
    .scope S_0x559a5253b280;
T_93 ;
    %wait E_0x559a522e79c0;
    %load/vec4 v0x559a526ed8f0_0;
    %nor/r;
    %flag_set/vec4 8;
    %jmp/0xz  T_93.0, 8;
    %pushi/vec4 1, 0, 1;
    %ix/load 5, 0, 0;
    %ix/load 4, 3, 0;
    %flag_set/imm 4, 0;
    %assign/vec4/off/d v0x559a5267f5d0_0, 4, 5;
    %jmp T_93.1;
T_93.0 ;
    %load/vec4 v0x559a5264ec90_0;
    %flag_set/vec4 8;
    %jmp/0xz  T_93.2, 8;
    %load/vec4 v0x559a52688880_0;
    %parti/s 1, 3, 3;
    %ix/load 5, 0, 0;
    %ix/load 4, 3, 0;
    %flag_set/imm 4, 0;
    %assign/vec4/off/d v0x559a5267f5d0_0, 4, 5;
T_93.2 ;
T_93.1 ;
    %jmp T_93;
    .thread T_93;
    .scope S_0x559a5253b280;
T_94 ;
    %wait E_0x559a522e79c0;
    %load/vec4 v0x559a526ed8f0_0;
    %nor/r;
    %flag_set/vec4 8;
    %jmp/0xz  T_94.0, 8;
    %pushi/vec4 0, 0, 1;
    %ix/load 5, 0, 0;
    %ix/load 4, 4, 0;
    %flag_set/imm 4, 0;
    %assign/vec4/off/d v0x559a5267f5d0_0, 4, 5;
    %jmp T_94.1;
T_94.0 ;
    %load/vec4 v0x559a5264ec90_0;
    %flag_set/vec4 8;
    %jmp/0xz  T_94.2, 8;
    %load/vec4 v0x559a52688880_0;
    %parti/s 1, 4, 4;
    %ix/load 5, 0, 0;
    %ix/load 4, 4, 0;
    %flag_set/imm 4, 0;
    %assign/vec4/off/d v0x559a5267f5d0_0, 4, 5;
T_94.2 ;
T_94.1 ;
    %jmp T_94;
    .thread T_94;
    .scope S_0x559a5253b280;
T_95 ;
    %wait E_0x559a522e79c0;
    %load/vec4 v0x559a526ed8f0_0;
    %nor/r;
    %flag_set/vec4 8;
    %jmp/0xz  T_95.0, 8;
    %pushi/vec4 0, 0, 1;
    %ix/load 5, 0, 0;
    %ix/load 4, 5, 0;
    %flag_set/imm 4, 0;
    %assign/vec4/off/d v0x559a5267f5d0_0, 4, 5;
    %jmp T_95.1;
T_95.0 ;
    %load/vec4 v0x559a5264ec90_0;
    %flag_set/vec4 8;
    %jmp/0xz  T_95.2, 8;
    %load/vec4 v0x559a52688880_0;
    %parti/s 1, 5, 4;
    %ix/load 5, 0, 0;
    %ix/load 4, 5, 0;
    %flag_set/imm 4, 0;
    %assign/vec4/off/d v0x559a5267f5d0_0, 4, 5;
T_95.2 ;
T_95.1 ;
    %jmp T_95;
    .thread T_95;
    .scope S_0x559a5253b280;
T_96 ;
    %wait E_0x559a522e79c0;
    %load/vec4 v0x559a526ed8f0_0;
    %nor/r;
    %flag_set/vec4 8;
    %jmp/0xz  T_96.0, 8;
    %pushi/vec4 0, 0, 1;
    %ix/load 5, 0, 0;
    %ix/load 4, 6, 0;
    %flag_set/imm 4, 0;
    %assign/vec4/off/d v0x559a5267f5d0_0, 4, 5;
    %jmp T_96.1;
T_96.0 ;
    %load/vec4 v0x559a5264ec90_0;
    %flag_set/vec4 8;
    %jmp/0xz  T_96.2, 8;
    %load/vec4 v0x559a52688880_0;
    %parti/s 1, 6, 4;
    %ix/load 5, 0, 0;
    %ix/load 4, 6, 0;
    %flag_set/imm 4, 0;
    %assign/vec4/off/d v0x559a5267f5d0_0, 4, 5;
T_96.2 ;
T_96.1 ;
    %jmp T_96;
    .thread T_96;
    .scope S_0x559a5253b280;
T_97 ;
    %wait E_0x559a522e79c0;
    %load/vec4 v0x559a526ed8f0_0;
    %nor/r;
    %flag_set/vec4 8;
    %jmp/0xz  T_97.0, 8;
    %pushi/vec4 0, 0, 1;
    %ix/load 5, 0, 0;
    %ix/load 4, 7, 0;
    %flag_set/imm 4, 0;
    %assign/vec4/off/d v0x559a5267f5d0_0, 4, 5;
    %jmp T_97.1;
T_97.0 ;
    %load/vec4 v0x559a5264ec90_0;
    %flag_set/vec4 8;
    %jmp/0xz  T_97.2, 8;
    %load/vec4 v0x559a52688880_0;
    %parti/s 1, 7, 4;
    %ix/load 5, 0, 0;
    %ix/load 4, 7, 0;
    %flag_set/imm 4, 0;
    %assign/vec4/off/d v0x559a5267f5d0_0, 4, 5;
T_97.2 ;
T_97.1 ;
    %jmp T_97;
    .thread T_97;
    .scope S_0x559a5253b280;
T_98 ;
    %wait E_0x559a522e79c0;
    %load/vec4 v0x559a526ed8f0_0;
    %nor/r;
    %flag_set/vec4 8;
    %jmp/0xz  T_98.0, 8;
    %pushi/vec4 0, 0, 1;
    %ix/load 5, 0, 0;
    %ix/load 4, 0, 0;
    %flag_set/imm 4, 0;
    %assign/vec4/off/d v0x559a52689630_0, 4, 5;
    %jmp T_98.1;
T_98.0 ;
    %load/vec4 v0x559a52657570_0;
    %flag_set/vec4 8;
    %jmp/0xz  T_98.2, 8;
    %load/vec4 v0x559a526c1e60_0;
    %parti/s 1, 1, 2;
    %ix/load 5, 0, 0;
    %ix/load 4, 0, 0;
    %flag_set/imm 4, 0;
    %assign/vec4/off/d v0x559a52689630_0, 4, 5;
T_98.2 ;
T_98.1 ;
    %jmp T_98;
    .thread T_98;
    .scope S_0x559a5253b280;
T_99 ;
    %wait E_0x559a522e79c0;
    %load/vec4 v0x559a526ed8f0_0;
    %nor/r;
    %flag_set/vec4 8;
    %jmp/0xz  T_99.0, 8;
    %pushi/vec4 0, 0, 1;
    %ix/load 5, 0, 0;
    %ix/load 4, 1, 0;
    %flag_set/imm 4, 0;
    %assign/vec4/off/d v0x559a52689630_0, 4, 5;
    %jmp T_99.1;
T_99.0 ;
    %load/vec4 v0x559a52657570_0;
    %flag_set/vec4 8;
    %jmp/0xz  T_99.2, 8;
    %load/vec4 v0x559a525e85c0_0;
    %parti/s 1, 1, 2;
    %ix/load 5, 0, 0;
    %ix/load 4, 1, 0;
    %flag_set/imm 4, 0;
    %assign/vec4/off/d v0x559a52689630_0, 4, 5;
T_99.2 ;
T_99.1 ;
    %jmp T_99;
    .thread T_99;
    .scope S_0x559a5253b280;
T_100 ;
    %wait E_0x559a522e79c0;
    %load/vec4 v0x559a526ed8f0_0;
    %nor/r;
    %flag_set/vec4 8;
    %jmp/0xz  T_100.0, 8;
    %pushi/vec4 0, 0, 1;
    %ix/load 5, 0, 0;
    %ix/load 4, 2, 0;
    %flag_set/imm 4, 0;
    %assign/vec4/off/d v0x559a52689630_0, 4, 5;
    %jmp T_100.1;
T_100.0 ;
    %load/vec4 v0x559a52657570_0;
    %flag_set/vec4 8;
    %jmp/0xz  T_100.2, 8;
    %load/vec4 v0x559a525e85c0_0;
    %parti/s 1, 2, 3;
    %ix/load 5, 0, 0;
    %ix/load 4, 2, 0;
    %flag_set/imm 4, 0;
    %assign/vec4/off/d v0x559a52689630_0, 4, 5;
T_100.2 ;
T_100.1 ;
    %jmp T_100;
    .thread T_100;
    .scope S_0x559a5253b280;
T_101 ;
    %wait E_0x559a522e79c0;
    %load/vec4 v0x559a526ed8f0_0;
    %nor/r;
    %flag_set/vec4 8;
    %jmp/0xz  T_101.0, 8;
    %pushi/vec4 0, 0, 1;
    %ix/load 5, 0, 0;
    %ix/load 4, 3, 0;
    %flag_set/imm 4, 0;
    %assign/vec4/off/d v0x559a52689630_0, 4, 5;
    %jmp T_101.1;
T_101.0 ;
    %load/vec4 v0x559a52657570_0;
    %flag_set/vec4 8;
    %jmp/0xz  T_101.2, 8;
    %load/vec4 v0x559a525e85c0_0;
    %parti/s 1, 3, 3;
    %ix/load 5, 0, 0;
    %ix/load 4, 3, 0;
    %flag_set/imm 4, 0;
    %assign/vec4/off/d v0x559a52689630_0, 4, 5;
T_101.2 ;
T_101.1 ;
    %jmp T_101;
    .thread T_101;
    .scope S_0x559a5253b280;
T_102 ;
    %wait E_0x559a522e79c0;
    %load/vec4 v0x559a526ed8f0_0;
    %nor/r;
    %flag_set/vec4 8;
    %jmp/0xz  T_102.0, 8;
    %pushi/vec4 0, 0, 1;
    %ix/load 5, 0, 0;
    %ix/load 4, 4, 0;
    %flag_set/imm 4, 0;
    %assign/vec4/off/d v0x559a52689630_0, 4, 5;
    %jmp T_102.1;
T_102.0 ;
    %load/vec4 v0x559a52657570_0;
    %flag_set/vec4 8;
    %jmp/0xz  T_102.2, 8;
    %load/vec4 v0x559a525e85c0_0;
    %parti/s 1, 4, 4;
    %ix/load 5, 0, 0;
    %ix/load 4, 4, 0;
    %flag_set/imm 4, 0;
    %assign/vec4/off/d v0x559a52689630_0, 4, 5;
T_102.2 ;
T_102.1 ;
    %jmp T_102;
    .thread T_102;
    .scope S_0x559a5253b280;
T_103 ;
    %wait E_0x559a522e79c0;
    %load/vec4 v0x559a526ed8f0_0;
    %nor/r;
    %flag_set/vec4 8;
    %jmp/0xz  T_103.0, 8;
    %pushi/vec4 0, 0, 1;
    %ix/load 5, 0, 0;
    %ix/load 4, 5, 0;
    %flag_set/imm 4, 0;
    %assign/vec4/off/d v0x559a52689630_0, 4, 5;
    %jmp T_103.1;
T_103.0 ;
    %load/vec4 v0x559a52657570_0;
    %flag_set/vec4 8;
    %jmp/0xz  T_103.2, 8;
    %load/vec4 v0x559a525e85c0_0;
    %parti/s 1, 5, 4;
    %ix/load 5, 0, 0;
    %ix/load 4, 5, 0;
    %flag_set/imm 4, 0;
    %assign/vec4/off/d v0x559a52689630_0, 4, 5;
T_103.2 ;
T_103.1 ;
    %jmp T_103;
    .thread T_103;
    .scope S_0x559a5253b280;
T_104 ;
    %wait E_0x559a522e79c0;
    %load/vec4 v0x559a526ed8f0_0;
    %nor/r;
    %flag_set/vec4 8;
    %jmp/0xz  T_104.0, 8;
    %pushi/vec4 0, 0, 1;
    %ix/load 5, 0, 0;
    %ix/load 4, 6, 0;
    %flag_set/imm 4, 0;
    %assign/vec4/off/d v0x559a52689630_0, 4, 5;
    %jmp T_104.1;
T_104.0 ;
    %load/vec4 v0x559a52657570_0;
    %flag_set/vec4 8;
    %jmp/0xz  T_104.2, 8;
    %load/vec4 v0x559a525e85c0_0;
    %parti/s 1, 6, 4;
    %ix/load 5, 0, 0;
    %ix/load 4, 6, 0;
    %flag_set/imm 4, 0;
    %assign/vec4/off/d v0x559a52689630_0, 4, 5;
T_104.2 ;
T_104.1 ;
    %jmp T_104;
    .thread T_104;
    .scope S_0x559a5253b280;
T_105 ;
    %wait E_0x559a522e79c0;
    %load/vec4 v0x559a526ed8f0_0;
    %nor/r;
    %flag_set/vec4 8;
    %jmp/0xz  T_105.0, 8;
    %pushi/vec4 0, 0, 1;
    %ix/load 5, 0, 0;
    %ix/load 4, 7, 0;
    %flag_set/imm 4, 0;
    %assign/vec4/off/d v0x559a52689630_0, 4, 5;
    %jmp T_105.1;
T_105.0 ;
    %load/vec4 v0x559a52657570_0;
    %flag_set/vec4 8;
    %jmp/0xz  T_105.2, 8;
    %load/vec4 v0x559a525e85c0_0;
    %parti/s 1, 7, 4;
    %ix/load 5, 0, 0;
    %ix/load 4, 7, 0;
    %flag_set/imm 4, 0;
    %assign/vec4/off/d v0x559a52689630_0, 4, 5;
T_105.2 ;
T_105.1 ;
    %jmp T_105;
    .thread T_105;
    .scope S_0x559a5253b280;
T_106 ;
    %wait E_0x559a522e79c0;
    %load/vec4 v0x559a526ed8f0_0;
    %nor/r;
    %flag_set/vec4 8;
    %jmp/0xz  T_106.0, 8;
    %pushi/vec4 1, 0, 1;
    %ix/load 5, 0, 0;
    %ix/load 4, 0, 0;
    %flag_set/imm 4, 0;
    %assign/vec4/off/d v0x559a52680380_0, 4, 5;
    %jmp T_106.1;
T_106.0 ;
    %load/vec4 v0x559a5264fa40_0;
    %flag_set/vec4 8;
    %jmp/0xz  T_106.2, 8;
    %load/vec4 v0x559a52688880_0;
    %parti/s 1, 0, 2;
    %ix/load 5, 0, 0;
    %ix/load 4, 0, 0;
    %flag_set/imm 4, 0;
    %assign/vec4/off/d v0x559a52680380_0, 4, 5;
T_106.2 ;
T_106.1 ;
    %jmp T_106;
    .thread T_106;
    .scope S_0x559a5253b280;
T_107 ;
    %wait E_0x559a522e79c0;
    %load/vec4 v0x559a526ed8f0_0;
    %nor/r;
    %flag_set/vec4 8;
    %jmp/0xz  T_107.0, 8;
    %pushi/vec4 1, 0, 1;
    %ix/load 5, 0, 0;
    %ix/load 4, 1, 0;
    %flag_set/imm 4, 0;
    %assign/vec4/off/d v0x559a52680380_0, 4, 5;
    %jmp T_107.1;
T_107.0 ;
    %load/vec4 v0x559a5264fa40_0;
    %flag_set/vec4 8;
    %jmp/0xz  T_107.2, 8;
    %load/vec4 v0x559a52688880_0;
    %parti/s 1, 1, 2;
    %ix/load 5, 0, 0;
    %ix/load 4, 1, 0;
    %flag_set/imm 4, 0;
    %assign/vec4/off/d v0x559a52680380_0, 4, 5;
T_107.2 ;
T_107.1 ;
    %jmp T_107;
    .thread T_107;
    .scope S_0x559a5253b280;
T_108 ;
    %wait E_0x559a522e79c0;
    %load/vec4 v0x559a526ed8f0_0;
    %nor/r;
    %flag_set/vec4 8;
    %jmp/0xz  T_108.0, 8;
    %pushi/vec4 0, 0, 1;
    %ix/load 5, 0, 0;
    %ix/load 4, 2, 0;
    %flag_set/imm 4, 0;
    %assign/vec4/off/d v0x559a52680380_0, 4, 5;
    %jmp T_108.1;
T_108.0 ;
    %load/vec4 v0x559a5264fa40_0;
    %flag_set/vec4 8;
    %jmp/0xz  T_108.2, 8;
    %load/vec4 v0x559a52688880_0;
    %parti/s 1, 2, 3;
    %ix/load 5, 0, 0;
    %ix/load 4, 2, 0;
    %flag_set/imm 4, 0;
    %assign/vec4/off/d v0x559a52680380_0, 4, 5;
T_108.2 ;
T_108.1 ;
    %jmp T_108;
    .thread T_108;
    .scope S_0x559a5253b280;
T_109 ;
    %wait E_0x559a522e79c0;
    %load/vec4 v0x559a526ed8f0_0;
    %nor/r;
    %flag_set/vec4 8;
    %jmp/0xz  T_109.0, 8;
    %pushi/vec4 1, 0, 1;
    %ix/load 5, 0, 0;
    %ix/load 4, 3, 0;
    %flag_set/imm 4, 0;
    %assign/vec4/off/d v0x559a52680380_0, 4, 5;
    %jmp T_109.1;
T_109.0 ;
    %load/vec4 v0x559a5264fa40_0;
    %flag_set/vec4 8;
    %jmp/0xz  T_109.2, 8;
    %load/vec4 v0x559a52688880_0;
    %parti/s 1, 3, 3;
    %ix/load 5, 0, 0;
    %ix/load 4, 3, 0;
    %flag_set/imm 4, 0;
    %assign/vec4/off/d v0x559a52680380_0, 4, 5;
T_109.2 ;
T_109.1 ;
    %jmp T_109;
    .thread T_109;
    .scope S_0x559a5253b280;
T_110 ;
    %wait E_0x559a522e79c0;
    %load/vec4 v0x559a526ed8f0_0;
    %nor/r;
    %flag_set/vec4 8;
    %jmp/0xz  T_110.0, 8;
    %pushi/vec4 0, 0, 1;
    %ix/load 5, 0, 0;
    %ix/load 4, 4, 0;
    %flag_set/imm 4, 0;
    %assign/vec4/off/d v0x559a52680380_0, 4, 5;
    %jmp T_110.1;
T_110.0 ;
    %load/vec4 v0x559a5264fa40_0;
    %flag_set/vec4 8;
    %jmp/0xz  T_110.2, 8;
    %load/vec4 v0x559a52688880_0;
    %parti/s 1, 4, 4;
    %ix/load 5, 0, 0;
    %ix/load 4, 4, 0;
    %flag_set/imm 4, 0;
    %assign/vec4/off/d v0x559a52680380_0, 4, 5;
T_110.2 ;
T_110.1 ;
    %jmp T_110;
    .thread T_110;
    .scope S_0x559a5253b280;
T_111 ;
    %wait E_0x559a522e79c0;
    %load/vec4 v0x559a526ed8f0_0;
    %nor/r;
    %flag_set/vec4 8;
    %jmp/0xz  T_111.0, 8;
    %pushi/vec4 0, 0, 1;
    %ix/load 5, 0, 0;
    %ix/load 4, 5, 0;
    %flag_set/imm 4, 0;
    %assign/vec4/off/d v0x559a52680380_0, 4, 5;
    %jmp T_111.1;
T_111.0 ;
    %load/vec4 v0x559a5264fa40_0;
    %flag_set/vec4 8;
    %jmp/0xz  T_111.2, 8;
    %load/vec4 v0x559a52688880_0;
    %parti/s 1, 5, 4;
    %ix/load 5, 0, 0;
    %ix/load 4, 5, 0;
    %flag_set/imm 4, 0;
    %assign/vec4/off/d v0x559a52680380_0, 4, 5;
T_111.2 ;
T_111.1 ;
    %jmp T_111;
    .thread T_111;
    .scope S_0x559a5253b280;
T_112 ;
    %wait E_0x559a522e79c0;
    %load/vec4 v0x559a526ed8f0_0;
    %nor/r;
    %flag_set/vec4 8;
    %jmp/0xz  T_112.0, 8;
    %pushi/vec4 0, 0, 1;
    %ix/load 5, 0, 0;
    %ix/load 4, 6, 0;
    %flag_set/imm 4, 0;
    %assign/vec4/off/d v0x559a52680380_0, 4, 5;
    %jmp T_112.1;
T_112.0 ;
    %load/vec4 v0x559a5264fa40_0;
    %flag_set/vec4 8;
    %jmp/0xz  T_112.2, 8;
    %load/vec4 v0x559a52688880_0;
    %parti/s 1, 6, 4;
    %ix/load 5, 0, 0;
    %ix/load 4, 6, 0;
    %flag_set/imm 4, 0;
    %assign/vec4/off/d v0x559a52680380_0, 4, 5;
T_112.2 ;
T_112.1 ;
    %jmp T_112;
    .thread T_112;
    .scope S_0x559a5253b280;
T_113 ;
    %wait E_0x559a522e79c0;
    %load/vec4 v0x559a526ed8f0_0;
    %nor/r;
    %flag_set/vec4 8;
    %jmp/0xz  T_113.0, 8;
    %pushi/vec4 0, 0, 1;
    %ix/load 5, 0, 0;
    %ix/load 4, 7, 0;
    %flag_set/imm 4, 0;
    %assign/vec4/off/d v0x559a52680380_0, 4, 5;
    %jmp T_113.1;
T_113.0 ;
    %load/vec4 v0x559a5264fa40_0;
    %flag_set/vec4 8;
    %jmp/0xz  T_113.2, 8;
    %load/vec4 v0x559a52688880_0;
    %parti/s 1, 7, 4;
    %ix/load 5, 0, 0;
    %ix/load 4, 7, 0;
    %flag_set/imm 4, 0;
    %assign/vec4/off/d v0x559a52680380_0, 4, 5;
T_113.2 ;
T_113.1 ;
    %jmp T_113;
    .thread T_113;
    .scope S_0x559a5253b280;
T_114 ;
    %wait E_0x559a522e79c0;
    %load/vec4 v0x559a526ed8f0_0;
    %nor/r;
    %flag_set/vec4 8;
    %jmp/0xz  T_114.0, 8;
    %pushi/vec4 0, 0, 1;
    %assign/vec4 v0x559a5267b160_0, 0;
    %jmp T_114.1;
T_114.0 ;
    %load/vec4 v0x559a52655a10_0;
    %flag_set/vec4 8;
    %jmp/0xz  T_114.2, 8;
    %load/vec4 v0x559a52681ee0_0;
    %parti/s 1, 7, 4;
    %assign/vec4 v0x559a5267b160_0, 0;
T_114.2 ;
T_114.1 ;
    %jmp T_114;
    .thread T_114;
    .scope S_0x559a5253b280;
T_115 ;
    %wait E_0x559a522e79c0;
    %load/vec4 v0x559a526ed8f0_0;
    %nor/r;
    %flag_set/vec4 8;
    %jmp/0xz  T_115.0, 8;
    %pushi/vec4 0, 0, 1;
    %ix/load 5, 0, 0;
    %ix/load 4, 0, 0;
    %flag_set/imm 4, 0;
    %assign/vec4/off/d v0x559a52681130_0, 4, 5;
    %jmp T_115.1;
T_115.0 ;
    %load/vec4 v0x559a526507f0_0;
    %flag_set/vec4 8;
    %jmp/0xz  T_115.2, 8;
    %load/vec4 v0x559a52688880_0;
    %parti/s 1, 0, 2;
    %ix/load 5, 0, 0;
    %ix/load 4, 0, 0;
    %flag_set/imm 4, 0;
    %assign/vec4/off/d v0x559a52681130_0, 4, 5;
T_115.2 ;
T_115.1 ;
    %jmp T_115;
    .thread T_115;
    .scope S_0x559a5253b280;
T_116 ;
    %wait E_0x559a522e79c0;
    %load/vec4 v0x559a526ed8f0_0;
    %nor/r;
    %flag_set/vec4 8;
    %jmp/0xz  T_116.0, 8;
    %pushi/vec4 1, 0, 1;
    %ix/load 5, 0, 0;
    %ix/load 4, 1, 0;
    %flag_set/imm 4, 0;
    %assign/vec4/off/d v0x559a52681130_0, 4, 5;
    %jmp T_116.1;
T_116.0 ;
    %load/vec4 v0x559a526507f0_0;
    %flag_set/vec4 8;
    %jmp/0xz  T_116.2, 8;
    %load/vec4 v0x559a52688880_0;
    %parti/s 1, 1, 2;
    %ix/load 5, 0, 0;
    %ix/load 4, 1, 0;
    %flag_set/imm 4, 0;
    %assign/vec4/off/d v0x559a52681130_0, 4, 5;
T_116.2 ;
T_116.1 ;
    %jmp T_116;
    .thread T_116;
    .scope S_0x559a5253b280;
T_117 ;
    %wait E_0x559a522e79c0;
    %load/vec4 v0x559a526ed8f0_0;
    %nor/r;
    %flag_set/vec4 8;
    %jmp/0xz  T_117.0, 8;
    %pushi/vec4 0, 0, 1;
    %ix/load 5, 0, 0;
    %ix/load 4, 2, 0;
    %flag_set/imm 4, 0;
    %assign/vec4/off/d v0x559a52681130_0, 4, 5;
    %jmp T_117.1;
T_117.0 ;
    %load/vec4 v0x559a526507f0_0;
    %flag_set/vec4 8;
    %jmp/0xz  T_117.2, 8;
    %load/vec4 v0x559a52688880_0;
    %parti/s 1, 2, 3;
    %ix/load 5, 0, 0;
    %ix/load 4, 2, 0;
    %flag_set/imm 4, 0;
    %assign/vec4/off/d v0x559a52681130_0, 4, 5;
T_117.2 ;
T_117.1 ;
    %jmp T_117;
    .thread T_117;
    .scope S_0x559a5253b280;
T_118 ;
    %wait E_0x559a522e79c0;
    %load/vec4 v0x559a526ed8f0_0;
    %nor/r;
    %flag_set/vec4 8;
    %jmp/0xz  T_118.0, 8;
    %pushi/vec4 1, 0, 1;
    %ix/load 5, 0, 0;
    %ix/load 4, 3, 0;
    %flag_set/imm 4, 0;
    %assign/vec4/off/d v0x559a52681130_0, 4, 5;
    %jmp T_118.1;
T_118.0 ;
    %load/vec4 v0x559a526507f0_0;
    %flag_set/vec4 8;
    %jmp/0xz  T_118.2, 8;
    %load/vec4 v0x559a52688880_0;
    %parti/s 1, 3, 3;
    %ix/load 5, 0, 0;
    %ix/load 4, 3, 0;
    %flag_set/imm 4, 0;
    %assign/vec4/off/d v0x559a52681130_0, 4, 5;
T_118.2 ;
T_118.1 ;
    %jmp T_118;
    .thread T_118;
    .scope S_0x559a5253b280;
T_119 ;
    %wait E_0x559a522e79c0;
    %load/vec4 v0x559a526ed8f0_0;
    %nor/r;
    %flag_set/vec4 8;
    %jmp/0xz  T_119.0, 8;
    %pushi/vec4 0, 0, 1;
    %ix/load 5, 0, 0;
    %ix/load 4, 4, 0;
    %flag_set/imm 4, 0;
    %assign/vec4/off/d v0x559a52681130_0, 4, 5;
    %jmp T_119.1;
T_119.0 ;
    %load/vec4 v0x559a526507f0_0;
    %flag_set/vec4 8;
    %jmp/0xz  T_119.2, 8;
    %load/vec4 v0x559a52688880_0;
    %parti/s 1, 4, 4;
    %ix/load 5, 0, 0;
    %ix/load 4, 4, 0;
    %flag_set/imm 4, 0;
    %assign/vec4/off/d v0x559a52681130_0, 4, 5;
T_119.2 ;
T_119.1 ;
    %jmp T_119;
    .thread T_119;
    .scope S_0x559a5253b280;
T_120 ;
    %wait E_0x559a522e79c0;
    %load/vec4 v0x559a526ed8f0_0;
    %nor/r;
    %flag_set/vec4 8;
    %jmp/0xz  T_120.0, 8;
    %pushi/vec4 0, 0, 1;
    %ix/load 5, 0, 0;
    %ix/load 4, 5, 0;
    %flag_set/imm 4, 0;
    %assign/vec4/off/d v0x559a52681130_0, 4, 5;
    %jmp T_120.1;
T_120.0 ;
    %load/vec4 v0x559a526507f0_0;
    %flag_set/vec4 8;
    %jmp/0xz  T_120.2, 8;
    %load/vec4 v0x559a52688880_0;
    %parti/s 1, 5, 4;
    %ix/load 5, 0, 0;
    %ix/load 4, 5, 0;
    %flag_set/imm 4, 0;
    %assign/vec4/off/d v0x559a52681130_0, 4, 5;
T_120.2 ;
T_120.1 ;
    %jmp T_120;
    .thread T_120;
    .scope S_0x559a5253b280;
T_121 ;
    %wait E_0x559a522e79c0;
    %load/vec4 v0x559a526ed8f0_0;
    %nor/r;
    %flag_set/vec4 8;
    %jmp/0xz  T_121.0, 8;
    %pushi/vec4 0, 0, 1;
    %ix/load 5, 0, 0;
    %ix/load 4, 6, 0;
    %flag_set/imm 4, 0;
    %assign/vec4/off/d v0x559a52681130_0, 4, 5;
    %jmp T_121.1;
T_121.0 ;
    %load/vec4 v0x559a526507f0_0;
    %flag_set/vec4 8;
    %jmp/0xz  T_121.2, 8;
    %load/vec4 v0x559a52688880_0;
    %parti/s 1, 6, 4;
    %ix/load 5, 0, 0;
    %ix/load 4, 6, 0;
    %flag_set/imm 4, 0;
    %assign/vec4/off/d v0x559a52681130_0, 4, 5;
T_121.2 ;
T_121.1 ;
    %jmp T_121;
    .thread T_121;
    .scope S_0x559a5253b280;
T_122 ;
    %wait E_0x559a522e79c0;
    %load/vec4 v0x559a526ed8f0_0;
    %nor/r;
    %flag_set/vec4 8;
    %jmp/0xz  T_122.0, 8;
    %pushi/vec4 0, 0, 1;
    %ix/load 5, 0, 0;
    %ix/load 4, 7, 0;
    %flag_set/imm 4, 0;
    %assign/vec4/off/d v0x559a52681130_0, 4, 5;
    %jmp T_122.1;
T_122.0 ;
    %load/vec4 v0x559a526507f0_0;
    %flag_set/vec4 8;
    %jmp/0xz  T_122.2, 8;
    %load/vec4 v0x559a52688880_0;
    %parti/s 1, 7, 4;
    %ix/load 5, 0, 0;
    %ix/load 4, 7, 0;
    %flag_set/imm 4, 0;
    %assign/vec4/off/d v0x559a52681130_0, 4, 5;
T_122.2 ;
T_122.1 ;
    %jmp T_122;
    .thread T_122;
    .scope S_0x559a5253b280;
T_123 ;
    %wait E_0x559a522e79c0;
    %load/vec4 v0x559a526ed8f0_0;
    %nor/r;
    %flag_set/vec4 8;
    %jmp/0xz  T_123.0, 8;
    %pushi/vec4 0, 0, 1;
    %assign/vec4 v0x559a5268ccf0_0, 0;
    %jmp T_123.1;
T_123.0 ;
    %load/vec4 v0x559a5265c2d0_0;
    %flag_set/vec4 8;
    %jmp/0xz  T_123.2, 8;
    %load/vec4 v0x559a5268daa0_0;
    %assign/vec4 v0x559a5268ccf0_0, 0;
T_123.2 ;
T_123.1 ;
    %jmp T_123;
    .thread T_123;
    .scope S_0x559a5253b280;
T_124 ;
    %wait E_0x559a522e79c0;
    %load/vec4 v0x559a526ed8f0_0;
    %nor/r;
    %flag_set/vec4 8;
    %jmp/0xz  T_124.0, 8;
    %pushi/vec4 0, 0, 1;
    %assign/vec4 v0x559a526ed770_0, 0;
    %jmp T_124.1;
T_124.0 ;
    %load/vec4 v0x559a526515a0_0;
    %flag_set/vec4 8;
    %jmp/0xz  T_124.2, 8;
    %load/vec4 v0x559a526691f0_0;
    %parti/s 1, 3, 3;
    %assign/vec4 v0x559a526ed770_0, 0;
T_124.2 ;
T_124.1 ;
    %jmp T_124;
    .thread T_124;
    .scope S_0x559a5253b280;
T_125 ;
    %wait E_0x559a522e79c0;
    %load/vec4 v0x559a526ed8f0_0;
    %nor/r;
    %flag_set/vec4 8;
    %jmp/0xz  T_125.0, 8;
    %pushi/vec4 0, 0, 1;
    %assign/vec4 v0x559a526ed530_0, 0;
    %jmp T_125.1;
T_125.0 ;
    %load/vec4 v0x559a52652350_0;
    %flag_set/vec4 8;
    %jmp/0xz  T_125.2, 8;
    %load/vec4 v0x559a526691f0_0;
    %parti/s 1, 0, 2;
    %assign/vec4 v0x559a526ed530_0, 0;
T_125.2 ;
T_125.1 ;
    %jmp T_125;
    .thread T_125;
    .scope S_0x559a5253b280;
T_126 ;
    %wait E_0x559a522e79c0;
    %load/vec4 v0x559a526ed8f0_0;
    %nor/r;
    %flag_set/vec4 8;
    %jmp/0xz  T_126.0, 8;
    %pushi/vec4 0, 0, 1;
    %assign/vec4 v0x559a526ed5f0_0, 0;
    %jmp T_126.1;
T_126.0 ;
    %load/vec4 v0x559a52653100_0;
    %flag_set/vec4 8;
    %jmp/0xz  T_126.2, 8;
    %load/vec4 v0x559a526691f0_0;
    %parti/s 1, 1, 2;
    %assign/vec4 v0x559a526ed5f0_0, 0;
T_126.2 ;
T_126.1 ;
    %jmp T_126;
    .thread T_126;
    .scope S_0x559a5253b280;
T_127 ;
    %wait E_0x559a522e79c0;
    %load/vec4 v0x559a526ed8f0_0;
    %nor/r;
    %flag_set/vec4 8;
    %jmp/0xz  T_127.0, 8;
    %pushi/vec4 0, 0, 1;
    %assign/vec4 v0x559a526ed6b0_0, 0;
    %jmp T_127.1;
T_127.0 ;
    %load/vec4 v0x559a52653eb0_0;
    %flag_set/vec4 8;
    %jmp/0xz  T_127.2, 8;
    %load/vec4 v0x559a526691f0_0;
    %parti/s 1, 2, 3;
    %assign/vec4 v0x559a526ed6b0_0, 0;
T_127.2 ;
T_127.1 ;
    %jmp T_127;
    .thread T_127;
    .scope S_0x559a5253b280;
T_128 ;
    %wait E_0x559a522e79c0;
    %load/vec4 v0x559a526ed8f0_0;
    %nor/r;
    %flag_set/vec4 8;
    %jmp/0xz  T_128.0, 8;
    %pushi/vec4 0, 0, 1;
    %assign/vec4 v0x559a526ed830_0, 0;
    %jmp T_128.1;
T_128.0 ;
    %load/vec4 v0x559a52654c60_0;
    %flag_set/vec4 8;
    %jmp/0xz  T_128.2, 8;
    %load/vec4 v0x559a526691f0_0;
    %parti/s 1, 4, 4;
    %assign/vec4 v0x559a526ed830_0, 0;
T_128.2 ;
T_128.1 ;
    %jmp T_128;
    .thread T_128;
    .scope S_0x559a5253b280;
T_129 ;
    %wait E_0x559a522e79c0;
    %load/vec4 v0x559a526ed8f0_0;
    %nor/r;
    %flag_set/vec4 8;
    %jmp/0xz  T_129.0, 8;
    %pushi/vec4 0, 0, 1;
    %ix/load 5, 0, 0;
    %ix/load 4, 0, 0;
    %flag_set/imm 4, 0;
    %assign/vec4/off/d v0x559a5267bf10_0, 4, 5;
    %jmp T_129.1;
T_129.0 ;
    %load/vec4 v0x559a526567c0_0;
    %flag_set/vec4 8;
    %jmp/0xz  T_129.2, 8;
    %load/vec4 v0x559a52688880_0;
    %parti/s 1, 0, 2;
    %ix/load 5, 0, 0;
    %ix/load 4, 0, 0;
    %flag_set/imm 4, 0;
    %assign/vec4/off/d v0x559a5267bf10_0, 4, 5;
T_129.2 ;
T_129.1 ;
    %jmp T_129;
    .thread T_129;
    .scope S_0x559a5253b280;
T_130 ;
    %wait E_0x559a522e79c0;
    %load/vec4 v0x559a526ed8f0_0;
    %nor/r;
    %flag_set/vec4 8;
    %jmp/0xz  T_130.0, 8;
    %pushi/vec4 0, 0, 1;
    %ix/load 5, 0, 0;
    %ix/load 4, 1, 0;
    %flag_set/imm 4, 0;
    %assign/vec4/off/d v0x559a5267bf10_0, 4, 5;
    %jmp T_130.1;
T_130.0 ;
    %load/vec4 v0x559a526567c0_0;
    %flag_set/vec4 8;
    %jmp/0xz  T_130.2, 8;
    %load/vec4 v0x559a52688880_0;
    %parti/s 1, 1, 2;
    %ix/load 5, 0, 0;
    %ix/load 4, 1, 0;
    %flag_set/imm 4, 0;
    %assign/vec4/off/d v0x559a5267bf10_0, 4, 5;
T_130.2 ;
T_130.1 ;
    %jmp T_130;
    .thread T_130;
    .scope S_0x559a5253b280;
T_131 ;
    %wait E_0x559a522e79c0;
    %load/vec4 v0x559a526ed8f0_0;
    %nor/r;
    %flag_set/vec4 8;
    %jmp/0xz  T_131.0, 8;
    %pushi/vec4 0, 0, 1;
    %ix/load 5, 0, 0;
    %ix/load 4, 2, 0;
    %flag_set/imm 4, 0;
    %assign/vec4/off/d v0x559a5267bf10_0, 4, 5;
    %jmp T_131.1;
T_131.0 ;
    %load/vec4 v0x559a526567c0_0;
    %flag_set/vec4 8;
    %jmp/0xz  T_131.2, 8;
    %load/vec4 v0x559a52688880_0;
    %parti/s 1, 2, 3;
    %ix/load 5, 0, 0;
    %ix/load 4, 2, 0;
    %flag_set/imm 4, 0;
    %assign/vec4/off/d v0x559a5267bf10_0, 4, 5;
T_131.2 ;
T_131.1 ;
    %jmp T_131;
    .thread T_131;
    .scope S_0x559a5253b280;
T_132 ;
    %wait E_0x559a522e79c0;
    %load/vec4 v0x559a526ed8f0_0;
    %nor/r;
    %flag_set/vec4 8;
    %jmp/0xz  T_132.0, 8;
    %pushi/vec4 0, 0, 1;
    %ix/load 5, 0, 0;
    %ix/load 4, 3, 0;
    %flag_set/imm 4, 0;
    %assign/vec4/off/d v0x559a5267bf10_0, 4, 5;
    %jmp T_132.1;
T_132.0 ;
    %load/vec4 v0x559a526567c0_0;
    %flag_set/vec4 8;
    %jmp/0xz  T_132.2, 8;
    %load/vec4 v0x559a52688880_0;
    %parti/s 1, 3, 3;
    %ix/load 5, 0, 0;
    %ix/load 4, 3, 0;
    %flag_set/imm 4, 0;
    %assign/vec4/off/d v0x559a5267bf10_0, 4, 5;
T_132.2 ;
T_132.1 ;
    %jmp T_132;
    .thread T_132;
    .scope S_0x559a5253b280;
T_133 ;
    %wait E_0x559a522e79c0;
    %load/vec4 v0x559a526ed8f0_0;
    %nor/r;
    %flag_set/vec4 8;
    %jmp/0xz  T_133.0, 8;
    %pushi/vec4 1, 0, 1;
    %ix/load 5, 0, 0;
    %ix/load 4, 4, 0;
    %flag_set/imm 4, 0;
    %assign/vec4/off/d v0x559a5267bf10_0, 4, 5;
    %jmp T_133.1;
T_133.0 ;
    %load/vec4 v0x559a526567c0_0;
    %flag_set/vec4 8;
    %jmp/0xz  T_133.2, 8;
    %load/vec4 v0x559a52688880_0;
    %parti/s 1, 4, 4;
    %ix/load 5, 0, 0;
    %ix/load 4, 4, 0;
    %flag_set/imm 4, 0;
    %assign/vec4/off/d v0x559a5267bf10_0, 4, 5;
T_133.2 ;
T_133.1 ;
    %jmp T_133;
    .thread T_133;
    .scope S_0x559a5253b280;
T_134 ;
    %wait E_0x559a522e79c0;
    %load/vec4 v0x559a526ed8f0_0;
    %nor/r;
    %flag_set/vec4 8;
    %jmp/0xz  T_134.0, 8;
    %pushi/vec4 1, 0, 1;
    %ix/load 5, 0, 0;
    %ix/load 4, 5, 0;
    %flag_set/imm 4, 0;
    %assign/vec4/off/d v0x559a5267bf10_0, 4, 5;
    %jmp T_134.1;
T_134.0 ;
    %load/vec4 v0x559a526567c0_0;
    %flag_set/vec4 8;
    %jmp/0xz  T_134.2, 8;
    %load/vec4 v0x559a52688880_0;
    %parti/s 1, 5, 4;
    %ix/load 5, 0, 0;
    %ix/load 4, 5, 0;
    %flag_set/imm 4, 0;
    %assign/vec4/off/d v0x559a5267bf10_0, 4, 5;
T_134.2 ;
T_134.1 ;
    %jmp T_134;
    .thread T_134;
    .scope S_0x559a5253b280;
T_135 ;
    %wait E_0x559a522e79c0;
    %load/vec4 v0x559a526ed8f0_0;
    %nor/r;
    %flag_set/vec4 8;
    %jmp/0xz  T_135.0, 8;
    %pushi/vec4 0, 0, 1;
    %ix/load 5, 0, 0;
    %ix/load 4, 6, 0;
    %flag_set/imm 4, 0;
    %assign/vec4/off/d v0x559a5267bf10_0, 4, 5;
    %jmp T_135.1;
T_135.0 ;
    %load/vec4 v0x559a526567c0_0;
    %flag_set/vec4 8;
    %jmp/0xz  T_135.2, 8;
    %load/vec4 v0x559a52688880_0;
    %parti/s 1, 6, 4;
    %ix/load 5, 0, 0;
    %ix/load 4, 6, 0;
    %flag_set/imm 4, 0;
    %assign/vec4/off/d v0x559a5267bf10_0, 4, 5;
T_135.2 ;
T_135.1 ;
    %jmp T_135;
    .thread T_135;
    .scope S_0x559a5253b280;
T_136 ;
    %wait E_0x559a522e79c0;
    %load/vec4 v0x559a526ed8f0_0;
    %nor/r;
    %flag_set/vec4 8;
    %jmp/0xz  T_136.0, 8;
    %pushi/vec4 0, 0, 1;
    %ix/load 5, 0, 0;
    %ix/load 4, 7, 0;
    %flag_set/imm 4, 0;
    %assign/vec4/off/d v0x559a5267bf10_0, 4, 5;
    %jmp T_136.1;
T_136.0 ;
    %load/vec4 v0x559a526567c0_0;
    %flag_set/vec4 8;
    %jmp/0xz  T_136.2, 8;
    %load/vec4 v0x559a52688880_0;
    %parti/s 1, 7, 4;
    %ix/load 5, 0, 0;
    %ix/load 4, 7, 0;
    %flag_set/imm 4, 0;
    %assign/vec4/off/d v0x559a5267bf10_0, 4, 5;
T_136.2 ;
T_136.1 ;
    %jmp T_136;
    .thread T_136;
    .scope S_0x559a5253b280;
T_137 ;
    %wait E_0x559a522e79c0;
    %load/vec4 v0x559a526ed8f0_0;
    %nor/r;
    %flag_set/vec4 8;
    %jmp/0xz  T_137.0, 8;
    %pushi/vec4 0, 0, 1;
    %assign/vec4 v0x559a526851c0_0, 0;
    %jmp T_137.1;
T_137.0 ;
    %load/vec4 v0x559a52657570_0;
    %flag_set/vec4 8;
    %jmp/0xz  T_137.2, 8;
    %load/vec4 v0x559a525ec350_0;
    %assign/vec4 v0x559a526851c0_0, 0;
T_137.2 ;
T_137.1 ;
    %jmp T_137;
    .thread T_137;
    .scope S_0x559a5253b280;
T_138 ;
    %wait E_0x559a522e79c0;
    %load/vec4 v0x559a526ed8f0_0;
    %nor/r;
    %flag_set/vec4 8;
    %jmp/0xz  T_138.0, 8;
    %pushi/vec4 0, 0, 1;
    %ix/load 5, 0, 0;
    %ix/load 4, 0, 0;
    %flag_set/imm 4, 0;
    %assign/vec4/off/d v0x559a52692cc0_0, 4, 5;
    %jmp T_138.1;
T_138.0 ;
    %load/vec4 v0x559a52658320_0;
    %flag_set/vec4 8;
    %jmp/0xz  T_138.2, 8;
    %load/vec4 v0x559a5266e410_0;
    %parti/s 1, 0, 2;
    %ix/load 5, 0, 0;
    %ix/load 4, 0, 0;
    %flag_set/imm 4, 0;
    %assign/vec4/off/d v0x559a52692cc0_0, 4, 5;
T_138.2 ;
T_138.1 ;
    %jmp T_138;
    .thread T_138;
    .scope S_0x559a5253b280;
T_139 ;
    %wait E_0x559a522e79c0;
    %load/vec4 v0x559a526ed8f0_0;
    %nor/r;
    %flag_set/vec4 8;
    %jmp/0xz  T_139.0, 8;
    %pushi/vec4 0, 0, 1;
    %ix/load 5, 0, 0;
    %ix/load 4, 1, 0;
    %flag_set/imm 4, 0;
    %assign/vec4/off/d v0x559a52692cc0_0, 4, 5;
    %jmp T_139.1;
T_139.0 ;
    %load/vec4 v0x559a52658320_0;
    %flag_set/vec4 8;
    %jmp/0xz  T_139.2, 8;
    %load/vec4 v0x559a5266e410_0;
    %parti/s 1, 1, 2;
    %ix/load 5, 0, 0;
    %ix/load 4, 1, 0;
    %flag_set/imm 4, 0;
    %assign/vec4/off/d v0x559a52692cc0_0, 4, 5;
T_139.2 ;
T_139.1 ;
    %jmp T_139;
    .thread T_139;
    .scope S_0x559a5253b280;
T_140 ;
    %wait E_0x559a522e79c0;
    %load/vec4 v0x559a526ed8f0_0;
    %nor/r;
    %flag_set/vec4 8;
    %jmp/0xz  T_140.0, 8;
    %pushi/vec4 0, 0, 1;
    %ix/load 5, 0, 0;
    %ix/load 4, 2, 0;
    %flag_set/imm 4, 0;
    %assign/vec4/off/d v0x559a52692cc0_0, 4, 5;
    %jmp T_140.1;
T_140.0 ;
    %load/vec4 v0x559a52658320_0;
    %flag_set/vec4 8;
    %jmp/0xz  T_140.2, 8;
    %load/vec4 v0x559a5266e410_0;
    %parti/s 1, 2, 3;
    %ix/load 5, 0, 0;
    %ix/load 4, 2, 0;
    %flag_set/imm 4, 0;
    %assign/vec4/off/d v0x559a52692cc0_0, 4, 5;
T_140.2 ;
T_140.1 ;
    %jmp T_140;
    .thread T_140;
    .scope S_0x559a5253b280;
T_141 ;
    %wait E_0x559a522e79c0;
    %load/vec4 v0x559a526ed8f0_0;
    %nor/r;
    %flag_set/vec4 8;
    %jmp/0xz  T_141.0, 8;
    %pushi/vec4 0, 0, 1;
    %ix/load 5, 0, 0;
    %ix/load 4, 3, 0;
    %flag_set/imm 4, 0;
    %assign/vec4/off/d v0x559a52692cc0_0, 4, 5;
    %jmp T_141.1;
T_141.0 ;
    %load/vec4 v0x559a52658320_0;
    %flag_set/vec4 8;
    %jmp/0xz  T_141.2, 8;
    %load/vec4 v0x559a5266e410_0;
    %parti/s 1, 3, 3;
    %ix/load 5, 0, 0;
    %ix/load 4, 3, 0;
    %flag_set/imm 4, 0;
    %assign/vec4/off/d v0x559a52692cc0_0, 4, 5;
T_141.2 ;
T_141.1 ;
    %jmp T_141;
    .thread T_141;
    .scope S_0x559a524db730;
T_142 ;
    %pushi/vec4 0, 0, 1;
    %store/vec4 v0x559a526ee020_0, 0, 1;
T_142.0 ;
    %delay 1, 0;
    %load/vec4 v0x559a526ee020_0;
    %inv;
    %store/vec4 v0x559a526ee020_0, 0, 1;
    %jmp T_142.0;
T_142.1 ;
    %end;
    .thread T_142;
    .scope S_0x559a524db730;
T_143 ;
    %pushi/vec4 0, 0, 32;
    %store/vec4 v0x559a526ee3c0_0, 0, 32;
    %pushi/vec4 0, 0, 32;
    %store/vec4 v0x559a526ee670_0, 0, 32;
T_143.0 ; Top of for-loop
    %load/vec4 v0x559a526ee670_0;
    %cmpi/s 3, 0, 32;
    %flag_or 5, 4;
	  %jmp/0xz T_143.1, 5;
    %load/vec4 v0x559a526ee670_0;
    %parti/s 2, 0, 2;
    %store/vec4 v0x559a52629010_0, 0, 2;
    %fork TD_tb_spi_slave.run_mode, S_0x559a524db330;
    %join;
T_143.2 ; for-loop step statement
    %load/vec4 v0x559a526ee670_0;
    %addi 1, 0, 32;
    %store/vec4 v0x559a526ee670_0, 0, 32;
    %jmp T_143.0;
T_143.1 ; for-loop exit label
    %load/vec4 v0x559a526ee3c0_0;
    %cmpi/e 0, 0, 32;
    %jmp/0xz  T_143.3, 4;
    %vpi_call/w 3 155 "$display", "PASS: all checks passed in all 4 SPI modes" {0 0 0};
    %jmp T_143.4;
T_143.3 ;
    %vpi_call/w 3 157 "$display", "FAIL: %0d check(s) failed", v0x559a526ee3c0_0 {0 0 0};
T_143.4 ;
    %delay 20, 0;
    %vpi_call/w 3 158 "$finish" {0 0 0};
    %end;
    .thread T_143;
    .scope S_0x559a524db730;
T_144 ;
    %vpi_call/w 3 163 "$dumpfile", "tb_spi_slave_synth.vcd" {0 0 0};
    %vpi_call/w 3 167 "$dumpvars", 32'sb00000000000000000000000000000000, S_0x559a524db730 {0 0 0};
    %end;
    .thread T_144;
# The file index is used to find the file name in the following table.
:file_names 5;
    "N/A";
    "<interactive>";
    "-";
    "tb_spi_slave.v";
    "flow/spi_slave_synth.v";
