=== thick-oxide cells: /foss/designs/sg13g2_stdcell_hv ===
bash -lc 'source ihp_pdk.env && librelane config.yaml --pdk ihp-sg13g2 --pdk-root /foss/pdks --manual-pdk'
[13:42:07] INFO     Starting a new run of the 'Classic'' flow with   flow.py:654
                    the tag 'RUN_2026-08-16_13-42-07'.                          
[13:42:07] INFO     Starting…                                  sequential.py:339
──────────────────────────────── Verilator Lint ────────────────────────────────
[13:42:07] VERBOSE  Running 'Verilator.Lint' at                     step.py:1138
                    'runs/RUN_2026-08-16_13-42-07/01-verilator-lint             
                    '…                                                          
[13:42:07] VERBOSE  Logging subprocess to                           step.py:1338
                    'runs/RUN_2026-08-16_13-42-07/01-verilator-lint             
                    /verilator-lint.log'…                                       
%Warning-WIDTHEXPAND: /foss/designs/spi-slave-ihp/spi_slave.v:75:10: Operator   
ASSIGNDLY expects 8 bits on the Assign RHS, but Assign RHS's CONST '1'h0'       
generates 1 bits.                                                               
                                                                   : ... note:  
In instance 'spi_slave'                                                         
   75 |   debug  <= 1'b0;                                                       
      |          ^~                                                             
                      ... For warning description see                           
https://verilator.org/warn/WIDTHEXPAND?v=5.050                                  
                      ... Use "/* verilator lint_off WIDTHEXPAND */" and lint_on
around source to disable this message.                                          
%Warning-CASEINCOMPLETE: /foss/designs/spi-slave-ihp/spi_slave.v:96:4: Case     
values incompletely covered (example pattern 0x8)                               
   96 |    case (Add_SPI)                                                       
      |    ^~~~                                                                 
                         ... For warning description see                        
https://verilator.org/warn/CASEINCOMPLETE?v=5.050                               
                         ... Use "/* verilator lint_off CASEINCOMPLETE */" and  
lint_on around source to disable this message.                                  
%Warning-CASEINCOMPLETE: /foss/designs/spi-slave-ihp/spi_slave.v:136:3: Case    
values incompletely covered (example pattern 0x5)                               
  136 |   case (SPI_State)                                                      
      |   ^~~~                                                                  
- V e r i l a t i o n   R e p o r t: Verilator 5.050 2026-07-01 rev v5.050      
- Verilator: Built from 0.146 MB sources in 108 modules, into 0.025 MB in 3 C++ 
files needing 0.000 MB                                                          
- Verilator: Walltime 0.012 s (elab=0.002, cvt=0.004, bld=0.000); cpu 0.012 s on
1 threads; allocated 33.613 MB                                                  
────────────────────────── Lint Timing Errors Checker ──────────────────────────
[13:42:08] VERBOSE  Running 'Checker.LintTimingConstructs' at       step.py:1138
                    'runs/RUN_2026-08-16_13-42-07/02-checker-lintti             
                    mingconstructs'…                                            
[13:42:08] INFO     Check for Lint Timing Errors clear.           checker.py:412
───────────────────────────── Lint Errors Checker ──────────────────────────────
[13:42:08] VERBOSE  Running 'Checker.LintErrors' at                 step.py:1138
                    'runs/RUN_2026-08-16_13-42-07/03-checker-linter             
                    rors'…                                                      
[13:42:08] INFO     Check for Lint errors clear.                  checker.py:131
──────────────────────────── Lint Warnings Checker ─────────────────────────────
[13:42:08] VERBOSE  Running 'Checker.LintWarnings' at               step.py:1138
                    'runs/RUN_2026-08-16_13-42-07/04-checker-lintwa             
                    rnings'…                                                    
[13:42:08] WARNING  3 Lint warnings found.                        checker.py:122
───────────────────────────── Generate JSON Header ─────────────────────────────
[13:42:08] VERBOSE  Running 'Yosys.JsonHeader' at                   step.py:1138
                    'runs/RUN_2026-08-16_13-42-07/05-yosys-jsonhead             
                    er'…                                                        
[13:42:08] VERBOSE  Logging subprocess to                           step.py:1338
                    'runs/RUN_2026-08-16_13-42-07/05-yosys-jsonhead             
                    er/yosys-jsonheader.log'…                                   
                                                                                
 /----------------------------------------------------------------------------\ 
 |  yosys -- Yosys Open SYnthesis Suite                                       | 
 |  Copyright (C) 2012 - 2026  Claire Xenia Wolf <claire@yosyshq.com>         | 
 |  Distributed under an ISC-like license, type "license" to see terms        | 
 \----------------------------------------------------------------------------/ 
 Yosys 0.67 (git sha1 2d1509d1b, Release, GNU /usr/bin/c++ 13.3.0)              
                                                                                
1. Executing Verilog-2005 frontend:                                             
/foss/designs/spi-slave-ihp/flow_hv/runs/RUN_2026-08-16_13-42-07/tmp/b5f69ce7004
5450cb3506e0dfc7ad7c4.bb.v                                                      
Parsing SystemVerilog input from                                                
`/foss/designs/spi-slave-ihp/flow_hv/runs/RUN_2026-08-16_13-42-07/tmp/b5f69ce700
45450cb3506e0dfc7ad7c4.bb.v' to AST representation.                             
Generating RTLIL representation for module `\sg13g2_hv_a21o_1'.                 
Generating RTLIL representation for module `\sg13g2_hv_a21o_2'.                 
Generating RTLIL representation for module `\sg13g2_hv_a21oi_1'.                
Generating RTLIL representation for module `\sg13g2_hv_a21oi_2'.                
Generating RTLIL representation for module `\sg13g2_hv_a221oi_1'.               
Generating RTLIL representation for module `\sg13g2_hv_a22oi_1'.                
Generating RTLIL representation for module `\sg13g2_hv_and2_1'.                 
Generating RTLIL representation for module `\sg13g2_hv_and2_2'.                 
Generating RTLIL representation for module `\sg13g2_hv_and3_1'.                 
Generating RTLIL representation for module `\sg13g2_hv_and3_2'.                 
Generating RTLIL representation for module `\sg13g2_hv_and4_1'.                 
Generating RTLIL representation for module `\sg13g2_hv_and4_2'.                 
Generating RTLIL representation for module `\sg13g2_hv_antennanp'.              
Generating RTLIL representation for module `\sg13g2_hv_buf_1'.                  
Generating RTLIL representation for module `\sg13g2_hv_buf_16'.                 
Generating RTLIL representation for module `\sg13g2_hv_buf_2'.                  
Generating RTLIL representation for module `\sg13g2_hv_buf_4'.                  
Generating RTLIL representation for module `\sg13g2_hv_buf_8'.                  
Generating RTLIL representation for module `\sg13g2_hv_decap_4'.                
Generating RTLIL representation for module `\sg13g2_hv_decap_8'.                
Generating RTLIL representation for module `\sg13g2_hv_dfrbp_1'.                
Generating RTLIL representation for module `\sg13g2_hv_dfrbp_2'.                
Generating RTLIL representation for module `\sg13g2_hv_dfrbpq_1'.               
Generating RTLIL representation for module `\sg13g2_hv_dfrbpq_2'.               
Generating RTLIL representation for module `\sg13g2_hv_dlhq_1'.                 
Generating RTLIL representation for module `\sg13g2_hv_dlhr_1'.                 
Generating RTLIL representation for module `\sg13g2_hv_dlhrq_1'.                
Generating RTLIL representation for module `\sg13g2_hv_dllr_1'.                 
Generating RTLIL representation for module `\sg13g2_hv_dllrq_1'.                
Generating RTLIL representation for module `\sg13g2_hv_dlygate4sd1_1'.          
Generating RTLIL representation for module `\sg13g2_hv_dlygate4sd2_1'.          
Generating RTLIL representation for module `\sg13g2_hv_dlygate4sd3_1'.          
Generating RTLIL representation for module `\sg13g2_hv_ebufn_2'.                
Generating RTLIL representation for module `\sg13g2_hv_ebufn_4'.                
Generating RTLIL representation for module `\sg13g2_hv_ebufn_8'.                
Generating RTLIL representation for module `\sg13g2_hv_einvn_2'.                
Generating RTLIL representation for module `\sg13g2_hv_einvn_4'.                
Generating RTLIL representation for module `\sg13g2_hv_einvn_8'.                
Generating RTLIL representation for module `\sg13g2_hv_fill_1'.                 
Generating RTLIL representation for module `\sg13g2_hv_fill_2'.                 
Generating RTLIL representation for module `\sg13g2_hv_fill_4'.                 
Generating RTLIL representation for module `\sg13g2_hv_fill_8'.                 
Generating RTLIL representation for module `\sg13g2_hv_inv_1'.                  
Generating RTLIL representation for module `\sg13g2_hv_inv_16'.                 
Generating RTLIL representation for module `\sg13g2_hv_inv_2'.                  
Generating RTLIL representation for module `\sg13g2_hv_inv_4'.                  
Generating RTLIL representation for module `\sg13g2_hv_inv_8'.                  
Generating RTLIL representation for module `\sg13g2_hv_lgcp_1'.                 
Generating RTLIL representation for module `\sg13g2_hv_mux2_1'.                 
Generating RTLIL representation for module `\sg13g2_hv_mux2_2'.                 
Generating RTLIL representation for module `\sg13g2_hv_mux4_1'.                 
Generating RTLIL representation for module `\sg13g2_hv_nand2_1'.                
Generating RTLIL representation for module `\sg13g2_hv_nand2_2'.                
Generating RTLIL representation for module `\sg13g2_hv_nand2b_1'.               
Generating RTLIL representation for module `\sg13g2_hv_nand2b_2'.               
Generating RTLIL representation for module `\sg13g2_hv_nand3_1'.                
Generating RTLIL representation for module `\sg13g2_hv_nand3b_1'.               
Generating RTLIL representation for module `\sg13g2_hv_nand4_1'.                
Generating RTLIL representation for module `\sg13g2_hv_nor2_1'.                 
Generating RTLIL representation for module `\sg13g2_hv_nor2_2'.                 
Generating RTLIL representation for module `\sg13g2_hv_nor2b_1'.                
Generating RTLIL representation for module `\sg13g2_hv_nor2b_2'.                
Generating RTLIL representation for module `\sg13g2_hv_nor3_1'.                 
Generating RTLIL representation for module `\sg13g2_hv_nor3_2'.                 
Generating RTLIL representation for module `\sg13g2_hv_nor4_1'.                 
Generating RTLIL representation for module `\sg13g2_hv_nor4_2'.                 
Generating RTLIL representation for module `\sg13g2_hv_o21ai_1'.                
Generating RTLIL representation for module `\sg13g2_hv_or2_1'.                  
Generating RTLIL representation for module `\sg13g2_hv_or2_2'.                  
Generating RTLIL representation for module `\sg13g2_hv_or3_1'.                  
Generating RTLIL representation for module `\sg13g2_hv_or3_2'.                  
Generating RTLIL representation for module `\sg13g2_hv_or4_1'.                  
Generating RTLIL representation for module `\sg13g2_hv_or4_2'.                  
Generating RTLIL representation for module `\sg13g2_hv_sdfbbp_1'.               
Generating RTLIL representation for module `\sg13g2_hv_sdfrbp_1'.               
Generating RTLIL representation for module `\sg13g2_hv_sdfrbp_2'.               
Generating RTLIL representation for module `\sg13g2_hv_sdfrbpq_1'.              
Generating RTLIL representation for module `\sg13g2_hv_sdfrbpq_2'.              
Generating RTLIL representation for module `\sg13g2_hv_sighold'.                
Generating RTLIL representation for module `\sg13g2_hv_slgcp_1'.                
Generating RTLIL representation for module `\sg13g2_hv_tiehi'.                  
Generating RTLIL representation for module `\sg13g2_hv_tielo'.                  
Generating RTLIL representation for module `\sg13g2_hv_xnor2_1'.                
Generating RTLIL representation for module `\sg13g2_hv_xor2_1'.                 
Successfully finished Verilog frontend.                                         
                                                                                
2. Executing Verilog-2005 frontend:                                             
/foss/designs/spi-slave-ihp/flow_hv/runs/RUN_2026-08-16_13-42-07/tmp/21351b2792a
c44beb1f9b62e32f158c8.bb.v                                                      
Parsing SystemVerilog input from                                                
`/foss/designs/spi-slave-ihp/flow_hv/runs/RUN_2026-08-16_13-42-07/tmp/21351b2792
ac44beb1f9b62e32f158c8.bb.v' to AST representation.                             
Generating RTLIL representation for module `\sg13g2_Corner'.                    
Generating RTLIL representation for module `\sg13g2_Filler1000'.                
Generating RTLIL representation for module `\sg13g2_Filler10000'.               
Generating RTLIL representation for module `\sg13g2_Filler200'.                 
Generating RTLIL representation for module `\sg13g2_Filler2000'.                
Generating RTLIL representation for module `\sg13g2_Filler400'.                 
Generating RTLIL representation for module `\sg13g2_Filler4000'.                
Generating RTLIL representation for module `\sg13g2_IOPadAnalog'.               
Generating RTLIL representation for module `\sg13g2_IOPadIOVdd'.                
Generating RTLIL representation for module `\sg13g2_IOPadIOVss'.                
Generating RTLIL representation for module `\sg13g2_IOPadIn'.                   
Generating RTLIL representation for module `\sg13g2_IOPadInOut16mA'.            
Generating RTLIL representation for module `\sg13g2_IOPadInOut30mA'.            
Generating RTLIL representation for module `\sg13g2_IOPadInOut4mA'.             
Generating RTLIL representation for module `\sg13g2_IOPadOut16mA'.              
Generating RTLIL representation for module `\sg13g2_IOPadOut30mA'.              
Generating RTLIL representation for module `\sg13g2_IOPadOut4mA'.               
Generating RTLIL representation for module `\sg13g2_IOPadTriOut16mA'.           
Generating RTLIL representation for module `\sg13g2_IOPadTriOut30mA'.           
Generating RTLIL representation for module `\sg13g2_IOPadTriOut4mA'.            
Generating RTLIL representation for module `\sg13g2_IOPadVdd'.                  
Generating RTLIL representation for module `\sg13g2_IOPadVss'.                  
Successfully finished Verilog frontend.                                         
wtaf                                                                            
                                                                                
3. Executing Verilog-2005 frontend: /foss/designs/spi-slave-ihp/spi_slave.v     
Parsing SystemVerilog input from `/foss/designs/spi-slave-ihp/spi_slave.v' to   
AST representation.                                                             
Storing AST representation for module `$abstract\spi_slave'.                    
Successfully finished Verilog frontend.                                         
                                                                                
4. Executing HIERARCHY pass (managing design hierarchy).                        
                                                                                
5. Executing AST frontend in derive mode using pre-parsed AST for module        
`\spi_slave'.                                                                   
Generating RTLIL representation for module `\spi_slave'.                        
                                                                                
5.1. Analyzing design hierarchy..                                               
Top module:  \spi_slave                                                         
                                                                                
5.2. Analyzing design hierarchy..                                               
Top module:  \spi_slave                                                         
Removing unused module `$abstract\spi_slave'.                                   
Removed 1 unused modules.                                                       
Renaming module spi_slave to spi_slave.                                         
                                                                                
6. Executing PROC pass (convert processes to netlists).                         
                                                                                
6.1. Executing PROC_CLEAN pass (remove empty switches from decision trees).     
Cleaned up 0 empty switches.                                                    
                                                                                
6.2. Executing PROC_RMDEAD pass (remove dead branches from decision trees).     
Marked 6 switch rules as full_case in process                                   
$proc$/foss/designs/spi-slave-ihp/spi_slave.v:44$1 in module spi_slave.         
Removed a total of 0 dead cases.                                                
                                                                                
6.3. Executing PROC_PRUNE pass (remove redundant assignments in processes).     
Removed 10 redundant assignments.                                               
Promoted 0 assignments to connections.                                          
                                                                                
6.4. Executing PROC_INIT pass (extract init attributes).                        
                                                                                
6.5. Executing PROC_ARST pass (detect async resets in processes).               
Found async reset \iRST_N in                                                    
`\spi_slave.$proc$/foss/designs/spi-slave-ihp/spi_slave.v:44$1'.                
                                                                                
6.6. Executing PROC_ROM pass (convert switches to ROMs).                        
Converted 0 switches.                                                           
<suppressed ~17 debug messages>                                                 
                                                                                
6.7. Executing PROC_MUX pass (convert decision trees to multiplexers).          
Creating decoders for process                                                   
`\spi_slave.$proc$/foss/designs/spi-slave-ihp/spi_slave.v:44$1'.                
     1/28: $0\Data2_out[7:0]                                                    
     2/28: $0\WrEn[0:0]                                                         
     3/28: $0\SSEL_delay1[0:0]                                                  
     4/28: $0\SCK_delay1[0:0]                                                   
     5/28: $0\SSEL_delay0[0:0]                                                  
     6/28: $0\MOSI_delay0[0:0]                                                  
     7/28: $0\SCK_delay0[0:0]                                                   
     8/28: $0\SSEL_metastable[0:0]                                              
     9/28: $0\MOSI_metastable[0:0]                                              
    10/28: $0\SCK_metastable[0:0]                                               
    11/28: $0\SPI_State[2:0]                                                    
    12/28: $0\Add_SPI[7:0]                                                      
    13/28: $0\Data_toSPI[7:0]                                                   
    14/28: $0\DataToSend[7:0]                                                   
    15/28: $0\Data_fromSPI[7:0]                                                 
    16/28: $0\ReceivedByte[7:0]                                                 
    17/28: $0\BitCnt[3:0]                                                       
    18/28: $0\RnW[0:0]                                                          
    19/28: $0\Register7[7:0]                                                    
    20/28: $0\Register6[7:0]                                                    
    21/28: $0\Register5[7:0]                                                    
    22/28: $0\Register4[7:0]                                                    
    23/28: $0\Register3[7:0]                                                    
    24/28: $0\Register2[7:0]                                                    
    25/28: $0\Register1[7:0]                                                    
    26/28: $0\Register0[7:0]                                                    
    27/28: $0\debug[7:0]                                                        
    28/28: $0\MISO[0:0]                                                         
                                                                                
6.8. Executing PROC_DLATCH pass (convert process syncs to latches).             
                                                                                
6.9. Executing PROC_DFF pass (convert process syncs to FFs).                    
Creating register for signal `\spi_slave.\MISO' using process                   
`\spi_slave.$proc$/foss/designs/spi-slave-ihp/spi_slave.v:44$1'.                
  created $adff cell `$procdff$243' with positive edge clock and positive level 
reset.                                                                          
Creating register for signal `\spi_slave.\Data2_out' using process              
`\spi_slave.$proc$/foss/designs/spi-slave-ihp/spi_slave.v:44$1'.                
  created $adff cell `$procdff$248' with positive edge clock and positive level 
reset.                                                                          
Creating register for signal `\spi_slave.\debug' using process                  
`\spi_slave.$proc$/foss/designs/spi-slave-ihp/spi_slave.v:44$1'.                
  created $adff cell `$procdff$253' with positive edge clock and positive level 
reset.                                                                          
Creating register for signal `\spi_slave.\Register0' using process              
`\spi_slave.$proc$/foss/designs/spi-slave-ihp/spi_slave.v:44$1'.                
  created $adff cell `$procdff$258' with positive edge clock and positive level 
reset.                                                                          
Creating register for signal `\spi_slave.\Register1' using process              
`\spi_slave.$proc$/foss/designs/spi-slave-ihp/spi_slave.v:44$1'.                
  created $adff cell `$procdff$263' with positive edge clock and positive level 
reset.                                                                          
Creating register for signal `\spi_slave.\Register2' using process              
`\spi_slave.$proc$/foss/designs/spi-slave-ihp/spi_slave.v:44$1'.                
  created $adff cell `$procdff$268' with positive edge clock and positive level 
reset.                                                                          
Creating register for signal `\spi_slave.\Register3' using process              
`\spi_slave.$proc$/foss/designs/spi-slave-ihp/spi_slave.v:44$1'.                
  created $adff cell `$procdff$273' with positive edge clock and positive level 
reset.                                                                          
Creating register for signal `\spi_slave.\Register4' using process              
`\spi_slave.$proc$/foss/designs/spi-slave-ihp/spi_slave.v:44$1'.                
  created $adff cell `$procdff$278' with positive edge clock and positive level 
reset.                                                                          
Creating register for signal `\spi_slave.\Register5' using process              
`\spi_slave.$proc$/foss/designs/spi-slave-ihp/spi_slave.v:44$1'.                
  created $adff cell `$procdff$283' with positive edge clock and positive level 
reset.                                                                          
Creating register for signal `\spi_slave.\Register6' using process              
`\spi_slave.$proc$/foss/designs/spi-slave-ihp/spi_slave.v:44$1'.                
  created $adff cell `$procdff$288' with positive edge clock and positive level 
reset.                                                                          
Creating register for signal `\spi_slave.\Register7' using process              
`\spi_slave.$proc$/foss/designs/spi-slave-ihp/spi_slave.v:44$1'.                
  created $adff cell `$procdff$293' with positive edge clock and positive level 
reset.                                                                          
Creating register for signal `\spi_slave.\SCK_metastable' using process         
`\spi_slave.$proc$/foss/designs/spi-slave-ihp/spi_slave.v:44$1'.                
  created $adff cell `$procdff$298' with positive edge clock and positive level 
reset.                                                                          
Creating register for signal `\spi_slave.\MOSI_metastable' using process        
`\spi_slave.$proc$/foss/designs/spi-slave-ihp/spi_slave.v:44$1'.                
  created $adff cell `$procdff$303' with positive edge clock and positive level 
reset.                                                                          
Creating register for signal `\spi_slave.\SSEL_metastable' using process        
`\spi_slave.$proc$/foss/designs/spi-slave-ihp/spi_slave.v:44$1'.                
  created $adff cell `$procdff$308' with positive edge clock and positive level 
reset.                                                                          
Creating register for signal `\spi_slave.\SCK_delay0' using process             
`\spi_slave.$proc$/foss/designs/spi-slave-ihp/spi_slave.v:44$1'.                
  created $adff cell `$procdff$313' with positive edge clock and positive level 
reset.                                                                          
Creating register for signal `\spi_slave.\MOSI_delay0' using process            
`\spi_slave.$proc$/foss/designs/spi-slave-ihp/spi_slave.v:44$1'.                
  created $adff cell `$procdff$318' with positive edge clock and positive level 
reset.                                                                          
Creating register for signal `\spi_slave.\SSEL_delay0' using process            
`\spi_slave.$proc$/foss/designs/spi-slave-ihp/spi_slave.v:44$1'.                
  created $adff cell `$procdff$323' with positive edge clock and positive level 
reset.                                                                          
Creating register for signal `\spi_slave.\SCK_delay1' using process             
`\spi_slave.$proc$/foss/designs/spi-slave-ihp/spi_slave.v:44$1'.                
  created $adff cell `$procdff$328' with positive edge clock and positive level 
reset.                                                                          
Creating register for signal `\spi_slave.\SSEL_delay1' using process            
`\spi_slave.$proc$/foss/designs/spi-slave-ihp/spi_slave.v:44$1'.                
  created $adff cell `$procdff$333' with positive edge clock and positive level 
reset.                                                                          
Creating register for signal `\spi_slave.\WrEn' using process                   
`\spi_slave.$proc$/foss/designs/spi-slave-ihp/spi_slave.v:44$1'.                
  created $adff cell `$procdff$338' with positive edge clock and positive level 
reset.                                                                          
Creating register for signal `\spi_slave.\RnW' using process                    
`\spi_slave.$proc$/foss/designs/spi-slave-ihp/spi_slave.v:44$1'.                
  created $adff cell `$procdff$343' with positive edge clock and positive level 
reset.                                                                          
Creating register for signal `\spi_slave.\BitCnt' using process                 
`\spi_slave.$proc$/foss/designs/spi-slave-ihp/spi_slave.v:44$1'.                
  created $adff cell `$procdff$348' with positive edge clock and positive level 
reset.                                                                          
Creating register for signal `\spi_slave.\ReceivedByte' using process           
`\spi_slave.$proc$/foss/designs/spi-slave-ihp/spi_slave.v:44$1'.                
  created $adff cell `$procdff$353' with positive edge clock and positive level 
reset.                                                                          
Creating register for signal `\spi_slave.\Data_fromSPI' using process           
`\spi_slave.$proc$/foss/designs/spi-slave-ihp/spi_slave.v:44$1'.                
  created $adff cell `$procdff$358' with positive edge clock and positive level 
reset.                                                                          
Creating register for signal `\spi_slave.\DataToSend' using process             
`\spi_slave.$proc$/foss/designs/spi-slave-ihp/spi_slave.v:44$1'.                
  created $adff cell `$procdff$363' with positive edge clock and positive level 
reset.                                                                          
Creating register for signal `\spi_slave.\Data_toSPI' using process             
`\spi_slave.$proc$/foss/designs/spi-slave-ihp/spi_slave.v:44$1'.                
  created $adff cell `$procdff$368' with positive edge clock and positive level 
reset.                                                                          
Creating register for signal `\spi_slave.\Add_SPI' using process                
`\spi_slave.$proc$/foss/designs/spi-slave-ihp/spi_slave.v:44$1'.                
  created $adff cell `$procdff$373' with positive edge clock and positive level 
reset.                                                                          
Creating register for signal `\spi_slave.\SPI_State' using process              
`\spi_slave.$proc$/foss/designs/spi-slave-ihp/spi_slave.v:44$1'.                
  created $adff cell `$procdff$378' with positive edge clock and positive level 
reset.                                                                          
                                                                                
6.10. Executing PROC_MEMWR pass (convert process memory writes to cells).       
                                                                                
6.11. Executing PROC_CLEAN pass (remove empty switches from decision trees).    
Found and cleaned up 17 empty switches in                                       
`\spi_slave.$proc$/foss/designs/spi-slave-ihp/spi_slave.v:44$1'.                
Removing empty process                                                          
`spi_slave.$proc$/foss/designs/spi-slave-ihp/spi_slave.v:44$1'.                 
Cleaned up 17 empty switches.                                                   
                                                                                
6.12. Executing OPT_EXPR pass (perform const folding).                          
Optimizing module spi_slave.                                                    
<suppressed ~79 debug messages>                                                 
                                                                                
7. Executing FLATTEN pass (flatten design).                                     
                                                                                
8. Executing OPT_CLEAN pass (remove unused cells and wires).                    
Finding unused cells or wires in module \spi_slave..                            
Removed 29 unused cells and 138 unused wires.                                   
<suppressed ~30 debug messages>                                                 
────────────────────────────────── Synthesis ───────────────────────────────────
[13:42:08] VERBOSE  Running 'Yosys.Synthesis' at                    step.py:1138
                    'runs/RUN_2026-08-16_13-42-07/06-yosys-synthesi             
                    s'…                                                         
[13:42:08] VERBOSE  Logging subprocess to                           step.py:1338
                    'runs/RUN_2026-08-16_13-42-07/06-yosys-synthesi             
                    s/yosys-synthesis.log'…                                     
                                                                                
 /----------------------------------------------------------------------------\ 
 |  yosys -- Yosys Open SYnthesis Suite                                       | 
 |  Copyright (C) 2012 - 2026  Claire Xenia Wolf <claire@yosyshq.com>         | 
 |  Distributed under an ISC-like license, type "license" to see terms        | 
 \----------------------------------------------------------------------------/ 
 Yosys 0.67 (git sha1 2d1509d1b, Release, GNU /usr/bin/c++ 13.3.0)              
                                                                                
1. Executing Liberty frontend:                                                  
/foss/designs/sg13g2_stdcell_hv/lib/sg13g2_stdcell_hv_typ_3p30V_25C.lib         
Imported 68 cell types from liberty file.                                       
[INFO] Using SDC file                                                           
'/foss/designs/spi-slave-ihp/flow_hv/runs/RUN_2026-08-16_13-42-07/06-yosys-synth
esis/synthesis.abc.sdc' for ABC…wtaf                                            
                                                                                
2. Executing Verilog-2005 frontend: /foss/designs/spi-slave-ihp/spi_slave.v     
Parsing SystemVerilog input from `/foss/designs/spi-slave-ihp/spi_slave.v' to   
AST representation.                                                             
Storing AST representation for module `$abstract\spi_slave'.                    
Successfully finished Verilog frontend.                                         
                                                                                
3. Executing HIERARCHY pass (managing design hierarchy).                        
                                                                                
4. Executing AST frontend in derive mode using pre-parsed AST for module        
`\spi_slave'.                                                                   
Generating RTLIL representation for module `\spi_slave'.                        
                                                                                
4.1. Analyzing design hierarchy..                                               
Top module:  \spi_slave                                                         
                                                                                
4.2. Analyzing design hierarchy..                                               
Top module:  \spi_slave                                                         
Removing unused module `$abstract\spi_slave'.                                   
Removed 1 unused modules.                                                       
Renaming module spi_slave to spi_slave.                                         
                                                                                
5. Executing ATTRMAP pass (move or copy attributes).                            
                                                                                
6. Executing HIERARCHY pass (managing design hierarchy).                        
                                                                                
6.1. Analyzing design hierarchy..                                               
Top module:  \spi_slave                                                         
                                                                                
6.2. Analyzing design hierarchy..                                               
Top module:  \spi_slave                                                         
Removed 0 unused modules.                                                       
                                                                                
7. Executing PROC_CLEAN pass (remove empty switches from decision trees).       
Cleaned up 0 empty switches.                                                    
                                                                                
8. Executing PROC_RMDEAD pass (remove dead branches from decision trees).       
Marked 6 switch rules as full_case in process                                   
$proc$/foss/designs/spi-slave-ihp/spi_slave.v:44$1 in module spi_slave.         
Removed a total of 0 dead cases.                                                
                                                                                
9. Executing PROC_PRUNE pass (remove redundant assignments in processes).       
Removed 10 redundant assignments.                                               
Promoted 0 assignments to connections.                                          
                                                                                
10. Executing PROC_INIT pass (extract init attributes).                         
                                                                                
11. Executing PROC_ARST pass (detect async resets in processes).                
Found async reset \iRST_N in                                                    
`\spi_slave.$proc$/foss/designs/spi-slave-ihp/spi_slave.v:44$1'.                
                                                                                
12. Executing PROC_ROM pass (convert switches to ROMs).                         
Converted 0 switches.                                                           
<suppressed ~17 debug messages>                                                 
                                                                                
13. Executing PROC_MUX pass (convert decision trees to multiplexers).           
Creating decoders for process                                                   
`\spi_slave.$proc$/foss/designs/spi-slave-ihp/spi_slave.v:44$1'.                
     1/28: $0\Data2_out[7:0]                                                    
     2/28: $0\WrEn[0:0]                                                         
     3/28: $0\SSEL_delay1[0:0]                                                  
     4/28: $0\SCK_delay1[0:0]                                                   
     5/28: $0\SSEL_delay0[0:0]                                                  
     6/28: $0\MOSI_delay0[0:0]                                                  
     7/28: $0\SCK_delay0[0:0]                                                   
     8/28: $0\SSEL_metastable[0:0]                                              
     9/28: $0\MOSI_metastable[0:0]                                              
    10/28: $0\SCK_metastable[0:0]                                               
    11/28: $0\SPI_State[2:0]                                                    
    12/28: $0\Add_SPI[7:0]                                                      
    13/28: $0\Data_toSPI[7:0]                                                   
    14/28: $0\DataToSend[7:0]                                                   
    15/28: $0\Data_fromSPI[7:0]                                                 
    16/28: $0\ReceivedByte[7:0]                                                 
    17/28: $0\BitCnt[3:0]                                                       
    18/28: $0\RnW[0:0]                                                          
    19/28: $0\Register7[7:0]                                                    
    20/28: $0\Register6[7:0]                                                    
    21/28: $0\Register5[7:0]                                                    
    22/28: $0\Register4[7:0]                                                    
    23/28: $0\Register3[7:0]                                                    
    24/28: $0\Register2[7:0]                                                    
    25/28: $0\Register1[7:0]                                                    
    26/28: $0\Register0[7:0]                                                    
    27/28: $0\debug[7:0]                                                        
    28/28: $0\MISO[0:0]                                                         
                                                                                
14. Executing PROC_DLATCH pass (convert process syncs to latches).              
                                                                                
15. Executing PROC_DFF pass (convert process syncs to FFs).                     
Creating register for signal `\spi_slave.\MISO' using process                   
`\spi_slave.$proc$/foss/designs/spi-slave-ihp/spi_slave.v:44$1'.                
  created $adff cell `$procdff$243' with positive edge clock and positive level 
reset.                                                                          
Creating register for signal `\spi_slave.\Data2_out' using process              
`\spi_slave.$proc$/foss/designs/spi-slave-ihp/spi_slave.v:44$1'.                
  created $adff cell `$procdff$248' with positive edge clock and positive level 
reset.                                                                          
Creating register for signal `\spi_slave.\debug' using process                  
`\spi_slave.$proc$/foss/designs/spi-slave-ihp/spi_slave.v:44$1'.                
  created $adff cell `$procdff$253' with positive edge clock and positive level 
reset.                                                                          
Creating register for signal `\spi_slave.\Register0' using process              
`\spi_slave.$proc$/foss/designs/spi-slave-ihp/spi_slave.v:44$1'.                
  created $adff cell `$procdff$258' with positive edge clock and positive level 
reset.                                                                          
Creating register for signal `\spi_slave.\Register1' using process              
`\spi_slave.$proc$/foss/designs/spi-slave-ihp/spi_slave.v:44$1'.                
  created $adff cell `$procdff$263' with positive edge clock and positive level 
reset.                                                                          
Creating register for signal `\spi_slave.\Register2' using process              
`\spi_slave.$proc$/foss/designs/spi-slave-ihp/spi_slave.v:44$1'.                
  created $adff cell `$procdff$268' with positive edge clock and positive level 
reset.                                                                          
Creating register for signal `\spi_slave.\Register3' using process              
`\spi_slave.$proc$/foss/designs/spi-slave-ihp/spi_slave.v:44$1'.                
  created $adff cell `$procdff$273' with positive edge clock and positive level 
reset.                                                                          
Creating register for signal `\spi_slave.\Register4' using process              
`\spi_slave.$proc$/foss/designs/spi-slave-ihp/spi_slave.v:44$1'.                
  created $adff cell `$procdff$278' with positive edge clock and positive level 
reset.                                                                          
Creating register for signal `\spi_slave.\Register5' using process              
`\spi_slave.$proc$/foss/designs/spi-slave-ihp/spi_slave.v:44$1'.                
  created $adff cell `$procdff$283' with positive edge clock and positive level 
reset.                                                                          
Creating register for signal `\spi_slave.\Register6' using process              
`\spi_slave.$proc$/foss/designs/spi-slave-ihp/spi_slave.v:44$1'.                
  created $adff cell `$procdff$288' with positive edge clock and positive level 
reset.                                                                          
Creating register for signal `\spi_slave.\Register7' using process              
`\spi_slave.$proc$/foss/designs/spi-slave-ihp/spi_slave.v:44$1'.                
  created $adff cell `$procdff$293' with positive edge clock and positive level 
reset.                                                                          
Creating register for signal `\spi_slave.\SCK_metastable' using process         
`\spi_slave.$proc$/foss/designs/spi-slave-ihp/spi_slave.v:44$1'.                
  created $adff cell `$procdff$298' with positive edge clock and positive level 
reset.                                                                          
Creating register for signal `\spi_slave.\MOSI_metastable' using process        
`\spi_slave.$proc$/foss/designs/spi-slave-ihp/spi_slave.v:44$1'.                
  created $adff cell `$procdff$303' with positive edge clock and positive level 
reset.                                                                          
Creating register for signal `\spi_slave.\SSEL_metastable' using process        
`\spi_slave.$proc$/foss/designs/spi-slave-ihp/spi_slave.v:44$1'.                
  created $adff cell `$procdff$308' with positive edge clock and positive level 
reset.                                                                          
Creating register for signal `\spi_slave.\SCK_delay0' using process             
`\spi_slave.$proc$/foss/designs/spi-slave-ihp/spi_slave.v:44$1'.                
  created $adff cell `$procdff$313' with positive edge clock and positive level 
reset.                                                                          
Creating register for signal `\spi_slave.\MOSI_delay0' using process            
`\spi_slave.$proc$/foss/designs/spi-slave-ihp/spi_slave.v:44$1'.                
  created $adff cell `$procdff$318' with positive edge clock and positive level 
reset.                                                                          
Creating register for signal `\spi_slave.\SSEL_delay0' using process            
`\spi_slave.$proc$/foss/designs/spi-slave-ihp/spi_slave.v:44$1'.                
  created $adff cell `$procdff$323' with positive edge clock and positive level 
reset.                                                                          
Creating register for signal `\spi_slave.\SCK_delay1' using process             
`\spi_slave.$proc$/foss/designs/spi-slave-ihp/spi_slave.v:44$1'.                
  created $adff cell `$procdff$328' with positive edge clock and positive level 
reset.                                                                          
Creating register for signal `\spi_slave.\SSEL_delay1' using process            
`\spi_slave.$proc$/foss/designs/spi-slave-ihp/spi_slave.v:44$1'.                
  created $adff cell `$procdff$333' with positive edge clock and positive level 
reset.                                                                          
Creating register for signal `\spi_slave.\WrEn' using process                   
`\spi_slave.$proc$/foss/designs/spi-slave-ihp/spi_slave.v:44$1'.                
  created $adff cell `$procdff$338' with positive edge clock and positive level 
reset.                                                                          
Creating register for signal `\spi_slave.\RnW' using process                    
`\spi_slave.$proc$/foss/designs/spi-slave-ihp/spi_slave.v:44$1'.                
  created $adff cell `$procdff$343' with positive edge clock and positive level 
reset.                                                                          
Creating register for signal `\spi_slave.\BitCnt' using process                 
`\spi_slave.$proc$/foss/designs/spi-slave-ihp/spi_slave.v:44$1'.                
  created $adff cell `$procdff$348' with positive edge clock and positive level 
reset.                                                                          
Creating register for signal `\spi_slave.\ReceivedByte' using process           
`\spi_slave.$proc$/foss/designs/spi-slave-ihp/spi_slave.v:44$1'.                
  created $adff cell `$procdff$353' with positive edge clock and positive level 
reset.                                                                          
Creating register for signal `\spi_slave.\Data_fromSPI' using process           
`\spi_slave.$proc$/foss/designs/spi-slave-ihp/spi_slave.v:44$1'.                
  created $adff cell `$procdff$358' with positive edge clock and positive level 
reset.                                                                          
Creating register for signal `\spi_slave.\DataToSend' using process             
`\spi_slave.$proc$/foss/designs/spi-slave-ihp/spi_slave.v:44$1'.                
  created $adff cell `$procdff$363' with positive edge clock and positive level 
reset.                                                                          
Creating register for signal `\spi_slave.\Data_toSPI' using process             
`\spi_slave.$proc$/foss/designs/spi-slave-ihp/spi_slave.v:44$1'.                
  created $adff cell `$procdff$368' with positive edge clock and positive level 
reset.                                                                          
Creating register for signal `\spi_slave.\Add_SPI' using process                
`\spi_slave.$proc$/foss/designs/spi-slave-ihp/spi_slave.v:44$1'.                
  created $adff cell `$procdff$373' with positive edge clock and positive level 
reset.                                                                          
Creating register for signal `\spi_slave.\SPI_State' using process              
`\spi_slave.$proc$/foss/designs/spi-slave-ihp/spi_slave.v:44$1'.                
  created $adff cell `$procdff$378' with positive edge clock and positive level 
reset.                                                                          
                                                                                
16. Executing PROC_MEMWR pass (convert process memory writes to cells).         
                                                                                
17. Executing PROC_CLEAN pass (remove empty switches from decision trees).      
Found and cleaned up 17 empty switches in                                       
`\spi_slave.$proc$/foss/designs/spi-slave-ihp/spi_slave.v:44$1'.                
Removing empty process                                                          
`spi_slave.$proc$/foss/designs/spi-slave-ihp/spi_slave.v:44$1'.                 
Cleaned up 17 empty switches.                                                   
                                                                                
18. Executing CHECK pass (checking for obvious problems).                       
Checking module spi_slave...                                                    
Found and reported 0 problems.                                                  
                                                                                
19. Executing OPT_EXPR pass (perform const folding).                            
Optimizing module spi_slave.                                                    
<suppressed ~79 debug messages>                                                 
                                                                                
20. Executing FLATTEN pass (flatten design).                                    
                                                                                
21. Executing OPT_EXPR pass (perform const folding).                            
Optimizing module spi_slave.                                                    
                                                                                
22. Executing OPT_CLEAN pass (remove unused cells and wires).                   
Finding unused cells or wires in module \spi_slave..                            
Removed 29 unused cells and 138 unused wires.                                   
<suppressed ~30 debug messages>                                                 
                                                                                
23. Executing OPT_EXPR pass (perform const folding).                            
Optimizing module spi_slave.                                                    
                                                                                
24. Executing OPT_MERGE pass (detect identical cells).                          
Finding identical cells in module `\spi_slave'.                                 
Computing hashes of 154 cells of `\spi_slave'.                                  
Finding duplicate cells in `\spi_slave'.                                        
Computing hashes of 122 cells of `\spi_slave'.                                  
Finding duplicate cells in `\spi_slave'.                                        
Computing hashes of 120 cells of `\spi_slave'.                                  
Finding duplicate cells in `\spi_slave'.                                        
<suppressed ~102 debug messages>                                                
Removed a total of 34 cells.                                                    
                                                                                
25. Executing OPT_MUXTREE pass (detect dead branches in mux trees).             
Running muxtree optimizer on module \spi_slave..                                
  Creating internal representation of mux trees.                                
  Evaluating internal representation of mux trees.                              
  Analyzing evaluation results.                                                 
Removed 0 multiplexer ports.                                                    
<suppressed ~82 debug messages>                                                 
                                                                                
26. Executing OPT_REDUCE pass (consolidate $*mux and $reduce_* inputs).         
  Optimizing cells in module \spi_slave.                                        
Performed a total of 0 changes.                                                 
                                                                                
27. Executing OPT_MERGE pass (detect identical cells).                          
Finding identical cells in module `\spi_slave'.                                 
Computing hashes of 120 cells of `\spi_slave'.                                  
Finding duplicate cells in `\spi_slave'.                                        
Computing hashes of 116 cells of `\spi_slave'.                                  
Finding duplicate cells in `\spi_slave'.                                        
<suppressed ~12 debug messages>                                                 
Removed a total of 4 cells.                                                     
                                                                                
28. Executing OPT_DFF pass (perform DFF optimizations).                         
                                                                                
29. Executing OPT_CLEAN pass (remove unused cells and wires).                   
Finding unused cells or wires in module \spi_slave..                            
Removed 0 unused cells and 38 unused wires.                                     
<suppressed ~1 debug messages>                                                  
                                                                                
30. Executing OPT_EXPR pass (perform const folding).                            
Optimizing module spi_slave.                                                    
                                                                                
31. Rerunning OPT passes. (Maybe there is more to do…)                          
                                                                                
32. Executing OPT_MUXTREE pass (detect dead branches in mux trees).             
Running muxtree optimizer on module \spi_slave..                                
  Creating internal representation of mux trees.                                
  Evaluating internal representation of mux trees.                              
  Analyzing evaluation results.                                                 
Removed 0 multiplexer ports.                                                    
<suppressed ~84 debug messages>                                                 
                                                                                
33. Executing OPT_REDUCE pass (consolidate $*mux and $reduce_* inputs).         
  Optimizing cells in module \spi_slave.                                        
    New ctrl vector for $pmux cell $procmux$108:                                
$auto$opt_reduce.cc:137:opt_pmux$380                                            
    New ctrl vector for $pmux cell $procmux$99:                                 
$auto$opt_reduce.cc:137:opt_pmux$382                                            
    New ctrl vector for $pmux cell $procmux$49: { $procmux$224_CMP              
$auto$opt_reduce.cc:137:opt_pmux$384 $procmux$112_CMP $procmux$131_CMP }        
  Optimizing cells in module \spi_slave.                                        
Performed a total of 3 changes.                                                 
                                                                                
34. Executing OPT_MERGE pass (detect identical cells).                          
Finding identical cells in module `\spi_slave'.                                 
Computing hashes of 119 cells of `\spi_slave'.                                  
Finding duplicate cells in `\spi_slave'.                                        
Computing hashes of 118 cells of `\spi_slave'.                                  
Finding duplicate cells in `\spi_slave'.                                        
<suppressed ~3 debug messages>                                                  
Removed a total of 1 cells.                                                     
                                                                                
35. Executing OPT_DFF pass (perform DFF optimizations).                         
                                                                                
36. Executing OPT_CLEAN pass (remove unused cells and wires).                   
Finding unused cells or wires in module \spi_slave..                            
Removed 0 unused cells and 1 unused wires.                                      
<suppressed ~1 debug messages>                                                  
                                                                                
37. Executing OPT_EXPR pass (perform const folding).                            
Optimizing module spi_slave.                                                    
                                                                                
38. Rerunning OPT passes. (Maybe there is more to do…)                          
                                                                                
39. Executing OPT_MUXTREE pass (detect dead branches in mux trees).             
Running muxtree optimizer on module \spi_slave..                                
  Creating internal representation of mux trees.                                
  Evaluating internal representation of mux trees.                              
  Analyzing evaluation results.                                                 
Removed 0 multiplexer ports.                                                    
<suppressed ~81 debug messages>                                                 
                                                                                
40. Executing OPT_REDUCE pass (consolidate $*mux and $reduce_* inputs).         
  Optimizing cells in module \spi_slave.                                        
Performed a total of 0 changes.                                                 
                                                                                
41. Executing OPT_MERGE pass (detect identical cells).                          
Finding identical cells in module `\spi_slave'.                                 
Computing hashes of 118 cells of `\spi_slave'.                                  
Finding duplicate cells in `\spi_slave'.                                        
Removed a total of 0 cells.                                                     
                                                                                
42. Executing OPT_DFF pass (perform DFF optimizations).                         
                                                                                
43. Executing OPT_CLEAN pass (remove unused cells and wires).                   
Finding unused cells or wires in module \spi_slave..                            
                                                                                
44. Executing OPT_EXPR pass (perform const folding).                            
Optimizing module spi_slave.                                                    
                                                                                
45. Executing FSM pass (extract and optimize FSM).                              
                                                                                
45.1. Executing FSM_DETECT pass (finding FSMs in design).                       
Found FSM state register spi_slave.SPI_State.                                   
                                                                                
45.2. Executing FSM_EXTRACT pass (extracting FSM from design).                  
Extracting FSM `\SPI_State' from module `\spi_slave'.                           
  found $adff cell for state register: $procdff$378                             
  root of input selection tree: $0\SPI_State[2:0]                               
  found reset state: 3'000 (from async reset)                                   
  found ctrl input: $procmux$131_CMP                                            
  found ctrl input: $procmux$112_CMP                                            
  found ctrl input: $auto$opt_reduce.cc:137:opt_pmux$382                        
  found ctrl input: $procmux$224_CMP                                            
  found ctrl input: $logic_and$/foss/designs/spi-slave-ihp/spi_slave.v:141$6_Y  
  found state code: 3'001                                                       
  found ctrl input: $eq$/foss/designs/spi-slave-ihp/spi_slave.v:151$12_Y        
  found ctrl input: \ReceivedByte [7]                                           
  found state code: 3'010                                                       
  found state code: 3'011                                                       
  found state code: 3'100                                                       
  found ctrl input: \SSEL_delay0                                                
  found ctrl output: $procmux$224_CMP                                           
  found ctrl output: $procmux$103_CMP                                           
  found ctrl output: $procmux$112_CMP                                           
  found ctrl output: $procmux$131_CMP                                           
  found ctrl output: $procmux$100_CMP                                           
  ctrl inputs: { $eq$/foss/designs/spi-slave-ihp/spi_slave.v:151$12_Y           
$logic_and$/foss/designs/spi-slave-ihp/spi_slave.v:141$6_Y \ReceivedByte [7]    
\SSEL_delay0 $auto$opt_reduce.cc:137:opt_pmux$382 }                             
  ctrl outputs: { $procmux$224_CMP $procmux$131_CMP $procmux$112_CMP            
$procmux$103_CMP $procmux$100_CMP $0\SPI_State[2:0] }                           
  transition:      3'000 5'-0--- ->      3'000 8'01000000                       
  transition:      3'000 5'-1--- ->      3'001 8'01000001                       
  transition:      3'100 5'---0- ->      3'100 8'10000100                       
  transition:      3'100 5'---1- ->      3'000 8'10000000                       
  transition:      3'010 5'0---- ->      3'010 8'00010010                       
  transition:      3'010 5'1---- ->      3'100 8'00010100                       
  transition:      3'001 5'0---- ->      3'001 8'00100001                       
  transition:      3'001 5'1-0-- ->      3'010 8'00100010                       
  transition:      3'001 5'1-1-- ->      3'011 8'00100011                       
  transition:      3'011 5'0---- ->      3'011 8'00001011                       
  transition:      3'011 5'1---- ->      3'100 8'00001100                       
                                                                                
45.3. Executing FSM_OPT pass (simple optimizations of FSMs).                    
Optimizing FSM `$fsm$\SPI_State$385' from module `\spi_slave'.                  
  Removing unused input signal $auto$opt_reduce.cc:137:opt_pmux$382.            
                                                                                
45.4. Executing OPT_CLEAN pass (remove unused cells and wires).                 
Finding unused cells or wires in module \spi_slave..                            
Removed 12 unused cells and 12 unused wires.                                    
<suppressed ~13 debug messages>                                                 
                                                                                
45.5. Executing FSM_OPT pass (simple optimizations of FSMs).                    
Optimizing FSM `$fsm$\SPI_State$385' from module `\spi_slave'.                  
  Removing unused output signal $0\SPI_State[2:0] [0].                          
  Removing unused output signal $0\SPI_State[2:0] [1].                          
  Removing unused output signal $0\SPI_State[2:0] [2].                          
                                                                                
45.6. Executing FSM_RECODE pass (re-assigning FSM state encoding).              
Recoding FSM `$fsm$\SPI_State$385' from module `\spi_slave' using `auto'        
encoding:                                                                       
  mapping auto encoding to `one-hot` for this FSM.                              
  000 -> ----1                                                                  
  100 -> ---1-                                                                  
  010 -> --1--                                                                  
  001 -> -1---                                                                  
  011 -> 1----                                                                  
                                                                                
45.7. Executing FSM_INFO pass (dumping all available information on FSM cells). 
                                                                                
FSM `$fsm$\SPI_State$385' from module `spi_slave':                              
-------------------------------------                                           
                                                                                
  Information on FSM $fsm$\SPI_State$385 (\SPI_State):                          
                                                                                
  Number of input signals:    4                                                 
  Number of output signals:   5                                                 
  Number of state bits:       5                                                 
                                                                                
  Input signals:                                                                
    0: \SSEL_delay0                                                             
    1: \ReceivedByte [7]                                                        
    2: $logic_and$/foss/designs/spi-slave-ihp/spi_slave.v:141$6_Y               
    3: $eq$/foss/designs/spi-slave-ihp/spi_slave.v:151$12_Y                     
                                                                                
  Output signals:                                                               
    0: $procmux$100_CMP                                                         
    1: $procmux$103_CMP                                                         
    2: $procmux$112_CMP                                                         
    3: $procmux$131_CMP                                                         
    4: $procmux$224_CMP                                                         
                                                                                
  State encoding:                                                               
    0:    5'----1  <RESET STATE>                                                
    1:    5'---1-                                                               
    2:    5'--1--                                                               
    3:    5'-1---                                                               
    4:    5'1----                                                               
                                                                                
  Transition Table (state_in, ctrl_in, state_out, ctrl_out):                    
      0:     0 4'-0--   ->     0 5'01000                                        
      1:     0 4'-1--   ->     3 5'01000                                        
      2:     1 4'---1   ->     0 5'10000                                        
      3:     1 4'---0   ->     1 5'10000                                        
      4:     2 4'1---   ->     1 5'00010                                        
      5:     2 4'0---   ->     2 5'00010                                        
      6:     3 4'1-0-   ->     2 5'00100                                        
      7:     3 4'0---   ->     3 5'00100                                        
      8:     3 4'1-1-   ->     4 5'00100                                        
      9:     4 4'1---   ->     1 5'00001                                        
     10:     4 4'0---   ->     4 5'00001                                        
                                                                                
-------------------------------------                                           
                                                                                
45.8. Executing FSM_MAP pass (mapping FSMs to basic logic).                     
Mapping FSM `$fsm$\SPI_State$385' from module `\spi_slave'.                     
                                                                                
46. Executing OPT_EXPR pass (perform const folding).                            
Optimizing module spi_slave.                                                    
<suppressed ~8 debug messages>                                                  
                                                                                
47. Executing OPT_MERGE pass (detect identical cells).                          
Finding identical cells in module `\spi_slave'.                                 
Computing hashes of 130 cells of `\spi_slave'.                                  
Finding duplicate cells in `\spi_slave'.                                        
Computing hashes of 126 cells of `\spi_slave'.                                  
Finding duplicate cells in `\spi_slave'.                                        
<suppressed ~12 debug messages>                                                 
Removed a total of 4 cells.                                                     
                                                                                
48. Executing OPT_MUXTREE pass (detect dead branches in mux trees).             
Running muxtree optimizer on module \spi_slave..                                
  Creating internal representation of mux trees.                                
  Evaluating internal representation of mux trees.                              
  Analyzing evaluation results.                                                 
Removed 0 multiplexer ports.                                                    
<suppressed ~74 debug messages>                                                 
                                                                                
49. Executing OPT_REDUCE pass (consolidate $*mux and $reduce_* inputs).         
  Optimizing cells in module \spi_slave.                                        
Performed a total of 0 changes.                                                 
                                                                                
50. Executing OPT_MERGE pass (detect identical cells).                          
Finding identical cells in module `\spi_slave'.                                 
Computing hashes of 126 cells of `\spi_slave'.                                  
Finding duplicate cells in `\spi_slave'.                                        
Removed a total of 0 cells.                                                     
                                                                                
51. Executing OPT_DFF pass (perform DFF optimizations).                         
Adding EN signal on $procdff$373 ($adff) from module spi_slave (D = { 1'0       
\ReceivedByte [6:0] }, Q = \Add_SPI).                                           
Adding EN signal on $procdff$368 ($adff) from module spi_slave (D =             
$procmux$75_Y, Q = \Data_toSPI).                                                
Adding EN signal on $procdff$363 ($adff) from module spi_slave (D =             
$procmux$92_Y, Q = \DataToSend).                                                
Adding EN signal on $procdff$358 ($adff) from module spi_slave (D =             
\ReceivedByte, Q = \Data_fromSPI).                                              
Adding EN signal on $procdff$353 ($adff) from module spi_slave (D = {           
\ReceivedByte [6:0] \MOSI_delay0 }, Q = \ReceivedByte).                         
Adding EN signal on $procdff$348 ($adff) from module spi_slave (D =             
$0\BitCnt[3:0], Q = \BitCnt).                                                   
Adding EN signal on $procdff$343 ($adff) from module spi_slave (D =             
\ReceivedByte [7], Q = \RnW).                                                   
Adding EN signal on $procdff$293 ($adff) from module spi_slave (D =             
\Data_fromSPI, Q = \Register7).                                                 
Adding EN signal on $procdff$288 ($adff) from module spi_slave (D =             
\Data_fromSPI, Q = \Register6).                                                 
Adding EN signal on $procdff$283 ($adff) from module spi_slave (D =             
\Data_fromSPI, Q = \Register5).                                                 
Adding EN signal on $procdff$278 ($adff) from module spi_slave (D =             
\Data_fromSPI, Q = \Register4).                                                 
Adding EN signal on $procdff$273 ($adff) from module spi_slave (D =             
\Data_fromSPI, Q = \Register3).                                                 
Adding EN signal on $procdff$268 ($adff) from module spi_slave (D =             
\Data_fromSPI, Q = \Register2).                                                 
Adding EN signal on $procdff$263 ($adff) from module spi_slave (D =             
\Data_fromSPI, Q = \Register1).                                                 
Adding EN signal on $procdff$258 ($adff) from module spi_slave (D =             
\Data_fromSPI, Q = \Register0).                                                 
Adding EN signal on $procdff$253 ($adff) from module spi_slave (D =             
$0\debug[7:0] [7:5], Q = \debug [7:5]).                                         
Adding EN signal on $procdff$253 ($adff) from module spi_slave (D =             
$0\debug[7:0] [0], Q = \debug [0]).                                             
Adding EN signal on $procdff$253 ($adff) from module spi_slave (D =             
$0\debug[7:0] [4], Q = \debug [4]).                                             
Adding EN signal on $procdff$253 ($adff) from module spi_slave (D =             
$0\debug[7:0] [2], Q = \debug [2]).                                             
Adding EN signal on $procdff$253 ($adff) from module spi_slave (D =             
$0\debug[7:0] [1], Q = \debug [1]).                                             
Adding EN signal on $procdff$253 ($adff) from module spi_slave (D =             
$0\debug[7:0] [3], Q = \debug [3]).                                             
Adding EN signal on $procdff$243 ($adff) from module spi_slave (D =             
$procmux$235_Y, Q = \MISO).                                                     
Setting constant 0-bit at position 7 on $auto$ff.cc:337:slice$443 ($adffe) from 
module spi_slave.                                                               
                                                                                
52. Executing OPT_CLEAN pass (remove unused cells and wires).                   
Finding unused cells or wires in module \spi_slave..                            
Removed 35 unused cells and 50 unused wires.                                    
<suppressed ~36 debug messages>                                                 
                                                                                
53. Executing OPT_EXPR pass (perform const folding).                            
Optimizing module spi_slave.                                                    
<suppressed ~29 debug messages>                                                 
                                                                                
54. Rerunning OPT passes. (Maybe there is more to do…)                          
                                                                                
55. Executing OPT_MUXTREE pass (detect dead branches in mux trees).             
Running muxtree optimizer on module \spi_slave..                                
  Creating internal representation of mux trees.                                
  Evaluating internal representation of mux trees.                              
  Analyzing evaluation results.                                                 
Removed 0 multiplexer ports.                                                    
<suppressed ~27 debug messages>                                                 
                                                                                
56. Executing OPT_REDUCE pass (consolidate $*mux and $reduce_* inputs).         
  Optimizing cells in module \spi_slave.                                        
Performed a total of 0 changes.                                                 
                                                                                
57. Executing OPT_MERGE pass (detect identical cells).                          
Finding identical cells in module `\spi_slave'.                                 
Computing hashes of 146 cells of `\spi_slave'.                                  
Finding duplicate cells in `\spi_slave'.                                        
Computing hashes of 122 cells of `\spi_slave'.                                  
Finding duplicate cells in `\spi_slave'.                                        
<suppressed ~72 debug messages>                                                 
Removed a total of 24 cells.                                                    
                                                                                
58. Executing OPT_DFF pass (perform DFF optimizations).                         
Handling never-active EN on $auto$ff.cc:337:slice$508 ($adffe) from module      
spi_slave (removing D path).                                                    
Setting constant 0-bit at position 0 on $auto$ff.cc:337:slice$508 ($dlatch) from
module spi_slave.                                                               
Setting constant 0-bit at position 1 on $auto$ff.cc:337:slice$508 ($dlatch) from
module spi_slave.                                                               
Setting constant 0-bit at position 2 on $auto$ff.cc:337:slice$508 ($dlatch) from
module spi_slave.                                                               
                                                                                
59. Executing OPT_CLEAN pass (remove unused cells and wires).                   
Finding unused cells or wires in module \spi_slave..                            
Removed 0 unused cells and 32 unused wires.                                     
<suppressed ~1 debug messages>                                                  
                                                                                
60. Executing OPT_EXPR pass (perform const folding).                            
Optimizing module spi_slave.                                                    
                                                                                
61. Rerunning OPT passes. (Maybe there is more to do…)                          
                                                                                
62. Executing OPT_MUXTREE pass (detect dead branches in mux trees).             
Running muxtree optimizer on module \spi_slave..                                
  Creating internal representation of mux trees.                                
  Evaluating internal representation of mux trees.                              
  Analyzing evaluation results.                                                 
Removed 0 multiplexer ports.                                                    
<suppressed ~27 debug messages>                                                 
                                                                                
63. Executing OPT_REDUCE pass (consolidate $*mux and $reduce_* inputs).         
  Optimizing cells in module \spi_slave.                                        
Performed a total of 0 changes.                                                 
                                                                                
64. Executing OPT_MERGE pass (detect identical cells).                          
Finding identical cells in module `\spi_slave'.                                 
Computing hashes of 121 cells of `\spi_slave'.                                  
Finding duplicate cells in `\spi_slave'.                                        
Removed a total of 0 cells.                                                     
                                                                                
65. Executing OPT_DFF pass (perform DFF optimizations).                         
                                                                                
66. Executing OPT_CLEAN pass (remove unused cells and wires).                   
Finding unused cells or wires in module \spi_slave..                            
                                                                                
67. Executing OPT_EXPR pass (perform const folding).                            
Optimizing module spi_slave.                                                    
                                                                                
68. Executing WREDUCE pass (reducing word size of cells).                       
Removed top 1 bits (of 2) from port B of cell                                   
spi_slave.$auto$opt_dff.cc:320:make_patterns_logic$462 ($ne).                   
Removed top 31 bits (of 32) from port B of cell                                 
spi_slave.$add$/foss/designs/spi-slave-ihp/spi_slave.v:188$28 ($add).           
Removed top 28 bits (of 32) from port Y of cell                                 
spi_slave.$add$/foss/designs/spi-slave-ihp/spi_slave.v:188$28 ($add).           
Removed top 5 bits (of 8) from port B of cell spi_slave.$procmux$33_CMP0 ($eq). 
Removed top 5 bits (of 8) from port B of cell spi_slave.$procmux$34_CMP0 ($eq). 
Removed top 5 bits (of 8) from port B of cell spi_slave.$procmux$35_CMP0 ($eq). 
Removed top 5 bits (of 8) from port B of cell spi_slave.$procmux$36_CMP0 ($eq). 
Removed top 6 bits (of 8) from port B of cell spi_slave.$procmux$37_CMP0 ($eq). 
Removed top 6 bits (of 8) from port B of cell spi_slave.$procmux$38_CMP0 ($eq). 
Removed top 7 bits (of 8) from port B of cell spi_slave.$procmux$39_CMP0 ($eq). 
Removed top 4 bits (of 7) from port B of cell spi_slave.$procmux$140_CMP0 ($eq).
Removed top 4 bits (of 7) from port B of cell spi_slave.$procmux$148_CMP0 ($eq).
Removed top 4 bits (of 7) from port B of cell spi_slave.$procmux$157_CMP0 ($eq).
Removed top 4 bits (of 7) from port B of cell spi_slave.$procmux$167_CMP0 ($eq).
Removed top 5 bits (of 7) from port B of cell spi_slave.$procmux$178_CMP0 ($eq).
Removed top 5 bits (of 7) from port B of cell spi_slave.$procmux$190_CMP0 ($eq).
Removed top 6 bits (of 7) from port B of cell spi_slave.$procmux$203_CMP0 ($eq).
Removed top 3 bits (of 8) from mux cell spi_slave.$procmux$223 ($pmux).         
Removed top 3 bits (of 8) from wire spi_slave.$0\debug[7:0].                    
Removed top 28 bits (of 32) from wire                                           
spi_slave.$add$/foss/designs/spi-slave-ihp/spi_slave.v:149$11_Y.                
Removed top 1 bits (of 8) from wire spi_slave.Add_SPI.                          
                                                                                
69. Executing PEEPOPT pass (run peephole optimizers).                           
                                                                                
70. Executing OPT_CLEAN pass (remove unused cells and wires).                   
Finding unused cells or wires in module \spi_slave..                            
Removed 0 unused cells and 3 unused wires.                                      
<suppressed ~1 debug messages>                                                  
                                                                                
71. Executing ALUMACC pass (create $alu and $macc cells).                       
Extracting $alu and $macc cells in module spi_slave:                            
  creating $macc model for $add$/foss/designs/spi-slave-ihp/spi_slave.v:188$28  
($add).                                                                         
  creating $alu model for $macc                                                 
$add$/foss/designs/spi-slave-ihp/spi_slave.v:188$28.                            
  creating $alu cell for $add$/foss/designs/spi-slave-ihp/spi_slave.v:188$28:   
$auto$alumacc.cc:512:replace_alu$585                                            
  created 1 $alu and 0 $macc cells.                                             
                                                                                
72. Executing SHARE pass (SAT-based resource sharing).                          
                                                                                
73. Executing OPT_EXPR pass (perform const folding).                            
Optimizing module spi_slave.                                                    
                                                                                
74. Executing OPT_MERGE pass (detect identical cells).                          
Finding identical cells in module `\spi_slave'.                                 
Computing hashes of 121 cells of `\spi_slave'.                                  
Finding duplicate cells in `\spi_slave'.                                        
Removed a total of 0 cells.                                                     
                                                                                
75. Executing OPT_MUXTREE pass (detect dead branches in mux trees).             
Running muxtree optimizer on module \spi_slave..                                
  Creating internal representation of mux trees.                                
  Evaluating internal representation of mux trees.                              
  Analyzing evaluation results.                                                 
Removed 0 multiplexer ports.                                                    
<suppressed ~27 debug messages>                                                 
                                                                                
76. Executing OPT_REDUCE pass (consolidate $*mux and $reduce_* inputs).         
  Optimizing cells in module \spi_slave.                                        
Performed a total of 0 changes.                                                 
                                                                                
77. Executing OPT_MERGE pass (detect identical cells).                          
Finding identical cells in module `\spi_slave'.                                 
Computing hashes of 121 cells of `\spi_slave'.                                  
Finding duplicate cells in `\spi_slave'.                                        
Removed a total of 0 cells.                                                     
                                                                                
78. Executing OPT_DFF pass (perform DFF optimizations).                         
                                                                                
79. Executing OPT_CLEAN pass (remove unused cells and wires).                   
Finding unused cells or wires in module \spi_slave..                            
                                                                                
80. Executing OPT_EXPR pass (perform const folding).                            
Optimizing module spi_slave.                                                    
                                                                                
81. Executing MEMORY pass.                                                      
                                                                                
81.1. Executing OPT_MEM pass (optimize memories).                               
Performed a total of 0 transformations.                                         
                                                                                
81.2. Executing OPT_MEM_PRIORITY pass (removing unnecessary memory write        
priority relations).                                                            
Performed a total of 0 transformations.                                         
                                                                                
81.3. Executing OPT_MEM_FEEDBACK pass (finding memory read-to-write feedback    
paths).                                                                         
                                                                                
81.4. Executing MEMORY_BMUX2ROM pass (converting muxes to ROMs).                
                                                                                
81.5. Executing MEMORY_DFF pass (merging $dff cells to $memrd).                 
                                                                                
81.6. Executing OPT_CLEAN pass (remove unused cells and wires).                 
Finding unused cells or wires in module \spi_slave..                            
                                                                                
81.7. Executing MEMORY_SHARE pass (consolidating $memrd/$memwr cells).          
                                                                                
81.8. Executing OPT_MEM_WIDEN pass (optimize memories where all ports are wide).
Performed a total of 0 transformations.                                         
                                                                                
81.9. Executing OPT_CLEAN pass (remove unused cells and wires).                 
Finding unused cells or wires in module \spi_slave..                            
                                                                                
81.10. Executing MEMORY_COLLECT pass (generating $mem cells).                   
                                                                                
82. Executing OPT_CLEAN pass (remove unused cells and wires).                   
Finding unused cells or wires in module \spi_slave..                            
                                                                                
83. Executing OPT_EXPR pass (perform const folding).                            
Optimizing module spi_slave.                                                    
<suppressed ~11 debug messages>                                                 
                                                                                
84. Executing OPT_MERGE pass (detect identical cells).                          
Finding identical cells in module `\spi_slave'.                                 
Computing hashes of 114 cells of `\spi_slave'.                                  
Finding duplicate cells in `\spi_slave'.                                        
Removed a total of 0 cells.                                                     
                                                                                
85. Executing OPT_DFF pass (perform DFF optimizations).                         
                                                                                
86. Executing OPT_CLEAN pass (remove unused cells and wires).                   
Finding unused cells or wires in module \spi_slave..                            
Removed 0 unused cells and 7 unused wires.                                      
<suppressed ~1 debug messages>                                                  
                                                                                
87. Executing MEMORY_MAP pass (converting memories to logic and flip-flops).    
                                                                                
88. Executing OPT_EXPR pass (perform const folding).                            
Optimizing module spi_slave.                                                    
                                                                                
89. Executing OPT_MERGE pass (detect identical cells).                          
Finding identical cells in module `\spi_slave'.                                 
Computing hashes of 114 cells of `\spi_slave'.                                  
Finding duplicate cells in `\spi_slave'.                                        
Removed a total of 0 cells.                                                     
                                                                                
90. Executing OPT_MUXTREE pass (detect dead branches in mux trees).             
Running muxtree optimizer on module \spi_slave..                                
  Creating internal representation of mux trees.                                
  Evaluating internal representation of mux trees.                              
  Analyzing evaluation results.                                                 
Removed 0 multiplexer ports.                                                    
<suppressed ~18 debug messages>                                                 
                                                                                
91. Executing OPT_REDUCE pass (consolidate $*mux and $reduce_* inputs).         
  Optimizing cells in module \spi_slave.                                        
    Consolidated identical input bits for $mux cell $procmux$92:                
      Old ports: A={ \DataToSend [6:0] 1'0 }, B={ \Data_toSPI [6:0] 1'0 },      
Y=$procmux$92_Y                                                                 
      New ports: A=\DataToSend [6:0], B=\Data_toSPI [6:0], Y=$procmux$92_Y [7:1]
      New connections: $procmux$92_Y [0] = 1'0                                  
  Optimizing cells in module \spi_slave.                                        
Performed a total of 1 changes.                                                 
                                                                                
92. Executing OPT_MERGE pass (detect identical cells).                          
Finding identical cells in module `\spi_slave'.                                 
Computing hashes of 114 cells of `\spi_slave'.                                  
Finding duplicate cells in `\spi_slave'.                                        
Removed a total of 0 cells.                                                     
                                                                                
93. Executing OPT_SHARE pass.                                                   
                                                                                
94. Executing OPT_DFF pass (perform DFF optimizations).                         
                                                                                
95. Executing OPT_CLEAN pass (remove unused cells and wires).                   
Finding unused cells or wires in module \spi_slave..                            
                                                                                
96. Executing OPT_EXPR pass (perform const folding).                            
Optimizing module spi_slave.                                                    
                                                                                
97. Rerunning OPT passes. (Maybe there is more to do…)                          
                                                                                
98. Executing OPT_MUXTREE pass (detect dead branches in mux trees).             
Running muxtree optimizer on module \spi_slave..                                
  Creating internal representation of mux trees.                                
  Evaluating internal representation of mux trees.                              
  Analyzing evaluation results.                                                 
Removed 0 multiplexer ports.                                                    
<suppressed ~18 debug messages>                                                 
                                                                                
99. Executing OPT_REDUCE pass (consolidate $*mux and $reduce_* inputs).         
  Optimizing cells in module \spi_slave.                                        
Performed a total of 0 changes.                                                 
                                                                                
100. Executing OPT_MERGE pass (detect identical cells).                         
Finding identical cells in module `\spi_slave'.                                 
Computing hashes of 114 cells of `\spi_slave'.                                  
Finding duplicate cells in `\spi_slave'.                                        
Removed a total of 0 cells.                                                     
                                                                                
101. Executing OPT_SHARE pass.                                                  
                                                                                
102. Executing OPT_DFF pass (perform DFF optimizations).                        
Setting constant 0-bit at position 0 on $auto$ff.cc:337:slice$447 ($adffe) from 
module spi_slave.                                                               
                                                                                
103. Executing OPT_CLEAN pass (remove unused cells and wires).                  
Finding unused cells or wires in module \spi_slave..                            
                                                                                
104. Executing OPT_EXPR pass (perform const folding).                           
Optimizing module spi_slave.                                                    
                                                                                
105. Rerunning OPT passes. (Maybe there is more to do…)                         
                                                                                
106. Executing OPT_MUXTREE pass (detect dead branches in mux trees).            
Running muxtree optimizer on module \spi_slave..                                
  Creating internal representation of mux trees.                                
  Evaluating internal representation of mux trees.                              
  Analyzing evaluation results.                                                 
Removed 0 multiplexer ports.                                                    
<suppressed ~18 debug messages>                                                 
                                                                                
107. Executing OPT_REDUCE pass (consolidate $*mux and $reduce_* inputs).        
  Optimizing cells in module \spi_slave.                                        
Performed a total of 0 changes.                                                 
                                                                                
108. Executing OPT_MERGE pass (detect identical cells).                         
Finding identical cells in module `\spi_slave'.                                 
Computing hashes of 114 cells of `\spi_slave'.                                  
Finding duplicate cells in `\spi_slave'.                                        
Removed a total of 0 cells.                                                     
                                                                                
109. Executing OPT_SHARE pass.                                                  
                                                                                
110. Executing OPT_DFF pass (perform DFF optimizations).                        
                                                                                
111. Executing OPT_CLEAN pass (remove unused cells and wires).                  
Finding unused cells or wires in module \spi_slave..                            
                                                                                
112. Executing OPT_EXPR pass (perform const folding).                           
Optimizing module spi_slave.                                                    
                                                                                
113. Executing TECHMAP pass (map to technology primitives).                     
                                                                                
113.1. Executing Verilog-2005 frontend:                                         
/foss/tools/yosys/bin/../share/yosys/techmap.v                                  
Parsing Verilog input from `/foss/tools/yosys/bin/../share/yosys/techmap.v' to  
AST representation.                                                             
Generating RTLIL representation for module `\_90_simplemap_bool_ops'.           
Generating RTLIL representation for module `\_90_simplemap_reduce_ops'.         
Generating RTLIL representation for module `\_90_simplemap_logic_ops'.          
Generating RTLIL representation for module `\_90_simplemap_compare_ops'.        
Generating RTLIL representation for module `\_90_simplemap_various'.            
Generating RTLIL representation for module `\_90_simplemap_registers'.          
Generating RTLIL representation for module `\_90_shift_ops_shr_shl_sshl_sshr'.  
Generating RTLIL representation for module `\_90_shift_shiftx'.                 
Generating RTLIL representation for module `\_90_fa'.                           
Generating RTLIL representation for module `\_90_lcu_brent_kung'.               
Generating RTLIL representation for module `\_90_alu'.                          
Generating RTLIL representation for module `\_90_macc'.                         
Generating RTLIL representation for module `\_90_alumacc'.                      
Generating RTLIL representation for module `$__div_mod_u'.                      
Generating RTLIL representation for module `$__div_mod_trunc'.                  
Generating RTLIL representation for module `\_90_div'.                          
Generating RTLIL representation for module `\_90_mod'.                          
Generating RTLIL representation for module `$__div_mod_floor'.                  
Generating RTLIL representation for module `\_90_divfloor'.                     
Generating RTLIL representation for module `\_90_modfloor'.                     
Generating RTLIL representation for module `\_90_pow'.                          
Generating RTLIL representation for module `\_90_demux'.                        
Generating RTLIL representation for module `\_90_lut'.                          
Generating RTLIL representation for module `$connect'.                          
Generating RTLIL representation for module `$input_port'.                       
Successfully finished Verilog frontend.                                         
                                                                                
113.2. Continuing TECHMAP pass.                                                 
Using extmapper simplemap for cells of type $adffe.                             
Using template $paramod$32a7b7b86c07519b7537abc18e96f0331f97914d\_90_alu for    
cells of type $alu.                                                             
Using extmapper simplemap for cells of type $reduce_and.                        
Using extmapper simplemap for cells of type $not.                               
Using extmapper simplemap for cells of type $ne.                                
Using extmapper simplemap for cells of type $reduce_bool.                       
Using extmapper simplemap for cells of type $reduce_or.                         
Using extmapper simplemap for cells of type $and.                               
Using extmapper simplemap for cells of type $eq.                                
Using extmapper simplemap for cells of type $adff.                              
Using extmapper simplemap for cells of type $logic_and.                         
Using extmapper simplemap for cells of type $logic_not.                         
Using extmapper simplemap for cells of type $pmux.                              
Using extmapper simplemap for cells of type $mux.                               
Using extmapper simplemap for cells of type $pos.                               
Using template $paramod\_90_fa\WIDTH=32'00000000000000000000000000000100 for    
cells of type $fa.                                                              
Using template                                                                  
$paramod\_90_lcu_brent_kung\WIDTH=32'00000000000000000000000000000100 for cells 
of type $lcu.                                                                   
Using extmapper simplemap for cells of type $xor.                               
Using extmapper simplemap for cells of type $or.                                
No more expansions possible.                                                    
<suppressed ~355 debug messages>                                                
                                                                                
114. Executing OPT_EXPR pass (perform const folding).                           
Optimizing module spi_slave.                                                    
<suppressed ~202 debug messages>                                                
                                                                                
115. Executing OPT_MERGE pass (detect identical cells).                         
Finding identical cells in module `\spi_slave'.                                 
Computing hashes of 706 cells of `\spi_slave'.                                  
Finding duplicate cells in `\spi_slave'.                                        
Computing hashes of 641 cells of `\spi_slave'.                                  
Finding duplicate cells in `\spi_slave'.                                        
Computing hashes of 615 cells of `\spi_slave'.                                  
Finding duplicate cells in `\spi_slave'.                                        
<suppressed ~273 debug messages>                                                
Removed a total of 91 cells.                                                    
                                                                                
116. Executing OPT_DFF pass (perform DFF optimizations).                        
                                                                                
117. Executing OPT_CLEAN pass (remove unused cells and wires).                  
Finding unused cells or wires in module \spi_slave..                            
Removed 5 unused cells and 178 unused wires.                                    
<suppressed ~6 debug messages>                                                  
                                                                                
118. Executing OPT_EXPR pass (perform const folding).                           
Optimizing module spi_slave.                                                    
                                                                                
119. Executing OPT_MERGE pass (detect identical cells).                         
Finding identical cells in module `\spi_slave'.                                 
Computing hashes of 610 cells of `\spi_slave'.                                  
Finding duplicate cells in `\spi_slave'.                                        
Removed a total of 0 cells.                                                     
                                                                                
120. Executing OPT_DFF pass (perform DFF optimizations).                        
                                                                                
121. Executing OPT_CLEAN pass (remove unused cells and wires).                  
Finding unused cells or wires in module \spi_slave..                            
                                                                                
122. Executing ABC pass (technology mapping using ABC).                         
                                                                                
122.1. Extracting gate netlist of module `\spi_slave' to                        
`<abc-temp-dir>/input.blif'..                                                   
Replacing 4 occurrences of constant undef bits with constant zero bits          
                                                                                
122.1.1. Executed ABC.                                                          
Extracted 475 gates and 588 wires to a netlist network with 110 inputs and 57   
outputs.                                                                        
Running ABC script: <abc-temp-dir>/abc.script                                   
ABC: UC Berkeley, ABC 1.01 (compiled Jul 27 2026 18:12:25)                      
ABC: abc 01> empty                                                              
ABC: abc 01> source <abc-temp-dir>/abc.script                                   
ABC: + read_blif <abc-temp-dir>/input.blif                                      
ABC: + read_library <abc-temp-dir>/stdcells.genlib                              
ABC: + strash                                                                   
ABC: + dretime                                                                  
ABC: + map                                                                      
ABC: + write_blif <abc-temp-dir>/output.blif                                    
ABC:                                                                            
ABC: YOSYS_ABC_DONE                                                             
                                                                                
122.1.2. Re-integrating ABC results.                                            
ABC RESULTS:               AND cells:        7                                  
ABC RESULTS:            ANDNOT cells:      190                                  
ABC RESULTS:               MUX cells:       10                                  
ABC RESULTS:              NAND cells:       10                                  
ABC RESULTS:               NOR cells:        4                                  
ABC RESULTS:               NOT cells:        6                                  
ABC RESULTS:                OR cells:      199                                  
ABC RESULTS:             ORNOT cells:       10                                  
ABC RESULTS:              XNOR cells:        2                                  
ABC RESULTS:               XOR cells:        2                                  
ABC RESULTS:        internal signals:      421                                  
ABC RESULTS:           input signals:      110                                  
ABC RESULTS:          output signals:       57                                  
Removing temp directory.                                                        
Removing global temp directory.                                                 
                                                                                
123. Executing OPT pass (performing simple optimizations).                      
                                                                                
123.1. Executing OPT_EXPR pass (perform const folding).                         
Optimizing module spi_slave.                                                    
<suppressed ~2 debug messages>                                                  
                                                                                
123.2. Executing OPT_MERGE pass (detect identical cells).                       
Finding identical cells in module `\spi_slave'.                                 
Computing hashes of 575 cells of `\spi_slave'.                                  
Finding duplicate cells in `\spi_slave'.                                        
Removed a total of 0 cells.                                                     
                                                                                
123.3. Executing OPT_DFF pass (perform DFF optimizations).                      
                                                                                
123.4. Executing OPT_CLEAN pass (remove unused cells and wires).                
Finding unused cells or wires in module \spi_slave..                            
Removed 1 unused cells and 474 unused wires.                                    
<suppressed ~2 debug messages>                                                  
                                                                                
123.5. Finished fast OPT passes.                                                
                                                                                
124. Executing HIERARCHY pass (managing design hierarchy).                      
                                                                                
124.1. Analyzing design hierarchy..                                             
Top module:  \spi_slave                                                         
                                                                                
124.2. Analyzing design hierarchy..                                             
Top module:  \spi_slave                                                         
Removed 0 unused modules.                                                       
                                                                                
125. Executing CHECK pass (checking for obvious problems).                      
Checking module spi_slave...                                                    
Found and reported 0 problems.                                                  
                                                                                
126. Printing statistics.                                                       
                                                                                
=== spi_slave ===                                                               
                                                                                
        +----------Local Count, excluding submodules.                           
        |                                                                       
      459 wires                                                                 
      591 wire bits                                                             
       34 public wires                                                          
      152 public wire bits                                                      
        9 ports                                                                 
       30 port bits                                                             
      574 cells                                                                 
      190   $_ANDNOT_                                                           
        7   $_AND_                                                              
       96   $_DFFE_PN0P_                                                        
       17   $_DFFE_PN1P_                                                        
       21   $_DFF_PN0_                                                          
        1   $_DFF_PN1_                                                          
       10   $_MUX_                                                              
       10   $_NAND_                                                             
        4   $_NOR_                                                              
        5   $_NOT_                                                              
       10   $_ORNOT_                                                            
      199   $_OR_                                                               
        2   $_XNOR_                                                             
        2   $_XOR_                                                              
                                                                                
127. Executing OPT pass (performing simple optimizations).                      
                                                                                
127.1. Executing OPT_EXPR pass (perform const folding).                         
Optimizing module spi_slave.                                                    
                                                                                
127.2. Executing OPT_MERGE pass (detect identical cells).                       
Finding identical cells in module `\spi_slave'.                                 
Computing hashes of 574 cells of `\spi_slave'.                                  
Finding duplicate cells in `\spi_slave'.                                        
Removed a total of 0 cells.                                                     
                                                                                
127.3. Executing OPT_MUXTREE pass (detect dead branches in mux trees).          
Running muxtree optimizer on module \spi_slave..                                
  Creating internal representation of mux trees.                                
  No muxes found in this module.                                                
Removed 0 multiplexer ports.                                                    
                                                                                
127.4. Executing OPT_REDUCE pass (consolidate $*mux and $reduce_* inputs).      
  Optimizing cells in module \spi_slave.                                        
Performed a total of 0 changes.                                                 
                                                                                
127.5. Executing OPT_MERGE pass (detect identical cells).                       
Finding identical cells in module `\spi_slave'.                                 
Computing hashes of 574 cells of `\spi_slave'.                                  
Finding duplicate cells in `\spi_slave'.                                        
Removed a total of 0 cells.                                                     
                                                                                
127.6. Executing OPT_DFF pass (perform DFF optimizations).                      
                                                                                
127.7. Executing OPT_CLEAN pass (remove unused cells and wires).                
Finding unused cells or wires in module \spi_slave..                            
                                                                                
127.8. Executing OPT_EXPR pass (perform const folding).                         
Optimizing module spi_slave.                                                    
                                                                                
127.9. Finished fast OPT passes. (There is nothing left to do.)                 
                                                                                
128. Executing OPT_CLEAN pass (remove unused cells and wires).                  
Finding unused cells or wires in module \spi_slave..                            
{                                                                               
   "creator": "Yosys 0.67 (git sha1 2d1509d1b, Release, GNU /usr/bin/c++        
13.3.0)",                                                                       
   "invocation": "stat -json -liberty                                           
/foss/designs/spi-slave-ihp/flow_hv/runs/RUN_2026-08-16_13-42-07/tmp/5fcfa7d4a33
44fac897855d0261489d6.lib ",                                                    
   "modules": {                                                                 
      "\\spi_slave": {                                                          
         "num_wires":         459,                                              
         "num_wire_bits":     591,                                              
         "num_pub_wires":     34,                                               
         "num_pub_wire_bits": 152,                                              
         "num_ports":         9,                                                
         "num_port_bits":     30,                                               
         "num_memories":      0,                                                
         "num_memory_bits":   0,                                                
         "num_processes":     0,                                                
         "num_cells":         574,                                              
         "num_submodules":       0,                                             
         "num_cells_by_type": {                                                 
            "$_ANDNOT_": 190,                                                   
            "$_AND_": 7,                                                        
            "$_DFFE_PN0P_": 96,                                                 
            "$_DFFE_PN1P_": 17,                                                 
            "$_DFF_PN0_": 21,                                                   
            "$_DFF_PN1_": 1,                                                    
            "$_MUX_": 10,                                                       
            "$_NAND_": 10,                                                      
            "$_NOR_": 4,                                                        
            "$_NOT_": 5,                                                        
            "$_ORNOT_": 10,                                                     
            "$_OR_": 199,                                                       
            "$_XNOR_": 2,                                                       
            "$_XOR_": 2                                                         
         }                                                                      
      }                                                                         
   },                                                                           
      "design": {                                                               
         "num_wires":         459,                                              
         "num_wire_bits":     591,                                              
         "num_pub_wires":     34,                                               
         "num_pub_wire_bits": 152,                                              
         "num_ports":         9,                                                
         "num_port_bits":     30,                                               
         "num_memories":      0,                                                
         "num_memory_bits":   0,                                                
         "num_processes":     0,                                                
         "num_cells":         574,                                              
         "num_submodules":       0,                                             
         "num_cells_by_type": {                                                 
            "$_ANDNOT_": 190,                                                   
            "$_AND_": 7,                                                        
            "$_DFFE_PN0P_": 96,                                                 
            "$_DFFE_PN1P_": 17,                                                 
            "$_DFF_PN0_": 21,                                                   
            "$_DFF_PN1_": 1,                                                    
            "$_MUX_": 10,                                                       
            "$_NAND_": 10,                                                      
            "$_NOR_": 4,                                                        
            "$_NOT_": 5,                                                        
            "$_ORNOT_": 10,                                                     
            "$_OR_": 199,                                                       
            "$_XNOR_": 2,                                                       
            "$_XOR_": 2                                                         
         }                                                                      
      }                                                                         
}                                                                               
                                                                                
129. Printing statistics.                                                       
                                                                                
=== spi_slave ===                                                               
                                                                                
        +----------Local Count, excluding submodules.                           
        |                                                                       
      459 wires                                                                 
      591 wire bits                                                             
       34 public wires                                                          
      152 public wire bits                                                      
        9 ports                                                                 
       30 port bits                                                             
      574 cells                                                                 
      190   $_ANDNOT_                                                           
        7   $_AND_                                                              
       96   $_DFFE_PN0P_                                                        
       17   $_DFFE_PN1P_                                                        
       21   $_DFF_PN0_                                                          
        1   $_DFF_PN1_                                                          
       10   $_MUX_                                                              
       10   $_NAND_                                                             
        4   $_NOR_                                                              
        5   $_NOT_                                                              
       10   $_ORNOT_                                                            
      199   $_OR_                                                               
        2   $_XNOR_                                                             
        2   $_XOR_                                                              
                                                                                
   Area for cell type $_ANDNOT_ is unknown!                                     
   Area for cell type $_AND_ is unknown!                                        
   Area for cell type $_DFFE_PN0P_ is unknown!                                  
   Area for cell type $_DFFE_PN1P_ is unknown!                                  
   Area for cell type $_DFF_PN0_ is unknown!                                    
   Area for cell type $_DFF_PN1_ is unknown!                                    
   Area for cell type $_MUX_ is unknown!                                        
   Area for cell type $_NAND_ is unknown!                                       
   Area for cell type $_NOR_ is unknown!                                        
   Area for cell type $_NOT_ is unknown!                                        
   Area for cell type $_ORNOT_ is unknown!                                      
   Area for cell type $_OR_ is unknown!                                         
   Area for cell type $_XNOR_ is unknown!                                       
   Area for cell type $_XOR_ is unknown!                                        
                                                                                
[INFO] Applying extra mappings from                                             
'/foss/designs/spi-slave-ihp/flow_hv/hv_dff_map.v'…                             
                                                                                
130. Executing TECHMAP pass (map to technology primitives).                     
                                                                                
130.1. Executing Verilog-2005 frontend:                                         
/foss/designs/spi-slave-ihp/flow_hv/hv_dff_map.v                                
Parsing Verilog input from `/foss/designs/spi-slave-ihp/flow_hv/hv_dff_map.v' to
AST representation.                                                             
Generating RTLIL representation for module `$_DFF_PN0_'.                        
Generating RTLIL representation for module `$_DFF_PN1_'.                        
Generating RTLIL representation for module `$_DFFE_PN0P_'.                      
Generating RTLIL representation for module `$_DFFE_PN1P_'.                      
Successfully finished Verilog frontend.                                         
                                                                                
130.2. Continuing TECHMAP pass.                                                 
Using template $_DFF_PN0_ for cells of type $_DFF_PN0_.                         
Using template $_DFF_PN1_ for cells of type $_DFF_PN1_.                         
Using template $_DFFE_PN0P_ for cells of type $_DFFE_PN0P_.                     
Using template $_DFFE_PN1P_ for cells of type $_DFFE_PN1P_.                     
No more expansions possible.                                                    
<suppressed ~141 debug messages>                                                
                                                                                
131. Executing DFFLIBMAP pass (mapping DFF cells to sequential cells from       
liberty file).                                                                  
  final dff cell mappings:                                                      
    unmapped dff cell: $_DFF_N_                                                 
    unmapped dff cell: $_DFF_P_                                                 
    unmapped dff cell: $_DFF_NN0_                                               
    unmapped dff cell: $_DFF_NN1_                                               
    unmapped dff cell: $_DFF_NP0_                                               
    unmapped dff cell: $_DFF_NP1_                                               
    unmapped dff cell: $_DFF_PN0_                                               
    unmapped dff cell: $_DFF_PN1_                                               
    unmapped dff cell: $_DFF_PP0_                                               
    unmapped dff cell: $_DFF_PP1_                                               
    unmapped dff cell: $_DFFE_NN_                                               
    unmapped dff cell: $_DFFE_NP_                                               
    unmapped dff cell: $_DFFE_PN_                                               
    unmapped dff cell: $_DFFE_PP_                                               
    unmapped dff cell: $_DFFSR_NNN_                                             
    unmapped dff cell: $_DFFSR_NNP_                                             
    unmapped dff cell: $_DFFSR_NPN_                                             
    unmapped dff cell: $_DFFSR_NPP_                                             
    unmapped dff cell: $_DFFSR_PNN_                                             
    unmapped dff cell: $_DFFSR_PNP_                                             
    unmapped dff cell: $_DFFSR_PPN_                                             
    unmapped dff cell: $_DFFSR_PPP_                                             
                                                                                
131.1. Executing DFFLEGALIZE pass (convert FFs to types supported by the        
target).                                                                        
<suppressed ~1 debug messages>                                                  
Mapping DFF cells in module `\spi_slave':                                       
{                                                                               
   "creator": "Yosys 0.67 (git sha1 2d1509d1b, Release, GNU /usr/bin/c++        
13.3.0)",                                                                       
   "invocation": "stat -json -liberty                                           
/foss/designs/spi-slave-ihp/flow_hv/runs/RUN_2026-08-16_13-42-07/tmp/5fcfa7d4a33
44fac897855d0261489d6.lib ",                                                    
   "modules": {                                                                 
      "\\spi_slave": {                                                          
         "num_wires":         1225,                                             
         "num_wire_bits":     1357,                                             
         "num_pub_wires":     34,                                               
         "num_pub_wire_bits": 152,                                              
         "num_ports":         9,                                                
         "num_port_bits":     30,                                               
         "num_memories":      0,                                                
         "num_memory_bits":   0,                                                
         "num_processes":     0,                                                
         "num_cells":         687,                                              
         "num_submodules":       0,                                             
         "area":              28685.664000,                                     
         "sequential_area":    28685.664000,                                    
         "num_cells_by_type": {                                                 
            "$_ANDNOT_": 190,                                                   
            "$_AND_": 7,                                                        
            "$_MUX_": 10,                                                       
            "$_NAND_": 10,                                                      
            "$_NOR_": 4,                                                        
            "$_NOT_": 118,                                                      
            "$_ORNOT_": 10,                                                     
            "$_OR_": 199,                                                       
            "$_XNOR_": 2,                                                       
            "$_XOR_": 2,                                                        
            "sg13g2_hv_sdfbbp_1": 135                                           
         }                                                                      
      }                                                                         
   },                                                                           
      "design": {                                                               
         "num_wires":         1225,                                             
         "num_wire_bits":     1357,                                             
         "num_pub_wires":     34,                                               
         "num_pub_wire_bits": 152,                                              
         "num_ports":         9,                                                
         "num_port_bits":     30,                                               
         "num_memories":      0,                                                
         "num_memory_bits":   0,                                                
         "num_processes":     0,                                                
         "num_cells":         687,                                              
         "num_submodules":       0,                                             
         "area":              28685.664000,                                     
         "sequential_area":    28685.664000,                                    
         "num_cells_by_type": {                                                 
            "$_ANDNOT_": 190,                                                   
            "$_AND_": 7,                                                        
            "$_MUX_": 10,                                                       
            "$_NAND_": 10,                                                      
            "$_NOR_": 4,                                                        
            "$_NOT_": 118,                                                      
            "$_ORNOT_": 10,                                                     
            "$_OR_": 199,                                                       
            "$_XNOR_": 2,                                                       
            "$_XOR_": 2,                                                        
            "sg13g2_hv_sdfbbp_1": 135                                           
         }                                                                      
      }                                                                         
}                                                                               
                                                                                
132. Printing statistics.                                                       
                                                                                
=== spi_slave ===                                                               
                                                                                
        +----------Local Count, excluding submodules.                           
        |        +-Local Area, excluding submodules.                            
        |        |                                                              
     1225        - wires                                                        
     1357        - wire bits                                                    
       34        - public wires                                                 
      152        - public wire bits                                             
        9        - ports                                                        
       30        - port bits                                                    
      687 2.87E+04 cells                                                        
      190        -   $_ANDNOT_                                                  
        7        -   $_AND_                                                     
       10        -   $_MUX_                                                     
       10        -   $_NAND_                                                    
        4        -   $_NOR_                                                     
      118        -   $_NOT_                                                     
       10        -   $_ORNOT_                                                   
      199        -   $_OR_                                                      
        2        -   $_XNOR_                                                    
        2        -   $_XOR_                                                     
      135 2.87E+04   sg13g2_hv_sdfbbp_1                                         
                                                                                
   Area for cell type $_ANDNOT_ is unknown!                                     
   Area for cell type $_AND_ is unknown!                                        
   Area for cell type $_MUX_ is unknown!                                        
   Area for cell type $_NAND_ is unknown!                                       
   Area for cell type $_NOR_ is unknown!                                        
   Area for cell type $_NOT_ is unknown!                                        
   Area for cell type $_ORNOT_ is unknown!                                      
   Area for cell type $_OR_ is unknown!                                         
   Area for cell type $_XNOR_ is unknown!                                       
   Area for cell type $_XOR_ is unknown!                                        
                                                                                
   Chip area for module '\spi_slave': 28685.664000                              
     of which used for sequential elements: 28685.664000 (100.00%)              
                                                                                
[INFO] Using generated ABC script                                               
'/foss/designs/spi-slave-ihp/flow_hv/runs/RUN_2026-08-16_13-42-07/06-yosys-synth
esis/AREA_0.abc'…                                                               
                                                                                
133. Executing ABC pass (technology mapping using ABC).                         
                                                                                
133.1. Extracting gate netlist of module `\spi_slave' to                        
`/tmp/yosys-abc-vwHBT5/input.blif'..                                            
                                                                                
133.1.1. Executed ABC.                                                          
Extracted 552 gates and 662 wires to a netlist network with 110 inputs and 152  
outputs.                                                                        
Running ABC script: /tmp/yosys-abc-vwHBT5/abc.script                            
ABC: UC Berkeley, ABC 1.01 (compiled Jul 27 2026 18:12:25)                      
ABC: abc 01> empty                                                              
ABC: abc 01> source /tmp/yosys-abc-vwHBT5/abc.script                            
ABC: + read_blif /tmp/yosys-abc-vwHBT5/input.blif                               
ABC: + read_scl /tmp/yosys-liberty-scl-cache/yosys_merged_d56754bb.scl          
ABC: + read_constr -v                                                           
/foss/designs/spi-slave-ihp/flow_hv/runs/RUN_2026-08-16_13-42-07/06-yosys-synthe
sis/synthesis.abc.sdc                                                           
ABC: Setting driving cell to be "sg13g2_hv_buf_4/X".                            
ABC: Setting output load to be 6.000000.                                        
ABC: + source                                                                   
/foss/designs/spi-slave-ihp/flow_hv/runs/RUN_2026-08-16_13-42-07/06-yosys-synthe
sis/AREA_0.abc                                                                  
ABC: Error: The network is combinational.                                       
ABC: Cannot find the default PI driving cell (sg13g2_hv_buf_4/X) in the library.
ABC: WireLoad = "none"  Gates =    380 ( 18.4 %)   Cap = 14.9 ff (  0.4 %)      
Area =     9962.87 ( 98.9 %)   Delay =  4343.15 ps  (  4.7 %)                   
ABC: Path  0 --      10 : 0    2 pi                 A =   0.00  Df =   0.0      
-0.0 ps  S =   0.0 ps  Cin =  0.0 ff  Cout =  12.4 ff  Cmax =   0.0 ff  G =    0
ABC: Path  1 --     340 : 4   63 sg13g2_hv_or4_1    A =  41.13  Df =2176.5      
-361.3 ps  S =2326.9 ps  Cin =  5.2 ff  Cout = 402.3 ff  Cmax =   0.0 ff  G =   
6997                                                                            
ABC: Path  2 --     350 : 3   16 sg13g2_hv_nor3_1   A =  23.99  Df =3734.5      
-0.5 ps  S =1591.3 ps  Cin =  6.2 ff  Cout = 109.6 ff  Cmax =   0.0 ff  G = 1777
ABC: Path  3 --     502 : 5    1 sg13g2_hv_a221oi_1 A =  41.13  Df =4126.2      
-0.7 ps  S = 502.7 ps  Cin =  6.2 ff  Cout =   6.1 ff  Cmax =   0.0 ff  G =   97
ABC: Path  4 --     504 : 3    1 sg13g2_hv_nand3_1  A =  23.99  Df =4343.1      
-0.0 ps  S = 198.5 ps  Cin =  6.3 ff  Cout =   6.0 ff  Cmax =   0.0 ff  G =   95
ABC: Start-point = pi9 (\Add_SPI [3]).  End-point = po139                       
($abc$2029$procmux$75_Y[4]).                                                    
ABC: netlist                       : i/o =  110/  152  lat =    0  nd =   380   
edge =   1046  area =9962.45  delay = 4.00  lev = 4                             
ABC: + write_blif /tmp/yosys-abc-vwHBT5/output.blif                             
ABC:                                                                            
ABC: YOSYS_ABC_DONE                                                             
                                                                                
133.1.2. Re-integrating ABC results.                                            
ABC RESULTS:   sg13g2_hv_a21o_1 cells:        3                                 
ABC RESULTS:   sg13g2_hv_a21oi_1 cells:        7                                
ABC RESULTS:   sg13g2_hv_a221oi_1 cells:       19                               
ABC RESULTS:   sg13g2_hv_a22oi_1 cells:       16                                
ABC RESULTS:   sg13g2_hv_and2_1 cells:        9                                 
ABC RESULTS:   sg13g2_hv_buf_1 cells:        4                                  
ABC RESULTS:   sg13g2_hv_inv_1 cells:       66                                  
ABC RESULTS:   sg13g2_hv_mux2_1 cells:        7                                 
ABC RESULTS:   sg13g2_hv_nand2_1 cells:       75                                
ABC RESULTS:   sg13g2_hv_nand2b_1 cells:       14                               
ABC RESULTS:   sg13g2_hv_nand3_1 cells:       20                                
ABC RESULTS:   sg13g2_hv_nand3b_1 cells:        8                               
ABC RESULTS:   sg13g2_hv_nor2_1 cells:        5                                 
ABC RESULTS:   sg13g2_hv_nor3_1 cells:       16                                 
ABC RESULTS:   sg13g2_hv_nor4_1 cells:       81                                 
ABC RESULTS:   sg13g2_hv_o21ai_1 cells:        8                                
ABC RESULTS:   sg13g2_hv_or2_1 cells:        4                                  
ABC RESULTS:   sg13g2_hv_or4_1 cells:       18                                  
ABC RESULTS:        internal signals:      400                                  
ABC RESULTS:           input signals:      110                                  
ABC RESULTS:          output signals:      152                                  
Removing temp directory.                                                        
Removing global temp directory.                                                 
                                                                                
134. Executing SETUNDEF pass (replace undef values with defined constants).     
                                                                                
135. Executing HILOMAP pass (mapping to constant drivers).                      
                                                                                
136. Executing SPLITNETS pass (splitting up multi-bit signals).                 
                                                                                
137. Executing OPT_CLEAN pass (remove unused cells and wires).                  
Finding unused cells or wires in module \spi_slave..                            
Removed 1 unused cells and 1320 unused wires.                                   
<suppressed ~3 debug messages>                                                  
                                                                                
138. Executing INSBUF pass (insert buffer cells for connected wires).           
                                                                                
139. Executing CHECK pass (checking for obvious problems).                      
Checking module spi_slave...                                                    
Found and reported 0 problems.                                                  
{                                                                               
   "creator": "Yosys 0.67 (git sha1 2d1509d1b, Release, GNU /usr/bin/c++        
13.3.0)",                                                                       
   "invocation": "stat -json -liberty                                           
/foss/designs/spi-slave-ihp/flow_hv/runs/RUN_2026-08-16_13-42-07/tmp/5fcfa7d4a33
44fac897855d0261489d6.lib ",                                                    
   "modules": {                                                                 
      "\\spi_slave": {                                                          
         "num_wires":         689,                                              
         "num_wire_bits":     710,                                              
         "num_pub_wires":     130,                                              
         "num_pub_wire_bits": 151,                                              
         "num_ports":         9,                                                
         "num_port_bits":     30,                                               
         "num_memories":      0,                                                
         "num_memory_bits":   0,                                                
         "num_processes":     0,                                                
         "num_cells":         697,                                              
         "num_submodules":       0,                                             
         "area":              41143.536000,                                     
         "sequential_area":    28685.664000,                                    
         "num_cells_by_type": {                                                 
            "sg13g2_hv_a21o_1": 3,                                              
            "sg13g2_hv_a21oi_1": 7,                                             
            "sg13g2_hv_a221oi_1": 19,                                           
            "sg13g2_hv_a22oi_1": 16,                                            
            "sg13g2_hv_and2_1": 9,                                              
            "sg13g2_hv_buf_1": 4,                                               
            "sg13g2_hv_inv_1": 66,                                              
            "sg13g2_hv_mux2_1": 7,                                              
            "sg13g2_hv_nand2_1": 75,                                            
            "sg13g2_hv_nand2b_1": 14,                                           
            "sg13g2_hv_nand3_1": 20,                                            
            "sg13g2_hv_nand3b_1": 8,                                            
            "sg13g2_hv_nor2_1": 5,                                              
            "sg13g2_hv_nor3_1": 16,                                             
            "sg13g2_hv_nor4_1": 81,                                             
            "sg13g2_hv_o21ai_1": 8,                                             
            "sg13g2_hv_or2_1": 4,                                               
            "sg13g2_hv_or4_1": 18,                                              
            "sg13g2_hv_sdfbbp_1": 135,                                          
            "sg13g2_hv_tiehi": 135,                                             
            "sg13g2_hv_tielo": 47                                               
         }                                                                      
      }                                                                         
   },                                                                           
      "design": {                                                               
         "num_wires":         689,                                              
         "num_wire_bits":     710,                                              
         "num_pub_wires":     130,                                              
         "num_pub_wire_bits": 151,                                              
         "num_ports":         9,                                                
         "num_port_bits":     30,                                               
         "num_memories":      0,                                                
         "num_memory_bits":   0,                                                
         "num_processes":     0,                                                
         "num_cells":         697,                                              
         "num_submodules":       0,                                             
         "area":              41143.536000,                                     
         "sequential_area":    28685.664000,                                    
         "num_cells_by_type": {                                                 
            "sg13g2_hv_a21o_1": 3,                                              
            "sg13g2_hv_a21oi_1": 7,                                             
            "sg13g2_hv_a221oi_1": 19,                                           
            "sg13g2_hv_a22oi_1": 16,                                            
            "sg13g2_hv_and2_1": 9,                                              
            "sg13g2_hv_buf_1": 4,                                               
            "sg13g2_hv_inv_1": 66,                                              
            "sg13g2_hv_mux2_1": 7,                                              
            "sg13g2_hv_nand2_1": 75,                                            
            "sg13g2_hv_nand2b_1": 14,                                           
            "sg13g2_hv_nand3_1": 20,                                            
            "sg13g2_hv_nand3b_1": 8,                                            
            "sg13g2_hv_nor2_1": 5,                                              
            "sg13g2_hv_nor3_1": 16,                                             
            "sg13g2_hv_nor4_1": 81,                                             
            "sg13g2_hv_o21ai_1": 8,                                             
            "sg13g2_hv_or2_1": 4,                                               
            "sg13g2_hv_or4_1": 18,                                              
            "sg13g2_hv_sdfbbp_1": 135,                                          
            "sg13g2_hv_tiehi": 135,                                             
            "sg13g2_hv_tielo": 47                                               
         }                                                                      
      }                                                                         
}                                                                               
                                                                                
140. Printing statistics.                                                       
                                                                                
=== spi_slave ===                                                               
                                                                                
        +----------Local Count, excluding submodules.                           
        |        +-Local Area, excluding submodules.                            
        |        |                                                              
      689        - wires                                                        
      710        - wire bits                                                    
      130        - public wires                                                 
      151        - public wire bits                                             
        9        - ports                                                        
       30        - port bits                                                    
      697 4.11E+04 cells                                                        
        3  133.661   sg13g2_hv_a21o_1                                           
        7  167.933   sg13g2_hv_a21oi_1                                          
       19  781.402   sg13g2_hv_a221oi_1                                         
       16  603.187   sg13g2_hv_a22oi_1                                          
        9  215.914   sg13g2_hv_and2_1                                           
        4   82.253   sg13g2_hv_buf_1                                            
       66  904.781   sg13g2_hv_inv_1                                            
        7  383.846   sg13g2_hv_mux2_1                                           
       75  1542.24   sg13g2_hv_nand2_1                                          
       14  335.866   sg13g2_hv_nand2b_1                                         
       20  479.808   sg13g2_hv_nand3_1                                          
        8  301.594   sg13g2_hv_nand3b_1                                         
        5  119.952   sg13g2_hv_nor2_1                                           
       16  383.846   sg13g2_hv_nor3_1                                           
       81  2.5E+03   sg13g2_hv_nor4_1                                           
        8  191.923   sg13g2_hv_o21ai_1                                          
        4   95.962   sg13g2_hv_or2_1                                            
       18  740.275   sg13g2_hv_or4_1                                            
      135 2.87E+04   sg13g2_hv_sdfbbp_1                                         
      135 1.85E+03   sg13g2_hv_tiehi                                            
       47  644.314   sg13g2_hv_tielo                                            
                                                                                
   Chip area for module '\spi_slave': 41143.536000                              
     of which used for sequential elements: 28685.664000 (69.72%)               
                                                                                
141. Executing Verilog backend.                                                 
Dumping module `\spi_slave'.                                                    
                                                                                
142. Executing JSON backend.                                                    
[13:42:09] VERBOSE  Parsing synthesis checks…                       pyosys.py:59
──────────────────────────── Unmapped Cells Checker ────────────────────────────
[13:42:09] VERBOSE  Running 'Checker.YosysUnmappedCells' at         step.py:1138
                    'runs/RUN_2026-08-16_13-42-07/07-checker-yosysu             
                    nmappedcells'…                                              
[13:42:09] INFO     Check for Unmapped Yosys instances clear.     checker.py:131
─────────────────────── Netlist Assign Statement Checker ───────────────────────
[13:42:09] VERBOSE  Running 'Checker.NetlistAssignStatements' at    step.py:1138
                    'runs/RUN_2026-08-16_13-42-07/08-checker-netlis             
                    tassignstatements'…                                         
─────────────────────────────── Check SDC Files ────────────────────────────────
[13:42:09] VERBOSE  Running 'OpenROAD.CheckSDCFiles' at             step.py:1138
                    'runs/RUN_2026-08-16_13-42-07/09-openroad-check             
                    sdcfiles'…                                                  
──────────────────────────── Check Macro Instances ─────────────────────────────
[13:42:09] VERBOSE  Running 'OpenROAD.CheckMacroInstances' at       step.py:1138
                    'runs/RUN_2026-08-16_13-42-07/10-openroad-check             
                    macroinstances'…                                            
[13:42:09] INFO     No macros found, skipping instance check…    openroad.py:693
─────────────────────────── Floorplan Initialization ───────────────────────────
[13:42:09] VERBOSE  Running 'OpenROAD.Floorplan' at                 step.py:1138
                    'runs/RUN_2026-08-16_13-42-07/11-openroad-floor             
                    plan'…                                                      
[13:42:09] VERBOSE  Logging subprocess to                           step.py:1338
                    'runs/RUN_2026-08-16_13-42-07/11-openroad-floor             
                    plan/openroad-floorplan.log'…                               
Reading timing models for corner nom_typ_3p30V_25C…                             
Reading timing library for the 'nom_typ_3p30V_25C' corner at                    
'/foss/designs/sg13g2_stdcell_hv/lib/sg13g2_stdcell_hv_typ_3p30V_25C.lib'…      
Reading technology LEF file at                                                  
'/foss/pdks/ihp-sg13g2/libs.ref/sg13g2_stdcell/lef/sg13g2_tech.lef'…            
[INFO ODB-0227] LEF file:                                                       
/foss/pdks/ihp-sg13g2/libs.ref/sg13g2_stdcell/lef/sg13g2_tech.lef, created 19   
layers, 70 vias                                                                 
Reading cell LEF file at                                                        
'/foss/designs/sg13g2_stdcell_hv/lef/sg13g2_stdcell_hv.lef'…                    
[INFO ODB-0227] LEF file:                                                       
/foss/designs/sg13g2_stdcell_hv/lef/sg13g2_stdcell_hv.lef, created 68 library   
cells                                                                           
Reading gpio pad LEF file at                                                    
'/foss/pdks/ihp-sg13g2/libs.ref/sg13g2_io/lef/sg13g2_io.lef'…                   
[INFO ODB-0227] LEF file:                                                       
/foss/pdks/ihp-sg13g2/libs.ref/sg13g2_io/lef/sg13g2_io.lef, created 22 library  
cells                                                                           
Reading top-level netlist at                                                    
'/foss/designs/spi-slave-ihp/flow_hv/runs/RUN_2026-08-16_13-42-07/06-yosys-synth
esis/spi_slave.nl.v'…                                                           
Linking design 'spi_slave' from netlist…                                        
[13:42:09] WARNING  [ORD-2056] The following 12 liberty cell(s)  openroad.py:314
                    do not have LEF masters and will be marked                  
                    as dont-use:                                                
  sg13g2_hv_dfrbp_1                                                             
  sg13g2_hv_dfrbp_2                                                             
  sg13g2_hv_dfrbpq_1                                                            
  sg13g2_hv_dfrbpq_2                                                            
  sg13g2_hv_dlhq_1                                                              
  sg13g2_hv_dlhr_1                                                              
  sg13g2_hv_dllr_1                                                              
  sg13g2_hv_dllrq_1                                                             
  sg13g2_hv_sdfrbp_1                                                            
  sg13g2_hv_sdfrbp_2                                                            
  sg13g2_hv_sdfrbpq_1                                                           
  sg13g2_hv_sdfrbpq_2                                                           
Reading design constraints file at                                              
'/foss/designs/spi-slave-ihp/flow_hv/constraint.sdc'…                           
[INFO] No information on clock propagation in input SDC file-- propagating all  
clocks.                                                                         
Using site height: 7.14 and site width: 0.48…                                   
[INFO] Using relative sizing for the floorplan.                                 
+ initialize_floorplan -site CoreSiteHV -utilization 35 -aspect_ratio 1         
-core_space 28.56 28.56 5.76 5.76                                               
[INFO IFP-0107] Defining die area using utilization: 35.00% and aspect ratio: 1.
[INFO IFP-0001] Added 48 rows of 714 site CoreSiteHV.                           
[INFO IFP-0100] Die BBox:  (  0.000  0.000 ) ( 354.380 399.980 ) um             
[INFO IFP-0101] Core BBox: (  5.760 28.560 ) ( 348.480 371.280 ) um             
[INFO IFP-0102] Core area:                       117456.998 um^2                
[INFO IFP-0103] Total instances area:             41143.536 um^2                
[INFO IFP-0104] Effective utilization:                0.350                     
[INFO IFP-0105] Number of instances:                    697                     
[INFO IFP-0030] Inserted 0 tiecells using sg13g2_hv_tielo/L_LO.                 
[INFO IFP-0030] Inserted 0 tiecells using sg13g2_hv_tiehi/L_HI.                 
[INFO] Extracting DIE_AREA and CORE_AREA from the floorplan                     
[INFO] Floorplanned on a die area of 0.0 0.0 354.38 399.98 (µm).                
[INFO] Floorplanned on a core area of 5.76 28.56 348.48 371.28 (µm).            
Writing metric design__die__bbox: 0.0 0.0 354.38 399.98                         
Writing metric design__core__bbox: 5.76 28.56 348.48 371.28                     
Setting global connections for newly added cells…                               
[INFO] Setting global connections...                                            
[INFO ODB-0403] 0 connections made, 0 conflicts skipped.                        
Updating metrics…                                                               
Cell type report:                       Count       Area                        
  Buffer                                    4      82.25                        
  Inverter                                 66     904.78                        
  Sequential cell                         135   28685.66                        
  Multi-Input combinational cell          492   11470.84                        
  Total                                   697   41143.54                        
Writing OpenROAD database to                                                    
'/foss/designs/spi-slave-ihp/flow_hv/runs/RUN_2026-08-16_13-42-07/11-openroad-fl
oorplan/spi_slave.odb'…                                                         
Writing netlist to                                                              
'/foss/designs/spi-slave-ihp/flow_hv/runs/RUN_2026-08-16_13-42-07/11-openroad-fl
oorplan/spi_slave.nl.v'…                                                        
Writing powered netlist to                                                      
'/foss/designs/spi-slave-ihp/flow_hv/runs/RUN_2026-08-16_13-42-07/11-openroad-fl
oorplan/spi_slave.pnl.v'…                                                       
Writing layout to                                                               
'/foss/designs/spi-slave-ihp/flow_hv/runs/RUN_2026-08-16_13-42-07/11-openroad-fl
oorplan/spi_slave.def'…                                                         
Writing timing constraints to                                                   
'/foss/designs/spi-slave-ihp/flow_hv/runs/RUN_2026-08-16_13-42-07/11-openroad-fl
oorplan/spi_slave.sdc'…                                                         
──────────────────────────────── Dump RC Values ────────────────────────────────
[13:42:09] VERBOSE  Running 'OpenROAD.DumpRCValues' at              step.py:1138
                    'runs/RUN_2026-08-16_13-42-07/12-openroad-dumpr             
                    cvalues'…                                                   
[13:42:09] VERBOSE  Logging subprocess to                           step.py:1338
                    'runs/RUN_2026-08-16_13-42-07/12-openroad-dumpr             
                    cvalues/openroad-dumprcvalues.log'…                         
Reading timing models for corner nom_typ_3p30V_25C…                             
Reading timing library for the 'nom_typ_3p30V_25C' corner at                    
'/foss/designs/sg13g2_stdcell_hv/lib/sg13g2_stdcell_hv_typ_3p30V_25C.lib'…      
Reading technology LEF file at                                                  
'/foss/pdks/ihp-sg13g2/libs.ref/sg13g2_stdcell/lef/sg13g2_tech.lef'…            
[INFO ODB-0227] LEF file:                                                       
/foss/pdks/ihp-sg13g2/libs.ref/sg13g2_stdcell/lef/sg13g2_tech.lef, created 19   
layers, 70 vias                                                                 
Reading cell LEF file at                                                        
'/foss/designs/sg13g2_stdcell_hv/lef/sg13g2_stdcell_hv.lef'…                    
[INFO ODB-0227] LEF file:                                                       
/foss/designs/sg13g2_stdcell_hv/lef/sg13g2_stdcell_hv.lef, created 68 library   
cells                                                                           
Reading gpio pad LEF file at                                                    
'/foss/pdks/ihp-sg13g2/libs.ref/sg13g2_io/lef/sg13g2_io.lef'…                   
[INFO ODB-0227] LEF file:                                                       
/foss/pdks/ihp-sg13g2/libs.ref/sg13g2_io/lef/sg13g2_io.lef, created 22 library  
cells                                                                           
[INFO ODB-0127] Reading DEF file:                                               
/foss/designs/spi-slave-ihp/flow_hv/runs/RUN_2026-08-16_13-42-07/11-openroad-flo
orplan/spi_slave.def                                                            
[INFO ODB-0128] Design: spi_slave                                               
[INFO ODB-0130]     Created 30 pins.                                            
[INFO ODB-0131]     Created 697 components and 4082 component-terminals.        
[INFO ODB-0132]     Created 2 special nets and 1394 connections.                
[INFO ODB-0133]     Created 710 nets and 2553 connections.                      
[INFO ODB-0134] Finished DEF file:                                              
/foss/designs/spi-slave-ihp/flow_hv/runs/RUN_2026-08-16_13-42-07/11-openroad-flo
orplan/spi_slave.def                                                            
[13:42:09] WARNING  [ORD-2056] The following 12 liberty cell(s)  openroad.py:314
                    do not have LEF masters and will be marked                  
                    as dont-use:                                                
  sg13g2_hv_dfrbp_1                                                             
  sg13g2_hv_dfrbp_2                                                             
  sg13g2_hv_dfrbpq_1                                                            
  sg13g2_hv_dfrbpq_2                                                            
  sg13g2_hv_dlhq_1                                                              
  sg13g2_hv_dlhr_1                                                              
  sg13g2_hv_dllr_1                                                              
  sg13g2_hv_dllrq_1                                                             
  sg13g2_hv_sdfrbp_1                                                            
  sg13g2_hv_sdfrbp_2                                                            
  sg13g2_hv_sdfrbpq_1                                                           
  sg13g2_hv_sdfrbpq_2                                                           
────────── Check Antenna Properties of Macros Pins in Their LEF Views ──────────
[13:42:10] VERBOSE  Running 'Odb.CheckMacroAntennaProperties' at    step.py:1138
                    'runs/RUN_2026-08-16_13-42-07/13-odb-checkmacro             
                    antennaproperties'…                                         
[13:42:10] INFO     No cells provided, skipping                       odb.py:234
                    'Odb.CheckMacroAntennaProperties'…                          
──────────────────────────── Set Power Connections ─────────────────────────────
[13:42:10] VERBOSE  Running 'Odb.SetPowerConnections' at            step.py:1138
                    'runs/RUN_2026-08-16_13-42-07/14-odb-setpowerco             
                    nnections'…                                                 
[13:42:10] VERBOSE  Logging subprocess to                           step.py:1338
                    'runs/RUN_2026-08-16_13-42-07/14-odb-setpowerco             
                    nnections/odb-setpowerconnections.log'…                     
──────────────────────────── Manual Macro Placement ────────────────────────────
[13:42:10] VERBOSE  Running 'Odb.ManualMacroPlacement' at           step.py:1138
                    'runs/RUN_2026-08-16_13-42-07/15-odb-manualmacr             
                    oplacement'…                                                
[13:42:10] INFO     No instances found, skipping                      odb.py:468
                    'Odb.ManualMacroPlacement'…                                 
─────────────────────────────────── Cut Rows ───────────────────────────────────
[13:42:10] VERBOSE  Running 'OpenROAD.CutRows' at                   step.py:1138
                    'runs/RUN_2026-08-16_13-42-07/16-openroad-cutro             
                    ws'…                                                        
[13:42:10] VERBOSE  Logging subprocess to                           step.py:1338
                    'runs/RUN_2026-08-16_13-42-07/16-openroad-cutro             
                    ws/openroad-cutrows.log'…                                   
Reading timing models for corner nom_typ_3p30V_25C…                             
Reading timing library for the 'nom_typ_3p30V_25C' corner at                    
'/foss/designs/sg13g2_stdcell_hv/lib/sg13g2_stdcell_hv_typ_3p30V_25C.lib'…      
Reading OpenROAD database at                                                    
'/foss/designs/spi-slave-ihp/flow_hv/runs/RUN_2026-08-16_13-42-07/14-odb-setpowe
rconnections/spi_slave.odb'…                                                    
[13:42:10] WARNING  [ORD-2056] The following 12 liberty cell(s)  openroad.py:314
                    do not have LEF masters and will be marked                  
                    as dont-use:                                                
  sg13g2_hv_dfrbp_1                                                             
  sg13g2_hv_dfrbp_2                                                             
  sg13g2_hv_dfrbpq_1                                                            
  sg13g2_hv_dfrbpq_2                                                            
  sg13g2_hv_dlhq_1                                                              
  sg13g2_hv_dlhr_1                                                              
  sg13g2_hv_dllr_1                                                              
  sg13g2_hv_dllrq_1                                                             
  sg13g2_hv_sdfrbp_1                                                            
  sg13g2_hv_sdfrbp_2                                                            
  sg13g2_hv_sdfrbpq_1                                                           
  sg13g2_hv_sdfrbpq_2                                                           
Reading design constraints file at                                              
'/foss/designs/spi-slave-ihp/flow_hv/constraint.sdc'…                           
[INFO] No information on clock propagation in input SDC file-- propagating all  
clocks.                                                                         
+ cut_rows -halo_width_x 10 -halo_width_y 10                                    
Setting global connections for newly added cells…                               
[INFO] Setting global connections...                                            
[INFO ODB-0403] 0 connections made, 0 conflicts skipped.                        
Updating metrics…                                                               
Cell type report:                       Count       Area                        
  Buffer                                    4      82.25                        
  Inverter                                 66     904.78                        
  Sequential cell                         135   28685.66                        
  Multi-Input combinational cell          492   11470.84                        
  Total                                   697   41143.54                        
Writing OpenROAD database to                                                    
'/foss/designs/spi-slave-ihp/flow_hv/runs/RUN_2026-08-16_13-42-07/16-openroad-cu
trows/spi_slave.odb'…                                                           
Writing layout to                                                               
'/foss/designs/spi-slave-ihp/flow_hv/runs/RUN_2026-08-16_13-42-07/16-openroad-cu
trows/spi_slave.def'…                                                           
───────────────────────────── Tap/Decap Insertion ──────────────────────────────
[13:42:11] VERBOSE  Running 'OpenROAD.TapEndcapInsertion' at        step.py:1138
                    'runs/RUN_2026-08-16_13-42-07/17-openroad-tapen             
                    dcapinsertion'…                                             
[13:42:11] VERBOSE  Logging subprocess to                           step.py:1338
                    'runs/RUN_2026-08-16_13-42-07/17-openroad-tapen             
                    dcapinsertion/openroad-tapendcapinsertion.log'…             
Reading timing models for corner nom_typ_3p30V_25C…                             
Reading timing library for the 'nom_typ_3p30V_25C' corner at                    
'/foss/designs/sg13g2_stdcell_hv/lib/sg13g2_stdcell_hv_typ_3p30V_25C.lib'…      
Reading OpenROAD database at                                                    
'/foss/designs/spi-slave-ihp/flow_hv/runs/RUN_2026-08-16_13-42-07/16-openroad-cu
trows/spi_slave.odb'…                                                           
[13:42:11] WARNING  [ORD-2056] The following 12 liberty cell(s)  openroad.py:314
                    do not have LEF masters and will be marked                  
                    as dont-use:                                                
  sg13g2_hv_dfrbp_1                                                             
  sg13g2_hv_dfrbp_2                                                             
  sg13g2_hv_dfrbpq_1                                                            
  sg13g2_hv_dfrbpq_2                                                            
  sg13g2_hv_dlhq_1                                                              
  sg13g2_hv_dlhr_1                                                              
  sg13g2_hv_dllr_1                                                              
  sg13g2_hv_dllrq_1                                                             
  sg13g2_hv_sdfrbp_1                                                            
  sg13g2_hv_sdfrbp_2                                                            
  sg13g2_hv_sdfrbpq_1                                                           
  sg13g2_hv_sdfrbpq_2                                                           
Reading design constraints file at                                              
'/foss/designs/spi-slave-ihp/flow_hv/constraint.sdc'…                           
[INFO] No information on clock propagation in input SDC file-- propagating all  
clocks.                                                                         
+ tapcell -halo_width_x 10 -halo_width_y 10 -distance 0                         
Setting global connections for newly added cells…                               
[INFO] Setting global connections...                                            
[INFO ODB-0403] 0 connections made, 0 conflicts skipped.                        
Updating metrics…                                                               
Cell type report:                       Count       Area                        
  Buffer                                    4      82.25                        
  Inverter                                 66     904.78                        
  Sequential cell                         135   28685.66                        
  Multi-Input combinational cell          492   11470.84                        
  Total                                   697   41143.54                        
Writing OpenROAD database to                                                    
'/foss/designs/spi-slave-ihp/flow_hv/runs/RUN_2026-08-16_13-42-07/17-openroad-ta
pendcapinsertion/spi_slave.odb'…                                                
Writing netlist to                                                              
'/foss/designs/spi-slave-ihp/flow_hv/runs/RUN_2026-08-16_13-42-07/17-openroad-ta
pendcapinsertion/spi_slave.nl.v'…                                               
Writing powered netlist to                                                      
'/foss/designs/spi-slave-ihp/flow_hv/runs/RUN_2026-08-16_13-42-07/17-openroad-ta
pendcapinsertion/spi_slave.pnl.v'…                                              
Writing layout to                                                               
'/foss/designs/spi-slave-ihp/flow_hv/runs/RUN_2026-08-16_13-42-07/17-openroad-ta
pendcapinsertion/spi_slave.def'…                                                
Writing timing constraints to                                                   
'/foss/designs/spi-slave-ihp/flow_hv/runs/RUN_2026-08-16_13-42-07/17-openroad-ta
pendcapinsertion/spi_slave.sdc'…                                                
───────────────────────────── Add PDN obstructions ─────────────────────────────
[13:42:11] VERBOSE  Running 'Odb.AddPDNObstructions' at             step.py:1138
                    'runs/RUN_2026-08-16_13-42-07/18-odb-addpdnobst             
                    ructions'…                                                  
[13:42:11] INFO     'PDN_OBSTRUCTIONS' is not defined. Skipping       odb.py:589
                    'Odb.AddPDNObstructions'…                                   
──────────────────── Power Distribution Network Generation ─────────────────────
[13:42:11] VERBOSE  Running 'OpenROAD.GeneratePDN' at               step.py:1138
                    'runs/RUN_2026-08-16_13-42-07/19-openroad-gener             
                    atepdn'…                                                    
[13:42:11] INFO     'PDN_CFG' not explicitly set, setting it to openroad.py:1495
                    /usr/local/lib/python3.12/dist-packages/lib                 
                    relane/scripts/openroad/common/pdn_cfg.tcl…                 
[13:42:11] VERBOSE  Logging subprocess to                           step.py:1338
                    'runs/RUN_2026-08-16_13-42-07/19-openroad-gener             
                    atepdn/openroad-generatepdn.log'…                           
Reading timing models for corner nom_typ_3p30V_25C…                             
Reading timing library for the 'nom_typ_3p30V_25C' corner at                    
'/foss/designs/sg13g2_stdcell_hv/lib/sg13g2_stdcell_hv_typ_3p30V_25C.lib'…      
Reading OpenROAD database at                                                    
'/foss/designs/spi-slave-ihp/flow_hv/runs/RUN_2026-08-16_13-42-07/17-openroad-ta
pendcapinsertion/spi_slave.odb'…                                                
[13:42:11] WARNING  [ORD-2056] The following 12 liberty cell(s)  openroad.py:314
                    do not have LEF masters and will be marked                  
                    as dont-use:                                                
  sg13g2_hv_dfrbp_1                                                             
  sg13g2_hv_dfrbp_2                                                             
  sg13g2_hv_dfrbpq_1                                                            
  sg13g2_hv_dfrbpq_2                                                            
  sg13g2_hv_dlhq_1                                                              
  sg13g2_hv_dlhr_1                                                              
  sg13g2_hv_dllr_1                                                              
  sg13g2_hv_dllrq_1                                                             
  sg13g2_hv_sdfrbp_1                                                            
  sg13g2_hv_sdfrbp_2                                                            
  sg13g2_hv_sdfrbpq_1                                                           
  sg13g2_hv_sdfrbpq_2                                                           
Reading design constraints file at                                              
'/foss/designs/spi-slave-ihp/flow_hv/constraint.sdc'…                           
[INFO] No information on clock propagation in input SDC file-- propagating all  
clocks.                                                                         
[INFO] Setting global connections...                                            
[INFO ODB-0403] 0 connections made, 0 conflicts skipped.                        
+ pdngen                                                                        
[INFO PDN-0001] Inserting grid: stdcell_grid                                    
Setting global connections for newly added cells…                               
[INFO] Setting global connections...                                            
[INFO ODB-0403] 0 connections made, 0 conflicts skipped.                        
Updating metrics…                                                               
Cell type report:                       Count       Area                        
  Buffer                                    4      82.25                        
  Inverter                                 66     904.78                        
  Sequential cell                         135   28685.66                        
  Multi-Input combinational cell          492   11470.84                        
  Total                                   697   41143.54                        
Writing OpenROAD database to                                                    
'/foss/designs/spi-slave-ihp/flow_hv/runs/RUN_2026-08-16_13-42-07/19-openroad-ge
neratepdn/spi_slave.odb'…                                                       
Writing netlist to                                                              
'/foss/designs/spi-slave-ihp/flow_hv/runs/RUN_2026-08-16_13-42-07/19-openroad-ge
neratepdn/spi_slave.nl.v'…                                                      
Writing powered netlist to                                                      
'/foss/designs/spi-slave-ihp/flow_hv/runs/RUN_2026-08-16_13-42-07/19-openroad-ge
neratepdn/spi_slave.pnl.v'…                                                     
Writing layout to                                                               
'/foss/designs/spi-slave-ihp/flow_hv/runs/RUN_2026-08-16_13-42-07/19-openroad-ge
neratepdn/spi_slave.def'…                                                       
Writing timing constraints to                                                   
'/foss/designs/spi-slave-ihp/flow_hv/runs/RUN_2026-08-16_13-42-07/19-openroad-ge
neratepdn/spi_slave.sdc'…                                                       
[INFO PSM-0040] All shapes on net VPWR are connected.                           
[INFO PSM-0040] All shapes on net VGND are connected.                           
─────────────────────────── Remove PDN obstructions ────────────────────────────
[13:42:11] VERBOSE  Running 'Odb.RemovePDNObstructions' at          step.py:1138
                    'runs/RUN_2026-08-16_13-42-07/20-odb-removepdno             
                    bstructions'…                                               
[13:42:11] INFO     'PDN_OBSTRUCTIONS' is not defined. Skipping       odb.py:589
                    'Odb.RemovePDNObstructions'…                                
─────────────────────────────── Add Obstructions ───────────────────────────────
[13:42:11] VERBOSE  Running 'Odb.AddRoutingObstructions' at         step.py:1138
                    'runs/RUN_2026-08-16_13-42-07/21-odb-addrouting             
                    obstructions'…                                              
[13:42:11] INFO     'ROUTING_OBSTRUCTIONS' is not defined. Skipping   odb.py:589
                    'Odb.AddRoutingObstructions'…                               
─────────────────────────── Global Placement Skip IO ───────────────────────────
[13:42:11] VERBOSE  Running 'OpenROAD.GlobalPlacementSkipIO' at     step.py:1138
                    'runs/RUN_2026-08-16_13-42-07/22-openroad-globa             
                    lplacementskipio'…                                          
[13:42:11] VERBOSE  Logging subprocess to                           step.py:1338
                    'runs/RUN_2026-08-16_13-42-07/22-openroad-globa             
                    lplacementskipio/openroad-globalplacementskipio             
                    .log'…                                                      
Reading timing models for corner nom_typ_3p30V_25C…                             
Reading timing library for the 'nom_typ_3p30V_25C' corner at                    
'/foss/designs/sg13g2_stdcell_hv/lib/sg13g2_stdcell_hv_typ_3p30V_25C.lib'…      
Reading OpenROAD database at                                                    
'/foss/designs/spi-slave-ihp/flow_hv/runs/RUN_2026-08-16_13-42-07/19-openroad-ge
neratepdn/spi_slave.odb'…                                                       
[13:42:11] WARNING  [ORD-2056] The following 12 liberty cell(s)  openroad.py:314
                    do not have LEF masters and will be marked                  
                    as dont-use:                                                
  sg13g2_hv_dfrbp_1                                                             
  sg13g2_hv_dfrbp_2                                                             
  sg13g2_hv_dfrbpq_1                                                            
  sg13g2_hv_dfrbpq_2                                                            
  sg13g2_hv_dlhq_1                                                              
  sg13g2_hv_dlhr_1                                                              
  sg13g2_hv_dllr_1                                                              
  sg13g2_hv_dllrq_1                                                             
  sg13g2_hv_sdfrbp_1                                                            
  sg13g2_hv_sdfrbp_2                                                            
  sg13g2_hv_sdfrbpq_1                                                           
  sg13g2_hv_sdfrbpq_2                                                           
Reading design constraints file at                                              
'/foss/designs/spi-slave-ihp/flow_hv/constraint.sdc'…                           
[INFO] No information on clock propagation in input SDC file-- propagating all  
clocks.                                                                         
+ global_placement -density 0.45 -skip_io -pad_right 0 -pad_left 0              
-init_wirelength_coef 0.25                                                      
[INFO GPL-0001] ---- Initialize GPL Main Data Structures                        
[INFO GPL-0002] DBU: 1000                                                       
[INFO GPL-0003] SiteSize: (  0.480  7.140 ) um                                  
[INFO GPL-0004] CoreBBox: (  5.760 28.560 ) ( 348.480 371.280 ) um              
[INFO GPL-0036] Movable instances area:      41143.536 um^2                     
[INFO GPL-0037] Total instances area:        41143.536 um^2                     
[INFO GPL-0035] Pin density area adjust:      1015.584 um^2                     
[INFO GPL-0032] ---- Initialize Region: Top-level                               
[INFO GPL-0006] Number of instances:               697                          
[INFO GPL-0007] Movable instances:                 697                          
[INFO GPL-0008] Fixed instances:                     0                          
[INFO GPL-0009] Dummy instances:                     0                          
[INFO GPL-0010] Number of nets:                    710                          
[INFO GPL-0011] Number of pins:                   2553                          
[INFO GPL-0012] Die BBox:  (  0.000  0.000 ) ( 354.380 399.980 ) um             
[INFO GPL-0013] Core BBox: (  5.760 28.560 ) ( 348.480 371.280 ) um             
[INFO GPL-0016] Core area:                  117456.998 um^2                     
[INFO GPL-0014] Region name: top-level.                                         
[INFO GPL-0015] Region area:                117456.998 um^2                     
[INFO GPL-0017] Fixed instances area:            0.000 um^2                     
[INFO GPL-0018] Movable instances area:      42159.120 um^2                     
[INFO GPL-0019] Utilization:                    35.893 %                        
[INFO GPL-0020] Standard cells area:         42159.120 um^2                     
[INFO GPL-0021] Large instances area:            0.000 um^2                     
[INFO GPL-0005] ---- Execute Conjugate Gradient Initial Placement.              
[INFO GPL-0051] Source of initial instance position counters:                   
        Odb location = 0        Core center = 697       Region center = 0       
[INFO GPL-0033] ---- Initialize Nesterov Region: Top-level                      
[INFO GPL-0023] Placement target density:       0.4500                          
[INFO GPL-0024] Movable insts average area:     60.487 um^2                     
[INFO GPL-0025] Ideal bin area:                134.415 um^2                     
[INFO GPL-0026] Ideal bin count:                   873                          
[INFO GPL-0027] Total bin area:             117456.998 um^2                     
[INFO GPL-0028] Bin count (X, Y):          16 ,     16                          
[INFO GPL-0029] Bin size (W * H):      21.420 * 21.420 um                       
[INFO GPL-0030] Number of bins:                    256                          
[INFO GPL-0007] ---- Execute Nesterov Global Placement.                         
[INFO GPL-0031] HPWL: Half-Perimeter Wirelength                                 
Iteration | Overflow |     HPWL (um) |  HPWL(%) |   Penalty | Group             
---------------------------------------------------------------                 
        0 |   0.9804 |  7.825165e+03 |   +0.00% |  7.01e-15 |                   
       10 |   0.9602 |  4.815687e+03 |  -38.46% |  1.14e-14 |                   
       20 |   0.9539 |  4.712229e+03 |   -2.15% |  1.86e-14 |                   
       30 |   0.9501 |  4.702076e+03 |   -0.22% |  3.03e-14 |                   
       40 |   0.9503 |  4.685551e+03 |   -0.35% |  4.93e-14 |                   
       50 |   0.9508 |  4.681322e+03 |   -0.09% |  8.03e-14 |                   
       60 |   0.9505 |  4.684387e+03 |   +0.07% |  1.31e-13 |                   
       70 |   0.9500 |  4.689728e+03 |   +0.11% |  2.13e-13 |                   
       80 |   0.9496 |  4.696641e+03 |   +0.15% |  3.47e-13 |                   
       90 |   0.9486 |  4.710826e+03 |   +0.30% |  5.66e-13 |                   
      100 |   0.9471 |  4.751168e+03 |   +0.86% |  9.21e-13 |                   
      110 |   0.9443 |  4.840313e+03 |   +1.88% |  1.50e-12 |                   
      120 |   0.9342 |  5.061420e+03 |   +4.57% |  2.44e-12 |                   
      130 |   0.9073 |  5.542093e+03 |   +9.50% |  3.98e-12 |                   
      140 |   0.8810 |  6.421033e+03 |  +15.86% |  6.48e-12 |                   
      150 |   0.8515 |  7.291924e+03 |  +13.56% |  1.06e-11 |                   
      160 |   0.8297 |  8.370684e+03 |  +14.79% |  1.72e-11 |                   
      170 |   0.7866 |  9.941443e+03 |  +18.77% |  2.80e-11 |                   
      180 |   0.7560 |  1.125062e+04 |  +13.17% |  4.56e-11 |                   
      190 |   0.7113 |  1.280062e+04 |  +13.78% |  7.43e-11 |                   
      200 |   0.6715 |  1.401025e+04 |   +9.45% |  1.21e-10 |                   
      210 |   0.6308 |  1.505435e+04 |   +7.45% |  1.97e-10 |                   
      220 |   0.5878 |  1.646739e+04 |   +9.39% |  3.21e-10 |                   
      230 |   0.5423 |  1.775425e+04 |   +7.81% |  5.23e-10 |                   
      240 |   0.4920 |  1.908679e+04 |   +7.51% |  8.52e-10 |                   
      250 |   0.4481 |  2.020145e+04 |   +5.84% |  1.39e-09 |                   
      260 |   0.3951 |  2.111400e+04 |   +4.52% |  2.26e-09 |                   
      270 |   0.3414 |  2.164268e+04 |   +2.50% |  3.68e-09 |                   
      280 |   0.3020 |  2.189735e+04 |   +1.18% |  5.42e-09 |                   
      290 |   0.2601 |  2.214324e+04 |   +1.12% |  7.98e-09 |                   
      300 |   0.2262 |  2.254286e+04 |   +1.80% |  1.18e-08 |                   
      310 |   0.1946 |  2.294231e+04 |   +1.77% |  1.73e-08 |                   
      320 |   0.1629 |  2.329745e+04 |   +1.55% |  2.55e-08 |                   
      330 |   0.1374 |  2.349347e+04 |   +0.84% |  3.76e-08 |                   
      340 |   0.1128 |  2.372071e+04 |   +0.97% |  5.54e-08 |                   
      346 |   0.0991 |  2.382694e+04 |          |  7.26e-08 |                   
---------------------------------------------------------------                 
[INFO GPL-1001] Global placement finished at iteration 346                      
[INFO GPL-1002] Placed Cell Area            42159.1196                          
[INFO GPL-1003] Available Free Area         117456.9984                         
[INFO GPL-1004] Minimum Feasible Density        0.3600 (cell_area / free_area)  
[INFO GPL-1006]   Suggested Target Densities:                                   
[INFO GPL-1007]     - For 90% usage of free space: 0.3988                       
[INFO GPL-1008]     - For 80% usage of free space: 0.4487                       
[INFO GPL-1009]     - For 50% usage of free space: 0.7179                       
[INFO GPL-1014] Final placement area: 42159.12 (+0.00%)                         
Setting global connections for newly added cells…                               
[INFO] Setting global connections...                                            
[INFO ODB-0403] 0 connections made, 0 conflicts skipped.                        
Updating metrics…                                                               
Cell type report:                       Count       Area                        
  Buffer                                    4      82.25                        
  Inverter                                 66     904.78                        
  Sequential cell                         135   28685.66                        
  Multi-Input combinational cell          492   11470.84                        
  Total                                   697   41143.54                        
Writing OpenROAD database to                                                    
'/foss/designs/spi-slave-ihp/flow_hv/runs/RUN_2026-08-16_13-42-07/22-openroad-gl
obalplacementskipio/spi_slave.odb'…                                             
Writing netlist to                                                              
'/foss/designs/spi-slave-ihp/flow_hv/runs/RUN_2026-08-16_13-42-07/22-openroad-gl
obalplacementskipio/spi_slave.nl.v'…                                            
Writing powered netlist to                                                      
'/foss/designs/spi-slave-ihp/flow_hv/runs/RUN_2026-08-16_13-42-07/22-openroad-gl
obalplacementskipio/spi_slave.pnl.v'…                                           
Writing layout to                                                               
'/foss/designs/spi-slave-ihp/flow_hv/runs/RUN_2026-08-16_13-42-07/22-openroad-gl
obalplacementskipio/spi_slave.def'…                                             
Writing timing constraints to                                                   
'/foss/designs/spi-slave-ihp/flow_hv/runs/RUN_2026-08-16_13-42-07/22-openroad-gl
obalplacementskipio/spi_slave.sdc'…                                             
──────────────────────────────── I/O Placement ─────────────────────────────────
[13:42:12] VERBOSE  Running 'OpenROAD.IOPlacement' at               step.py:1138
                    'runs/RUN_2026-08-16_13-42-07/23-openroad-iopla             
                    cement'…                                                    
[13:42:12] VERBOSE  Logging subprocess to                           step.py:1338
                    'runs/RUN_2026-08-16_13-42-07/23-openroad-iopla             
                    cement/openroad-ioplacement.log'…                           
Reading timing models for corner nom_typ_3p30V_25C…                             
Reading timing library for the 'nom_typ_3p30V_25C' corner at                    
'/foss/designs/sg13g2_stdcell_hv/lib/sg13g2_stdcell_hv_typ_3p30V_25C.lib'…      
Reading OpenROAD database at                                                    
'/foss/designs/spi-slave-ihp/flow_hv/runs/RUN_2026-08-16_13-42-07/22-openroad-gl
obalplacementskipio/spi_slave.odb'…                                             
[13:42:12] WARNING  [ORD-2056] The following 12 liberty cell(s)  openroad.py:314
                    do not have LEF masters and will be marked                  
                    as dont-use:                                                
  sg13g2_hv_dfrbp_1                                                             
  sg13g2_hv_dfrbp_2                                                             
  sg13g2_hv_dfrbpq_1                                                            
  sg13g2_hv_dfrbpq_2                                                            
  sg13g2_hv_dlhq_1                                                              
  sg13g2_hv_dlhr_1                                                              
  sg13g2_hv_dllr_1                                                              
  sg13g2_hv_dllrq_1                                                             
  sg13g2_hv_sdfrbp_1                                                            
  sg13g2_hv_sdfrbp_2                                                            
  sg13g2_hv_sdfrbpq_1                                                           
  sg13g2_hv_sdfrbpq_2                                                           
Reading design constraints file at                                              
'/foss/designs/spi-slave-ihp/flow_hv/constraint.sdc'…                           
[INFO] No information on clock propagation in input SDC file-- propagating all  
clocks.                                                                         
+ place_pins -hor_layers Metal3 -ver_layers Metal2                              
Found 0 macro blocks.                                                           
Using 2 tracks default min distance between IO pins.                            
[INFO PPL-0001] Number of available slots 1674                                  
[INFO PPL-0002] Number of I/O             30                                    
[INFO PPL-0003] Number of I/O w/sink      30                                    
[INFO PPL-0004] Number of I/O w/o sink    0                                     
[INFO PPL-0005] Slots per section         200                                   
[INFO PPL-0008] Successfully assigned pins to sections.                         
[INFO PPL-0012] I/O nets HPWL: 3189.74 um.                                      
Setting global connections for newly added cells…                               
[INFO] Setting global connections...                                            
[INFO ODB-0403] 0 connections made, 0 conflicts skipped.                        
Updating metrics…                                                               
Cell type report:                       Count       Area                        
  Buffer                                    4      82.25                        
  Inverter                                 66     904.78                        
  Sequential cell                         135   28685.66                        
  Multi-Input combinational cell          492   11470.84                        
  Total                                   697   41143.54                        
Writing OpenROAD database to                                                    
'/foss/designs/spi-slave-ihp/flow_hv/runs/RUN_2026-08-16_13-42-07/23-openroad-io
placement/spi_slave.odb'…                                                       
Writing netlist to                                                              
'/foss/designs/spi-slave-ihp/flow_hv/runs/RUN_2026-08-16_13-42-07/23-openroad-io
placement/spi_slave.nl.v'…                                                      
Writing powered netlist to                                                      
'/foss/designs/spi-slave-ihp/flow_hv/runs/RUN_2026-08-16_13-42-07/23-openroad-io
placement/spi_slave.pnl.v'…                                                     
Writing layout to                                                               
'/foss/designs/spi-slave-ihp/flow_hv/runs/RUN_2026-08-16_13-42-07/23-openroad-io
placement/spi_slave.def'…                                                       
Writing timing constraints to                                                   
'/foss/designs/spi-slave-ihp/flow_hv/runs/RUN_2026-08-16_13-42-07/23-openroad-io
placement/spi_slave.sdc'…                                                       
─────────────────────── Custom I/O Pin Placement Script ────────────────────────
[13:42:12] VERBOSE  Running 'Odb.CustomIOPlacement' at              step.py:1138
                    'runs/RUN_2026-08-16_13-42-07/24-odb-customiopl             
                    acement'…                                                   
[13:42:12] INFO     No custom I/O placement file configured, skipping odb.py:718
                    'Odb.CustomIOPlacement'…                                    
────────────────────────────── Apply DEF Template ──────────────────────────────
[13:42:12] VERBOSE  Running 'Odb.ApplyDEFTemplate' at               step.py:1138
                    'runs/RUN_2026-08-16_13-42-07/25-odb-applydefte             
                    mplate'…                                                    
[13:42:12] INFO     No DEF template provided, skipping                odb.py:302
                    'Odb.ApplyDEFTemplate'…                                     
─────────────────────────────── Global Placement ───────────────────────────────
[13:42:12] VERBOSE  Running 'OpenROAD.GlobalPlacement' at           step.py:1138
                    'runs/RUN_2026-08-16_13-42-07/26-openroad-globa             
                    lplacement'…                                                
[13:42:12] VERBOSE  Logging subprocess to                           step.py:1338
                    'runs/RUN_2026-08-16_13-42-07/26-openroad-globa             
                    lplacement/openroad-globalplacement.log'…                   
Reading timing models for corner nom_typ_3p30V_25C…                             
Reading timing library for the 'nom_typ_3p30V_25C' corner at                    
'/foss/designs/sg13g2_stdcell_hv/lib/sg13g2_stdcell_hv_typ_3p30V_25C.lib'…      
Reading OpenROAD database at                                                    
'/foss/designs/spi-slave-ihp/flow_hv/runs/RUN_2026-08-16_13-42-07/23-openroad-io
placement/spi_slave.odb'…                                                       
[13:42:12] WARNING  [ORD-2056] The following 12 liberty cell(s)  openroad.py:314
                    do not have LEF masters and will be marked                  
                    as dont-use:                                                
  sg13g2_hv_dfrbp_1                                                             
  sg13g2_hv_dfrbp_2                                                             
  sg13g2_hv_dfrbpq_1                                                            
  sg13g2_hv_dfrbpq_2                                                            
  sg13g2_hv_dlhq_1                                                              
  sg13g2_hv_dlhr_1                                                              
  sg13g2_hv_dllr_1                                                              
  sg13g2_hv_dllrq_1                                                             
  sg13g2_hv_sdfrbp_1                                                            
  sg13g2_hv_sdfrbp_2                                                            
  sg13g2_hv_sdfrbpq_1                                                           
  sg13g2_hv_sdfrbpq_2                                                           
Reading design constraints file at                                              
'/foss/designs/spi-slave-ihp/flow_hv/constraint.sdc'…                           
[INFO] No information on clock propagation in input SDC file-- propagating all  
clocks.                                                                         
[INFO] Setting signal min routing layer to: Metal1 and clock min routing layer  
to Metal1.                                                                      
[INFO] Setting signal max routing layer to: TopMetal2 and clock max routing     
layer to TopMetal2.                                                             
+ global_placement -density 0.45 -routability_driven -pad_right 0 -pad_left 0   
-init_wirelength_coef 0.25                                                      
[INFO GPL-0001] ---- Initialize GPL Main Data Structures                        
[INFO GPL-0002] DBU: 1000                                                       
[INFO GPL-0003] SiteSize: (  0.480  7.140 ) um                                  
[INFO GPL-0004] CoreBBox: (  5.760 28.560 ) ( 348.480 371.280 ) um              
[INFO GPL-0036] Movable instances area:      41143.536 um^2                     
[INFO GPL-0037] Total instances area:        41143.536 um^2                     
[INFO GPL-0035] Pin density area adjust:      1015.584 um^2                     
[INFO GPL-0032] ---- Initialize Region: Top-level                               
[INFO GPL-0006] Number of instances:               697                          
[INFO GPL-0007] Movable instances:                 697                          
[INFO GPL-0008] Fixed instances:                     0                          
[INFO GPL-0009] Dummy instances:                     0                          
[INFO GPL-0010] Number of nets:                    710                          
[INFO GPL-0011] Number of pins:                   2583                          
[INFO GPL-0012] Die BBox:  (  0.000  0.000 ) ( 354.380 399.980 ) um             
[INFO GPL-0013] Core BBox: (  5.760 28.560 ) ( 348.480 371.280 ) um             
[INFO GPL-0016] Core area:                  117456.998 um^2                     
[INFO GPL-0014] Region name: top-level.                                         
[INFO GPL-0015] Region area:                117456.998 um^2                     
[INFO GPL-0017] Fixed instances area:            0.000 um^2                     
[INFO GPL-0018] Movable instances area:      42159.120 um^2                     
[INFO GPL-0019] Utilization:                    35.893 %                        
[INFO GPL-0020] Standard cells area:         42159.120 um^2                     
[INFO GPL-0021] Large instances area:            0.000 um^2                     
[INFO GPL-0005] ---- Execute Conjugate Gradient Initial Placement.              
[INFO GPL-0051] Source of initial instance position counters:                   
        Odb location = 697      Core center = 0 Region center = 0               
[InitialPlace]  Iter: 1 conjugate gradient residual: 0.00001906 HPWL: 42664232  
[InitialPlace]  Iter: 2 conjugate gradient residual: 0.00011562 HPWL: 32631121  
[InitialPlace]  Iter: 3 conjugate gradient residual: 0.00000798 HPWL: 29726260  
[InitialPlace]  Iter: 4 conjugate gradient residual: 0.00002775 HPWL: 28662436  
[InitialPlace]  Iter: 5 conjugate gradient residual: 0.00001699 HPWL: 28209016  
[InitialPlace]  Iter: 6 conjugate gradient residual: 0.00000675 HPWL: 27951220  
[INFO GPL-0033] ---- Initialize Nesterov Region: Top-level                      
[INFO GPL-0023] Placement target density:       0.4500                          
[INFO GPL-0024] Movable insts average area:     60.487 um^2                     
[INFO GPL-0025] Ideal bin area:                134.415 um^2                     
[INFO GPL-0026] Ideal bin count:                   873                          
[INFO GPL-0027] Total bin area:             117456.998 um^2                     
[INFO GPL-0028] Bin count (X, Y):          16 ,     16                          
[INFO GPL-0029] Bin size (W * H):      21.420 * 21.420 um                       
[INFO GPL-0030] Number of bins:                    256                          
[INFO GPL-0007] ---- Execute Nesterov Global Placement.                         
[INFO GPL-0031] HPWL: Half-Perimeter Wirelength                                 
Iteration | Overflow |     HPWL (um) |  HPWL(%) |   Penalty | Group             
---------------------------------------------------------------                 
        0 |   0.8492 |  1.109753e+04 |   +0.00% |  3.47e-15 |                   
       10 |   0.7868 |  1.392307e+04 |  +25.46% |  5.65e-15 |                   
       20 |   0.7664 |  1.416528e+04 |   +1.74% |  9.20e-15 |                   
       30 |   0.7591 |  1.431242e+04 |   +1.04% |  1.50e-14 |                   
       40 |   0.7584 |  1.431152e+04 |   -0.01% |  2.44e-14 |                   
       50 |   0.7629 |  1.423207e+04 |   -0.56% |  3.98e-14 |                   
       60 |   0.7669 |  1.416798e+04 |   -0.45% |  6.48e-14 |                   
       70 |   0.7630 |  1.416374e+04 |   -0.03% |  1.06e-13 |                   
       80 |   0.7609 |  1.417818e+04 |   +0.10% |  1.72e-13 |                   
       90 |   0.7599 |  1.417695e+04 |   -0.01% |  2.80e-13 |                   
      100 |   0.7604 |  1.417964e+04 |   +0.02% |  4.56e-13 |                   
      110 |   0.7605 |  1.418909e+04 |   +0.07% |  7.43e-13 |                   
      120 |   0.7587 |  1.422534e+04 |   +0.26% |  1.21e-12 |                   
      130 |   0.7586 |  1.428738e+04 |   +0.44% |  1.97e-12 |                   
      140 |   0.7574 |  1.437491e+04 |   +0.61% |  3.21e-12 |                   
      150 |   0.7529 |  1.450462e+04 |   +0.90% |  5.23e-12 |                   
      160 |   0.7405 |  1.469243e+04 |   +1.29% |  8.52e-12 |                   
      170 |   0.7312 |  1.497602e+04 |   +1.93% |  1.39e-11 |                   
      180 |   0.7176 |  1.547547e+04 |   +3.33% |  2.26e-11 |                   
      190 |   0.6988 |  1.612720e+04 |   +4.21% |  3.68e-11 |                   
      200 |   0.6665 |  1.676118e+04 |   +3.93% |  6.00e-11 |                   
      210 |   0.6460 |  1.752875e+04 |   +4.58% |  9.76e-11 |                   
      220 |   0.6115 |  1.850031e+04 |   +5.54% |  1.59e-10 |                   
[INFO GPL-0038] Routability snapshot saved at iter = 224                        
      223 |   0.5983 |  1.871918e+04 |          |           |                   
      230 |   0.5739 |  1.920681e+04 |   +3.82% |  2.59e-10 |                   
      240 |   0.5326 |  2.026415e+04 |   +5.51% |  4.22e-10 |                   
      250 |   0.4950 |  2.116337e+04 |   +4.44% |  6.87e-10 |                   
      260 |   0.4469 |  2.209956e+04 |   +4.42% |  1.12e-09 |                   
      270 |   0.4003 |  2.275824e+04 |   +2.98% |  1.82e-09 |                   
      280 |   0.3514 |  2.316702e+04 |   +1.80% |  2.97e-09 |                   
      290 |   0.3088 |  2.333422e+04 |   +0.72% |  4.46e-09 |                   
[INFO GPL-0040] Routability iteration: 1                                        
[INFO GPL-0041] Total routing overflow: 0.0000                                  
[INFO GPL-0042] Number of overflowed tiles: 0 (0.00%)                           
[INFO GPL-0043] Average top 0.5% routing congestion: 0.7186                     
[INFO GPL-0044] Average top 1.0% routing congestion: 0.7027                     
[INFO GPL-0045] Average top 2.0% routing congestion: 0.6816                     
[INFO GPL-0046] Average top 5.0% routing congestion: 0.6477                     
[INFO GPL-0047] Routability iteration weighted routing congestion: 0.7106       
[INFO GPL-0050] Weighted routing congestion is lower than target routing        
congestion(1.0100), end routability optimization.                               
[INFO GPL-0090] Routability finished. Target routing congestion achieved        
succesfully.                                                                    
Iteration | Overflow |     HPWL (um) |  HPWL(%) |   Penalty | Group             
---------------------------------------------------------------                 
      300 |   0.2729 |  2.363523e+04 |   +1.29% |  6.57e-09 |                   
      310 |   0.2432 |  2.402583e+04 |   +1.65% |  9.68e-09 |                   
      320 |   0.2071 |  2.421805e+04 |   +0.80% |  1.43e-08 |                   
      330 |   0.1798 |  2.457449e+04 |   +1.47% |  2.10e-08 |                   
      340 |   0.1520 |  2.483405e+04 |   +1.06% |  3.10e-08 |                   
      350 |   0.1235 |  2.509678e+04 |   +1.06% |  4.56e-08 |                   
      359 |   0.0987 |  2.525538e+04 |          |  6.72e-08 |                   
---------------------------------------------------------------                 
[INFO GPL-1001] Global placement finished at iteration 359                      
[INFO GPL-1003] Routability mode iteration count: 69                            
[INFO GPL-1005] Routability final weighted congestion: 0.6881                   
[INFO GPL-1002] Placed Cell Area            42159.1196                          
[INFO GPL-1003] Available Free Area         117456.9984                         
[INFO GPL-1004] Minimum Feasible Density        0.3600 (cell_area / free_area)  
[INFO GPL-1006]   Suggested Target Densities:                                   
[INFO GPL-1007]     - For 90% usage of free space: 0.3988                       
[INFO GPL-1008]     - For 80% usage of free space: 0.4487                       
[INFO GPL-1009]     - For 50% usage of free space: 0.7179                       
[INFO GPL-1011] Original area (um^2): 42159.12                                  
[INFO GPL-1012] Total routability artificial inflation: 0.00 (+0.00%)           
[INFO GPL-1014] Final placement area: 42159.12 (+0.00%)                         
Setting global connections for newly added cells…                               
[INFO] Setting global connections...                                            
[INFO ODB-0403] 0 connections made, 0 conflicts skipped.                        
Updating metrics…                                                               
Cell type report:                       Count       Area                        
  Buffer                                    4      82.25                        
  Inverter                                 66     904.78                        
  Sequential cell                         135   28685.66                        
  Multi-Input combinational cell          492   11470.84                        
  Total                                   697   41143.54                        
Writing OpenROAD database to                                                    
'/foss/designs/spi-slave-ihp/flow_hv/runs/RUN_2026-08-16_13-42-07/26-openroad-gl
obalplacement/spi_slave.odb'…                                                   
Writing netlist to                                                              
'/foss/designs/spi-slave-ihp/flow_hv/runs/RUN_2026-08-16_13-42-07/26-openroad-gl
obalplacement/spi_slave.nl.v'…                                                  
Writing powered netlist to                                                      
'/foss/designs/spi-slave-ihp/flow_hv/runs/RUN_2026-08-16_13-42-07/26-openroad-gl
obalplacement/spi_slave.pnl.v'…                                                 
Writing layout to                                                               
'/foss/designs/spi-slave-ihp/flow_hv/runs/RUN_2026-08-16_13-42-07/26-openroad-gl
obalplacement/spi_slave.def'…                                                   
Writing timing constraints to                                                   
'/foss/designs/spi-slave-ihp/flow_hv/runs/RUN_2026-08-16_13-42-07/26-openroad-gl
obalplacement/spi_slave.sdc'…                                                   
───────────────────────────── Write Verilog Header ─────────────────────────────
[13:42:13] VERBOSE  Running 'Odb.WriteVerilogHeader' at             step.py:1138
                    'runs/RUN_2026-08-16_13-42-07/27-odb-writeveril             
                    ogheader'…                                                  
[13:42:13] VERBOSE  Logging subprocess to                           step.py:1338
                    'runs/RUN_2026-08-16_13-42-07/27-odb-writeveril             
                    ogheader/odb-writeverilogheader.log'…                       
───────────────────────── Power Grid Violation Checker ─────────────────────────
[13:42:13] VERBOSE  Running 'Checker.PowerGridViolations' at        step.py:1138
                    'runs/RUN_2026-08-16_13-42-07/28-checker-powerg             
                    ridviolations'…                                             
[13:42:13] INFO     Check for power grid violations (as reported  checker.py:131
                    by OpenROAD PSM- you may ignore these if LVS                
                    passes) clear.                                              
──────────────────── Repair Design (Post-Global Placement) ─────────────────────
[13:42:13] VERBOSE  Running 'OpenROAD.RepairDesignPostGPL' at       step.py:1138
                    'runs/RUN_2026-08-16_13-42-07/29-openroad-repai             
                    rdesignpostgpl'…                                            
[13:42:13] VERBOSE  Logging subprocess to                           step.py:1338
                    'runs/RUN_2026-08-16_13-42-07/29-openroad-repai             
                    rdesignpostgpl/openroad-repairdesignpostgpl.log             
                    '…                                                          
Reading timing models for corner nom_typ_3p30V_25C…                             
Reading timing library for the 'nom_typ_3p30V_25C' corner at                    
'/foss/designs/sg13g2_stdcell_hv/lib/sg13g2_stdcell_hv_typ_3p30V_25C.lib'…      
Reading OpenROAD database at                                                    
'/foss/designs/spi-slave-ihp/flow_hv/runs/RUN_2026-08-16_13-42-07/26-openroad-gl
obalplacement/spi_slave.odb'…                                                   
[13:42:14] WARNING  [ORD-2056] The following 12 liberty cell(s)  openroad.py:314
                    do not have LEF masters and will be marked                  
                    as dont-use:                                                
  sg13g2_hv_dfrbp_1                                                             
  sg13g2_hv_dfrbp_2                                                             
  sg13g2_hv_dfrbpq_1                                                            
  sg13g2_hv_dfrbpq_2                                                            
  sg13g2_hv_dlhq_1                                                              
  sg13g2_hv_dlhr_1                                                              
  sg13g2_hv_dllr_1                                                              
  sg13g2_hv_dllrq_1                                                             
  sg13g2_hv_sdfrbp_1                                                            
  sg13g2_hv_sdfrbp_2                                                            
  sg13g2_hv_sdfrbpq_1                                                           
  sg13g2_hv_sdfrbpq_2                                                           
Reading design constraints file at                                              
'/foss/designs/spi-slave-ihp/flow_hv/constraint.sdc'…                           
[INFO] No information on clock propagation in input SDC file-- propagating all  
clocks.                                                                         
[INFO RSZ-0027] Inserted 12 sg13g2_hv_buf_1 input buffers.                      
[INFO RSZ-0028] Inserted 14 sg13g2_hv_buf_1 output buffers.                     
+ repair_design -verbose -max_wire_length 0 -slew_margin 20 -cap_margin 20      
Iteration |   Area    | Resized | Buffers | Nets repaired | Remaining           
---------------------------------------------------------------------           
        0 |     +0.0% |       0 |       0 |             0 |       871           
       10 |     +0.0% |       0 |       0 |             0 |       861           
       20 |     +0.0% |       0 |       0 |             0 |       851           
       30 |     +0.0% |       0 |       0 |             0 |       841           
       40 |     +0.0% |       0 |       0 |             0 |       831           
       50 |     +0.0% |       0 |       0 |             0 |       821           
       60 |     +0.0% |       0 |       0 |             0 |       811           
       70 |     +0.0% |       0 |       0 |             0 |       801           
       80 |     +0.0% |       0 |       0 |             0 |       791           
       90 |     +0.0% |       0 |       0 |             0 |       781           
      100 |     +0.0% |       0 |       0 |             0 |       771           
      110 |     +0.0% |       0 |       0 |             0 |       761           
      120 |     +0.0% |       0 |       0 |             0 |       751           
      130 |     +0.0% |       0 |       0 |             0 |       741           
      140 |     +0.0% |       0 |       0 |             0 |       731           
      150 |     +0.0% |       0 |       0 |             0 |       721           
      160 |     +0.0% |       0 |       0 |             0 |       711           
      170 |     +0.0% |       0 |       0 |             0 |       701           
      180 |     +0.0% |       0 |       0 |             0 |       691           
      190 |     +0.0% |       0 |       0 |             0 |       681           
      200 |     +0.0% |       0 |       0 |             0 |       671           
      210 |     +0.0% |       0 |       0 |             0 |       661           
      220 |     +0.0% |       0 |       0 |             0 |       651           
      230 |     +0.0% |       0 |       0 |             0 |       641           
      240 |     +0.0% |       0 |       0 |             0 |       631           
      250 |     +0.0% |       0 |       0 |             0 |       621           
      260 |     +0.0% |       0 |       0 |             0 |       611           
      270 |     +0.0% |       0 |       0 |             0 |       601           
      280 |     +0.0% |       0 |       0 |             0 |       591           
      290 |     +0.0% |       0 |       0 |             0 |       581           
      300 |     +0.0% |       0 |       0 |             0 |       571           
      310 |     +0.0% |       0 |       0 |             0 |       561           
      320 |     +0.0% |       0 |       0 |             0 |       551           
      330 |     +0.0% |       0 |       0 |             0 |       541           
      340 |     +0.0% |       0 |       0 |             0 |       531           
      350 |     +0.0% |       0 |       0 |             0 |       521           
      360 |     +0.0% |       0 |       0 |             0 |       511           
      370 |     +0.0% |       0 |       0 |             0 |       501           
      380 |     +0.0% |       0 |       0 |             0 |       491           
      390 |     +0.0% |       0 |       0 |             0 |       481           
      400 |     +0.0% |       0 |       0 |             0 |       471           
      410 |     +0.0% |       0 |       0 |             0 |       461           
      420 |     +0.0% |       0 |       0 |             0 |       451           
      430 |     +0.0% |       0 |       0 |             0 |       441           
      440 |     +0.0% |       0 |       0 |             0 |       431           
      450 |     +0.0% |       0 |       0 |             0 |       421           
      460 |     +0.0% |       0 |       0 |             0 |       411           
      470 |     +0.0% |       0 |       0 |             0 |       401           
      480 |     +0.0% |       0 |       0 |             0 |       391           
      490 |     +0.0% |       0 |       0 |             0 |       381           
      500 |     +0.0% |       0 |       0 |             0 |       371           
      510 |     +0.0% |       0 |       0 |             0 |       361           
      520 |     +0.0% |       0 |       0 |             0 |       351           
      530 |     +0.0% |       0 |       0 |             0 |       341           
      540 |     +0.0% |       0 |       0 |             0 |       331           
      550 |     +0.0% |       0 |       0 |             0 |       321           
      560 |     +0.0% |       0 |       0 |             0 |       311           
      570 |     +0.0% |       0 |       0 |             0 |       301           
      580 |     +0.0% |       0 |       0 |             0 |       291           
      590 |     +0.0% |       0 |       0 |             0 |       281           
      600 |     +0.0% |       0 |       0 |             0 |       271           
      610 |     +0.0% |       0 |       0 |             0 |       261           
      620 |     +0.0% |       0 |       0 |             0 |       251           
      630 |     +0.0% |       0 |       0 |             0 |       241           
      640 |     +0.0% |       0 |       0 |             0 |       231           
      650 |     +0.0% |       0 |       0 |             0 |       221           
      660 |     +0.0% |       0 |       0 |             0 |       211           
      670 |     +0.0% |       0 |       0 |             0 |       201           
      680 |     +0.0% |       0 |       0 |             0 |       191           
      690 |     +0.0% |       0 |       0 |             0 |       181           
      700 |     +0.0% |       0 |       0 |             0 |       171           
      710 |     +0.0% |       0 |       0 |             0 |       161           
      720 |     +0.0% |       0 |       0 |             0 |       151           
      730 |     +0.0% |       0 |       0 |             0 |       141           
      740 |     +0.0% |       0 |       0 |             0 |       131           
      750 |     +0.0% |       0 |       0 |             0 |       121           
      760 |     +0.0% |       0 |       0 |             0 |       111           
      770 |     +0.0% |       0 |       0 |             0 |       101           
      780 |     +0.0% |       0 |       0 |             0 |        91           
      790 |     +0.0% |       0 |       0 |             0 |        81           
      800 |     +0.0% |       0 |       0 |             0 |        71           
      810 |     +0.0% |       0 |       0 |             0 |        61           
      820 |     +0.0% |       0 |       0 |             0 |        51           
      830 |     +0.0% |       0 |       0 |             0 |        41           
      840 |     +0.0% |       0 |       0 |             0 |        31           
      850 |     +0.0% |       0 |       0 |             0 |        21           
      860 |     +0.0% |       0 |       0 |             0 |        11           
      870 |     +0.0% |       0 |       0 |             0 |         1           
    final |     +0.0% |       0 |       0 |             0 |         0           
---------------------------------------------------------------------           
[INFO RSZ-0042] Inserted 47 tie sg13g2_hv_tielo instances.                      
[INFO RSZ-0042] Inserted 135 tie sg13g2_hv_tiehi instances.                     
+ detailed_placement -max_displacement  500 100                                 
Placement Analysis                                                              
---------------------------------                                               
total displacement       3691.7 u                                               
average displacement        5.1 u                                               
max displacement           35.6 u                                               
original HPWL           26034.0 u                                               
legalized HPWL          28493.9 u                                               
delta HPWL                    9 %                                               
                                                                                
[INFO DPL-0020] Mirrored 310 instances                                          
[INFO DPL-0021] HPWL before           28493.9 u                                 
[INFO DPL-0022] HPWL after            28115.9 u                                 
[INFO DPL-0023] HPWL delta               -1.3 %                                 
Setting global connections for newly added cells…                               
[INFO] Setting global connections...                                            
[INFO ODB-0403] 416 connections made, 0 conflicts skipped.                      
Updating metrics…                                                               
Cell type report:                       Count       Area                        
  Buffer                                    4      82.25                        
  Timing Repair Buffer                     26     534.64                        
  Inverter                                 66     904.78                        
  Sequential cell                         135   28685.66                        
  Multi-Input combinational cell          492   11470.84                        
  Total                                   723   41678.18                        
Writing OpenROAD database to                                                    
'/foss/designs/spi-slave-ihp/flow_hv/runs/RUN_2026-08-16_13-42-07/29-openroad-re
pairdesignpostgpl/spi_slave.odb'…                                               
Writing netlist to                                                              
'/foss/designs/spi-slave-ihp/flow_hv/runs/RUN_2026-08-16_13-42-07/29-openroad-re
pairdesignpostgpl/spi_slave.nl.v'…                                              
Writing powered netlist to                                                      
'/foss/designs/spi-slave-ihp/flow_hv/runs/RUN_2026-08-16_13-42-07/29-openroad-re
pairdesignpostgpl/spi_slave.pnl.v'…                                             
Writing layout to                                                               
'/foss/designs/spi-slave-ihp/flow_hv/runs/RUN_2026-08-16_13-42-07/29-openroad-re
pairdesignpostgpl/spi_slave.def'…                                               
Writing timing constraints to                                                   
'/foss/designs/spi-slave-ihp/flow_hv/runs/RUN_2026-08-16_13-42-07/29-openroad-re
pairdesignpostgpl/spi_slave.sdc'…                                               
─────────────────────────── Manual Global Placement ────────────────────────────
[13:42:14] VERBOSE  Running 'Odb.ManualGlobalPlacement' at          step.py:1138
                    'runs/RUN_2026-08-16_13-42-07/30-odb-manualglob             
                    alplacement'…                                               
[13:42:14] INFO     'MANUAL_GLOBAL_PLACEMENTS' not set. Skipping     odb.py:1032
                    'Odb.ManualGlobalPlacement'…                                
────────────────────────────── Detailed Placement ──────────────────────────────
[13:42:14] VERBOSE  Running 'OpenROAD.DetailedPlacement' at         step.py:1138
                    'runs/RUN_2026-08-16_13-42-07/31-openroad-detai             
                    ledplacement'…                                              
[13:42:14] VERBOSE  Logging subprocess to                           step.py:1338
                    'runs/RUN_2026-08-16_13-42-07/31-openroad-detai             
                    ledplacement/openroad-detailedplacement.log'…               
Reading timing models for corner nom_typ_3p30V_25C…                             
Reading timing library for the 'nom_typ_3p30V_25C' corner at                    
'/foss/designs/sg13g2_stdcell_hv/lib/sg13g2_stdcell_hv_typ_3p30V_25C.lib'…      
Reading OpenROAD database at                                                    
'/foss/designs/spi-slave-ihp/flow_hv/runs/RUN_2026-08-16_13-42-07/29-openroad-re
pairdesignpostgpl/spi_slave.odb'…                                               
[13:42:14] WARNING  [ORD-2056] The following 12 liberty cell(s)  openroad.py:314
                    do not have LEF masters and will be marked                  
                    as dont-use:                                                
  sg13g2_hv_dfrbp_1                                                             
  sg13g2_hv_dfrbp_2                                                             
  sg13g2_hv_dfrbpq_1                                                            
  sg13g2_hv_dfrbpq_2                                                            
  sg13g2_hv_dlhq_1                                                              
  sg13g2_hv_dlhr_1                                                              
  sg13g2_hv_dllr_1                                                              
  sg13g2_hv_dllrq_1                                                             
  sg13g2_hv_sdfrbp_1                                                            
  sg13g2_hv_sdfrbp_2                                                            
  sg13g2_hv_sdfrbpq_1                                                           
  sg13g2_hv_sdfrbpq_2                                                           
Reading design constraints file at                                              
'/foss/designs/spi-slave-ihp/flow_hv/constraint.sdc'…                           
[INFO] No information on clock propagation in input SDC file-- propagating all  
clocks.                                                                         
+ detailed_placement -max_displacement  500 100                                 
Placement Analysis                                                              
---------------------------------                                               
total displacement          0.0 u                                               
average displacement        0.0 u                                               
max displacement            0.0 u                                               
original HPWL           28115.9 u                                               
legalized HPWL          28493.9 u                                               
delta HPWL                    1 %                                               
                                                                                
[INFO DPL-0020] Mirrored 310 instances                                          
[INFO DPL-0021] HPWL before           28493.9 u                                 
[INFO DPL-0022] HPWL after            28115.9 u                                 
[INFO DPL-0023] HPWL delta               -1.3 %                                 
Setting global connections for newly added cells…                               
[INFO] Setting global connections...                                            
[INFO ODB-0403] 0 connections made, 0 conflicts skipped.                        
Updating metrics…                                                               
Cell type report:                       Count       Area                        
  Buffer                                    4      82.25                        
  Timing Repair Buffer                     26     534.64                        
  Inverter                                 66     904.78                        
  Sequential cell                         135   28685.66                        
  Multi-Input combinational cell          492   11470.84                        
  Total                                   723   41678.18                        
Writing OpenROAD database to                                                    
'/foss/designs/spi-slave-ihp/flow_hv/runs/RUN_2026-08-16_13-42-07/31-openroad-de
tailedplacement/spi_slave.odb'…                                                 
Writing netlist to                                                              
'/foss/designs/spi-slave-ihp/flow_hv/runs/RUN_2026-08-16_13-42-07/31-openroad-de
tailedplacement/spi_slave.nl.v'…                                                
Writing powered netlist to                                                      
'/foss/designs/spi-slave-ihp/flow_hv/runs/RUN_2026-08-16_13-42-07/31-openroad-de
tailedplacement/spi_slave.pnl.v'…                                               
Writing layout to                                                               
'/foss/designs/spi-slave-ihp/flow_hv/runs/RUN_2026-08-16_13-42-07/31-openroad-de
tailedplacement/spi_slave.def'…                                                 
Writing timing constraints to                                                   
'/foss/designs/spi-slave-ihp/flow_hv/runs/RUN_2026-08-16_13-42-07/31-openroad-de
tailedplacement/spi_slave.sdc'…                                                 
───────────────────────────── Clock Tree Synthesis ─────────────────────────────
[13:42:14] VERBOSE  Running 'OpenROAD.CTS' at                       step.py:1138
                    'runs/RUN_2026-08-16_13-42-07/32-openroad-cts'…             
[13:42:14] WARNING  No CLOCK_NET (or CLOCK_PORT) specified. CTS openroad.py:2556
                    cannot be performed. Returning state                        
                    unaltered…                                                  
────────────────────────────── Insert ECO Buffers ──────────────────────────────
[13:42:14] VERBOSE  Running 'Odb.InsertECOBuffers' at               step.py:1138
                    'runs/RUN_2026-08-16_13-42-07/33-odb-insertecob             
                    uffers'…                                                    
[13:42:14] INFO     'INSERT_ECO_BUFFERS' not set. Skipping           odb.py:1094
                    'Odb.InsertECOBuffers'…                                     
─────────── Resizer Timing Optimizations (Post-Clock Tree Synthesis) ───────────
[13:42:14] VERBOSE  Running 'OpenROAD.ResizerTimingPostCTS' at      step.py:1138
                    'runs/RUN_2026-08-16_13-42-07/34-openroad-resiz             
                    ertimingpostcts'…                                           
[13:42:14] VERBOSE  Logging subprocess to                           step.py:1338
                    'runs/RUN_2026-08-16_13-42-07/34-openroad-resiz             
                    ertimingpostcts/openroad-resizertimingpostcts.l             
                    og'…                                                        
Reading timing models for corner nom_typ_3p30V_25C…                             
Reading timing library for the 'nom_typ_3p30V_25C' corner at                    
'/foss/designs/sg13g2_stdcell_hv/lib/sg13g2_stdcell_hv_typ_3p30V_25C.lib'…      
Reading OpenROAD database at                                                    
'/foss/designs/spi-slave-ihp/flow_hv/runs/RUN_2026-08-16_13-42-07/31-openroad-de
tailedplacement/spi_slave.odb'…                                                 
[13:42:15] WARNING  [ORD-2056] The following 12 liberty cell(s)  openroad.py:314
                    do not have LEF masters and will be marked                  
                    as dont-use:                                                
  sg13g2_hv_dfrbp_1                                                             
  sg13g2_hv_dfrbp_2                                                             
  sg13g2_hv_dfrbpq_1                                                            
  sg13g2_hv_dfrbpq_2                                                            
  sg13g2_hv_dlhq_1                                                              
  sg13g2_hv_dlhr_1                                                              
  sg13g2_hv_dllr_1                                                              
  sg13g2_hv_dllrq_1                                                             
  sg13g2_hv_sdfrbp_1                                                            
  sg13g2_hv_sdfrbp_2                                                            
  sg13g2_hv_sdfrbpq_1                                                           
  sg13g2_hv_sdfrbpq_2                                                           
Reading design constraints file at                                              
'/foss/designs/spi-slave-ihp/flow_hv/constraint.sdc'…                           
[INFO] No information on clock propagation in input SDC file-- propagating all  
clocks.                                                                         
+ repair_timing -verbose -setup -setup_margin                                   
0.05000000000000000277555756156289135105907917022705078125 -max_buffer_percent  
50                                                                              
[INFO RSZ-0100] Repair move sequence: UnbufferMove SizeUpMove SwapPinsMove      
BufferMove CloneMove SplitLoadMove                                              
[INFO RSZ-0098] No setup violations found                                       
+ repair_timing -verbose -hold -setup_margin                                    
0.05000000000000000277555756156289135105907917022705078125 -hold_margin         
0.1000000000000000055511151231257827021181583404541015625 -max_buffer_percent 50
[INFO RSZ-0033] No hold violations found.                                       
+ detailed_placement -max_displacement  500 100                                 
Placement Analysis                                                              
---------------------------------                                               
total displacement          0.0 u                                               
average displacement        0.0 u                                               
max displacement            0.0 u                                               
original HPWL           28115.9 u                                               
legalized HPWL          28493.9 u                                               
delta HPWL                    1 %                                               
                                                                                
[INFO DPL-0020] Mirrored 310 instances                                          
[INFO DPL-0021] HPWL before           28493.9 u                                 
[INFO DPL-0022] HPWL after            28115.9 u                                 
[INFO DPL-0023] HPWL delta               -1.3 %                                 
Setting global connections for newly added cells…                               
[INFO] Setting global connections...                                            
[INFO ODB-0403] 0 connections made, 0 conflicts skipped.                        
Updating metrics…                                                               
Cell type report:                       Count       Area                        
  Buffer                                    4      82.25                        
  Timing Repair Buffer                     26     534.64                        
  Inverter                                 66     904.78                        
  Sequential cell                         135   28685.66                        
  Multi-Input combinational cell          492   11470.84                        
  Total                                   723   41678.18                        
Writing OpenROAD database to                                                    
'/foss/designs/spi-slave-ihp/flow_hv/runs/RUN_2026-08-16_13-42-07/34-openroad-re
sizertimingpostcts/spi_slave.odb'…                                              
Writing netlist to                                                              
'/foss/designs/spi-slave-ihp/flow_hv/runs/RUN_2026-08-16_13-42-07/34-openroad-re
sizertimingpostcts/spi_slave.nl.v'…                                             
Writing powered netlist to                                                      
'/foss/designs/spi-slave-ihp/flow_hv/runs/RUN_2026-08-16_13-42-07/34-openroad-re
sizertimingpostcts/spi_slave.pnl.v'…                                            
Writing layout to                                                               
'/foss/designs/spi-slave-ihp/flow_hv/runs/RUN_2026-08-16_13-42-07/34-openroad-re
sizertimingpostcts/spi_slave.def'…                                              
Writing timing constraints to                                                   
'/foss/designs/spi-slave-ihp/flow_hv/runs/RUN_2026-08-16_13-42-07/34-openroad-re
sizertimingpostcts/spi_slave.sdc'…                                              
──────────────────────────────── Global Routing ────────────────────────────────
[13:42:15] VERBOSE  Running 'OpenROAD.GlobalRouting' at             step.py:1138
                    'runs/RUN_2026-08-16_13-42-07/35-openroad-globa             
                    lrouting'…                                                  
[13:42:15] VERBOSE  Logging subprocess to                           step.py:1338
                    'runs/RUN_2026-08-16_13-42-07/35-openroad-globa             
                    lrouting/openroad-globalrouting.log'…                       
Reading timing models for corner nom_typ_3p30V_25C…                             
Reading timing library for the 'nom_typ_3p30V_25C' corner at                    
'/foss/designs/sg13g2_stdcell_hv/lib/sg13g2_stdcell_hv_typ_3p30V_25C.lib'…      
Reading OpenROAD database at                                                    
'/foss/designs/spi-slave-ihp/flow_hv/runs/RUN_2026-08-16_13-42-07/34-openroad-re
sizertimingpostcts/spi_slave.odb'…                                              
[13:42:15] WARNING  [ORD-2056] The following 12 liberty cell(s)  openroad.py:314
                    do not have LEF masters and will be marked                  
                    as dont-use:                                                
  sg13g2_hv_dfrbp_1                                                             
  sg13g2_hv_dfrbp_2                                                             
  sg13g2_hv_dfrbpq_1                                                            
  sg13g2_hv_dfrbpq_2                                                            
  sg13g2_hv_dlhq_1                                                              
  sg13g2_hv_dlhr_1                                                              
  sg13g2_hv_dllr_1                                                              
  sg13g2_hv_dllrq_1                                                             
  sg13g2_hv_sdfrbp_1                                                            
  sg13g2_hv_sdfrbp_2                                                            
  sg13g2_hv_sdfrbpq_1                                                           
  sg13g2_hv_sdfrbpq_2                                                           
Reading design constraints file at                                              
'/foss/designs/spi-slave-ihp/flow_hv/constraint.sdc'…                           
[INFO] No information on clock propagation in input SDC file-- propagating all  
clocks.                                                                         
[INFO] Setting signal min routing layer to: Metal1 and clock min routing layer  
to Metal1.                                                                      
[INFO] Setting signal max routing layer to: TopMetal2 and clock max routing     
layer to TopMetal2.                                                             
+ global_route -congestion_iterations 50 -verbose                               
[INFO GRT-0020] Min routing layer: Metal1                                       
[INFO GRT-0021] Max routing layer: TopMetal2                                    
[INFO GRT-0022] Global adjustment: 30%                                          
[INFO GRT-0023] Grid origin: (0, 0)                                             
[INFO GRT-0088] Layer Metal1  Track-Pitch = 0.4200  line-2-Via Pitch: 0.3650    
[INFO GRT-0088] Layer Metal2  Track-Pitch = 0.4800  line-2-Via Pitch: 0.4150    
[INFO GRT-0088] Layer Metal3  Track-Pitch = 0.4200  line-2-Via Pitch: 0.4150    
[INFO GRT-0088] Layer Metal4  Track-Pitch = 0.4800  line-2-Via Pitch: 0.4150    
[INFO GRT-0088] Layer Metal5  Track-Pitch = 0.4200  line-2-Via Pitch: 0.6200    
[INFO GRT-0088] Layer TopMetal1 Track-Pitch = 3.2800  line-2-Via Pitch: 3.4100  
[INFO GRT-0088] Layer TopMetal2 Track-Pitch = 4.0000  line-2-Via Pitch: 3.9500  
[INFO GRT-0003] Macros: 0                                                       
[INFO GRT-0004] Blockages: 23384                                                
[INFO GRT-0019] Found 1 clock nets.                                             
[INFO GRT-0001] Minimum degree: 2                                               
[INFO GRT-0002] Maximum degree: 136                                             
                                                                                
[INFO GRT-0053] Routing resources analysis:                                     
          Routing      Original      Derated      Resource                      
Layer     Direction    Resources     Resources    Reduction (%)                 
---------------------------------------------------------------                 
Metal1     Horizontal      24803         16409          33.84%                  
Metal2     Vertical        35771         23743          33.62%                  
Metal3     Horizontal      45451         29677          34.71%                  
Metal4     Vertical        38822         25833          33.46%                  
Metal5     Horizontal      45196         29463          34.81%                  
TopMetal1    Vertical         5249          2994          42.96%                
TopMetal2    Horizontal       4224          2400          43.18%                
---------------------------------------------------------------                 
                                                                                
[INFO GRT-0197] Via related to pin nodes: 4341                                  
[INFO GRT-0198] Via related Steiner nodes: 225                                  
[INFO GRT-0199] Via filling finished.                                           
[INFO GRT-0111] Final number of vias: 5747                                      
[INFO GRT-0112] Final usage 3D: 23116                                           
                                                                                
[INFO GRT-0096] Final congestion report:                                        
Layer         Resource        Demand        Usage (%)    Max H / Max V / Total  
Overflow                                                                        
--------------------------------------------------------------------------------
-------                                                                         
Metal1           16409           466            2.84%             0 /  0 /  0   
Metal2           23743          2601           10.95%             0 /  0 /  0   
Metal3           29677          2425            8.17%             0 /  0 /  0   
Metal4           25833           383            1.48%             0 /  0 /  0   
Metal5           29463             0            0.00%             0 /  0 /  0   
TopMetal1           2994             0            0.00%             0 /  0 /  0 
TopMetal2           2400             0            0.00%             0 /  0 /  0 
--------------------------------------------------------------------------------
-------                                                                         
Total           130519          5875            4.50%             0 /  0 /  0   
                                                                                
[INFO GRT-0018] Total wirelength: 60912 um                                      
[INFO GRT-0014] Routed nets: 736                                                
[INFO GRT-0303] Global routing runtime = 00:00:00                               
Setting global connections for newly added cells…                               
[INFO] Setting global connections...                                            
[INFO ODB-0403] 0 connections made, 0 conflicts skipped.                        
Updating metrics…                                                               
Cell type report:                       Count       Area                        
  Buffer                                    4      82.25                        
  Timing Repair Buffer                     26     534.64                        
  Inverter                                 66     904.78                        
  Sequential cell                         135   28685.66                        
  Multi-Input combinational cell          492   11470.84                        
  Total                                   723   41678.18                        
Writing OpenROAD database to                                                    
'/foss/designs/spi-slave-ihp/flow_hv/runs/RUN_2026-08-16_13-42-07/35-openroad-gl
obalrouting/spi_slave.odb'…                                                     
Writing layout to                                                               
'/foss/designs/spi-slave-ihp/flow_hv/runs/RUN_2026-08-16_13-42-07/35-openroad-gl
obalrouting/spi_slave.def'…                                                     
────────────────────────────── Insert ECO Diodes ───────────────────────────────
[13:42:16] VERBOSE  Running 'Odb.InsertECODiodes' at                step.py:1138
                    'runs/RUN_2026-08-16_13-42-07/36-odb-insertecod             
                    iodes'…                                                     
[13:42:16] INFO     'INSERT_ECO_DIODES' not set. Skipping            odb.py:1152
                    'Odb.InsertECODiodes'…                                      
──────────────────────────────── Check Antennas ────────────────────────────────
[13:42:16] VERBOSE  Running 'OpenROAD.CheckAntennas' at             step.py:1138
                    'runs/RUN_2026-08-16_13-42-07/37-openroad-check             
                    antennas'…                                                  
[13:42:16] VERBOSE  Logging subprocess to                           step.py:1338
                    'runs/RUN_2026-08-16_13-42-07/37-openroad-check             
                    antennas/openroad-checkantennas.log'…                       
Reading timing models for corner nom_typ_3p30V_25C…                             
Reading timing library for the 'nom_typ_3p30V_25C' corner at                    
'/foss/designs/sg13g2_stdcell_hv/lib/sg13g2_stdcell_hv_typ_3p30V_25C.lib'…      
Reading OpenROAD database at                                                    
'/foss/designs/spi-slave-ihp/flow_hv/runs/RUN_2026-08-16_13-42-07/35-openroad-gl
obalrouting/spi_slave.odb'…                                                     
[13:42:16] WARNING  [ORD-2056] The following 12 liberty cell(s)  openroad.py:314
                    do not have LEF masters and will be marked                  
                    as dont-use:                                                
  sg13g2_hv_dfrbp_1                                                             
  sg13g2_hv_dfrbp_2                                                             
  sg13g2_hv_dfrbpq_1                                                            
  sg13g2_hv_dfrbpq_2                                                            
  sg13g2_hv_dlhq_1                                                              
  sg13g2_hv_dlhr_1                                                              
  sg13g2_hv_dllr_1                                                              
  sg13g2_hv_dllrq_1                                                             
  sg13g2_hv_sdfrbp_1                                                            
  sg13g2_hv_sdfrbp_2                                                            
  sg13g2_hv_sdfrbpq_1                                                           
  sg13g2_hv_sdfrbpq_2                                                           
Reading design constraints file at                                              
'/foss/designs/spi-slave-ihp/flow_hv/constraint.sdc'…                           
[INFO] No information on clock propagation in input SDC file-- propagating all  
clocks.                                                                         
[13:42:17] INFO     Gating variable for step                   sequential.py:362
                    'OpenROAD.RepairDesignPostGRT' set to                       
                    'False'- the step will be skipped.                          
[13:42:17] INFO     Skipping step 'Repair Design (Post-Global  sequential.py:370
                    Routing)'…                                                  
────────────────────── Diodes on Ports Protection Routine ──────────────────────
[13:42:17] VERBOSE  Running 'Odb.DiodesOnPorts' at                  step.py:1138
                    'runs/RUN_2026-08-16_13-42-07/38-odb-diodesonpo             
                    rts'…                                                       
[13:42:17] INFO     'DIODE_ON_PORTS' is set to 'none': skipping       odb.py:820
                    'Odb.DiodesOnPorts'…                                        
[13:42:17] INFO     Gating variable for step                   sequential.py:362
                    'Odb.HeuristicDiodeInsertion' set to                        
                    'False'- the step will be skipped.                          
[13:42:17] INFO     Skipping step 'Heuristic Diode Insertion'… sequential.py:370
──────────────────────────────── Antenna Repair ────────────────────────────────
[13:42:17] VERBOSE  Running 'OpenROAD.RepairAntennas' at            step.py:1138
                    'runs/RUN_2026-08-16_13-42-07/39-openroad-repai             
                    rantennas'…                                                 
─────────────────────────────── Diode Insertion ────────────────────────────────
[13:42:17] VERBOSE  Running 'OpenROAD.DiodeInsertion' at            step.py:1138
                    'runs/RUN_2026-08-16_13-42-07/39-openroad-repai             
                    rantennas/1-openroad-diodeinsertion'…                       
[13:42:18] VERBOSE  Logging subprocess to                           step.py:1338
                    'runs/RUN_2026-08-16_13-42-07/39-openroad-repai             
                    rantennas/1-openroad-diodeinsertion/openroad-di             
                    odeinsertion.log'…                                          
Reading timing models for corner nom_typ_3p30V_25C…                             
Reading timing library for the 'nom_typ_3p30V_25C' corner at                    
'/foss/designs/sg13g2_stdcell_hv/lib/sg13g2_stdcell_hv_typ_3p30V_25C.lib'…      
Reading OpenROAD database at                                                    
'/foss/designs/spi-slave-ihp/flow_hv/runs/RUN_2026-08-16_13-42-07/35-openroad-gl
obalrouting/spi_slave.odb'…                                                     
[13:42:18] WARNING  [ORD-2056] The following 12 liberty cell(s)  openroad.py:314
                    do not have LEF masters and will be marked                  
                    as dont-use:                                                
  sg13g2_hv_dfrbp_1                                                             
  sg13g2_hv_dfrbp_2                                                             
  sg13g2_hv_dfrbpq_1                                                            
  sg13g2_hv_dfrbpq_2                                                            
  sg13g2_hv_dlhq_1                                                              
  sg13g2_hv_dlhr_1                                                              
  sg13g2_hv_dllr_1                                                              
  sg13g2_hv_dllrq_1                                                             
  sg13g2_hv_sdfrbp_1                                                            
  sg13g2_hv_sdfrbp_2                                                            
  sg13g2_hv_sdfrbpq_1                                                           
  sg13g2_hv_sdfrbpq_2                                                           
Reading design constraints file at                                              
'/foss/designs/spi-slave-ihp/flow_hv/constraint.sdc'…                           
[INFO] No information on clock propagation in input SDC file-- propagating all  
clocks.                                                                         
+ repair_antennas sg13g2_hv_antennanp -iterations 3 -ratio_margin 10            
[INFO GRT-0012] Found 0 antenna violations.                                     
Setting global connections for newly added cells…                               
[INFO] Setting global connections...                                            
[INFO ODB-0403] 0 connections made, 0 conflicts skipped.                        
Updating metrics…                                                               
Cell type report:                       Count       Area                        
  Buffer                                    4      82.25                        
  Timing Repair Buffer                     26     534.64                        
  Inverter                                 66     904.78                        
  Sequential cell                         135   28685.66                        
  Multi-Input combinational cell          492   11470.84                        
  Total                                   723   41678.18                        
Writing OpenROAD database to                                                    
'/foss/designs/spi-slave-ihp/flow_hv/runs/RUN_2026-08-16_13-42-07/39-openroad-re
pairantennas/1-openroad-diodeinsertion/spi_slave.odb'…                          
Writing layout to                                                               
'/foss/designs/spi-slave-ihp/flow_hv/runs/RUN_2026-08-16_13-42-07/39-openroad-re
pairantennas/1-openroad-diodeinsertion/spi_slave.def'…                          
──────────────────────────────── Check Antennas ────────────────────────────────
[13:42:19] VERBOSE  Running 'OpenROAD.CheckAntennas' at             step.py:1138
                    'runs/RUN_2026-08-16_13-42-07/39-openroad-repai             
                    rantennas/2-openroad-checkantennas'…                        
[13:42:19] VERBOSE  Logging subprocess to                           step.py:1338
                    'runs/RUN_2026-08-16_13-42-07/39-openroad-repai             
                    rantennas/2-openroad-checkantennas/openroad-che             
                    ckantennas.log'…                                            
Reading timing models for corner nom_typ_3p30V_25C…                             
Reading timing library for the 'nom_typ_3p30V_25C' corner at                    
'/foss/designs/sg13g2_stdcell_hv/lib/sg13g2_stdcell_hv_typ_3p30V_25C.lib'…      
Reading OpenROAD database at                                                    
'/foss/designs/spi-slave-ihp/flow_hv/runs/RUN_2026-08-16_13-42-07/39-openroad-re
pairantennas/1-openroad-diodeinsertion/spi_slave.odb'…                          
[13:42:20] WARNING  [ORD-2056] The following 12 liberty cell(s)  openroad.py:314
                    do not have LEF masters and will be marked                  
                    as dont-use:                                                
  sg13g2_hv_dfrbp_1                                                             
  sg13g2_hv_dfrbp_2                                                             
  sg13g2_hv_dfrbpq_1                                                            
  sg13g2_hv_dfrbpq_2                                                            
  sg13g2_hv_dlhq_1                                                              
  sg13g2_hv_dlhr_1                                                              
  sg13g2_hv_dllr_1                                                              
  sg13g2_hv_dllrq_1                                                             
  sg13g2_hv_sdfrbp_1                                                            
  sg13g2_hv_sdfrbp_2                                                            
  sg13g2_hv_sdfrbpq_1                                                           
  sg13g2_hv_sdfrbpq_2                                                           
Reading design constraints file at                                              
'/foss/designs/spi-slave-ihp/flow_hv/constraint.sdc'…                           
[INFO] No information on clock propagation in input SDC file-- propagating all  
clocks.                                                                         
[13:42:21] INFO     Gating variable for step                   sequential.py:362
                    'OpenROAD.ResizerTimingPostGRT' set to                      
                    'False'- the step will be skipped.                          
[13:42:21] INFO     Skipping step 'Resizer Timing              sequential.py:370
                    Optimizations (Post-Global Routing)'…                       
─────────────────────────────── Detailed Routing ───────────────────────────────
[13:42:21] VERBOSE  Running 'OpenROAD.DetailedRouting' at           step.py:1138
                    'runs/RUN_2026-08-16_13-42-07/40-openroad-detai             
                    ledrouting'…                                                
[13:42:21] INFO     Running TritonRoute with 8 threads…         openroad.py:2016
[13:42:21] VERBOSE  Logging subprocess to                           step.py:1338
                    'runs/RUN_2026-08-16_13-42-07/40-openroad-detai             
                    ledrouting/openroad-detailedrouting.log'…                   
Reading timing models for corner nom_typ_3p30V_25C…                             
Reading timing library for the 'nom_typ_3p30V_25C' corner at                    
'/foss/designs/sg13g2_stdcell_hv/lib/sg13g2_stdcell_hv_typ_3p30V_25C.lib'…      
Reading OpenROAD database at                                                    
'/foss/designs/spi-slave-ihp/flow_hv/runs/RUN_2026-08-16_13-42-07/39-openroad-re
pairantennas/1-openroad-diodeinsertion/spi_slave.odb'…                          
[13:42:21] WARNING  [ORD-2056] The following 12 liberty cell(s)  openroad.py:314
                    do not have LEF masters and will be marked                  
                    as dont-use:                                                
  sg13g2_hv_dfrbp_1                                                             
  sg13g2_hv_dfrbp_2                                                             
  sg13g2_hv_dfrbpq_1                                                            
  sg13g2_hv_dfrbpq_2                                                            
  sg13g2_hv_dlhq_1                                                              
  sg13g2_hv_dlhr_1                                                              
  sg13g2_hv_dllr_1                                                              
  sg13g2_hv_dllrq_1                                                             
  sg13g2_hv_sdfrbp_1                                                            
  sg13g2_hv_sdfrbp_2                                                            
  sg13g2_hv_sdfrbpq_1                                                           
  sg13g2_hv_sdfrbpq_2                                                           
Reading design constraints file at                                              
'/foss/designs/spi-slave-ihp/flow_hv/constraint.sdc'…                           
[INFO] No information on clock propagation in input SDC file-- propagating all  
clocks.                                                                         
[INFO ORD-0030] Using 8 thread(s).                                              
+ detailed_route -droute_end_iter 64 -or_seed 42 -verbose 1 -output_drc         
/foss/designs/spi-slave-ihp/flow_hv/runs/RUN_2026-08-16_13-42-07/40-openroad-det
ailedrouting/drt-run-0/spi_slave.drc                                            
[INFO DRT-0149] Reading tech and libs.                                          
[13:42:21] WARNING  [DRT-0349] LEF58_ENCLOSURE with no CUTCLASS  openroad.py:314
                    is not supported. Skipping for layer Cont                   
[13:42:21] WARNING  [DRT-0349] LEF58_ENCLOSURE with no CUTCLASS  openroad.py:314
                    is not supported. Skipping for layer Via1                   
[13:42:21] WARNING  [DRT-0349] LEF58_ENCLOSURE with no CUTCLASS  openroad.py:314
                    is not supported. Skipping for layer Via1                   
[13:42:21] WARNING  [DRT-0349] LEF58_ENCLOSURE with no CUTCLASS  openroad.py:314
                    is not supported. Skipping for layer Via2                   
[13:42:21] WARNING  [DRT-0349] LEF58_ENCLOSURE with no CUTCLASS  openroad.py:314
                    is not supported. Skipping for layer Via3                   
[13:42:21] WARNING  [DRT-0349] LEF58_ENCLOSURE with no CUTCLASS  openroad.py:314
                    is not supported. Skipping for layer Via4                   
[13:42:21] WARNING  [DRT-0349] LEF58_ENCLOSURE with no CUTCLASS  openroad.py:314
                    is not supported. Skipping for layer TopVia1                
[13:42:21] WARNING  [DRT-0349] LEF58_ENCLOSURE with no CUTCLASS  openroad.py:314
                    is not supported. Skipping for layer TopVia1                
[13:42:21] WARNING  [DRT-0349] LEF58_ENCLOSURE with no CUTCLASS  openroad.py:314
                    is not supported. Skipping for layer TopVia2                
[13:42:21] WARNING  [DRT-0349] LEF58_ENCLOSURE with no CUTCLASS  openroad.py:314
                    is not supported. Skipping for layer TopVia2                
                                                                                
Units:                1000                                                      
Number of layers:     15                                                        
Number of macros:     90                                                        
Number of vias:       76                                                        
Number of viarulegen: 6                                                         
                                                                                
[INFO DRT-0150] Reading design.                                                 
[13:42:21] WARNING  [DRT-0120] Large net Clk has 136 pins which  openroad.py:314
                    may impact routing performance. Consider                    
                    optimization.                                               
[13:42:21] WARNING  [DRT-0120] Large net net12 has 136 pins      openroad.py:314
                    which may impact routing performance.                       
                    Consider optimization.                                      
                                                                                
Design:                   spi_slave                                             
Die area:                 ( 0 0 ) ( 354380 399980 )                             
Number of track patterns: 14                                                    
Number of DEF vias:       0                                                     
Number of components:     723                                                   
Number of terminals:      32                                                    
Number of snets:          2                                                     
Number of nets:           736                                                   
                                                                                
[INFO DRT-0167] List of default vias:                                           
  Layer Via1                                                                    
    default via: Via1_XY                                                        
  Layer Via2                                                                    
    default via: Via2_YX                                                        
  Layer Via3                                                                    
    default via: Via3_XY                                                        
  Layer Via4                                                                    
    default via: Via4_YX                                                        
  Layer TopVia1                                                                 
    default via: TopVia1EWNS                                                    
  Layer TopVia2                                                                 
    default via: TopVia2EWNS                                                    
[INFO DRT-0162] Library cell analysis.                                          
[INFO DRT-0163] Instance analysis.                                              
[INFO DRT-0164] Number of unique instances = 76.                                
[INFO DRT-0168] Init region query.                                              
[INFO DRT-0024]   Complete GatPoly.                                             
[INFO DRT-0024]   Complete Cont.                                                
[INFO DRT-0024]   Complete Metal1.                                              
[INFO DRT-0024]   Complete Via1.                                                
[INFO DRT-0024]   Complete Metal2.                                              
[INFO DRT-0024]   Complete Via2.                                                
[INFO DRT-0024]   Complete Metal3.                                              
[INFO DRT-0024]   Complete Via3.                                                
[INFO DRT-0024]   Complete Metal4.                                              
[INFO DRT-0024]   Complete Via4.                                                
[INFO DRT-0024]   Complete Metal5.                                              
[INFO DRT-0024]   Complete TopVia1.                                             
[INFO DRT-0024]   Complete TopMetal1.                                           
[INFO DRT-0024]   Complete TopVia2.                                             
[INFO DRT-0024]   Complete TopMetal2.                                           
[INFO DRT-0033] GatPoly shape region query size = 0.                            
[INFO DRT-0033] Cont shape region query size = 0.                               
[INFO DRT-0033] Metal1 shape region query size = 26772.                         
[INFO DRT-0033] Via1 shape region query size = 1630.                            
[INFO DRT-0033] Metal2 shape region query size = 1043.                          
[INFO DRT-0033] Via2 shape region query size = 1225.                            
[INFO DRT-0033] Metal3 shape region query size = 507.                           
[INFO DRT-0033] Via3 shape region query size = 1225.                            
[INFO DRT-0033] Metal4 shape region query size = 490.                           
[INFO DRT-0033] Via4 shape region query size = 1225.                            
[INFO DRT-0033] Metal5 shape region query size = 735.                           
[INFO DRT-0033] TopVia1 shape region query size = 490.                          
[INFO DRT-0033] TopMetal1 shape region query size = 315.                        
[INFO DRT-0033] TopVia2 shape region query size = 50.                           
[INFO DRT-0033] TopMetal2 shape region query size = 70.                         
[INFO DRT-0165] Start pin access.                                               
[INFO DRT-0078]   Complete 425 pins.                                            
[INFO DRT-0081]   Complete 76 unique inst patterns.                             
[INFO DRT-0084]   Complete 447 groups.                                          
#scanned instances     = 723                                                    
#unique  instances     = 76                                                     
#stdCellGenAp          = 1490                                                   
#stdCellValidPlanarAp  = 6                                                      
#stdCellValidViaAp     = 1248                                                   
#stdCellPinNoAp        = 0                                                      
#stdCellPinCnt         = 2605                                                   
#instTermValidViaApCnt = 0                                                      
#macroGenAp            = 0                                                      
#macroValidPlanarAp    = 0                                                      
#macroValidViaAp       = 0                                                      
#macroNoAp             = 0                                                      
[INFO DRT-0166] Complete pin access.                                            
[INFO DRT-0267] cpu time = 00:00:21, elapsed time = 00:00:04, memory = 103.13   
(MB), peak = 102.54 (MB)                                                        
                                                                                
[INFO DRT-0157] Number of guides:     6799                                      
                                                                                
[INFO DRT-0169] Post process guides.                                            
[INFO DRT-0176] GCELLGRID X 0 DO 49 STEP 7200 ;                                 
[INFO DRT-0177] GCELLGRID Y 0 DO 55 STEP 7200 ;                                 
[INFO DRT-0028]   Complete GatPoly.                                             
[INFO DRT-0028]   Complete Cont.                                                
[INFO DRT-0028]   Complete Metal1.                                              
[INFO DRT-0028]   Complete Via1.                                                
[INFO DRT-0028]   Complete Metal2.                                              
[INFO DRT-0028]   Complete Via2.                                                
[INFO DRT-0028]   Complete Metal3.                                              
[INFO DRT-0028]   Complete Via3.                                                
[INFO DRT-0028]   Complete Metal4.                                              
[INFO DRT-0028]   Complete Via4.                                                
[INFO DRT-0028]   Complete Metal5.                                              
[INFO DRT-0028]   Complete TopVia1.                                             
[INFO DRT-0028]   Complete TopMetal1.                                           
[INFO DRT-0028]   Complete TopVia2.                                             
[INFO DRT-0028]   Complete TopMetal2.                                           
[INFO DRT-0178] Init guide query.                                               
[INFO DRT-0035]   Complete GatPoly (guide).                                     
[INFO DRT-0035]   Complete Cont (guide).                                        
[INFO DRT-0035]   Complete Metal1 (guide).                                      
[INFO DRT-0035]   Complete Via1 (guide).                                        
[INFO DRT-0035]   Complete Metal2 (guide).                                      
[INFO DRT-0035]   Complete Via2 (guide).                                        
[INFO DRT-0035]   Complete Metal3 (guide).                                      
[INFO DRT-0035]   Complete Via3 (guide).                                        
[INFO DRT-0035]   Complete Metal4 (guide).                                      
[INFO DRT-0035]   Complete Via4 (guide).                                        
[INFO DRT-0035]   Complete Metal5 (guide).                                      
[INFO DRT-0035]   Complete TopVia1 (guide).                                     
[INFO DRT-0035]   Complete TopMetal1 (guide).                                   
[INFO DRT-0035]   Complete TopVia2 (guide).                                     
[INFO DRT-0035]   Complete TopMetal2 (guide).                                   
[INFO DRT-0036] GatPoly guide region query size = 0.                            
[INFO DRT-0036] Cont guide region query size = 0.                               
[INFO DRT-0036] Metal1 guide region query size = 2306.                          
[INFO DRT-0036] Via1 guide region query size = 0.                               
[INFO DRT-0036] Metal2 guide region query size = 2028.                          
[INFO DRT-0036] Via2 guide region query size = 0.                               
[INFO DRT-0036] Metal3 guide region query size = 943.                           
[INFO DRT-0036] Via3 guide region query size = 0.                               
[INFO DRT-0036] Metal4 guide region query size = 71.                            
[INFO DRT-0036] Via4 guide region query size = 0.                               
[INFO DRT-0036] Metal5 guide region query size = 0.                             
[INFO DRT-0036] TopVia1 guide region query size = 0.                            
[INFO DRT-0036] TopMetal1 guide region query size = 0.                          
[INFO DRT-0036] TopVia2 guide region query size = 0.                            
[INFO DRT-0036] TopMetal2 guide region query size = 0.                          
[INFO DRT-0179] Init gr pin query.                                              
[INFO DRT-0267] cpu time = 00:00:00, elapsed time = 00:00:00, memory = 105.56   
(MB), peak = 104.79 (MB)                                                        
[INFO DRT-0245] skipped writing guide updates to database.                      
[INFO DRT-0185] Post process initialize RPin region query.                      
[INFO DRT-0181] Start track assignment.                                         
[INFO DRT-0184] Done with 2099 vertical wires in 1 frboxes and 3249 horizontal  
wires in 2 frboxes.                                                             
[INFO DRT-0186] Done with 395 vertical wires in 1 frboxes and 505 horizontal    
wires in 2 frboxes.                                                             
[INFO DRT-0182] Complete track assignment.                                      
[INFO DRT-0267] cpu time = 00:00:00, elapsed time = 00:00:00, memory = 127.02   
(MB), peak = 126.25 (MB)                                                        
[INFO DRT-0187] Start routing data preparation.                                 
[INFO DRT-0267] cpu time = 00:00:00, elapsed time = 00:00:00, memory = 127.20   
(MB), peak = 126.50 (MB)                                                        
[INFO DRT-0194] Start detail routing.                                           
[INFO DRT-0195] Start 0th optimization iteration.                               
    Completing 10% with 0 violations.                                           
    elapsed time = 00:00:00, memory = 152.57 (MB).                              
    Completing 20% with 0 violations.                                           
    elapsed time = 00:00:00, memory = 154.83 (MB).                              
    Completing 30% with 94 violations.                                          
    elapsed time = 00:00:00, memory = 149.40 (MB).                              
    Completing 40% with 94 violations.                                          
    elapsed time = 00:00:01, memory = 163.58 (MB).                              
    Completing 50% with 94 violations.                                          
    elapsed time = 00:00:01, memory = 167.27 (MB).                              
    Completing 60% with 155 violations.                                         
    elapsed time = 00:00:01, memory = 178.78 (MB).                              
    Completing 70% with 155 violations.                                         
    elapsed time = 00:00:02, memory = 180.88 (MB).                              
    Completing 80% with 260 violations.                                         
    elapsed time = 00:00:02, memory = 174.00 (MB).                              
    Completing 90% with 260 violations.                                         
    elapsed time = 00:00:02, memory = 189.14 (MB).                              
    Completing 100% with 341 violations.                                        
    elapsed time = 00:00:03, memory = 185.57 (MB).                              
[INFO DRT-0199]   Number of violations = 496.                                   
Viol/Layer      Metal1   Via1 Metal2   Via2 Metal3 Metal4                       
Metal Spacing       21      0    273      0      2      0                       
Recheck             22      0     52      0     78      3                       
Short                8      1     28      1      7      0                       
[INFO DRT-0267] cpu time = 00:00:17, elapsed time = 00:00:03, memory = 572.04   
(MB), peak = 583.61 (MB)                                                        
Total wire length = 42718 um.                                                   
Total wire length on LAYER Metal1 = 2168 um.                                    
Total wire length on LAYER Metal2 = 19280 um.                                   
Total wire length on LAYER Metal3 = 18578 um.                                   
Total wire length on LAYER Metal4 = 2691 um.                                    
Total wire length on LAYER Metal5 = 0 um.                                       
Total wire length on LAYER TopMetal1 = 0 um.                                    
Total wire length on LAYER TopMetal2 = 0 um.                                    
Total number of vias = 5461.                                                    
Up-via summary (total 5461):                                                    
                                                                                
------------------                                                              
   GatPoly       0                                                              
    Metal1    2981                                                              
    Metal2    2279                                                              
    Metal3     201                                                              
    Metal4       0                                                              
    Metal5       0                                                              
 TopMetal1       0                                                              
------------------                                                              
          5461                                                                  
                                                                                
                                                                                
[INFO DRT-0195] Start 1st optimization iteration.                               
    Completing 10% with 496 violations.                                         
    elapsed time = 00:00:00, memory = 574.63 (MB).                              
    Completing 20% with 496 violations.                                         
    elapsed time = 00:00:00, memory = 580.07 (MB).                              
    Completing 30% with 338 violations.                                         
    elapsed time = 00:00:00, memory = 584.29 (MB).                              
    Completing 40% with 338 violations.                                         
    elapsed time = 00:00:01, memory = 584.41 (MB).                              
    Completing 50% with 338 violations.                                         
    elapsed time = 00:00:01, memory = 589.75 (MB).                              
    Completing 60% with 227 violations.                                         
    elapsed time = 00:00:02, memory = 589.75 (MB).                              
    Completing 70% with 227 violations.                                         
    elapsed time = 00:00:02, memory = 589.75 (MB).                              
    Completing 80% with 133 violations.                                         
    elapsed time = 00:00:02, memory = 591.91 (MB).                              
    Completing 90% with 133 violations.                                         
    elapsed time = 00:00:03, memory = 591.91 (MB).                              
    Completing 100% with 36 violations.                                         
    elapsed time = 00:00:03, memory = 595.40 (MB).                              
[INFO DRT-0199]   Number of violations = 36.                                    
Viol/Layer      Metal1 Metal2                                                   
Metal Spacing        0     31                                                   
Short                2      3                                                   
[INFO DRT-0267] cpu time = 00:00:17, elapsed time = 00:00:03, memory = 595.53   
(MB), peak = 606.63 (MB)                                                        
Total wire length = 42451 um.                                                   
Total wire length on LAYER Metal1 = 1991 um.                                    
Total wire length on LAYER Metal2 = 19154 um.                                   
Total wire length on LAYER Metal3 = 18541 um.                                   
Total wire length on LAYER Metal4 = 2764 um.                                    
Total wire length on LAYER Metal5 = 0 um.                                       
Total wire length on LAYER TopMetal1 = 0 um.                                    
Total wire length on LAYER TopMetal2 = 0 um.                                    
Total number of vias = 5372.                                                    
Up-via summary (total 5372):                                                    
                                                                                
------------------                                                              
   GatPoly       0                                                              
    Metal1    2912                                                              
    Metal2    2267                                                              
    Metal3     193                                                              
    Metal4       0                                                              
    Metal5       0                                                              
 TopMetal1       0                                                              
------------------                                                              
          5372                                                                  
                                                                                
                                                                                
[INFO DRT-0195] Start 2nd optimization iteration.                               
    Completing 10% with 36 violations.                                          
    elapsed time = 00:00:00, memory = 595.53 (MB).                              
    Completing 20% with 36 violations.                                          
    elapsed time = 00:00:00, memory = 595.53 (MB).                              
    Completing 30% with 38 violations.                                          
    elapsed time = 00:00:00, memory = 597.28 (MB).                              
    Completing 40% with 38 violations.                                          
    elapsed time = 00:00:00, memory = 597.28 (MB).                              
    Completing 50% with 38 violations.                                          
    elapsed time = 00:00:01, memory = 603.41 (MB).                              
    Completing 60% with 40 violations.                                          
    elapsed time = 00:00:01, memory = 603.41 (MB).                              
    Completing 70% with 40 violations.                                          
    elapsed time = 00:00:01, memory = 603.41 (MB).                              
    Completing 80% with 46 violations.                                          
    elapsed time = 00:00:02, memory = 603.41 (MB).                              
    Completing 90% with 46 violations.                                          
    elapsed time = 00:00:02, memory = 603.41 (MB).                              
    Completing 100% with 41 violations.                                         
    elapsed time = 00:00:02, memory = 603.86 (MB).                              
[INFO DRT-0199]   Number of violations = 41.                                    
Viol/Layer      Metal1 Metal2   Via2 Metal3                                     
Cut Spacing          0      0      1      0                                     
Metal Spacing        2     31      0      0                                     
Short                0      4      0      3                                     
[INFO DRT-0267] cpu time = 00:00:06, elapsed time = 00:00:02, memory = 603.86   
(MB), peak = 615.10 (MB)                                                        
Total wire length = 42457 um.                                                   
Total wire length on LAYER Metal1 = 1957 um.                                    
Total wire length on LAYER Metal2 = 19139 um.                                   
Total wire length on LAYER Metal3 = 18608 um.                                   
Total wire length on LAYER Metal4 = 2748 um.                                    
Total wire length on LAYER Metal5 = 2 um.                                       
Total wire length on LAYER TopMetal1 = 0 um.                                    
Total wire length on LAYER TopMetal2 = 0 um.                                    
Total number of vias = 5367.                                                    
Up-via summary (total 5367):                                                    
                                                                                
------------------                                                              
   GatPoly       0                                                              
    Metal1    2898                                                              
    Metal2    2275                                                              
    Metal3     190                                                              
    Metal4       4                                                              
    Metal5       0                                                              
 TopMetal1       0                                                              
------------------                                                              
          5367                                                                  
                                                                                
                                                                                
[INFO DRT-0195] Start 3rd guides tiles iteration.                               
    Completing 10% with 41 violations.                                          
    elapsed time = 00:00:00, memory = 620.70 (MB).                              
    Completing 20% with 41 violations.                                          
    elapsed time = 00:00:00, memory = 620.70 (MB).                              
    Completing 30% with 41 violations.                                          
    elapsed time = 00:00:00, memory = 620.70 (MB).                              
    Completing 40% with 41 violations.                                          
    elapsed time = 00:00:02, memory = 604.07 (MB).                              
    Completing 50% with 0 violations.                                           
    elapsed time = 00:00:02, memory = 604.07 (MB).                              
    Completing 60% with 0 violations.                                           
    elapsed time = 00:00:02, memory = 604.07 (MB).                              
    Completing 70% with 0 violations.                                           
    elapsed time = 00:00:02, memory = 604.07 (MB).                              
    Completing 80% with 0 violations.                                           
    elapsed time = 00:00:02, memory = 604.07 (MB).                              
    Completing 90% with 0 violations.                                           
    elapsed time = 00:00:02, memory = 604.07 (MB).                              
    Completing 100% with 0 violations.                                          
    elapsed time = 00:00:02, memory = 604.07 (MB).                              
[INFO DRT-0199]   Number of violations = 0.                                     
[INFO DRT-0267] cpu time = 00:00:04, elapsed time = 00:00:02, memory = 615.95   
(MB), peak = 627.74 (MB)                                                        
Total wire length = 42420 um.                                                   
Total wire length on LAYER Metal1 = 1930 um.                                    
Total wire length on LAYER Metal2 = 18655 um.                                   
Total wire length on LAYER Metal3 = 18639 um.                                   
Total wire length on LAYER Metal4 = 3190 um.                                    
Total wire length on LAYER Metal5 = 2 um.                                       
Total wire length on LAYER TopMetal1 = 0 um.                                    
Total wire length on LAYER TopMetal2 = 0 um.                                    
Total number of vias = 5402.                                                    
Up-via summary (total 5402):                                                    
                                                                                
------------------                                                              
   GatPoly       0                                                              
    Metal1    2888                                                              
    Metal2    2281                                                              
    Metal3     229                                                              
    Metal4       4                                                              
    Metal5       0                                                              
 TopMetal1       0                                                              
------------------                                                              
          5402                                                                  
                                                                                
                                                                                
[INFO DRT-0198] Complete detail routing.                                        
Total wire length = 42420 um.                                                   
Total wire length on LAYER Metal1 = 1930 um.                                    
Total wire length on LAYER Metal2 = 18655 um.                                   
Total wire length on LAYER Metal3 = 18639 um.                                   
Total wire length on LAYER Metal4 = 3190 um.                                    
Total wire length on LAYER Metal5 = 2 um.                                       
Total wire length on LAYER TopMetal1 = 0 um.                                    
Total wire length on LAYER TopMetal2 = 0 um.                                    
Total number of vias = 5402.                                                    
Up-via summary (total 5402):                                                    
                                                                                
------------------                                                              
   GatPoly       0                                                              
    Metal1    2888                                                              
    Metal2    2281                                                              
    Metal3     229                                                              
    Metal4       4                                                              
    Metal5       0                                                              
 TopMetal1       0                                                              
------------------                                                              
          5402                                                                  
                                                                                
                                                                                
[INFO DRT-0267] cpu time = 00:00:46, elapsed time = 00:00:12, memory = 616.07   
(MB), peak = 627.74 (MB)                                                        
                                                                                
[INFO DRT-0180] Post processing.                                                
+ check_antennas                                                                
[INFO ANT-0002] Found 0 net violations.                                         
[INFO ANT-0001] Found 0 pin violations.                                         
Setting global connections for newly added cells…                               
[INFO] Setting global connections...                                            
[INFO ODB-0403] 0 connections made, 0 conflicts skipped.                        
Updating metrics…                                                               
Cell type report:                       Count       Area                        
  Buffer                                    4      82.25                        
  Timing Repair Buffer                     26     534.64                        
  Inverter                                 66     904.78                        
  Sequential cell                         135   28685.66                        
  Multi-Input combinational cell          492   11470.84                        
  Total                                   723   41678.18                        
Writing OpenROAD database to                                                    
'/foss/designs/spi-slave-ihp/flow_hv/runs/RUN_2026-08-16_13-42-07/40-openroad-de
tailedrouting/spi_slave.odb'…                                                   
Writing netlist to                                                              
'/foss/designs/spi-slave-ihp/flow_hv/runs/RUN_2026-08-16_13-42-07/40-openroad-de
tailedrouting/spi_slave.nl.v'…                                                  
Writing powered netlist to                                                      
'/foss/designs/spi-slave-ihp/flow_hv/runs/RUN_2026-08-16_13-42-07/40-openroad-de
tailedrouting/spi_slave.pnl.v'…                                                 
Writing layout to                                                               
'/foss/designs/spi-slave-ihp/flow_hv/runs/RUN_2026-08-16_13-42-07/40-openroad-de
tailedrouting/spi_slave.def'…                                                   
Writing timing constraints to                                                   
'/foss/designs/spi-slave-ihp/flow_hv/runs/RUN_2026-08-16_13-42-07/40-openroad-de
tailedrouting/spi_slave.sdc'…                                                   
───────────────────────────── Remove Obstructions ──────────────────────────────
[13:42:40] VERBOSE  Running 'Odb.RemoveRoutingObstructions' at      step.py:1138
                    'runs/RUN_2026-08-16_13-42-07/41-odb-removerout             
                    ingobstructions'…                                           
[13:42:40] INFO     'ROUTING_OBSTRUCTIONS' is not defined. Skipping   odb.py:589
                    'Odb.RemoveRoutingObstructions'…                            
──────────────────────────────── Check Antennas ────────────────────────────────
[13:42:40] VERBOSE  Running 'OpenROAD.CheckAntennas-1' at           step.py:1138
                    'runs/RUN_2026-08-16_13-42-07/42-openroad-check             
                    antennas-1'…                                                
[13:42:40] VERBOSE  Logging subprocess to                           step.py:1338
                    'runs/RUN_2026-08-16_13-42-07/42-openroad-check             
                    antennas-1/openroad-checkantennas-1.log'…                   
Reading timing models for corner nom_typ_3p30V_25C…                             
Reading timing library for the 'nom_typ_3p30V_25C' corner at                    
'/foss/designs/sg13g2_stdcell_hv/lib/sg13g2_stdcell_hv_typ_3p30V_25C.lib'…      
Reading OpenROAD database at                                                    
'/foss/designs/spi-slave-ihp/flow_hv/runs/RUN_2026-08-16_13-42-07/40-openroad-de
tailedrouting/spi_slave.odb'…                                                   
[13:42:40] WARNING  [ORD-2056] The following 12 liberty cell(s)  openroad.py:314
                    do not have LEF masters and will be marked                  
                    as dont-use:                                                
  sg13g2_hv_dfrbp_1                                                             
  sg13g2_hv_dfrbp_2                                                             
  sg13g2_hv_dfrbpq_1                                                            
  sg13g2_hv_dfrbpq_2                                                            
  sg13g2_hv_dlhq_1                                                              
  sg13g2_hv_dlhr_1                                                              
  sg13g2_hv_dllr_1                                                              
  sg13g2_hv_dllrq_1                                                             
  sg13g2_hv_sdfrbp_1                                                            
  sg13g2_hv_sdfrbp_2                                                            
  sg13g2_hv_sdfrbpq_1                                                           
  sg13g2_hv_sdfrbpq_2                                                           
Reading design constraints file at                                              
'/foss/designs/spi-slave-ihp/flow_hv/constraint.sdc'…                           
[INFO] No information on clock propagation in input SDC file-- propagating all  
clocks.                                                                         
───────────────────────── Routing Design Rule Checker ──────────────────────────
[13:42:42] VERBOSE  Running 'Checker.TrDRC' at                      step.py:1138
                    'runs/RUN_2026-08-16_13-42-07/43-checker-trdrc'             
                    …                                                           
[13:42:42] INFO     Check for Routing DRC errors clear.           checker.py:131
─────────────────────────── Report Disconnected Pins ───────────────────────────
[13:42:42] VERBOSE  Running 'Odb.ReportDisconnectedPins' at         step.py:1138
                    'runs/RUN_2026-08-16_13-42-07/44-odb-reportdisc             
                    onnectedpins'…                                              
[13:42:42] VERBOSE  Logging subprocess to                           step.py:1338
                    'runs/RUN_2026-08-16_13-42-07/44-odb-reportdisc             
                    onnectedpins/odb-reportdisconnectedpins.log'…               
Found 135 disconnected pin(s), of which 0 are critical.                         
────────────────────────── Disconnected Pins Checker ───────────────────────────
[13:42:44] VERBOSE  Running 'Checker.DisconnectedPins' at           step.py:1138
                    'runs/RUN_2026-08-16_13-42-07/45-checker-discon             
                    nectedpins'…                                                
[13:42:44] INFO     Check for critical disconnected pins clear.   checker.py:131
────────────────────────────── Report Wire Length ──────────────────────────────
[13:42:44] VERBOSE  Running 'Odb.ReportWireLength' at               step.py:1138
                    'runs/RUN_2026-08-16_13-42-07/46-odb-reportwire             
                    length'…                                                    
[13:42:44] VERBOSE  Logging subprocess to                           step.py:1338
                    'runs/RUN_2026-08-16_13-42-07/46-odb-reportwire             
                    length/odb-reportwirelength.log'…                           
──────────────────────── Wire Length Threshold Checker ─────────────────────────
[13:42:44] VERBOSE  Running 'Checker.WireLength' at                 step.py:1138
                    'runs/RUN_2026-08-16_13-42-07/47-checker-wirele             
                    ngth'…                                                      
[13:42:44] WARNING  Threshold for Threshold-surpassing long wires checker.py:108
                    is not set. The checker will be skipped.                    
──────────────────────────────── Fill Insertion ────────────────────────────────
[13:42:44] VERBOSE  Running 'OpenROAD.FillInsertion' at             step.py:1138
                    'runs/RUN_2026-08-16_13-42-07/48-openroad-filli             
                    nsertion'…                                                  
[13:42:44] VERBOSE  Logging subprocess to                           step.py:1338
                    'runs/RUN_2026-08-16_13-42-07/48-openroad-filli             
                    nsertion/openroad-fillinsertion.log'…                       
Reading timing models for corner nom_typ_3p30V_25C…                             
Reading timing library for the 'nom_typ_3p30V_25C' corner at                    
'/foss/designs/sg13g2_stdcell_hv/lib/sg13g2_stdcell_hv_typ_3p30V_25C.lib'…      
Reading OpenROAD database at                                                    
'/foss/designs/spi-slave-ihp/flow_hv/runs/RUN_2026-08-16_13-42-07/44-odb-reportd
isconnectedpins/spi_slave.odb'…                                                 
[13:42:45] WARNING  [ORD-2056] The following 12 liberty cell(s)  openroad.py:314
                    do not have LEF masters and will be marked                  
                    as dont-use:                                                
  sg13g2_hv_dfrbp_1                                                             
  sg13g2_hv_dfrbp_2                                                             
  sg13g2_hv_dfrbpq_1                                                            
  sg13g2_hv_dfrbpq_2                                                            
  sg13g2_hv_dlhq_1                                                              
  sg13g2_hv_dlhr_1                                                              
  sg13g2_hv_dllr_1                                                              
  sg13g2_hv_dllrq_1                                                             
  sg13g2_hv_sdfrbp_1                                                            
  sg13g2_hv_sdfrbp_2                                                            
  sg13g2_hv_sdfrbpq_1                                                           
  sg13g2_hv_sdfrbpq_2                                                           
Reading design constraints file at                                              
'/foss/designs/spi-slave-ihp/flow_hv/constraint.sdc'…                           
[INFO] No information on clock propagation in input SDC file-- propagating all  
clocks.                                                                         
sg13g2_hv_fill_8 sg13g2_hv_fill_4 sg13g2_hv_fill_1 sg13g2_hv_fill_2             
sg13g2_hv_fill_4 sg13g2_hv_fill_8                                               
[INFO DPL-0001] Placed 3286 filler instances.                                   
Setting global connections for newly added cells…                               
[INFO] Setting global connections...                                            
[INFO ODB-0403] 6572 connections made, 0 conflicts skipped.                     
Updating metrics…                                                               
Cell type report:                       Count       Area                        
  Fill cell                              3286   75778.82                        
  Buffer                                    4      82.25                        
  Timing Repair Buffer                     26     534.64                        
  Inverter                                 66     904.78                        
  Sequential cell                         135   28685.66                        
  Multi-Input combinational cell          492   11470.84                        
  Total                                  4009  117457.00                        
Writing OpenROAD database to                                                    
'/foss/designs/spi-slave-ihp/flow_hv/runs/RUN_2026-08-16_13-42-07/48-openroad-fi
llinsertion/spi_slave.odb'…                                                     
Writing netlist to                                                              
'/foss/designs/spi-slave-ihp/flow_hv/runs/RUN_2026-08-16_13-42-07/48-openroad-fi
llinsertion/spi_slave.nl.v'…                                                    
Writing powered netlist to                                                      
'/foss/designs/spi-slave-ihp/flow_hv/runs/RUN_2026-08-16_13-42-07/48-openroad-fi
llinsertion/spi_slave.pnl.v'…                                                   
Writing layout to                                                               
'/foss/designs/spi-slave-ihp/flow_hv/runs/RUN_2026-08-16_13-42-07/48-openroad-fi
llinsertion/spi_slave.def'…                                                     
Writing timing constraints to                                                   
'/foss/designs/spi-slave-ihp/flow_hv/runs/RUN_2026-08-16_13-42-07/48-openroad-fi
llinsertion/spi_slave.sdc'…                                                     
──────────────────────── Generate Cell Frequency Tables ────────────────────────
[13:42:45] VERBOSE  Running 'Odb.CellFrequencyTables' at            step.py:1138
                    'runs/RUN_2026-08-16_13-42-07/49-odb-cellfreque             
                    ncytables'…                                                 
[13:42:45] VERBOSE  Logging subprocess to                           step.py:1338
                    'runs/RUN_2026-08-16_13-42-07/49-odb-cellfreque             
                    ncytables/buffer_list.txt'…                                 
sg13g2_hv_buf_1                                                                 
sg13g2_hv_buf_16                                                                
sg13g2_hv_buf_2                                                                 
sg13g2_hv_buf_4                                                                 
sg13g2_hv_buf_8                                                                 
sg13g2_hv_dlygate4sd1_1                                                         
sg13g2_hv_dlygate4sd2_1                                                         
sg13g2_hv_dlygate4sd3_1                                                         
[13:42:45] VERBOSE  Logging subprocess to                           step.py:1338
                    'runs/RUN_2026-08-16_13-42-07/49-odb-cellfreque             
                    ncytables/odb-cellfrequencytables.log'…                     
                                Cells by Master                                 
┏━━━━━━━━━━━━━━━━━━━━━━━━━━━━━━━━━━━━━━━━━━━━━━━━━━━━━━━━━━┳━━━━━━━━━━━━━━━━━━━┓
┃ Cell                                                     ┃ Count             ┃
┡━━━━━━━━━━━━━━━━━━━━━━━━━━━━━━━━━━━━━━━━━━━━━━━━━━━━━━━━━━╇━━━━━━━━━━━━━━━━━━━┩
│ sg13g2_hv_a21o_1                                         │ 3                 │
│ sg13g2_hv_a21oi_1                                        │ 7                 │
│ sg13g2_hv_a221oi_1                                       │ 19                │
│ sg13g2_hv_a22oi_1                                        │ 16                │
│ sg13g2_hv_and2_1                                         │ 9                 │
│ sg13g2_hv_buf_1                                          │ 30                │
│ sg13g2_hv_fill_1                                         │ 245               │
│ sg13g2_hv_fill_2                                         │ 251               │
│ sg13g2_hv_fill_4                                         │ 239               │
│ sg13g2_hv_fill_8                                         │ 2551              │
│ sg13g2_hv_inv_1                                          │ 66                │
│ sg13g2_hv_mux2_1                                         │ 7                 │
│ sg13g2_hv_nand2_1                                        │ 75                │
│ sg13g2_hv_nand2b_1                                       │ 14                │
│ sg13g2_hv_nand3_1                                        │ 20                │
│ sg13g2_hv_nand3b_1                                       │ 8                 │
│ sg13g2_hv_nor2_1                                         │ 5                 │
│ sg13g2_hv_nor3_1                                         │ 16                │
│ sg13g2_hv_nor4_1                                         │ 81                │
│ sg13g2_hv_o21ai_1                                        │ 8                 │
│ sg13g2_hv_or2_1                                          │ 4                 │
│ sg13g2_hv_or4_1                                          │ 18                │
│ sg13g2_hv_sdfbbp_1                                       │ 135               │
│ sg13g2_hv_tiehi                                          │ 135               │
│ sg13g2_hv_tielo                                          │ 47                │
└──────────────────────────────────────────────────────────┴───────────────────┘
                               Cells by Function                                
┏━━━━━━━━━━━━━━━━━━━━━━━━━━━━━━━━━━━━━━━━━━━━━━━━━━━━━┳━━━━━━━━━━━━━━━━━━━━━━━━┓
┃ Cell Function                                       ┃ Count                  ┃
┡━━━━━━━━━━━━━━━━━━━━━━━━━━━━━━━━━━━━━━━━━━━━━━━━━━━━━╇━━━━━━━━━━━━━━━━━━━━━━━━┩
└─────────────────────────────────────────────────────┴────────────────────────┘
                                  Cells by SCL                                  
┏━━━━━━━━━━━━━━━━━━━━━━━━━━━━━━━━━┳━━━━━━━━━━━━━━━━━━━━━━━━━━━━━━━━━━━━━━━━━━━━┓
┃ SCL                             ┃ Count                                      ┃
┡━━━━━━━━━━━━━━━━━━━━━━━━━━━━━━━━━╇━━━━━━━━━━━━━━━━━━━━━━━━━━━━━━━━━━━━━━━━━━━━┩
└─────────────────────────────────┴────────────────────────────────────────────┘
                             Buffers by Cell Master                             
┏━━━━━━━━━━━━━━━━━━━━━━━━━━━━━━━━━━━━━━━━━━━━━━━━━━━━━━━┳━━━━━━━━━━━━━━━━━━━━━━┓
┃ Buffer                                                ┃ Count                ┃
┡━━━━━━━━━━━━━━━━━━━━━━━━━━━━━━━━━━━━━━━━━━━━━━━━━━━━━━━╇━━━━━━━━━━━━━━━━━━━━━━┩
│ sg13g2_hv_buf_1                                       │ 30                   │
└───────────────────────────────────────────────────────┴──────────────────────┘
───────────────── Parasitic Resistance/Capacitance Extraction ──────────────────
[13:42:47] VERBOSE  Running 'OpenROAD.RCX' at                       step.py:1138
                    'runs/RUN_2026-08-16_13-42-07/50-openroad-rcx'…             
[13:42:47] INFO     Running RCX for corners matching nom_*      openroad.py:2159
                    (/foss/designs/spi-slave-ihp/flow_hv/runs/R                 
                    UN_2026-08-16_13-42-07/50-openroad-rcx/nom/                 
                    rcx.log)…                                                   
[13:42:47] VERBOSE  Logging subprocess to                           step.py:1338
                    'runs/RUN_2026-08-16_13-42-07/50-openroad-rcx/n             
                    om/rcx.log'…                                                
[13:42:48] INFO     Finished RCX for corners matching nom_*.    openroad.py:2168
────────────────────── Static Timing Analysis (Post-PnR) ───────────────────────
[13:42:48] VERBOSE  Running 'OpenROAD.STAPostPNR' at                step.py:1138
                    'runs/RUN_2026-08-16_13-42-07/51-openroad-stapo             
                    stpnr'…                                                     
[13:42:48] INFO     Starting STA for the nom_typ_3p30V_25C       openroad.py:748
                    timing corner…                                              
[13:42:48] VERBOSE  Logging subprocess to                           step.py:1338
                    'runs/RUN_2026-08-16_13-42-07/51-openroad-stapo             
                    stpnr/nom_typ_3p30V_25C/sta.log'…                           
[13:42:48] INFO     Finished STA for the nom_typ_3p30V_25C       openroad.py:763
                    timing corner.                                              
[13:42:48] VERBOSE  Logging subprocess to                           step.py:1338
                    'runs/RUN_2026-08-16_13-42-07/51-openroad-stapo             
                    stpnr/nom_typ_3p30V_25C/filter_unannotated.log'             
                    …                                                           
┏━━━━━━━━━━━━━━━━━━━━━━┳━━━━┳━━━━┳━━━━┳━━━━┳━━━━┳━━━┳━━━━┳━━━┳━━━━┳━━━┳━━━━┳━━━┓
┃                      ┃    ┃    ┃    ┃    ┃ of ┃   ┃    ┃   ┃    ┃ … ┃    ┃   ┃
┃                      ┃    ┃ R… ┃    ┃    ┃ w… ┃   ┃ R… ┃   ┃    ┃ … ┃    ┃   ┃
┃                      ┃ H… ┃ to ┃    ┃ H… ┃ r… ┃ … ┃ to ┃   ┃ S… ┃ … ┃ M… ┃ … ┃
┃                      ┃ W… ┃ R… ┃ H… ┃ V… ┃ to ┃ … ┃ R… ┃ … ┃ V… ┃ … ┃ C… ┃ … ┃
┃ Corner/Group         ┃ S… ┃ P… ┃ T… ┃ C… ┃ r… ┃ … ┃ P… ┃ … ┃ C… ┃ … ┃ V… ┃ … ┃
┡━━━━━━━━━━━━━━━━━━━━━━╇━━━━╇━━━━╇━━━━╇━━━━╇━━━━╇━━━╇━━━━╇━━━╇━━━━╇━━━╇━━━━╇━━━┩
│ Overall              │ 0… │ 0… │ 0… │ 0  │ 0  │ … │ 2… │ … │ 0  │ 0 │ 0  │ 0 │
│ nom_typ_3p30V_25C    │ 0… │ 0… │ 0… │ 0  │ 0  │ … │ 2… │ … │ 0  │ 0 │ 0  │ 0 │
└──────────────────────┴────┴────┴────┴────┴────┴───┴────┴───┴────┴───┴────┴───┘
─────────────────────────── Generate IR Drop Report ────────────────────────────
[13:42:50] VERBOSE  Running 'OpenROAD.IRDropReport' at              step.py:1138
                    'runs/RUN_2026-08-16_13-42-07/52-openroad-irdro             
                    preport'…                                                   
[13:42:50] WARNING  'VSRC_LOC_FILES' was not given a value,     openroad.py:2260
                    which may make the results of IR drop                       
                    analysis inaccurate. If you are not                         
                    integrating a top-level chip for                            
                    manufacture, you may ignore this warning,                   
                    otherwise, see the documentation for                        
                    'VSRC_LOC_FILES'.                                           
[13:42:50] VERBOSE  Logging subprocess to                           step.py:1338
                    'runs/RUN_2026-08-16_13-42-07/52-openroad-irdro             
                    preport/openroad-irdropreport.log'…                         
Reading timing models for corner nom_typ_3p30V_25C…                             
Reading timing library for the 'nom_typ_3p30V_25C' corner at                    
'/foss/designs/sg13g2_stdcell_hv/lib/sg13g2_stdcell_hv_typ_3p30V_25C.lib'…      
Reading OpenROAD database at                                                    
'/foss/designs/spi-slave-ihp/flow_hv/runs/RUN_2026-08-16_13-42-07/49-odb-cellfre
quencytables/spi_slave.odb'…                                                    
[13:42:50] WARNING  [ORD-2056] The following 12 liberty cell(s)  openroad.py:314
                    do not have LEF masters and will be marked                  
                    as dont-use:                                                
  sg13g2_hv_dfrbp_1                                                             
  sg13g2_hv_dfrbp_2                                                             
  sg13g2_hv_dfrbpq_1                                                            
  sg13g2_hv_dfrbpq_2                                                            
  sg13g2_hv_dlhq_1                                                              
  sg13g2_hv_dlhr_1                                                              
  sg13g2_hv_dllr_1                                                              
  sg13g2_hv_dllrq_1                                                             
  sg13g2_hv_sdfrbp_1                                                            
  sg13g2_hv_sdfrbp_2                                                            
  sg13g2_hv_sdfrbpq_1                                                           
  sg13g2_hv_sdfrbpq_2                                                           
Reading design constraints file at                                              
'/foss/designs/spi-slave-ihp/flow_hv/constraint.sdc'…                           
[INFO] No information on clock propagation in input SDC file-- propagating all  
clocks.                                                                         
[INFO] Using voltage extracted from lib (3.30V) for power nets and 0V for ground
nets…                                                                           
[13:42:51] VERBOSE  + analyze_power_grid -net VPWR              openroad.py:2272
                    -voltage_file                                               
                    /foss/designs/spi-slave-ihp/flow_hv/runs/RU                 
                    N_2026-08-16_13-42-07/52-openroad-irdroprep                 
                    ort/net-VPWR.csv                                            
                    [INFO PSM-0040] All shapes on net VPWR are                  
                    connected.                                                  
                    ########## IR report #################                      
                    Net              : VPWR                                     
                    Corner           : nom_typ_3p30V_25C                        
                    Total power      : 4.04e-08 W                               
                    Supply voltage   : 3.30e+00 V                               
                    Worstcase voltage: 3.30e+00 V                               
                    Average voltage  : 3.30e+00 V                               
                    Average IR drop  : 1.19e-12 V                               
                    Worstcase IR drop: 7.07e-12 V                               
                    Percentage drop  : 0.00 %                                   
                    ######################################                      
                    + analyze_power_grid -net VGND                              
                    -voltage_file                                               
                    /foss/designs/spi-slave-ihp/flow_hv/runs/RU                 
                    N_2026-08-16_13-42-07/52-openroad-irdroprep                 
                    ort/net-VGND.csv                                            
                    [INFO PSM-0040] All shapes on net VGND are                  
                    connected.                                                  
                    ########## IR report #################                      
                    Net              : VGND                                     
                    Corner           : nom_typ_3p30V_25C                        
                    Total power      : 4.04e-08 W                               
                    Supply voltage   : 0.00e+00 V                               
                    Worstcase voltage: 1.10e-11 V                               
                    Average voltage  : 1.47e-12 V                               
                    Average IR drop  : 1.47e-12 V                               
                    Worstcase IR drop: 1.10e-11 V                               
                    Percentage drop  : 0.00 %                                   
                    ######################################                      
                                                                                
─────────────────────────── GDSII Stream Out (Magic) ───────────────────────────
[13:42:51] VERBOSE  Running 'Magic.StreamOut' at                    step.py:1138
                    'runs/RUN_2026-08-16_13-42-07/53-magic-streamou             
                    t'…                                                         
[13:42:51] VERBOSE  Logging subprocess to                           step.py:1338
                    'runs/RUN_2026-08-16_13-42-07/53-magic-streamou             
                    t/magic-streamout.log'…                                     
                                                                                
Magic 8.3 revision 678 - Compiled on Mon Jul 27 03:07:22 PM CEST 2026.          
Starting magic under Tcl interpreter                                            
Using the terminal as the console.                                              
WARNING: RLIMIT_NOFILE is above 1024 and Tcl_Version<9 this may cause runtime   
issues [rlim_cur=1073741816]                                                    
Using NULL graphics device.                                                     
Processing system .magicrc file                                                 
Switching to WIRING tool.                                                       
Switching to NETLIST tool.                                                      
Switching to PICK tool.                                                         
Switching to BOX tool.                                                          
Sourcing design .magicrc for technology ihp-sg13g2 ...                          
2 Magic internal units = 1 Lambda                                               
Input style sg13g2(): scaleFactor=2, multiplier=2                               
The following types are not handled by extraction and will be treated as        
non-electrical types:                                                           
    pblock sealcont difffill nemitter hvnemitter hvisodiffres sealvia1 sealvia2 
sealvia3 sealvia4 sealvia5 sealvia6 pillar solder seal glass thruvia inductor   
Scaled tech values by 2 / 1 to match internal grid scaling                      
Loading ihp-sg13g2 Device Generator Menu ...                                    
Loading                                                                         
"/usr/local/lib/python3.12/dist-packages/librelane/scripts/magic/wrapper.tcl"   
from command line.                                                              
> gds read /foss/designs/sg13g2_stdcell_hv/gds/sg13g2_stdcell_hv.gds            
Warning: Calma reading is not undoable!  I hope that's OK.                      
Library written using GDS-II Release 6.0                                        
Library name: sg13g2_stdcell                                                    
Reading "sg13g2_hv_xor2_1".                                                     
Reading "sg13g2_hv_xnor2_1".                                                    
Reading "sg13g2_hv_slgcp_1".                                                    
Reading "sg13g2_hv_sdfbbp_1".                                                   
Reading "sg13g2_hv_or4_2".                                                      
Reading "sg13g2_hv_or4_1".                                                      
Reading "sg13g2_hv_or3_2".                                                      
Reading "sg13g2_hv_or3_1".                                                      
Reading "sg13g2_hv_or2_2".                                                      
Reading "sg13g2_hv_or2_1".                                                      
Reading "sg13g2_hv_o21ai_1".                                                    
Reading "sg13g2_hv_nor4_2".                                                     
Reading "sg13g2_hv_nor4_1".                                                     
Reading "sg13g2_hv_nor3_2".                                                     
Reading "sg13g2_hv_nor3_1".                                                     
Reading "sg13g2_hv_nor2b_2".                                                    
Reading "sg13g2_hv_nor2b_1".                                                    
Reading "sg13g2_hv_nor2_2".                                                     
Reading "sg13g2_hv_nor2_1".                                                     
Reading "sg13g2_hv_nand4_1".                                                    
Reading "sg13g2_hv_nand3b_1".                                                   
Reading "sg13g2_hv_nand3_1".                                                    
Reading "sg13g2_hv_nand2b_2".                                                   
Reading "sg13g2_hv_nand2b_1".                                                   
Reading "sg13g2_hv_nand2_2".                                                    
Reading "sg13g2_hv_nand2_1".                                                    
Reading "sg13g2_hv_mux4_1".                                                     
Reading "sg13g2_hv_mux2_2".                                                     
Reading "sg13g2_hv_mux2_1".                                                     
Reading "sg13g2_hv_inv_8".                                                      
Reading "sg13g2_hv_inv_4".                                                      
Reading "sg13g2_hv_inv_2".                                                      
Reading "sg13g2_hv_inv_16".                                                     
Reading "sg13g2_hv_inv_1".                                                      
Reading "sg13g2_hv_fill_8".                                                     
Reading "sg13g2_hv_fill_4".                                                     
Reading "sg13g2_hv_fill_2".                                                     
Reading "sg13g2_hv_fill_1".                                                     
Reading "sg13g2_hv_einvn_8".                                                    
Reading "sg13g2_hv_einvn_4".                                                    
Reading "sg13g2_hv_einvn_2".                                                    
Reading "sg13g2_hv_ebufn_4".                                                    
Reading "sg13g2_hv_dlygate4sd3_1".                                              
Reading "sg13g2_hv_dlygate4sd2_1".                                              
Reading "sg13g2_hv_dlygate4sd1_1".                                              
Reading "sg13g2_hv_dlhrq_1".                                                    
Reading "sg13g2_hv_decap_8".                                                    
Reading "sg13g2_hv_decap_4".                                                    
Reading "sg13g2_hv_buf_8".                                                      
Reading "sg13g2_hv_buf_4".                                                      
Reading "sg13g2_hv_buf_2".                                                      
Reading "sg13g2_hv_buf_16".                                                     
Reading "sg13g2_hv_buf_1".                                                      
Reading "sg13g2_hv_antennanp".                                                  
Reading "sg13g2_hv_and4_2".                                                     
Reading "sg13g2_hv_and4_1".                                                     
Reading "sg13g2_hv_and3_2".                                                     
Reading "sg13g2_hv_and3_1".                                                     
Reading "sg13g2_hv_and2_2".                                                     
Reading "sg13g2_hv_and2_1".                                                     
Reading "sg13g2_hv_a22oi_1".                                                    
Reading "sg13g2_hv_a221oi_1".                                                   
Reading "sg13g2_hv_a21oi_2".                                                    
Reading "sg13g2_hv_a21oi_1".                                                    
Reading "sg13g2_hv_a21o_2".                                                     
Reading "sg13g2_hv_a21o_1".                                                     
Reading "sg13g2_hv_tielo".                                                      
Reading "sg13g2_hv_tiehi".                                                      
> lef read /foss/designs/sg13g2_stdcell_hv/lef/sg13g2_stdcell_hv.lef            
Reading LEF data from file                                                      
/foss/designs/sg13g2_stdcell_hv/lef/sg13g2_stdcell_hv.lef.                      
This action cannot be undone.                                                   
LEF read: Processed 5629 lines.                                                 
> gds read /foss/pdks/ihp-sg13g2/libs.ref/sg13g2_io/gds/sg13g2_io.gds           
Warning: Calma reading is not undoable!  I hope that's OK.                      
Library written using GDS-II Release 5.0                                        
Library name: sg13g2_io                                                         
Reading "sg13g2_Corner".                                                        
Reading "sg13g2_Filler1000".                                                    
Reading "sg13g2_Filler10000".                                                   
Reading "sg13g2_Filler200".                                                     
Reading "sg13g2_Filler2000".                                                    
Reading "sg13g2_Filler400".                                                     
Reading "sg13g2_Filler4000".                                                    
Reading "sg13g2_Clamp_N20N0D".                                                  
CIF file read warning: CIF style sg13g2(): units rescaled by factor of 5 / 1    
Reading "sg13g2_Clamp_P20N0D".                                                  
Reading "sg13g2_DCNDiode".                                                      
Reading "sg13g2_DCPDiode".                                                      
Reading "sg13g2_SecondaryProtection".                                           
Reading "sg13g2_IOPadAnalog".                                                   
Reading "sg13g2_RCClampInverter".                                               
Reading "sg13g2_Clamp_N43N43D4R".                                               
Reading "sg13g2_RCClampResistor".                                               
Reading "sg13g2_IOPadIOVdd".                                                    
Reading "sg13g2_IOPadIOVss".                                                    
Reading "M2_M1_CDNS_777302434540".                                              
Saving contents of cell M2_M1_CDNS_777302434540                                 
Reading "M2_M1_CDNS_777302434541".                                              
Saving contents of cell M2_M1_CDNS_777302434541                                 
Reading "sg13g2_LevelDown".                                                     
Reading "sg13g2_IOPadIn".                                                       
Reading "sg13g2_Clamp_P15N15D".                                                 
Reading "sg13g2_io_inv_x1".                                                     
Reading "sg13g2_LevelUp".                                                       
Reading "sg13g2_io_nor2_x1".                                                    
Reading "sg13g2_io_tie".                                                        
Reading "sg13g2_io_nand2_x1".                                                   
Reading "sg13g2_GateDecode".                                                    
Reading "sg13g2_Clamp_N15N15D".                                                 
Reading "sg13g2_IOPadInOut30mA".                                                
Reading "sg13g2_Clamp_N8N8D".                                                   
Reading "sg13g2_Clamp_P8N8D".                                                   
Reading "sg13g2_IOPadInOut16mA".                                                
Reading "sg13g2_Clamp_N2N2D".                                                   
Reading "sg13g2_Clamp_P2N2D".                                                   
Reading "sg13g2_IOPadInOut4mA".                                                 
Reading "sg13g2_LevelUpInv".                                                    
Reading "sg13g2_GateLevelUpInv".                                                
Reading "sg13g2_IOPadOut16mA".                                                  
Reading "sg13g2_IOPadOut30mA".                                                  
Reading "sg13g2_IOPadOut4mA".                                                   
Reading "sg13g2_IOPadTriOut16mA".                                               
Reading "sg13g2_IOPadTriOut30mA".                                               
Reading "sg13g2_IOPadTriOut4mA".                                                
Reading "sg13g2_IOPadVdd".                                                      
Reading "sg13g2_IOPadVss".                                                      
> lef read /foss/pdks/ihp-sg13g2/libs.ref/sg13g2_io/lef/sg13g2_io.lef           
Reading LEF data from file                                                      
/foss/pdks/ihp-sg13g2/libs.ref/sg13g2_io/lef/sg13g2_io.lef.                     
This action cannot be undone.                                                   
LEF read: Processed 4552 lines.                                                 
Cell (NEWCELL) couldn't be read                                                 
No such file or directory                                                       
Creating new cell                                                               
> lef read /foss/pdks/ihp-sg13g2/libs.ref/sg13g2_stdcell/lef/sg13g2_tech.lef    
Reading LEF data from file                                                      
/foss/pdks/ihp-sg13g2/libs.ref/sg13g2_stdcell/lef/sg13g2_tech.lef.              
This action cannot be undone.                                                   
LEF read, Line 79 (Message): Unknown keyword "MAXIMUMDENSITY" in LEF file;      
ignoring.                                                                       
LEF read, Line 80 (Message): Unknown keyword "DENSITYCHECKSTEP" in LEF file;    
ignoring.                                                                       
LEF read, Line 81 (Message): Unknown keyword "DENSITYCHECKWINDOW" in LEF file;  
ignoring.                                                                       
LEF read, Line 87 (Message): Unknown keyword "MINIMUMCUT" in LEF file; ignoring.
LEF read, Line 91 (Message): Unknown keyword "ANTENNACUMAREARATIO" in LEF file; 
ignoring.                                                                       
LEF read, Line 92 (Message): Unknown keyword "ANTENNACUMDIFFAREARATIO" in LEF   
file; ignoring.                                                                 
LEF read, Line 121 (Message): Unknown keyword "MAXIMUMDENSITY" in LEF file;     
ignoring.                                                                       
LEF read, Line 122 (Message): Unknown keyword "DENSITYCHECKSTEP" in LEF file;   
ignoring.                                                                       
LEF read, Line 123 (Message): Unknown keyword "DENSITYCHECKWINDOW" in LEF file; 
ignoring.                                                                       
LEF read, Line 129 (Message): Unknown keyword "MINIMUMCUT" in LEF file;         
ignoring.                                                                       
LEF read, Line 134 (Message): Unknown keyword "ANTENNACUMAREARATIO" in LEF file;
ignoring.                                                                       
LEF read, Line 135 (Message): Unknown keyword "ANTENNACUMDIFFAREARATIO" in LEF  
file; ignoring.                                                                 
LEF read, Line 162 (Message): Unknown keyword "MAXIMUMDENSITY" in LEF file;     
ignoring.                                                                       
LEF read, Line 163 (Message): Unknown keyword "DENSITYCHECKSTEP" in LEF file;   
ignoring.                                                                       
LEF read, Line 164 (Message): Unknown keyword "DENSITYCHECKWINDOW" in LEF file; 
ignoring.                                                                       
LEF read, Line 170 (Message): Unknown keyword "MINIMUMCUT" in LEF file;         
ignoring.                                                                       
LEF read, Line 175 (Message): Unknown keyword "ANTENNACUMAREARATIO" in LEF file;
ignoring.                                                                       
LEF read, Line 176 (Message): Unknown keyword "ANTENNACUMDIFFAREARATIO" in LEF  
file; ignoring.                                                                 
LEF read, Line 204 (Message): Unknown keyword "MAXIMUMDENSITY" in LEF file;     
ignoring.                                                                       
LEF read, Line 205 (Message): Unknown keyword "DENSITYCHECKSTEP" in LEF file;   
ignoring.                                                                       
LEF read, Line 206 (Message): Unknown keyword "DENSITYCHECKWINDOW" in LEF file; 
ignoring.                                                                       
LEF read, Line 212 (Message): Unknown keyword "MINIMUMCUT" in LEF file;         
ignoring.                                                                       
LEF read, Line 217 (Message): Unknown keyword "ANTENNACUMAREARATIO" in LEF file;
ignoring.                                                                       
LEF read, Line 218 (Message): Unknown keyword "ANTENNACUMDIFFAREARATIO" in LEF  
file; ignoring.                                                                 
LEF read, Line 245 (Message): Unknown keyword "MAXIMUMDENSITY" in LEF file;     
ignoring.                                                                       
LEF read, Line 246 (Message): Unknown keyword "DENSITYCHECKSTEP" in LEF file;   
ignoring.                                                                       
LEF read, Line 247 (Message): Unknown keyword "DENSITYCHECKWINDOW" in LEF file; 
ignoring.                                                                       
LEF read, Line 253 (Message): Unknown keyword "MINIMUMCUT" in LEF file;         
ignoring.                                                                       
LEF read, Line 258 (Message): Unknown keyword "ANTENNACUMAREARATIO" in LEF file;
ignoring.                                                                       
LEF read, Line 259 (Message): Unknown keyword "ANTENNACUMDIFFAREARATIO" in LEF  
file; ignoring.                                                                 
LEF read, Line 285 (Message): Unknown keyword "MAXIMUMDENSITY" in LEF file;     
ignoring.                                                                       
LEF read, Line 286 (Message): Unknown keyword "DENSITYCHECKSTEP" in LEF file;   
ignoring.                                                                       
LEF read, Line 287 (Message): Unknown keyword "DENSITYCHECKWINDOW" in LEF file; 
ignoring.                                                                       
LEF read, Line 292 (Message): Unknown keyword "ANTENNACUMAREARATIO" in LEF file;
ignoring.                                                                       
LEF read, Line 293 (Message): Unknown keyword "ANTENNACUMDIFFAREARATIO" in LEF  
file; ignoring.                                                                 
LEF read, Line 319 (Message): Unknown keyword "MAXIMUMDENSITY" in LEF file;     
ignoring.                                                                       
LEF read, Line 320 (Message): Unknown keyword "DENSITYCHECKSTEP" in LEF file;   
ignoring.                                                                       
LEF read, Line 321 (Message): Unknown keyword "DENSITYCHECKWINDOW" in LEF file; 
ignoring.                                                                       
LEF read, Line 330 (Message): Unknown keyword "ANTENNACUMAREARATIO" in LEF file;
ignoring.                                                                       
LEF read, Line 331 (Message): Unknown keyword "ANTENNACUMDIFFAREARATIO" in LEF  
file; ignoring.                                                                 
LEF read: Processed 1200 lines.                                                 
> def read                                                                      
/foss/designs/spi-slave-ihp/flow_hv/runs/RUN_2026-08-16_13-42-07/49-odb-cellfreq
uencytables/spi_slave.def -noblockage                                           
Reading DEF data from file                                                      
/foss/designs/spi-slave-ihp/flow_hv/runs/RUN_2026-08-16_13-42-07/49-odb-cellfreq
uencytables/spi_slave.def.                                                      
This action cannot be undone.                                                   
  Processed 6 vias total.                                                       
  Processed 4009 subcell instances total.                                       
  Processed 32 pins total.                                                      
  Processed 2 special nets total.                                               
  Processed 736 nets total.                                                     
DEF read: Processed 18730 lines.                                                
   Copying output for cell sg13g2_hv_fill_8 from                                
/foss/designs/sg13g2_stdcell_hv/gds/sg13g2_stdcell_hv.gds                       
   Copying output for cell sg13g2_hv_fill_4 from                                
/foss/designs/sg13g2_stdcell_hv/gds/sg13g2_stdcell_hv.gds                       
   Copying output for cell sg13g2_hv_tiehi from                                 
/foss/designs/sg13g2_stdcell_hv/gds/sg13g2_stdcell_hv.gds                       
   Copying output for cell sg13g2_hv_fill_1 from                                
/foss/designs/sg13g2_stdcell_hv/gds/sg13g2_stdcell_hv.gds                       
   Copying output for cell sg13g2_hv_buf_1 from                                 
/foss/designs/sg13g2_stdcell_hv/gds/sg13g2_stdcell_hv.gds                       
   Copying output for cell sg13g2_hv_fill_2 from                                
/foss/designs/sg13g2_stdcell_hv/gds/sg13g2_stdcell_hv.gds                       
   Copying output for cell sg13g2_hv_tielo from                                 
/foss/designs/sg13g2_stdcell_hv/gds/sg13g2_stdcell_hv.gds                       
   Copying output for cell sg13g2_hv_sdfbbp_1 from                              
/foss/designs/sg13g2_stdcell_hv/gds/sg13g2_stdcell_hv.gds                       
   Copying output for cell sg13g2_hv_or4_1 from                                 
/foss/designs/sg13g2_stdcell_hv/gds/sg13g2_stdcell_hv.gds                       
   Copying output for cell sg13g2_hv_nand2_1 from                               
/foss/designs/sg13g2_stdcell_hv/gds/sg13g2_stdcell_hv.gds                       
   Copying output for cell sg13g2_hv_inv_1 from                                 
/foss/designs/sg13g2_stdcell_hv/gds/sg13g2_stdcell_hv.gds                       
   Copying output for cell sg13g2_hv_nor4_1 from                                
/foss/designs/sg13g2_stdcell_hv/gds/sg13g2_stdcell_hv.gds                       
   Copying output for cell sg13g2_hv_a22oi_1 from                               
/foss/designs/sg13g2_stdcell_hv/gds/sg13g2_stdcell_hv.gds                       
   Copying output for cell sg13g2_hv_nand3_1 from                               
/foss/designs/sg13g2_stdcell_hv/gds/sg13g2_stdcell_hv.gds                       
   Copying output for cell sg13g2_hv_a221oi_1 from                              
/foss/designs/sg13g2_stdcell_hv/gds/sg13g2_stdcell_hv.gds                       
   Copying output for cell sg13g2_hv_nor3_1 from                                
/foss/designs/sg13g2_stdcell_hv/gds/sg13g2_stdcell_hv.gds                       
   Copying output for cell sg13g2_hv_nand2b_1 from                              
/foss/designs/sg13g2_stdcell_hv/gds/sg13g2_stdcell_hv.gds                       
   Copying output for cell sg13g2_hv_or2_1 from                                 
/foss/designs/sg13g2_stdcell_hv/gds/sg13g2_stdcell_hv.gds                       
   Copying output for cell sg13g2_hv_nor2_1 from                                
/foss/designs/sg13g2_stdcell_hv/gds/sg13g2_stdcell_hv.gds                       
   Copying output for cell sg13g2_hv_o21ai_1 from                               
/foss/designs/sg13g2_stdcell_hv/gds/sg13g2_stdcell_hv.gds                       
   Copying output for cell sg13g2_hv_and2_1 from                                
/foss/designs/sg13g2_stdcell_hv/gds/sg13g2_stdcell_hv.gds                       
   Copying output for cell sg13g2_hv_a21o_1 from                                
/foss/designs/sg13g2_stdcell_hv/gds/sg13g2_stdcell_hv.gds                       
   Copying output for cell sg13g2_hv_a21oi_1 from                               
/foss/designs/sg13g2_stdcell_hv/gds/sg13g2_stdcell_hv.gds                       
   Copying output for cell sg13g2_hv_mux2_1 from                                
/foss/designs/sg13g2_stdcell_hv/gds/sg13g2_stdcell_hv.gds                       
   Copying output for cell sg13g2_hv_nand3b_1 from                              
/foss/designs/sg13g2_stdcell_hv/gds/sg13g2_stdcell_hv.gds                       
   Generating output for cell spi_slave                                         
[INFO] GDS Write Complete                                                       
────────────────────────── GDSII Stream Out (KLayout) ──────────────────────────
[13:43:21] VERBOSE  Running 'KLayout.StreamOut' at                  step.py:1138
                    'runs/RUN_2026-08-16_13-42-07/54-klayout-stream             
                    out'…                                                       
[13:43:21] VERBOSE  Logging subprocess to                           step.py:1338
                    'runs/RUN_2026-08-16_13-42-07/54-klayout-stream             
                    out/klayout-streamout.log'…                                 
[INFO] Clearing cells…                                                          
[INFO] Merging GDS files…                                                       
[INFO] Copying top level cell 'spi_slave'…                                      
[INFO] Checking for missing GDS…                                                
[INFO] All LEF cells have matching GDS cells.                                   
[INFO] Writing out GDS                                                          
'/foss/designs/spi-slave-ihp/flow_hv/runs/RUN_2026-08-16_13-42-07/54-klayout-str
eamout/spi_slave.klayout.gds'…                                                  
[INFO] Done.                                                                    
────────────────────────── Render Image (w/ KLayout) ───────────────────────────
[13:43:22] VERBOSE  Running 'KLayout.Render' at                     step.py:1138
                    'runs/RUN_2026-08-16_13-42-07/55-klayout-render             
                    '…                                                          
[13:43:22] VERBOSE  Logging subprocess to                           step.py:1338
                    'runs/RUN_2026-08-16_13-42-07/55-klayout-render             
                    /klayout-render.log'…                                       
─────────────────── Magic vs. KLayout XOR Difference Checker ───────────────────
[13:43:22] VERBOSE  Running 'Checker.XOR' at                        step.py:1138
                    'runs/RUN_2026-08-16_13-42-07/56-checker-xor'…              
[13:43:22] WARNING  The XOR differences metric was not found. Are checker.py:133
                    you sure the relevant step was run?                         
────────────────────────── Magic Design Rule Checker ───────────────────────────
[13:43:22] VERBOSE  Running 'Checker.MagicDRC' at                   step.py:1138
                    'runs/RUN_2026-08-16_13-42-07/57-checker-magicd             
                    rc'…                                                        
[13:43:22] WARNING  The Magic DRC errors metric was not found.    checker.py:133
                    Are you sure the relevant step was run?                     
───────────────────────── KLayout Design Rule Checker ──────────────────────────
[13:43:22] VERBOSE  Running 'Checker.KLayoutDRC' at                 step.py:1138
                    'runs/RUN_2026-08-16_13-42-07/58-checker-klayou             
                    tdrc'…                                                      
[13:43:22] WARNING  The KLayout DRC errors metric was not found.  checker.py:133
                    Are you sure the relevant step was run?                     
──────────────────────────── SPICE Model Extraction ────────────────────────────
[13:43:22] VERBOSE  Running 'Magic.SpiceExtraction' at              step.py:1138
                    'runs/RUN_2026-08-16_13-42-07/59-magic-spiceext             
                    raction'…                                                   
[13:43:22] VERBOSE  Logging subprocess to                           step.py:1338
                    'runs/RUN_2026-08-16_13-42-07/59-magic-spiceext             
                    raction/magic-spiceextraction.log'…                         
                                                                                
Magic 8.3 revision 678 - Compiled on Mon Jul 27 03:07:22 PM CEST 2026.          
Starting magic under Tcl interpreter                                            
Using the terminal as the console.                                              
WARNING: RLIMIT_NOFILE is above 1024 and Tcl_Version<9 this may cause runtime   
issues [rlim_cur=1073741816]                                                    
Using NULL graphics device.                                                     
Processing system .magicrc file                                                 
Switching to WIRING tool.                                                       
Switching to NETLIST tool.                                                      
Switching to PICK tool.                                                         
Switching to BOX tool.                                                          
Sourcing design .magicrc for technology ihp-sg13g2 ...                          
2 Magic internal units = 1 Lambda                                               
Input style sg13g2(): scaleFactor=2, multiplier=2                               
The following types are not handled by extraction and will be treated as        
non-electrical types:                                                           
    pblock sealcont difffill nemitter hvnemitter hvisodiffres sealvia1 sealvia2 
sealvia3 sealvia4 sealvia5 sealvia6 pillar solder seal glass thruvia inductor   
Scaled tech values by 2 / 1 to match internal grid scaling                      
Loading ihp-sg13g2 Device Generator Menu ...                                    
Loading                                                                         
"/usr/local/lib/python3.12/dist-packages/librelane/scripts/magic/wrapper.tcl"   
from command line.                                                              
> lef read /foss/pdks/ihp-sg13g2/libs.ref/sg13g2_stdcell/lef/sg13g2_tech.lef    
Reading LEF data from file                                                      
/foss/pdks/ihp-sg13g2/libs.ref/sg13g2_stdcell/lef/sg13g2_tech.lef.              
This action cannot be undone.                                                   
LEF read, Line 79 (Message): Unknown keyword "MAXIMUMDENSITY" in LEF file;      
ignoring.                                                                       
LEF read, Line 80 (Message): Unknown keyword "DENSITYCHECKSTEP" in LEF file;    
ignoring.                                                                       
LEF read, Line 81 (Message): Unknown keyword "DENSITYCHECKWINDOW" in LEF file;  
ignoring.                                                                       
LEF read, Line 87 (Message): Unknown keyword "MINIMUMCUT" in LEF file; ignoring.
LEF read, Line 91 (Message): Unknown keyword "ANTENNACUMAREARATIO" in LEF file; 
ignoring.                                                                       
LEF read, Line 92 (Message): Unknown keyword "ANTENNACUMDIFFAREARATIO" in LEF   
file; ignoring.                                                                 
LEF read, Line 121 (Message): Unknown keyword "MAXIMUMDENSITY" in LEF file;     
ignoring.                                                                       
LEF read, Line 122 (Message): Unknown keyword "DENSITYCHECKSTEP" in LEF file;   
ignoring.                                                                       
LEF read, Line 123 (Message): Unknown keyword "DENSITYCHECKWINDOW" in LEF file; 
ignoring.                                                                       
LEF read, Line 129 (Message): Unknown keyword "MINIMUMCUT" in LEF file;         
ignoring.                                                                       
LEF read, Line 134 (Message): Unknown keyword "ANTENNACUMAREARATIO" in LEF file;
ignoring.                                                                       
LEF read, Line 135 (Message): Unknown keyword "ANTENNACUMDIFFAREARATIO" in LEF  
file; ignoring.                                                                 
LEF read, Line 162 (Message): Unknown keyword "MAXIMUMDENSITY" in LEF file;     
ignoring.                                                                       
LEF read, Line 163 (Message): Unknown keyword "DENSITYCHECKSTEP" in LEF file;   
ignoring.                                                                       
LEF read, Line 164 (Message): Unknown keyword "DENSITYCHECKWINDOW" in LEF file; 
ignoring.                                                                       
LEF read, Line 170 (Message): Unknown keyword "MINIMUMCUT" in LEF file;         
ignoring.                                                                       
LEF read, Line 175 (Message): Unknown keyword "ANTENNACUMAREARATIO" in LEF file;
ignoring.                                                                       
LEF read, Line 176 (Message): Unknown keyword "ANTENNACUMDIFFAREARATIO" in LEF  
file; ignoring.                                                                 
LEF read, Line 204 (Message): Unknown keyword "MAXIMUMDENSITY" in LEF file;     
ignoring.                                                                       
LEF read, Line 205 (Message): Unknown keyword "DENSITYCHECKSTEP" in LEF file;   
ignoring.                                                                       
LEF read, Line 206 (Message): Unknown keyword "DENSITYCHECKWINDOW" in LEF file; 
ignoring.                                                                       
LEF read, Line 212 (Message): Unknown keyword "MINIMUMCUT" in LEF file;         
ignoring.                                                                       
LEF read, Line 217 (Message): Unknown keyword "ANTENNACUMAREARATIO" in LEF file;
ignoring.                                                                       
LEF read, Line 218 (Message): Unknown keyword "ANTENNACUMDIFFAREARATIO" in LEF  
file; ignoring.                                                                 
LEF read, Line 245 (Message): Unknown keyword "MAXIMUMDENSITY" in LEF file;     
ignoring.                                                                       
LEF read, Line 246 (Message): Unknown keyword "DENSITYCHECKSTEP" in LEF file;   
ignoring.                                                                       
LEF read, Line 247 (Message): Unknown keyword "DENSITYCHECKWINDOW" in LEF file; 
ignoring.                                                                       
LEF read, Line 253 (Message): Unknown keyword "MINIMUMCUT" in LEF file;         
ignoring.                                                                       
LEF read, Line 258 (Message): Unknown keyword "ANTENNACUMAREARATIO" in LEF file;
ignoring.                                                                       
LEF read, Line 259 (Message): Unknown keyword "ANTENNACUMDIFFAREARATIO" in LEF  
file; ignoring.                                                                 
LEF read, Line 285 (Message): Unknown keyword "MAXIMUMDENSITY" in LEF file;     
ignoring.                                                                       
LEF read, Line 286 (Message): Unknown keyword "DENSITYCHECKSTEP" in LEF file;   
ignoring.                                                                       
LEF read, Line 287 (Message): Unknown keyword "DENSITYCHECKWINDOW" in LEF file; 
ignoring.                                                                       
LEF read, Line 292 (Message): Unknown keyword "ANTENNACUMAREARATIO" in LEF file;
ignoring.                                                                       
LEF read, Line 293 (Message): Unknown keyword "ANTENNACUMDIFFAREARATIO" in LEF  
file; ignoring.                                                                 
LEF read, Line 319 (Message): Unknown keyword "MAXIMUMDENSITY" in LEF file;     
ignoring.                                                                       
LEF read, Line 320 (Message): Unknown keyword "DENSITYCHECKSTEP" in LEF file;   
ignoring.                                                                       
LEF read, Line 321 (Message): Unknown keyword "DENSITYCHECKWINDOW" in LEF file; 
ignoring.                                                                       
LEF read, Line 330 (Message): Unknown keyword "ANTENNACUMAREARATIO" in LEF file;
ignoring.                                                                       
LEF read, Line 331 (Message): Unknown keyword "ANTENNACUMDIFFAREARATIO" in LEF  
file; ignoring.                                                                 
LEF read: Processed 1200 lines.                                                 
> lef read /foss/designs/sg13g2_stdcell_hv/lef/sg13g2_stdcell_hv.lef            
Reading LEF data from file                                                      
/foss/designs/sg13g2_stdcell_hv/lef/sg13g2_stdcell_hv.lef.                      
This action cannot be undone.                                                   
LEF read: Processed 5629 lines.                                                 
> lef read /foss/pdks/ihp-sg13g2/libs.ref/sg13g2_io/lef/sg13g2_io.lef           
Reading LEF data from file                                                      
/foss/pdks/ihp-sg13g2/libs.ref/sg13g2_io/lef/sg13g2_io.lef.                     
This action cannot be undone.                                                   
LEF read: Processed 4552 lines.                                                 
> def read                                                                      
/foss/designs/spi-slave-ihp/flow_hv/runs/RUN_2026-08-16_13-42-07/49-odb-cellfreq
uencytables/spi_slave.def -noblockage                                           
Reading DEF data from file                                                      
/foss/designs/spi-slave-ihp/flow_hv/runs/RUN_2026-08-16_13-42-07/49-odb-cellfreq
uencytables/spi_slave.def.                                                      
This action cannot be undone.                                                   
  Processed 6 vias total.                                                       
  Processed 4009 subcell instances total.                                       
  Processed 32 pins total.                                                      
  Processed 2 special nets total.                                               
  Processed 736 nets total.                                                     
DEF read: Processed 18730 lines.                                                
> spice read /foss/designs/sg13g2_stdcell_hv/spice/sg13g2_stdcell_hv.spice      
Annotating port orders from                                                     
/foss/designs/sg13g2_stdcell_hv/spice/sg13g2_stdcell_hv.spice                   
Annotating cell sg13g2_hv_a21o_1                                                
Cell sg13g2_hv_a21o_1 port order was modified.                                  
Annotating cell sg13g2_hv_a21o_2                                                
Cell sg13g2_hv_a21o_2 port order was modified.                                  
Annotating cell sg13g2_hv_a21oi_1                                               
Cell sg13g2_hv_a21oi_1 port order was modified.                                 
Annotating cell sg13g2_hv_a21oi_2                                               
Cell sg13g2_hv_a21oi_2 port order was modified.                                 
Annotating cell sg13g2_hv_a221oi_1                                              
Cell sg13g2_hv_a221oi_1 port order was modified.                                
Annotating cell sg13g2_hv_and2_1                                                
Cell sg13g2_hv_and2_1 port order was modified.                                  
Annotating cell sg13g2_hv_and2_2                                                
Cell sg13g2_hv_and2_2 port order was modified.                                  
Annotating cell sg13g2_hv_and3_1                                                
Cell sg13g2_hv_and3_1 port order was modified.                                  
Annotating cell sg13g2_hv_and3_2                                                
Cell sg13g2_hv_and3_2 port order was modified.                                  
Annotating cell sg13g2_hv_and4_1                                                
Cell sg13g2_hv_and4_1 port order was modified.                                  
Annotating cell sg13g2_hv_and4_2                                                
Cell sg13g2_hv_and4_2 port order was modified.                                  
Annotating cell sg13g2_hv_antennanp                                             
Cell sg13g2_hv_antennanp port order was modified.                               
Annotating cell sg13g2_hv_buf_1                                                 
Cell sg13g2_hv_buf_1 port order was modified.                                   
Annotating cell sg13g2_hv_buf_16                                                
Cell sg13g2_hv_buf_16 port order was modified.                                  
Annotating cell sg13g2_hv_buf_2                                                 
Cell sg13g2_hv_buf_2 port order was modified.                                   
Annotating cell sg13g2_hv_buf_4                                                 
Cell sg13g2_hv_buf_4 port order was modified.                                   
Annotating cell sg13g2_hv_buf_8                                                 
Cell sg13g2_hv_buf_8 port order was modified.                                   
Annotating cell sg13g2_hv_decap_4                                               
Cell sg13g2_hv_decap_4 port order was modified.                                 
Annotating cell sg13g2_hv_decap_8                                               
Cell sg13g2_hv_decap_8 port order was modified.                                 
Cell sg13g2_hv_dfrbp_1 in netlist has not been loaded.                          
Cell sg13g2_hv_dfrbp_2 in netlist has not been loaded.                          
Cell sg13g2_hv_dlhq_1 in netlist has not been loaded.                           
Cell sg13g2_hv_dlhr_1 in netlist has not been loaded.                           
Annotating cell sg13g2_hv_dlhrq_1                                               
Cell sg13g2_hv_dlhrq_1 port order was modified.                                 
Cell sg13g2_hv_dllr_1 in netlist has not been loaded.                           
Cell sg13g2_hv_dllrq_1 in netlist has not been loaded.                          
Annotating cell sg13g2_hv_dlygate4sd1_1                                         
Cell sg13g2_hv_dlygate4sd1_1 port order was modified.                           
Annotating cell sg13g2_hv_dlygate4sd2_1                                         
Cell sg13g2_hv_dlygate4sd2_1 port order was modified.                           
Annotating cell sg13g2_hv_dlygate4sd3_1                                         
Cell sg13g2_hv_dlygate4sd3_1 port order was modified.                           
Cell sg13g2_hv_ebufn_2 in netlist has not been loaded.                          
Annotating cell sg13g2_hv_ebufn_4                                               
Cell sg13g2_hv_ebufn_4 port order was modified.                                 
Cell sg13g2_hv_ebufn_8 in netlist has not been loaded.                          
Annotating cell sg13g2_hv_einvn_2                                               
Cell sg13g2_hv_einvn_2 port order was modified.                                 
Annotating cell sg13g2_hv_einvn_4                                               
Cell sg13g2_hv_einvn_4 port order was modified.                                 
Annotating cell sg13g2_hv_einvn_8                                               
Cell sg13g2_hv_einvn_8 port order was modified.                                 
Annotating cell sg13g2_hv_inv_1                                                 
Cell sg13g2_hv_inv_1 port order was modified.                                   
Annotating cell sg13g2_hv_inv_16                                                
Cell sg13g2_hv_inv_16 port order was modified.                                  
Annotating cell sg13g2_hv_inv_2                                                 
Cell sg13g2_hv_inv_2 port order was modified.                                   
Annotating cell sg13g2_hv_inv_4                                                 
Cell sg13g2_hv_inv_4 port order was modified.                                   
Annotating cell sg13g2_hv_inv_8                                                 
Cell sg13g2_hv_inv_8 port order was modified.                                   
Cell sg13g2_hv_lgcp_1 in netlist has not been loaded.                           
Annotating cell sg13g2_hv_mux2_1                                                
Cell sg13g2_hv_mux2_1 port order was modified.                                  
Annotating cell sg13g2_hv_mux2_2                                                
Cell sg13g2_hv_mux2_2 port order was modified.                                  
Annotating cell sg13g2_hv_mux4_1                                                
Cell sg13g2_hv_mux4_1 port order was modified.                                  
Annotating cell sg13g2_hv_nand2_1                                               
Cell sg13g2_hv_nand2_1 port order was modified.                                 
Annotating cell sg13g2_hv_nand2_2                                               
Cell sg13g2_hv_nand2_2 port order was modified.                                 
Annotating cell sg13g2_hv_nand2b_1                                              
Cell sg13g2_hv_nand2b_1 port order was modified.                                
Annotating cell sg13g2_hv_nand2b_2                                              
Cell sg13g2_hv_nand2b_2 port order was modified.                                
Annotating cell sg13g2_hv_nand3_1                                               
Cell sg13g2_hv_nand3_1 port order was modified.                                 
Annotating cell sg13g2_hv_nand3b_1                                              
Cell sg13g2_hv_nand3b_1 port order was modified.                                
Annotating cell sg13g2_hv_nand4_1                                               
Cell sg13g2_hv_nand4_1 port order was modified.                                 
Annotating cell sg13g2_hv_nor2_1                                                
Cell sg13g2_hv_nor2_1 port order was modified.                                  
Annotating cell sg13g2_hv_nor2_2                                                
Cell sg13g2_hv_nor2_2 port order was modified.                                  
Annotating cell sg13g2_hv_nor2b_1                                               
Cell sg13g2_hv_nor2b_1 port order was modified.                                 
Annotating cell sg13g2_hv_nor2b_2                                               
Cell sg13g2_hv_nor2b_2 port order was modified.                                 
Annotating cell sg13g2_hv_nor3_1                                                
Cell sg13g2_hv_nor3_1 port order was modified.                                  
Annotating cell sg13g2_hv_nor3_2                                                
Cell sg13g2_hv_nor3_2 port order was modified.                                  
Annotating cell sg13g2_hv_nor4_1                                                
Cell sg13g2_hv_nor4_1 port order was modified.                                  
Annotating cell sg13g2_hv_nor4_2                                                
Cell sg13g2_hv_nor4_2 port order was modified.                                  
Annotating cell sg13g2_hv_o21ai_1                                               
Cell sg13g2_hv_o21ai_1 port order was modified.                                 
Annotating cell sg13g2_hv_or2_1                                                 
Cell sg13g2_hv_or2_1 port order was modified.                                   
Annotating cell sg13g2_hv_or2_2                                                 
Cell sg13g2_hv_or2_2 port order was modified.                                   
Annotating cell sg13g2_hv_or3_1                                                 
Cell sg13g2_hv_or3_1 port order was modified.                                   
Annotating cell sg13g2_hv_or3_2                                                 
Cell sg13g2_hv_or3_2 port order was modified.                                   
Annotating cell sg13g2_hv_or4_1                                                 
Cell sg13g2_hv_or4_1 port order was modified.                                   
Annotating cell sg13g2_hv_or4_2                                                 
Cell sg13g2_hv_or4_2 port order was modified.                                   
Annotating cell sg13g2_hv_sdfbbp_1                                              
Cell sg13g2_hv_sdfbbp_1 port order was modified.                                
Cell sg13g2_hv_sighold in netlist has not been loaded.                          
Annotating cell sg13g2_hv_slgcp_1                                               
Cell sg13g2_hv_slgcp_1 port order was modified.                                 
Annotating cell sg13g2_hv_xnor2_1                                               
Cell sg13g2_hv_xnor2_1 port order was modified.                                 
Annotating cell sg13g2_hv_xor2_1                                                
Cell sg13g2_hv_xor2_1 port order was modified.                                  
Annotating cell sg13g2_hv_a22oi_1                                               
Cell sg13g2_hv_a22oi_1 port order was modified.                                 
Cell sg13g2_hv_sdfrbpq_1 in netlist has not been loaded.                        
Cell sg13g2_hv_sdfrbpq_2 in netlist has not been loaded.                        
Cell sg13g2_hv_sdfrbp_2 in netlist has not been loaded.                         
Cell sg13g2_hv_sdfrbp_1 in netlist has not been loaded.                         
Cell sg13g2_hv_dfrbpq_2 in netlist has not been loaded.                         
Cell sg13g2_hv_dfrbpq_1 in netlist has not been loaded.                         
Annotating cell sg13g2_hv_fill_1                                                
Cell sg13g2_hv_fill_1 port order was modified.                                  
Annotating cell sg13g2_hv_fill_2                                                
Cell sg13g2_hv_fill_2 port order was modified.                                  
Annotating cell sg13g2_hv_fill_4                                                
Cell sg13g2_hv_fill_4 port order was modified.                                  
Annotating cell sg13g2_hv_fill_8                                                
Cell sg13g2_hv_fill_8 port order was modified.                                  
Annotating cell sg13g2_hv_tielo                                                 
Cell sg13g2_hv_tielo port order was modified.                                   
Annotating cell sg13g2_hv_tiehi                                                 
Cell sg13g2_hv_tiehi port order was modified.                                   
Warning:  Extract option "do unique" disabled because "extract unique" was run. 
Processing spi_slave                                                            
Extracting sg13g2_hv_tielo into sg13g2_hv_tielo.ext:                            
Extracting sg13g2_hv_buf_1 into sg13g2_hv_buf_1.ext:                            
Extracting sg13g2_hv_tiehi into sg13g2_hv_tiehi.ext:                            
Extracting sg13g2_hv_sdfbbp_1 into sg13g2_hv_sdfbbp_1.ext:                      
Extracting sg13g2_hv_nand2_1 into sg13g2_hv_nand2_1.ext:                        
Extracting sg13g2_hv_inv_1 into sg13g2_hv_inv_1.ext:                            
Extracting sg13g2_hv_nand2b_1 into sg13g2_hv_nand2b_1.ext:                      
Extracting sg13g2_hv_o21ai_1 into sg13g2_hv_o21ai_1.ext:                        
Extracting sg13g2_hv_or4_1 into sg13g2_hv_or4_1.ext:                            
Extracting sg13g2_hv_nand3b_1 into sg13g2_hv_nand3b_1.ext:                      
Extracting sg13g2_hv_a221oi_1 into sg13g2_hv_a221oi_1.ext:                      
Extracting sg13g2_hv_a21oi_1 into sg13g2_hv_a21oi_1.ext:                        
Extracting sg13g2_hv_and2_1 into sg13g2_hv_and2_1.ext:                          
Extracting sg13g2_hv_nor3_1 into sg13g2_hv_nor3_1.ext:                          
Extracting sg13g2_hv_a21o_1 into sg13g2_hv_a21o_1.ext:                          
Extracting sg13g2_hv_nand3_1 into sg13g2_hv_nand3_1.ext:                        
Extracting sg13g2_hv_nor4_1 into sg13g2_hv_nor4_1.ext:                          
Extracting sg13g2_hv_a22oi_1 into sg13g2_hv_a22oi_1.ext:                        
Extracting sg13g2_hv_nor2_1 into sg13g2_hv_nor2_1.ext:                          
Extracting sg13g2_hv_or2_1 into sg13g2_hv_or2_1.ext:                            
Extracting sg13g2_hv_mux2_1 into sg13g2_hv_mux2_1.ext:                          
Extracting sg13g2_hv_fill_8 into sg13g2_hv_fill_8.ext:                          
Extracting sg13g2_hv_fill_1 into sg13g2_hv_fill_1.ext:                          
Extracting sg13g2_hv_fill_2 into sg13g2_hv_fill_2.ext:                          
Extracting sg13g2_hv_fill_4 into sg13g2_hv_fill_4.ext:                          
Extracting spi_slave into spi_slave.ext:                                        
exttospice finished.                                                            
────────────────────────────────── Netgen LVS ──────────────────────────────────
[13:43:24] VERBOSE  Running 'Netgen.LVS' at                         step.py:1138
                    'runs/RUN_2026-08-16_13-42-07/60-netgen-lvs'…               
[13:43:24] VERBOSE  Logging subprocess to                           step.py:1338
                    'runs/RUN_2026-08-16_13-42-07/60-netgen-lvs/net             
                    gen-lvs.log'…                                               
Netgen 1.5.323 compiled on Mon Jul 27 09:16:59 AM CEST 2026                     
Warning: netgen command 'format' use fully-qualified name '::netgen::format'    
Warning: netgen command 'global' use fully-qualified name '::netgen::global'    
Warning:  A case-insensitive file has been read and so the      verilog file    
must be treated case-insensitive to match.                                      
Reading SPICE netlist file                                                      
'/foss/designs/sg13g2_stdcell_hv/spice/sg13g2_stdcell_hv.spice'...              
Call to undefined subcircuit sg13_hv_nmos                                       
Creating placeholder cell definition.                                           
Call to undefined subcircuit sg13_hv_pmos                                       
Creating placeholder cell definition.                                           
Call to undefined subcircuit dantenna                                           
Creating placeholder cell definition.                                           
Call to undefined subcircuit dpantenna                                          
Creating placeholder cell definition.                                           
Reading SPICE netlist file                                                      
'/foss/pdks/ihp-sg13g2/libs.ref/sg13g2_io/spice/sg13g2_io.spi'...               
Call to undefined subcircuit ptap1                                              
Creating placeholder cell definition.                                           
Call to undefined subcircuit rppd                                               
Creating placeholder cell definition.                                           
Call to undefined subcircuit sg13_lv_nmos                                       
Creating placeholder cell definition.                                           
Call to undefined subcircuit sg13_lv_pmos                                       
Creating placeholder cell definition.                                           
Reading Verilog netlist file                                                    
'/foss/designs/spi-slave-ihp/flow_hv/runs/RUN_2026-08-16_13-42-07/48-openroad-fi
llinsertion/spi_slave.pnl.v'...                                                 
Warning:  A case-insensitive file has been read and so the      verilog file    
must be treated case-insensitive to match.                                      
Note:  Implicit pin Q_N in instance _0939_ of sg13g2_hv_sdfbbp_1 in cell        
spi_slave                                                                       
Note:  Implicit pin Q_N in instance _0940_ of sg13g2_hv_sdfbbp_1 in cell        
spi_slave                                                                       
Note:  Implicit pin Q_N in instance _0941_ of sg13g2_hv_sdfbbp_1 in cell        
spi_slave                                                                       
Note:  Implicit pin Q_N in instance _0942_ of sg13g2_hv_sdfbbp_1 in cell        
spi_slave                                                                       
Note:  Implicit pin Q_N in instance _0943_ of sg13g2_hv_sdfbbp_1 in cell        
spi_slave                                                                       
Note:  Implicit pin Q_N in instance _0944_ of sg13g2_hv_sdfbbp_1 in cell        
spi_slave                                                                       
Note:  Implicit pin Q_N in instance _0945_ of sg13g2_hv_sdfbbp_1 in cell        
spi_slave                                                                       
Note:  Implicit pin Q_N in instance _0946_ of sg13g2_hv_sdfbbp_1 in cell        
spi_slave                                                                       
Note:  Implicit pin Q_N in instance _0947_ of sg13g2_hv_sdfbbp_1 in cell        
spi_slave                                                                       
Note:  Implicit pin Q_N in instance _0948_ of sg13g2_hv_sdfbbp_1 in cell        
spi_slave                                                                       
Note:  Implicit pin Q_N in instance _0949_ of sg13g2_hv_sdfbbp_1 in cell        
spi_slave                                                                       
Note:  Implicit pin Q_N in instance _0950_ of sg13g2_hv_sdfbbp_1 in cell        
spi_slave                                                                       
Note:  Implicit pin Q_N in instance _0951_ of sg13g2_hv_sdfbbp_1 in cell        
spi_slave                                                                       
Note:  Implicit pin Q_N in instance _0952_ of sg13g2_hv_sdfbbp_1 in cell        
spi_slave                                                                       
Note:  Implicit pin Q_N in instance _0953_ of sg13g2_hv_sdfbbp_1 in cell        
spi_slave                                                                       
Note:  Implicit pin Q_N in instance _0954_ of sg13g2_hv_sdfbbp_1 in cell        
spi_slave                                                                       
Note:  Implicit pin Q_N in instance _0955_ of sg13g2_hv_sdfbbp_1 in cell        
spi_slave                                                                       
Note:  Implicit pin Q_N in instance _0956_ of sg13g2_hv_sdfbbp_1 in cell        
spi_slave                                                                       
Note:  Implicit pin Q_N in instance _0957_ of sg13g2_hv_sdfbbp_1 in cell        
spi_slave                                                                       
Note:  Implicit pin Q_N in instance _0958_ of sg13g2_hv_sdfbbp_1 in cell        
spi_slave                                                                       
Note:  Implicit pin Q_N in instance _0959_ of sg13g2_hv_sdfbbp_1 in cell        
spi_slave                                                                       
Note:  Implicit pin Q_N in instance _0960_ of sg13g2_hv_sdfbbp_1 in cell        
spi_slave                                                                       
Note:  Implicit pin Q_N in instance _0961_ of sg13g2_hv_sdfbbp_1 in cell        
spi_slave                                                                       
Note:  Implicit pin Q_N in instance _0962_ of sg13g2_hv_sdfbbp_1 in cell        
spi_slave                                                                       
Note:  Implicit pin Q_N in instance _0963_ of sg13g2_hv_sdfbbp_1 in cell        
spi_slave                                                                       
Note:  Implicit pin Q_N in instance _0964_ of sg13g2_hv_sdfbbp_1 in cell        
spi_slave                                                                       
Note:  Implicit pin Q_N in instance _0965_ of sg13g2_hv_sdfbbp_1 in cell        
spi_slave                                                                       
Note:  Implicit pin Q_N in instance _0966_ of sg13g2_hv_sdfbbp_1 in cell        
spi_slave                                                                       
Note:  Implicit pin Q_N in instance _0967_ of sg13g2_hv_sdfbbp_1 in cell        
spi_slave                                                                       
Note:  Implicit pin Q_N in instance _0968_ of sg13g2_hv_sdfbbp_1 in cell        
spi_slave                                                                       
Note:  Implicit pin Q_N in instance _0969_ of sg13g2_hv_sdfbbp_1 in cell        
spi_slave                                                                       
Note:  Implicit pin Q_N in instance _0970_ of sg13g2_hv_sdfbbp_1 in cell        
spi_slave                                                                       
Note:  Implicit pin Q_N in instance _0971_ of sg13g2_hv_sdfbbp_1 in cell        
spi_slave                                                                       
Note:  Implicit pin Q_N in instance _0972_ of sg13g2_hv_sdfbbp_1 in cell        
spi_slave                                                                       
Note:  Implicit pin Q_N in instance _0973_ of sg13g2_hv_sdfbbp_1 in cell        
spi_slave                                                                       
Note:  Implicit pin Q_N in instance _0974_ of sg13g2_hv_sdfbbp_1 in cell        
spi_slave                                                                       
Note:  Implicit pin Q_N in instance _0975_ of sg13g2_hv_sdfbbp_1 in cell        
spi_slave                                                                       
Note:  Implicit pin Q_N in instance _0976_ of sg13g2_hv_sdfbbp_1 in cell        
spi_slave                                                                       
Note:  Implicit pin Q_N in instance _0977_ of sg13g2_hv_sdfbbp_1 in cell        
spi_slave                                                                       
Note:  Implicit pin Q_N in instance _0978_ of sg13g2_hv_sdfbbp_1 in cell        
spi_slave                                                                       
Note:  Implicit pin Q_N in instance _0979_ of sg13g2_hv_sdfbbp_1 in cell        
spi_slave                                                                       
Note:  Implicit pin Q_N in instance _0980_ of sg13g2_hv_sdfbbp_1 in cell        
spi_slave                                                                       
Note:  Implicit pin Q_N in instance _0981_ of sg13g2_hv_sdfbbp_1 in cell        
spi_slave                                                                       
Note:  Implicit pin Q_N in instance _0982_ of sg13g2_hv_sdfbbp_1 in cell        
spi_slave                                                                       
Note:  Implicit pin Q_N in instance _0983_ of sg13g2_hv_sdfbbp_1 in cell        
spi_slave                                                                       
Note:  Implicit pin Q_N in instance _0984_ of sg13g2_hv_sdfbbp_1 in cell        
spi_slave                                                                       
Note:  Implicit pin Q_N in instance _0985_ of sg13g2_hv_sdfbbp_1 in cell        
spi_slave                                                                       
Note:  Implicit pin Q_N in instance _0986_ of sg13g2_hv_sdfbbp_1 in cell        
spi_slave                                                                       
Note:  Implicit pin Q_N in instance _0987_ of sg13g2_hv_sdfbbp_1 in cell        
spi_slave                                                                       
Note:  Implicit pin Q_N in instance _0988_ of sg13g2_hv_sdfbbp_1 in cell        
spi_slave                                                                       
Note:  Implicit pin Q_N in instance _0989_ of sg13g2_hv_sdfbbp_1 in cell        
spi_slave                                                                       
Note:  Implicit pin Q_N in instance _0990_ of sg13g2_hv_sdfbbp_1 in cell        
spi_slave                                                                       
Note:  Implicit pin Q_N in instance _0991_ of sg13g2_hv_sdfbbp_1 in cell        
spi_slave                                                                       
Note:  Implicit pin Q_N in instance _0992_ of sg13g2_hv_sdfbbp_1 in cell        
spi_slave                                                                       
Note:  Implicit pin Q_N in instance _0993_ of sg13g2_hv_sdfbbp_1 in cell        
spi_slave                                                                       
Note:  Implicit pin Q_N in instance _0994_ of sg13g2_hv_sdfbbp_1 in cell        
spi_slave                                                                       
Note:  Implicit pin Q_N in instance _0995_ of sg13g2_hv_sdfbbp_1 in cell        
spi_slave                                                                       
Note:  Implicit pin Q_N in instance _0996_ of sg13g2_hv_sdfbbp_1 in cell        
spi_slave                                                                       
Note:  Implicit pin Q_N in instance _0997_ of sg13g2_hv_sdfbbp_1 in cell        
spi_slave                                                                       
Note:  Implicit pin Q_N in instance _0998_ of sg13g2_hv_sdfbbp_1 in cell        
spi_slave                                                                       
Note:  Implicit pin Q_N in instance _0999_ of sg13g2_hv_sdfbbp_1 in cell        
spi_slave                                                                       
Note:  Implicit pin Q_N in instance _1000_ of sg13g2_hv_sdfbbp_1 in cell        
spi_slave                                                                       
Note:  Implicit pin Q_N in instance _1001_ of sg13g2_hv_sdfbbp_1 in cell        
spi_slave                                                                       
Note:  Implicit pin Q_N in instance _1002_ of sg13g2_hv_sdfbbp_1 in cell        
spi_slave                                                                       
Note:  Implicit pin Q_N in instance _1003_ of sg13g2_hv_sdfbbp_1 in cell        
spi_slave                                                                       
Note:  Implicit pin Q_N in instance _1004_ of sg13g2_hv_sdfbbp_1 in cell        
spi_slave                                                                       
Note:  Implicit pin Q_N in instance _1005_ of sg13g2_hv_sdfbbp_1 in cell        
spi_slave                                                                       
Note:  Implicit pin Q_N in instance _1006_ of sg13g2_hv_sdfbbp_1 in cell        
spi_slave                                                                       
Note:  Implicit pin Q_N in instance _1007_ of sg13g2_hv_sdfbbp_1 in cell        
spi_slave                                                                       
Note:  Implicit pin Q_N in instance _1008_ of sg13g2_hv_sdfbbp_1 in cell        
spi_slave                                                                       
Note:  Implicit pin Q_N in instance _1009_ of sg13g2_hv_sdfbbp_1 in cell        
spi_slave                                                                       
Note:  Implicit pin Q_N in instance _1010_ of sg13g2_hv_sdfbbp_1 in cell        
spi_slave                                                                       
Note:  Implicit pin Q_N in instance _1011_ of sg13g2_hv_sdfbbp_1 in cell        
spi_slave                                                                       
Note:  Implicit pin Q_N in instance _1012_ of sg13g2_hv_sdfbbp_1 in cell        
spi_slave                                                                       
Note:  Implicit pin Q_N in instance _1013_ of sg13g2_hv_sdfbbp_1 in cell        
spi_slave                                                                       
Note:  Implicit pin Q_N in instance _1014_ of sg13g2_hv_sdfbbp_1 in cell        
spi_slave                                                                       
Note:  Implicit pin Q_N in instance _1015_ of sg13g2_hv_sdfbbp_1 in cell        
spi_slave                                                                       
Note:  Implicit pin Q_N in instance _1016_ of sg13g2_hv_sdfbbp_1 in cell        
spi_slave                                                                       
Note:  Implicit pin Q_N in instance _1017_ of sg13g2_hv_sdfbbp_1 in cell        
spi_slave                                                                       
Note:  Implicit pin Q_N in instance _1018_ of sg13g2_hv_sdfbbp_1 in cell        
spi_slave                                                                       
Note:  Implicit pin Q_N in instance _1019_ of sg13g2_hv_sdfbbp_1 in cell        
spi_slave                                                                       
Note:  Implicit pin Q_N in instance _1020_ of sg13g2_hv_sdfbbp_1 in cell        
spi_slave                                                                       
Note:  Implicit pin Q_N in instance _1021_ of sg13g2_hv_sdfbbp_1 in cell        
spi_slave                                                                       
Note:  Implicit pin Q_N in instance _1022_ of sg13g2_hv_sdfbbp_1 in cell        
spi_slave                                                                       
Note:  Implicit pin Q_N in instance _1023_ of sg13g2_hv_sdfbbp_1 in cell        
spi_slave                                                                       
Note:  Implicit pin Q_N in instance _1024_ of sg13g2_hv_sdfbbp_1 in cell        
spi_slave                                                                       
Note:  Implicit pin Q_N in instance _1025_ of sg13g2_hv_sdfbbp_1 in cell        
spi_slave                                                                       
Note:  Implicit pin Q_N in instance _1026_ of sg13g2_hv_sdfbbp_1 in cell        
spi_slave                                                                       
Note:  Implicit pin Q_N in instance _1027_ of sg13g2_hv_sdfbbp_1 in cell        
spi_slave                                                                       
Note:  Implicit pin Q_N in instance _1028_ of sg13g2_hv_sdfbbp_1 in cell        
spi_slave                                                                       
Note:  Implicit pin Q_N in instance _1029_ of sg13g2_hv_sdfbbp_1 in cell        
spi_slave                                                                       
Note:  Implicit pin Q_N in instance _1030_ of sg13g2_hv_sdfbbp_1 in cell        
spi_slave                                                                       
Note:  Implicit pin Q_N in instance _1031_ of sg13g2_hv_sdfbbp_1 in cell        
spi_slave                                                                       
Note:  Implicit pin Q_N in instance _1032_ of sg13g2_hv_sdfbbp_1 in cell        
spi_slave                                                                       
Note:  Implicit pin Q_N in instance _1033_ of sg13g2_hv_sdfbbp_1 in cell        
spi_slave                                                                       
Note:  Implicit pin Q_N in instance _1034_ of sg13g2_hv_sdfbbp_1 in cell        
spi_slave                                                                       
Note:  Implicit pin Q_N in instance _1035_ of sg13g2_hv_sdfbbp_1 in cell        
spi_slave                                                                       
Note:  Implicit pin Q_N in instance _1036_ of sg13g2_hv_sdfbbp_1 in cell        
spi_slave                                                                       
Note:  Implicit pin Q_N in instance _1037_ of sg13g2_hv_sdfbbp_1 in cell        
spi_slave                                                                       
Note:  Implicit pin Q_N in instance _1038_ of sg13g2_hv_sdfbbp_1 in cell        
spi_slave                                                                       
Note:  Implicit pin Q_N in instance _1039_ of sg13g2_hv_sdfbbp_1 in cell        
spi_slave                                                                       
Note:  Implicit pin Q_N in instance _1040_ of sg13g2_hv_sdfbbp_1 in cell        
spi_slave                                                                       
Note:  Implicit pin Q_N in instance _1041_ of sg13g2_hv_sdfbbp_1 in cell        
spi_slave                                                                       
Note:  Implicit pin Q_N in instance _1042_ of sg13g2_hv_sdfbbp_1 in cell        
spi_slave                                                                       
Note:  Implicit pin Q_N in instance _1043_ of sg13g2_hv_sdfbbp_1 in cell        
spi_slave                                                                       
Note:  Implicit pin Q_N in instance _1044_ of sg13g2_hv_sdfbbp_1 in cell        
spi_slave                                                                       
Note:  Implicit pin Q_N in instance _1045_ of sg13g2_hv_sdfbbp_1 in cell        
spi_slave                                                                       
Note:  Implicit pin Q_N in instance _1046_ of sg13g2_hv_sdfbbp_1 in cell        
spi_slave                                                                       
Note:  Implicit pin Q_N in instance _1047_ of sg13g2_hv_sdfbbp_1 in cell        
spi_slave                                                                       
Note:  Implicit pin Q_N in instance _1048_ of sg13g2_hv_sdfbbp_1 in cell        
spi_slave                                                                       
Note:  Implicit pin Q_N in instance _1049_ of sg13g2_hv_sdfbbp_1 in cell        
spi_slave                                                                       
Note:  Implicit pin Q_N in instance _1050_ of sg13g2_hv_sdfbbp_1 in cell        
spi_slave                                                                       
Note:  Implicit pin Q_N in instance _1051_ of sg13g2_hv_sdfbbp_1 in cell        
spi_slave                                                                       
Note:  Implicit pin Q_N in instance _1052_ of sg13g2_hv_sdfbbp_1 in cell        
spi_slave                                                                       
Note:  Implicit pin Q_N in instance _1053_ of sg13g2_hv_sdfbbp_1 in cell        
spi_slave                                                                       
Note:  Implicit pin Q_N in instance _1054_ of sg13g2_hv_sdfbbp_1 in cell        
spi_slave                                                                       
Note:  Implicit pin Q_N in instance _1055_ of sg13g2_hv_sdfbbp_1 in cell        
spi_slave                                                                       
Note:  Implicit pin Q_N in instance _1056_ of sg13g2_hv_sdfbbp_1 in cell        
spi_slave                                                                       
Note:  Implicit pin Q_N in instance _1057_ of sg13g2_hv_sdfbbp_1 in cell        
spi_slave                                                                       
Note:  Implicit pin Q_N in instance _1058_ of sg13g2_hv_sdfbbp_1 in cell        
spi_slave                                                                       
Note:  Implicit pin Q_N in instance _1059_ of sg13g2_hv_sdfbbp_1 in cell        
spi_slave                                                                       
Note:  Implicit pin Q_N in instance _1060_ of sg13g2_hv_sdfbbp_1 in cell        
spi_slave                                                                       
Note:  Implicit pin Q_N in instance _1061_ of sg13g2_hv_sdfbbp_1 in cell        
spi_slave                                                                       
Note:  Implicit pin Q_N in instance _1062_ of sg13g2_hv_sdfbbp_1 in cell        
spi_slave                                                                       
Note:  Implicit pin Q_N in instance _1063_ of sg13g2_hv_sdfbbp_1 in cell        
spi_slave                                                                       
Note:  Implicit pin Q_N in instance _1064_ of sg13g2_hv_sdfbbp_1 in cell        
spi_slave                                                                       
Note:  Implicit pin Q_N in instance _1065_ of sg13g2_hv_sdfbbp_1 in cell        
spi_slave                                                                       
Note:  Implicit pin Q_N in instance _1066_ of sg13g2_hv_sdfbbp_1 in cell        
spi_slave                                                                       
Note:  Implicit pin Q_N in instance _1067_ of sg13g2_hv_sdfbbp_1 in cell        
spi_slave                                                                       
Note:  Implicit pin Q_N in instance _1068_ of sg13g2_hv_sdfbbp_1 in cell        
spi_slave                                                                       
Note:  Implicit pin Q_N in instance _1069_ of sg13g2_hv_sdfbbp_1 in cell        
spi_slave                                                                       
Note:  Implicit pin Q_N in instance _1070_ of sg13g2_hv_sdfbbp_1 in cell        
spi_slave                                                                       
Note:  Implicit pin Q_N in instance _1071_ of sg13g2_hv_sdfbbp_1 in cell        
spi_slave                                                                       
Note:  Implicit pin Q_N in instance _1072_ of sg13g2_hv_sdfbbp_1 in cell        
spi_slave                                                                       
Note:  Implicit pin Q_N in instance _1073_ of sg13g2_hv_sdfbbp_1 in cell        
spi_slave                                                                       
Treating empty subcircuits as black-box cells                                   
Generating JSON file result                                                     
                                                                                
Reading setup file                                                              
/usr/local/lib/python3.12/dist-packages/librelane/scripts/netgen/setup.tcl      
                                                                                
Model ptap1 pin 1 == 2                                                          
No property w found for device ptap1                                            
No property l found for device ptap1                                            
No property l found for device ptap1                                            
No property w found for device ptap1                                            
No property l found for device ptap1                                            
No property w found for device ptap1                                            
No property b found for device ptap1                                            
Model rppd pin 1 == 2                                                           
No property b found for device rppd                                             
Model sg13_hv_nmos pin 1 == 3                                                   
No property trise found for device sg13_hv_nmos                                 
No property z1 found for device sg13_hv_nmos                                    
No property z2 found for device sg13_hv_nmos                                    
No property wmin found for device sg13_hv_nmos                                  
No property rfmode found for device sg13_hv_nmos                                
No property pre_layout found for device sg13_hv_nmos                            
Model sg13_hv_pmos pin 1 == 3                                                   
No property trise found for device sg13_hv_pmos                                 
No property z1 found for device sg13_hv_pmos                                    
No property z2 found for device sg13_hv_pmos                                    
No property wmin found for device sg13_hv_pmos                                  
No property rfmode found for device sg13_hv_pmos                                
No property pre_layout found for device sg13_hv_pmos                            
Model sg13_lv_nmos pin 1 == 3                                                   
No property trise found for device sg13_lv_nmos                                 
No property z1 found for device sg13_lv_nmos                                    
No property z2 found for device sg13_lv_nmos                                    
No property wmin found for device sg13_lv_nmos                                  
No property rfmode found for device sg13_lv_nmos                                
No property pre_layout found for device sg13_lv_nmos                            
Model sg13_lv_pmos pin 1 == 3                                                   
No property trise found for device sg13_lv_pmos                                 
No property z1 found for device sg13_lv_pmos                                    
No property z2 found for device sg13_lv_pmos                                    
No property wmin found for device sg13_lv_pmos                                  
No property rfmode found for device sg13_lv_pmos                                
No property pre_layout found for device sg13_lv_pmos                            
No property DEV_A found for device dantenna                                     
No property DEV_P found for device dantenna                                     
No property DEV_C found for device dantenna                                     
No property DEV_A found for device dpantenna                                    
No property DEV_P found for device dpantenna                                    
No property DEV_C found for device dpantenna                                    
Comparison output logged to file                                                
/foss/designs/spi-slave-ihp/flow_hv/runs/RUN_2026-08-16_13-42-07/60-netgen-lvs/r
eports/lvs.netgen.rpt                                                           
Logging to file                                                                 
"/foss/designs/spi-slave-ihp/flow_hv/runs/RUN_2026-08-16_13-42-07/60-netgen-lvs/
reports/lvs.netgen.rpt" enabled                                                 
                                                                                
Contents of circuit 1:  Circuit: 'sg13g2_hv_fill_2'                             
Circuit sg13g2_hv_fill_2 contains 0 device instances.                           
Circuit contains 0 nets, and 2 disconnected pins.                               
Contents of circuit 2:  Circuit: 'sg13g2_hv_fill_2'                             
Circuit sg13g2_hv_fill_2 contains 0 device instances.                           
Circuit contains 0 nets, and 2 disconnected pins.                               
                                                                                
Circuit sg13g2_hv_fill_2 contains no devices.                                   
                                                                                
Contents of circuit 1:  Circuit: 'sg13g2_hv_fill_8'                             
Circuit sg13g2_hv_fill_8 contains 0 device instances.                           
Circuit contains 0 nets, and 2 disconnected pins.                               
Contents of circuit 2:  Circuit: 'sg13g2_hv_fill_8'                             
Circuit sg13g2_hv_fill_8 contains 0 device instances.                           
Circuit contains 0 nets, and 2 disconnected pins.                               
                                                                                
Circuit sg13g2_hv_fill_8 contains no devices.                                   
                                                                                
Contents of circuit 1:  Circuit: 'sg13g2_hv_fill_1'                             
Circuit sg13g2_hv_fill_1 contains 0 device instances.                           
Circuit contains 0 nets, and 2 disconnected pins.                               
Contents of circuit 2:  Circuit: 'sg13g2_hv_fill_1'                             
Circuit sg13g2_hv_fill_1 contains 0 device instances.                           
Circuit contains 0 nets, and 2 disconnected pins.                               
                                                                                
Circuit sg13g2_hv_fill_1 contains no devices.                                   
                                                                                
Contents of circuit 1:  Circuit: 'sg13g2_hv_tielo'                              
Circuit sg13g2_hv_tielo contains 0 device instances.                            
Circuit contains 0 nets, and 3 disconnected pins.                               
Contents of circuit 2:  Circuit: 'sg13g2_hv_tielo'                              
Circuit sg13g2_hv_tielo contains 2 device instances.                            
  Class: sg13_hv_nmos          instances:   1                                   
  Class: sg13_hv_pmos          instances:   1                                   
Circuit contains 3 nets.                                                        
                                                                                
Circuit sg13g2_hv_tielo contains no devices.                                    
                                                                                
Contents of circuit 1:  Circuit: 'sg13g2_hv_fill_4'                             
Circuit sg13g2_hv_fill_4 contains 0 device instances.                           
Circuit contains 0 nets, and 2 disconnected pins.                               
Contents of circuit 2:  Circuit: 'sg13g2_hv_fill_4'                             
Circuit sg13g2_hv_fill_4 contains 0 device instances.                           
Circuit contains 0 nets, and 2 disconnected pins.                               
                                                                                
Circuit sg13g2_hv_fill_4 contains no devices.                                   
                                                                                
Contents of circuit 1:  Circuit: 'sg13g2_hv_sdfbbp_1'                           
Circuit sg13g2_hv_sdfbbp_1 contains 0 device instances.                         
Circuit contains 0 nets, and 10 disconnected pins.                              
Contents of circuit 2:  Circuit: 'sg13g2_hv_sdfbbp_1'                           
Circuit sg13g2_hv_sdfbbp_1 contains 48 device instances.                        
  Class: sg13_hv_nmos          instances:  24                                   
  Class: sg13_hv_pmos          instances:  24                                   
Circuit contains 34 nets.                                                       
                                                                                
Circuit sg13g2_hv_sdfbbp_1 contains no devices.                                 
                                                                                
Contents of circuit 1:  Circuit: 'sg13g2_hv_nor4_1'                             
Circuit sg13g2_hv_nor4_1 contains 0 device instances.                           
Circuit contains 0 nets, and 7 disconnected pins.                               
Contents of circuit 2:  Circuit: 'sg13g2_hv_nor4_1'                             
Circuit sg13g2_hv_nor4_1 contains 8 device instances.                           
  Class: sg13_hv_nmos          instances:   4                                   
  Class: sg13_hv_pmos          instances:   4                                   
Circuit contains 10 nets.                                                       
                                                                                
Circuit sg13g2_hv_nor4_1 contains no devices.                                   
                                                                                
Contents of circuit 1:  Circuit: 'sg13g2_hv_nand2_1'                            
Circuit sg13g2_hv_nand2_1 contains 0 device instances.                          
Circuit contains 0 nets, and 5 disconnected pins.                               
Contents of circuit 2:  Circuit: 'sg13g2_hv_nand2_1'                            
Circuit sg13g2_hv_nand2_1 contains 4 device instances.                          
  Class: sg13_hv_nmos          instances:   2                                   
  Class: sg13_hv_pmos          instances:   2                                   
Circuit contains 6 nets.                                                        
                                                                                
Circuit sg13g2_hv_nand2_1 contains no devices.                                  
                                                                                
Contents of circuit 1:  Circuit: 'sg13g2_hv_or2_1'                              
Circuit sg13g2_hv_or2_1 contains 0 device instances.                            
Circuit contains 0 nets, and 5 disconnected pins.                               
Contents of circuit 2:  Circuit: 'sg13g2_hv_or2_1'                              
Circuit sg13g2_hv_or2_1 contains 6 device instances.                            
  Class: sg13_hv_nmos          instances:   3                                   
  Class: sg13_hv_pmos          instances:   3                                   
Circuit contains 7 nets.                                                        
                                                                                
Circuit sg13g2_hv_or2_1 contains no devices.                                    
                                                                                
Contents of circuit 1:  Circuit: 'sg13g2_hv_a21o_1'                             
Circuit sg13g2_hv_a21o_1 contains 0 device instances.                           
Circuit contains 0 nets, and 6 disconnected pins.                               
Contents of circuit 2:  Circuit: 'sg13g2_hv_a21o_1'                             
Circuit sg13g2_hv_a21o_1 contains 8 device instances.                           
  Class: sg13_hv_nmos          instances:   4                                   
  Class: sg13_hv_pmos          instances:   4                                   
Circuit contains 9 nets.                                                        
                                                                                
Circuit sg13g2_hv_a21o_1 contains no devices.                                   
                                                                                
Contents of circuit 1:  Circuit: 'sg13g2_hv_inv_1'                              
Circuit sg13g2_hv_inv_1 contains 0 device instances.                            
Circuit contains 0 nets, and 4 disconnected pins.                               
Contents of circuit 2:  Circuit: 'sg13g2_hv_inv_1'                              
Circuit sg13g2_hv_inv_1 contains 2 device instances.                            
  Class: sg13_hv_nmos          instances:   1                                   
  Class: sg13_hv_pmos          instances:   1                                   
Circuit contains 4 nets.                                                        
                                                                                
Circuit sg13g2_hv_inv_1 contains no devices.                                    
                                                                                
Contents of circuit 1:  Circuit: 'sg13g2_hv_buf_1'                              
Circuit sg13g2_hv_buf_1 contains 0 device instances.                            
Circuit contains 0 nets, and 4 disconnected pins.                               
Contents of circuit 2:  Circuit: 'sg13g2_hv_buf_1'                              
Circuit sg13g2_hv_buf_1 contains 4 device instances.                            
  Class: sg13_hv_nmos          instances:   2                                   
  Class: sg13_hv_pmos          instances:   2                                   
Circuit contains 5 nets.                                                        
                                                                                
Circuit sg13g2_hv_buf_1 contains no devices.                                    
                                                                                
Contents of circuit 1:  Circuit: 'sg13g2_hv_tiehi'                              
Circuit sg13g2_hv_tiehi contains 0 device instances.                            
Circuit contains 0 nets, and 3 disconnected pins.                               
Contents of circuit 2:  Circuit: 'sg13g2_hv_tiehi'                              
Circuit sg13g2_hv_tiehi contains 2 device instances.                            
  Class: sg13_hv_nmos          instances:   1                                   
  Class: sg13_hv_pmos          instances:   1                                   
Circuit contains 3 nets.                                                        
                                                                                
Circuit sg13g2_hv_tiehi contains no devices.                                    
                                                                                
Contents of circuit 1:  Circuit: 'sg13g2_hv_or4_1'                              
Circuit sg13g2_hv_or4_1 contains 0 device instances.                            
Circuit contains 0 nets, and 7 disconnected pins.                               
Contents of circuit 2:  Circuit: 'sg13g2_hv_or4_1'                              
Circuit sg13g2_hv_or4_1 contains 10 device instances.                           
  Class: sg13_hv_nmos          instances:   5                                   
  Class: sg13_hv_pmos          instances:   5                                   
Circuit contains 11 nets.                                                       
                                                                                
Circuit sg13g2_hv_or4_1 contains no devices.                                    
                                                                                
Contents of circuit 1:  Circuit: 'sg13g2_hv_nand3_1'                            
Circuit sg13g2_hv_nand3_1 contains 0 device instances.                          
Circuit contains 0 nets, and 6 disconnected pins.                               
Contents of circuit 2:  Circuit: 'sg13g2_hv_nand3_1'                            
Circuit sg13g2_hv_nand3_1 contains 6 device instances.                          
  Class: sg13_hv_nmos          instances:   3                                   
  Class: sg13_hv_pmos          instances:   3                                   
Circuit contains 8 nets.                                                        
                                                                                
Circuit sg13g2_hv_nand3_1 contains no devices.                                  
                                                                                
Contents of circuit 1:  Circuit: 'sg13g2_hv_mux2_1'                             
Circuit sg13g2_hv_mux2_1 contains 0 device instances.                           
Circuit contains 0 nets, and 6 disconnected pins.                               
Contents of circuit 2:  Circuit: 'sg13g2_hv_mux2_1'                             
Circuit sg13g2_hv_mux2_1 contains 12 device instances.                          
  Class: sg13_hv_nmos          instances:   6                                   
  Class: sg13_hv_pmos          instances:   6                                   
Circuit contains 12 nets.                                                       
                                                                                
Circuit sg13g2_hv_mux2_1 contains no devices.                                   
                                                                                
Contents of circuit 1:  Circuit: 'sg13g2_hv_o21ai_1'                            
Circuit sg13g2_hv_o21ai_1 contains 0 device instances.                          
Circuit contains 0 nets, and 6 disconnected pins.                               
Contents of circuit 2:  Circuit: 'sg13g2_hv_o21ai_1'                            
Circuit sg13g2_hv_o21ai_1 contains 6 device instances.                          
  Class: sg13_hv_nmos          instances:   3                                   
  Class: sg13_hv_pmos          instances:   3                                   
Circuit contains 8 nets.                                                        
                                                                                
Circuit sg13g2_hv_o21ai_1 contains no devices.                                  
                                                                                
Contents of circuit 1:  Circuit: 'sg13g2_hv_a22oi_1'                            
Circuit sg13g2_hv_a22oi_1 contains 0 device instances.                          
Circuit contains 0 nets, and 7 disconnected pins.                               
Contents of circuit 2:  Circuit: 'sg13g2_hv_a22oi_1'                            
Circuit sg13g2_hv_a22oi_1 contains 8 device instances.                          
  Class: sg13_hv_nmos          instances:   4                                   
  Class: sg13_hv_pmos          instances:   4                                   
Circuit contains 10 nets.                                                       
                                                                                
Circuit sg13g2_hv_a22oi_1 contains no devices.                                  
                                                                                
Contents of circuit 1:  Circuit: 'sg13g2_hv_a221oi_1'                           
Circuit sg13g2_hv_a221oi_1 contains 0 device instances.                         
Circuit contains 0 nets, and 8 disconnected pins.                               
Contents of circuit 2:  Circuit: 'sg13g2_hv_a221oi_1'                           
Circuit sg13g2_hv_a221oi_1 contains 10 device instances.                        
  Class: sg13_hv_nmos          instances:   5                                   
  Class: sg13_hv_pmos          instances:   5                                   
Circuit contains 12 nets.                                                       
                                                                                
Circuit sg13g2_hv_a221oi_1 contains no devices.                                 
                                                                                
Contents of circuit 1:  Circuit: 'sg13g2_hv_nor3_1'                             
Circuit sg13g2_hv_nor3_1 contains 0 device instances.                           
Circuit contains 0 nets, and 6 disconnected pins.                               
Contents of circuit 2:  Circuit: 'sg13g2_hv_nor3_1'                             
Circuit sg13g2_hv_nor3_1 contains 6 device instances.                           
  Class: sg13_hv_nmos          instances:   3                                   
  Class: sg13_hv_pmos          instances:   3                                   
Circuit contains 8 nets.                                                        
                                                                                
Circuit sg13g2_hv_nor3_1 contains no devices.                                   
                                                                                
Contents of circuit 1:  Circuit: 'sg13g2_hv_nand2b_1'                           
Circuit sg13g2_hv_nand2b_1 contains 0 device instances.                         
Circuit contains 0 nets, and 5 disconnected pins.                               
Contents of circuit 2:  Circuit: 'sg13g2_hv_nand2b_1'                           
Circuit sg13g2_hv_nand2b_1 contains 6 device instances.                         
  Class: sg13_hv_nmos          instances:   3                                   
  Class: sg13_hv_pmos          instances:   3                                   
Circuit contains 7 nets.                                                        
                                                                                
Circuit sg13g2_hv_nand2b_1 contains no devices.                                 
                                                                                
Contents of circuit 1:  Circuit: 'sg13g2_hv_nor2_1'                             
Circuit sg13g2_hv_nor2_1 contains 0 device instances.                           
Circuit contains 0 nets, and 5 disconnected pins.                               
Contents of circuit 2:  Circuit: 'sg13g2_hv_nor2_1'                             
Circuit sg13g2_hv_nor2_1 contains 4 device instances.                           
  Class: sg13_hv_nmos          instances:   2                                   
  Class: sg13_hv_pmos          instances:   2                                   
Circuit contains 6 nets.                                                        
                                                                                
Circuit sg13g2_hv_nor2_1 contains no devices.                                   
                                                                                
Contents of circuit 1:  Circuit: 'sg13g2_hv_and2_1'                             
Circuit sg13g2_hv_and2_1 contains 0 device instances.                           
Circuit contains 0 nets, and 5 disconnected pins.                               
Contents of circuit 2:  Circuit: 'sg13g2_hv_and2_1'                             
Circuit sg13g2_hv_and2_1 contains 6 device instances.                           
  Class: sg13_hv_nmos          instances:   3                                   
  Class: sg13_hv_pmos          instances:   3                                   
Circuit contains 7 nets.                                                        
                                                                                
Circuit sg13g2_hv_and2_1 contains no devices.                                   
                                                                                
Contents of circuit 1:  Circuit: 'sg13g2_hv_a21oi_1'                            
Circuit sg13g2_hv_a21oi_1 contains 0 device instances.                          
Circuit contains 0 nets, and 6 disconnected pins.                               
Contents of circuit 2:  Circuit: 'sg13g2_hv_a21oi_1'                            
Circuit sg13g2_hv_a21oi_1 contains 6 device instances.                          
  Class: sg13_hv_nmos          instances:   3                                   
  Class: sg13_hv_pmos          instances:   3                                   
Circuit contains 8 nets.                                                        
                                                                                
Circuit sg13g2_hv_a21oi_1 contains no devices.                                  
                                                                                
Contents of circuit 1:  Circuit: 'sg13g2_hv_nand3b_1'                           
Circuit sg13g2_hv_nand3b_1 contains 0 device instances.                         
Circuit contains 0 nets, and 6 disconnected pins.                               
Contents of circuit 2:  Circuit: 'sg13g2_hv_nand3b_1'                           
Circuit sg13g2_hv_nand3b_1 contains 8 device instances.                         
  Class: sg13_hv_nmos          instances:   4                                   
  Class: sg13_hv_pmos          instances:   4                                   
Circuit contains 9 nets.                                                        
                                                                                
Circuit sg13g2_hv_nand3b_1 contains no devices.                                 
                                                                                
Contents of circuit 1:  Circuit: 'spi_slave'                                    
Circuit spi_slave contains 4009 device instances.                               
  Class: sg13g2_hv_a21oi_1     instances:   7                                   
  Class: sg13g2_hv_nor3_1      instances:  16                                   
  Class: sg13g2_hv_nor2_1      instances:   5                                   
  Class: sg13g2_hv_nand2b_1    instances:  14                                   
  Class: sg13g2_hv_buf_1       instances:  30                                   
  Class: sg13g2_hv_or2_1       instances:   4                                   
  Class: sg13g2_hv_nor4_1      instances:  81                                   
  Class: sg13g2_hv_and2_1      instances:   9                                   
  Class: sg13g2_hv_fill_8      instances: 2551                                  
  Class: sg13g2_hv_or4_1       instances:  18                                   
  Class: sg13g2_hv_a22oi_1     instances:  16                                   
  Class: sg13g2_hv_tiehi       instances: 135                                   
  Class: sg13g2_hv_fill_2      instances: 251                                   
  Class: sg13g2_hv_nand3b_1    instances:   8                                   
  Class: sg13g2_hv_a221oi_1    instances:  19                                   
  Class: sg13g2_hv_mux2_1      instances:   7                                   
  Class: sg13g2_hv_sdfbbp_1    instances: 135                                   
  Class: sg13g2_hv_nand2_1     instances:  75                                   
  Class: sg13g2_hv_a21o_1      instances:   3                                   
  Class: sg13g2_hv_fill_4      instances: 239                                   
  Class: sg13g2_hv_inv_1       instances:  66                                   
  Class: sg13g2_hv_fill_1      instances: 245                                   
  Class: sg13g2_hv_o21ai_1     instances:   8                                   
  Class: sg13g2_hv_tielo       instances:  47                                   
  Class: sg13g2_hv_nand3_1     instances:  20                                   
Circuit contains 873 nets.                                                      
Contents of circuit 2:  Circuit: 'spi_slave'                                    
Circuit spi_slave contains 4009 device instances.                               
  Class: sg13g2_hv_a21oi_1     instances:   7                                   
  Class: sg13g2_hv_nor3_1      instances:  16                                   
  Class: sg13g2_hv_nor2_1      instances:   5                                   
  Class: sg13g2_hv_nand2b_1    instances:  14                                   
  Class: sg13g2_hv_buf_1       instances:  30                                   
  Class: sg13g2_hv_or2_1       instances:   4                                   
  Class: sg13g2_hv_nor4_1      instances:  81                                   
  Class: sg13g2_hv_and2_1      instances:   9                                   
  Class: sg13g2_hv_fill_8      instances: 2551                                  
  Class: sg13g2_hv_or4_1       instances:  18                                   
  Class: sg13g2_hv_a22oi_1     instances:  16                                   
  Class: sg13g2_hv_tiehi       instances: 135                                   
  Class: sg13g2_hv_fill_2      instances: 251                                   
  Class: sg13g2_hv_nand3b_1    instances:   8                                   
  Class: sg13g2_hv_a221oi_1    instances:  19                                   
  Class: sg13g2_hv_mux2_1      instances:   7                                   
  Class: sg13g2_hv_sdfbbp_1    instances: 135                                   
  Class: sg13g2_hv_nand2_1     instances:  75                                   
  Class: sg13g2_hv_a21o_1      instances:   3                                   
  Class: sg13g2_hv_fill_4      instances: 239                                   
  Class: sg13g2_hv_inv_1       instances:  66                                   
  Class: sg13g2_hv_fill_1      instances: 245                                   
  Class: sg13g2_hv_o21ai_1     instances:   8                                   
  Class: sg13g2_hv_tielo       instances:  47                                   
  Class: sg13g2_hv_nand3_1     instances:  20                                   
Circuit contains 873 nets.                                                      
                                                                                
Circuit 1 contains 4009 devices, Circuit 2 contains 4009 devices.               
Circuit 1 contains 873 nets,    Circuit 2 contains 873 nets.                    
                                                                                
                                                                                
Final result:                                                                   
Circuits match uniquely.                                                        
.                                                                               
Logging to file                                                                 
"/foss/designs/spi-slave-ihp/flow_hv/runs/RUN_2026-08-16_13-42-07/60-netgen-lvs/
reports/lvs.netgen.rpt" disabled                                                
LVS Done.                                                                       
────────────────────── Layout vs. Schematic Error Checker ──────────────────────
[13:43:30] VERBOSE  Running 'Checker.LVS' at                        step.py:1138
                    'runs/RUN_2026-08-16_13-42-07/61-checker-lvs'…              
[13:43:30] INFO     Check for LVS errors clear.                   checker.py:131
[13:43:30] INFO     Gating variable for step 'Yosys.EQY' set   sequential.py:362
                    to 'False'- the step will be skipped.                       
[13:43:30] INFO     Skipping step 'Equivalence Check'…         sequential.py:370
──────────────────────── Hold Timing Violations Checker ────────────────────────
[13:43:30] VERBOSE  Running 'Checker.HoldViolations' at             step.py:1138
                    'runs/RUN_2026-08-16_13-42-07/62-checker-holdvi             
                    olations'…                                                  
[13:43:30] VERBOSE  No hold violations found                      checker.py:628
─────────────────────── Maximum Slew Violations Checker ────────────────────────
[13:43:30] VERBOSE  Running 'Checker.MaxSlewViolations' at          step.py:1138
                    'runs/RUN_2026-08-16_13-42-07/63-checker-maxsle             
                    wviolations'…                                               
[13:43:30] VERBOSE  No max slew violations found                  checker.py:628
──────────────────── Maximum Capacitance Violations Checker ────────────────────
[13:43:30] VERBOSE  Running 'Checker.MaxCapViolations' at           step.py:1138
                    'runs/RUN_2026-08-16_13-42-07/64-checker-maxcap             
                    violations'…                                                
[13:43:30] VERBOSE  No max cap violations found                   checker.py:628
───────────────── Report Manufacturability (DRC, LVS, Antenna) ─────────────────
[13:43:30] VERBOSE  Running 'Misc.ReportManufacturability' at       step.py:1138
                    'runs/RUN_2026-08-16_13-42-07/65-misc-reportman             
                    ufacturability'…                                            
[13:43:30] WARNING  klayout__drc_error__count not reported.          misc.py:102
                    KLayout.DRC may have been skipped.                          
[13:43:30] WARNING  magic__drc_error__count not reported. Magic.DRC  misc.py:110
                    may have been skipped.                                      
* Antenna
Passed ✅

* LVS
Passed ✅

* DRC
N/A

[13:43:30] INFO     Saving views to                                 state.py:209
                    '/foss/designs/spi-slave-ihp/flow_hv/runs/RUN_2             
                    026-08-16_13-42-07/final'…                                  
[13:43:30] INFO     Flow complete.                             sequential.py:413
Classic' - Stage 69 - Report Manufacturability ━━━━━━━━━━━━━━━━━━━ 69/69 0:01:22

[13:43:30] WARNING  The following warnings were generated by the     flow.py:699
                    flow:                                                       
[13:43:30] WARNING  [Checker.LintWarnings] 3 Lint warnings found.    flow.py:701
[13:43:30] WARNING  [OpenROAD.Floorplan] [ORD-2056] The following 12 flow.py:701
                    liberty cell(s) do not have LEF masters and will            
                    be marked as dont-use: (and 18 similar warnings)            
[13:43:30] WARNING  [OpenROAD.CTS] No CLOCK_NET (or CLOCK_PORT)      flow.py:701
                    specified. CTS cannot be performed. Returning               
                    state unaltered…                                            
[13:43:30] WARNING  [OpenROAD.DetailedRouting] [DRT-0349]            flow.py:701
                    LEF58_ENCLOSURE with no CUTCLASS is not                     
                    supported. Skipping for layer Cont (and 9                   
                    similar warnings)                                           
[13:43:30] WARNING  [OpenROAD.DetailedRouting] [DRT-0120] Large net  flow.py:701
                    Clk has 136 pins which may impact routing                   
                    performance. Consider optimization. (and 1                  
                    similar warnings)                                           
[13:43:30] WARNING  [Checker.WireLength] Threshold for               flow.py:701
                    Threshold-surpassing long wires is not set. The             
                    checker will be skipped.                                    
[13:43:30] WARNING  [OpenROAD.IRDropReport] 'VSRC_LOC_FILES' was not flow.py:701
                    given a value, which may make the results of IR             
                    drop analysis inaccurate. If you are not                    
                    integrating a top-level chip for manufacture,               
                    you may ignore this warning, otherwise, see the             
                    documentation for 'VSRC_LOC_FILES'.                         
[13:43:30] WARNING  [Checker.XOR] The XOR differences metric was not flow.py:701
                    found. Are you sure the relevant step was run?              
[13:43:30] WARNING  [Checker.MagicDRC] The Magic DRC errors metric   flow.py:701
                    was not found. Are you sure the relevant step               
                    was run?                                                    
[13:43:30] WARNING  [Checker.KLayoutDRC] The KLayout DRC errors      flow.py:701
                    metric was not found. Are you sure the relevant             
                    step was run?                                               
[13:43:30] WARNING  [Misc.ReportManufacturability]                   flow.py:701
                    klayout__drc_error__count not reported.                     
                    KLayout.DRC may have been skipped.                          
[13:43:30] WARNING  [Misc.ReportManufacturability]                   flow.py:701
                    magic__drc_error__count not reported. Magic.DRC             
                    may have been skipped.                                      
=== Flow complete. Outputs in /foss/designs/spi-slave-ihp/flow_hv/runs/<RUN_DATE>/final/ ===
EXIT: 0
