=== Running LibreLane synthesis ===
bash -lc 'source ihp_pdk.env && librelane config.yaml --pdk ihp-sg13g2 --pdk-root /foss/pdks --manual-pdk'
[22:27:58] INFO     Starting a new run of the 'Classic'' flow with   flow.py:654
                    the tag 'RUN_2026-08-08_22-27-58'.                          
[22:27:58] INFO     Starting…                                  sequential.py:339
──────────────────────────────── Verilator Lint ────────────────────────────────
[22:27:58] VERBOSE  Running 'Verilator.Lint' at                     step.py:1138
                    'runs/RUN_2026-08-08_22-27-58/01-verilator-lint             
                    '…                                                          
[22:27:58] VERBOSE  Logging subprocess to                           step.py:1338
                    'runs/RUN_2026-08-08_22-27-58/01-verilator-lint             
                    /verilator-lint.log'…                                       
%Warning-WIDTHEXPAND: /foss/designs/spi-slave-ihp/spi_slave.v:75:10: Operator   
ASSIGNDLY expects 8 bits on the Assign RHS, but Assign RHS's CONST '1'h0'       
generates 1 bits.                                                               
                                                                   : ... note:  
In instance 'spi_slave'                                                         
   75 |   debug  <= 1'b0;                                                       
      |          ^~                                                             
                      ... For warning description see                           
https://verilator.org/warn/WIDTHEXPAND?v=5.050                                  
                      ... Use "/* verilator lint_off WIDTHEXPAND */" and lint_on
around source to disable this message.                                          
%Warning-CASEINCOMPLETE: /foss/designs/spi-slave-ihp/spi_slave.v:96:4: Case     
values incompletely covered (example pattern 0x8)                               
   96 |    case (Add_SPI)                                                       
      |    ^~~~                                                                 
                         ... For warning description see                        
https://verilator.org/warn/CASEINCOMPLETE?v=5.050                               
                         ... Use "/* verilator lint_off CASEINCOMPLETE */" and  
lint_on around source to disable this message.                                  
%Warning-CASEINCOMPLETE: /foss/designs/spi-slave-ihp/spi_slave.v:136:3: Case    
values incompletely covered (example pattern 0x5)                               
  136 |   case (SPI_State)                                                      
      |   ^~~~                                                                  
- V e r i l a t i o n   R e p o r t: Verilator 5.050 2026-07-01 rev v5.050      
- Verilator: Built from 0.144 MB sources in 108 modules, into 0.025 MB in 3 C++ 
files needing 0.000 MB                                                          
- Verilator: Walltime 0.020 s (elab=0.002, cvt=0.005, bld=0.000); cpu 0.018 s on
1 threads; allocated 33.613 MB                                                  
────────────────────────── Lint Timing Errors Checker ──────────────────────────
[22:27:58] VERBOSE  Running 'Checker.LintTimingConstructs' at       step.py:1138
                    'runs/RUN_2026-08-08_22-27-58/02-checker-lintti             
                    mingconstructs'…                                            
[22:27:58] INFO     Check for Lint Timing Errors clear.           checker.py:412
───────────────────────────── Lint Errors Checker ──────────────────────────────
[22:27:58] VERBOSE  Running 'Checker.LintErrors' at                 step.py:1138
                    'runs/RUN_2026-08-08_22-27-58/03-checker-linter             
                    rors'…                                                      
[22:27:58] INFO     Check for Lint errors clear.                  checker.py:131
──────────────────────────── Lint Warnings Checker ─────────────────────────────
[22:27:58] VERBOSE  Running 'Checker.LintWarnings' at               step.py:1138
                    'runs/RUN_2026-08-08_22-27-58/04-checker-lintwa             
                    rnings'…                                                    
[22:27:58] WARNING  3 Lint warnings found.                        checker.py:122
───────────────────────────── Generate JSON Header ─────────────────────────────
[22:27:58] VERBOSE  Running 'Yosys.JsonHeader' at                   step.py:1138
                    'runs/RUN_2026-08-08_22-27-58/05-yosys-jsonhead             
                    er'…                                                        
[22:27:58] VERBOSE  Logging subprocess to                           step.py:1338
                    'runs/RUN_2026-08-08_22-27-58/05-yosys-jsonhead             
                    er/yosys-jsonheader.log'…                                   
                                                                                
 /----------------------------------------------------------------------------\ 
 |  yosys -- Yosys Open SYnthesis Suite                                       | 
 |  Copyright (C) 2012 - 2026  Claire Xenia Wolf <claire@yosyshq.com>         | 
 |  Distributed under an ISC-like license, type "license" to see terms        | 
 \----------------------------------------------------------------------------/ 
 Yosys 0.67 (git sha1 2d1509d1b, Release, GNU /usr/bin/c++ 13.3.0)              
                                                                                
1. Executing Verilog-2005 frontend:                                             
/foss/designs/spi-slave-ihp/flow/runs/RUN_2026-08-08_22-27-58/tmp/5830b4e2555140
dd8c9a041330de53b9.bb.v                                                         
Parsing SystemVerilog input from                                                
`/foss/designs/spi-slave-ihp/flow/runs/RUN_2026-08-08_22-27-58/tmp/5830b4e255514
0dd8c9a041330de53b9.bb.v' to AST representation.                                
Generating RTLIL representation for module `\sg13g2_a21o_1'.                    
Generating RTLIL representation for module `\sg13g2_a21o_2'.                    
Generating RTLIL representation for module `\sg13g2_a21oi_1'.                   
Generating RTLIL representation for module `\sg13g2_a21oi_2'.                   
Generating RTLIL representation for module `\sg13g2_a221oi_1'.                  
Generating RTLIL representation for module `\sg13g2_a22oi_1'.                   
Generating RTLIL representation for module `\sg13g2_and2_1'.                    
Generating RTLIL representation for module `\sg13g2_and2_2'.                    
Generating RTLIL representation for module `\sg13g2_and3_1'.                    
Generating RTLIL representation for module `\sg13g2_and3_2'.                    
Generating RTLIL representation for module `\sg13g2_and4_1'.                    
Generating RTLIL representation for module `\sg13g2_and4_2'.                    
Generating RTLIL representation for module `\sg13g2_antennanp'.                 
Generating RTLIL representation for module `\sg13g2_buf_1'.                     
Generating RTLIL representation for module `\sg13g2_buf_16'.                    
Generating RTLIL representation for module `\sg13g2_buf_2'.                     
Generating RTLIL representation for module `\sg13g2_buf_4'.                     
Generating RTLIL representation for module `\sg13g2_buf_8'.                     
Generating RTLIL representation for module `\sg13g2_decap_4'.                   
Generating RTLIL representation for module `\sg13g2_decap_8'.                   
Generating RTLIL representation for module `\sg13g2_dfrbp_1'.                   
Generating RTLIL representation for module `\sg13g2_dfrbp_2'.                   
Generating RTLIL representation for module `\sg13g2_dfrbpq_1'.                  
Generating RTLIL representation for module `\sg13g2_dfrbpq_2'.                  
Generating RTLIL representation for module `\sg13g2_dlhq_1'.                    
Generating RTLIL representation for module `\sg13g2_dlhr_1'.                    
Generating RTLIL representation for module `\sg13g2_dlhrq_1'.                   
Generating RTLIL representation for module `\sg13g2_dllr_1'.                    
Generating RTLIL representation for module `\sg13g2_dllrq_1'.                   
Generating RTLIL representation for module `\sg13g2_dlygate4sd1_1'.             
Generating RTLIL representation for module `\sg13g2_dlygate4sd2_1'.             
Generating RTLIL representation for module `\sg13g2_dlygate4sd3_1'.             
Generating RTLIL representation for module `\sg13g2_ebufn_2'.                   
Generating RTLIL representation for module `\sg13g2_ebufn_4'.                   
Generating RTLIL representation for module `\sg13g2_ebufn_8'.                   
Generating RTLIL representation for module `\sg13g2_einvn_2'.                   
Generating RTLIL representation for module `\sg13g2_einvn_4'.                   
Generating RTLIL representation for module `\sg13g2_einvn_8'.                   
Generating RTLIL representation for module `\sg13g2_fill_1'.                    
Generating RTLIL representation for module `\sg13g2_fill_2'.                    
Generating RTLIL representation for module `\sg13g2_fill_4'.                    
Generating RTLIL representation for module `\sg13g2_fill_8'.                    
Generating RTLIL representation for module `\sg13g2_inv_1'.                     
Generating RTLIL representation for module `\sg13g2_inv_16'.                    
Generating RTLIL representation for module `\sg13g2_inv_2'.                     
Generating RTLIL representation for module `\sg13g2_inv_4'.                     
Generating RTLIL representation for module `\sg13g2_inv_8'.                     
Generating RTLIL representation for module `\sg13g2_lgcp_1'.                    
Generating RTLIL representation for module `\sg13g2_mux2_1'.                    
Generating RTLIL representation for module `\sg13g2_mux2_2'.                    
Generating RTLIL representation for module `\sg13g2_mux4_1'.                    
Generating RTLIL representation for module `\sg13g2_nand2_1'.                   
Generating RTLIL representation for module `\sg13g2_nand2_2'.                   
Generating RTLIL representation for module `\sg13g2_nand2b_1'.                  
Generating RTLIL representation for module `\sg13g2_nand2b_2'.                  
Generating RTLIL representation for module `\sg13g2_nand3_1'.                   
Generating RTLIL representation for module `\sg13g2_nand3b_1'.                  
Generating RTLIL representation for module `\sg13g2_nand4_1'.                   
Generating RTLIL representation for module `\sg13g2_nor2_1'.                    
Generating RTLIL representation for module `\sg13g2_nor2_2'.                    
Generating RTLIL representation for module `\sg13g2_nor2b_1'.                   
Generating RTLIL representation for module `\sg13g2_nor2b_2'.                   
Generating RTLIL representation for module `\sg13g2_nor3_1'.                    
Generating RTLIL representation for module `\sg13g2_nor3_2'.                    
Generating RTLIL representation for module `\sg13g2_nor4_1'.                    
Generating RTLIL representation for module `\sg13g2_nor4_2'.                    
Generating RTLIL representation for module `\sg13g2_o21ai_1'.                   
Generating RTLIL representation for module `\sg13g2_or2_1'.                     
Generating RTLIL representation for module `\sg13g2_or2_2'.                     
Generating RTLIL representation for module `\sg13g2_or3_1'.                     
Generating RTLIL representation for module `\sg13g2_or3_2'.                     
Generating RTLIL representation for module `\sg13g2_or4_1'.                     
Generating RTLIL representation for module `\sg13g2_or4_2'.                     
Generating RTLIL representation for module `\sg13g2_sdfbbp_1'.                  
Generating RTLIL representation for module `\sg13g2_sdfrbp_1'.                  
Generating RTLIL representation for module `\sg13g2_sdfrbp_2'.                  
Generating RTLIL representation for module `\sg13g2_sdfrbpq_1'.                 
Generating RTLIL representation for module `\sg13g2_sdfrbpq_2'.                 
Generating RTLIL representation for module `\sg13g2_sighold'.                   
Generating RTLIL representation for module `\sg13g2_slgcp_1'.                   
Generating RTLIL representation for module `\sg13g2_tiehi'.                     
Generating RTLIL representation for module `\sg13g2_tielo'.                     
Generating RTLIL representation for module `\sg13g2_xnor2_1'.                   
Generating RTLIL representation for module `\sg13g2_xor2_1'.                    
Successfully finished Verilog frontend.                                         
                                                                                
2. Executing Verilog-2005 frontend:                                             
/foss/designs/spi-slave-ihp/flow/runs/RUN_2026-08-08_22-27-58/tmp/7979f014023742
93984bbe28d85fbf15.bb.v                                                         
Parsing SystemVerilog input from                                                
`/foss/designs/spi-slave-ihp/flow/runs/RUN_2026-08-08_22-27-58/tmp/7979f01402374
293984bbe28d85fbf15.bb.v' to AST representation.                                
Generating RTLIL representation for module `\sg13g2_Corner'.                    
Generating RTLIL representation for module `\sg13g2_Filler1000'.                
Generating RTLIL representation for module `\sg13g2_Filler10000'.               
Generating RTLIL representation for module `\sg13g2_Filler200'.                 
Generating RTLIL representation for module `\sg13g2_Filler2000'.                
Generating RTLIL representation for module `\sg13g2_Filler400'.                 
Generating RTLIL representation for module `\sg13g2_Filler4000'.                
Generating RTLIL representation for module `\sg13g2_IOPadAnalog'.               
Generating RTLIL representation for module `\sg13g2_IOPadIOVdd'.                
Generating RTLIL representation for module `\sg13g2_IOPadIOVss'.                
Generating RTLIL representation for module `\sg13g2_IOPadIn'.                   
Generating RTLIL representation for module `\sg13g2_IOPadInOut16mA'.            
Generating RTLIL representation for module `\sg13g2_IOPadInOut30mA'.            
Generating RTLIL representation for module `\sg13g2_IOPadInOut4mA'.             
Generating RTLIL representation for module `\sg13g2_IOPadOut16mA'.              
Generating RTLIL representation for module `\sg13g2_IOPadOut30mA'.              
Generating RTLIL representation for module `\sg13g2_IOPadOut4mA'.               
Generating RTLIL representation for module `\sg13g2_IOPadTriOut16mA'.           
Generating RTLIL representation for module `\sg13g2_IOPadTriOut30mA'.           
Generating RTLIL representation for module `\sg13g2_IOPadTriOut4mA'.            
Generating RTLIL representation for module `\sg13g2_IOPadVdd'.                  
Generating RTLIL representation for module `\sg13g2_IOPadVss'.                  
Successfully finished Verilog frontend.                                         
wtaf                                                                            
                                                                                
3. Executing Verilog-2005 frontend: /foss/designs/spi-slave-ihp/spi_slave.v     
Parsing SystemVerilog input from `/foss/designs/spi-slave-ihp/spi_slave.v' to   
AST representation.                                                             
Storing AST representation for module `$abstract\spi_slave'.                    
Successfully finished Verilog frontend.                                         
                                                                                
4. Executing HIERARCHY pass (managing design hierarchy).                        
                                                                                
5. Executing AST frontend in derive mode using pre-parsed AST for module        
`\spi_slave'.                                                                   
Generating RTLIL representation for module `\spi_slave'.                        
                                                                                
5.1. Analyzing design hierarchy..                                               
Top module:  \spi_slave                                                         
                                                                                
5.2. Analyzing design hierarchy..                                               
Top module:  \spi_slave                                                         
Removing unused module `$abstract\spi_slave'.                                   
Removed 1 unused modules.                                                       
Renaming module spi_slave to spi_slave.                                         
                                                                                
6. Executing PROC pass (convert processes to netlists).                         
                                                                                
6.1. Executing PROC_CLEAN pass (remove empty switches from decision trees).     
Cleaned up 0 empty switches.                                                    
                                                                                
6.2. Executing PROC_RMDEAD pass (remove dead branches from decision trees).     
Marked 6 switch rules as full_case in process                                   
$proc$/foss/designs/spi-slave-ihp/spi_slave.v:44$1 in module spi_slave.         
Removed a total of 0 dead cases.                                                
                                                                                
6.3. Executing PROC_PRUNE pass (remove redundant assignments in processes).     
Removed 10 redundant assignments.                                               
Promoted 0 assignments to connections.                                          
                                                                                
6.4. Executing PROC_INIT pass (extract init attributes).                        
                                                                                
6.5. Executing PROC_ARST pass (detect async resets in processes).               
Found async reset \iRST_N in                                                    
`\spi_slave.$proc$/foss/designs/spi-slave-ihp/spi_slave.v:44$1'.                
                                                                                
6.6. Executing PROC_ROM pass (convert switches to ROMs).                        
Converted 0 switches.                                                           
<suppressed ~17 debug messages>                                                 
                                                                                
6.7. Executing PROC_MUX pass (convert decision trees to multiplexers).          
Creating decoders for process                                                   
`\spi_slave.$proc$/foss/designs/spi-slave-ihp/spi_slave.v:44$1'.                
     1/28: $0\Data2_out[7:0]                                                    
     2/28: $0\WrEn[0:0]                                                         
     3/28: $0\SSEL_delay1[0:0]                                                  
     4/28: $0\SCK_delay1[0:0]                                                   
     5/28: $0\SSEL_delay0[0:0]                                                  
     6/28: $0\MOSI_delay0[0:0]                                                  
     7/28: $0\SCK_delay0[0:0]                                                   
     8/28: $0\SSEL_metastable[0:0]                                              
     9/28: $0\MOSI_metastable[0:0]                                              
    10/28: $0\SCK_metastable[0:0]                                               
    11/28: $0\SPI_State[2:0]                                                    
    12/28: $0\Add_SPI[7:0]                                                      
    13/28: $0\Data_toSPI[7:0]                                                   
    14/28: $0\DataToSend[7:0]                                                   
    15/28: $0\Data_fromSPI[7:0]                                                 
    16/28: $0\ReceivedByte[7:0]                                                 
    17/28: $0\BitCnt[3:0]                                                       
    18/28: $0\RnW[0:0]                                                          
    19/28: $0\Register7[7:0]                                                    
    20/28: $0\Register6[7:0]                                                    
    21/28: $0\Register5[7:0]                                                    
    22/28: $0\Register4[7:0]                                                    
    23/28: $0\Register3[7:0]                                                    
    24/28: $0\Register2[7:0]                                                    
    25/28: $0\Register1[7:0]                                                    
    26/28: $0\Register0[7:0]                                                    
    27/28: $0\debug[7:0]                                                        
    28/28: $0\MISO[0:0]                                                         
                                                                                
6.8. Executing PROC_DLATCH pass (convert process syncs to latches).             
                                                                                
6.9. Executing PROC_DFF pass (convert process syncs to FFs).                    
Creating register for signal `\spi_slave.\MISO' using process                   
`\spi_slave.$proc$/foss/designs/spi-slave-ihp/spi_slave.v:44$1'.                
  created $adff cell `$procdff$243' with positive edge clock and positive level 
reset.                                                                          
Creating register for signal `\spi_slave.\Data2_out' using process              
`\spi_slave.$proc$/foss/designs/spi-slave-ihp/spi_slave.v:44$1'.                
  created $adff cell `$procdff$248' with positive edge clock and positive level 
reset.                                                                          
Creating register for signal `\spi_slave.\debug' using process                  
`\spi_slave.$proc$/foss/designs/spi-slave-ihp/spi_slave.v:44$1'.                
  created $adff cell `$procdff$253' with positive edge clock and positive level 
reset.                                                                          
Creating register for signal `\spi_slave.\Register0' using process              
`\spi_slave.$proc$/foss/designs/spi-slave-ihp/spi_slave.v:44$1'.                
  created $adff cell `$procdff$258' with positive edge clock and positive level 
reset.                                                                          
Creating register for signal `\spi_slave.\Register1' using process              
`\spi_slave.$proc$/foss/designs/spi-slave-ihp/spi_slave.v:44$1'.                
  created $adff cell `$procdff$263' with positive edge clock and positive level 
reset.                                                                          
Creating register for signal `\spi_slave.\Register2' using process              
`\spi_slave.$proc$/foss/designs/spi-slave-ihp/spi_slave.v:44$1'.                
  created $adff cell `$procdff$268' with positive edge clock and positive level 
reset.                                                                          
Creating register for signal `\spi_slave.\Register3' using process              
`\spi_slave.$proc$/foss/designs/spi-slave-ihp/spi_slave.v:44$1'.                
  created $adff cell `$procdff$273' with positive edge clock and positive level 
reset.                                                                          
Creating register for signal `\spi_slave.\Register4' using process              
`\spi_slave.$proc$/foss/designs/spi-slave-ihp/spi_slave.v:44$1'.                
  created $adff cell `$procdff$278' with positive edge clock and positive level 
reset.                                                                          
Creating register for signal `\spi_slave.\Register5' using process              
`\spi_slave.$proc$/foss/designs/spi-slave-ihp/spi_slave.v:44$1'.                
  created $adff cell `$procdff$283' with positive edge clock and positive level 
reset.                                                                          
Creating register for signal `\spi_slave.\Register6' using process              
`\spi_slave.$proc$/foss/designs/spi-slave-ihp/spi_slave.v:44$1'.                
  created $adff cell `$procdff$288' with positive edge clock and positive level 
reset.                                                                          
Creating register for signal `\spi_slave.\Register7' using process              
`\spi_slave.$proc$/foss/designs/spi-slave-ihp/spi_slave.v:44$1'.                
  created $adff cell `$procdff$293' with positive edge clock and positive level 
reset.                                                                          
Creating register for signal `\spi_slave.\SCK_metastable' using process         
`\spi_slave.$proc$/foss/designs/spi-slave-ihp/spi_slave.v:44$1'.                
  created $adff cell `$procdff$298' with positive edge clock and positive level 
reset.                                                                          
Creating register for signal `\spi_slave.\MOSI_metastable' using process        
`\spi_slave.$proc$/foss/designs/spi-slave-ihp/spi_slave.v:44$1'.                
  created $adff cell `$procdff$303' with positive edge clock and positive level 
reset.                                                                          
Creating register for signal `\spi_slave.\SSEL_metastable' using process        
`\spi_slave.$proc$/foss/designs/spi-slave-ihp/spi_slave.v:44$1'.                
  created $adff cell `$procdff$308' with positive edge clock and positive level 
reset.                                                                          
Creating register for signal `\spi_slave.\SCK_delay0' using process             
`\spi_slave.$proc$/foss/designs/spi-slave-ihp/spi_slave.v:44$1'.                
  created $adff cell `$procdff$313' with positive edge clock and positive level 
reset.                                                                          
Creating register for signal `\spi_slave.\MOSI_delay0' using process            
`\spi_slave.$proc$/foss/designs/spi-slave-ihp/spi_slave.v:44$1'.                
  created $adff cell `$procdff$318' with positive edge clock and positive level 
reset.                                                                          
Creating register for signal `\spi_slave.\SSEL_delay0' using process            
`\spi_slave.$proc$/foss/designs/spi-slave-ihp/spi_slave.v:44$1'.                
  created $adff cell `$procdff$323' with positive edge clock and positive level 
reset.                                                                          
Creating register for signal `\spi_slave.\SCK_delay1' using process             
`\spi_slave.$proc$/foss/designs/spi-slave-ihp/spi_slave.v:44$1'.                
  created $adff cell `$procdff$328' with positive edge clock and positive level 
reset.                                                                          
Creating register for signal `\spi_slave.\SSEL_delay1' using process            
`\spi_slave.$proc$/foss/designs/spi-slave-ihp/spi_slave.v:44$1'.                
  created $adff cell `$procdff$333' with positive edge clock and positive level 
reset.                                                                          
Creating register for signal `\spi_slave.\WrEn' using process                   
`\spi_slave.$proc$/foss/designs/spi-slave-ihp/spi_slave.v:44$1'.                
  created $adff cell `$procdff$338' with positive edge clock and positive level 
reset.                                                                          
Creating register for signal `\spi_slave.\RnW' using process                    
`\spi_slave.$proc$/foss/designs/spi-slave-ihp/spi_slave.v:44$1'.                
  created $adff cell `$procdff$343' with positive edge clock and positive level 
reset.                                                                          
Creating register for signal `\spi_slave.\BitCnt' using process                 
`\spi_slave.$proc$/foss/designs/spi-slave-ihp/spi_slave.v:44$1'.                
  created $adff cell `$procdff$348' with positive edge clock and positive level 
reset.                                                                          
Creating register for signal `\spi_slave.\ReceivedByte' using process           
`\spi_slave.$proc$/foss/designs/spi-slave-ihp/spi_slave.v:44$1'.                
  created $adff cell `$procdff$353' with positive edge clock and positive level 
reset.                                                                          
Creating register for signal `\spi_slave.\Data_fromSPI' using process           
`\spi_slave.$proc$/foss/designs/spi-slave-ihp/spi_slave.v:44$1'.                
  created $adff cell `$procdff$358' with positive edge clock and positive level 
reset.                                                                          
Creating register for signal `\spi_slave.\DataToSend' using process             
`\spi_slave.$proc$/foss/designs/spi-slave-ihp/spi_slave.v:44$1'.                
  created $adff cell `$procdff$363' with positive edge clock and positive level 
reset.                                                                          
Creating register for signal `\spi_slave.\Data_toSPI' using process             
`\spi_slave.$proc$/foss/designs/spi-slave-ihp/spi_slave.v:44$1'.                
  created $adff cell `$procdff$368' with positive edge clock and positive level 
reset.                                                                          
Creating register for signal `\spi_slave.\Add_SPI' using process                
`\spi_slave.$proc$/foss/designs/spi-slave-ihp/spi_slave.v:44$1'.                
  created $adff cell `$procdff$373' with positive edge clock and positive level 
reset.                                                                          
Creating register for signal `\spi_slave.\SPI_State' using process              
`\spi_slave.$proc$/foss/designs/spi-slave-ihp/spi_slave.v:44$1'.                
  created $adff cell `$procdff$378' with positive edge clock and positive level 
reset.                                                                          
                                                                                
6.10. Executing PROC_MEMWR pass (convert process memory writes to cells).       
                                                                                
6.11. Executing PROC_CLEAN pass (remove empty switches from decision trees).    
Found and cleaned up 17 empty switches in                                       
`\spi_slave.$proc$/foss/designs/spi-slave-ihp/spi_slave.v:44$1'.                
Removing empty process                                                          
`spi_slave.$proc$/foss/designs/spi-slave-ihp/spi_slave.v:44$1'.                 
Cleaned up 17 empty switches.                                                   
                                                                                
6.12. Executing OPT_EXPR pass (perform const folding).                          
Optimizing module spi_slave.                                                    
<suppressed ~79 debug messages>                                                 
                                                                                
7. Executing FLATTEN pass (flatten design).                                     
                                                                                
8. Executing OPT_CLEAN pass (remove unused cells and wires).                    
Finding unused cells or wires in module \spi_slave..                            
Removed 29 unused cells and 138 unused wires.                                   
<suppressed ~30 debug messages>                                                 
────────────────────────────────── Synthesis ───────────────────────────────────
[22:27:59] VERBOSE  Running 'Yosys.Synthesis' at                    step.py:1138
                    'runs/RUN_2026-08-08_22-27-58/06-yosys-synthesi             
                    s'…                                                         
[22:27:59] VERBOSE  Logging subprocess to                           step.py:1338
                    'runs/RUN_2026-08-08_22-27-58/06-yosys-synthesi             
                    s/yosys-synthesis.log'…                                     
                                                                                
 /----------------------------------------------------------------------------\ 
 |  yosys -- Yosys Open SYnthesis Suite                                       | 
 |  Copyright (C) 2012 - 2026  Claire Xenia Wolf <claire@yosyshq.com>         | 
 |  Distributed under an ISC-like license, type "license" to see terms        | 
 \----------------------------------------------------------------------------/ 
 Yosys 0.67 (git sha1 2d1509d1b, Release, GNU /usr/bin/c++ 13.3.0)              
                                                                                
1. Executing Liberty frontend:                                                  
/foss/pdks/ihp-sg13g2/libs.ref/sg13g2_stdcell/lib/sg13g2_stdcell_typ_1p20V_25C.l
ib                                                                              
Imported 84 cell types from liberty file.                                       
                                                                                
2. Executing Liberty frontend:                                                  
/foss/pdks/ihp-sg13g2/libs.ref/sg13g2_io/lib/sg13g2_io_typ_1p2V_3p3V_25C.lib    
Imported 22 cell types from liberty file.                                       
[INFO] Using SDC file                                                           
'/foss/designs/spi-slave-ihp/flow/runs/RUN_2026-08-08_22-27-58/06-yosys-synthesi
s/synthesis.abc.sdc' for ABC…wtaf                                               
                                                                                
3. Executing Verilog-2005 frontend: /foss/designs/spi-slave-ihp/spi_slave.v     
Parsing SystemVerilog input from `/foss/designs/spi-slave-ihp/spi_slave.v' to   
AST representation.                                                             
Storing AST representation for module `$abstract\spi_slave'.                    
Successfully finished Verilog frontend.                                         
                                                                                
4. Executing HIERARCHY pass (managing design hierarchy).                        
                                                                                
5. Executing AST frontend in derive mode using pre-parsed AST for module        
`\spi_slave'.                                                                   
Generating RTLIL representation for module `\spi_slave'.                        
                                                                                
5.1. Analyzing design hierarchy..                                               
Top module:  \spi_slave                                                         
                                                                                
5.2. Analyzing design hierarchy..                                               
Top module:  \spi_slave                                                         
Removing unused module `$abstract\spi_slave'.                                   
Removed 1 unused modules.                                                       
Renaming module spi_slave to spi_slave.                                         
                                                                                
6. Executing ATTRMAP pass (move or copy attributes).                            
                                                                                
7. Executing TRIBUF pass.                                                       
                                                                                
8. Executing HIERARCHY pass (managing design hierarchy).                        
                                                                                
8.1. Analyzing design hierarchy..                                               
Top module:  \spi_slave                                                         
                                                                                
8.2. Analyzing design hierarchy..                                               
Top module:  \spi_slave                                                         
Removed 0 unused modules.                                                       
                                                                                
9. Executing PROC_CLEAN pass (remove empty switches from decision trees).       
Cleaned up 0 empty switches.                                                    
                                                                                
10. Executing PROC_RMDEAD pass (remove dead branches from decision trees).      
Marked 6 switch rules as full_case in process                                   
$proc$/foss/designs/spi-slave-ihp/spi_slave.v:44$1 in module spi_slave.         
Removed a total of 0 dead cases.                                                
                                                                                
11. Executing PROC_PRUNE pass (remove redundant assignments in processes).      
Removed 10 redundant assignments.                                               
Promoted 0 assignments to connections.                                          
                                                                                
12. Executing PROC_INIT pass (extract init attributes).                         
                                                                                
13. Executing PROC_ARST pass (detect async resets in processes).                
Found async reset \iRST_N in                                                    
`\spi_slave.$proc$/foss/designs/spi-slave-ihp/spi_slave.v:44$1'.                
                                                                                
14. Executing PROC_ROM pass (convert switches to ROMs).                         
Converted 0 switches.                                                           
<suppressed ~17 debug messages>                                                 
                                                                                
15. Executing PROC_MUX pass (convert decision trees to multiplexers).           
Creating decoders for process                                                   
`\spi_slave.$proc$/foss/designs/spi-slave-ihp/spi_slave.v:44$1'.                
     1/28: $0\Data2_out[7:0]                                                    
     2/28: $0\WrEn[0:0]                                                         
     3/28: $0\SSEL_delay1[0:0]                                                  
     4/28: $0\SCK_delay1[0:0]                                                   
     5/28: $0\SSEL_delay0[0:0]                                                  
     6/28: $0\MOSI_delay0[0:0]                                                  
     7/28: $0\SCK_delay0[0:0]                                                   
     8/28: $0\SSEL_metastable[0:0]                                              
     9/28: $0\MOSI_metastable[0:0]                                              
    10/28: $0\SCK_metastable[0:0]                                               
    11/28: $0\SPI_State[2:0]                                                    
    12/28: $0\Add_SPI[7:0]                                                      
    13/28: $0\Data_toSPI[7:0]                                                   
    14/28: $0\DataToSend[7:0]                                                   
    15/28: $0\Data_fromSPI[7:0]                                                 
    16/28: $0\ReceivedByte[7:0]                                                 
    17/28: $0\BitCnt[3:0]                                                       
    18/28: $0\RnW[0:0]                                                          
    19/28: $0\Register7[7:0]                                                    
    20/28: $0\Register6[7:0]                                                    
    21/28: $0\Register5[7:0]                                                    
    22/28: $0\Register4[7:0]                                                    
    23/28: $0\Register3[7:0]                                                    
    24/28: $0\Register2[7:0]                                                    
    25/28: $0\Register1[7:0]                                                    
    26/28: $0\Register0[7:0]                                                    
    27/28: $0\debug[7:0]                                                        
    28/28: $0\MISO[0:0]                                                         
                                                                                
16. Executing PROC_DLATCH pass (convert process syncs to latches).              
                                                                                
17. Executing PROC_DFF pass (convert process syncs to FFs).                     
Creating register for signal `\spi_slave.\MISO' using process                   
`\spi_slave.$proc$/foss/designs/spi-slave-ihp/spi_slave.v:44$1'.                
  created $adff cell `$procdff$243' with positive edge clock and positive level 
reset.                                                                          
Creating register for signal `\spi_slave.\Data2_out' using process              
`\spi_slave.$proc$/foss/designs/spi-slave-ihp/spi_slave.v:44$1'.                
  created $adff cell `$procdff$248' with positive edge clock and positive level 
reset.                                                                          
Creating register for signal `\spi_slave.\debug' using process                  
`\spi_slave.$proc$/foss/designs/spi-slave-ihp/spi_slave.v:44$1'.                
  created $adff cell `$procdff$253' with positive edge clock and positive level 
reset.                                                                          
Creating register for signal `\spi_slave.\Register0' using process              
`\spi_slave.$proc$/foss/designs/spi-slave-ihp/spi_slave.v:44$1'.                
  created $adff cell `$procdff$258' with positive edge clock and positive level 
reset.                                                                          
Creating register for signal `\spi_slave.\Register1' using process              
`\spi_slave.$proc$/foss/designs/spi-slave-ihp/spi_slave.v:44$1'.                
  created $adff cell `$procdff$263' with positive edge clock and positive level 
reset.                                                                          
Creating register for signal `\spi_slave.\Register2' using process              
`\spi_slave.$proc$/foss/designs/spi-slave-ihp/spi_slave.v:44$1'.                
  created $adff cell `$procdff$268' with positive edge clock and positive level 
reset.                                                                          
Creating register for signal `\spi_slave.\Register3' using process              
`\spi_slave.$proc$/foss/designs/spi-slave-ihp/spi_slave.v:44$1'.                
  created $adff cell `$procdff$273' with positive edge clock and positive level 
reset.                                                                          
Creating register for signal `\spi_slave.\Register4' using process              
`\spi_slave.$proc$/foss/designs/spi-slave-ihp/spi_slave.v:44$1'.                
  created $adff cell `$procdff$278' with positive edge clock and positive level 
reset.                                                                          
Creating register for signal `\spi_slave.\Register5' using process              
`\spi_slave.$proc$/foss/designs/spi-slave-ihp/spi_slave.v:44$1'.                
  created $adff cell `$procdff$283' with positive edge clock and positive level 
reset.                                                                          
Creating register for signal `\spi_slave.\Register6' using process              
`\spi_slave.$proc$/foss/designs/spi-slave-ihp/spi_slave.v:44$1'.                
  created $adff cell `$procdff$288' with positive edge clock and positive level 
reset.                                                                          
Creating register for signal `\spi_slave.\Register7' using process              
`\spi_slave.$proc$/foss/designs/spi-slave-ihp/spi_slave.v:44$1'.                
  created $adff cell `$procdff$293' with positive edge clock and positive level 
reset.                                                                          
Creating register for signal `\spi_slave.\SCK_metastable' using process         
`\spi_slave.$proc$/foss/designs/spi-slave-ihp/spi_slave.v:44$1'.                
  created $adff cell `$procdff$298' with positive edge clock and positive level 
reset.                                                                          
Creating register for signal `\spi_slave.\MOSI_metastable' using process        
`\spi_slave.$proc$/foss/designs/spi-slave-ihp/spi_slave.v:44$1'.                
  created $adff cell `$procdff$303' with positive edge clock and positive level 
reset.                                                                          
Creating register for signal `\spi_slave.\SSEL_metastable' using process        
`\spi_slave.$proc$/foss/designs/spi-slave-ihp/spi_slave.v:44$1'.                
  created $adff cell `$procdff$308' with positive edge clock and positive level 
reset.                                                                          
Creating register for signal `\spi_slave.\SCK_delay0' using process             
`\spi_slave.$proc$/foss/designs/spi-slave-ihp/spi_slave.v:44$1'.                
  created $adff cell `$procdff$313' with positive edge clock and positive level 
reset.                                                                          
Creating register for signal `\spi_slave.\MOSI_delay0' using process            
`\spi_slave.$proc$/foss/designs/spi-slave-ihp/spi_slave.v:44$1'.                
  created $adff cell `$procdff$318' with positive edge clock and positive level 
reset.                                                                          
Creating register for signal `\spi_slave.\SSEL_delay0' using process            
`\spi_slave.$proc$/foss/designs/spi-slave-ihp/spi_slave.v:44$1'.                
  created $adff cell `$procdff$323' with positive edge clock and positive level 
reset.                                                                          
Creating register for signal `\spi_slave.\SCK_delay1' using process             
`\spi_slave.$proc$/foss/designs/spi-slave-ihp/spi_slave.v:44$1'.                
  created $adff cell `$procdff$328' with positive edge clock and positive level 
reset.                                                                          
Creating register for signal `\spi_slave.\SSEL_delay1' using process            
`\spi_slave.$proc$/foss/designs/spi-slave-ihp/spi_slave.v:44$1'.                
  created $adff cell `$procdff$333' with positive edge clock and positive level 
reset.                                                                          
Creating register for signal `\spi_slave.\WrEn' using process                   
`\spi_slave.$proc$/foss/designs/spi-slave-ihp/spi_slave.v:44$1'.                
  created $adff cell `$procdff$338' with positive edge clock and positive level 
reset.                                                                          
Creating register for signal `\spi_slave.\RnW' using process                    
`\spi_slave.$proc$/foss/designs/spi-slave-ihp/spi_slave.v:44$1'.                
  created $adff cell `$procdff$343' with positive edge clock and positive level 
reset.                                                                          
Creating register for signal `\spi_slave.\BitCnt' using process                 
`\spi_slave.$proc$/foss/designs/spi-slave-ihp/spi_slave.v:44$1'.                
  created $adff cell `$procdff$348' with positive edge clock and positive level 
reset.                                                                          
Creating register for signal `\spi_slave.\ReceivedByte' using process           
`\spi_slave.$proc$/foss/designs/spi-slave-ihp/spi_slave.v:44$1'.                
  created $adff cell `$procdff$353' with positive edge clock and positive level 
reset.                                                                          
Creating register for signal `\spi_slave.\Data_fromSPI' using process           
`\spi_slave.$proc$/foss/designs/spi-slave-ihp/spi_slave.v:44$1'.                
  created $adff cell `$procdff$358' with positive edge clock and positive level 
reset.                                                                          
Creating register for signal `\spi_slave.\DataToSend' using process             
`\spi_slave.$proc$/foss/designs/spi-slave-ihp/spi_slave.v:44$1'.                
  created $adff cell `$procdff$363' with positive edge clock and positive level 
reset.                                                                          
Creating register for signal `\spi_slave.\Data_toSPI' using process             
`\spi_slave.$proc$/foss/designs/spi-slave-ihp/spi_slave.v:44$1'.                
  created $adff cell `$procdff$368' with positive edge clock and positive level 
reset.                                                                          
Creating register for signal `\spi_slave.\Add_SPI' using process                
`\spi_slave.$proc$/foss/designs/spi-slave-ihp/spi_slave.v:44$1'.                
  created $adff cell `$procdff$373' with positive edge clock and positive level 
reset.                                                                          
Creating register for signal `\spi_slave.\SPI_State' using process              
`\spi_slave.$proc$/foss/designs/spi-slave-ihp/spi_slave.v:44$1'.                
  created $adff cell `$procdff$378' with positive edge clock and positive level 
reset.                                                                          
                                                                                
18. Executing PROC_MEMWR pass (convert process memory writes to cells).         
                                                                                
19. Executing PROC_CLEAN pass (remove empty switches from decision trees).      
Found and cleaned up 17 empty switches in                                       
`\spi_slave.$proc$/foss/designs/spi-slave-ihp/spi_slave.v:44$1'.                
Removing empty process                                                          
`spi_slave.$proc$/foss/designs/spi-slave-ihp/spi_slave.v:44$1'.                 
Cleaned up 17 empty switches.                                                   
                                                                                
20. Executing CHECK pass (checking for obvious problems).                       
Checking module spi_slave...                                                    
Found and reported 0 problems.                                                  
                                                                                
21. Executing OPT_EXPR pass (perform const folding).                            
Optimizing module spi_slave.                                                    
<suppressed ~79 debug messages>                                                 
                                                                                
22. Executing FLATTEN pass (flatten design).                                    
                                                                                
23. Executing OPT_EXPR pass (perform const folding).                            
Optimizing module spi_slave.                                                    
                                                                                
24. Executing OPT_CLEAN pass (remove unused cells and wires).                   
Finding unused cells or wires in module \spi_slave..                            
Removed 29 unused cells and 138 unused wires.                                   
<suppressed ~30 debug messages>                                                 
                                                                                
25. Executing OPT_EXPR pass (perform const folding).                            
Optimizing module spi_slave.                                                    
                                                                                
26. Executing OPT_MERGE pass (detect identical cells).                          
Finding identical cells in module `\spi_slave'.                                 
Computing hashes of 154 cells of `\spi_slave'.                                  
Finding duplicate cells in `\spi_slave'.                                        
Computing hashes of 122 cells of `\spi_slave'.                                  
Finding duplicate cells in `\spi_slave'.                                        
Computing hashes of 120 cells of `\spi_slave'.                                  
Finding duplicate cells in `\spi_slave'.                                        
<suppressed ~102 debug messages>                                                
Removed a total of 34 cells.                                                    
                                                                                
27. Executing OPT_MUXTREE pass (detect dead branches in mux trees).             
Running muxtree optimizer on module \spi_slave..                                
  Creating internal representation of mux trees.                                
  Evaluating internal representation of mux trees.                              
  Analyzing evaluation results.                                                 
Removed 0 multiplexer ports.                                                    
<suppressed ~82 debug messages>                                                 
                                                                                
28. Executing OPT_REDUCE pass (consolidate $*mux and $reduce_* inputs).         
  Optimizing cells in module \spi_slave.                                        
Performed a total of 0 changes.                                                 
                                                                                
29. Executing OPT_MERGE pass (detect identical cells).                          
Finding identical cells in module `\spi_slave'.                                 
Computing hashes of 120 cells of `\spi_slave'.                                  
Finding duplicate cells in `\spi_slave'.                                        
Computing hashes of 116 cells of `\spi_slave'.                                  
Finding duplicate cells in `\spi_slave'.                                        
<suppressed ~12 debug messages>                                                 
Removed a total of 4 cells.                                                     
                                                                                
30. Executing OPT_DFF pass (perform DFF optimizations).                         
                                                                                
31. Executing OPT_CLEAN pass (remove unused cells and wires).                   
Finding unused cells or wires in module \spi_slave..                            
Removed 0 unused cells and 38 unused wires.                                     
<suppressed ~1 debug messages>                                                  
                                                                                
32. Executing OPT_EXPR pass (perform const folding).                            
Optimizing module spi_slave.                                                    
                                                                                
33. Rerunning OPT passes. (Maybe there is more to do…)                          
                                                                                
34. Executing OPT_MUXTREE pass (detect dead branches in mux trees).             
Running muxtree optimizer on module \spi_slave..                                
  Creating internal representation of mux trees.                                
  Evaluating internal representation of mux trees.                              
  Analyzing evaluation results.                                                 
Removed 0 multiplexer ports.                                                    
<suppressed ~84 debug messages>                                                 
                                                                                
35. Executing OPT_REDUCE pass (consolidate $*mux and $reduce_* inputs).         
  Optimizing cells in module \spi_slave.                                        
    New ctrl vector for $pmux cell $procmux$108:                                
$auto$opt_reduce.cc:137:opt_pmux$380                                            
    New ctrl vector for $pmux cell $procmux$99:                                 
$auto$opt_reduce.cc:137:opt_pmux$382                                            
    New ctrl vector for $pmux cell $procmux$49: { $procmux$224_CMP              
$auto$opt_reduce.cc:137:opt_pmux$384 $procmux$112_CMP $procmux$131_CMP }        
  Optimizing cells in module \spi_slave.                                        
Performed a total of 3 changes.                                                 
                                                                                
36. Executing OPT_MERGE pass (detect identical cells).                          
Finding identical cells in module `\spi_slave'.                                 
Computing hashes of 119 cells of `\spi_slave'.                                  
Finding duplicate cells in `\spi_slave'.                                        
Computing hashes of 118 cells of `\spi_slave'.                                  
Finding duplicate cells in `\spi_slave'.                                        
<suppressed ~3 debug messages>                                                  
Removed a total of 1 cells.                                                     
                                                                                
37. Executing OPT_DFF pass (perform DFF optimizations).                         
                                                                                
38. Executing OPT_CLEAN pass (remove unused cells and wires).                   
Finding unused cells or wires in module \spi_slave..                            
Removed 0 unused cells and 1 unused wires.                                      
<suppressed ~1 debug messages>                                                  
                                                                                
39. Executing OPT_EXPR pass (perform const folding).                            
Optimizing module spi_slave.                                                    
                                                                                
40. Rerunning OPT passes. (Maybe there is more to do…)                          
                                                                                
41. Executing OPT_MUXTREE pass (detect dead branches in mux trees).             
Running muxtree optimizer on module \spi_slave..                                
  Creating internal representation of mux trees.                                
  Evaluating internal representation of mux trees.                              
  Analyzing evaluation results.                                                 
Removed 0 multiplexer ports.                                                    
<suppressed ~81 debug messages>                                                 
                                                                                
42. Executing OPT_REDUCE pass (consolidate $*mux and $reduce_* inputs).         
  Optimizing cells in module \spi_slave.                                        
Performed a total of 0 changes.                                                 
                                                                                
43. Executing OPT_MERGE pass (detect identical cells).                          
Finding identical cells in module `\spi_slave'.                                 
Computing hashes of 118 cells of `\spi_slave'.                                  
Finding duplicate cells in `\spi_slave'.                                        
Removed a total of 0 cells.                                                     
                                                                                
44. Executing OPT_DFF pass (perform DFF optimizations).                         
                                                                                
45. Executing OPT_CLEAN pass (remove unused cells and wires).                   
Finding unused cells or wires in module \spi_slave..                            
                                                                                
46. Executing OPT_EXPR pass (perform const folding).                            
Optimizing module spi_slave.                                                    
                                                                                
47. Executing FSM pass (extract and optimize FSM).                              
                                                                                
47.1. Executing FSM_DETECT pass (finding FSMs in design).                       
Found FSM state register spi_slave.SPI_State.                                   
                                                                                
47.2. Executing FSM_EXTRACT pass (extracting FSM from design).                  
Extracting FSM `\SPI_State' from module `\spi_slave'.                           
  found $adff cell for state register: $procdff$378                             
  root of input selection tree: $0\SPI_State[2:0]                               
  found reset state: 3'000 (from async reset)                                   
  found ctrl input: $procmux$131_CMP                                            
  found ctrl input: $procmux$112_CMP                                            
  found ctrl input: $auto$opt_reduce.cc:137:opt_pmux$382                        
  found ctrl input: $procmux$224_CMP                                            
  found ctrl input: $logic_and$/foss/designs/spi-slave-ihp/spi_slave.v:141$6_Y  
  found state code: 3'001                                                       
  found ctrl input: $eq$/foss/designs/spi-slave-ihp/spi_slave.v:151$12_Y        
  found ctrl input: \ReceivedByte [7]                                           
  found state code: 3'010                                                       
  found state code: 3'011                                                       
  found state code: 3'100                                                       
  found ctrl input: \SSEL_delay0                                                
  found ctrl output: $procmux$224_CMP                                           
  found ctrl output: $procmux$103_CMP                                           
  found ctrl output: $procmux$112_CMP                                           
  found ctrl output: $procmux$131_CMP                                           
  found ctrl output: $procmux$100_CMP                                           
  ctrl inputs: { $eq$/foss/designs/spi-slave-ihp/spi_slave.v:151$12_Y           
$logic_and$/foss/designs/spi-slave-ihp/spi_slave.v:141$6_Y \ReceivedByte [7]    
\SSEL_delay0 $auto$opt_reduce.cc:137:opt_pmux$382 }                             
  ctrl outputs: { $procmux$224_CMP $procmux$131_CMP $procmux$112_CMP            
$procmux$103_CMP $procmux$100_CMP $0\SPI_State[2:0] }                           
  transition:      3'000 5'-0--- ->      3'000 8'01000000                       
  transition:      3'000 5'-1--- ->      3'001 8'01000001                       
  transition:      3'100 5'---0- ->      3'100 8'10000100                       
  transition:      3'100 5'---1- ->      3'000 8'10000000                       
  transition:      3'010 5'0---- ->      3'010 8'00010010                       
  transition:      3'010 5'1---- ->      3'100 8'00010100                       
  transition:      3'001 5'0---- ->      3'001 8'00100001                       
  transition:      3'001 5'1-0-- ->      3'010 8'00100010                       
  transition:      3'001 5'1-1-- ->      3'011 8'00100011                       
  transition:      3'011 5'0---- ->      3'011 8'00001011                       
  transition:      3'011 5'1---- ->      3'100 8'00001100                       
                                                                                
47.3. Executing FSM_OPT pass (simple optimizations of FSMs).                    
Optimizing FSM `$fsm$\SPI_State$385' from module `\spi_slave'.                  
  Removing unused input signal $auto$opt_reduce.cc:137:opt_pmux$382.            
                                                                                
47.4. Executing OPT_CLEAN pass (remove unused cells and wires).                 
Finding unused cells or wires in module \spi_slave..                            
Removed 12 unused cells and 12 unused wires.                                    
<suppressed ~13 debug messages>                                                 
                                                                                
47.5. Executing FSM_OPT pass (simple optimizations of FSMs).                    
Optimizing FSM `$fsm$\SPI_State$385' from module `\spi_slave'.                  
  Removing unused output signal $0\SPI_State[2:0] [0].                          
  Removing unused output signal $0\SPI_State[2:0] [1].                          
  Removing unused output signal $0\SPI_State[2:0] [2].                          
                                                                                
47.6. Executing FSM_RECODE pass (re-assigning FSM state encoding).              
Recoding FSM `$fsm$\SPI_State$385' from module `\spi_slave' using `auto'        
encoding:                                                                       
  mapping auto encoding to `one-hot` for this FSM.                              
  000 -> ----1                                                                  
  100 -> ---1-                                                                  
  010 -> --1--                                                                  
  001 -> -1---                                                                  
  011 -> 1----                                                                  
                                                                                
47.7. Executing FSM_INFO pass (dumping all available information on FSM cells). 
                                                                                
FSM `$fsm$\SPI_State$385' from module `spi_slave':                              
-------------------------------------                                           
                                                                                
  Information on FSM $fsm$\SPI_State$385 (\SPI_State):                          
                                                                                
  Number of input signals:    4                                                 
  Number of output signals:   5                                                 
  Number of state bits:       5                                                 
                                                                                
  Input signals:                                                                
    0: \SSEL_delay0                                                             
    1: \ReceivedByte [7]                                                        
    2: $logic_and$/foss/designs/spi-slave-ihp/spi_slave.v:141$6_Y               
    3: $eq$/foss/designs/spi-slave-ihp/spi_slave.v:151$12_Y                     
                                                                                
  Output signals:                                                               
    0: $procmux$100_CMP                                                         
    1: $procmux$103_CMP                                                         
    2: $procmux$112_CMP                                                         
    3: $procmux$131_CMP                                                         
    4: $procmux$224_CMP                                                         
                                                                                
  State encoding:                                                               
    0:    5'----1  <RESET STATE>                                                
    1:    5'---1-                                                               
    2:    5'--1--                                                               
    3:    5'-1---                                                               
    4:    5'1----                                                               
                                                                                
  Transition Table (state_in, ctrl_in, state_out, ctrl_out):                    
      0:     0 4'-0--   ->     0 5'01000                                        
      1:     0 4'-1--   ->     3 5'01000                                        
      2:     1 4'---1   ->     0 5'10000                                        
      3:     1 4'---0   ->     1 5'10000                                        
      4:     2 4'1---   ->     1 5'00010                                        
      5:     2 4'0---   ->     2 5'00010                                        
      6:     3 4'1-0-   ->     2 5'00100                                        
      7:     3 4'0---   ->     3 5'00100                                        
      8:     3 4'1-1-   ->     4 5'00100                                        
      9:     4 4'1---   ->     1 5'00001                                        
     10:     4 4'0---   ->     4 5'00001                                        
                                                                                
-------------------------------------                                           
                                                                                
47.8. Executing FSM_MAP pass (mapping FSMs to basic logic).                     
Mapping FSM `$fsm$\SPI_State$385' from module `\spi_slave'.                     
                                                                                
48. Executing OPT_EXPR pass (perform const folding).                            
Optimizing module spi_slave.                                                    
<suppressed ~8 debug messages>                                                  
                                                                                
49. Executing OPT_MERGE pass (detect identical cells).                          
Finding identical cells in module `\spi_slave'.                                 
Computing hashes of 130 cells of `\spi_slave'.                                  
Finding duplicate cells in `\spi_slave'.                                        
Computing hashes of 126 cells of `\spi_slave'.                                  
Finding duplicate cells in `\spi_slave'.                                        
<suppressed ~12 debug messages>                                                 
Removed a total of 4 cells.                                                     
                                                                                
50. Executing OPT_MUXTREE pass (detect dead branches in mux trees).             
Running muxtree optimizer on module \spi_slave..                                
  Creating internal representation of mux trees.                                
  Evaluating internal representation of mux trees.                              
  Analyzing evaluation results.                                                 
Removed 0 multiplexer ports.                                                    
<suppressed ~74 debug messages>                                                 
                                                                                
51. Executing OPT_REDUCE pass (consolidate $*mux and $reduce_* inputs).         
  Optimizing cells in module \spi_slave.                                        
Performed a total of 0 changes.                                                 
                                                                                
52. Executing OPT_MERGE pass (detect identical cells).                          
Finding identical cells in module `\spi_slave'.                                 
Computing hashes of 126 cells of `\spi_slave'.                                  
Finding duplicate cells in `\spi_slave'.                                        
Removed a total of 0 cells.                                                     
                                                                                
53. Executing OPT_DFF pass (perform DFF optimizations).                         
Adding EN signal on $procdff$373 ($adff) from module spi_slave (D = { 1'0       
\ReceivedByte [6:0] }, Q = \Add_SPI).                                           
Adding EN signal on $procdff$368 ($adff) from module spi_slave (D =             
$procmux$75_Y, Q = \Data_toSPI).                                                
Adding EN signal on $procdff$363 ($adff) from module spi_slave (D =             
$procmux$92_Y, Q = \DataToSend).                                                
Adding EN signal on $procdff$358 ($adff) from module spi_slave (D =             
\ReceivedByte, Q = \Data_fromSPI).                                              
Adding EN signal on $procdff$353 ($adff) from module spi_slave (D = {           
\ReceivedByte [6:0] \MOSI_delay0 }, Q = \ReceivedByte).                         
Adding EN signal on $procdff$348 ($adff) from module spi_slave (D =             
$0\BitCnt[3:0], Q = \BitCnt).                                                   
Adding EN signal on $procdff$343 ($adff) from module spi_slave (D =             
\ReceivedByte [7], Q = \RnW).                                                   
Adding EN signal on $procdff$293 ($adff) from module spi_slave (D =             
\Data_fromSPI, Q = \Register7).                                                 
Adding EN signal on $procdff$288 ($adff) from module spi_slave (D =             
\Data_fromSPI, Q = \Register6).                                                 
Adding EN signal on $procdff$283 ($adff) from module spi_slave (D =             
\Data_fromSPI, Q = \Register5).                                                 
Adding EN signal on $procdff$278 ($adff) from module spi_slave (D =             
\Data_fromSPI, Q = \Register4).                                                 
Adding EN signal on $procdff$273 ($adff) from module spi_slave (D =             
\Data_fromSPI, Q = \Register3).                                                 
Adding EN signal on $procdff$268 ($adff) from module spi_slave (D =             
\Data_fromSPI, Q = \Register2).                                                 
Adding EN signal on $procdff$263 ($adff) from module spi_slave (D =             
\Data_fromSPI, Q = \Register1).                                                 
Adding EN signal on $procdff$258 ($adff) from module spi_slave (D =             
\Data_fromSPI, Q = \Register0).                                                 
Adding EN signal on $procdff$253 ($adff) from module spi_slave (D =             
$0\debug[7:0] [7:5], Q = \debug [7:5]).                                         
Adding EN signal on $procdff$253 ($adff) from module spi_slave (D =             
$0\debug[7:0] [0], Q = \debug [0]).                                             
Adding EN signal on $procdff$253 ($adff) from module spi_slave (D =             
$0\debug[7:0] [4], Q = \debug [4]).                                             
Adding EN signal on $procdff$253 ($adff) from module spi_slave (D =             
$0\debug[7:0] [2], Q = \debug [2]).                                             
Adding EN signal on $procdff$253 ($adff) from module spi_slave (D =             
$0\debug[7:0] [1], Q = \debug [1]).                                             
Adding EN signal on $procdff$253 ($adff) from module spi_slave (D =             
$0\debug[7:0] [3], Q = \debug [3]).                                             
Adding EN signal on $procdff$243 ($adff) from module spi_slave (D =             
$procmux$235_Y, Q = \MISO).                                                     
Setting constant 0-bit at position 7 on $auto$ff.cc:337:slice$443 ($adffe) from 
module spi_slave.                                                               
                                                                                
54. Executing OPT_CLEAN pass (remove unused cells and wires).                   
Finding unused cells or wires in module \spi_slave..                            
Removed 35 unused cells and 50 unused wires.                                    
<suppressed ~36 debug messages>                                                 
                                                                                
55. Executing OPT_EXPR pass (perform const folding).                            
Optimizing module spi_slave.                                                    
<suppressed ~29 debug messages>                                                 
                                                                                
56. Rerunning OPT passes. (Maybe there is more to do…)                          
                                                                                
57. Executing OPT_MUXTREE pass (detect dead branches in mux trees).             
Running muxtree optimizer on module \spi_slave..                                
  Creating internal representation of mux trees.                                
  Evaluating internal representation of mux trees.                              
  Analyzing evaluation results.                                                 
Removed 0 multiplexer ports.                                                    
<suppressed ~27 debug messages>                                                 
                                                                                
58. Executing OPT_REDUCE pass (consolidate $*mux and $reduce_* inputs).         
  Optimizing cells in module \spi_slave.                                        
Performed a total of 0 changes.                                                 
                                                                                
59. Executing OPT_MERGE pass (detect identical cells).                          
Finding identical cells in module `\spi_slave'.                                 
Computing hashes of 146 cells of `\spi_slave'.                                  
Finding duplicate cells in `\spi_slave'.                                        
Computing hashes of 122 cells of `\spi_slave'.                                  
Finding duplicate cells in `\spi_slave'.                                        
<suppressed ~72 debug messages>                                                 
Removed a total of 24 cells.                                                    
                                                                                
60. Executing OPT_DFF pass (perform DFF optimizations).                         
Handling never-active EN on $auto$ff.cc:337:slice$508 ($adffe) from module      
spi_slave (removing D path).                                                    
Setting constant 0-bit at position 0 on $auto$ff.cc:337:slice$508 ($dlatch) from
module spi_slave.                                                               
Setting constant 0-bit at position 1 on $auto$ff.cc:337:slice$508 ($dlatch) from
module spi_slave.                                                               
Setting constant 0-bit at position 2 on $auto$ff.cc:337:slice$508 ($dlatch) from
module spi_slave.                                                               
                                                                                
61. Executing OPT_CLEAN pass (remove unused cells and wires).                   
Finding unused cells or wires in module \spi_slave..                            
Removed 0 unused cells and 32 unused wires.                                     
<suppressed ~1 debug messages>                                                  
                                                                                
62. Executing OPT_EXPR pass (perform const folding).                            
Optimizing module spi_slave.                                                    
                                                                                
63. Rerunning OPT passes. (Maybe there is more to do…)                          
                                                                                
64. Executing OPT_MUXTREE pass (detect dead branches in mux trees).             
Running muxtree optimizer on module \spi_slave..                                
  Creating internal representation of mux trees.                                
  Evaluating internal representation of mux trees.                              
  Analyzing evaluation results.                                                 
Removed 0 multiplexer ports.                                                    
<suppressed ~27 debug messages>                                                 
                                                                                
65. Executing OPT_REDUCE pass (consolidate $*mux and $reduce_* inputs).         
  Optimizing cells in module \spi_slave.                                        
Performed a total of 0 changes.                                                 
                                                                                
66. Executing OPT_MERGE pass (detect identical cells).                          
Finding identical cells in module `\spi_slave'.                                 
Computing hashes of 121 cells of `\spi_slave'.                                  
Finding duplicate cells in `\spi_slave'.                                        
Removed a total of 0 cells.                                                     
                                                                                
67. Executing OPT_DFF pass (perform DFF optimizations).                         
                                                                                
68. Executing OPT_CLEAN pass (remove unused cells and wires).                   
Finding unused cells or wires in module \spi_slave..                            
                                                                                
69. Executing OPT_EXPR pass (perform const folding).                            
Optimizing module spi_slave.                                                    
                                                                                
70. Executing WREDUCE pass (reducing word size of cells).                       
Removed top 1 bits (of 2) from port B of cell                                   
spi_slave.$auto$opt_dff.cc:320:make_patterns_logic$462 ($ne).                   
Removed top 31 bits (of 32) from port B of cell                                 
spi_slave.$add$/foss/designs/spi-slave-ihp/spi_slave.v:188$28 ($add).           
Removed top 28 bits (of 32) from port Y of cell                                 
spi_slave.$add$/foss/designs/spi-slave-ihp/spi_slave.v:188$28 ($add).           
Removed top 5 bits (of 8) from port B of cell spi_slave.$procmux$33_CMP0 ($eq). 
Removed top 5 bits (of 8) from port B of cell spi_slave.$procmux$34_CMP0 ($eq). 
Removed top 5 bits (of 8) from port B of cell spi_slave.$procmux$35_CMP0 ($eq). 
Removed top 5 bits (of 8) from port B of cell spi_slave.$procmux$36_CMP0 ($eq). 
Removed top 6 bits (of 8) from port B of cell spi_slave.$procmux$37_CMP0 ($eq). 
Removed top 6 bits (of 8) from port B of cell spi_slave.$procmux$38_CMP0 ($eq). 
Removed top 7 bits (of 8) from port B of cell spi_slave.$procmux$39_CMP0 ($eq). 
Removed top 4 bits (of 7) from port B of cell spi_slave.$procmux$140_CMP0 ($eq).
Removed top 4 bits (of 7) from port B of cell spi_slave.$procmux$148_CMP0 ($eq).
Removed top 4 bits (of 7) from port B of cell spi_slave.$procmux$157_CMP0 ($eq).
Removed top 4 bits (of 7) from port B of cell spi_slave.$procmux$167_CMP0 ($eq).
Removed top 5 bits (of 7) from port B of cell spi_slave.$procmux$178_CMP0 ($eq).
Removed top 5 bits (of 7) from port B of cell spi_slave.$procmux$190_CMP0 ($eq).
Removed top 6 bits (of 7) from port B of cell spi_slave.$procmux$203_CMP0 ($eq).
Removed top 3 bits (of 8) from mux cell spi_slave.$procmux$223 ($pmux).         
Removed top 3 bits (of 8) from wire spi_slave.$0\debug[7:0].                    
Removed top 28 bits (of 32) from wire                                           
spi_slave.$add$/foss/designs/spi-slave-ihp/spi_slave.v:149$11_Y.                
Removed top 1 bits (of 8) from wire spi_slave.Add_SPI.                          
                                                                                
71. Executing PEEPOPT pass (run peephole optimizers).                           
                                                                                
72. Executing OPT_CLEAN pass (remove unused cells and wires).                   
Finding unused cells or wires in module \spi_slave..                            
Removed 0 unused cells and 3 unused wires.                                      
<suppressed ~1 debug messages>                                                  
                                                                                
73. Executing ALUMACC pass (create $alu and $macc cells).                       
Extracting $alu and $macc cells in module spi_slave:                            
  creating $macc model for $add$/foss/designs/spi-slave-ihp/spi_slave.v:188$28  
($add).                                                                         
  creating $alu model for $macc                                                 
$add$/foss/designs/spi-slave-ihp/spi_slave.v:188$28.                            
  creating $alu cell for $add$/foss/designs/spi-slave-ihp/spi_slave.v:188$28:   
$auto$alumacc.cc:512:replace_alu$585                                            
  created 1 $alu and 0 $macc cells.                                             
                                                                                
74. Executing SHARE pass (SAT-based resource sharing).                          
                                                                                
75. Executing OPT_EXPR pass (perform const folding).                            
Optimizing module spi_slave.                                                    
                                                                                
76. Executing OPT_MERGE pass (detect identical cells).                          
Finding identical cells in module `\spi_slave'.                                 
Computing hashes of 121 cells of `\spi_slave'.                                  
Finding duplicate cells in `\spi_slave'.                                        
Removed a total of 0 cells.                                                     
                                                                                
77. Executing OPT_MUXTREE pass (detect dead branches in mux trees).             
Running muxtree optimizer on module \spi_slave..                                
  Creating internal representation of mux trees.                                
  Evaluating internal representation of mux trees.                              
  Analyzing evaluation results.                                                 
Removed 0 multiplexer ports.                                                    
<suppressed ~27 debug messages>                                                 
                                                                                
78. Executing OPT_REDUCE pass (consolidate $*mux and $reduce_* inputs).         
  Optimizing cells in module \spi_slave.                                        
Performed a total of 0 changes.                                                 
                                                                                
79. Executing OPT_MERGE pass (detect identical cells).                          
Finding identical cells in module `\spi_slave'.                                 
Computing hashes of 121 cells of `\spi_slave'.                                  
Finding duplicate cells in `\spi_slave'.                                        
Removed a total of 0 cells.                                                     
                                                                                
80. Executing OPT_DFF pass (perform DFF optimizations).                         
                                                                                
81. Executing OPT_CLEAN pass (remove unused cells and wires).                   
Finding unused cells or wires in module \spi_slave..                            
                                                                                
82. Executing OPT_EXPR pass (perform const folding).                            
Optimizing module spi_slave.                                                    
                                                                                
83. Executing MEMORY pass.                                                      
                                                                                
83.1. Executing OPT_MEM pass (optimize memories).                               
Performed a total of 0 transformations.                                         
                                                                                
83.2. Executing OPT_MEM_PRIORITY pass (removing unnecessary memory write        
priority relations).                                                            
Performed a total of 0 transformations.                                         
                                                                                
83.3. Executing OPT_MEM_FEEDBACK pass (finding memory read-to-write feedback    
paths).                                                                         
                                                                                
83.4. Executing MEMORY_BMUX2ROM pass (converting muxes to ROMs).                
                                                                                
83.5. Executing MEMORY_DFF pass (merging $dff cells to $memrd).                 
                                                                                
83.6. Executing OPT_CLEAN pass (remove unused cells and wires).                 
Finding unused cells or wires in module \spi_slave..                            
                                                                                
83.7. Executing MEMORY_SHARE pass (consolidating $memrd/$memwr cells).          
                                                                                
83.8. Executing OPT_MEM_WIDEN pass (optimize memories where all ports are wide).
Performed a total of 0 transformations.                                         
                                                                                
83.9. Executing OPT_CLEAN pass (remove unused cells and wires).                 
Finding unused cells or wires in module \spi_slave..                            
                                                                                
83.10. Executing MEMORY_COLLECT pass (generating $mem cells).                   
                                                                                
84. Executing OPT_CLEAN pass (remove unused cells and wires).                   
Finding unused cells or wires in module \spi_slave..                            
                                                                                
85. Executing OPT_EXPR pass (perform const folding).                            
Optimizing module spi_slave.                                                    
<suppressed ~11 debug messages>                                                 
                                                                                
86. Executing OPT_MERGE pass (detect identical cells).                          
Finding identical cells in module `\spi_slave'.                                 
Computing hashes of 114 cells of `\spi_slave'.                                  
Finding duplicate cells in `\spi_slave'.                                        
Removed a total of 0 cells.                                                     
                                                                                
87. Executing OPT_DFF pass (perform DFF optimizations).                         
                                                                                
88. Executing OPT_CLEAN pass (remove unused cells and wires).                   
Finding unused cells or wires in module \spi_slave..                            
Removed 0 unused cells and 7 unused wires.                                      
<suppressed ~1 debug messages>                                                  
                                                                                
89. Executing MEMORY_MAP pass (converting memories to logic and flip-flops).    
                                                                                
90. Executing OPT_EXPR pass (perform const folding).                            
Optimizing module spi_slave.                                                    
                                                                                
91. Executing OPT_MERGE pass (detect identical cells).                          
Finding identical cells in module `\spi_slave'.                                 
Computing hashes of 114 cells of `\spi_slave'.                                  
Finding duplicate cells in `\spi_slave'.                                        
Removed a total of 0 cells.                                                     
                                                                                
92. Executing OPT_MUXTREE pass (detect dead branches in mux trees).             
Running muxtree optimizer on module \spi_slave..                                
  Creating internal representation of mux trees.                                
  Evaluating internal representation of mux trees.                              
  Analyzing evaluation results.                                                 
Removed 0 multiplexer ports.                                                    
<suppressed ~18 debug messages>                                                 
                                                                                
93. Executing OPT_REDUCE pass (consolidate $*mux and $reduce_* inputs).         
  Optimizing cells in module \spi_slave.                                        
    Consolidated identical input bits for $mux cell $procmux$92:                
      Old ports: A={ \DataToSend [6:0] 1'0 }, B={ \Data_toSPI [6:0] 1'0 },      
Y=$procmux$92_Y                                                                 
      New ports: A=\DataToSend [6:0], B=\Data_toSPI [6:0], Y=$procmux$92_Y [7:1]
      New connections: $procmux$92_Y [0] = 1'0                                  
  Optimizing cells in module \spi_slave.                                        
Performed a total of 1 changes.                                                 
                                                                                
94. Executing OPT_MERGE pass (detect identical cells).                          
Finding identical cells in module `\spi_slave'.                                 
Computing hashes of 114 cells of `\spi_slave'.                                  
Finding duplicate cells in `\spi_slave'.                                        
Removed a total of 0 cells.                                                     
                                                                                
95. Executing OPT_SHARE pass.                                                   
                                                                                
96. Executing OPT_DFF pass (perform DFF optimizations).                         
                                                                                
97. Executing OPT_CLEAN pass (remove unused cells and wires).                   
Finding unused cells or wires in module \spi_slave..                            
                                                                                
98. Executing OPT_EXPR pass (perform const folding).                            
Optimizing module spi_slave.                                                    
                                                                                
99. Rerunning OPT passes. (Maybe there is more to do…)                          
                                                                                
100. Executing OPT_MUXTREE pass (detect dead branches in mux trees).            
Running muxtree optimizer on module \spi_slave..                                
  Creating internal representation of mux trees.                                
  Evaluating internal representation of mux trees.                              
  Analyzing evaluation results.                                                 
Removed 0 multiplexer ports.                                                    
<suppressed ~18 debug messages>                                                 
                                                                                
101. Executing OPT_REDUCE pass (consolidate $*mux and $reduce_* inputs).        
  Optimizing cells in module \spi_slave.                                        
Performed a total of 0 changes.                                                 
                                                                                
102. Executing OPT_MERGE pass (detect identical cells).                         
Finding identical cells in module `\spi_slave'.                                 
Computing hashes of 114 cells of `\spi_slave'.                                  
Finding duplicate cells in `\spi_slave'.                                        
Removed a total of 0 cells.                                                     
                                                                                
103. Executing OPT_SHARE pass.                                                  
                                                                                
104. Executing OPT_DFF pass (perform DFF optimizations).                        
Setting constant 0-bit at position 0 on $auto$ff.cc:337:slice$447 ($adffe) from 
module spi_slave.                                                               
                                                                                
105. Executing OPT_CLEAN pass (remove unused cells and wires).                  
Finding unused cells or wires in module \spi_slave..                            
                                                                                
106. Executing OPT_EXPR pass (perform const folding).                           
Optimizing module spi_slave.                                                    
                                                                                
107. Rerunning OPT passes. (Maybe there is more to do…)                         
                                                                                
108. Executing OPT_MUXTREE pass (detect dead branches in mux trees).            
Running muxtree optimizer on module \spi_slave..                                
  Creating internal representation of mux trees.                                
  Evaluating internal representation of mux trees.                              
  Analyzing evaluation results.                                                 
Removed 0 multiplexer ports.                                                    
<suppressed ~18 debug messages>                                                 
                                                                                
109. Executing OPT_REDUCE pass (consolidate $*mux and $reduce_* inputs).        
  Optimizing cells in module \spi_slave.                                        
Performed a total of 0 changes.                                                 
                                                                                
110. Executing OPT_MERGE pass (detect identical cells).                         
Finding identical cells in module `\spi_slave'.                                 
Computing hashes of 114 cells of `\spi_slave'.                                  
Finding duplicate cells in `\spi_slave'.                                        
Removed a total of 0 cells.                                                     
                                                                                
111. Executing OPT_SHARE pass.                                                  
                                                                                
112. Executing OPT_DFF pass (perform DFF optimizations).                        
                                                                                
113. Executing OPT_CLEAN pass (remove unused cells and wires).                  
Finding unused cells or wires in module \spi_slave..                            
                                                                                
114. Executing OPT_EXPR pass (perform const folding).                           
Optimizing module spi_slave.                                                    
                                                                                
115. Executing TECHMAP pass (map to technology primitives).                     
                                                                                
115.1. Executing Verilog-2005 frontend:                                         
/foss/tools/yosys/bin/../share/yosys/techmap.v                                  
Parsing Verilog input from `/foss/tools/yosys/bin/../share/yosys/techmap.v' to  
AST representation.                                                             
Generating RTLIL representation for module `\_90_simplemap_bool_ops'.           
Generating RTLIL representation for module `\_90_simplemap_reduce_ops'.         
Generating RTLIL representation for module `\_90_simplemap_logic_ops'.          
Generating RTLIL representation for module `\_90_simplemap_compare_ops'.        
Generating RTLIL representation for module `\_90_simplemap_various'.            
Generating RTLIL representation for module `\_90_simplemap_registers'.          
Generating RTLIL representation for module `\_90_shift_ops_shr_shl_sshl_sshr'.  
Generating RTLIL representation for module `\_90_shift_shiftx'.                 
Generating RTLIL representation for module `\_90_fa'.                           
Generating RTLIL representation for module `\_90_lcu_brent_kung'.               
Generating RTLIL representation for module `\_90_alu'.                          
Generating RTLIL representation for module `\_90_macc'.                         
Generating RTLIL representation for module `\_90_alumacc'.                      
Generating RTLIL representation for module `$__div_mod_u'.                      
Generating RTLIL representation for module `$__div_mod_trunc'.                  
Generating RTLIL representation for module `\_90_div'.                          
Generating RTLIL representation for module `\_90_mod'.                          
Generating RTLIL representation for module `$__div_mod_floor'.                  
Generating RTLIL representation for module `\_90_divfloor'.                     
Generating RTLIL representation for module `\_90_modfloor'.                     
Generating RTLIL representation for module `\_90_pow'.                          
Generating RTLIL representation for module `\_90_demux'.                        
Generating RTLIL representation for module `\_90_lut'.                          
Generating RTLIL representation for module `$connect'.                          
Generating RTLIL representation for module `$input_port'.                       
Successfully finished Verilog frontend.                                         
                                                                                
115.2. Continuing TECHMAP pass.                                                 
Using extmapper simplemap for cells of type $adffe.                             
Using template $paramod$32a7b7b86c07519b7537abc18e96f0331f97914d\_90_alu for    
cells of type $alu.                                                             
Using extmapper simplemap for cells of type $reduce_and.                        
Using extmapper simplemap for cells of type $not.                               
Using extmapper simplemap for cells of type $ne.                                
Using extmapper simplemap for cells of type $reduce_bool.                       
Using extmapper simplemap for cells of type $reduce_or.                         
Using extmapper simplemap for cells of type $and.                               
Using extmapper simplemap for cells of type $eq.                                
Using extmapper simplemap for cells of type $adff.                              
Using extmapper simplemap for cells of type $logic_and.                         
Using extmapper simplemap for cells of type $logic_not.                         
Using extmapper simplemap for cells of type $pmux.                              
Using extmapper simplemap for cells of type $mux.                               
Using extmapper simplemap for cells of type $pos.                               
Using template $paramod\_90_fa\WIDTH=32'00000000000000000000000000000100 for    
cells of type $fa.                                                              
Using template                                                                  
$paramod\_90_lcu_brent_kung\WIDTH=32'00000000000000000000000000000100 for cells 
of type $lcu.                                                                   
Using extmapper simplemap for cells of type $xor.                               
Using extmapper simplemap for cells of type $or.                                
No more expansions possible.                                                    
<suppressed ~355 debug messages>                                                
                                                                                
116. Executing OPT_EXPR pass (perform const folding).                           
Optimizing module spi_slave.                                                    
<suppressed ~202 debug messages>                                                
                                                                                
117. Executing OPT_MERGE pass (detect identical cells).                         
Finding identical cells in module `\spi_slave'.                                 
Computing hashes of 706 cells of `\spi_slave'.                                  
Finding duplicate cells in `\spi_slave'.                                        
Computing hashes of 641 cells of `\spi_slave'.                                  
Finding duplicate cells in `\spi_slave'.                                        
Computing hashes of 615 cells of `\spi_slave'.                                  
Finding duplicate cells in `\spi_slave'.                                        
<suppressed ~273 debug messages>                                                
Removed a total of 91 cells.                                                    
                                                                                
118. Executing OPT_DFF pass (perform DFF optimizations).                        
                                                                                
119. Executing OPT_CLEAN pass (remove unused cells and wires).                  
Finding unused cells or wires in module \spi_slave..                            
Removed 5 unused cells and 178 unused wires.                                    
<suppressed ~6 debug messages>                                                  
                                                                                
120. Executing OPT_EXPR pass (perform const folding).                           
Optimizing module spi_slave.                                                    
                                                                                
121. Executing OPT_MERGE pass (detect identical cells).                         
Finding identical cells in module `\spi_slave'.                                 
Computing hashes of 610 cells of `\spi_slave'.                                  
Finding duplicate cells in `\spi_slave'.                                        
Removed a total of 0 cells.                                                     
                                                                                
122. Executing OPT_DFF pass (perform DFF optimizations).                        
                                                                                
123. Executing OPT_CLEAN pass (remove unused cells and wires).                  
Finding unused cells or wires in module \spi_slave..                            
                                                                                
124. Executing ABC pass (technology mapping using ABC).                         
                                                                                
124.1. Extracting gate netlist of module `\spi_slave' to                        
`<abc-temp-dir>/input.blif'..                                                   
Replacing 4 occurrences of constant undef bits with constant zero bits          
                                                                                
124.1.1. Executed ABC.                                                          
Extracted 475 gates and 588 wires to a netlist network with 110 inputs and 57   
outputs.                                                                        
Running ABC script: <abc-temp-dir>/abc.script                                   
ABC: UC Berkeley, ABC 1.01 (compiled Jul 27 2026 18:12:25)                      
ABC: abc 01> empty                                                              
ABC: abc 01> source <abc-temp-dir>/abc.script                                   
ABC: + read_blif <abc-temp-dir>/input.blif                                      
ABC: + read_library <abc-temp-dir>/stdcells.genlib                              
ABC: + strash                                                                   
ABC: + dretime                                                                  
ABC: + map                                                                      
ABC: + write_blif <abc-temp-dir>/output.blif                                    
ABC:                                                                            
ABC: YOSYS_ABC_DONE                                                             
                                                                                
124.1.2. Re-integrating ABC results.                                            
ABC RESULTS:               AND cells:        7                                  
ABC RESULTS:            ANDNOT cells:      190                                  
ABC RESULTS:               MUX cells:       10                                  
ABC RESULTS:              NAND cells:       10                                  
ABC RESULTS:               NOR cells:        4                                  
ABC RESULTS:               NOT cells:        6                                  
ABC RESULTS:                OR cells:      199                                  
ABC RESULTS:             ORNOT cells:       10                                  
ABC RESULTS:              XNOR cells:        2                                  
ABC RESULTS:               XOR cells:        2                                  
ABC RESULTS:        internal signals:      421                                  
ABC RESULTS:           input signals:      110                                  
ABC RESULTS:          output signals:       57                                  
Removing temp directory.                                                        
Removing global temp directory.                                                 
                                                                                
125. Executing OPT pass (performing simple optimizations).                      
                                                                                
125.1. Executing OPT_EXPR pass (perform const folding).                         
Optimizing module spi_slave.                                                    
<suppressed ~2 debug messages>                                                  
                                                                                
125.2. Executing OPT_MERGE pass (detect identical cells).                       
Finding identical cells in module `\spi_slave'.                                 
Computing hashes of 575 cells of `\spi_slave'.                                  
Finding duplicate cells in `\spi_slave'.                                        
Removed a total of 0 cells.                                                     
                                                                                
125.3. Executing OPT_DFF pass (perform DFF optimizations).                      
                                                                                
125.4. Executing OPT_CLEAN pass (remove unused cells and wires).                
Finding unused cells or wires in module \spi_slave..                            
Removed 1 unused cells and 474 unused wires.                                    
<suppressed ~2 debug messages>                                                  
                                                                                
125.5. Finished fast OPT passes.                                                
                                                                                
126. Executing HIERARCHY pass (managing design hierarchy).                      
                                                                                
126.1. Analyzing design hierarchy..                                             
Top module:  \spi_slave                                                         
                                                                                
126.2. Analyzing design hierarchy..                                             
Top module:  \spi_slave                                                         
Removed 0 unused modules.                                                       
                                                                                
127. Executing CHECK pass (checking for obvious problems).                      
Checking module spi_slave...                                                    
Found and reported 0 problems.                                                  
                                                                                
128. Printing statistics.                                                       
                                                                                
=== spi_slave ===                                                               
                                                                                
        +----------Local Count, excluding submodules.                           
        |                                                                       
      459 wires                                                                 
      591 wire bits                                                             
       34 public wires                                                          
      152 public wire bits                                                      
        9 ports                                                                 
       30 port bits                                                             
      574 cells                                                                 
      190   $_ANDNOT_                                                           
        7   $_AND_                                                              
       96   $_DFFE_PN0P_                                                        
       17   $_DFFE_PN1P_                                                        
       21   $_DFF_PN0_                                                          
        1   $_DFF_PN1_                                                          
       10   $_MUX_                                                              
       10   $_NAND_                                                             
        4   $_NOR_                                                              
        5   $_NOT_                                                              
       10   $_ORNOT_                                                            
      199   $_OR_                                                               
        2   $_XNOR_                                                             
        2   $_XOR_                                                              
                                                                                
129. Executing OPT pass (performing simple optimizations).                      
                                                                                
129.1. Executing OPT_EXPR pass (perform const folding).                         
Optimizing module spi_slave.                                                    
                                                                                
129.2. Executing OPT_MERGE pass (detect identical cells).                       
Finding identical cells in module `\spi_slave'.                                 
Computing hashes of 574 cells of `\spi_slave'.                                  
Finding duplicate cells in `\spi_slave'.                                        
Removed a total of 0 cells.                                                     
                                                                                
129.3. Executing OPT_MUXTREE pass (detect dead branches in mux trees).          
Running muxtree optimizer on module \spi_slave..                                
  Creating internal representation of mux trees.                                
  No muxes found in this module.                                                
Removed 0 multiplexer ports.                                                    
                                                                                
129.4. Executing OPT_REDUCE pass (consolidate $*mux and $reduce_* inputs).      
  Optimizing cells in module \spi_slave.                                        
Performed a total of 0 changes.                                                 
                                                                                
129.5. Executing OPT_MERGE pass (detect identical cells).                       
Finding identical cells in module `\spi_slave'.                                 
Computing hashes of 574 cells of `\spi_slave'.                                  
Finding duplicate cells in `\spi_slave'.                                        
Removed a total of 0 cells.                                                     
                                                                                
129.6. Executing OPT_DFF pass (perform DFF optimizations).                      
                                                                                
129.7. Executing OPT_CLEAN pass (remove unused cells and wires).                
Finding unused cells or wires in module \spi_slave..                            
                                                                                
129.8. Executing OPT_EXPR pass (perform const folding).                         
Optimizing module spi_slave.                                                    
                                                                                
129.9. Finished fast OPT passes. (There is nothing left to do.)                 
                                                                                
130. Executing OPT_CLEAN pass (remove unused cells and wires).                  
Finding unused cells or wires in module \spi_slave..                            
{                                                                               
   "creator": "Yosys 0.67 (git sha1 2d1509d1b, Release, GNU /usr/bin/c++        
13.3.0)",                                                                       
   "invocation": "stat -json -liberty                                           
/foss/designs/spi-slave-ihp/flow/runs/RUN_2026-08-08_22-27-58/tmp/732bd8d19bbe43
629270c4245a596a10.lib -liberty                                                 
/foss/designs/spi-slave-ihp/flow/runs/RUN_2026-08-08_22-27-58/tmp/004d2048a7814c
5aab7a32b0ba6d0850.lib ",                                                       
   "modules": {                                                                 
      "\\spi_slave": {                                                          
         "num_wires":         459,                                              
         "num_wire_bits":     591,                                              
         "num_pub_wires":     34,                                               
         "num_pub_wire_bits": 152,                                              
         "num_ports":         9,                                                
         "num_port_bits":     30,                                               
         "num_memories":      0,                                                
         "num_memory_bits":   0,                                                
         "num_processes":     0,                                                
         "num_cells":         574,                                              
         "num_submodules":       0,                                             
         "num_cells_by_type": {                                                 
            "$_ANDNOT_": 190,                                                   
            "$_AND_": 7,                                                        
            "$_DFFE_PN0P_": 96,                                                 
            "$_DFFE_PN1P_": 17,                                                 
            "$_DFF_PN0_": 21,                                                   
            "$_DFF_PN1_": 1,                                                    
            "$_MUX_": 10,                                                       
            "$_NAND_": 10,                                                      
            "$_NOR_": 4,                                                        
            "$_NOT_": 5,                                                        
            "$_ORNOT_": 10,                                                     
            "$_OR_": 199,                                                       
            "$_XNOR_": 2,                                                       
            "$_XOR_": 2                                                         
         }                                                                      
      }                                                                         
   },                                                                           
      "design": {                                                               
         "num_wires":         459,                                              
         "num_wire_bits":     591,                                              
         "num_pub_wires":     34,                                               
         "num_pub_wire_bits": 152,                                              
         "num_ports":         9,                                                
         "num_port_bits":     30,                                               
         "num_memories":      0,                                                
         "num_memory_bits":   0,                                                
         "num_processes":     0,                                                
         "num_cells":         574,                                              
         "num_submodules":       0,                                             
         "num_cells_by_type": {                                                 
            "$_ANDNOT_": 190,                                                   
            "$_AND_": 7,                                                        
            "$_DFFE_PN0P_": 96,                                                 
            "$_DFFE_PN1P_": 17,                                                 
            "$_DFF_PN0_": 21,                                                   
            "$_DFF_PN1_": 1,                                                    
            "$_MUX_": 10,                                                       
            "$_NAND_": 10,                                                      
            "$_NOR_": 4,                                                        
            "$_NOT_": 5,                                                        
            "$_ORNOT_": 10,                                                     
            "$_OR_": 199,                                                       
            "$_XNOR_": 2,                                                       
            "$_XOR_": 2                                                         
         }                                                                      
      }                                                                         
}                                                                               
                                                                                
131. Printing statistics.                                                       
                                                                                
=== spi_slave ===                                                               
                                                                                
        +----------Local Count, excluding submodules.                           
        |                                                                       
      459 wires                                                                 
      591 wire bits                                                             
       34 public wires                                                          
      152 public wire bits                                                      
        9 ports                                                                 
       30 port bits                                                             
      574 cells                                                                 
      190   $_ANDNOT_                                                           
        7   $_AND_                                                              
       96   $_DFFE_PN0P_                                                        
       17   $_DFFE_PN1P_                                                        
       21   $_DFF_PN0_                                                          
        1   $_DFF_PN1_                                                          
       10   $_MUX_                                                              
       10   $_NAND_                                                             
        4   $_NOR_                                                              
        5   $_NOT_                                                              
       10   $_ORNOT_                                                            
      199   $_OR_                                                               
        2   $_XNOR_                                                             
        2   $_XOR_                                                              
                                                                                
   Area for cell type $_ANDNOT_ is unknown!                                     
   Area for cell type $_AND_ is unknown!                                        
   Area for cell type $_DFFE_PN0P_ is unknown!                                  
   Area for cell type $_DFFE_PN1P_ is unknown!                                  
   Area for cell type $_DFF_PN0_ is unknown!                                    
   Area for cell type $_DFF_PN1_ is unknown!                                    
   Area for cell type $_MUX_ is unknown!                                        
   Area for cell type $_NAND_ is unknown!                                       
   Area for cell type $_NOR_ is unknown!                                        
   Area for cell type $_NOT_ is unknown!                                        
   Area for cell type $_ORNOT_ is unknown!                                      
   Area for cell type $_OR_ is unknown!                                         
   Area for cell type $_XNOR_ is unknown!                                       
   Area for cell type $_XOR_ is unknown!                                        
                                                                                
[INFO] Applying tri-state buffer mapping from                                   
'/foss/pdks/ihp-sg13g2/libs.tech/librelane/sg13g2_stdcell/tribuff_map.v'…       
                                                                                
132. Executing TECHMAP pass (map to technology primitives).                     
                                                                                
132.1. Executing Verilog-2005 frontend:                                         
/foss/pdks/ihp-sg13g2/libs.tech/librelane/sg13g2_stdcell/tribuff_map.v          
Parsing Verilog input from                                                      
`/foss/pdks/ihp-sg13g2/libs.tech/librelane/sg13g2_stdcell/tribuff_map.v' to AST 
representation.                                                                 
Generating RTLIL representation for module `$_TBUF_'.                           
Successfully finished Verilog frontend.                                         
                                                                                
132.2. Continuing TECHMAP pass.                                                 
No more expansions possible.                                                    
<suppressed ~3 debug messages>                                                  
                                                                                
133. Executing SIMPLEMAP pass (map simple cells to gate primitives).            
[INFO] Applying latch mapping from                                              
'/foss/pdks/ihp-sg13g2/libs.tech/librelane/sg13g2_stdcell/latch_map.v'…         
                                                                                
134. Executing TECHMAP pass (map to technology primitives).                     
                                                                                
134.1. Executing Verilog-2005 frontend:                                         
/foss/pdks/ihp-sg13g2/libs.tech/librelane/sg13g2_stdcell/latch_map.v            
Parsing Verilog input from                                                      
`/foss/pdks/ihp-sg13g2/libs.tech/librelane/sg13g2_stdcell/latch_map.v' to AST   
representation.                                                                 
Generating RTLIL representation for module `$_DLATCH_P_'.                       
Generating RTLIL representation for module `$_DLATCH_PN0_'.                     
Generating RTLIL representation for module `$_DLATCH_N_'.                       
Generating RTLIL representation for module `$_DLATCH_NN0_'.                     
Successfully finished Verilog frontend.                                         
                                                                                
134.2. Continuing TECHMAP pass.                                                 
No more expansions possible.                                                    
<suppressed ~6 debug messages>                                                  
                                                                                
135. Executing SIMPLEMAP pass (map simple cells to gate primitives).            
                                                                                
136. Executing DFFLIBMAP pass (mapping DFF cells to sequential cells from       
liberty file).                                                                  
  cell sg13g2_dfrbpq_1 (noninv, pins=4, area=48.99) is a direct match for cell  
type $_DFF_PN0_.                                                                
  final dff cell mappings:                                                      
    unmapped dff cell: $_DFF_N_                                                 
    unmapped dff cell: $_DFF_P_                                                 
    unmapped dff cell: $_DFF_NN0_                                               
    unmapped dff cell: $_DFF_NN1_                                               
    unmapped dff cell: $_DFF_NP0_                                               
    unmapped dff cell: $_DFF_NP1_                                               
    \sg13g2_dfrbpq_1 _DFF_PN0_ (.CLK( C), .D( D), .Q( Q), .RESET_B( R));        
    unmapped dff cell: $_DFF_PN1_                                               
    unmapped dff cell: $_DFF_PP0_                                               
    unmapped dff cell: $_DFF_PP1_                                               
    unmapped dff cell: $_DFFE_NN_                                               
    unmapped dff cell: $_DFFE_NP_                                               
    unmapped dff cell: $_DFFE_PN_                                               
    unmapped dff cell: $_DFFE_PP_                                               
    unmapped dff cell: $_DFFSR_NNN_                                             
    unmapped dff cell: $_DFFSR_NNP_                                             
    unmapped dff cell: $_DFFSR_NPN_                                             
    unmapped dff cell: $_DFFSR_NPP_                                             
    unmapped dff cell: $_DFFSR_PNN_                                             
    unmapped dff cell: $_DFFSR_PNP_                                             
    unmapped dff cell: $_DFFSR_PPN_                                             
    unmapped dff cell: $_DFFSR_PPP_                                             
                                                                                
136.1. Executing DFFLEGALIZE pass (convert FFs to types supported by the        
target).                                                                        
<suppressed ~4 debug messages>                                                  
Mapping DFF cells in module `\spi_slave':                                       
  mapped 135 $_DFF_PN0_ cells to \sg13g2_dfrbpq_1 cells.                        
{                                                                               
   "creator": "Yosys 0.67 (git sha1 2d1509d1b, Release, GNU /usr/bin/c++        
13.3.0)",                                                                       
   "invocation": "stat -json -liberty                                           
/foss/designs/spi-slave-ihp/flow/runs/RUN_2026-08-08_22-27-58/tmp/732bd8d19bbe43
629270c4245a596a10.lib -liberty                                                 
/foss/designs/spi-slave-ihp/flow/runs/RUN_2026-08-08_22-27-58/tmp/004d2048a7814c
5aab7a32b0ba6d0850.lib ",                                                       
   "modules": {                                                                 
      "\\spi_slave": {                                                          
         "num_wires":         608,                                              
         "num_wire_bits":     740,                                              
         "num_pub_wires":     34,                                               
         "num_pub_wire_bits": 152,                                              
         "num_ports":         9,                                                
         "num_port_bits":     30,                                               
         "num_memories":      0,                                                
         "num_memory_bits":   0,                                                
         "num_processes":     0,                                                
         "num_cells":         723,                                              
         "num_submodules":       0,                                             
         "area":              6613.488000,                                      
         "sequential_area":    6613.488000,                                     
         "num_cells_by_type": {                                                 
            "$_ANDNOT_": 190,                                                   
            "$_AND_": 7,                                                        
            "$_MUX_": 123,                                                      
            "$_NAND_": 10,                                                      
            "$_NOR_": 4,                                                        
            "$_NOT_": 41,                                                       
            "$_ORNOT_": 10,                                                     
            "$_OR_": 199,                                                       
            "$_XNOR_": 2,                                                       
            "$_XOR_": 2,                                                        
            "sg13g2_dfrbpq_1": 135                                              
         }                                                                      
      }                                                                         
   },                                                                           
      "design": {                                                               
         "num_wires":         608,                                              
         "num_wire_bits":     740,                                              
         "num_pub_wires":     34,                                               
         "num_pub_wire_bits": 152,                                              
         "num_ports":         9,                                                
         "num_port_bits":     30,                                               
         "num_memories":      0,                                                
         "num_memory_bits":   0,                                                
         "num_processes":     0,                                                
         "num_cells":         723,                                              
         "num_submodules":       0,                                             
         "area":              6613.488000,                                      
         "sequential_area":    6613.488000,                                     
         "num_cells_by_type": {                                                 
            "$_ANDNOT_": 190,                                                   
            "$_AND_": 7,                                                        
            "$_MUX_": 123,                                                      
            "$_NAND_": 10,                                                      
            "$_NOR_": 4,                                                        
            "$_NOT_": 41,                                                       
            "$_ORNOT_": 10,                                                     
            "$_OR_": 199,                                                       
            "$_XNOR_": 2,                                                       
            "$_XOR_": 2,                                                        
            "sg13g2_dfrbpq_1": 135                                              
         }                                                                      
      }                                                                         
}                                                                               
                                                                                
137. Printing statistics.                                                       
                                                                                
=== spi_slave ===                                                               
                                                                                
        +----------Local Count, excluding submodules.                           
        |        +-Local Area, excluding submodules.                            
        |        |                                                              
      608        - wires                                                        
      740        - wire bits                                                    
       34        - public wires                                                 
      152        - public wire bits                                             
        9        - ports                                                        
       30        - port bits                                                    
      723 6.61E+03 cells                                                        
      190        -   $_ANDNOT_                                                  
        7        -   $_AND_                                                     
      123        -   $_MUX_                                                     
       10        -   $_NAND_                                                    
        4        -   $_NOR_                                                     
       41        -   $_NOT_                                                     
       10        -   $_ORNOT_                                                   
      199        -   $_OR_                                                      
        2        -   $_XNOR_                                                    
        2        -   $_XOR_                                                     
      135 6.61E+03   sg13g2_dfrbpq_1                                            
                                                                                
   Area for cell type $_ANDNOT_ is unknown!                                     
   Area for cell type $_AND_ is unknown!                                        
   Area for cell type $_MUX_ is unknown!                                        
   Area for cell type $_NAND_ is unknown!                                       
   Area for cell type $_NOR_ is unknown!                                        
   Area for cell type $_NOT_ is unknown!                                        
   Area for cell type $_ORNOT_ is unknown!                                      
   Area for cell type $_OR_ is unknown!                                         
   Area for cell type $_XNOR_ is unknown!                                       
   Area for cell type $_XOR_ is unknown!                                        
                                                                                
   Chip area for module '\spi_slave': 6613.488000                               
     of which used for sequential elements: 6613.488000 (100.00%)               
                                                                                
[INFO] Using generated ABC script                                               
'/foss/designs/spi-slave-ihp/flow/runs/RUN_2026-08-08_22-27-58/06-yosys-synthesi
s/AREA_0.abc'…                                                                  
                                                                                
138. Executing ABC pass (technology mapping using ABC).                         
                                                                                
138.1. Extracting gate netlist of module `\spi_slave' to                        
`/tmp/yosys-abc-GifS0Y/input.blif'..                                            
                                                                                
138.1.1. Executed ABC.                                                          
Extracted 588 gates and 720 wires to a netlist network with 132 inputs and 127  
outputs.                                                                        
Running ABC script: /tmp/yosys-abc-GifS0Y/abc.script                            
ABC: UC Berkeley, ABC 1.01 (compiled Jul 27 2026 18:12:25)                      
ABC: abc 01> empty                                                              
ABC: abc 01> source /tmp/yosys-abc-GifS0Y/abc.script                            
ABC: + read_blif /tmp/yosys-abc-GifS0Y/input.blif                               
ABC: + read_scl /tmp/yosys-liberty-scl-cache/yosys_merged_3bb40eb1.scl          
ABC: + read_constr -v                                                           
/foss/designs/spi-slave-ihp/flow/runs/RUN_2026-08-08_22-27-58/06-yosys-synthesis
/synthesis.abc.sdc                                                              
ABC: Setting driving cell to be "sg13g2_buf_4/X".                               
ABC: Setting output load to be 6.000000.                                        
ABC: + source                                                                   
/foss/designs/spi-slave-ihp/flow/runs/RUN_2026-08-08_22-27-58/06-yosys-synthesis
/AREA_0.abc                                                                     
ABC: Error: The network is combinational.                                       
ABC: Cannot find the default PI driving cell (sg13g2_buf_4/X) in the library.   
ABC: WireLoad = "none"  Gates =    374 (  7.8 %)   Cap =  7.8 ff ( 10.3 %)      
Area =     4058.74 ( 79.4 %)   Delay =  1077.71 ps  (  5.9 %)                   
ABC: Path  0 --      36 : 0    2 pi             A =   0.00  Df =   0.0   -0.0 ps
S =   0.0 ps  Cin =  0.0 ff  Cout =   5.9 ff  Cmax =   0.0 ff  G =    0         
ABC: Path  1 --     370 : 3    9 sg13g2_nor3_1  A =   9.07  Df = 268.4 -201.7 ps
S = 322.5 ps  Cin =  3.0 ff  Cout =  23.3 ff  Cmax = 300.0 ff  G =  778         
ABC: Path  2 --     478 : 4    9 sg13g2_and4_1  A =  14.52  Df = 587.3 -352.4 ps
S = 136.7 ps  Cin =  2.5 ff  Cout =  27.9 ff  Cmax = 300.0 ff  G = 1095         
ABC: Path  3 --     621 : 2   11 sg13g2_nand2_1 A =   7.26  Df = 851.4 -424.1 ps
S = 267.1 ps  Cin =  2.9 ff  Cout =  45.4 ff  Cmax = 300.0 ff  G = 1507         
ABC: Path  4 --     624 : 3    1 sg13g2_mux2_1  A =  18.14  Df =1077.7 -460.7 ps
S =  43.2 ps  Cin =  3.6 ff  Cout =   6.0 ff  Cmax = 300.0 ff  G =  167         
ABC: Start-point = pi35 (\Add_SPI [5]).  End-point = po119                      
($auto$rtlil.cc:3510:MuxGate$2746).                                             
ABC: netlist                       : i/o =  132/  127  lat =    0  nd =   374   
edge =   1043  area =4058.48  delay = 5.00  lev = 5                             
ABC: + write_blif /tmp/yosys-abc-GifS0Y/output.blif                             
ABC:                                                                            
ABC: YOSYS_ABC_DONE                                                             
                                                                                
138.1.2. Re-integrating ABC results.                                            
ABC RESULTS:     sg13g2_a21o_1 cells:        7                                  
ABC RESULTS:    sg13g2_a21oi_1 cells:       30                                  
ABC RESULTS:   sg13g2_a221oi_1 cells:       13                                  
ABC RESULTS:    sg13g2_a22oi_1 cells:       50                                  
ABC RESULTS:     sg13g2_and2_1 cells:       19                                  
ABC RESULTS:     sg13g2_and3_1 cells:        9                                  
ABC RESULTS:     sg13g2_and4_1 cells:        2                                  
ABC RESULTS:      sg13g2_inv_1 cells:       29                                  
ABC RESULTS:     sg13g2_mux2_1 cells:       70                                  
ABC RESULTS:    sg13g2_nand2_1 cells:       49                                  
ABC RESULTS:   sg13g2_nand2b_1 cells:       10                                  
ABC RESULTS:    sg13g2_nand3_1 cells:        4                                  
ABC RESULTS:   sg13g2_nand3b_1 cells:        2                                  
ABC RESULTS:    sg13g2_nand4_1 cells:        8                                  
ABC RESULTS:     sg13g2_nor2_1 cells:       20                                  
ABC RESULTS:    sg13g2_nor2b_1 cells:        9                                  
ABC RESULTS:     sg13g2_nor3_1 cells:       10                                  
ABC RESULTS:     sg13g2_nor4_1 cells:        3                                  
ABC RESULTS:    sg13g2_o21ai_1 cells:       25                                  
ABC RESULTS:      sg13g2_or2_1 cells:        4                                  
ABC RESULTS:      sg13g2_or4_1 cells:        1                                  
ABC RESULTS:        internal signals:      461                                  
ABC RESULTS:           input signals:      132                                  
ABC RESULTS:          output signals:      127                                  
Removing temp directory.                                                        
Removing global temp directory.                                                 
                                                                                
139. Executing SETUNDEF pass (replace undef values with defined constants).     
                                                                                
140. Executing HILOMAP pass (mapping to constant drivers).                      
                                                                                
141. Executing SPLITNETS pass (splitting up multi-bit signals).                 
                                                                                
142. Executing OPT_CLEAN pass (remove unused cells and wires).                  
Finding unused cells or wires in module \spi_slave..                            
Removed 1 unused cells and 725 unused wires.                                    
<suppressed ~21 debug messages>                                                 
                                                                                
143. Executing INSBUF pass (insert buffer cells for connected wires).           
                                                                                
144. Executing CHECK pass (checking for obvious problems).                      
Checking module spi_slave...                                                    
Found and reported 0 problems.                                                  
{                                                                               
   "creator": "Yosys 0.67 (git sha1 2d1509d1b, Release, GNU /usr/bin/c++        
13.3.0)",                                                                       
   "invocation": "stat -json -liberty                                           
/foss/designs/spi-slave-ihp/flow/runs/RUN_2026-08-08_22-27-58/tmp/732bd8d19bbe43
629270c4245a596a10.lib -liberty                                                 
/foss/designs/spi-slave-ihp/flow/runs/RUN_2026-08-08_22-27-58/tmp/004d2048a7814c
5aab7a32b0ba6d0850.lib ",                                                       
   "modules": {                                                                 
      "\\spi_slave": {                                                          
         "num_wires":         504,                                              
         "num_wire_bits":     525,                                              
         "num_pub_wires":     112,                                              
         "num_pub_wire_bits": 133,                                              
         "num_ports":         9,                                                
         "num_port_bits":     30,                                               
         "num_memories":      0,                                                
         "num_memory_bits":   0,                                                
         "num_processes":     0,                                                
         "num_cells":         512,                                              
         "num_submodules":       0,                                             
         "area":              10693.998000,                                     
         "sequential_area":    6613.488000,                                     
         "num_cells_by_type": {                                                 
            "sg13g2_a21o_1": 7,                                                 
            "sg13g2_a21oi_1": 30,                                               
            "sg13g2_a221oi_1": 13,                                              
            "sg13g2_a22oi_1": 50,                                               
            "sg13g2_and2_1": 19,                                                
            "sg13g2_and3_1": 9,                                                 
            "sg13g2_and4_1": 2,                                                 
            "sg13g2_dfrbpq_1": 135,                                             
            "sg13g2_inv_1": 29,                                                 
            "sg13g2_mux2_1": 70,                                                
            "sg13g2_nand2_1": 49,                                               
            "sg13g2_nand2b_1": 10,                                              
            "sg13g2_nand3_1": 4,                                                
            "sg13g2_nand3b_1": 2,                                               
            "sg13g2_nand4_1": 8,                                                
            "sg13g2_nor2_1": 20,                                                
            "sg13g2_nor2b_1": 9,                                                
            "sg13g2_nor3_1": 10,                                                
            "sg13g2_nor4_1": 3,                                                 
            "sg13g2_o21ai_1": 25,                                               
            "sg13g2_or2_1": 4,                                                  
            "sg13g2_or4_1": 1,                                                  
            "sg13g2_tielo": 3                                                   
         }                                                                      
      }                                                                         
   },                                                                           
      "design": {                                                               
         "num_wires":         504,                                              
         "num_wire_bits":     525,                                              
         "num_pub_wires":     112,                                              
         "num_pub_wire_bits": 133,                                              
         "num_ports":         9,                                                
         "num_port_bits":     30,                                               
         "num_memories":      0,                                                
         "num_memory_bits":   0,                                                
         "num_processes":     0,                                                
         "num_cells":         512,                                              
         "num_submodules":       0,                                             
         "area":              10693.998000,                                     
         "sequential_area":    6613.488000,                                     
         "num_cells_by_type": {                                                 
            "sg13g2_a21o_1": 7,                                                 
            "sg13g2_a21oi_1": 30,                                               
            "sg13g2_a221oi_1": 13,                                              
            "sg13g2_a22oi_1": 50,                                               
            "sg13g2_and2_1": 19,                                                
            "sg13g2_and3_1": 9,                                                 
            "sg13g2_and4_1": 2,                                                 
            "sg13g2_dfrbpq_1": 135,                                             
            "sg13g2_inv_1": 29,                                                 
            "sg13g2_mux2_1": 70,                                                
            "sg13g2_nand2_1": 49,                                               
            "sg13g2_nand2b_1": 10,                                              
            "sg13g2_nand3_1": 4,                                                
            "sg13g2_nand3b_1": 2,                                               
            "sg13g2_nand4_1": 8,                                                
            "sg13g2_nor2_1": 20,                                                
            "sg13g2_nor2b_1": 9,                                                
            "sg13g2_nor3_1": 10,                                                
            "sg13g2_nor4_1": 3,                                                 
            "sg13g2_o21ai_1": 25,                                               
            "sg13g2_or2_1": 4,                                                  
            "sg13g2_or4_1": 1,                                                  
            "sg13g2_tielo": 3                                                   
         }                                                                      
      }                                                                         
}                                                                               
                                                                                
145. Printing statistics.                                                       
                                                                                
=== spi_slave ===                                                               
                                                                                
        +----------Local Count, excluding submodules.                           
        |        +-Local Area, excluding submodules.                            
        |        |                                                              
      504        - wires                                                        
      525        - wire bits                                                    
      112        - public wires                                                 
      133        - public wire bits                                             
        9        - ports                                                        
       30        - port bits                                                    
      512 1.07E+04 cells                                                        
        7   88.906   sg13g2_a21o_1                                              
       30   272.16   sg13g2_a21oi_1                                             
       13  188.698   sg13g2_a221oi_1                                            
       50   542.43   sg13g2_a22oi_1                                             
       19  172.368   sg13g2_and2_1                                              
        9  114.307   sg13g2_and3_1                                              
        2    29.03   sg13g2_and4_1                                              
      135 6.61E+03   sg13g2_dfrbpq_1                                            
       29  157.853   sg13g2_inv_1                                               
       70  1270.08   sg13g2_mux2_1                                              
       49  355.622   sg13g2_nand2_1                                             
       10    90.72   sg13g2_nand2b_1                                            
        4   36.288   sg13g2_nand3_1                                             
        2   25.402   sg13g2_nand3b_1                                            
        8   87.091   sg13g2_nand4_1                                             
       20  145.152   sg13g2_nor2_1                                              
        9   81.648   sg13g2_nor2b_1                                             
       10    90.72   sg13g2_nor3_1                                              
        3   32.659   sg13g2_nor4_1                                              
       25    226.8   sg13g2_o21ai_1                                             
        4   36.288   sg13g2_or2_1                                               
        1   14.515   sg13g2_or4_1                                               
        3   21.773   sg13g2_tielo                                               
                                                                                
   Chip area for module '\spi_slave': 10693.998000                              
     of which used for sequential elements: 6613.488000 (61.84%)                
                                                                                
146. Executing Verilog backend.                                                 
Dumping module `\spi_slave'.                                                    
                                                                                
147. Executing JSON backend.                                                    
[22:28:01] VERBOSE  Parsing synthesis checks…                       pyosys.py:59
──────────────────────────── Unmapped Cells Checker ────────────────────────────
[22:28:01] VERBOSE  Running 'Checker.YosysUnmappedCells' at         step.py:1138
                    'runs/RUN_2026-08-08_22-27-58/07-checker-yosysu             
                    nmappedcells'…                                              
[22:28:01] INFO     Check for Unmapped Yosys instances clear.     checker.py:131
─────────────────────── Netlist Assign Statement Checker ───────────────────────
[22:28:01] VERBOSE  Running 'Checker.NetlistAssignStatements' at    step.py:1138
                    'runs/RUN_2026-08-08_22-27-58/08-checker-netlis             
                    tassignstatements'…                                         
─────────────────────────────── Check SDC Files ────────────────────────────────
[22:28:01] VERBOSE  Running 'OpenROAD.CheckSDCFiles' at             step.py:1138
                    'runs/RUN_2026-08-08_22-27-58/09-openroad-check             
                    sdcfiles'…                                                  
──────────────────────────── Check Macro Instances ─────────────────────────────
[22:28:01] VERBOSE  Running 'OpenROAD.CheckMacroInstances' at       step.py:1138
                    'runs/RUN_2026-08-08_22-27-58/10-openroad-check             
                    macroinstances'…                                            
[22:28:01] INFO     No macros found, skipping instance check…    openroad.py:693
─────────────────────────── Floorplan Initialization ───────────────────────────
[22:28:01] VERBOSE  Running 'OpenROAD.Floorplan' at                 step.py:1138
                    'runs/RUN_2026-08-08_22-27-58/11-openroad-floor             
                    plan'…                                                      
[22:28:01] VERBOSE  Logging subprocess to                           step.py:1338
                    'runs/RUN_2026-08-08_22-27-58/11-openroad-floor             
                    plan/openroad-floorplan.log'…                               
Reading timing models for corner nom_typ_1p20V_25C…                             
Reading timing library for the 'nom_typ_1p20V_25C' corner at                    
'/foss/pdks/ihp-sg13g2/libs.ref/sg13g2_stdcell/lib/sg13g2_stdcell_typ_1p20V_25C.
lib'…                                                                           
Reading timing library for the 'nom_typ_1p20V_25C' corner at                    
'/foss/pdks/ihp-sg13g2/libs.ref/sg13g2_io/lib/sg13g2_io_typ_1p2V_3p3V_25C.lib'… 
Reading technology LEF file at                                                  
'/foss/pdks/ihp-sg13g2/libs.ref/sg13g2_stdcell/lef/sg13g2_tech.lef'…            
[INFO ODB-0227] LEF file:                                                       
/foss/pdks/ihp-sg13g2/libs.ref/sg13g2_stdcell/lef/sg13g2_tech.lef, created 19   
layers, 70 vias                                                                 
Reading cell LEF file at                                                        
'/foss/pdks/ihp-sg13g2/libs.ref/sg13g2_stdcell/lef/sg13g2_stdcell.lef'…         
[INFO ODB-0227] LEF file:                                                       
/foss/pdks/ihp-sg13g2/libs.ref/sg13g2_stdcell/lef/sg13g2_stdcell.lef, created 84
library cells                                                                   
Reading gpio pad LEF file at                                                    
'/foss/pdks/ihp-sg13g2/libs.ref/sg13g2_io/lef/sg13g2_io.lef'…                   
[INFO ODB-0227] LEF file:                                                       
/foss/pdks/ihp-sg13g2/libs.ref/sg13g2_io/lef/sg13g2_io.lef, created 22 library  
cells                                                                           
Reading top-level netlist at                                                    
'/foss/designs/spi-slave-ihp/flow/runs/RUN_2026-08-08_22-27-58/06-yosys-synthesi
s/spi_slave.nl.v'…                                                              
Linking design 'spi_slave' from netlist…                                        
Reading design constraints file at                                              
'/foss/designs/spi-slave-ihp/flow/constraint.sdc'…                              
[INFO] No information on clock propagation in input SDC file-- propagating all  
clocks.                                                                         
Using site height: 3.78 and site width: 0.48…                                   
[INFO] Using relative sizing for the floorplan.                                 
+ initialize_floorplan -site CoreSite -utilization 50 -aspect_ratio 1           
-core_space 15.12 15.12 5.76 5.76                                               
[INFO IFP-0107] Defining die area using utilization: 50.00% and aspect ratio: 1.
[INFO IFP-0001] Added 38 rows of 304 site CoreSite.                             
[INFO IFP-0100] Die BBox:  (  0.000  0.000 ) ( 157.780 176.500 ) um             
[INFO IFP-0101] Core BBox: (  5.760 15.120 ) ( 151.680 158.760 ) um             
[INFO IFP-0102] Core area:                        20959.949 um^2                
[INFO IFP-0103] Total instances area:             10695.888 um^2                
[INFO IFP-0104] Effective utilization:                0.510                     
[INFO IFP-0105] Number of instances:                    512                     
[INFO IFP-0030] Inserted 0 tiecells using sg13g2_tielo/L_LO.                    
[INFO IFP-0030] Inserted 0 tiecells using sg13g2_tiehi/L_HI.                    
[INFO] Extracting DIE_AREA and CORE_AREA from the floorplan                     
[INFO] Floorplanned on a die area of 0.0 0.0 157.78 176.5 (µm).                 
[INFO] Floorplanned on a core area of 5.76 15.12 151.68 158.76 (µm).            
Writing metric design__die__bbox: 0.0 0.0 157.78 176.5                          
Writing metric design__core__bbox: 5.76 15.12 151.68 158.76                     
Setting global connections for newly added cells…                               
[INFO] Setting global connections...                                            
[INFO ODB-0403] 0 connections made, 0 conflicts skipped.                        
Updating metrics…                                                               
Cell type report:                       Count       Area                        
  Inverter                                 29     157.85                        
  Sequential cell                         135    6613.49                        
  Multi-Input combinational cell          348    3924.55                        
  Total                                   512   10695.89                        
Writing OpenROAD database to                                                    
'/foss/designs/spi-slave-ihp/flow/runs/RUN_2026-08-08_22-27-58/11-openroad-floor
plan/spi_slave.odb'…                                                            
Writing netlist to                                                              
'/foss/designs/spi-slave-ihp/flow/runs/RUN_2026-08-08_22-27-58/11-openroad-floor
plan/spi_slave.nl.v'…                                                           
Writing powered netlist to                                                      
'/foss/designs/spi-slave-ihp/flow/runs/RUN_2026-08-08_22-27-58/11-openroad-floor
plan/spi_slave.pnl.v'…                                                          
Writing layout to                                                               
'/foss/designs/spi-slave-ihp/flow/runs/RUN_2026-08-08_22-27-58/11-openroad-floor
plan/spi_slave.def'…                                                            
Writing timing constraints to                                                   
'/foss/designs/spi-slave-ihp/flow/runs/RUN_2026-08-08_22-27-58/11-openroad-floor
plan/spi_slave.sdc'…                                                            
──────────────────────────────── Dump RC Values ────────────────────────────────
[22:28:02] VERBOSE  Running 'OpenROAD.DumpRCValues' at              step.py:1138
                    'runs/RUN_2026-08-08_22-27-58/12-openroad-dumpr             
                    cvalues'…                                                   
[22:28:02] VERBOSE  Logging subprocess to                           step.py:1338
                    'runs/RUN_2026-08-08_22-27-58/12-openroad-dumpr             
                    cvalues/openroad-dumprcvalues.log'…                         
Reading timing models for corner nom_typ_1p20V_25C…                             
Reading timing library for the 'nom_typ_1p20V_25C' corner at                    
'/foss/pdks/ihp-sg13g2/libs.ref/sg13g2_stdcell/lib/sg13g2_stdcell_typ_1p20V_25C.
lib'…                                                                           
Reading timing library for the 'nom_typ_1p20V_25C' corner at                    
'/foss/pdks/ihp-sg13g2/libs.ref/sg13g2_io/lib/sg13g2_io_typ_1p2V_3p3V_25C.lib'… 
Reading technology LEF file at                                                  
'/foss/pdks/ihp-sg13g2/libs.ref/sg13g2_stdcell/lef/sg13g2_tech.lef'…            
[INFO ODB-0227] LEF file:                                                       
/foss/pdks/ihp-sg13g2/libs.ref/sg13g2_stdcell/lef/sg13g2_tech.lef, created 19   
layers, 70 vias                                                                 
Reading cell LEF file at                                                        
'/foss/pdks/ihp-sg13g2/libs.ref/sg13g2_stdcell/lef/sg13g2_stdcell.lef'…         
[INFO ODB-0227] LEF file:                                                       
/foss/pdks/ihp-sg13g2/libs.ref/sg13g2_stdcell/lef/sg13g2_stdcell.lef, created 84
library cells                                                                   
Reading gpio pad LEF file at                                                    
'/foss/pdks/ihp-sg13g2/libs.ref/sg13g2_io/lef/sg13g2_io.lef'…                   
[INFO ODB-0227] LEF file:                                                       
/foss/pdks/ihp-sg13g2/libs.ref/sg13g2_io/lef/sg13g2_io.lef, created 22 library  
cells                                                                           
[INFO ODB-0127] Reading DEF file:                                               
/foss/designs/spi-slave-ihp/flow/runs/RUN_2026-08-08_22-27-58/11-openroad-floorp
lan/spi_slave.def                                                               
[INFO ODB-0128] Design: spi_slave                                               
[INFO ODB-0130]     Created 30 pins.                                            
[INFO ODB-0131]     Created 512 components and 2984 component-terminals.        
[INFO ODB-0132]     Created 2 special nets and 1024 connections.                
[INFO ODB-0133]     Created 525 nets and 1960 connections.                      
[INFO ODB-0134] Finished DEF file:                                              
/foss/designs/spi-slave-ihp/flow/runs/RUN_2026-08-08_22-27-58/11-openroad-floorp
lan/spi_slave.def                                                               
────────── Check Antenna Properties of Macros Pins in Their LEF Views ──────────
[22:28:02] VERBOSE  Running 'Odb.CheckMacroAntennaProperties' at    step.py:1138
                    'runs/RUN_2026-08-08_22-27-58/13-odb-checkmacro             
                    antennaproperties'…                                         
[22:28:02] INFO     No cells provided, skipping                       odb.py:234
                    'Odb.CheckMacroAntennaProperties'…                          
──────────────────────────── Set Power Connections ─────────────────────────────
[22:28:02] VERBOSE  Running 'Odb.SetPowerConnections' at            step.py:1138
                    'runs/RUN_2026-08-08_22-27-58/14-odb-setpowerco             
                    nnections'…                                                 
[22:28:02] VERBOSE  Logging subprocess to                           step.py:1338
                    'runs/RUN_2026-08-08_22-27-58/14-odb-setpowerco             
                    nnections/odb-setpowerconnections.log'…                     
──────────────────────────── Manual Macro Placement ────────────────────────────
[22:28:03] VERBOSE  Running 'Odb.ManualMacroPlacement' at           step.py:1138
                    'runs/RUN_2026-08-08_22-27-58/15-odb-manualmacr             
                    oplacement'…                                                
[22:28:03] INFO     No instances found, skipping                      odb.py:468
                    'Odb.ManualMacroPlacement'…                                 
─────────────────────────────────── Cut Rows ───────────────────────────────────
[22:28:03] VERBOSE  Running 'OpenROAD.CutRows' at                   step.py:1138
                    'runs/RUN_2026-08-08_22-27-58/16-openroad-cutro             
                    ws'…                                                        
[22:28:03] VERBOSE  Logging subprocess to                           step.py:1338
                    'runs/RUN_2026-08-08_22-27-58/16-openroad-cutro             
                    ws/openroad-cutrows.log'…                                   
Reading timing models for corner nom_typ_1p20V_25C…                             
Reading timing library for the 'nom_typ_1p20V_25C' corner at                    
'/foss/pdks/ihp-sg13g2/libs.ref/sg13g2_stdcell/lib/sg13g2_stdcell_typ_1p20V_25C.
lib'…                                                                           
Reading timing library for the 'nom_typ_1p20V_25C' corner at                    
'/foss/pdks/ihp-sg13g2/libs.ref/sg13g2_io/lib/sg13g2_io_typ_1p2V_3p3V_25C.lib'… 
Reading OpenROAD database at                                                    
'/foss/designs/spi-slave-ihp/flow/runs/RUN_2026-08-08_22-27-58/14-odb-setpowerco
nnections/spi_slave.odb'…                                                       
Reading design constraints file at                                              
'/foss/designs/spi-slave-ihp/flow/constraint.sdc'…                              
[INFO] No information on clock propagation in input SDC file-- propagating all  
clocks.                                                                         
+ cut_rows -halo_width_x 10 -halo_width_y 10                                    
Setting global connections for newly added cells…                               
[INFO] Setting global connections...                                            
[INFO ODB-0403] 0 connections made, 0 conflicts skipped.                        
Updating metrics…                                                               
Cell type report:                       Count       Area                        
  Inverter                                 29     157.85                        
  Sequential cell                         135    6613.49                        
  Multi-Input combinational cell          348    3924.55                        
  Total                                   512   10695.89                        
Writing OpenROAD database to                                                    
'/foss/designs/spi-slave-ihp/flow/runs/RUN_2026-08-08_22-27-58/16-openroad-cutro
ws/spi_slave.odb'…                                                              
Writing layout to                                                               
'/foss/designs/spi-slave-ihp/flow/runs/RUN_2026-08-08_22-27-58/16-openroad-cutro
ws/spi_slave.def'…                                                              
───────────────────────────── Tap/Decap Insertion ──────────────────────────────
[22:28:03] VERBOSE  Running 'OpenROAD.TapEndcapInsertion' at        step.py:1138
                    'runs/RUN_2026-08-08_22-27-58/17-openroad-tapen             
                    dcapinsertion'…                                             
[22:28:03] VERBOSE  Logging subprocess to                           step.py:1338
                    'runs/RUN_2026-08-08_22-27-58/17-openroad-tapen             
                    dcapinsertion/openroad-tapendcapinsertion.log'…             
Reading timing models for corner nom_typ_1p20V_25C…                             
Reading timing library for the 'nom_typ_1p20V_25C' corner at                    
'/foss/pdks/ihp-sg13g2/libs.ref/sg13g2_stdcell/lib/sg13g2_stdcell_typ_1p20V_25C.
lib'…                                                                           
Reading timing library for the 'nom_typ_1p20V_25C' corner at                    
'/foss/pdks/ihp-sg13g2/libs.ref/sg13g2_io/lib/sg13g2_io_typ_1p2V_3p3V_25C.lib'… 
Reading OpenROAD database at                                                    
'/foss/designs/spi-slave-ihp/flow/runs/RUN_2026-08-08_22-27-58/16-openroad-cutro
ws/spi_slave.odb'…                                                              
Reading design constraints file at                                              
'/foss/designs/spi-slave-ihp/flow/constraint.sdc'…                              
[INFO] No information on clock propagation in input SDC file-- propagating all  
clocks.                                                                         
+ tapcell -halo_width_x 10 -halo_width_y 10 -distance 0                         
Setting global connections for newly added cells…                               
[INFO] Setting global connections...                                            
[INFO ODB-0403] 0 connections made, 0 conflicts skipped.                        
Updating metrics…                                                               
Cell type report:                       Count       Area                        
  Inverter                                 29     157.85                        
  Sequential cell                         135    6613.49                        
  Multi-Input combinational cell          348    3924.55                        
  Total                                   512   10695.89                        
Writing OpenROAD database to                                                    
'/foss/designs/spi-slave-ihp/flow/runs/RUN_2026-08-08_22-27-58/17-openroad-tapen
dcapinsertion/spi_slave.odb'…                                                   
Writing netlist to                                                              
'/foss/designs/spi-slave-ihp/flow/runs/RUN_2026-08-08_22-27-58/17-openroad-tapen
dcapinsertion/spi_slave.nl.v'…                                                  
Writing powered netlist to                                                      
'/foss/designs/spi-slave-ihp/flow/runs/RUN_2026-08-08_22-27-58/17-openroad-tapen
dcapinsertion/spi_slave.pnl.v'…                                                 
Writing layout to                                                               
'/foss/designs/spi-slave-ihp/flow/runs/RUN_2026-08-08_22-27-58/17-openroad-tapen
dcapinsertion/spi_slave.def'…                                                   
Writing timing constraints to                                                   
'/foss/designs/spi-slave-ihp/flow/runs/RUN_2026-08-08_22-27-58/17-openroad-tapen
dcapinsertion/spi_slave.sdc'…                                                   
───────────────────────────── Add PDN obstructions ─────────────────────────────
[22:28:04] VERBOSE  Running 'Odb.AddPDNObstructions' at             step.py:1138
                    'runs/RUN_2026-08-08_22-27-58/18-odb-addpdnobst             
                    ructions'…                                                  
[22:28:04] INFO     'PDN_OBSTRUCTIONS' is not defined. Skipping       odb.py:589
                    'Odb.AddPDNObstructions'…                                   
──────────────────── Power Distribution Network Generation ─────────────────────
[22:28:04] VERBOSE  Running 'OpenROAD.GeneratePDN' at               step.py:1138
                    'runs/RUN_2026-08-08_22-27-58/19-openroad-gener             
                    atepdn'…                                                    
[22:28:04] INFO     'PDN_CFG' not explicitly set, setting it to openroad.py:1495
                    /usr/local/lib/python3.12/dist-packages/lib                 
                    relane/scripts/openroad/common/pdn_cfg.tcl…                 
[22:28:04] VERBOSE  Logging subprocess to                           step.py:1338
                    'runs/RUN_2026-08-08_22-27-58/19-openroad-gener             
                    atepdn/openroad-generatepdn.log'…                           
Reading timing models for corner nom_typ_1p20V_25C…                             
Reading timing library for the 'nom_typ_1p20V_25C' corner at                    
'/foss/pdks/ihp-sg13g2/libs.ref/sg13g2_stdcell/lib/sg13g2_stdcell_typ_1p20V_25C.
lib'…                                                                           
Reading timing library for the 'nom_typ_1p20V_25C' corner at                    
'/foss/pdks/ihp-sg13g2/libs.ref/sg13g2_io/lib/sg13g2_io_typ_1p2V_3p3V_25C.lib'… 
Reading OpenROAD database at                                                    
'/foss/designs/spi-slave-ihp/flow/runs/RUN_2026-08-08_22-27-58/17-openroad-tapen
dcapinsertion/spi_slave.odb'…                                                   
Reading design constraints file at                                              
'/foss/designs/spi-slave-ihp/flow/constraint.sdc'…                              
[INFO] No information on clock propagation in input SDC file-- propagating all  
clocks.                                                                         
[INFO] Setting global connections...                                            
[INFO ODB-0403] 0 connections made, 0 conflicts skipped.                        
+ pdngen                                                                        
[INFO PDN-0001] Inserting grid: stdcell_grid                                    
Setting global connections for newly added cells…                               
[INFO] Setting global connections...                                            
[INFO ODB-0403] 0 connections made, 0 conflicts skipped.                        
Updating metrics…                                                               
Cell type report:                       Count       Area                        
  Inverter                                 29     157.85                        
  Sequential cell                         135    6613.49                        
  Multi-Input combinational cell          348    3924.55                        
  Total                                   512   10695.89                        
Writing OpenROAD database to                                                    
'/foss/designs/spi-slave-ihp/flow/runs/RUN_2026-08-08_22-27-58/19-openroad-gener
atepdn/spi_slave.odb'…                                                          
Writing netlist to                                                              
'/foss/designs/spi-slave-ihp/flow/runs/RUN_2026-08-08_22-27-58/19-openroad-gener
atepdn/spi_slave.nl.v'…                                                         
Writing powered netlist to                                                      
'/foss/designs/spi-slave-ihp/flow/runs/RUN_2026-08-08_22-27-58/19-openroad-gener
atepdn/spi_slave.pnl.v'…                                                        
Writing layout to                                                               
'/foss/designs/spi-slave-ihp/flow/runs/RUN_2026-08-08_22-27-58/19-openroad-gener
atepdn/spi_slave.def'…                                                          
Writing timing constraints to                                                   
'/foss/designs/spi-slave-ihp/flow/runs/RUN_2026-08-08_22-27-58/19-openroad-gener
atepdn/spi_slave.sdc'…                                                          
[INFO PSM-0040] All shapes on net VPWR are connected.                           
[INFO PSM-0040] All shapes on net VGND are connected.                           
─────────────────────────── Remove PDN obstructions ────────────────────────────
[22:28:05] VERBOSE  Running 'Odb.RemovePDNObstructions' at          step.py:1138
                    'runs/RUN_2026-08-08_22-27-58/20-odb-removepdno             
                    bstructions'…                                               
[22:28:05] INFO     'PDN_OBSTRUCTIONS' is not defined. Skipping       odb.py:589
                    'Odb.RemovePDNObstructions'…                                
─────────────────────────────── Add Obstructions ───────────────────────────────
[22:28:05] VERBOSE  Running 'Odb.AddRoutingObstructions' at         step.py:1138
                    'runs/RUN_2026-08-08_22-27-58/21-odb-addrouting             
                    obstructions'…                                              
[22:28:05] INFO     'ROUTING_OBSTRUCTIONS' is not defined. Skipping   odb.py:589
                    'Odb.AddRoutingObstructions'…                               
─────────────────────────── Global Placement Skip IO ───────────────────────────
[22:28:05] VERBOSE  Running 'OpenROAD.GlobalPlacementSkipIO' at     step.py:1138
                    'runs/RUN_2026-08-08_22-27-58/22-openroad-globa             
                    lplacementskipio'…                                          
[22:28:05] INFO     'PL_TARGET_DENSITY_PCT' not explicitly set, openroad.py:1595
                    using dynamically calculated target                         
                    density: 61.030100…                                         
[22:28:05] VERBOSE  Logging subprocess to                           step.py:1338
                    'runs/RUN_2026-08-08_22-27-58/22-openroad-globa             
                    lplacementskipio/openroad-globalplacementskipio             
                    .log'…                                                      
Reading timing models for corner nom_typ_1p20V_25C…                             
Reading timing library for the 'nom_typ_1p20V_25C' corner at                    
'/foss/pdks/ihp-sg13g2/libs.ref/sg13g2_stdcell/lib/sg13g2_stdcell_typ_1p20V_25C.
lib'…                                                                           
Reading timing library for the 'nom_typ_1p20V_25C' corner at                    
'/foss/pdks/ihp-sg13g2/libs.ref/sg13g2_io/lib/sg13g2_io_typ_1p2V_3p3V_25C.lib'… 
Reading OpenROAD database at                                                    
'/foss/designs/spi-slave-ihp/flow/runs/RUN_2026-08-08_22-27-58/19-openroad-gener
atepdn/spi_slave.odb'…                                                          
Reading design constraints file at                                              
'/foss/designs/spi-slave-ihp/flow/constraint.sdc'…                              
[INFO] No information on clock propagation in input SDC file-- propagating all  
clocks.                                                                         
+ global_placement -density 0.610301 -skip_io -pad_right 0 -pad_left 0          
-init_wirelength_coef 0.25                                                      
[INFO GPL-0001] ---- Initialize GPL Main Data Structures                        
[INFO GPL-0002] DBU: 1000                                                       
[INFO GPL-0003] SiteSize: (  0.480  3.780 ) um                                  
[INFO GPL-0004] CoreBBox: (  5.760 15.120 ) ( 151.680 158.760 ) um              
[INFO GPL-0036] Movable instances area:      10695.888 um^2                     
[INFO GPL-0037] Total instances area:        10695.888 um^2                     
[INFO GPL-0035] Pin density area adjust:       769.546 um^2                     
[INFO GPL-0032] ---- Initialize Region: Top-level                               
[INFO GPL-0006] Number of instances:               512                          
[INFO GPL-0007] Movable instances:                 512                          
[INFO GPL-0008] Fixed instances:                     0                          
[INFO GPL-0009] Dummy instances:                     0                          
[INFO GPL-0010] Number of nets:                    525                          
[INFO GPL-0011] Number of pins:                   1960                          
[INFO GPL-0012] Die BBox:  (  0.000  0.000 ) ( 157.780 176.500 ) um             
[INFO GPL-0013] Core BBox: (  5.760 15.120 ) ( 151.680 158.760 ) um             
[INFO GPL-0016] Core area:                   20959.949 um^2                     
[INFO GPL-0014] Region name: top-level.                                         
[INFO GPL-0015] Region area:                 20959.949 um^2                     
[INFO GPL-0017] Fixed instances area:            0.000 um^2                     
[INFO GPL-0018] Movable instances area:      11465.434 um^2                     
[INFO GPL-0019] Utilization:                    54.702 %                        
[INFO GPL-0020] Standard cells area:         11465.434 um^2                     
[INFO GPL-0021] Large instances area:            0.000 um^2                     
[INFO GPL-0005] ---- Execute Conjugate Gradient Initial Placement.              
[INFO GPL-0051] Source of initial instance position counters:                   
        Odb location = 0        Core center = 512       Region center = 0       
[INFO GPL-0033] ---- Initialize Nesterov Region: Top-level                      
[INFO GPL-0023] Placement target density:       0.6103                          
[INFO GPL-0024] Movable insts average area:     22.393 um^2                     
[INFO GPL-0025] Ideal bin area:                 36.692 um^2                     
[INFO GPL-0026] Ideal bin count:                   571                          
[INFO GPL-0027] Total bin area:              20959.949 um^2                     
[INFO GPL-0028] Bin count (X, Y):          16 ,     16                          
[INFO GPL-0029] Bin size (W * H):       9.120 *  8.977 um                       
[INFO GPL-0030] Number of bins:                    256                          
[INFO GPL-0007] ---- Execute Nesterov Global Placement.                         
[INFO GPL-0031] HPWL: Half-Perimeter Wirelength                                 
Iteration | Overflow |     HPWL (um) |  HPWL(%) |   Penalty | Group             
---------------------------------------------------------------                 
        0 |   0.9824 |  2.429202e+03 |   +0.00% |  1.41e-14 |                   
       10 |   0.9607 |  2.125785e+03 |  -12.49% |  2.29e-14 |                   
       20 |   0.9570 |  2.108425e+03 |   -0.82% |  3.74e-14 |                   
       30 |   0.9573 |  2.099528e+03 |   -0.42% |  6.09e-14 |                   
       40 |   0.9572 |  2.098228e+03 |   -0.06% |  9.91e-14 |                   
       50 |   0.9571 |  2.099989e+03 |   +0.08% |  1.61e-13 |                   
       60 |   0.9570 |  2.100913e+03 |   +0.04% |  2.63e-13 |                   
       70 |   0.9568 |  2.101379e+03 |   +0.02% |  4.28e-13 |                   
       80 |   0.9565 |  2.104908e+03 |   +0.17% |  6.98e-13 |                   
       90 |   0.9561 |  2.112630e+03 |   +0.37% |  1.14e-12 |                   
      100 |   0.9552 |  2.126874e+03 |   +0.67% |  1.85e-12 |                   
      110 |   0.9533 |  2.151993e+03 |   +1.18% |  3.02e-12 |                   
      120 |   0.9486 |  2.196497e+03 |   +2.07% |  4.91e-12 |                   
      130 |   0.9369 |  2.280757e+03 |   +3.84% |  8.00e-12 |                   
      140 |   0.9316 |  2.405938e+03 |   +5.49% |  1.30e-11 |                   
      150 |   0.9163 |  2.624654e+03 |   +9.09% |  2.12e-11 |                   
      160 |   0.8883 |  3.003719e+03 |  +14.44% |  3.46e-11 |                   
      170 |   0.8409 |  3.602360e+03 |  +19.93% |  5.63e-11 |                   
      180 |   0.7968 |  4.365917e+03 |  +21.20% |  9.17e-11 |                   
      190 |   0.7730 |  4.929894e+03 |  +12.92% |  1.49e-10 |                   
      200 |   0.7342 |  5.390103e+03 |   +9.34% |  2.43e-10 |                   
      210 |   0.6944 |  5.968113e+03 |  +10.72% |  3.96e-10 |                   
      220 |   0.6565 |  6.646347e+03 |  +11.36% |  6.46e-10 |                   
      230 |   0.6062 |  7.137797e+03 |   +7.39% |  1.05e-09 |                   
      240 |   0.5586 |  7.748683e+03 |   +8.56% |  1.71e-09 |                   
      250 |   0.5127 |  8.299745e+03 |   +7.11% |  2.79e-09 |                   
      260 |   0.4656 |  8.813334e+03 |   +6.19% |  4.54e-09 |                   
      270 |   0.4160 |  9.267161e+03 |   +5.15% |  7.40e-09 |                   
      280 |   0.3578 |  9.595226e+03 |   +3.54% |  1.21e-08 |                   
      290 |   0.3101 |  9.775829e+03 |   +1.88% |  1.83e-08 |                   
      300 |   0.2752 |  1.001734e+04 |   +2.47% |  2.70e-08 |                   
      310 |   0.2420 |  1.012852e+04 |   +1.11% |  3.97e-08 |                   
      320 |   0.2121 |  1.024235e+04 |   +1.12% |  5.85e-08 |                   
      330 |   0.1736 |  1.039550e+04 |   +1.50% |  8.62e-08 |                   
      340 |   0.1392 |  1.043307e+04 |   +0.36% |  1.27e-07 |                   
      350 |   0.1137 |  1.051026e+04 |   +0.74% |  1.87e-07 |                   
      356 |   0.0980 |  1.053816e+04 |          |  2.45e-07 |                   
---------------------------------------------------------------                 
[INFO GPL-1001] Global placement finished at iteration 356                      
[INFO GPL-1002] Placed Cell Area            11465.4344                          
[INFO GPL-1003] Available Free Area         20959.9488                          
[INFO GPL-1004] Minimum Feasible Density        0.5500 (cell_area / free_area)  
[INFO GPL-1006]   Suggested Target Densities:                                   
[INFO GPL-1007]     - For 90% usage of free space: 0.6078                       
[INFO GPL-1008]     - For 80% usage of free space: 0.6838                       
[INFO GPL-1014] Final placement area: 11465.43 (+0.00%)                         
Setting global connections for newly added cells…                               
[INFO] Setting global connections...                                            
[INFO ODB-0403] 0 connections made, 0 conflicts skipped.                        
Updating metrics…                                                               
Cell type report:                       Count       Area                        
  Inverter                                 29     157.85                        
  Sequential cell                         135    6613.49                        
  Multi-Input combinational cell          348    3924.55                        
  Total                                   512   10695.89                        
Writing OpenROAD database to                                                    
'/foss/designs/spi-slave-ihp/flow/runs/RUN_2026-08-08_22-27-58/22-openroad-globa
lplacementskipio/spi_slave.odb'…                                                
Writing netlist to                                                              
'/foss/designs/spi-slave-ihp/flow/runs/RUN_2026-08-08_22-27-58/22-openroad-globa
lplacementskipio/spi_slave.nl.v'…                                               
Writing powered netlist to                                                      
'/foss/designs/spi-slave-ihp/flow/runs/RUN_2026-08-08_22-27-58/22-openroad-globa
lplacementskipio/spi_slave.pnl.v'…                                              
Writing layout to                                                               
'/foss/designs/spi-slave-ihp/flow/runs/RUN_2026-08-08_22-27-58/22-openroad-globa
lplacementskipio/spi_slave.def'…                                                
Writing timing constraints to                                                   
'/foss/designs/spi-slave-ihp/flow/runs/RUN_2026-08-08_22-27-58/22-openroad-globa
lplacementskipio/spi_slave.sdc'…                                                
──────────────────────────────── I/O Placement ─────────────────────────────────
[22:28:05] VERBOSE  Running 'OpenROAD.IOPlacement' at               step.py:1138
                    'runs/RUN_2026-08-08_22-27-58/23-openroad-iopla             
                    cement'…                                                    
[22:28:05] VERBOSE  Logging subprocess to                           step.py:1338
                    'runs/RUN_2026-08-08_22-27-58/23-openroad-iopla             
                    cement/openroad-ioplacement.log'…                           
Reading timing models for corner nom_typ_1p20V_25C…                             
Reading timing library for the 'nom_typ_1p20V_25C' corner at                    
'/foss/pdks/ihp-sg13g2/libs.ref/sg13g2_stdcell/lib/sg13g2_stdcell_typ_1p20V_25C.
lib'…                                                                           
Reading timing library for the 'nom_typ_1p20V_25C' corner at                    
'/foss/pdks/ihp-sg13g2/libs.ref/sg13g2_io/lib/sg13g2_io_typ_1p2V_3p3V_25C.lib'… 
Reading OpenROAD database at                                                    
'/foss/designs/spi-slave-ihp/flow/runs/RUN_2026-08-08_22-27-58/22-openroad-globa
lplacementskipio/spi_slave.odb'…                                                
Reading design constraints file at                                              
'/foss/designs/spi-slave-ihp/flow/constraint.sdc'…                              
[INFO] No information on clock propagation in input SDC file-- propagating all  
clocks.                                                                         
+ place_pins -hor_layers Metal3 -ver_layers Metal2                              
Found 0 macro blocks.                                                           
Using 2 tracks default min distance between IO pins.                            
[INFO PPL-0001] Number of available slots 732                                   
[INFO PPL-0002] Number of I/O             30                                    
[INFO PPL-0003] Number of I/O w/sink      30                                    
[INFO PPL-0004] Number of I/O w/o sink    0                                     
[INFO PPL-0005] Slots per section         200                                   
[INFO PPL-0008] Successfully assigned pins to sections.                         
[INFO PPL-0012] I/O nets HPWL: 1416.09 um.                                      
Setting global connections for newly added cells…                               
[INFO] Setting global connections...                                            
[INFO ODB-0403] 0 connections made, 0 conflicts skipped.                        
Updating metrics…                                                               
Cell type report:                       Count       Area                        
  Inverter                                 29     157.85                        
  Sequential cell                         135    6613.49                        
  Multi-Input combinational cell          348    3924.55                        
  Total                                   512   10695.89                        
Writing OpenROAD database to                                                    
'/foss/designs/spi-slave-ihp/flow/runs/RUN_2026-08-08_22-27-58/23-openroad-iopla
cement/spi_slave.odb'…                                                          
Writing netlist to                                                              
'/foss/designs/spi-slave-ihp/flow/runs/RUN_2026-08-08_22-27-58/23-openroad-iopla
cement/spi_slave.nl.v'…                                                         
Writing powered netlist to                                                      
'/foss/designs/spi-slave-ihp/flow/runs/RUN_2026-08-08_22-27-58/23-openroad-iopla
cement/spi_slave.pnl.v'…                                                        
Writing layout to                                                               
'/foss/designs/spi-slave-ihp/flow/runs/RUN_2026-08-08_22-27-58/23-openroad-iopla
cement/spi_slave.def'…                                                          
Writing timing constraints to                                                   
'/foss/designs/spi-slave-ihp/flow/runs/RUN_2026-08-08_22-27-58/23-openroad-iopla
cement/spi_slave.sdc'…                                                          
─────────────────────── Custom I/O Pin Placement Script ────────────────────────
[22:28:06] VERBOSE  Running 'Odb.CustomIOPlacement' at              step.py:1138
                    'runs/RUN_2026-08-08_22-27-58/24-odb-customiopl             
                    acement'…                                                   
[22:28:06] INFO     No custom I/O placement file configured, skipping odb.py:718
                    'Odb.CustomIOPlacement'…                                    
────────────────────────────── Apply DEF Template ──────────────────────────────
[22:28:06] VERBOSE  Running 'Odb.ApplyDEFTemplate' at               step.py:1138
                    'runs/RUN_2026-08-08_22-27-58/25-odb-applydefte             
                    mplate'…                                                    
[22:28:06] INFO     No DEF template provided, skipping                odb.py:302
                    'Odb.ApplyDEFTemplate'…                                     
─────────────────────────────── Global Placement ───────────────────────────────
[22:28:06] VERBOSE  Running 'OpenROAD.GlobalPlacement' at           step.py:1138
                    'runs/RUN_2026-08-08_22-27-58/26-openroad-globa             
                    lplacement'…                                                
[22:28:06] INFO     'PL_TARGET_DENSITY_PCT' not explicitly set, openroad.py:1595
                    using dynamically calculated target                         
                    density: 61.030100…                                         
[22:28:06] VERBOSE  Logging subprocess to                           step.py:1338
                    'runs/RUN_2026-08-08_22-27-58/26-openroad-globa             
                    lplacement/openroad-globalplacement.log'…                   
Reading timing models for corner nom_typ_1p20V_25C…                             
Reading timing library for the 'nom_typ_1p20V_25C' corner at                    
'/foss/pdks/ihp-sg13g2/libs.ref/sg13g2_stdcell/lib/sg13g2_stdcell_typ_1p20V_25C.
lib'…                                                                           
Reading timing library for the 'nom_typ_1p20V_25C' corner at                    
'/foss/pdks/ihp-sg13g2/libs.ref/sg13g2_io/lib/sg13g2_io_typ_1p2V_3p3V_25C.lib'… 
Reading OpenROAD database at                                                    
'/foss/designs/spi-slave-ihp/flow/runs/RUN_2026-08-08_22-27-58/23-openroad-iopla
cement/spi_slave.odb'…                                                          
Reading design constraints file at                                              
'/foss/designs/spi-slave-ihp/flow/constraint.sdc'…                              
[INFO] No information on clock propagation in input SDC file-- propagating all  
clocks.                                                                         
[INFO] Setting signal min routing layer to: Metal2 and clock min routing layer  
to Metal2.                                                                      
[INFO] Setting signal max routing layer to: TopMetal2 and clock max routing     
layer to TopMetal2.                                                             
+ global_placement -density 0.610301 -routability_driven -pad_right 0 -pad_left 
0 -init_wirelength_coef 0.25                                                    
[INFO GPL-0001] ---- Initialize GPL Main Data Structures                        
[INFO GPL-0002] DBU: 1000                                                       
[INFO GPL-0003] SiteSize: (  0.480  3.780 ) um                                  
[INFO GPL-0004] CoreBBox: (  5.760 15.120 ) ( 151.680 158.760 ) um              
[INFO GPL-0036] Movable instances area:      10695.888 um^2                     
[INFO GPL-0037] Total instances area:        10695.888 um^2                     
[INFO GPL-0035] Pin density area adjust:       769.546 um^2                     
[INFO GPL-0032] ---- Initialize Region: Top-level                               
[INFO GPL-0006] Number of instances:               512                          
[INFO GPL-0007] Movable instances:                 512                          
[INFO GPL-0008] Fixed instances:                     0                          
[INFO GPL-0009] Dummy instances:                     0                          
[INFO GPL-0010] Number of nets:                    525                          
[INFO GPL-0011] Number of pins:                   1990                          
[INFO GPL-0012] Die BBox:  (  0.000  0.000 ) ( 157.780 176.500 ) um             
[INFO GPL-0013] Core BBox: (  5.760 15.120 ) ( 151.680 158.760 ) um             
[INFO GPL-0016] Core area:                   20959.949 um^2                     
[INFO GPL-0014] Region name: top-level.                                         
[INFO GPL-0015] Region area:                 20959.949 um^2                     
[INFO GPL-0017] Fixed instances area:            0.000 um^2                     
[INFO GPL-0018] Movable instances area:      11465.434 um^2                     
[INFO GPL-0019] Utilization:                    54.702 %                        
[INFO GPL-0020] Standard cells area:         11465.434 um^2                     
[INFO GPL-0021] Large instances area:            0.000 um^2                     
[INFO GPL-0005] ---- Execute Conjugate Gradient Initial Placement.              
[INFO GPL-0051] Source of initial instance position counters:                   
        Odb location = 512      Core center = 0 Region center = 0               
[InitialPlace]  Iter: 1 conjugate gradient residual: 0.00000138 HPWL: 16413568  
[InitialPlace]  Iter: 2 conjugate gradient residual: 0.00000107 HPWL: 11790547  
[InitialPlace]  Iter: 3 conjugate gradient residual: 0.00000010 HPWL: 10374077  
[InitialPlace]  Iter: 4 conjugate gradient residual: 0.00000011 HPWL: 9857065   
[InitialPlace]  Iter: 5 conjugate gradient residual: 0.00000012 HPWL: 9679558   
[INFO GPL-0033] ---- Initialize Nesterov Region: Top-level                      
[INFO GPL-0023] Placement target density:       0.6103                          
[INFO GPL-0024] Movable insts average area:     22.393 um^2                     
[INFO GPL-0025] Ideal bin area:                 36.692 um^2                     
[INFO GPL-0026] Ideal bin count:                   571                          
[INFO GPL-0027] Total bin area:              20959.949 um^2                     
[INFO GPL-0028] Bin count (X, Y):          16 ,     16                          
[INFO GPL-0029] Bin size (W * H):       9.120 *  8.977 um                       
[INFO GPL-0030] Number of bins:                    256                          
[INFO GPL-0007] ---- Execute Nesterov Global Placement.                         
[INFO GPL-0031] HPWL: Half-Perimeter Wirelength                                 
Iteration | Overflow |     HPWL (um) |  HPWL(%) |   Penalty | Group             
---------------------------------------------------------------                 
        0 |   0.8352 |  5.190528e+03 |   +0.00% |  1.19e-14 |                   
       10 |   0.7922 |  6.110212e+03 |  +17.72% |  1.95e-14 |                   
       20 |   0.7750 |  6.179208e+03 |   +1.13% |  3.17e-14 |                   
       30 |   0.7697 |  6.208375e+03 |   +0.47% |  5.16e-14 |                   
       40 |   0.7698 |  6.200882e+03 |   -0.12% |  8.41e-14 |                   
       50 |   0.7685 |  6.186755e+03 |   -0.23% |  1.37e-13 |                   
       60 |   0.7694 |  6.179093e+03 |   -0.12% |  2.23e-13 |                   
       70 |   0.7690 |  6.184096e+03 |   +0.08% |  3.63e-13 |                   
       80 |   0.7692 |  6.192125e+03 |   +0.13% |  5.92e-13 |                   
       90 |   0.7688 |  6.195243e+03 |   +0.05% |  9.64e-13 |                   
      100 |   0.7676 |  6.195650e+03 |   +0.01% |  1.57e-12 |                   
      110 |   0.7658 |  6.203592e+03 |   +0.13% |  2.56e-12 |                   
      120 |   0.7623 |  6.220606e+03 |   +0.27% |  4.17e-12 |                   
      130 |   0.7602 |  6.245269e+03 |   +0.40% |  6.79e-12 |                   
      140 |   0.7581 |  6.282248e+03 |   +0.59% |  1.11e-11 |                   
      150 |   0.7535 |  6.339498e+03 |   +0.91% |  1.80e-11 |                   
      160 |   0.7457 |  6.424697e+03 |   +1.34% |  2.93e-11 |                   
      170 |   0.7371 |  6.553249e+03 |   +2.00% |  4.78e-11 |                   
      180 |   0.7224 |  6.749616e+03 |   +3.00% |  7.78e-11 |                   
      190 |   0.7116 |  6.995840e+03 |   +3.65% |  1.27e-10 |                   
      200 |   0.6908 |  7.321304e+03 |   +4.65% |  2.06e-10 |                   
      210 |   0.6571 |  7.663927e+03 |   +4.68% |  3.36e-10 |                   
      220 |   0.6240 |  8.006067e+03 |   +4.46% |  5.48e-10 |                   
[INFO GPL-0038] Routability snapshot saved at iter = 229                        
      228 |   0.5973 |  8.314039e+03 |          |           |                   
      230 |   0.5909 |  8.403507e+03 |   +4.96% |  8.92e-10 |                   
      240 |   0.5440 |  8.802952e+03 |   +4.75% |  1.45e-09 |                   
      250 |   0.5041 |  9.246330e+03 |   +5.04% |  2.37e-09 |                   
      260 |   0.4564 |  9.679276e+03 |   +4.68% |  3.86e-09 |                   
      270 |   0.4051 |  1.000755e+04 |   +3.39% |  6.28e-09 |                   
      280 |   0.3528 |  1.030557e+04 |   +2.98% |  1.02e-08 |                   
      290 |   0.3175 |  1.051115e+04 |   +1.99% |  1.54e-08 |                   
[INFO GPL-0040] Routability iteration: 1                                        
[INFO GPL-0041] Total routing overflow: 0.0000                                  
[INFO GPL-0042] Number of overflowed tiles: 0 (0.00%)                           
[INFO GPL-0043] Average top 0.5% routing congestion: 0.7655                     
[INFO GPL-0044] Average top 1.0% routing congestion: 0.7485                     
[INFO GPL-0045] Average top 2.0% routing congestion: 0.7200                     
[INFO GPL-0046] Average top 5.0% routing congestion: 0.6563                     
[INFO GPL-0047] Routability iteration weighted routing congestion: 0.7570       
[INFO GPL-0050] Weighted routing congestion is lower than target routing        
congestion(1.0100), end routability optimization.                               
[INFO GPL-0090] Routability finished. Target routing congestion achieved        
succesfully.                                                                    
Iteration | Overflow |     HPWL (um) |  HPWL(%) |   Penalty | Group             
---------------------------------------------------------------                 
      300 |   0.2826 |  1.066259e+04 |   +1.44% |  2.27e-08 |                   
      310 |   0.2459 |  1.072572e+04 |   +0.59% |  3.34e-08 |                   
      320 |   0.2195 |  1.089513e+04 |   +1.58% |  4.92e-08 |                   
      330 |   0.1850 |  1.102264e+04 |   +1.17% |  7.24e-08 |                   
      340 |   0.1528 |  1.107431e+04 |   +0.47% |  1.07e-07 |                   
      350 |   0.1295 |  1.117856e+04 |   +0.94% |  1.57e-07 |                   
      360 |   0.1060 |  1.124202e+04 |   +0.57% |  2.32e-07 |                   
      363 |   0.0998 |  1.126130e+04 |          |  2.70e-07 |                   
---------------------------------------------------------------                 
[INFO GPL-1001] Global placement finished at iteration 363                      
[INFO GPL-1003] Routability mode iteration count: 67                            
[INFO GPL-1005] Routability final weighted congestion: 0.7083                   
[INFO GPL-1002] Placed Cell Area            11465.4344                          
[INFO GPL-1003] Available Free Area         20959.9488                          
[INFO GPL-1004] Minimum Feasible Density        0.5500 (cell_area / free_area)  
[INFO GPL-1006]   Suggested Target Densities:                                   
[INFO GPL-1007]     - For 90% usage of free space: 0.6078                       
[INFO GPL-1008]     - For 80% usage of free space: 0.6838                       
[INFO GPL-1011] Original area (um^2): 11465.43                                  
[INFO GPL-1012] Total routability artificial inflation: 0.00 (+0.00%)           
[INFO GPL-1014] Final placement area: 11465.43 (+0.00%)                         
Setting global connections for newly added cells…                               
[INFO] Setting global connections...                                            
[INFO ODB-0403] 0 connections made, 0 conflicts skipped.                        
Updating metrics…                                                               
Cell type report:                       Count       Area                        
  Inverter                                 29     157.85                        
  Sequential cell                         135    6613.49                        
  Multi-Input combinational cell          348    3924.55                        
  Total                                   512   10695.89                        
Writing OpenROAD database to                                                    
'/foss/designs/spi-slave-ihp/flow/runs/RUN_2026-08-08_22-27-58/26-openroad-globa
lplacement/spi_slave.odb'…                                                      
Writing netlist to                                                              
'/foss/designs/spi-slave-ihp/flow/runs/RUN_2026-08-08_22-27-58/26-openroad-globa
lplacement/spi_slave.nl.v'…                                                     
Writing powered netlist to                                                      
'/foss/designs/spi-slave-ihp/flow/runs/RUN_2026-08-08_22-27-58/26-openroad-globa
lplacement/spi_slave.pnl.v'…                                                    
Writing layout to                                                               
'/foss/designs/spi-slave-ihp/flow/runs/RUN_2026-08-08_22-27-58/26-openroad-globa
lplacement/spi_slave.def'…                                                      
Writing timing constraints to                                                   
'/foss/designs/spi-slave-ihp/flow/runs/RUN_2026-08-08_22-27-58/26-openroad-globa
lplacement/spi_slave.sdc'…                                                      
───────────────────────────── Write Verilog Header ─────────────────────────────
[22:28:07] VERBOSE  Running 'Odb.WriteVerilogHeader' at             step.py:1138
                    'runs/RUN_2026-08-08_22-27-58/27-odb-writeveril             
                    ogheader'…                                                  
[22:28:07] VERBOSE  Logging subprocess to                           step.py:1338
                    'runs/RUN_2026-08-08_22-27-58/27-odb-writeveril             
                    ogheader/odb-writeverilogheader.log'…                       
───────────────────────── Power Grid Violation Checker ─────────────────────────
[22:28:08] VERBOSE  Running 'Checker.PowerGridViolations' at        step.py:1138
                    'runs/RUN_2026-08-08_22-27-58/28-checker-powerg             
                    ridviolations'…                                             
[22:28:08] INFO     Check for power grid violations (as reported  checker.py:131
                    by OpenROAD PSM- you may ignore these if LVS                
                    passes) clear.                                              
──────────────────── Repair Design (Post-Global Placement) ─────────────────────
[22:28:08] VERBOSE  Running 'OpenROAD.RepairDesignPostGPL' at       step.py:1138
                    'runs/RUN_2026-08-08_22-27-58/29-openroad-repai             
                    rdesignpostgpl'…                                            
[22:28:08] VERBOSE  Logging subprocess to                           step.py:1338
                    'runs/RUN_2026-08-08_22-27-58/29-openroad-repai             
                    rdesignpostgpl/openroad-repairdesignpostgpl.log             
                    '…                                                          
Reading timing models for corner nom_fast_1p32V_m40C…                           
Reading timing library for the 'nom_fast_1p32V_m40C' corner at                  
'/foss/pdks/ihp-sg13g2/libs.ref/sg13g2_stdcell/lib/sg13g2_stdcell_fast_1p32V_m40
C.lib'…                                                                         
Reading timing library for the 'nom_fast_1p32V_m40C' corner at                  
'/foss/pdks/ihp-sg13g2/libs.ref/sg13g2_io/lib/sg13g2_io_fast_1p32V_3p6V_m40C.lib
'…                                                                              
Reading timing models for corner nom_slow_1p08V_125C…                           
Reading timing library for the 'nom_slow_1p08V_125C' corner at                  
'/foss/pdks/ihp-sg13g2/libs.ref/sg13g2_stdcell/lib/sg13g2_stdcell_slow_1p08V_125
C.lib'…                                                                         
Reading timing library for the 'nom_slow_1p08V_125C' corner at                  
'/foss/pdks/ihp-sg13g2/libs.ref/sg13g2_io/lib/sg13g2_io_slow_1p08V_3p0V_125C.lib
'…                                                                              
Reading timing models for corner nom_typ_1p20V_25C…                             
Reading timing library for the 'nom_typ_1p20V_25C' corner at                    
'/foss/pdks/ihp-sg13g2/libs.ref/sg13g2_stdcell/lib/sg13g2_stdcell_typ_1p20V_25C.
lib'…                                                                           
Reading timing library for the 'nom_typ_1p20V_25C' corner at                    
'/foss/pdks/ihp-sg13g2/libs.ref/sg13g2_io/lib/sg13g2_io_typ_1p2V_3p3V_25C.lib'… 
Reading OpenROAD database at                                                    
'/foss/designs/spi-slave-ihp/flow/runs/RUN_2026-08-08_22-27-58/26-openroad-globa
lplacement/spi_slave.odb'…                                                      
Reading design constraints file at                                              
'/foss/designs/spi-slave-ihp/flow/constraint.sdc'…                              
[INFO] No information on clock propagation in input SDC file-- propagating all  
clocks.                                                                         
[INFO RSZ-0027] Inserted 12 sg13g2_buf_1 input buffers.                         
[INFO RSZ-0028] Inserted 14 sg13g2_buf_1 output buffers.                        
+ repair_design -verbose -max_wire_length 0 -slew_margin 20 -cap_margin 20      
Iteration |   Area    | Resized | Buffers | Nets repaired | Remaining           
---------------------------------------------------------------------           
        0 |     +0.0% |       0 |       0 |             0 |       551           
       10 |     +0.0% |       0 |       0 |             0 |       541           
       20 |     +0.0% |       0 |       0 |             0 |       531           
       30 |     +0.0% |       0 |       0 |             0 |       521           
       40 |     +0.0% |       0 |       0 |             0 |       511           
       50 |     +0.0% |       0 |       0 |             0 |       501           
       60 |     +0.0% |       0 |       0 |             0 |       491           
       70 |     +0.0% |       0 |       0 |             0 |       481           
       80 |     +0.0% |       0 |       0 |             0 |       471           
       90 |     +0.0% |       0 |       0 |             0 |       461           
      100 |     +0.0% |       0 |       0 |             0 |       451           
      110 |     +0.0% |       0 |       0 |             0 |       441           
      120 |     +0.0% |       0 |       0 |             0 |       431           
      130 |     +0.0% |       0 |       0 |             0 |       421           
      140 |     +0.0% |       0 |       0 |             0 |       411           
      150 |     +0.0% |       0 |       0 |             0 |       401           
      160 |     +0.3% |       0 |       4 |             4 |       391           
      170 |     +0.3% |       0 |       4 |             4 |       381           
      180 |     +0.3% |       0 |       4 |             4 |       371           
      190 |     +0.3% |       0 |       4 |             4 |       361           
      200 |     +0.3% |       0 |       4 |             4 |       351           
      210 |     +0.3% |       0 |       4 |             4 |       341           
      220 |     +0.3% |       0 |       4 |             4 |       331           
      230 |     +0.3% |       0 |       5 |             5 |       321           
      240 |     +0.5% |       0 |       8 |             8 |       311           
      250 |     +0.7% |       0 |      10 |            10 |       301           
      260 |     +1.1% |       0 |      16 |            15 |       291           
      270 |     +1.3% |       0 |      20 |            19 |       281           
      280 |     +1.3% |       0 |      20 |            19 |       271           
      290 |     +1.3% |       0 |      20 |            19 |       261           
      300 |     +1.3% |       0 |      20 |            19 |       251           
      310 |     +1.3% |       0 |      20 |            19 |       241           
      320 |     +1.3% |       0 |      20 |            19 |       231           
      330 |     +1.4% |       0 |      21 |            20 |       221           
      340 |     +1.4% |       0 |      21 |            20 |       211           
      350 |     +1.4% |       0 |      21 |            20 |       201           
      360 |     +1.4% |       0 |      21 |            20 |       191           
      370 |     +1.4% |       0 |      21 |            20 |       181           
      380 |     +1.4% |       0 |      21 |            20 |       171           
      390 |     +1.5% |       0 |      22 |            21 |       161           
      400 |     +1.7% |       0 |      26 |            25 |       151           
      410 |     +2.0% |       0 |      30 |            29 |       141           
      420 |     +2.1% |       0 |      31 |            30 |       131           
      430 |     +2.1% |       0 |      31 |            30 |       121           
      440 |     +2.1% |       0 |      31 |            30 |       111           
      450 |     +2.1% |       0 |      31 |            30 |       101           
      460 |     +2.1% |       0 |      31 |            30 |        91           
      470 |     +2.1% |       0 |      31 |            30 |        81           
      480 |     +2.1% |       0 |      31 |            30 |        71           
      490 |     +2.1% |       0 |      31 |            30 |        61           
      500 |     +2.1% |       0 |      31 |            30 |        51           
      510 |     +2.1% |       0 |      31 |            30 |        41           
      520 |     +2.1% |       0 |      31 |            30 |        31           
      530 |     +2.1% |       0 |      32 |            31 |        21           
      540 |     +3.7% |       0 |      55 |            32 |        11           
      550 |     +3.7% |       0 |      55 |            32 |         1           
    final |     +3.7% |       0 |      55 |            32 |         0           
---------------------------------------------------------------------           
[INFO RSZ-0034] Found 1 slew violations.                                        
[INFO RSZ-0035] Found 32 fanout violations.                                     
[INFO RSZ-0038] Inserted 55 buffers in 32 nets.                                 
[INFO RSZ-0042] Inserted 3 tie sg13g2_tielo instances.                          
+ detailed_placement -max_displacement  500 100                                 
Placement Analysis                                                              
---------------------------------                                               
total displacement       2112.1 u                                               
average displacement        3.6 u                                               
max displacement           25.6 u                                               
original HPWL           14069.6 u                                               
legalized HPWL          15594.6 u                                               
delta HPWL                   11 %                                               
                                                                                
[INFO DPL-0020] Mirrored 201 instances                                          
[INFO DPL-0021] HPWL before           15594.6 u                                 
[INFO DPL-0022] HPWL after            15306.4 u                                 
[INFO DPL-0023] HPWL delta               -1.8 %                                 
Setting global connections for newly added cells…                               
[INFO] Setting global connections...                                            
[INFO ODB-0403] 168 connections made, 0 conflicts skipped.                      
Updating metrics…                                                               
Cell type report:                       Count       Area                        
  Timing Repair Buffer                     81     587.87                        
  Inverter                                 29     157.85                        
  Sequential cell                         135    6613.49                        
  Multi-Input combinational cell          348    3924.55                        
  Total                                   593   11283.75                        
Writing OpenROAD database to                                                    
'/foss/designs/spi-slave-ihp/flow/runs/RUN_2026-08-08_22-27-58/29-openroad-repai
rdesignpostgpl/spi_slave.odb'…                                                  
Writing netlist to                                                              
'/foss/designs/spi-slave-ihp/flow/runs/RUN_2026-08-08_22-27-58/29-openroad-repai
rdesignpostgpl/spi_slave.nl.v'…                                                 
Writing powered netlist to                                                      
'/foss/designs/spi-slave-ihp/flow/runs/RUN_2026-08-08_22-27-58/29-openroad-repai
rdesignpostgpl/spi_slave.pnl.v'…                                                
Writing layout to                                                               
'/foss/designs/spi-slave-ihp/flow/runs/RUN_2026-08-08_22-27-58/29-openroad-repai
rdesignpostgpl/spi_slave.def'…                                                  
Writing timing constraints to                                                   
'/foss/designs/spi-slave-ihp/flow/runs/RUN_2026-08-08_22-27-58/29-openroad-repai
rdesignpostgpl/spi_slave.sdc'…                                                  
─────────────────────────── Manual Global Placement ────────────────────────────
[22:28:09] VERBOSE  Running 'Odb.ManualGlobalPlacement' at          step.py:1138
                    'runs/RUN_2026-08-08_22-27-58/30-odb-manualglob             
                    alplacement'…                                               
[22:28:09] INFO     'MANUAL_GLOBAL_PLACEMENTS' not set. Skipping     odb.py:1032
                    'Odb.ManualGlobalPlacement'…                                
────────────────────────────── Detailed Placement ──────────────────────────────
[22:28:09] VERBOSE  Running 'OpenROAD.DetailedPlacement' at         step.py:1138
                    'runs/RUN_2026-08-08_22-27-58/31-openroad-detai             
                    ledplacement'…                                              
[22:28:09] VERBOSE  Logging subprocess to                           step.py:1338
                    'runs/RUN_2026-08-08_22-27-58/31-openroad-detai             
                    ledplacement/openroad-detailedplacement.log'…               
Reading timing models for corner nom_typ_1p20V_25C…                             
Reading timing library for the 'nom_typ_1p20V_25C' corner at                    
'/foss/pdks/ihp-sg13g2/libs.ref/sg13g2_stdcell/lib/sg13g2_stdcell_typ_1p20V_25C.
lib'…                                                                           
Reading timing library for the 'nom_typ_1p20V_25C' corner at                    
'/foss/pdks/ihp-sg13g2/libs.ref/sg13g2_io/lib/sg13g2_io_typ_1p2V_3p3V_25C.lib'… 
Reading OpenROAD database at                                                    
'/foss/designs/spi-slave-ihp/flow/runs/RUN_2026-08-08_22-27-58/29-openroad-repai
rdesignpostgpl/spi_slave.odb'…                                                  
Reading design constraints file at                                              
'/foss/designs/spi-slave-ihp/flow/constraint.sdc'…                              
[INFO] No information on clock propagation in input SDC file-- propagating all  
clocks.                                                                         
+ detailed_placement -max_displacement  500 100                                 
Placement Analysis                                                              
---------------------------------                                               
total displacement          0.0 u                                               
average displacement        0.0 u                                               
max displacement            0.0 u                                               
original HPWL           15306.4 u                                               
legalized HPWL          15594.6 u                                               
delta HPWL                    2 %                                               
                                                                                
[INFO DPL-0020] Mirrored 201 instances                                          
[INFO DPL-0021] HPWL before           15594.6 u                                 
[INFO DPL-0022] HPWL after            15306.4 u                                 
[INFO DPL-0023] HPWL delta               -1.8 %                                 
Setting global connections for newly added cells…                               
[INFO] Setting global connections...                                            
[INFO ODB-0403] 0 connections made, 0 conflicts skipped.                        
Updating metrics…                                                               
Cell type report:                       Count       Area                        
  Timing Repair Buffer                     81     587.87                        
  Inverter                                 29     157.85                        
  Sequential cell                         135    6613.49                        
  Multi-Input combinational cell          348    3924.55                        
  Total                                   593   11283.75                        
Writing OpenROAD database to                                                    
'/foss/designs/spi-slave-ihp/flow/runs/RUN_2026-08-08_22-27-58/31-openroad-detai
ledplacement/spi_slave.odb'…                                                    
Writing netlist to                                                              
'/foss/designs/spi-slave-ihp/flow/runs/RUN_2026-08-08_22-27-58/31-openroad-detai
ledplacement/spi_slave.nl.v'…                                                   
Writing powered netlist to                                                      
'/foss/designs/spi-slave-ihp/flow/runs/RUN_2026-08-08_22-27-58/31-openroad-detai
ledplacement/spi_slave.pnl.v'…                                                  
Writing layout to                                                               
'/foss/designs/spi-slave-ihp/flow/runs/RUN_2026-08-08_22-27-58/31-openroad-detai
ledplacement/spi_slave.def'…                                                    
Writing timing constraints to                                                   
'/foss/designs/spi-slave-ihp/flow/runs/RUN_2026-08-08_22-27-58/31-openroad-detai
ledplacement/spi_slave.sdc'…                                                    
───────────────────────────── Clock Tree Synthesis ─────────────────────────────
[22:28:09] VERBOSE  Running 'OpenROAD.CTS' at                       step.py:1138
                    'runs/RUN_2026-08-08_22-27-58/32-openroad-cts'…             
[22:28:09] WARNING  No CLOCK_NET (or CLOCK_PORT) specified. CTS openroad.py:2556
                    cannot be performed. Returning state                        
                    unaltered…                                                  
────────────────────────────── Insert ECO Buffers ──────────────────────────────
[22:28:09] VERBOSE  Running 'Odb.InsertECOBuffers' at               step.py:1138
                    'runs/RUN_2026-08-08_22-27-58/33-odb-insertecob             
                    uffers'…                                                    
[22:28:09] INFO     'INSERT_ECO_BUFFERS' not set. Skipping           odb.py:1094
                    'Odb.InsertECOBuffers'…                                     
─────────── Resizer Timing Optimizations (Post-Clock Tree Synthesis) ───────────
[22:28:09] VERBOSE  Running 'OpenROAD.ResizerTimingPostCTS' at      step.py:1138
                    'runs/RUN_2026-08-08_22-27-58/34-openroad-resiz             
                    ertimingpostcts'…                                           
[22:28:09] VERBOSE  Logging subprocess to                           step.py:1338
                    'runs/RUN_2026-08-08_22-27-58/34-openroad-resiz             
                    ertimingpostcts/openroad-resizertimingpostcts.l             
                    og'…                                                        
Reading timing models for corner nom_fast_1p32V_m40C…                           
Reading timing library for the 'nom_fast_1p32V_m40C' corner at                  
'/foss/pdks/ihp-sg13g2/libs.ref/sg13g2_stdcell/lib/sg13g2_stdcell_fast_1p32V_m40
C.lib'…                                                                         
Reading timing library for the 'nom_fast_1p32V_m40C' corner at                  
'/foss/pdks/ihp-sg13g2/libs.ref/sg13g2_io/lib/sg13g2_io_fast_1p32V_3p6V_m40C.lib
'…                                                                              
Reading timing models for corner nom_slow_1p08V_125C…                           
Reading timing library for the 'nom_slow_1p08V_125C' corner at                  
'/foss/pdks/ihp-sg13g2/libs.ref/sg13g2_stdcell/lib/sg13g2_stdcell_slow_1p08V_125
C.lib'…                                                                         
Reading timing library for the 'nom_slow_1p08V_125C' corner at                  
'/foss/pdks/ihp-sg13g2/libs.ref/sg13g2_io/lib/sg13g2_io_slow_1p08V_3p0V_125C.lib
'…                                                                              
Reading timing models for corner nom_typ_1p20V_25C…                             
Reading timing library for the 'nom_typ_1p20V_25C' corner at                    
'/foss/pdks/ihp-sg13g2/libs.ref/sg13g2_stdcell/lib/sg13g2_stdcell_typ_1p20V_25C.
lib'…                                                                           
Reading timing library for the 'nom_typ_1p20V_25C' corner at                    
'/foss/pdks/ihp-sg13g2/libs.ref/sg13g2_io/lib/sg13g2_io_typ_1p2V_3p3V_25C.lib'… 
Reading OpenROAD database at                                                    
'/foss/designs/spi-slave-ihp/flow/runs/RUN_2026-08-08_22-27-58/31-openroad-detai
ledplacement/spi_slave.odb'…                                                    
Reading design constraints file at                                              
'/foss/designs/spi-slave-ihp/flow/constraint.sdc'…                              
[INFO] No information on clock propagation in input SDC file-- propagating all  
clocks.                                                                         
+ repair_timing -verbose -setup -setup_margin                                   
0.05000000000000000277555756156289135105907917022705078125 -max_buffer_percent  
50                                                                              
[INFO RSZ-0100] Repair move sequence: UnbufferMove SizeUpMove SwapPinsMove      
BufferMove CloneMove SplitLoadMove                                              
[INFO RSZ-0098] No setup violations found                                       
+ repair_timing -verbose -hold -setup_margin                                    
0.05000000000000000277555756156289135105907917022705078125 -hold_margin         
0.1000000000000000055511151231257827021181583404541015625 -max_buffer_percent 50
[INFO RSZ-0033] No hold violations found.                                       
+ detailed_placement -max_displacement  500 100                                 
Placement Analysis                                                              
---------------------------------                                               
total displacement          0.0 u                                               
average displacement        0.0 u                                               
max displacement            0.0 u                                               
original HPWL           15306.4 u                                               
legalized HPWL          15594.6 u                                               
delta HPWL                    2 %                                               
                                                                                
[INFO DPL-0020] Mirrored 201 instances                                          
[INFO DPL-0021] HPWL before           15594.6 u                                 
[INFO DPL-0022] HPWL after            15306.4 u                                 
[INFO DPL-0023] HPWL delta               -1.8 %                                 
Setting global connections for newly added cells…                               
[INFO] Setting global connections...                                            
[INFO ODB-0403] 0 connections made, 0 conflicts skipped.                        
Updating metrics…                                                               
Cell type report:                       Count       Area                        
  Timing Repair Buffer                     81     587.87                        
  Inverter                                 29     157.85                        
  Sequential cell                         135    6613.49                        
  Multi-Input combinational cell          348    3924.55                        
  Total                                   593   11283.75                        
Writing OpenROAD database to                                                    
'/foss/designs/spi-slave-ihp/flow/runs/RUN_2026-08-08_22-27-58/34-openroad-resiz
ertimingpostcts/spi_slave.odb'…                                                 
Writing netlist to                                                              
'/foss/designs/spi-slave-ihp/flow/runs/RUN_2026-08-08_22-27-58/34-openroad-resiz
ertimingpostcts/spi_slave.nl.v'…                                                
Writing powered netlist to                                                      
'/foss/designs/spi-slave-ihp/flow/runs/RUN_2026-08-08_22-27-58/34-openroad-resiz
ertimingpostcts/spi_slave.pnl.v'…                                               
Writing layout to                                                               
'/foss/designs/spi-slave-ihp/flow/runs/RUN_2026-08-08_22-27-58/34-openroad-resiz
ertimingpostcts/spi_slave.def'…                                                 
Writing timing constraints to                                                   
'/foss/designs/spi-slave-ihp/flow/runs/RUN_2026-08-08_22-27-58/34-openroad-resiz
ertimingpostcts/spi_slave.sdc'…                                                 
──────────────────────────────── Global Routing ────────────────────────────────
[22:28:11] VERBOSE  Running 'OpenROAD.GlobalRouting' at             step.py:1138
                    'runs/RUN_2026-08-08_22-27-58/35-openroad-globa             
                    lrouting'…                                                  
[22:28:11] VERBOSE  Logging subprocess to                           step.py:1338
                    'runs/RUN_2026-08-08_22-27-58/35-openroad-globa             
                    lrouting/openroad-globalrouting.log'…                       
Reading timing models for corner nom_typ_1p20V_25C…                             
Reading timing library for the 'nom_typ_1p20V_25C' corner at                    
'/foss/pdks/ihp-sg13g2/libs.ref/sg13g2_stdcell/lib/sg13g2_stdcell_typ_1p20V_25C.
lib'…                                                                           
Reading timing library for the 'nom_typ_1p20V_25C' corner at                    
'/foss/pdks/ihp-sg13g2/libs.ref/sg13g2_io/lib/sg13g2_io_typ_1p2V_3p3V_25C.lib'… 
Reading OpenROAD database at                                                    
'/foss/designs/spi-slave-ihp/flow/runs/RUN_2026-08-08_22-27-58/34-openroad-resiz
ertimingpostcts/spi_slave.odb'…                                                 
Reading design constraints file at                                              
'/foss/designs/spi-slave-ihp/flow/constraint.sdc'…                              
[INFO] No information on clock propagation in input SDC file-- propagating all  
clocks.                                                                         
[INFO] Setting signal min routing layer to: Metal2 and clock min routing layer  
to Metal2.                                                                      
[INFO] Setting signal max routing layer to: TopMetal2 and clock max routing     
layer to TopMetal2.                                                             
+ global_route -congestion_iterations 50 -verbose                               
[INFO GRT-0020] Min routing layer: Metal2                                       
[INFO GRT-0021] Max routing layer: TopMetal2                                    
[INFO GRT-0022] Global adjustment: 30%                                          
[INFO GRT-0023] Grid origin: (0, 0)                                             
[INFO GRT-0088] Layer Metal1  Track-Pitch = 0.4200  line-2-Via Pitch: 0.3650    
[INFO GRT-0088] Layer Metal2  Track-Pitch = 0.4800  line-2-Via Pitch: 0.4150    
[INFO GRT-0088] Layer Metal3  Track-Pitch = 0.4200  line-2-Via Pitch: 0.4150    
[INFO GRT-0088] Layer Metal4  Track-Pitch = 0.4800  line-2-Via Pitch: 0.4150    
[INFO GRT-0088] Layer Metal5  Track-Pitch = 0.4200  line-2-Via Pitch: 0.6200    
[INFO GRT-0088] Layer TopMetal1 Track-Pitch = 3.2800  line-2-Via Pitch: 3.4100  
[INFO GRT-0088] Layer TopMetal2 Track-Pitch = 4.0000  line-2-Via Pitch: 3.9500  
[INFO GRT-0003] Macros: 0                                                       
[INFO GRT-0004] Blockages: 0                                                    
[INFO GRT-0019] Found 1 clock nets.                                             
[INFO GRT-0001] Minimum degree: 2                                               
[INFO GRT-0002] Maximum degree: 136                                             
                                                                                
[INFO GRT-0053] Routing resources analysis:                                     
          Routing      Original      Derated      Resource                      
Layer     Direction    Resources     Resources    Reduction (%)                 
---------------------------------------------------------------                 
Metal1     Horizontal          0             0          0.00%                   
Metal2     Vertical         7212          4803          33.40%                  
Metal3     Horizontal       8320          5455          34.44%                  
Metal4     Vertical         7212          4803          33.40%                  
Metal5     Horizontal       8240          5397          34.50%                  
TopMetal1    Vertical         1004           558          44.42%                
TopMetal2    Horizontal        760           480          36.84%                
---------------------------------------------------------------                 
                                                                                
[INFO GRT-0197] Via related to pin nodes: 3603                                  
[INFO GRT-0198] Via related Steiner nodes: 80                                   
[INFO GRT-0199] Via filling finished.                                           
[INFO GRT-0111] Final number of vias: 4398                                      
[INFO GRT-0112] Final usage 3D: 15829                                           
                                                                                
[INFO GRT-0096] Final congestion report:                                        
Layer         Resource        Demand        Usage (%)    Max H / Max V / Total  
Overflow                                                                        
--------------------------------------------------------------------------------
-------                                                                         
Metal1               0             0            0.00%             0 /  0 /  0   
Metal2            4803          1262           26.28%             0 /  0 /  0   
Metal3            5455          1240           22.73%             0 /  0 /  0   
Metal4            4803            59            1.23%             0 /  0 /  0   
Metal5            5397            74            1.37%             0 /  0 /  0   
TopMetal1            558             0            0.00%             0 /  0 /  0 
TopMetal2            480             0            0.00%             0 /  0 /  0 
--------------------------------------------------------------------------------
-------                                                                         
Total            21496          2635           12.26%             0 /  0 /  0   
                                                                                
[INFO GRT-0018] Total wirelength: 30556 um                                      
[INFO GRT-0014] Routed nets: 606                                                
[INFO GRT-0303] Global routing runtime = 00:00:00                               
Setting global connections for newly added cells…                               
[INFO] Setting global connections...                                            
[INFO ODB-0403] 0 connections made, 0 conflicts skipped.                        
Updating metrics…                                                               
Cell type report:                       Count       Area                        
  Timing Repair Buffer                     81     587.87                        
  Inverter                                 29     157.85                        
  Sequential cell                         135    6613.49                        
  Multi-Input combinational cell          348    3924.55                        
  Total                                   593   11283.75                        
Writing OpenROAD database to                                                    
'/foss/designs/spi-slave-ihp/flow/runs/RUN_2026-08-08_22-27-58/35-openroad-globa
lrouting/spi_slave.odb'…                                                        
Writing layout to                                                               
'/foss/designs/spi-slave-ihp/flow/runs/RUN_2026-08-08_22-27-58/35-openroad-globa
lrouting/spi_slave.def'…                                                        
────────────────────────────── Insert ECO Diodes ───────────────────────────────
[22:28:11] VERBOSE  Running 'Odb.InsertECODiodes' at                step.py:1138
                    'runs/RUN_2026-08-08_22-27-58/36-odb-insertecod             
                    iodes'…                                                     
[22:28:11] INFO     'INSERT_ECO_DIODES' not set. Skipping            odb.py:1152
                    'Odb.InsertECODiodes'…                                      
──────────────────────────────── Check Antennas ────────────────────────────────
[22:28:11] VERBOSE  Running 'OpenROAD.CheckAntennas' at             step.py:1138
                    'runs/RUN_2026-08-08_22-27-58/37-openroad-check             
                    antennas'…                                                  
[22:28:11] VERBOSE  Logging subprocess to                           step.py:1338
                    'runs/RUN_2026-08-08_22-27-58/37-openroad-check             
                    antennas/openroad-checkantennas.log'…                       
Reading timing models for corner nom_typ_1p20V_25C…                             
Reading timing library for the 'nom_typ_1p20V_25C' corner at                    
'/foss/pdks/ihp-sg13g2/libs.ref/sg13g2_stdcell/lib/sg13g2_stdcell_typ_1p20V_25C.
lib'…                                                                           
Reading timing library for the 'nom_typ_1p20V_25C' corner at                    
'/foss/pdks/ihp-sg13g2/libs.ref/sg13g2_io/lib/sg13g2_io_typ_1p2V_3p3V_25C.lib'… 
Reading OpenROAD database at                                                    
'/foss/designs/spi-slave-ihp/flow/runs/RUN_2026-08-08_22-27-58/35-openroad-globa
lrouting/spi_slave.odb'…                                                        
Reading design constraints file at                                              
'/foss/designs/spi-slave-ihp/flow/constraint.sdc'…                              
[INFO] No information on clock propagation in input SDC file-- propagating all  
clocks.                                                                         
[22:28:13] INFO     Gating variable for step                   sequential.py:362
                    'OpenROAD.RepairDesignPostGRT' set to                       
                    'False'- the step will be skipped.                          
[22:28:13] INFO     Skipping step 'Repair Design (Post-Global  sequential.py:370
                    Routing)'…                                                  
────────────────────── Diodes on Ports Protection Routine ──────────────────────
[22:28:13] VERBOSE  Running 'Odb.DiodesOnPorts' at                  step.py:1138
                    'runs/RUN_2026-08-08_22-27-58/38-odb-diodesonpo             
                    rts'…                                                       
[22:28:13] INFO     'DIODE_ON_PORTS' is set to 'none': skipping       odb.py:820
                    'Odb.DiodesOnPorts'…                                        
[22:28:13] INFO     Gating variable for step                   sequential.py:362
                    'Odb.HeuristicDiodeInsertion' set to                        
                    'False'- the step will be skipped.                          
[22:28:13] INFO     Skipping step 'Heuristic Diode Insertion'… sequential.py:370
──────────────────────────────── Antenna Repair ────────────────────────────────
[22:28:13] VERBOSE  Running 'OpenROAD.RepairAntennas' at            step.py:1138
                    'runs/RUN_2026-08-08_22-27-58/39-openroad-repai             
                    rantennas'…                                                 
─────────────────────────────── Diode Insertion ────────────────────────────────
[22:28:13] VERBOSE  Running 'OpenROAD.DiodeInsertion' at            step.py:1138
                    'runs/RUN_2026-08-08_22-27-58/39-openroad-repai             
                    rantennas/1-openroad-diodeinsertion'…                       
[22:28:13] VERBOSE  Logging subprocess to                           step.py:1338
                    'runs/RUN_2026-08-08_22-27-58/39-openroad-repai             
                    rantennas/1-openroad-diodeinsertion/openroad-di             
                    odeinsertion.log'…                                          
Reading timing models for corner nom_typ_1p20V_25C…                             
Reading timing library for the 'nom_typ_1p20V_25C' corner at                    
'/foss/pdks/ihp-sg13g2/libs.ref/sg13g2_stdcell/lib/sg13g2_stdcell_typ_1p20V_25C.
lib'…                                                                           
Reading timing library for the 'nom_typ_1p20V_25C' corner at                    
'/foss/pdks/ihp-sg13g2/libs.ref/sg13g2_io/lib/sg13g2_io_typ_1p2V_3p3V_25C.lib'… 
Reading OpenROAD database at                                                    
'/foss/designs/spi-slave-ihp/flow/runs/RUN_2026-08-08_22-27-58/35-openroad-globa
lrouting/spi_slave.odb'…                                                        
Reading design constraints file at                                              
'/foss/designs/spi-slave-ihp/flow/constraint.sdc'…                              
[INFO] No information on clock propagation in input SDC file-- propagating all  
clocks.                                                                         
+ repair_antennas sg13g2_antennanp -iterations 3 -ratio_margin 10               
[INFO GRT-0012] Found 0 antenna violations.                                     
Setting global connections for newly added cells…                               
[INFO] Setting global connections...                                            
[INFO ODB-0403] 0 connections made, 0 conflicts skipped.                        
Updating metrics…                                                               
Cell type report:                       Count       Area                        
  Timing Repair Buffer                     81     587.87                        
  Inverter                                 29     157.85                        
  Sequential cell                         135    6613.49                        
  Multi-Input combinational cell          348    3924.55                        
  Total                                   593   11283.75                        
Writing OpenROAD database to                                                    
'/foss/designs/spi-slave-ihp/flow/runs/RUN_2026-08-08_22-27-58/39-openroad-repai
rantennas/1-openroad-diodeinsertion/spi_slave.odb'…                             
Writing layout to                                                               
'/foss/designs/spi-slave-ihp/flow/runs/RUN_2026-08-08_22-27-58/39-openroad-repai
rantennas/1-openroad-diodeinsertion/spi_slave.def'…                             
──────────────────────────────── Check Antennas ────────────────────────────────
[22:28:14] VERBOSE  Running 'OpenROAD.CheckAntennas' at             step.py:1138
                    'runs/RUN_2026-08-08_22-27-58/39-openroad-repai             
                    rantennas/2-openroad-checkantennas'…                        
[22:28:14] VERBOSE  Logging subprocess to                           step.py:1338
                    'runs/RUN_2026-08-08_22-27-58/39-openroad-repai             
                    rantennas/2-openroad-checkantennas/openroad-che             
                    ckantennas.log'…                                            
Reading timing models for corner nom_typ_1p20V_25C…                             
Reading timing library for the 'nom_typ_1p20V_25C' corner at                    
'/foss/pdks/ihp-sg13g2/libs.ref/sg13g2_stdcell/lib/sg13g2_stdcell_typ_1p20V_25C.
lib'…                                                                           
Reading timing library for the 'nom_typ_1p20V_25C' corner at                    
'/foss/pdks/ihp-sg13g2/libs.ref/sg13g2_io/lib/sg13g2_io_typ_1p2V_3p3V_25C.lib'… 
Reading OpenROAD database at                                                    
'/foss/designs/spi-slave-ihp/flow/runs/RUN_2026-08-08_22-27-58/39-openroad-repai
rantennas/1-openroad-diodeinsertion/spi_slave.odb'…                             
Reading design constraints file at                                              
'/foss/designs/spi-slave-ihp/flow/constraint.sdc'…                              
[INFO] No information on clock propagation in input SDC file-- propagating all  
clocks.                                                                         
[22:28:16] INFO     Gating variable for step                   sequential.py:362
                    'OpenROAD.ResizerTimingPostGRT' set to                      
                    'False'- the step will be skipped.                          
[22:28:16] INFO     Skipping step 'Resizer Timing              sequential.py:370
                    Optimizations (Post-Global Routing)'…                       
─────────────────────────────── Detailed Routing ───────────────────────────────
[22:28:16] VERBOSE  Running 'OpenROAD.DetailedRouting' at           step.py:1138
                    'runs/RUN_2026-08-08_22-27-58/40-openroad-detai             
                    ledrouting'…                                                
[22:28:16] INFO     Running TritonRoute with 8 threads…         openroad.py:2016
[22:28:16] VERBOSE  Logging subprocess to                           step.py:1338
                    'runs/RUN_2026-08-08_22-27-58/40-openroad-detai             
                    ledrouting/openroad-detailedrouting.log'…                   
Reading timing models for corner nom_typ_1p20V_25C…                             
Reading timing library for the 'nom_typ_1p20V_25C' corner at                    
'/foss/pdks/ihp-sg13g2/libs.ref/sg13g2_stdcell/lib/sg13g2_stdcell_typ_1p20V_25C.
lib'…                                                                           
Reading timing library for the 'nom_typ_1p20V_25C' corner at                    
'/foss/pdks/ihp-sg13g2/libs.ref/sg13g2_io/lib/sg13g2_io_typ_1p2V_3p3V_25C.lib'… 
Reading OpenROAD database at                                                    
'/foss/designs/spi-slave-ihp/flow/runs/RUN_2026-08-08_22-27-58/39-openroad-repai
rantennas/1-openroad-diodeinsertion/spi_slave.odb'…                             
Reading design constraints file at                                              
'/foss/designs/spi-slave-ihp/flow/constraint.sdc'…                              
[INFO] No information on clock propagation in input SDC file-- propagating all  
clocks.                                                                         
[INFO ORD-0030] Using 8 thread(s).                                              
+ detailed_route -droute_end_iter 64 -or_seed 42 -verbose 1 -output_drc         
/foss/designs/spi-slave-ihp/flow/runs/RUN_2026-08-08_22-27-58/40-openroad-detail
edrouting/drt-run-0/spi_slave.drc                                               
[INFO DRT-0149] Reading tech and libs.                                          
[22:28:16] WARNING  [DRT-0349] LEF58_ENCLOSURE with no CUTCLASS  openroad.py:314
                    is not supported. Skipping for layer Cont                   
[22:28:16] WARNING  [DRT-0349] LEF58_ENCLOSURE with no CUTCLASS  openroad.py:314
                    is not supported. Skipping for layer Via1                   
[22:28:16] WARNING  [DRT-0349] LEF58_ENCLOSURE with no CUTCLASS  openroad.py:314
                    is not supported. Skipping for layer Via1                   
[22:28:16] WARNING  [DRT-0349] LEF58_ENCLOSURE with no CUTCLASS  openroad.py:314
                    is not supported. Skipping for layer Via2                   
[22:28:16] WARNING  [DRT-0349] LEF58_ENCLOSURE with no CUTCLASS  openroad.py:314
                    is not supported. Skipping for layer Via3                   
[22:28:16] WARNING  [DRT-0349] LEF58_ENCLOSURE with no CUTCLASS  openroad.py:314
                    is not supported. Skipping for layer Via4                   
[22:28:16] WARNING  [DRT-0349] LEF58_ENCLOSURE with no CUTCLASS  openroad.py:314
                    is not supported. Skipping for layer TopVia1                
[22:28:16] WARNING  [DRT-0349] LEF58_ENCLOSURE with no CUTCLASS  openroad.py:314
                    is not supported. Skipping for layer TopVia1                
[22:28:16] WARNING  [DRT-0349] LEF58_ENCLOSURE with no CUTCLASS  openroad.py:314
                    is not supported. Skipping for layer TopVia2                
[22:28:16] WARNING  [DRT-0349] LEF58_ENCLOSURE with no CUTCLASS  openroad.py:314
                    is not supported. Skipping for layer TopVia2                
                                                                                
Units:                1000                                                      
Number of layers:     15                                                        
Number of macros:     106                                                       
Number of vias:       76                                                        
Number of viarulegen: 6                                                         
                                                                                
[INFO DRT-0150] Reading design.                                                 
[22:28:16] WARNING  [DRT-0120] Large net Clk has 136 pins which  openroad.py:314
                    may impact routing performance. Consider                    
                    optimization.                                               
                                                                                
Design:                   spi_slave                                             
Die area:                 ( 0 0 ) ( 157780 176500 )                             
Number of track patterns: 14                                                    
Number of DEF vias:       0                                                     
Number of components:     593                                                   
Number of terminals:      32                                                    
Number of snets:          2                                                     
Number of nets:           606                                                   
                                                                                
[INFO DRT-0167] List of default vias:                                           
  Layer Via2                                                                    
    default via: Via2_YX                                                        
  Layer Via3                                                                    
    default via: Via3_XY                                                        
  Layer Via4                                                                    
    default via: Via4_YX                                                        
  Layer TopVia1                                                                 
    default via: TopVia1EWNS                                                    
  Layer TopVia2                                                                 
    default via: TopVia2EWNS                                                    
[INFO DRT-0162] Library cell analysis.                                          
[INFO DRT-0163] Instance analysis.                                              
[INFO DRT-0164] Number of unique instances = 78.                                
[INFO DRT-0168] Init region query.                                              
[INFO DRT-0024]   Complete GatPoly.                                             
[INFO DRT-0024]   Complete Cont.                                                
[INFO DRT-0024]   Complete Metal1.                                              
[INFO DRT-0024]   Complete Via1.                                                
[INFO DRT-0024]   Complete Metal2.                                              
[INFO DRT-0024]   Complete Via2.                                                
[INFO DRT-0024]   Complete Metal3.                                              
[INFO DRT-0024]   Complete Via3.                                                
[INFO DRT-0024]   Complete Metal4.                                              
[INFO DRT-0024]   Complete Via4.                                                
[INFO DRT-0024]   Complete Metal5.                                              
[INFO DRT-0024]   Complete TopVia1.                                             
[INFO DRT-0024]   Complete TopMetal1.                                           
[INFO DRT-0024]   Complete TopVia2.                                             
[INFO DRT-0024]   Complete TopMetal2.                                           
[INFO DRT-0033] GatPoly shape region query size = 0.                            
[INFO DRT-0033] Cont shape region query size = 0.                               
[INFO DRT-0033] Metal1 shape region query size = 19796.                         
[INFO DRT-0033] Via1 shape region query size = 390.                             
[INFO DRT-0033] Metal2 shape region query size = 175.                           
[INFO DRT-0033] Via2 shape region query size = 390.                             
[INFO DRT-0033] Metal3 shape region query size = 167.                           
[INFO DRT-0033] Via3 shape region query size = 390.                             
[INFO DRT-0033] Metal4 shape region query size = 156.                           
[INFO DRT-0033] Via4 shape region query size = 390.                             
[INFO DRT-0033] Metal5 shape region query size = 234.                           
[INFO DRT-0033] TopVia1 shape region query size = 156.                          
[INFO DRT-0033] TopMetal1 shape region query size = 94.                         
[INFO DRT-0033] TopVia2 shape region query size = 8.                            
[INFO DRT-0033] TopMetal2 shape region query size = 16.                         
[INFO DRT-0165] Start pin access.                                               
[INFO DRT-0078]   Complete 441 pins.                                            
[INFO DRT-0081]   Complete 78 unique inst patterns.                             
[INFO DRT-0084]   Complete 337 groups.                                          
#scanned instances     = 593                                                    
#unique  instances     = 78                                                     
#stdCellGenAp          = 3815                                                   
#stdCellValidPlanarAp  = 0                                                      
#stdCellValidViaAp     = 2929                                                   
#stdCellPinNoAp        = 0                                                      
#stdCellPinCnt         = 2122                                                   
#instTermValidViaApCnt = 0                                                      
#macroGenAp            = 0                                                      
#macroValidPlanarAp    = 0                                                      
#macroValidViaAp       = 0                                                      
#macroNoAp             = 0                                                      
[INFO DRT-0166] Complete pin access.                                            
[INFO DRT-0267] cpu time = 00:00:55, elapsed time = 00:00:20, memory = 103.24   
(MB), peak = 102.27 (MB)                                                        
                                                                                
[INFO DRT-0157] Number of guides:     4919                                      
                                                                                
[INFO DRT-0169] Post process guides.                                            
[INFO DRT-0176] GCELLGRID X 0 DO 21 STEP 7200 ;                                 
[INFO DRT-0177] GCELLGRID Y 0 DO 24 STEP 7200 ;                                 
[INFO DRT-0028]   Complete GatPoly.                                             
[INFO DRT-0028]   Complete Cont.                                                
[INFO DRT-0028]   Complete Metal1.                                              
[INFO DRT-0028]   Complete Via1.                                                
[INFO DRT-0028]   Complete Metal2.                                              
[INFO DRT-0028]   Complete Via2.                                                
[INFO DRT-0028]   Complete Metal3.                                              
[INFO DRT-0028]   Complete Via3.                                                
[INFO DRT-0028]   Complete Metal4.                                              
[INFO DRT-0028]   Complete Via4.                                                
[INFO DRT-0028]   Complete Metal5.                                              
[INFO DRT-0028]   Complete TopVia1.                                             
[INFO DRT-0028]   Complete TopMetal1.                                           
[INFO DRT-0028]   Complete TopVia2.                                             
[INFO DRT-0028]   Complete TopMetal2.                                           
[INFO DRT-0178] Init guide query.                                               
[INFO DRT-0035]   Complete GatPoly (guide).                                     
[INFO DRT-0035]   Complete Cont (guide).                                        
[INFO DRT-0035]   Complete Metal1 (guide).                                      
[INFO DRT-0035]   Complete Via1 (guide).                                        
[INFO DRT-0035]   Complete Metal2 (guide).                                      
[INFO DRT-0035]   Complete Via2 (guide).                                        
[INFO DRT-0035]   Complete Metal3 (guide).                                      
[INFO DRT-0035]   Complete Via3 (guide).                                        
[INFO DRT-0035]   Complete Metal4 (guide).                                      
[INFO DRT-0035]   Complete Via4 (guide).                                        
[INFO DRT-0035]   Complete Metal5 (guide).                                      
[INFO DRT-0035]   Complete TopVia1 (guide).                                     
[INFO DRT-0035]   Complete TopMetal1 (guide).                                   
[INFO DRT-0035]   Complete TopVia2 (guide).                                     
[INFO DRT-0035]   Complete TopMetal2 (guide).                                   
[INFO DRT-0036] GatPoly guide region query size = 0.                            
[INFO DRT-0036] Cont guide region query size = 0.                               
[INFO DRT-0036] Metal1 guide region query size = 1777.                          
[INFO DRT-0036] Via1 guide region query size = 0.                               
[INFO DRT-0036] Metal2 guide region query size = 1534.                          
[INFO DRT-0036] Via2 guide region query size = 0.                               
[INFO DRT-0036] Metal3 guide region query size = 760.                           
[INFO DRT-0036] Via3 guide region query size = 0.                               
[INFO DRT-0036] Metal4 guide region query size = 37.                            
[INFO DRT-0036] Via4 guide region query size = 0.                               
[INFO DRT-0036] Metal5 guide region query size = 12.                            
[INFO DRT-0036] TopVia1 guide region query size = 0.                            
[INFO DRT-0036] TopMetal1 guide region query size = 0.                          
[INFO DRT-0036] TopVia2 guide region query size = 0.                            
[INFO DRT-0036] TopMetal2 guide region query size = 0.                          
[INFO DRT-0179] Init gr pin query.                                              
[INFO DRT-0267] cpu time = 00:00:00, elapsed time = 00:00:00, memory = 104.84   
(MB), peak = 103.77 (MB)                                                        
[INFO DRT-0245] skipped writing guide updates to database.                      
[INFO DRT-0185] Post process initialize RPin region query.                      
[INFO DRT-0181] Start track assignment.                                         
[INFO DRT-0184] Done with 1571 vertical wires in 1 frboxes and 2549 horizontal  
wires in 1 frboxes.                                                             
[INFO DRT-0186] Done with 363 vertical wires in 1 frboxes and 310 horizontal    
wires in 1 frboxes.                                                             
[INFO DRT-0182] Complete track assignment.                                      
[INFO DRT-0267] cpu time = 00:00:01, elapsed time = 00:00:02, memory = 121.19   
(MB), peak = 120.28 (MB)                                                        
[INFO DRT-0187] Start routing data preparation.                                 
[INFO DRT-0267] cpu time = 00:00:00, elapsed time = 00:00:00, memory = 121.31   
(MB), peak = 120.46 (MB)                                                        
[INFO DRT-0194] Start detail routing.                                           
[INFO DRT-0195] Start 0th optimization iteration.                               
    Completing 10% with 0 violations.                                           
    elapsed time = 00:00:03, memory = 191.15 (MB).                              
    Completing 20% with 0 violations.                                           
    elapsed time = 00:00:12, memory = 177.50 (MB).                              
    Completing 30% with 0 violations.                                           
    elapsed time = 00:00:14, memory = 158.34 (MB).                              
    Completing 40% with 25 violations.                                          
    elapsed time = 00:00:14, memory = 214.20 (MB).                              
    Completing 50% with 25 violations.                                          
    elapsed time = 00:00:14, memory = 214.20 (MB).                              
    Completing 60% with 25 violations.                                          
    elapsed time = 00:00:33, memory = 182.52 (MB).                              
    Completing 70% with 62 violations.                                          
    elapsed time = 00:00:40, memory = 235.80 (MB).                              
    Completing 80% with 62 violations.                                          
    elapsed time = 00:00:40, memory = 235.80 (MB).                              
    Completing 90% with 88 violations.                                          
    elapsed time = 00:00:41, memory = 285.89 (MB).                              
    Completing 100% with 118 violations.                                        
    elapsed time = 00:01:16, memory = 257.67 (MB).                              
[INFO DRT-0199]   Number of violations = 155.                                   
Viol/Layer      Metal1   Via1 Metal2   Via2 Metal3                              
Metal Spacing        0      0     38      0      1                              
Min Area             0      0      1      0      0                              
Recheck              3      0     24      0     10                              
Short                0      3     68      1      6                              
[INFO DRT-0267] cpu time = 00:01:02, elapsed time = 00:01:18, memory = 627.86   
(MB), peak = 627.01 (MB)                                                        
Total wire length = 19927 um.                                                   
Total wire length on LAYER Metal1 = 0 um.                                       
Total wire length on LAYER Metal2 = 9773 um.                                    
Total wire length on LAYER Metal3 = 9043 um.                                    
Total wire length on LAYER Metal4 = 594 um.                                     
Total wire length on LAYER Metal5 = 516 um.                                     
Total wire length on LAYER TopMetal1 = 0 um.                                    
Total wire length on LAYER TopMetal2 = 0 um.                                    
Total number of vias = 4187.                                                    
Up-via summary (total 4187):                                                    
                                                                                
------------------                                                              
   GatPoly       0                                                              
    Metal1    2144                                                              
    Metal2    1921                                                              
    Metal3      98                                                              
    Metal4      24                                                              
    Metal5       0                                                              
 TopMetal1       0                                                              
------------------                                                              
          4187                                                                  
                                                                                
                                                                                
[INFO DRT-0195] Start 1st optimization iteration.                               
    Completing 10% with 155 violations.                                         
    elapsed time = 00:00:01, memory = 683.09 (MB).                              
    Completing 20% with 155 violations.                                         
    elapsed time = 00:00:05, memory = 652.66 (MB).                              
    Completing 30% with 135 violations.                                         
    elapsed time = 00:00:05, memory = 695.46 (MB).                              
    Completing 40% with 135 violations.                                         
    elapsed time = 00:00:09, memory = 695.46 (MB).                              
    Completing 50% with 135 violations.                                         
    elapsed time = 00:00:29, memory = 657.84 (MB).                              
    Completing 60% with 122 violations.                                         
    elapsed time = 00:00:30, memory = 705.37 (MB).                              
    Completing 70% with 122 violations.                                         
    elapsed time = 00:00:34, memory = 676.43 (MB).                              
    Completing 80% with 102 violations.                                         
    elapsed time = 00:00:34, memory = 679.63 (MB).                              
    Completing 90% with 102 violations.                                         
    elapsed time = 00:00:35, memory = 679.63 (MB).                              
    Completing 100% with 60 violations.                                         
    elapsed time = 00:01:10, memory = 679.63 (MB).                              
[INFO DRT-0199]   Number of violations = 60.                                    
Viol/Layer      Metal2                                                          
Metal Spacing       30                                                          
Short               30                                                          
[INFO DRT-0267] cpu time = 00:00:58, elapsed time = 00:01:11, memory = 679.75   
(MB), peak = 706.21 (MB)                                                        
Total wire length = 19809 um.                                                   
Total wire length on LAYER Metal1 = 0 um.                                       
Total wire length on LAYER Metal2 = 9563 um.                                    
Total wire length on LAYER Metal3 = 9090 um.                                    
Total wire length on LAYER Metal4 = 642 um.                                     
Total wire length on LAYER Metal5 = 513 um.                                     
Total wire length on LAYER TopMetal1 = 0 um.                                    
Total wire length on LAYER TopMetal2 = 0 um.                                    
Total number of vias = 4128.                                                    
Up-via summary (total 4128):                                                    
                                                                                
------------------                                                              
   GatPoly       0                                                              
    Metal1    2140                                                              
    Metal2    1869                                                              
    Metal3      97                                                              
    Metal4      22                                                              
    Metal5       0                                                              
 TopMetal1       0                                                              
------------------                                                              
          4128                                                                  
                                                                                
                                                                                
[INFO DRT-0195] Start 2nd optimization iteration.                               
    Completing 10% with 60 violations.                                          
    elapsed time = 00:00:00, memory = 679.75 (MB).                              
    Completing 20% with 60 violations.                                          
    elapsed time = 00:00:00, memory = 679.75 (MB).                              
    Completing 30% with 60 violations.                                          
    elapsed time = 00:00:10, memory = 692.71 (MB).                              
    Completing 40% with 58 violations.                                          
    elapsed time = 00:00:10, memory = 692.71 (MB).                              
    Completing 50% with 58 violations.                                          
    elapsed time = 00:00:24, memory = 722.35 (MB).                              
    Completing 60% with 44 violations.                                          
    elapsed time = 00:00:24, memory = 722.35 (MB).                              
    Completing 70% with 44 violations.                                          
    elapsed time = 00:00:24, memory = 722.35 (MB).                              
    Completing 80% with 44 violations.                                          
    elapsed time = 00:00:31, memory = 722.35 (MB).                              
    Completing 90% with 41 violations.                                          
    elapsed time = 00:00:34, memory = 755.24 (MB).                              
    Completing 100% with 34 violations.                                         
    elapsed time = 00:00:46, memory = 754.98 (MB).                              
[INFO DRT-0199]   Number of violations = 34.                                    
Viol/Layer      Metal2                                                          
Metal Spacing       19                                                          
Short               15                                                          
[INFO DRT-0267] cpu time = 00:00:45, elapsed time = 00:00:46, memory = 755.00   
(MB), peak = 786.18 (MB)                                                        
Total wire length = 19865 um.                                                   
Total wire length on LAYER Metal1 = 0 um.                                       
Total wire length on LAYER Metal2 = 9500 um.                                    
Total wire length on LAYER Metal3 = 9181 um.                                    
Total wire length on LAYER Metal4 = 680 um.                                     
Total wire length on LAYER Metal5 = 503 um.                                     
Total wire length on LAYER TopMetal1 = 0 um.                                    
Total wire length on LAYER TopMetal2 = 0 um.                                    
Total number of vias = 4142.                                                    
Up-via summary (total 4142):                                                    
                                                                                
------------------                                                              
   GatPoly       0                                                              
    Metal1    2142                                                              
    Metal2    1875                                                              
    Metal3     105                                                              
    Metal4      20                                                              
    Metal5       0                                                              
 TopMetal1       0                                                              
------------------                                                              
          4142                                                                  
                                                                                
                                                                                
[INFO DRT-0195] Start 3rd guides tiles iteration.                               
    Completing 10% with 34 violations.                                          
    elapsed time = 00:00:00, memory = 763.24 (MB).                              
    Completing 20% with 34 violations.                                          
    elapsed time = 00:00:00, memory = 763.24 (MB).                              
    Completing 30% with 34 violations.                                          
    elapsed time = 00:00:00, memory = 763.24 (MB).                              
    Completing 40% with 34 violations.                                          
    elapsed time = 00:00:00, memory = 763.24 (MB).                              
    Completing 50% with 3 violations.                                           
    elapsed time = 00:00:04, memory = 774.94 (MB).                              
    Completing 60% with 3 violations.                                           
    elapsed time = 00:00:04, memory = 774.94 (MB).                              
    Completing 70% with 3 violations.                                           
    elapsed time = 00:00:04, memory = 774.94 (MB).                              
    Completing 80% with 3 violations.                                           
    elapsed time = 00:00:04, memory = 774.94 (MB).                              
    Completing 90% with 2 violations.                                           
    elapsed time = 00:00:06, memory = 774.94 (MB).                              
    Completing 100% with 0 violations.                                          
    elapsed time = 00:00:06, memory = 774.94 (MB).                              
[INFO DRT-0199]   Number of violations = 0.                                     
[INFO DRT-0267] cpu time = 00:00:04, elapsed time = 00:00:07, memory = 774.94   
(MB), peak = 786.18 (MB)                                                        
Total wire length = 19853 um.                                                   
Total wire length on LAYER Metal1 = 0 um.                                       
Total wire length on LAYER Metal2 = 9318 um.                                    
Total wire length on LAYER Metal3 = 9197 um.                                    
Total wire length on LAYER Metal4 = 834 um.                                     
Total wire length on LAYER Metal5 = 503 um.                                     
Total wire length on LAYER TopMetal1 = 0 um.                                    
Total wire length on LAYER TopMetal2 = 0 um.                                    
Total number of vias = 4170.                                                    
Up-via summary (total 4170):                                                    
                                                                                
------------------                                                              
   GatPoly       0                                                              
    Metal1    2142                                                              
    Metal2    1886                                                              
    Metal3     122                                                              
    Metal4      20                                                              
    Metal5       0                                                              
 TopMetal1       0                                                              
------------------                                                              
          4170                                                                  
                                                                                
                                                                                
[INFO DRT-0198] Complete detail routing.                                        
Total wire length = 19853 um.                                                   
Total wire length on LAYER Metal1 = 0 um.                                       
Total wire length on LAYER Metal2 = 9318 um.                                    
Total wire length on LAYER Metal3 = 9197 um.                                    
Total wire length on LAYER Metal4 = 834 um.                                     
Total wire length on LAYER Metal5 = 503 um.                                     
Total wire length on LAYER TopMetal1 = 0 um.                                    
Total wire length on LAYER TopMetal2 = 0 um.                                    
Total number of vias = 4170.                                                    
Up-via summary (total 4170):                                                    
                                                                                
------------------                                                              
   GatPoly       0                                                              
    Metal1    2142                                                              
    Metal2    1886                                                              
    Metal3     122                                                              
    Metal4      20                                                              
    Metal5       0                                                              
 TopMetal1       0                                                              
------------------                                                              
          4170                                                                  
                                                                                
                                                                                
[INFO DRT-0267] cpu time = 00:02:51, elapsed time = 00:03:23, memory = 775.06   
(MB), peak = 786.18 (MB)                                                        
                                                                                
[INFO DRT-0180] Post processing.                                                
+ check_antennas                                                                
[INFO ANT-0002] Found 0 net violations.                                         
[INFO ANT-0001] Found 0 pin violations.                                         
Setting global connections for newly added cells…                               
[INFO] Setting global connections...                                            
[INFO ODB-0403] 0 connections made, 0 conflicts skipped.                        
Updating metrics…                                                               
Cell type report:                       Count       Area                        
  Timing Repair Buffer                     81     587.87                        
  Inverter                                 29     157.85                        
  Sequential cell                         135    6613.49                        
  Multi-Input combinational cell          348    3924.55                        
  Total                                   593   11283.75                        
Writing OpenROAD database to                                                    
'/foss/designs/spi-slave-ihp/flow/runs/RUN_2026-08-08_22-27-58/40-openroad-detai
ledrouting/spi_slave.odb'…                                                      
Writing netlist to                                                              
'/foss/designs/spi-slave-ihp/flow/runs/RUN_2026-08-08_22-27-58/40-openroad-detai
ledrouting/spi_slave.nl.v'…                                                     
Writing powered netlist to                                                      
'/foss/designs/spi-slave-ihp/flow/runs/RUN_2026-08-08_22-27-58/40-openroad-detai
ledrouting/spi_slave.pnl.v'…                                                    
Writing layout to                                                               
'/foss/designs/spi-slave-ihp/flow/runs/RUN_2026-08-08_22-27-58/40-openroad-detai
ledrouting/spi_slave.def'…                                                      
Writing timing constraints to                                                   
'/foss/designs/spi-slave-ihp/flow/runs/RUN_2026-08-08_22-27-58/40-openroad-detai
ledrouting/spi_slave.sdc'…                                                      
───────────────────────────── Remove Obstructions ──────────────────────────────
[22:32:05] VERBOSE  Running 'Odb.RemoveRoutingObstructions' at      step.py:1138
                    'runs/RUN_2026-08-08_22-27-58/41-odb-removerout             
                    ingobstructions'…                                           
[22:32:05] INFO     'ROUTING_OBSTRUCTIONS' is not defined. Skipping   odb.py:589
                    'Odb.RemoveRoutingObstructions'…                            
──────────────────────────────── Check Antennas ────────────────────────────────
[22:32:05] VERBOSE  Running 'OpenROAD.CheckAntennas-1' at           step.py:1138
                    'runs/RUN_2026-08-08_22-27-58/42-openroad-check             
                    antennas-1'…                                                
[22:32:05] VERBOSE  Logging subprocess to                           step.py:1338
                    'runs/RUN_2026-08-08_22-27-58/42-openroad-check             
                    antennas-1/openroad-checkantennas-1.log'…                   
Reading timing models for corner nom_typ_1p20V_25C…                             
Reading timing library for the 'nom_typ_1p20V_25C' corner at                    
'/foss/pdks/ihp-sg13g2/libs.ref/sg13g2_stdcell/lib/sg13g2_stdcell_typ_1p20V_25C.
lib'…                                                                           
Reading timing library for the 'nom_typ_1p20V_25C' corner at                    
'/foss/pdks/ihp-sg13g2/libs.ref/sg13g2_io/lib/sg13g2_io_typ_1p2V_3p3V_25C.lib'… 
Reading OpenROAD database at                                                    
'/foss/designs/spi-slave-ihp/flow/runs/RUN_2026-08-08_22-27-58/40-openroad-detai
ledrouting/spi_slave.odb'…                                                      
Reading design constraints file at                                              
'/foss/designs/spi-slave-ihp/flow/constraint.sdc'…                              
[INFO] No information on clock propagation in input SDC file-- propagating all  
clocks.                                                                         
───────────────────────── Routing Design Rule Checker ──────────────────────────
[22:32:08] VERBOSE  Running 'Checker.TrDRC' at                      step.py:1138
                    'runs/RUN_2026-08-08_22-27-58/43-checker-trdrc'             
                    …                                                           
[22:32:08] INFO     Check for Routing DRC errors clear.           checker.py:131
─────────────────────────── Report Disconnected Pins ───────────────────────────
[22:32:08] VERBOSE  Running 'Odb.ReportDisconnectedPins' at         step.py:1138
                    'runs/RUN_2026-08-08_22-27-58/44-odb-reportdisc             
                    onnectedpins'…                                              
[22:32:08] VERBOSE  Logging subprocess to                           step.py:1338
                    'runs/RUN_2026-08-08_22-27-58/44-odb-reportdisc             
                    onnectedpins/odb-reportdisconnectedpins.log'…               
Found 0 disconnected pin(s), of which 0 are critical.                           
────────────────────────── Disconnected Pins Checker ───────────────────────────
[22:32:12] VERBOSE  Running 'Checker.DisconnectedPins' at           step.py:1138
                    'runs/RUN_2026-08-08_22-27-58/45-checker-discon             
                    nectedpins'…                                                
[22:32:12] INFO     Check for critical disconnected pins clear.   checker.py:131
────────────────────────────── Report Wire Length ──────────────────────────────
[22:32:12] VERBOSE  Running 'Odb.ReportWireLength' at               step.py:1138
                    'runs/RUN_2026-08-08_22-27-58/46-odb-reportwire             
                    length'…                                                    
[22:32:12] VERBOSE  Logging subprocess to                           step.py:1338
                    'runs/RUN_2026-08-08_22-27-58/46-odb-reportwire             
                    length/odb-reportwirelength.log'…                           
──────────────────────── Wire Length Threshold Checker ─────────────────────────
[22:32:15] VERBOSE  Running 'Checker.WireLength' at                 step.py:1138
                    'runs/RUN_2026-08-08_22-27-58/47-checker-wirele             
                    ngth'…                                                      
[22:32:15] WARNING  Threshold for Threshold-surpassing long wires checker.py:108
                    is not set. The checker will be skipped.                    
──────────────────────────────── Fill Insertion ────────────────────────────────
[22:32:15] VERBOSE  Running 'OpenROAD.FillInsertion' at             step.py:1138
                    'runs/RUN_2026-08-08_22-27-58/48-openroad-filli             
                    nsertion'…                                                  
[22:32:15] VERBOSE  Logging subprocess to                           step.py:1338
                    'runs/RUN_2026-08-08_22-27-58/48-openroad-filli             
                    nsertion/openroad-fillinsertion.log'…                       
Reading timing models for corner nom_typ_1p20V_25C…                             
Reading timing library for the 'nom_typ_1p20V_25C' corner at                    
'/foss/pdks/ihp-sg13g2/libs.ref/sg13g2_stdcell/lib/sg13g2_stdcell_typ_1p20V_25C.
lib'…                                                                           
Reading timing library for the 'nom_typ_1p20V_25C' corner at                    
'/foss/pdks/ihp-sg13g2/libs.ref/sg13g2_io/lib/sg13g2_io_typ_1p2V_3p3V_25C.lib'… 
Reading OpenROAD database at                                                    
'/foss/designs/spi-slave-ihp/flow/runs/RUN_2026-08-08_22-27-58/44-odb-reportdisc
onnectedpins/spi_slave.odb'…                                                    
Reading design constraints file at                                              
'/foss/designs/spi-slave-ihp/flow/constraint.sdc'…                              
[INFO] No information on clock propagation in input SDC file-- propagating all  
clocks.                                                                         
sg13g2_decap_* sg13g2_fill_1 sg13g2_fill_2                                      
[INFO DPL-0001] Placed 1073 filler instances.                                   
Setting global connections for newly added cells…                               
[INFO] Setting global connections...                                            
[INFO ODB-0403] 2146 connections made, 0 conflicts skipped.                     
Updating metrics…                                                               
Cell type report:                       Count       Area                        
  Fill cell                              1073    9676.20                        
  Timing Repair Buffer                     81     587.87                        
  Inverter                                 29     157.85                        
  Sequential cell                         135    6613.49                        
  Multi-Input combinational cell          348    3924.55                        
  Total                                  1666   20959.95                        
Writing OpenROAD database to                                                    
'/foss/designs/spi-slave-ihp/flow/runs/RUN_2026-08-08_22-27-58/48-openroad-filli
nsertion/spi_slave.odb'…                                                        
Writing netlist to                                                              
'/foss/designs/spi-slave-ihp/flow/runs/RUN_2026-08-08_22-27-58/48-openroad-filli
nsertion/spi_slave.nl.v'…                                                       
Writing powered netlist to                                                      
'/foss/designs/spi-slave-ihp/flow/runs/RUN_2026-08-08_22-27-58/48-openroad-filli
nsertion/spi_slave.pnl.v'…                                                      
Writing layout to                                                               
'/foss/designs/spi-slave-ihp/flow/runs/RUN_2026-08-08_22-27-58/48-openroad-filli
nsertion/spi_slave.def'…                                                        
Writing timing constraints to                                                   
'/foss/designs/spi-slave-ihp/flow/runs/RUN_2026-08-08_22-27-58/48-openroad-filli
nsertion/spi_slave.sdc'…                                                        
──────────────────────── Generate Cell Frequency Tables ────────────────────────
[22:32:17] VERBOSE  Running 'Odb.CellFrequencyTables' at            step.py:1138
                    'runs/RUN_2026-08-08_22-27-58/49-odb-cellfreque             
                    ncytables'…                                                 
[22:32:17] VERBOSE  Logging subprocess to                           step.py:1338
                    'runs/RUN_2026-08-08_22-27-58/49-odb-cellfreque             
                    ncytables/buffer_list.txt'…                                 
sg13g2_buf_1                                                                    
sg13g2_buf_16                                                                   
sg13g2_buf_2                                                                    
sg13g2_buf_4                                                                    
sg13g2_buf_8                                                                    
sg13g2_dlygate4sd1_1                                                            
sg13g2_dlygate4sd2_1                                                            
sg13g2_dlygate4sd3_1                                                            
[22:32:18] VERBOSE  Logging subprocess to                           step.py:1338
                    'runs/RUN_2026-08-08_22-27-58/49-odb-cellfreque             
                    ncytables/odb-cellfrequencytables.log'…                     
                                Cells by Master                                 
┏━━━━━━━━━━━━━━━━━━━━━━━━━━━━━━━━━━━━━━━━━━━━━━━━━━━━━━━┳━━━━━━━━━━━━━━━━━━━━━━┓
┃ Cell                                                  ┃ Count                ┃
┡━━━━━━━━━━━━━━━━━━━━━━━━━━━━━━━━━━━━━━━━━━━━━━━━━━━━━━━╇━━━━━━━━━━━━━━━━━━━━━━┩
│ sg13g2_a21o_1                                         │ 7                    │
│ sg13g2_a21oi_1                                        │ 30                   │
│ sg13g2_a221oi_1                                       │ 13                   │
│ sg13g2_a22oi_1                                        │ 50                   │
│ sg13g2_and2_1                                         │ 19                   │
│ sg13g2_and3_1                                         │ 9                    │
│ sg13g2_and4_1                                         │ 2                    │
│ sg13g2_buf_1                                          │ 81                   │
│ sg13g2_decap_4                                        │ 129                  │
│ sg13g2_decap_8                                        │ 619                  │
│ sg13g2_dfrbpq_1                                       │ 135                  │
│ sg13g2_fill_1                                         │ 166                  │
│ sg13g2_fill_2                                         │ 159                  │
│ sg13g2_inv_1                                          │ 29                   │
│ sg13g2_mux2_1                                         │ 70                   │
│ sg13g2_nand2_1                                        │ 49                   │
│ sg13g2_nand2b_1                                       │ 10                   │
│ sg13g2_nand3_1                                        │ 4                    │
│ sg13g2_nand3b_1                                       │ 2                    │
│ sg13g2_nand4_1                                        │ 8                    │
│ sg13g2_nor2_1                                         │ 20                   │
│ sg13g2_nor2b_1                                        │ 9                    │
│ sg13g2_nor3_1                                         │ 10                   │
│ sg13g2_nor4_1                                         │ 3                    │
│ sg13g2_o21ai_1                                        │ 25                   │
│ sg13g2_or2_1                                          │ 4                    │
│ sg13g2_or4_1                                          │ 1                    │
│ sg13g2_tielo                                          │ 3                    │
└───────────────────────────────────────────────────────┴──────────────────────┘
                               Cells by Function                                
┏━━━━━━━━━━━━━━━━━━━━━━━━━━━━━━━━━━━━━━━━━━━━━━━━━━━━━┳━━━━━━━━━━━━━━━━━━━━━━━━┓
┃ Cell Function                                       ┃ Count                  ┃
┡━━━━━━━━━━━━━━━━━━━━━━━━━━━━━━━━━━━━━━━━━━━━━━━━━━━━━╇━━━━━━━━━━━━━━━━━━━━━━━━┩
└─────────────────────────────────────────────────────┴────────────────────────┘
                                  Cells by SCL                                  
┏━━━━━━━━━━━━━━━━━━━━━━━━━━━━━━━━━┳━━━━━━━━━━━━━━━━━━━━━━━━━━━━━━━━━━━━━━━━━━━━┓
┃ SCL                             ┃ Count                                      ┃
┡━━━━━━━━━━━━━━━━━━━━━━━━━━━━━━━━━╇━━━━━━━━━━━━━━━━━━━━━━━━━━━━━━━━━━━━━━━━━━━━┩
└─────────────────────────────────┴────────────────────────────────────────────┘
                             Buffers by Cell Master                             
┏━━━━━━━━━━━━━━━━━━━━━━━━━━━━━━━━━━━━━━━━━━━━━━━━━━━━┳━━━━━━━━━━━━━━━━━━━━━━━━━┓
┃ Buffer                                             ┃ Count                   ┃
┡━━━━━━━━━━━━━━━━━━━━━━━━━━━━━━━━━━━━━━━━━━━━━━━━━━━━╇━━━━━━━━━━━━━━━━━━━━━━━━━┩
│ sg13g2_buf_1                                       │ 81                      │
└────────────────────────────────────────────────────┴─────────────────────────┘
───────────────── Parasitic Resistance/Capacitance Extraction ──────────────────
[22:32:20] VERBOSE  Running 'OpenROAD.RCX' at                       step.py:1138
                    'runs/RUN_2026-08-08_22-27-58/50-openroad-rcx'…             
[22:32:20] INFO     Running RCX for corners matching nom_*      openroad.py:2159
                    (/foss/designs/spi-slave-ihp/flow/runs/RUN_                 
                    2026-08-08_22-27-58/50-openroad-rcx/nom/rcx                 
                    .log)…                                                      
[22:32:21] VERBOSE  Logging subprocess to                           step.py:1338
                    'runs/RUN_2026-08-08_22-27-58/50-openroad-rcx/n             
                    om/rcx.log'…                                                
[22:32:22] INFO     Finished RCX for corners matching nom_*.    openroad.py:2168
────────────────────── Static Timing Analysis (Post-PnR) ───────────────────────
[22:32:22] VERBOSE  Running 'OpenROAD.STAPostPNR' at                step.py:1138
                    'runs/RUN_2026-08-08_22-27-58/51-openroad-stapo             
                    stpnr'…                                                     
[22:32:22] INFO     Starting STA for the nom_fast_1p32V_m40C     openroad.py:748
                    timing corner…                                              
[22:32:23] INFO     Starting STA for the nom_slow_1p08V_125C     openroad.py:748
                    timing corner…                                              
[22:32:23] INFO     Starting STA for the nom_typ_1p20V_25C       openroad.py:748
                    timing corner…                                              
[22:32:23] VERBOSE  Logging subprocess to                           step.py:1338
                    'runs/RUN_2026-08-08_22-27-58/51-openroad-stapo             
                    stpnr/nom_fast_1p32V_m40C/sta.log'…                         
[22:32:23] VERBOSE  Logging subprocess to                           step.py:1338
                    'runs/RUN_2026-08-08_22-27-58/51-openroad-stapo             
                    stpnr/nom_slow_1p08V_125C/sta.log'…                         
[22:32:23] VERBOSE  Logging subprocess to                           step.py:1338
                    'runs/RUN_2026-08-08_22-27-58/51-openroad-stapo             
                    stpnr/nom_typ_1p20V_25C/sta.log'…                           
[22:32:25] INFO     Finished STA for the nom_slow_1p08V_125C     openroad.py:763
                    timing corner.                                              
[22:32:26] VERBOSE  Logging subprocess to                           step.py:1338
                    'runs/RUN_2026-08-08_22-27-58/51-openroad-stapo             
                    stpnr/nom_slow_1p08V_125C/filter_unannotated.lo             
                    g'…                                                         
[22:32:27] INFO     Finished STA for the nom_fast_1p32V_m40C     openroad.py:763
                    timing corner.                                              
[22:32:27] VERBOSE  Logging subprocess to                           step.py:1338
                    'runs/RUN_2026-08-08_22-27-58/51-openroad-stapo             
                    stpnr/nom_fast_1p32V_m40C/filter_unannotated.lo             
                    g'…                                                         
[22:32:27] INFO     Finished STA for the nom_typ_1p20V_25C       openroad.py:763
                    timing corner.                                              
[22:32:27] VERBOSE  Logging subprocess to                           step.py:1338
                    'runs/RUN_2026-08-08_22-27-58/51-openroad-stapo             
                    stpnr/nom_typ_1p20V_25C/filter_unannotated.log'             
                    …                                                           
┏━━━━━━━━━━━━━━━━━━━━━━┳━━━━┳━━━━┳━━━━┳━━━━┳━━━━┳━━━┳━━━━┳━━━┳━━━━┳━━━┳━━━━┳━━━┓
┃                      ┃    ┃    ┃    ┃    ┃ of ┃   ┃    ┃   ┃    ┃ … ┃    ┃   ┃
┃                      ┃    ┃ R… ┃    ┃    ┃ w… ┃   ┃ R… ┃   ┃    ┃ … ┃    ┃   ┃
┃                      ┃ H… ┃ to ┃    ┃ H… ┃ r… ┃ … ┃ to ┃   ┃ S… ┃ … ┃ M… ┃ … ┃
┃                      ┃ W… ┃ R… ┃ H… ┃ V… ┃ to ┃ … ┃ R… ┃ … ┃ V… ┃ … ┃ C… ┃ … ┃
┃ Corner/Group         ┃ S… ┃ P… ┃ T… ┃ C… ┃ r… ┃ … ┃ P… ┃ … ┃ C… ┃ … ┃ V… ┃ … ┃
┡━━━━━━━━━━━━━━━━━━━━━━╇━━━━╇━━━━╇━━━━╇━━━━╇━━━━╇━━━╇━━━━╇━━━╇━━━━╇━━━╇━━━━╇━━━┩
│ Overall              │ 0… │ 0… │ 0… │ 0  │ 0  │ … │ 6… │ … │ 0  │ 0 │ 0  │ 0 │
│ nom_fast_1p32V_m40C  │ 0… │ 0… │ 0… │ 0  │ 0  │ … │ 8… │ … │ 0  │ 0 │ 0  │ 0 │
│ nom_slow_1p08V_125C  │ 0… │ 0… │ 0… │ 0  │ 0  │ … │ 6… │ … │ 0  │ 0 │ 0  │ 0 │
│ nom_typ_1p20V_25C    │ 0… │ 0… │ 0… │ 0  │ 0  │ … │ 7… │ … │ 0  │ 0 │ 0  │ 0 │
└──────────────────────┴────┴────┴────┴────┴────┴───┴────┴───┴────┴───┴────┴───┘
─────────────────────────── Generate IR Drop Report ────────────────────────────
[22:32:31] VERBOSE  Running 'OpenROAD.IRDropReport' at              step.py:1138
                    'runs/RUN_2026-08-08_22-27-58/52-openroad-irdro             
                    preport'…                                                   
[22:32:31] WARNING  'VSRC_LOC_FILES' was not given a value,     openroad.py:2260
                    which may make the results of IR drop                       
                    analysis inaccurate. If you are not                         
                    integrating a top-level chip for                            
                    manufacture, you may ignore this warning,                   
                    otherwise, see the documentation for                        
                    'VSRC_LOC_FILES'.                                           
[22:32:32] VERBOSE  Logging subprocess to                           step.py:1338
                    'runs/RUN_2026-08-08_22-27-58/52-openroad-irdro             
                    preport/openroad-irdropreport.log'…                         
Reading timing models for corner nom_typ_1p20V_25C…                             
Reading timing library for the 'nom_typ_1p20V_25C' corner at                    
'/foss/pdks/ihp-sg13g2/libs.ref/sg13g2_stdcell/lib/sg13g2_stdcell_typ_1p20V_25C.
lib'…                                                                           
Reading timing library for the 'nom_typ_1p20V_25C' corner at                    
'/foss/pdks/ihp-sg13g2/libs.ref/sg13g2_io/lib/sg13g2_io_typ_1p2V_3p3V_25C.lib'… 
Reading OpenROAD database at                                                    
'/foss/designs/spi-slave-ihp/flow/runs/RUN_2026-08-08_22-27-58/49-odb-cellfreque
ncytables/spi_slave.odb'…                                                       
Reading design constraints file at                                              
'/foss/designs/spi-slave-ihp/flow/constraint.sdc'…                              
[INFO] No information on clock propagation in input SDC file-- propagating all  
clocks.                                                                         
[INFO] Using voltage extracted from lib (1.2V) for power nets and 0V for ground 
nets…                                                                           
[22:32:36] VERBOSE  + analyze_power_grid -net VPWR              openroad.py:2272
                    -voltage_file                                               
                    /foss/designs/spi-slave-ihp/flow/runs/RUN_2                 
                    026-08-08_22-27-58/52-openroad-irdropreport                 
                    /net-VPWR.csv                                               
                    [INFO PSM-0040] All shapes on net VPWR are                  
                    connected.                                                  
                    ########## IR report #################                      
                    Net              : VPWR                                     
                    Corner           : nom_typ_1p20V_25C                        
                    Total power      : 1.01e-03 W                               
                    Supply voltage   : 1.20e+00 V                               
                    Worstcase voltage: 1.19e+00 V                               
                    Average voltage  : 1.20e+00 V                               
                    Average IR drop  : 3.25e-04 V                               
                    Worstcase IR drop: 6.89e-03 V                               
                    Percentage drop  : 0.57 %                                   
                    ######################################                      
                    + analyze_power_grid -net VGND                              
                    -voltage_file                                               
                    /foss/designs/spi-slave-ihp/flow/runs/RUN_2                 
                    026-08-08_22-27-58/52-openroad-irdropreport                 
                    /net-VGND.csv                                               
                    [INFO PSM-0040] All shapes on net VGND are                  
                    connected.                                                  
                    ########## IR report #################                      
                    Net              : VGND                                     
                    Corner           : nom_typ_1p20V_25C                        
                    Total power      : 1.01e-03 W                               
                    Supply voltage   : 0.00e+00 V                               
                    Worstcase voltage: 2.90e-03 V                               
                    Average voltage  : 2.18e-04 V                               
                    Average IR drop  : 2.18e-04 V                               
                    Worstcase IR drop: 2.90e-03 V                               
                    Percentage drop  : 0.24 %                                   
                    ######################################                      
                                                                                
─────────────────────────── GDSII Stream Out (Magic) ───────────────────────────
[22:32:36] VERBOSE  Running 'Magic.StreamOut' at                    step.py:1138
                    'runs/RUN_2026-08-08_22-27-58/53-magic-streamou             
                    t'…                                                         
[22:32:36] VERBOSE  Logging subprocess to                           step.py:1338
                    'runs/RUN_2026-08-08_22-27-58/53-magic-streamou             
                    t/magic-streamout.log'…                                     
                                                                                
Magic 8.3 revision 678 - Compiled on Mon Jul 27 03:07:22 PM CEST 2026.          
Starting magic under Tcl interpreter                                            
Using the terminal as the console.                                              
WARNING: RLIMIT_NOFILE is above 1024 and Tcl_Version<9 this may cause runtime   
issues [rlim_cur=1048576]                                                       
Using NULL graphics device.                                                     
Processing system .magicrc file                                                 
Switching to WIRING tool.                                                       
Switching to NETLIST tool.                                                      
Switching to PICK tool.                                                         
Switching to BOX tool.                                                          
Sourcing design .magicrc for technology ihp-sg13g2 ...                          
2 Magic internal units = 1 Lambda                                               
Input style sg13g2(): scaleFactor=2, multiplier=2                               
The following types are not handled by extraction and will be treated as        
non-electrical types:                                                           
    pblock sealcont difffill nemitter hvnemitter hvisodiffres sealvia1 sealvia2 
sealvia3 sealvia4 sealvia5 sealvia6 pillar solder seal glass thruvia inductor   
Scaled tech values by 2 / 1 to match internal grid scaling                      
Loading ihp-sg13g2 Device Generator Menu ...                                    
Loading                                                                         
"/usr/local/lib/python3.12/dist-packages/librelane/scripts/magic/wrapper.tcl"   
from command line.                                                              
> gds read /foss/pdks/ihp-sg13g2/libs.ref/sg13g2_stdcell/gds/sg13g2_stdcell.gds 
Warning: Calma reading is not undoable!  I hope that's OK.                      
Library written using GDS-II Release 5.0                                        
Library name: sg13g2_stdcell                                                    
Reading "sg13g2_a21o_1".                                                        
Reading "sg13g2_a21o_2".                                                        
Reading "sg13g2_a21oi_1".                                                       
CIF file read warning: CIF style sg13g2(): units rescaled by factor of 5 / 1    
Reading "sg13g2_a21oi_2".                                                       
Reading "sg13g2_a221oi_1".                                                      
Reading "sg13g2_a22oi_1".                                                       
Reading "sg13g2_and2_1".                                                        
Reading "sg13g2_and2_2".                                                        
Reading "sg13g2_and3_1".                                                        
Reading "sg13g2_and3_2".                                                        
Reading "sg13g2_and4_1".                                                        
Reading "sg13g2_and4_2".                                                        
Reading "sg13g2_antennanp".                                                     
Reading "sg13g2_buf_1".                                                         
Reading "sg13g2_buf_16".                                                        
Reading "sg13g2_buf_2".                                                         
Reading "sg13g2_buf_4".                                                         
Reading "sg13g2_buf_8".                                                         
Reading "sg13g2_decap_4".                                                       
Reading "sg13g2_decap_8".                                                       
Reading "sg13g2_dfrbp_1".                                                       
Reading "sg13g2_dfrbp_2".                                                       
Reading "sg13g2_dfrbpq_1".                                                      
Reading "sg13g2_dfrbpq_2".                                                      
Reading "sg13g2_dlhq_1".                                                        
Reading "sg13g2_dlhr_1".                                                        
Reading "sg13g2_dlhrq_1".                                                       
Reading "sg13g2_dllr_1".                                                        
Reading "sg13g2_dllrq_1".                                                       
Reading "sg13g2_dlygate4sd1_1".                                                 
Reading "sg13g2_dlygate4sd2_1".                                                 
Reading "sg13g2_dlygate4sd3_1".                                                 
Reading "sg13g2_ebufn_2".                                                       
Reading "sg13g2_ebufn_4".                                                       
Reading "sg13g2_ebufn_8".                                                       
Reading "sg13g2_einvn_2".                                                       
Reading "sg13g2_einvn_4".                                                       
Reading "sg13g2_einvn_8".                                                       
Reading "sg13g2_fill_1".                                                        
Reading "sg13g2_fill_2".                                                        
Reading "sg13g2_fill_4".                                                        
Reading "sg13g2_fill_8".                                                        
Reading "sg13g2_inv_1".                                                         
Reading "sg13g2_inv_16".                                                        
Reading "sg13g2_inv_2".                                                         
Reading "sg13g2_inv_4".                                                         
Reading "sg13g2_inv_8".                                                         
Reading "sg13g2_lgcp_1".                                                        
Reading "sg13g2_mux2_1".                                                        
Reading "sg13g2_mux2_2".                                                        
Reading "sg13g2_mux4_1".                                                        
Reading "sg13g2_nand2_1".                                                       
Reading "sg13g2_nand2_2".                                                       
Reading "sg13g2_nand2b_1".                                                      
Reading "sg13g2_nand2b_2".                                                      
Reading "sg13g2_nand3_1".                                                       
Reading "sg13g2_nand3b_1".                                                      
Reading "sg13g2_nand4_1".                                                       
Reading "sg13g2_nor2_1".                                                        
Reading "sg13g2_nor2_2".                                                        
Reading "sg13g2_nor2b_1".                                                       
Reading "sg13g2_nor2b_2".                                                       
Reading "sg13g2_nor3_1".                                                        
Reading "sg13g2_nor3_2".                                                        
Reading "sg13g2_nor4_1".                                                        
Reading "sg13g2_nor4_2".                                                        
Reading "sg13g2_o21ai_1".                                                       
Reading "sg13g2_or2_1".                                                         
Reading "sg13g2_or2_2".                                                         
Reading "sg13g2_or3_1".                                                         
Reading "sg13g2_or3_2".                                                         
Reading "sg13g2_or4_1".                                                         
Reading "sg13g2_or4_2".                                                         
Reading "sg13g2_sdfbbp_1".                                                      
Reading "sg13g2_sdfrbp_1".                                                      
Reading "sg13g2_sdfrbp_2".                                                      
Reading "sg13g2_sdfrbpq_1".                                                     
Reading "sg13g2_sdfrbpq_2".                                                     
Reading "sg13g2_sighold".                                                       
Reading "sg13g2_slgcp_1".                                                       
Reading "sg13g2_tiehi".                                                         
Reading "sg13g2_tielo".                                                         
Reading "sg13g2_xnor2_1".                                                       
Reading "sg13g2_xor2_1".                                                        
> lef read /foss/pdks/ihp-sg13g2/libs.ref/sg13g2_stdcell/lef/sg13g2_stdcell.lef 
Reading LEF data from file                                                      
/foss/pdks/ihp-sg13g2/libs.ref/sg13g2_stdcell/lef/sg13g2_stdcell.lef.           
This action cannot be undone.                                                   
LEF read, Line 6473 (Message): Unknown keyword "ANTENNAMAXCUTCAR" in LEF file;  
ignoring.                                                                       
LEF read: Processed 7927 lines.                                                 
> gds read /foss/pdks/ihp-sg13g2/libs.ref/sg13g2_io/gds/sg13g2_io.gds           
Warning: Calma reading is not undoable!  I hope that's OK.                      
Library written using GDS-II Release 5.0                                        
Library name: sg13g2_io                                                         
Reading "sg13g2_Corner".                                                        
Reading "sg13g2_Filler1000".                                                    
Reading "sg13g2_Filler10000".                                                   
Reading "sg13g2_Filler200".                                                     
Reading "sg13g2_Filler2000".                                                    
Reading "sg13g2_Filler400".                                                     
Reading "sg13g2_Filler4000".                                                    
Reading "sg13g2_Clamp_N20N0D".                                                  
Reading "sg13g2_Clamp_P20N0D".                                                  
Reading "sg13g2_DCNDiode".                                                      
Reading "sg13g2_DCPDiode".                                                      
Reading "sg13g2_SecondaryProtection".                                           
Reading "sg13g2_IOPadAnalog".                                                   
Reading "sg13g2_RCClampInverter".                                               
Reading "sg13g2_Clamp_N43N43D4R".                                               
Reading "sg13g2_RCClampResistor".                                               
Reading "sg13g2_IOPadIOVdd".                                                    
Reading "sg13g2_IOPadIOVss".                                                    
Reading "M2_M1_CDNS_777302434540".                                              
Saving contents of cell M2_M1_CDNS_777302434540                                 
Reading "M2_M1_CDNS_777302434541".                                              
Saving contents of cell M2_M1_CDNS_777302434541                                 
Reading "sg13g2_LevelDown".                                                     
Reading "sg13g2_IOPadIn".                                                       
Reading "sg13g2_Clamp_P15N15D".                                                 
Reading "sg13g2_io_inv_x1".                                                     
Reading "sg13g2_LevelUp".                                                       
Reading "sg13g2_io_nor2_x1".                                                    
Reading "sg13g2_io_tie".                                                        
Reading "sg13g2_io_nand2_x1".                                                   
Reading "sg13g2_GateDecode".                                                    
Reading "sg13g2_Clamp_N15N15D".                                                 
Reading "sg13g2_IOPadInOut30mA".                                                
Reading "sg13g2_Clamp_N8N8D".                                                   
Reading "sg13g2_Clamp_P8N8D".                                                   
Reading "sg13g2_IOPadInOut16mA".                                                
Reading "sg13g2_Clamp_N2N2D".                                                   
Reading "sg13g2_Clamp_P2N2D".                                                   
Reading "sg13g2_IOPadInOut4mA".                                                 
Reading "sg13g2_LevelUpInv".                                                    
Reading "sg13g2_GateLevelUpInv".                                                
Reading "sg13g2_IOPadOut16mA".                                                  
Reading "sg13g2_IOPadOut30mA".                                                  
Reading "sg13g2_IOPadOut4mA".                                                   
Reading "sg13g2_IOPadTriOut16mA".                                               
Reading "sg13g2_IOPadTriOut30mA".                                               
Reading "sg13g2_IOPadTriOut4mA".                                                
Reading "sg13g2_IOPadVdd".                                                      
Reading "sg13g2_IOPadVss".                                                      
> lef read /foss/pdks/ihp-sg13g2/libs.ref/sg13g2_io/lef/sg13g2_io.lef           
Reading LEF data from file                                                      
/foss/pdks/ihp-sg13g2/libs.ref/sg13g2_io/lef/sg13g2_io.lef.                     
This action cannot be undone.                                                   
LEF read: Processed 4552 lines.                                                 
Cell (NEWCELL) couldn't be read                                                 
No such file or directory                                                       
Creating new cell                                                               
> lef read /foss/pdks/ihp-sg13g2/libs.ref/sg13g2_stdcell/lef/sg13g2_tech.lef    
Reading LEF data from file                                                      
/foss/pdks/ihp-sg13g2/libs.ref/sg13g2_stdcell/lef/sg13g2_tech.lef.              
This action cannot be undone.                                                   
LEF read, Line 79 (Message): Unknown keyword "MAXIMUMDENSITY" in LEF file;      
ignoring.                                                                       
LEF read, Line 80 (Message): Unknown keyword "DENSITYCHECKSTEP" in LEF file;    
ignoring.                                                                       
LEF read, Line 81 (Message): Unknown keyword "DENSITYCHECKWINDOW" in LEF file;  
ignoring.                                                                       
LEF read, Line 87 (Message): Unknown keyword "MINIMUMCUT" in LEF file; ignoring.
LEF read, Line 91 (Message): Unknown keyword "ANTENNACUMAREARATIO" in LEF file; 
ignoring.                                                                       
LEF read, Line 92 (Message): Unknown keyword "ANTENNACUMDIFFAREARATIO" in LEF   
file; ignoring.                                                                 
LEF read, Line 121 (Message): Unknown keyword "MAXIMUMDENSITY" in LEF file;     
ignoring.                                                                       
LEF read, Line 122 (Message): Unknown keyword "DENSITYCHECKSTEP" in LEF file;   
ignoring.                                                                       
LEF read, Line 123 (Message): Unknown keyword "DENSITYCHECKWINDOW" in LEF file; 
ignoring.                                                                       
LEF read, Line 129 (Message): Unknown keyword "MINIMUMCUT" in LEF file;         
ignoring.                                                                       
LEF read, Line 134 (Message): Unknown keyword "ANTENNACUMAREARATIO" in LEF file;
ignoring.                                                                       
LEF read, Line 135 (Message): Unknown keyword "ANTENNACUMDIFFAREARATIO" in LEF  
file; ignoring.                                                                 
LEF read, Line 162 (Message): Unknown keyword "MAXIMUMDENSITY" in LEF file;     
ignoring.                                                                       
LEF read, Line 163 (Message): Unknown keyword "DENSITYCHECKSTEP" in LEF file;   
ignoring.                                                                       
LEF read, Line 164 (Message): Unknown keyword "DENSITYCHECKWINDOW" in LEF file; 
ignoring.                                                                       
LEF read, Line 170 (Message): Unknown keyword "MINIMUMCUT" in LEF file;         
ignoring.                                                                       
LEF read, Line 175 (Message): Unknown keyword "ANTENNACUMAREARATIO" in LEF file;
ignoring.                                                                       
LEF read, Line 176 (Message): Unknown keyword "ANTENNACUMDIFFAREARATIO" in LEF  
file; ignoring.                                                                 
LEF read, Line 204 (Message): Unknown keyword "MAXIMUMDENSITY" in LEF file;     
ignoring.                                                                       
LEF read, Line 205 (Message): Unknown keyword "DENSITYCHECKSTEP" in LEF file;   
ignoring.                                                                       
LEF read, Line 206 (Message): Unknown keyword "DENSITYCHECKWINDOW" in LEF file; 
ignoring.                                                                       
LEF read, Line 212 (Message): Unknown keyword "MINIMUMCUT" in LEF file;         
ignoring.                                                                       
LEF read, Line 217 (Message): Unknown keyword "ANTENNACUMAREARATIO" in LEF file;
ignoring.                                                                       
LEF read, Line 218 (Message): Unknown keyword "ANTENNACUMDIFFAREARATIO" in LEF  
file; ignoring.                                                                 
LEF read, Line 245 (Message): Unknown keyword "MAXIMUMDENSITY" in LEF file;     
ignoring.                                                                       
LEF read, Line 246 (Message): Unknown keyword "DENSITYCHECKSTEP" in LEF file;   
ignoring.                                                                       
LEF read, Line 247 (Message): Unknown keyword "DENSITYCHECKWINDOW" in LEF file; 
ignoring.                                                                       
LEF read, Line 253 (Message): Unknown keyword "MINIMUMCUT" in LEF file;         
ignoring.                                                                       
LEF read, Line 258 (Message): Unknown keyword "ANTENNACUMAREARATIO" in LEF file;
ignoring.                                                                       
LEF read, Line 259 (Message): Unknown keyword "ANTENNACUMDIFFAREARATIO" in LEF  
file; ignoring.                                                                 
LEF read, Line 285 (Message): Unknown keyword "MAXIMUMDENSITY" in LEF file;     
ignoring.                                                                       
LEF read, Line 286 (Message): Unknown keyword "DENSITYCHECKSTEP" in LEF file;   
ignoring.                                                                       
LEF read, Line 287 (Message): Unknown keyword "DENSITYCHECKWINDOW" in LEF file; 
ignoring.                                                                       
LEF read, Line 292 (Message): Unknown keyword "ANTENNACUMAREARATIO" in LEF file;
ignoring.                                                                       
LEF read, Line 293 (Message): Unknown keyword "ANTENNACUMDIFFAREARATIO" in LEF  
file; ignoring.                                                                 
LEF read, Line 319 (Message): Unknown keyword "MAXIMUMDENSITY" in LEF file;     
ignoring.                                                                       
LEF read, Line 320 (Message): Unknown keyword "DENSITYCHECKSTEP" in LEF file;   
ignoring.                                                                       
LEF read, Line 321 (Message): Unknown keyword "DENSITYCHECKWINDOW" in LEF file; 
ignoring.                                                                       
LEF read, Line 330 (Message): Unknown keyword "ANTENNACUMAREARATIO" in LEF file;
ignoring.                                                                       
LEF read, Line 331 (Message): Unknown keyword "ANTENNACUMDIFFAREARATIO" in LEF  
file; ignoring.                                                                 
LEF read: Processed 1200 lines.                                                 
> def read                                                                      
/foss/designs/spi-slave-ihp/flow/runs/RUN_2026-08-08_22-27-58/49-odb-cellfrequen
cytables/spi_slave.def -noblockage                                              
Reading DEF data from file                                                      
/foss/designs/spi-slave-ihp/flow/runs/RUN_2026-08-08_22-27-58/49-odb-cellfrequen
cytables/spi_slave.def.                                                         
This action cannot be undone.                                                   
  Processed 6 vias total.                                                       
  Processed 1666 subcell instances total.                                       
  Processed 32 pins total.                                                      
  Processed 2 special nets total.                                               
  Processed 606 nets total.                                                     
DEF read: Processed 12224 lines.                                                
   Copying output for cell sg13g2_tielo from                                    
$PDKPATH/libs.ref/sg13g2_stdcell/gds/sg13g2_stdcell.gds                         
   Copying output for cell sg13g2_decap_8 from                                  
$PDKPATH/libs.ref/sg13g2_stdcell/gds/sg13g2_stdcell.gds                         
   Copying output for cell sg13g2_decap_4 from                                  
$PDKPATH/libs.ref/sg13g2_stdcell/gds/sg13g2_stdcell.gds                         
   Copying output for cell sg13g2_fill_2 from                                   
$PDKPATH/libs.ref/sg13g2_stdcell/gds/sg13g2_stdcell.gds                         
   Copying output for cell sg13g2_nand2_1 from                                  
$PDKPATH/libs.ref/sg13g2_stdcell/gds/sg13g2_stdcell.gds                         
   Copying output for cell sg13g2_dfrbpq_1 from                                 
$PDKPATH/libs.ref/sg13g2_stdcell/gds/sg13g2_stdcell.gds                         
   Copying output for cell sg13g2_fill_1 from                                   
$PDKPATH/libs.ref/sg13g2_stdcell/gds/sg13g2_stdcell.gds                         
   Copying output for cell sg13g2_buf_1 from                                    
$PDKPATH/libs.ref/sg13g2_stdcell/gds/sg13g2_stdcell.gds                         
   Copying output for cell sg13g2_mux2_1 from                                   
$PDKPATH/libs.ref/sg13g2_stdcell/gds/sg13g2_stdcell.gds                         
   Copying output for cell sg13g2_nand2b_1 from                                 
$PDKPATH/libs.ref/sg13g2_stdcell/gds/sg13g2_stdcell.gds                         
   Copying output for cell sg13g2_or2_1 from                                    
$PDKPATH/libs.ref/sg13g2_stdcell/gds/sg13g2_stdcell.gds                         
   Copying output for cell sg13g2_or4_1 from                                    
$PDKPATH/libs.ref/sg13g2_stdcell/gds/sg13g2_stdcell.gds                         
   Copying output for cell sg13g2_o21ai_1 from                                  
$PDKPATH/libs.ref/sg13g2_stdcell/gds/sg13g2_stdcell.gds                         
   Copying output for cell sg13g2_nor4_1 from                                   
$PDKPATH/libs.ref/sg13g2_stdcell/gds/sg13g2_stdcell.gds                         
   Copying output for cell sg13g2_nor3_1 from                                   
$PDKPATH/libs.ref/sg13g2_stdcell/gds/sg13g2_stdcell.gds                         
   Copying output for cell sg13g2_inv_1 from                                    
$PDKPATH/libs.ref/sg13g2_stdcell/gds/sg13g2_stdcell.gds                         
   Copying output for cell sg13g2_and2_1 from                                   
$PDKPATH/libs.ref/sg13g2_stdcell/gds/sg13g2_stdcell.gds                         
   Copying output for cell sg13g2_a221oi_1 from                                 
$PDKPATH/libs.ref/sg13g2_stdcell/gds/sg13g2_stdcell.gds                         
   Copying output for cell sg13g2_a21oi_1 from                                  
$PDKPATH/libs.ref/sg13g2_stdcell/gds/sg13g2_stdcell.gds                         
   Copying output for cell sg13g2_a22oi_1 from                                  
$PDKPATH/libs.ref/sg13g2_stdcell/gds/sg13g2_stdcell.gds                         
   Copying output for cell sg13g2_nand4_1 from                                  
$PDKPATH/libs.ref/sg13g2_stdcell/gds/sg13g2_stdcell.gds                         
   Copying output for cell sg13g2_nand3_1 from                                  
$PDKPATH/libs.ref/sg13g2_stdcell/gds/sg13g2_stdcell.gds                         
   Copying output for cell sg13g2_nand3b_1 from                                 
$PDKPATH/libs.ref/sg13g2_stdcell/gds/sg13g2_stdcell.gds                         
   Copying output for cell sg13g2_and3_1 from                                   
$PDKPATH/libs.ref/sg13g2_stdcell/gds/sg13g2_stdcell.gds                         
   Copying output for cell sg13g2_nor2_1 from                                   
$PDKPATH/libs.ref/sg13g2_stdcell/gds/sg13g2_stdcell.gds                         
   Copying output for cell sg13g2_a21o_1 from                                   
$PDKPATH/libs.ref/sg13g2_stdcell/gds/sg13g2_stdcell.gds                         
   Copying output for cell sg13g2_and4_1 from                                   
$PDKPATH/libs.ref/sg13g2_stdcell/gds/sg13g2_stdcell.gds                         
   Copying output for cell sg13g2_nor2b_1 from                                  
$PDKPATH/libs.ref/sg13g2_stdcell/gds/sg13g2_stdcell.gds                         
   Generating output for cell spi_slave                                         
[INFO] GDS Write Complete                                                       
────────────────────────── GDSII Stream Out (KLayout) ──────────────────────────
[22:33:53] VERBOSE  Running 'KLayout.StreamOut' at                  step.py:1138
                    'runs/RUN_2026-08-08_22-27-58/54-klayout-stream             
                    out'…                                                       
[22:33:53] VERBOSE  Logging subprocess to                           step.py:1338
                    'runs/RUN_2026-08-08_22-27-58/54-klayout-stream             
                    out/klayout-streamout.log'…                                 
[INFO] Clearing cells…                                                          
[INFO] Merging GDS files…                                                       
[INFO] Copying top level cell 'spi_slave'…                                      
[INFO] Checking for missing GDS…                                                
[INFO] All LEF cells have matching GDS cells.                                   
[INFO] Writing out GDS                                                          
'/foss/designs/spi-slave-ihp/flow/runs/RUN_2026-08-08_22-27-58/54-klayout-stream
out/spi_slave.klayout.gds'…                                                     
[INFO] Done.                                                                    
────────────────────────── Render Image (w/ KLayout) ───────────────────────────
[22:33:54] VERBOSE  Running 'KLayout.Render' at                     step.py:1138
                    'runs/RUN_2026-08-08_22-27-58/55-klayout-render             
                    '…                                                          
[22:33:54] VERBOSE  Logging subprocess to                           step.py:1338
                    'runs/RUN_2026-08-08_22-27-58/55-klayout-render             
                    /klayout-render.log'…                                       
─────────────────── Magic vs. KLayout XOR Difference Checker ───────────────────
[22:33:56] VERBOSE  Running 'Checker.XOR' at                        step.py:1138
                    'runs/RUN_2026-08-08_22-27-58/56-checker-xor'…              
[22:33:56] WARNING  The XOR differences metric was not found. Are checker.py:133
                    you sure the relevant step was run?                         
───────────────────────────── Seal Ring Generation ─────────────────────────────
[22:33:56] VERBOSE  Running 'KLayout.SealRing' at                   step.py:1138
                    'runs/RUN_2026-08-08_22-27-58/57-klayout-sealri             
                    ng'…                                                        
[22:33:56] VERBOSE  Logging subprocess to                           step.py:1338
                    'runs/RUN_2026-08-08_22-27-58/57-klayout-sealri             
                    ng/klayout-sealring.log'…                                   
Technology SG13_dev is loaded.                                                  
GRID : 0.01                                                                     
GRID inverse : 100.0                                                            
EPSILON1  : 0.001                                                               
EPSILON2  : 1e-9                                                                
Success.                                                                        
Warning: wrong width: using minimum width 150u!!                                
WARNING: wrong length: using minimum length 150u!!                              
Warning: Box.destroy: already destroyed!                                        
Warning: Box.destroy: already destroyed!                                        
Warning: Box.destroy: already destroyed!                                        
Warning: Box.destroy: already destroyed!                                        
Warning: Box.destroy: already destroyed!                                        
Warning: Box.destroy: already destroyed!                                        
Warning: Box.destroy: already destroyed!                                        
Warning: Box.destroy: already destroyed!                                        
Warning: Box.destroy: already destroyed!                                        
Warning: Box.destroy: already destroyed!                                        
Warning: Box.destroy: already destroyed!                                        
Warning: Box.destroy: already destroyed!                                        
Warning: Box.destroy: already destroyed!                                        
Warning: Box.destroy: already destroyed!                                        
Warning: Box.destroy: already destroyed!                                        
Warning: Box.destroy: already destroyed!                                        
Warning: Box.destroy: already destroyed!                                        
Warning: Box.destroy: already destroyed!                                        
fatal: not a git repository (or any of the parent directories): .git            
────────────────────────── Magic Design Rule Checker ───────────────────────────
[22:34:04] VERBOSE  Running 'Checker.MagicDRC' at                   step.py:1138
                    'runs/RUN_2026-08-08_22-27-58/58-checker-magicd             
                    rc'…                                                        
[22:34:04] WARNING  The Magic DRC errors metric was not found.    checker.py:133
                    Are you sure the relevant step was run?                     
───────────────────────── KLayout Design Rule Checker ──────────────────────────
[22:34:04] VERBOSE  Running 'Checker.KLayoutDRC' at                 step.py:1138
                    'runs/RUN_2026-08-08_22-27-58/59-checker-klayou             
                    tdrc'…                                                      
[22:34:04] WARNING  The KLayout DRC errors metric was not found.  checker.py:133
                    Are you sure the relevant step was run?                     
──────────────────────────── SPICE Model Extraction ────────────────────────────
[22:34:04] VERBOSE  Running 'Magic.SpiceExtraction' at              step.py:1138
                    'runs/RUN_2026-08-08_22-27-58/60-magic-spiceext             
                    raction'…                                                   
[22:34:04] VERBOSE  Logging subprocess to                           step.py:1338
                    'runs/RUN_2026-08-08_22-27-58/60-magic-spiceext             
                    raction/magic-spiceextraction.log'…                         
                                                                                
Magic 8.3 revision 678 - Compiled on Mon Jul 27 03:07:22 PM CEST 2026.          
Starting magic under Tcl interpreter                                            
Using the terminal as the console.                                              
WARNING: RLIMIT_NOFILE is above 1024 and Tcl_Version<9 this may cause runtime   
issues [rlim_cur=1048576]                                                       
Using NULL graphics device.                                                     
Processing system .magicrc file                                                 
Switching to WIRING tool.                                                       
Switching to NETLIST tool.                                                      
Switching to PICK tool.                                                         
Switching to BOX tool.                                                          
Sourcing design .magicrc for technology ihp-sg13g2 ...                          
2 Magic internal units = 1 Lambda                                               
Input style sg13g2(): scaleFactor=2, multiplier=2                               
The following types are not handled by extraction and will be treated as        
non-electrical types:                                                           
    pblock sealcont difffill nemitter hvnemitter hvisodiffres sealvia1 sealvia2 
sealvia3 sealvia4 sealvia5 sealvia6 pillar solder seal glass thruvia inductor   
Scaled tech values by 2 / 1 to match internal grid scaling                      
Loading ihp-sg13g2 Device Generator Menu ...                                    
Loading                                                                         
"/usr/local/lib/python3.12/dist-packages/librelane/scripts/magic/wrapper.tcl"   
from command line.                                                              
> lef read /foss/pdks/ihp-sg13g2/libs.ref/sg13g2_stdcell/lef/sg13g2_tech.lef    
Reading LEF data from file                                                      
/foss/pdks/ihp-sg13g2/libs.ref/sg13g2_stdcell/lef/sg13g2_tech.lef.              
This action cannot be undone.                                                   
LEF read, Line 79 (Message): Unknown keyword "MAXIMUMDENSITY" in LEF file;      
ignoring.                                                                       
LEF read, Line 80 (Message): Unknown keyword "DENSITYCHECKSTEP" in LEF file;    
ignoring.                                                                       
LEF read, Line 81 (Message): Unknown keyword "DENSITYCHECKWINDOW" in LEF file;  
ignoring.                                                                       
LEF read, Line 87 (Message): Unknown keyword "MINIMUMCUT" in LEF file; ignoring.
LEF read, Line 91 (Message): Unknown keyword "ANTENNACUMAREARATIO" in LEF file; 
ignoring.                                                                       
LEF read, Line 92 (Message): Unknown keyword "ANTENNACUMDIFFAREARATIO" in LEF   
file; ignoring.                                                                 
LEF read, Line 121 (Message): Unknown keyword "MAXIMUMDENSITY" in LEF file;     
ignoring.                                                                       
LEF read, Line 122 (Message): Unknown keyword "DENSITYCHECKSTEP" in LEF file;   
ignoring.                                                                       
LEF read, Line 123 (Message): Unknown keyword "DENSITYCHECKWINDOW" in LEF file; 
ignoring.                                                                       
LEF read, Line 129 (Message): Unknown keyword "MINIMUMCUT" in LEF file;         
ignoring.                                                                       
LEF read, Line 134 (Message): Unknown keyword "ANTENNACUMAREARATIO" in LEF file;
ignoring.                                                                       
LEF read, Line 135 (Message): Unknown keyword "ANTENNACUMDIFFAREARATIO" in LEF  
file; ignoring.                                                                 
LEF read, Line 162 (Message): Unknown keyword "MAXIMUMDENSITY" in LEF file;     
ignoring.                                                                       
LEF read, Line 163 (Message): Unknown keyword "DENSITYCHECKSTEP" in LEF file;   
ignoring.                                                                       
LEF read, Line 164 (Message): Unknown keyword "DENSITYCHECKWINDOW" in LEF file; 
ignoring.                                                                       
LEF read, Line 170 (Message): Unknown keyword "MINIMUMCUT" in LEF file;         
ignoring.                                                                       
LEF read, Line 175 (Message): Unknown keyword "ANTENNACUMAREARATIO" in LEF file;
ignoring.                                                                       
LEF read, Line 176 (Message): Unknown keyword "ANTENNACUMDIFFAREARATIO" in LEF  
file; ignoring.                                                                 
LEF read, Line 204 (Message): Unknown keyword "MAXIMUMDENSITY" in LEF file;     
ignoring.                                                                       
LEF read, Line 205 (Message): Unknown keyword "DENSITYCHECKSTEP" in LEF file;   
ignoring.                                                                       
LEF read, Line 206 (Message): Unknown keyword "DENSITYCHECKWINDOW" in LEF file; 
ignoring.                                                                       
LEF read, Line 212 (Message): Unknown keyword "MINIMUMCUT" in LEF file;         
ignoring.                                                                       
LEF read, Line 217 (Message): Unknown keyword "ANTENNACUMAREARATIO" in LEF file;
ignoring.                                                                       
LEF read, Line 218 (Message): Unknown keyword "ANTENNACUMDIFFAREARATIO" in LEF  
file; ignoring.                                                                 
LEF read, Line 245 (Message): Unknown keyword "MAXIMUMDENSITY" in LEF file;     
ignoring.                                                                       
LEF read, Line 246 (Message): Unknown keyword "DENSITYCHECKSTEP" in LEF file;   
ignoring.                                                                       
LEF read, Line 247 (Message): Unknown keyword "DENSITYCHECKWINDOW" in LEF file; 
ignoring.                                                                       
LEF read, Line 253 (Message): Unknown keyword "MINIMUMCUT" in LEF file;         
ignoring.                                                                       
LEF read, Line 258 (Message): Unknown keyword "ANTENNACUMAREARATIO" in LEF file;
ignoring.                                                                       
LEF read, Line 259 (Message): Unknown keyword "ANTENNACUMDIFFAREARATIO" in LEF  
file; ignoring.                                                                 
LEF read, Line 285 (Message): Unknown keyword "MAXIMUMDENSITY" in LEF file;     
ignoring.                                                                       
LEF read, Line 286 (Message): Unknown keyword "DENSITYCHECKSTEP" in LEF file;   
ignoring.                                                                       
LEF read, Line 287 (Message): Unknown keyword "DENSITYCHECKWINDOW" in LEF file; 
ignoring.                                                                       
LEF read, Line 292 (Message): Unknown keyword "ANTENNACUMAREARATIO" in LEF file;
ignoring.                                                                       
LEF read, Line 293 (Message): Unknown keyword "ANTENNACUMDIFFAREARATIO" in LEF  
file; ignoring.                                                                 
LEF read, Line 319 (Message): Unknown keyword "MAXIMUMDENSITY" in LEF file;     
ignoring.                                                                       
LEF read, Line 320 (Message): Unknown keyword "DENSITYCHECKSTEP" in LEF file;   
ignoring.                                                                       
LEF read, Line 321 (Message): Unknown keyword "DENSITYCHECKWINDOW" in LEF file; 
ignoring.                                                                       
LEF read, Line 330 (Message): Unknown keyword "ANTENNACUMAREARATIO" in LEF file;
ignoring.                                                                       
LEF read, Line 331 (Message): Unknown keyword "ANTENNACUMDIFFAREARATIO" in LEF  
file; ignoring.                                                                 
LEF read: Processed 1200 lines.                                                 
> lef read /foss/pdks/ihp-sg13g2/libs.ref/sg13g2_stdcell/lef/sg13g2_stdcell.lef 
Reading LEF data from file                                                      
/foss/pdks/ihp-sg13g2/libs.ref/sg13g2_stdcell/lef/sg13g2_stdcell.lef.           
This action cannot be undone.                                                   
LEF read, Line 6473 (Message): Unknown keyword "ANTENNAMAXCUTCAR" in LEF file;  
ignoring.                                                                       
LEF read: Processed 7927 lines.                                                 
> lef read /foss/pdks/ihp-sg13g2/libs.ref/sg13g2_io/lef/sg13g2_io.lef           
Reading LEF data from file                                                      
/foss/pdks/ihp-sg13g2/libs.ref/sg13g2_io/lef/sg13g2_io.lef.                     
This action cannot be undone.                                                   
LEF read: Processed 4552 lines.                                                 
> def read                                                                      
/foss/designs/spi-slave-ihp/flow/runs/RUN_2026-08-08_22-27-58/49-odb-cellfrequen
cytables/spi_slave.def -noblockage                                              
Reading DEF data from file                                                      
/foss/designs/spi-slave-ihp/flow/runs/RUN_2026-08-08_22-27-58/49-odb-cellfrequen
cytables/spi_slave.def.                                                         
This action cannot be undone.                                                   
  Processed 6 vias total.                                                       
  Processed 1666 subcell instances total.                                       
  Processed 32 pins total.                                                      
  Processed 2 special nets total.                                               
  Processed 606 nets total.                                                     
DEF read: Processed 12224 lines.                                                
> spice read                                                                    
/foss/pdks/ihp-sg13g2/libs.ref/sg13g2_stdcell/spice/sg13g2_stdcell.spice        
Annotating port orders from                                                     
/foss/pdks/ihp-sg13g2/libs.ref/sg13g2_stdcell/spice/sg13g2_stdcell.spice        
Annotating cell sg13g2_a21o_1                                                   
Cell sg13g2_a21o_1 port order was modified.                                     
Annotating cell sg13g2_a21o_2                                                   
Cell sg13g2_a21o_2 port order was modified.                                     
Annotating cell sg13g2_a21oi_1                                                  
Cell sg13g2_a21oi_1 port order was modified.                                    
Annotating cell sg13g2_a21oi_2                                                  
Cell sg13g2_a21oi_2 port order was modified.                                    
Annotating cell sg13g2_a221oi_1                                                 
Cell sg13g2_a221oi_1 port order was modified.                                   
Annotating cell sg13g2_and2_1                                                   
Cell sg13g2_and2_1 port order was modified.                                     
Annotating cell sg13g2_and2_2                                                   
Cell sg13g2_and2_2 port order was modified.                                     
Annotating cell sg13g2_and3_1                                                   
Cell sg13g2_and3_1 port order was modified.                                     
Annotating cell sg13g2_and3_2                                                   
Cell sg13g2_and3_2 port order was modified.                                     
Annotating cell sg13g2_and4_1                                                   
Cell sg13g2_and4_1 port order was modified.                                     
Annotating cell sg13g2_and4_2                                                   
Cell sg13g2_and4_2 port order was modified.                                     
Annotating cell sg13g2_antennanp                                                
Cell sg13g2_antennanp port order was modified.                                  
Annotating cell sg13g2_buf_1                                                    
Cell sg13g2_buf_1 port order was modified.                                      
Annotating cell sg13g2_buf_16                                                   
Cell sg13g2_buf_16 port order was modified.                                     
Annotating cell sg13g2_buf_2                                                    
Cell sg13g2_buf_2 port order was modified.                                      
Annotating cell sg13g2_buf_4                                                    
Cell sg13g2_buf_4 port order was modified.                                      
Annotating cell sg13g2_buf_8                                                    
Cell sg13g2_buf_8 port order was modified.                                      
Annotating cell sg13g2_decap_4                                                  
Cell sg13g2_decap_4 port order was modified.                                    
Annotating cell sg13g2_decap_8                                                  
Cell sg13g2_decap_8 port order was modified.                                    
Annotating cell sg13g2_dfrbp_1                                                  
Cell sg13g2_dfrbp_1 port order was modified.                                    
Annotating cell sg13g2_dfrbp_2                                                  
Cell sg13g2_dfrbp_2 port order was modified.                                    
Annotating cell sg13g2_dlhq_1                                                   
Cell sg13g2_dlhq_1 port order was modified.                                     
Annotating cell sg13g2_dlhr_1                                                   
Cell sg13g2_dlhr_1 port order was modified.                                     
Annotating cell sg13g2_dlhrq_1                                                  
Cell sg13g2_dlhrq_1 port order was modified.                                    
Annotating cell sg13g2_dllr_1                                                   
Cell sg13g2_dllr_1 port order was modified.                                     
Annotating cell sg13g2_dllrq_1                                                  
Cell sg13g2_dllrq_1 port order was modified.                                    
Annotating cell sg13g2_dlygate4sd1_1                                            
Cell sg13g2_dlygate4sd1_1 port order was modified.                              
Annotating cell sg13g2_dlygate4sd2_1                                            
Cell sg13g2_dlygate4sd2_1 port order was modified.                              
Annotating cell sg13g2_dlygate4sd3_1                                            
Cell sg13g2_dlygate4sd3_1 port order was modified.                              
Annotating cell sg13g2_ebufn_2                                                  
Cell sg13g2_ebufn_2 port order was modified.                                    
Annotating cell sg13g2_ebufn_4                                                  
Cell sg13g2_ebufn_4 port order was modified.                                    
Annotating cell sg13g2_ebufn_8                                                  
Cell sg13g2_ebufn_8 port order was modified.                                    
Annotating cell sg13g2_einvn_2                                                  
Cell sg13g2_einvn_2 port order was modified.                                    
Annotating cell sg13g2_einvn_4                                                  
Cell sg13g2_einvn_4 port order was modified.                                    
Annotating cell sg13g2_einvn_8                                                  
Cell sg13g2_einvn_8 port order was modified.                                    
Annotating cell sg13g2_inv_1                                                    
Cell sg13g2_inv_1 port order was modified.                                      
Annotating cell sg13g2_inv_16                                                   
Cell sg13g2_inv_16 port order was modified.                                     
Annotating cell sg13g2_inv_2                                                    
Cell sg13g2_inv_2 port order was modified.                                      
Annotating cell sg13g2_inv_4                                                    
Cell sg13g2_inv_4 port order was modified.                                      
Annotating cell sg13g2_inv_8                                                    
Cell sg13g2_inv_8 port order was modified.                                      
Annotating cell sg13g2_lgcp_1                                                   
Cell sg13g2_lgcp_1 port order was modified.                                     
Annotating cell sg13g2_mux2_1                                                   
Cell sg13g2_mux2_1 port order was modified.                                     
Annotating cell sg13g2_mux2_2                                                   
Cell sg13g2_mux2_2 port order was modified.                                     
Annotating cell sg13g2_mux4_1                                                   
Cell sg13g2_mux4_1 port order was modified.                                     
Annotating cell sg13g2_nand2_1                                                  
Cell sg13g2_nand2_1 port order was modified.                                    
Annotating cell sg13g2_nand2_2                                                  
Cell sg13g2_nand2_2 port order was modified.                                    
Annotating cell sg13g2_nand2b_1                                                 
Cell sg13g2_nand2b_1 port order was modified.                                   
Annotating cell sg13g2_nand2b_2                                                 
Cell sg13g2_nand2b_2 port order was modified.                                   
Annotating cell sg13g2_nand3_1                                                  
Cell sg13g2_nand3_1 port order was modified.                                    
Annotating cell sg13g2_nand3b_1                                                 
Cell sg13g2_nand3b_1 port order was modified.                                   
Annotating cell sg13g2_nand4_1                                                  
Cell sg13g2_nand4_1 port order was modified.                                    
Annotating cell sg13g2_nor2_1                                                   
Cell sg13g2_nor2_1 port order was modified.                                     
Annotating cell sg13g2_nor2_2                                                   
Cell sg13g2_nor2_2 port order was modified.                                     
Annotating cell sg13g2_nor2b_1                                                  
Cell sg13g2_nor2b_1 port order was modified.                                    
Annotating cell sg13g2_nor2b_2                                                  
Cell sg13g2_nor2b_2 port order was modified.                                    
Annotating cell sg13g2_nor3_1                                                   
Cell sg13g2_nor3_1 port order was modified.                                     
Annotating cell sg13g2_nor3_2                                                   
Cell sg13g2_nor3_2 port order was modified.                                     
Annotating cell sg13g2_nor4_1                                                   
Cell sg13g2_nor4_1 port order was modified.                                     
Annotating cell sg13g2_nor4_2                                                   
Cell sg13g2_nor4_2 port order was modified.                                     
Annotating cell sg13g2_o21ai_1                                                  
Cell sg13g2_o21ai_1 port order was modified.                                    
Annotating cell sg13g2_or2_1                                                    
Cell sg13g2_or2_1 port order was modified.                                      
Annotating cell sg13g2_or2_2                                                    
Cell sg13g2_or2_2 port order was modified.                                      
Annotating cell sg13g2_or3_1                                                    
Cell sg13g2_or3_1 port order was modified.                                      
Annotating cell sg13g2_or3_2                                                    
Cell sg13g2_or3_2 port order was modified.                                      
Annotating cell sg13g2_or4_1                                                    
Cell sg13g2_or4_1 port order was modified.                                      
Annotating cell sg13g2_or4_2                                                    
Cell sg13g2_or4_2 port order was modified.                                      
Annotating cell sg13g2_sdfbbp_1                                                 
Cell sg13g2_sdfbbp_1 port order was modified.                                   
Annotating cell sg13g2_sighold                                                  
Cell sg13g2_sighold port order was modified.                                    
Annotating cell sg13g2_slgcp_1                                                  
Cell sg13g2_slgcp_1 port order was modified.                                    
Annotating cell sg13g2_tiehi                                                    
Cell sg13g2_tiehi port order was modified.                                      
Annotating cell sg13g2_tielo                                                    
Cell sg13g2_tielo port order was modified.                                      
Annotating cell sg13g2_xnor2_1                                                  
Cell sg13g2_xnor2_1 port order was modified.                                    
Annotating cell sg13g2_xor2_1                                                   
Cell sg13g2_xor2_1 port order was modified.                                     
Annotating cell sg13g2_a22oi_1                                                  
Cell sg13g2_a22oi_1 port order was modified.                                    
Annotating cell sg13g2_sdfrbpq_1                                                
Cell sg13g2_sdfrbpq_1 port order was modified.                                  
Annotating cell sg13g2_sdfrbpq_2                                                
Cell sg13g2_sdfrbpq_2 port order was modified.                                  
Annotating cell sg13g2_sdfrbp_2                                                 
Cell sg13g2_sdfrbp_2 port order was modified.                                   
Annotating cell sg13g2_sdfrbp_1                                                 
Cell sg13g2_sdfrbp_1 port order was modified.                                   
Annotating cell sg13g2_dfrbpq_2                                                 
Cell sg13g2_dfrbpq_2 port order was modified.                                   
Annotating cell sg13g2_dfrbpq_1                                                 
Cell sg13g2_dfrbpq_1 port order was modified.                                   
Annotating cell sg13g2_fill_1                                                   
Cell sg13g2_fill_1 port order was modified.                                     
Annotating cell sg13g2_fill_2                                                   
Cell sg13g2_fill_2 port order was modified.                                     
Annotating cell sg13g2_fill_4                                                   
Cell sg13g2_fill_4 port order was modified.                                     
Annotating cell sg13g2_fill_8                                                   
Cell sg13g2_fill_8 port order was modified.                                     
Warning:  Extract option "do unique" disabled because "extract unique" was run. 
Processing spi_slave                                                            
Extracting sg13g2_tielo into sg13g2_tielo.ext:                                  
Extracting sg13g2_buf_1 into sg13g2_buf_1.ext:                                  
Extracting sg13g2_dfrbpq_1 into sg13g2_dfrbpq_1.ext:                            
Extracting sg13g2_mux2_1 into sg13g2_mux2_1.ext:                                
Extracting sg13g2_o21ai_1 into sg13g2_o21ai_1.ext:                              
Extracting sg13g2_nand2_1 into sg13g2_nand2_1.ext:                              
Extracting sg13g2_a21o_1 into sg13g2_a21o_1.ext:                                
Extracting sg13g2_nor2_1 into sg13g2_nor2_1.ext:                                
Extracting sg13g2_nand2b_1 into sg13g2_nand2b_1.ext:                            
Extracting sg13g2_nand3_1 into sg13g2_nand3_1.ext:                              
Extracting sg13g2_or2_1 into sg13g2_or2_1.ext:                                  
Extracting sg13g2_nor4_1 into sg13g2_nor4_1.ext:                                
Extracting sg13g2_nand4_1 into sg13g2_nand4_1.ext:                              
Extracting sg13g2_nor3_1 into sg13g2_nor3_1.ext:                                
Extracting sg13g2_a22oi_1 into sg13g2_a22oi_1.ext:                              
Extracting sg13g2_a21oi_1 into sg13g2_a21oi_1.ext:                              
Extracting sg13g2_nor2b_1 into sg13g2_nor2b_1.ext:                              
Extracting sg13g2_and2_1 into sg13g2_and2_1.ext:                                
Extracting sg13g2_a221oi_1 into sg13g2_a221oi_1.ext:                            
Extracting sg13g2_and3_1 into sg13g2_and3_1.ext:                                
Extracting sg13g2_and4_1 into sg13g2_and4_1.ext:                                
Extracting sg13g2_nand3b_1 into sg13g2_nand3b_1.ext:                            
Extracting sg13g2_inv_1 into sg13g2_inv_1.ext:                                  
Extracting sg13g2_or4_1 into sg13g2_or4_1.ext:                                  
Extracting sg13g2_decap_4 into sg13g2_decap_4.ext:                              
Extracting sg13g2_decap_8 into sg13g2_decap_8.ext:                              
Extracting sg13g2_fill_1 into sg13g2_fill_1.ext:                                
Extracting sg13g2_fill_2 into sg13g2_fill_2.ext:                                
Extracting spi_slave into spi_slave.ext:                                        
exttospice finished.                                                            
────────────────────────────────── Netgen LVS ──────────────────────────────────
[22:34:08] VERBOSE  Running 'Netgen.LVS' at                         step.py:1138
                    'runs/RUN_2026-08-08_22-27-58/61-netgen-lvs'…               
[22:34:08] VERBOSE  Logging subprocess to                           step.py:1338
                    'runs/RUN_2026-08-08_22-27-58/61-netgen-lvs/net             
                    gen-lvs.log'…                                               
Netgen 1.5.323 compiled on Mon Jul 27 09:16:59 AM CEST 2026                     
Warning: netgen command 'format' use fully-qualified name '::netgen::format'    
Warning: netgen command 'global' use fully-qualified name '::netgen::global'    
Warning:  A case-insensitive file has been read and so the      verilog file    
must be treated case-insensitive to match.                                      
Reading SPICE netlist file                                                      
'/foss/pdks/ihp-sg13g2/libs.ref/sg13g2_stdcell/spice/sg13g2_stdcell.spice'...   
Call to undefined subcircuit sg13_lv_nmos                                       
Creating placeholder cell definition.                                           
Call to undefined subcircuit sg13_lv_pmos                                       
Creating placeholder cell definition.                                           
Call to undefined subcircuit dantenna                                           
Creating placeholder cell definition.                                           
Call to undefined subcircuit dpantenna                                          
Creating placeholder cell definition.                                           
Reading SPICE netlist file                                                      
'/foss/pdks/ihp-sg13g2/libs.ref/sg13g2_io/spice/sg13g2_io.spi'...               
Call to undefined subcircuit ptap1                                              
Creating placeholder cell definition.                                           
Call to undefined subcircuit sg13_hv_nmos                                       
Creating placeholder cell definition.                                           
Call to undefined subcircuit rppd                                               
Creating placeholder cell definition.                                           
Call to undefined subcircuit sg13_hv_pmos                                       
Creating placeholder cell definition.                                           
Reading Verilog netlist file                                                    
'/foss/designs/spi-slave-ihp/flow/runs/RUN_2026-08-08_22-27-58/48-openroad-filli
nsertion/spi_slave.pnl.v'...                                                    
Warning:  A case-insensitive file has been read and so the      verilog file    
must be treated case-insensitive to match.                                      
Treating empty subcircuits as black-box cells                                   
Generating JSON file result                                                     
                                                                                
Reading setup file                                                              
/usr/local/lib/python3.12/dist-packages/librelane/scripts/netgen/setup.tcl      
                                                                                
Model ptap1 pin 1 == 2                                                          
No property w found for device ptap1                                            
No property l found for device ptap1                                            
No property l found for device ptap1                                            
No property w found for device ptap1                                            
No property l found for device ptap1                                            
No property w found for device ptap1                                            
No property b found for device ptap1                                            
Model rppd pin 1 == 2                                                           
No property b found for device rppd                                             
Model sg13_hv_nmos pin 1 == 3                                                   
No property trise found for device sg13_hv_nmos                                 
No property z1 found for device sg13_hv_nmos                                    
No property z2 found for device sg13_hv_nmos                                    
No property wmin found for device sg13_hv_nmos                                  
No property rfmode found for device sg13_hv_nmos                                
No property pre_layout found for device sg13_hv_nmos                            
Model sg13_hv_pmos pin 1 == 3                                                   
No property trise found for device sg13_hv_pmos                                 
No property z1 found for device sg13_hv_pmos                                    
No property z2 found for device sg13_hv_pmos                                    
No property wmin found for device sg13_hv_pmos                                  
No property rfmode found for device sg13_hv_pmos                                
No property pre_layout found for device sg13_hv_pmos                            
Model sg13_lv_nmos pin 1 == 3                                                   
No property trise found for device sg13_lv_nmos                                 
No property z1 found for device sg13_lv_nmos                                    
No property z2 found for device sg13_lv_nmos                                    
No property wmin found for device sg13_lv_nmos                                  
No property rfmode found for device sg13_lv_nmos                                
No property pre_layout found for device sg13_lv_nmos                            
Model sg13_lv_pmos pin 1 == 3                                                   
No property trise found for device sg13_lv_pmos                                 
No property z1 found for device sg13_lv_pmos                                    
No property z2 found for device sg13_lv_pmos                                    
No property wmin found for device sg13_lv_pmos                                  
No property rfmode found for device sg13_lv_pmos                                
No property pre_layout found for device sg13_lv_pmos                            
No property DEV_A found for device dantenna                                     
No property DEV_P found for device dantenna                                     
No property DEV_C found for device dantenna                                     
No property DEV_A found for device dpantenna                                    
No property DEV_P found for device dpantenna                                    
No property DEV_C found for device dpantenna                                    
Comparison output logged to file                                                
/foss/designs/spi-slave-ihp/flow/runs/RUN_2026-08-08_22-27-58/61-netgen-lvs/repo
rts/lvs.netgen.rpt                                                              
Logging to file                                                                 
"/foss/designs/spi-slave-ihp/flow/runs/RUN_2026-08-08_22-27-58/61-netgen-lvs/rep
orts/lvs.netgen.rpt" enabled                                                    
                                                                                
Contents of circuit 1:  Circuit: 'sg13g2_decap_8'                               
Circuit sg13g2_decap_8 contains 0 device instances.                             
Circuit contains 0 nets, and 2 disconnected pins.                               
Contents of circuit 2:  Circuit: 'sg13g2_decap_8'                               
Circuit sg13g2_decap_8 contains 2 device instances.                             
  Class: sg13_lv_pmos          instances:   1                                   
  Class: sg13_lv_nmos          instances:   1                                   
Circuit contains 2 nets.                                                        
                                                                                
Circuit sg13g2_decap_8 contains no devices.                                     
                                                                                
Contents of circuit 1:  Circuit: 'sg13g2_nor2b_1'                               
Circuit sg13g2_nor2b_1 contains 0 device instances.                             
Circuit contains 0 nets, and 5 disconnected pins.                               
Contents of circuit 2:  Circuit: 'sg13g2_nor2b_1'                               
Circuit sg13g2_nor2b_1 contains 6 device instances.                             
  Class: sg13_lv_pmos          instances:   3                                   
  Class: sg13_lv_nmos          instances:   3                                   
Circuit contains 7 nets.                                                        
                                                                                
Circuit sg13g2_nor2b_1 contains no devices.                                     
                                                                                
Contents of circuit 1:  Circuit: 'sg13g2_o21ai_1'                               
Circuit sg13g2_o21ai_1 contains 0 device instances.                             
Circuit contains 0 nets, and 6 disconnected pins.                               
Contents of circuit 2:  Circuit: 'sg13g2_o21ai_1'                               
Circuit sg13g2_o21ai_1 contains 6 device instances.                             
  Class: sg13_lv_pmos          instances:   3                                   
  Class: sg13_lv_nmos          instances:   3                                   
Circuit contains 8 nets.                                                        
                                                                                
Circuit sg13g2_o21ai_1 contains no devices.                                     
                                                                                
Contents of circuit 1:  Circuit: 'sg13g2_decap_4'                               
Circuit sg13g2_decap_4 contains 0 device instances.                             
Circuit contains 0 nets, and 2 disconnected pins.                               
Contents of circuit 2:  Circuit: 'sg13g2_decap_4'                               
Circuit sg13g2_decap_4 contains 2 device instances.                             
  Class: sg13_lv_pmos          instances:   1                                   
  Class: sg13_lv_nmos          instances:   1                                   
Circuit contains 2 nets.                                                        
                                                                                
Circuit sg13g2_decap_4 contains no devices.                                     
                                                                                
Contents of circuit 1:  Circuit: 'sg13g2_fill_2'                                
Circuit sg13g2_fill_2 contains 0 device instances.                              
Circuit contains 0 nets, and 2 disconnected pins.                               
Contents of circuit 2:  Circuit: 'sg13g2_fill_2'                                
Circuit sg13g2_fill_2 contains 0 device instances.                              
Circuit contains 0 nets, and 2 disconnected pins.                               
                                                                                
Circuit sg13g2_fill_2 contains no devices.                                      
                                                                                
Contents of circuit 1:  Circuit: 'sg13g2_inv_1'                                 
Circuit sg13g2_inv_1 contains 0 device instances.                               
Circuit contains 0 nets, and 4 disconnected pins.                               
Contents of circuit 2:  Circuit: 'sg13g2_inv_1'                                 
Circuit sg13g2_inv_1 contains 2 device instances.                               
  Class: sg13_lv_pmos          instances:   1                                   
  Class: sg13_lv_nmos          instances:   1                                   
Circuit contains 4 nets.                                                        
                                                                                
Circuit sg13g2_inv_1 contains no devices.                                       
                                                                                
Contents of circuit 1:  Circuit: 'sg13g2_dfrbpq_1'                              
Circuit sg13g2_dfrbpq_1 contains 0 device instances.                            
Circuit contains 0 nets, and 6 disconnected pins.                               
Contents of circuit 2:  Circuit: 'sg13g2_dfrbpq_1'                              
Circuit sg13g2_dfrbpq_1 contains 32 device instances.                           
  Class: sg13_lv_pmos          instances:  16                                   
  Class: sg13_lv_nmos          instances:  16                                   
Circuit contains 21 nets.                                                       
                                                                                
Circuit sg13g2_dfrbpq_1 contains no devices.                                    
                                                                                
Contents of circuit 1:  Circuit: 'sg13g2_fill_1'                                
Circuit sg13g2_fill_1 contains 0 device instances.                              
Circuit contains 0 nets, and 2 disconnected pins.                               
Contents of circuit 2:  Circuit: 'sg13g2_fill_1'                                
Circuit sg13g2_fill_1 contains 0 device instances.                              
Circuit contains 0 nets, and 2 disconnected pins.                               
                                                                                
Circuit sg13g2_fill_1 contains no devices.                                      
                                                                                
Contents of circuit 1:  Circuit: 'sg13g2_a21oi_1'                               
Circuit sg13g2_a21oi_1 contains 0 device instances.                             
Circuit contains 0 nets, and 6 disconnected pins.                               
Contents of circuit 2:  Circuit: 'sg13g2_a21oi_1'                               
Circuit sg13g2_a21oi_1 contains 6 device instances.                             
  Class: sg13_lv_pmos          instances:   3                                   
  Class: sg13_lv_nmos          instances:   3                                   
Circuit contains 8 nets.                                                        
                                                                                
Circuit sg13g2_a21oi_1 contains no devices.                                     
                                                                                
Contents of circuit 1:  Circuit: 'sg13g2_and2_1'                                
Circuit sg13g2_and2_1 contains 0 device instances.                              
Circuit contains 0 nets, and 5 disconnected pins.                               
Contents of circuit 2:  Circuit: 'sg13g2_and2_1'                                
Circuit sg13g2_and2_1 contains 6 device instances.                              
  Class: sg13_lv_pmos          instances:   3                                   
  Class: sg13_lv_nmos          instances:   3                                   
Circuit contains 7 nets.                                                        
                                                                                
Circuit sg13g2_and2_1 contains no devices.                                      
                                                                                
Contents of circuit 1:  Circuit: 'sg13g2_mux2_1'                                
Circuit sg13g2_mux2_1 contains 0 device instances.                              
Circuit contains 0 nets, and 6 disconnected pins.                               
Contents of circuit 2:  Circuit: 'sg13g2_mux2_1'                                
Circuit sg13g2_mux2_1 contains 12 device instances.                             
  Class: sg13_lv_pmos          instances:   6                                   
  Class: sg13_lv_nmos          instances:   6                                   
Circuit contains 12 nets.                                                       
                                                                                
Circuit sg13g2_mux2_1 contains no devices.                                      
                                                                                
Contents of circuit 1:  Circuit: 'sg13g2_buf_1'                                 
Circuit sg13g2_buf_1 contains 0 device instances.                               
Circuit contains 0 nets, and 4 disconnected pins.                               
Contents of circuit 2:  Circuit: 'sg13g2_buf_1'                                 
Circuit sg13g2_buf_1 contains 4 device instances.                               
  Class: sg13_lv_pmos          instances:   2                                   
  Class: sg13_lv_nmos          instances:   2                                   
Circuit contains 5 nets.                                                        
                                                                                
Circuit sg13g2_buf_1 contains no devices.                                       
                                                                                
Contents of circuit 1:  Circuit: 'sg13g2_nand3_1'                               
Circuit sg13g2_nand3_1 contains 0 device instances.                             
Circuit contains 0 nets, and 6 disconnected pins.                               
Contents of circuit 2:  Circuit: 'sg13g2_nand3_1'                               
Circuit sg13g2_nand3_1 contains 6 device instances.                             
  Class: sg13_lv_pmos          instances:   3                                   
  Class: sg13_lv_nmos          instances:   3                                   
Circuit contains 8 nets.                                                        
                                                                                
Circuit sg13g2_nand3_1 contains no devices.                                     
                                                                                
Contents of circuit 1:  Circuit: 'sg13g2_a221oi_1'                              
Circuit sg13g2_a221oi_1 contains 0 device instances.                            
Circuit contains 0 nets, and 8 disconnected pins.                               
Contents of circuit 2:  Circuit: 'sg13g2_a221oi_1'                              
Circuit sg13g2_a221oi_1 contains 10 device instances.                           
  Class: sg13_lv_pmos          instances:   5                                   
  Class: sg13_lv_nmos          instances:   5                                   
Circuit contains 12 nets.                                                       
                                                                                
Circuit sg13g2_a221oi_1 contains no devices.                                    
                                                                                
Contents of circuit 1:  Circuit: 'sg13g2_nor2_1'                                
Circuit sg13g2_nor2_1 contains 0 device instances.                              
Circuit contains 0 nets, and 5 disconnected pins.                               
Contents of circuit 2:  Circuit: 'sg13g2_nor2_1'                                
Circuit sg13g2_nor2_1 contains 4 device instances.                              
  Class: sg13_lv_pmos          instances:   2                                   
  Class: sg13_lv_nmos          instances:   2                                   
Circuit contains 6 nets.                                                        
                                                                                
Circuit sg13g2_nor2_1 contains no devices.                                      
                                                                                
Contents of circuit 1:  Circuit: 'sg13g2_nand4_1'                               
Circuit sg13g2_nand4_1 contains 0 device instances.                             
Circuit contains 0 nets, and 7 disconnected pins.                               
Contents of circuit 2:  Circuit: 'sg13g2_nand4_1'                               
Circuit sg13g2_nand4_1 contains 8 device instances.                             
  Class: sg13_lv_pmos          instances:   4                                   
  Class: sg13_lv_nmos          instances:   4                                   
Circuit contains 10 nets.                                                       
                                                                                
Circuit sg13g2_nand4_1 contains no devices.                                     
                                                                                
Contents of circuit 1:  Circuit: 'sg13g2_nand2_1'                               
Circuit sg13g2_nand2_1 contains 0 device instances.                             
Circuit contains 0 nets, and 5 disconnected pins.                               
Contents of circuit 2:  Circuit: 'sg13g2_nand2_1'                               
Circuit sg13g2_nand2_1 contains 4 device instances.                             
  Class: sg13_lv_pmos          instances:   2                                   
  Class: sg13_lv_nmos          instances:   2                                   
Circuit contains 6 nets.                                                        
                                                                                
Circuit sg13g2_nand2_1 contains no devices.                                     
                                                                                
Contents of circuit 1:  Circuit: 'sg13g2_a22oi_1'                               
Circuit sg13g2_a22oi_1 contains 0 device instances.                             
Circuit contains 0 nets, and 7 disconnected pins.                               
Contents of circuit 2:  Circuit: 'sg13g2_a22oi_1'                               
Circuit sg13g2_a22oi_1 contains 8 device instances.                             
  Class: sg13_lv_pmos          instances:   4                                   
  Class: sg13_lv_nmos          instances:   4                                   
Circuit contains 10 nets.                                                       
                                                                                
Circuit sg13g2_a22oi_1 contains no devices.                                     
                                                                                
Contents of circuit 1:  Circuit: 'sg13g2_or2_1'                                 
Circuit sg13g2_or2_1 contains 0 device instances.                               
Circuit contains 0 nets, and 5 disconnected pins.                               
Contents of circuit 2:  Circuit: 'sg13g2_or2_1'                                 
Circuit sg13g2_or2_1 contains 6 device instances.                               
  Class: sg13_lv_pmos          instances:   3                                   
  Class: sg13_lv_nmos          instances:   3                                   
Circuit contains 7 nets.                                                        
                                                                                
Circuit sg13g2_or2_1 contains no devices.                                       
                                                                                
Contents of circuit 1:  Circuit: 'sg13g2_nand2b_1'                              
Circuit sg13g2_nand2b_1 contains 0 device instances.                            
Circuit contains 0 nets, and 5 disconnected pins.                               
Contents of circuit 2:  Circuit: 'sg13g2_nand2b_1'                              
Circuit sg13g2_nand2b_1 contains 6 device instances.                            
  Class: sg13_lv_pmos          instances:   3                                   
  Class: sg13_lv_nmos          instances:   3                                   
Circuit contains 7 nets.                                                        
                                                                                
Circuit sg13g2_nand2b_1 contains no devices.                                    
                                                                                
Contents of circuit 1:  Circuit: 'sg13g2_nor4_1'                                
Circuit sg13g2_nor4_1 contains 0 device instances.                              
Circuit contains 0 nets, and 7 disconnected pins.                               
Contents of circuit 2:  Circuit: 'sg13g2_nor4_1'                                
Circuit sg13g2_nor4_1 contains 8 device instances.                              
  Class: sg13_lv_pmos          instances:   4                                   
  Class: sg13_lv_nmos          instances:   4                                   
Circuit contains 10 nets.                                                       
                                                                                
Circuit sg13g2_nor4_1 contains no devices.                                      
                                                                                
Contents of circuit 1:  Circuit: 'sg13g2_nor3_1'                                
Circuit sg13g2_nor3_1 contains 0 device instances.                              
Circuit contains 0 nets, and 6 disconnected pins.                               
Contents of circuit 2:  Circuit: 'sg13g2_nor3_1'                                
Circuit sg13g2_nor3_1 contains 6 device instances.                              
  Class: sg13_lv_pmos          instances:   3                                   
  Class: sg13_lv_nmos          instances:   3                                   
Circuit contains 8 nets.                                                        
                                                                                
Circuit sg13g2_nor3_1 contains no devices.                                      
                                                                                
Contents of circuit 1:  Circuit: 'sg13g2_and3_1'                                
Circuit sg13g2_and3_1 contains 0 device instances.                              
Circuit contains 0 nets, and 6 disconnected pins.                               
Contents of circuit 2:  Circuit: 'sg13g2_and3_1'                                
Circuit sg13g2_and3_1 contains 8 device instances.                              
  Class: sg13_lv_pmos          instances:   4                                   
  Class: sg13_lv_nmos          instances:   4                                   
Circuit contains 9 nets.                                                        
                                                                                
Circuit sg13g2_and3_1 contains no devices.                                      
                                                                                
Contents of circuit 1:  Circuit: 'sg13g2_a21o_1'                                
Circuit sg13g2_a21o_1 contains 0 device instances.                              
Circuit contains 0 nets, and 6 disconnected pins.                               
Contents of circuit 2:  Circuit: 'sg13g2_a21o_1'                                
Circuit sg13g2_a21o_1 contains 8 device instances.                              
  Class: sg13_lv_pmos          instances:   4                                   
  Class: sg13_lv_nmos          instances:   4                                   
Circuit contains 9 nets.                                                        
                                                                                
Circuit sg13g2_a21o_1 contains no devices.                                      
                                                                                
Contents of circuit 1:  Circuit: 'sg13g2_nand3b_1'                              
Circuit sg13g2_nand3b_1 contains 0 device instances.                            
Circuit contains 0 nets, and 6 disconnected pins.                               
Contents of circuit 2:  Circuit: 'sg13g2_nand3b_1'                              
Circuit sg13g2_nand3b_1 contains 8 device instances.                            
  Class: sg13_lv_pmos          instances:   4                                   
  Class: sg13_lv_nmos          instances:   4                                   
Circuit contains 9 nets.                                                        
                                                                                
Circuit sg13g2_nand3b_1 contains no devices.                                    
                                                                                
Contents of circuit 1:  Circuit: 'sg13g2_tielo'                                 
Circuit sg13g2_tielo contains 0 device instances.                               
Circuit contains 0 nets, and 3 disconnected pins.                               
Contents of circuit 2:  Circuit: 'sg13g2_tielo'                                 
Circuit sg13g2_tielo contains 4 device instances.                               
  Class: sg13_lv_pmos          instances:   2                                   
  Class: sg13_lv_nmos          instances:   2                                   
Circuit contains 6 nets.                                                        
                                                                                
Circuit sg13g2_tielo contains no devices.                                       
                                                                                
Contents of circuit 1:  Circuit: 'sg13g2_and4_1'                                
Circuit sg13g2_and4_1 contains 0 device instances.                              
Circuit contains 0 nets, and 7 disconnected pins.                               
Contents of circuit 2:  Circuit: 'sg13g2_and4_1'                                
Circuit sg13g2_and4_1 contains 10 device instances.                             
  Class: sg13_lv_pmos          instances:   5                                   
  Class: sg13_lv_nmos          instances:   5                                   
Circuit contains 11 nets.                                                       
                                                                                
Circuit sg13g2_and4_1 contains no devices.                                      
                                                                                
Contents of circuit 1:  Circuit: 'sg13g2_or4_1'                                 
Circuit sg13g2_or4_1 contains 0 device instances.                               
Circuit contains 0 nets, and 7 disconnected pins.                               
Contents of circuit 2:  Circuit: 'sg13g2_or4_1'                                 
Circuit sg13g2_or4_1 contains 10 device instances.                              
  Class: sg13_lv_pmos          instances:   5                                   
  Class: sg13_lv_nmos          instances:   5                                   
Circuit contains 11 nets.                                                       
                                                                                
Circuit sg13g2_or4_1 contains no devices.                                       
                                                                                
Contents of circuit 1:  Circuit: 'spi_slave'                                    
Circuit spi_slave contains 1666 device instances.                               
  Class: sg13g2_inv_1          instances:  29                                   
  Class: sg13g2_or4_1          instances:   1                                   
  Class: sg13g2_nand3b_1       instances:   2                                   
  Class: sg13g2_a221oi_1       instances:  13                                   
  Class: sg13g2_and4_1         instances:   2                                   
  Class: sg13g2_decap_8        instances: 619                                   
  Class: sg13g2_and2_1         instances:  19                                   
  Class: sg13g2_nand2_1        instances:  49                                   
  Class: sg13g2_fill_2         instances: 159                                   
  Class: sg13g2_a21oi_1        instances:  30                                   
  Class: sg13g2_nor2b_1        instances:   9                                   
  Class: sg13g2_nand2b_1       instances:  10                                   
  Class: sg13g2_and3_1         instances:   9                                   
  Class: sg13g2_dfrbpq_1       instances: 135                                   
  Class: sg13g2_nor3_1         instances:  10                                   
  Class: sg13g2_a21o_1         instances:   7                                   
  Class: sg13g2_or2_1          instances:   4                                   
  Class: sg13g2_nor4_1         instances:   3                                   
  Class: sg13g2_tielo          instances:   3                                   
  Class: sg13g2_buf_1          instances:  81                                   
  Class: sg13g2_decap_4        instances: 129                                   
  Class: sg13g2_a22oi_1        instances:  50                                   
  Class: sg13g2_o21ai_1        instances:  25                                   
  Class: sg13g2_nand3_1        instances:   4                                   
  Class: sg13g2_mux2_1         instances:  70                                   
  Class: sg13g2_nand4_1        instances:   8                                   
  Class: sg13g2_nor2_1         instances:  20                                   
  Class: sg13g2_fill_1         instances: 166                                   
Circuit contains 608 nets.                                                      
Contents of circuit 2:  Circuit: 'spi_slave'                                    
Circuit spi_slave contains 1666 device instances.                               
  Class: sg13g2_inv_1          instances:  29                                   
  Class: sg13g2_or4_1          instances:   1                                   
  Class: sg13g2_nand3b_1       instances:   2                                   
  Class: sg13g2_a221oi_1       instances:  13                                   
  Class: sg13g2_and4_1         instances:   2                                   
  Class: sg13g2_decap_8        instances: 619                                   
  Class: sg13g2_and2_1         instances:  19                                   
  Class: sg13g2_nand2_1        instances:  49                                   
  Class: sg13g2_fill_2         instances: 159                                   
  Class: sg13g2_a21oi_1        instances:  30                                   
  Class: sg13g2_nor2b_1        instances:   9                                   
  Class: sg13g2_nand2b_1       instances:  10                                   
  Class: sg13g2_and3_1         instances:   9                                   
  Class: sg13g2_dfrbpq_1       instances: 135                                   
  Class: sg13g2_nor3_1         instances:  10                                   
  Class: sg13g2_a21o_1         instances:   7                                   
  Class: sg13g2_or2_1          instances:   4                                   
  Class: sg13g2_nor4_1         instances:   3                                   
  Class: sg13g2_tielo          instances:   3                                   
  Class: sg13g2_buf_1          instances:  81                                   
  Class: sg13g2_decap_4        instances: 129                                   
  Class: sg13g2_a22oi_1        instances:  50                                   
  Class: sg13g2_o21ai_1        instances:  25                                   
  Class: sg13g2_nand3_1        instances:   4                                   
  Class: sg13g2_mux2_1         instances:  70                                   
  Class: sg13g2_nand4_1        instances:   8                                   
  Class: sg13g2_nor2_1         instances:  20                                   
  Class: sg13g2_fill_1         instances: 166                                   
Circuit contains 608 nets.                                                      
                                                                                
Circuit was modified by parallel/series device merging.                         
New circuit summary:                                                            
                                                                                
Contents of circuit 1:  Circuit: 'spi_slave'                                    
Circuit spi_slave contains 597 device instances.                                
  Class: sg13g2_inv_1          instances:  29                                   
  Class: sg13g2_or4_1          instances:   1                                   
  Class: sg13g2_nand3b_1       instances:   2                                   
  Class: sg13g2_a221oi_1       instances:  13                                   
  Class: sg13g2_and4_1         instances:   2                                   
  Class: sg13g2_decap_8        instances:   1                                   
  Class: sg13g2_and2_1         instances:  19                                   
  Class: sg13g2_nand2_1        instances:  49                                   
  Class: sg13g2_fill_2         instances:   1                                   
  Class: sg13g2_a21oi_1        instances:  30                                   
  Class: sg13g2_nor2b_1        instances:   9                                   
  Class: sg13g2_nand2b_1       instances:  10                                   
  Class: sg13g2_and3_1         instances:   9                                   
  Class: sg13g2_dfrbpq_1       instances: 135                                   
  Class: sg13g2_nor3_1         instances:  10                                   
  Class: sg13g2_a21o_1         instances:   7                                   
  Class: sg13g2_or2_1          instances:   4                                   
  Class: sg13g2_nor4_1         instances:   3                                   
  Class: sg13g2_tielo          instances:   3                                   
  Class: sg13g2_buf_1          instances:  81                                   
  Class: sg13g2_decap_4        instances:   1                                   
  Class: sg13g2_a22oi_1        instances:  50                                   
  Class: sg13g2_o21ai_1        instances:  25                                   
  Class: sg13g2_nand3_1        instances:   4                                   
  Class: sg13g2_mux2_1         instances:  70                                   
  Class: sg13g2_nand4_1        instances:   8                                   
  Class: sg13g2_nor2_1         instances:  20                                   
  Class: sg13g2_fill_1         instances:   1                                   
Circuit contains 608 nets.                                                      
Contents of circuit 2:  Circuit: 'spi_slave'                                    
Circuit spi_slave contains 597 device instances.                                
  Class: sg13g2_inv_1          instances:  29                                   
  Class: sg13g2_or4_1          instances:   1                                   
  Class: sg13g2_nand3b_1       instances:   2                                   
  Class: sg13g2_a221oi_1       instances:  13                                   
  Class: sg13g2_and4_1         instances:   2                                   
  Class: sg13g2_decap_8        instances:   1                                   
  Class: sg13g2_and2_1         instances:  19                                   
  Class: sg13g2_nand2_1        instances:  49                                   
  Class: sg13g2_fill_2         instances:   1                                   
  Class: sg13g2_a21oi_1        instances:  30                                   
  Class: sg13g2_nor2b_1        instances:   9                                   
  Class: sg13g2_nand2b_1       instances:  10                                   
  Class: sg13g2_and3_1         instances:   9                                   
  Class: sg13g2_dfrbpq_1       instances: 135                                   
  Class: sg13g2_nor3_1         instances:  10                                   
  Class: sg13g2_a21o_1         instances:   7                                   
  Class: sg13g2_or2_1          instances:   4                                   
  Class: sg13g2_nor4_1         instances:   3                                   
  Class: sg13g2_tielo          instances:   3                                   
  Class: sg13g2_buf_1          instances:  81                                   
  Class: sg13g2_decap_4        instances:   1                                   
  Class: sg13g2_a22oi_1        instances:  50                                   
  Class: sg13g2_o21ai_1        instances:  25                                   
  Class: sg13g2_nand3_1        instances:   4                                   
  Class: sg13g2_mux2_1         instances:  70                                   
  Class: sg13g2_nand4_1        instances:   8                                   
  Class: sg13g2_nor2_1         instances:  20                                   
  Class: sg13g2_fill_1         instances:   1                                   
Circuit contains 608 nets.                                                      
                                                                                
Circuit 1 contains 597 devices, Circuit 2 contains 597 devices.                 
Circuit 1 contains 608 nets,    Circuit 2 contains 608 nets.                    
                                                                                
                                                                                
Final result:                                                                   
Circuits match uniquely.                                                        
.                                                                               
Logging to file                                                                 
"/foss/designs/spi-slave-ihp/flow/runs/RUN_2026-08-08_22-27-58/61-netgen-lvs/rep
orts/lvs.netgen.rpt" disabled                                                   
LVS Done.                                                                       
────────────────────── Layout vs. Schematic Error Checker ──────────────────────
[22:34:11] VERBOSE  Running 'Checker.LVS' at                        step.py:1138
                    'runs/RUN_2026-08-08_22-27-58/62-checker-lvs'…              
[22:34:11] INFO     Check for LVS errors clear.                   checker.py:131
[22:34:11] INFO     Gating variable for step 'Yosys.EQY' set   sequential.py:362
                    to 'False'- the step will be skipped.                       
[22:34:11] INFO     Skipping step 'Equivalence Check'…         sequential.py:370
──────────────────────── Hold Timing Violations Checker ────────────────────────
[22:34:11] VERBOSE  Running 'Checker.HoldViolations' at             step.py:1138
                    'runs/RUN_2026-08-08_22-27-58/63-checker-holdvi             
                    olations'…                                                  
[22:34:11] VERBOSE  No hold violations found                      checker.py:628
─────────────────────── Maximum Slew Violations Checker ────────────────────────
[22:34:11] VERBOSE  Running 'Checker.MaxSlewViolations' at          step.py:1138
                    'runs/RUN_2026-08-08_22-27-58/64-checker-maxsle             
                    wviolations'…                                               
[22:34:11] VERBOSE  No max slew violations found                  checker.py:628
──────────────────── Maximum Capacitance Violations Checker ────────────────────
[22:34:11] VERBOSE  Running 'Checker.MaxCapViolations' at           step.py:1138
                    'runs/RUN_2026-08-08_22-27-58/65-checker-maxcap             
                    violations'…                                                
[22:34:11] VERBOSE  No max cap violations found                   checker.py:628
───────────────── Report Manufacturability (DRC, LVS, Antenna) ─────────────────
[22:34:11] VERBOSE  Running 'Misc.ReportManufacturability' at       step.py:1138
                    'runs/RUN_2026-08-08_22-27-58/66-misc-reportman             
                    ufacturability'…                                            
[22:34:11] WARNING  klayout__drc_error__count not reported.          misc.py:102
                    KLayout.DRC may have been skipped.                          
[22:34:11] WARNING  magic__drc_error__count not reported. Magic.DRC  misc.py:110
                    may have been skipped.                                      
* Antenna
Passed ✅

* LVS
Passed ✅

* DRC
N/A

[22:34:11] INFO     Saving views to                                 state.py:209
                    '/foss/designs/spi-slave-ihp/flow/runs/RUN_2026             
                    -08-08_22-27-58/final'…                                     
[22:34:11] INFO     Flow complete.                             sequential.py:413
Classic' - Stage 70 - Report Manufacturability ━━━━━━━━━━━━━━━━━━━ 70/70 0:06:12

[22:34:11] WARNING  The following warnings were generated by the     flow.py:699
                    flow:                                                       
[22:34:11] WARNING  [Checker.LintWarnings] 3 Lint warnings found.    flow.py:701
[22:34:11] WARNING  [OpenROAD.CTS] No CLOCK_NET (or CLOCK_PORT)      flow.py:701
                    specified. CTS cannot be performed. Returning               
                    state unaltered…                                            
[22:34:11] WARNING  [OpenROAD.DetailedRouting] [DRT-0349]            flow.py:701
                    LEF58_ENCLOSURE with no CUTCLASS is not                     
                    supported. Skipping for layer Cont (and 9                   
                    similar warnings)                                           
[22:34:11] WARNING  [OpenROAD.DetailedRouting] [DRT-0120] Large net  flow.py:701
                    Clk has 136 pins which may impact routing                   
                    performance. Consider optimization.                         
[22:34:11] WARNING  [Checker.WireLength] Threshold for               flow.py:701
                    Threshold-surpassing long wires is not set. The             
                    checker will be skipped.                                    
[22:34:11] WARNING  [OpenROAD.IRDropReport] 'VSRC_LOC_FILES' was not flow.py:701
                    given a value, which may make the results of IR             
                    drop analysis inaccurate. If you are not                    
                    integrating a top-level chip for manufacture,               
                    you may ignore this warning, otherwise, see the             
                    documentation for 'VSRC_LOC_FILES'.                         
[22:34:11] WARNING  [Checker.XOR] The XOR differences metric was not flow.py:701
                    found. Are you sure the relevant step was run?              
[22:34:11] WARNING  [Checker.MagicDRC] The Magic DRC errors metric   flow.py:701
                    was not found. Are you sure the relevant step               
                    was run?                                                    
[22:34:11] WARNING  [Checker.KLayoutDRC] The KLayout DRC errors      flow.py:701
                    metric was not found. Are you sure the relevant             
                    step was run?                                               
[22:34:11] WARNING  [Misc.ReportManufacturability]                   flow.py:701
                    klayout__drc_error__count not reported.                     
                    KLayout.DRC may have been skipped.                          
[22:34:11] WARNING  [Misc.ReportManufacturability]                   flow.py:701
                    magic__drc_error__count not reported. Magic.DRC             
                    may have been skipped.                                      
=== Running LibreLane OpenROAD flow (GUI) ===
bash -lc 'source ihp_pdk.env && librelane config.yaml --pdk ihp-sg13g2 --pdk-root /foss/pdks --manual-pdk --last-run --flow OpenInOpenROAD'
[22:34:12] INFO     Loading the design configuration file has      config.py:736
                    generated the following warnings:                           
[22:34:12] WARNING  Key 'SIGNOFF_SDC_FILE' provided is unused by   config.py:740
                    the current flow.                                           
[22:34:12] WARNING  Key 'VERILOG_DEFINES' provided is unused by    config.py:740
                    the current flow.                                           
[22:34:12] WARNING  Key 'VERILOG_FILES' provided is unused by the  config.py:740
                    current flow.                                               
[22:34:12] WARNING  Key 'VERILOG_INCLUDE_DIRS' provided is unused  config.py:740
                    by the current flow.                                        
[22:34:12] INFO     Using existing run at 'RUN_2026-08-08_22-27-58'  flow.py:604
                    with the 'Opening in OpenROAD' flow.                        
[22:34:14] VERBOSE  Using state at                                   flow.py:643
                    '/foss/designs/spi-slave-ihp/flow/runs/RUN_2026-            
                    08-08_22-27-58/66-misc-reportmanufacturability/s            
                    tate_out.json'.                                             
[22:34:14] INFO     Starting…                                  sequential.py:339
───────────────────────────────── Open In GUI ──────────────────────────────────
[22:34:14] VERBOSE  Running 'OpenROAD.OpenGUI' at                   step.py:1138
                    'runs/RUN_2026-08-08_22-27-58/67-openroad-openg             
                    ui'…                                                        
[22:34:14] VERBOSE  Logging subprocess to                           step.py:1338
                    'runs/RUN_2026-08-08_22-27-58/67-openroad-openg             
                    ui/openroad-opengui.log'…                                   
QStandardPaths: runtime directory '/tmp/runtime-default' is not owned by UID    
1000, but a directory permissions 0777 owned by UID 0 GID 0                     
Reading OpenROAD database at                                                    
'/foss/designs/spi-slave-ihp/flow/runs/RUN_2026-08-08_22-27-58/49-odb-cellfreque
ncytables/spi_slave.odb'…                                                       
Reading library file at                                                         
'/foss/pdks/ihp-sg13g2/libs.ref/sg13g2_stdcell/lib/sg13g2_stdcell_typ_1p20V_25C.
lib'…                                                                           
Reading library file at                                                         
'/foss/pdks/ihp-sg13g2/libs.ref/sg13g2_io/lib/sg13g2_io_typ_1p2V_3p3V_25C.lib'… 
Reading design constraints file at                                              
'/foss/designs/spi-slave-ihp/flow/constraint.sdc'…                              
[INFO] No information on clock propagation in input SDC file-- propagating all  
clocks.                                                                         
Reading top-level design parasitics for the 'nom_typ_1p20V_25C' corner at       
'/foss/designs/spi-slave-ihp/flow/runs/RUN_2026-08-08_22-27-58/50-openroad-rcx/n
om/spi_slave.nom.spef'…                                                         
make: *** [Makefile:11: librelane-openroad] Terminated
EXIT: 2
