=== thick-oxide cells: /foss/designs/sg13g2_stdcell_hv ===
bash -lc 'source ihp_pdk.env && librelane config.yaml --pdk ihp-sg13g2 --pdk-root /foss/pdks --manual-pdk'
[13:42:22] INFO     Starting a new run of the 'Classic'' flow with   flow.py:654
                    the tag 'RUN_2026-08-16_13-42-22'.                          
[13:42:22] INFO     Starting…                                  sequential.py:339
──────────────────────────────── Verilator Lint ────────────────────────────────
[13:42:22] VERBOSE  Running 'Verilator.Lint' at                     step.py:1138
                    'runs/RUN_2026-08-16_13-42-22/01-verilator-lint             
                    '…                                                          
[13:42:22] VERBOSE  Logging subprocess to                           step.py:1338
                    'runs/RUN_2026-08-16_13-42-22/01-verilator-lint             
                    /verilator-lint.log'…                                       
%Warning-WIDTHEXPAND: /foss/designs/spi-slave-ihp/allmodes/spi_slave.v:99:10:   
Operator ASSIGNDLY expects 8 bits on the Assign RHS, but Assign RHS's CONST     
'1'h0' generates 1 bits.                                                        
                                                                            :   
... note: In instance 'spi_slave'                                               
   99 |   debug  <= 1'b0;                                                       
      |          ^~                                                             
                      ... For warning description see                           
https://verilator.org/warn/WIDTHEXPAND?v=5.050                                  
                      ... Use "/* verilator lint_off WIDTHEXPAND */" and lint_on
around source to disable this message.                                          
%Warning-CASEINCOMPLETE: /foss/designs/spi-slave-ihp/allmodes/spi_slave.v:120:4:
Case values incompletely covered (example pattern 0x8)                          
  120 |    case (Add_SPI)                                                       
      |    ^~~~                                                                 
                         ... For warning description see                        
https://verilator.org/warn/CASEINCOMPLETE?v=5.050                               
                         ... Use "/* verilator lint_off CASEINCOMPLETE */" and  
lint_on around source to disable this message.                                  
%Warning-CASEINCOMPLETE: /foss/designs/spi-slave-ihp/allmodes/spi_slave.v:164:3:
Case values incompletely covered (example pattern 0x5)                          
  164 |   case (SPI_State)                                                      
      |   ^~~~                                                                  
- V e r i l a t i o n   R e p o r t: Verilator 5.050 2026-07-01 rev v5.050      
- Verilator: Built from 0.150 MB sources in 108 modules, into 0.032 MB in 3 C++ 
files needing 0.000 MB                                                          
- Verilator: Walltime 0.022 s (elab=0.003, cvt=0.007, bld=0.000); cpu 0.021 s on
1 threads; allocated 33.609 MB                                                  
────────────────────────── Lint Timing Errors Checker ──────────────────────────
[13:42:22] VERBOSE  Running 'Checker.LintTimingConstructs' at       step.py:1138
                    'runs/RUN_2026-08-16_13-42-22/02-checker-lintti             
                    mingconstructs'…                                            
[13:42:22] INFO     Check for Lint Timing Errors clear.           checker.py:412
───────────────────────────── Lint Errors Checker ──────────────────────────────
[13:42:22] VERBOSE  Running 'Checker.LintErrors' at                 step.py:1138
                    'runs/RUN_2026-08-16_13-42-22/03-checker-linter             
                    rors'…                                                      
[13:42:22] INFO     Check for Lint errors clear.                  checker.py:131
──────────────────────────── Lint Warnings Checker ─────────────────────────────
[13:42:22] VERBOSE  Running 'Checker.LintWarnings' at               step.py:1138
                    'runs/RUN_2026-08-16_13-42-22/04-checker-lintwa             
                    rnings'…                                                    
[13:42:22] WARNING  3 Lint warnings found.                        checker.py:122
───────────────────────────── Generate JSON Header ─────────────────────────────
[13:42:22] VERBOSE  Running 'Yosys.JsonHeader' at                   step.py:1138
                    'runs/RUN_2026-08-16_13-42-22/05-yosys-jsonhead             
                    er'…                                                        
[13:42:22] VERBOSE  Logging subprocess to                           step.py:1338
                    'runs/RUN_2026-08-16_13-42-22/05-yosys-jsonhead             
                    er/yosys-jsonheader.log'…                                   
                                                                                
 /----------------------------------------------------------------------------\ 
 |  yosys -- Yosys Open SYnthesis Suite                                       | 
 |  Copyright (C) 2012 - 2026  Claire Xenia Wolf <claire@yosyshq.com>         | 
 |  Distributed under an ISC-like license, type "license" to see terms        | 
 \----------------------------------------------------------------------------/ 
 Yosys 0.67 (git sha1 2d1509d1b, Release, GNU /usr/bin/c++ 13.3.0)              
                                                                                
1. Executing Verilog-2005 frontend:                                             
/foss/designs/spi-slave-ihp/allmodes/flow_hv/runs/RUN_2026-08-16_13-42-22/tmp/38
d90a3226b54968a1d6a23bc0144452.bb.v                                             
Parsing SystemVerilog input from                                                
`/foss/designs/spi-slave-ihp/allmodes/flow_hv/runs/RUN_2026-08-16_13-42-22/tmp/3
8d90a3226b54968a1d6a23bc0144452.bb.v' to AST representation.                    
Generating RTLIL representation for module `\sg13g2_hv_a21o_1'.                 
Generating RTLIL representation for module `\sg13g2_hv_a21o_2'.                 
Generating RTLIL representation for module `\sg13g2_hv_a21oi_1'.                
Generating RTLIL representation for module `\sg13g2_hv_a21oi_2'.                
Generating RTLIL representation for module `\sg13g2_hv_a221oi_1'.               
Generating RTLIL representation for module `\sg13g2_hv_a22oi_1'.                
Generating RTLIL representation for module `\sg13g2_hv_and2_1'.                 
Generating RTLIL representation for module `\sg13g2_hv_and2_2'.                 
Generating RTLIL representation for module `\sg13g2_hv_and3_1'.                 
Generating RTLIL representation for module `\sg13g2_hv_and3_2'.                 
Generating RTLIL representation for module `\sg13g2_hv_and4_1'.                 
Generating RTLIL representation for module `\sg13g2_hv_and4_2'.                 
Generating RTLIL representation for module `\sg13g2_hv_antennanp'.              
Generating RTLIL representation for module `\sg13g2_hv_buf_1'.                  
Generating RTLIL representation for module `\sg13g2_hv_buf_16'.                 
Generating RTLIL representation for module `\sg13g2_hv_buf_2'.                  
Generating RTLIL representation for module `\sg13g2_hv_buf_4'.                  
Generating RTLIL representation for module `\sg13g2_hv_buf_8'.                  
Generating RTLIL representation for module `\sg13g2_hv_decap_4'.                
Generating RTLIL representation for module `\sg13g2_hv_decap_8'.                
Generating RTLIL representation for module `\sg13g2_hv_dfrbp_1'.                
Generating RTLIL representation for module `\sg13g2_hv_dfrbp_2'.                
Generating RTLIL representation for module `\sg13g2_hv_dfrbpq_1'.               
Generating RTLIL representation for module `\sg13g2_hv_dfrbpq_2'.               
Generating RTLIL representation for module `\sg13g2_hv_dlhq_1'.                 
Generating RTLIL representation for module `\sg13g2_hv_dlhr_1'.                 
Generating RTLIL representation for module `\sg13g2_hv_dlhrq_1'.                
Generating RTLIL representation for module `\sg13g2_hv_dllr_1'.                 
Generating RTLIL representation for module `\sg13g2_hv_dllrq_1'.                
Generating RTLIL representation for module `\sg13g2_hv_dlygate4sd1_1'.          
Generating RTLIL representation for module `\sg13g2_hv_dlygate4sd2_1'.          
Generating RTLIL representation for module `\sg13g2_hv_dlygate4sd3_1'.          
Generating RTLIL representation for module `\sg13g2_hv_ebufn_2'.                
Generating RTLIL representation for module `\sg13g2_hv_ebufn_4'.                
Generating RTLIL representation for module `\sg13g2_hv_ebufn_8'.                
Generating RTLIL representation for module `\sg13g2_hv_einvn_2'.                
Generating RTLIL representation for module `\sg13g2_hv_einvn_4'.                
Generating RTLIL representation for module `\sg13g2_hv_einvn_8'.                
Generating RTLIL representation for module `\sg13g2_hv_fill_1'.                 
Generating RTLIL representation for module `\sg13g2_hv_fill_2'.                 
Generating RTLIL representation for module `\sg13g2_hv_fill_4'.                 
Generating RTLIL representation for module `\sg13g2_hv_fill_8'.                 
Generating RTLIL representation for module `\sg13g2_hv_inv_1'.                  
Generating RTLIL representation for module `\sg13g2_hv_inv_16'.                 
Generating RTLIL representation for module `\sg13g2_hv_inv_2'.                  
Generating RTLIL representation for module `\sg13g2_hv_inv_4'.                  
Generating RTLIL representation for module `\sg13g2_hv_inv_8'.                  
Generating RTLIL representation for module `\sg13g2_hv_lgcp_1'.                 
Generating RTLIL representation for module `\sg13g2_hv_mux2_1'.                 
Generating RTLIL representation for module `\sg13g2_hv_mux2_2'.                 
Generating RTLIL representation for module `\sg13g2_hv_mux4_1'.                 
Generating RTLIL representation for module `\sg13g2_hv_nand2_1'.                
Generating RTLIL representation for module `\sg13g2_hv_nand2_2'.                
Generating RTLIL representation for module `\sg13g2_hv_nand2b_1'.               
Generating RTLIL representation for module `\sg13g2_hv_nand2b_2'.               
Generating RTLIL representation for module `\sg13g2_hv_nand3_1'.                
Generating RTLIL representation for module `\sg13g2_hv_nand3b_1'.               
Generating RTLIL representation for module `\sg13g2_hv_nand4_1'.                
Generating RTLIL representation for module `\sg13g2_hv_nor2_1'.                 
Generating RTLIL representation for module `\sg13g2_hv_nor2_2'.                 
Generating RTLIL representation for module `\sg13g2_hv_nor2b_1'.                
Generating RTLIL representation for module `\sg13g2_hv_nor2b_2'.                
Generating RTLIL representation for module `\sg13g2_hv_nor3_1'.                 
Generating RTLIL representation for module `\sg13g2_hv_nor3_2'.                 
Generating RTLIL representation for module `\sg13g2_hv_nor4_1'.                 
Generating RTLIL representation for module `\sg13g2_hv_nor4_2'.                 
Generating RTLIL representation for module `\sg13g2_hv_o21ai_1'.                
Generating RTLIL representation for module `\sg13g2_hv_or2_1'.                  
Generating RTLIL representation for module `\sg13g2_hv_or2_2'.                  
Generating RTLIL representation for module `\sg13g2_hv_or3_1'.                  
Generating RTLIL representation for module `\sg13g2_hv_or3_2'.                  
Generating RTLIL representation for module `\sg13g2_hv_or4_1'.                  
Generating RTLIL representation for module `\sg13g2_hv_or4_2'.                  
Generating RTLIL representation for module `\sg13g2_hv_sdfbbp_1'.               
Generating RTLIL representation for module `\sg13g2_hv_sdfrbp_1'.               
Generating RTLIL representation for module `\sg13g2_hv_sdfrbp_2'.               
Generating RTLIL representation for module `\sg13g2_hv_sdfrbpq_1'.              
Generating RTLIL representation for module `\sg13g2_hv_sdfrbpq_2'.              
Generating RTLIL representation for module `\sg13g2_hv_sighold'.                
Generating RTLIL representation for module `\sg13g2_hv_slgcp_1'.                
Generating RTLIL representation for module `\sg13g2_hv_tiehi'.                  
Generating RTLIL representation for module `\sg13g2_hv_tielo'.                  
Generating RTLIL representation for module `\sg13g2_hv_xnor2_1'.                
Generating RTLIL representation for module `\sg13g2_hv_xor2_1'.                 
Successfully finished Verilog frontend.                                         
                                                                                
2. Executing Verilog-2005 frontend:                                             
/foss/designs/spi-slave-ihp/allmodes/flow_hv/runs/RUN_2026-08-16_13-42-22/tmp/9c
c08ce59f184818b9aff8d249bcc572.bb.v                                             
Parsing SystemVerilog input from                                                
`/foss/designs/spi-slave-ihp/allmodes/flow_hv/runs/RUN_2026-08-16_13-42-22/tmp/9
cc08ce59f184818b9aff8d249bcc572.bb.v' to AST representation.                    
Generating RTLIL representation for module `\sg13g2_Corner'.                    
Generating RTLIL representation for module `\sg13g2_Filler1000'.                
Generating RTLIL representation for module `\sg13g2_Filler10000'.               
Generating RTLIL representation for module `\sg13g2_Filler200'.                 
Generating RTLIL representation for module `\sg13g2_Filler2000'.                
Generating RTLIL representation for module `\sg13g2_Filler400'.                 
Generating RTLIL representation for module `\sg13g2_Filler4000'.                
Generating RTLIL representation for module `\sg13g2_IOPadAnalog'.               
Generating RTLIL representation for module `\sg13g2_IOPadIOVdd'.                
Generating RTLIL representation for module `\sg13g2_IOPadIOVss'.                
Generating RTLIL representation for module `\sg13g2_IOPadIn'.                   
Generating RTLIL representation for module `\sg13g2_IOPadInOut16mA'.            
Generating RTLIL representation for module `\sg13g2_IOPadInOut30mA'.            
Generating RTLIL representation for module `\sg13g2_IOPadInOut4mA'.             
Generating RTLIL representation for module `\sg13g2_IOPadOut16mA'.              
Generating RTLIL representation for module `\sg13g2_IOPadOut30mA'.              
Generating RTLIL representation for module `\sg13g2_IOPadOut4mA'.               
Generating RTLIL representation for module `\sg13g2_IOPadTriOut16mA'.           
Generating RTLIL representation for module `\sg13g2_IOPadTriOut30mA'.           
Generating RTLIL representation for module `\sg13g2_IOPadTriOut4mA'.            
Generating RTLIL representation for module `\sg13g2_IOPadVdd'.                  
Generating RTLIL representation for module `\sg13g2_IOPadVss'.                  
Successfully finished Verilog frontend.                                         
wtaf                                                                            
                                                                                
3. Executing Verilog-2005 frontend:                                             
/foss/designs/spi-slave-ihp/allmodes/spi_slave.v                                
Parsing SystemVerilog input from                                                
`/foss/designs/spi-slave-ihp/allmodes/spi_slave.v' to AST representation.       
Storing AST representation for module `$abstract\spi_slave'.                    
Successfully finished Verilog frontend.                                         
                                                                                
4. Executing HIERARCHY pass (managing design hierarchy).                        
                                                                                
5. Executing AST frontend in derive mode using pre-parsed AST for module        
`\spi_slave'.                                                                   
Generating RTLIL representation for module `\spi_slave'.                        
                                                                                
5.1. Analyzing design hierarchy..                                               
Top module:  \spi_slave                                                         
                                                                                
5.2. Analyzing design hierarchy..                                               
Top module:  \spi_slave                                                         
Removing unused module `$abstract\spi_slave'.                                   
Removed 1 unused modules.                                                       
Renaming module spi_slave to spi_slave.                                         
                                                                                
6. Executing PROC pass (convert processes to netlists).                         
                                                                                
6.1. Executing PROC_CLEAN pass (remove empty switches from decision trees).     
Cleaned up 0 empty switches.                                                    
                                                                                
6.2. Executing PROC_RMDEAD pass (remove dead branches from decision trees).     
Marked 6 switch rules as full_case in process                                   
$proc$/foss/designs/spi-slave-ihp/allmodes/spi_slave.v:62$9 in module spi_slave.
Removed a total of 0 dead cases.                                                
                                                                                
6.3. Executing PROC_PRUNE pass (remove redundant assignments in processes).     
Removed 14 redundant assignments.                                               
Promoted 0 assignments to connections.                                          
                                                                                
6.4. Executing PROC_INIT pass (extract init attributes).                        
                                                                                
6.5. Executing PROC_ARST pass (detect async resets in processes).               
Found async reset \iRST_N in                                                    
`\spi_slave.$proc$/foss/designs/spi-slave-ihp/allmodes/spi_slave.v:62$9'.       
                                                                                
6.6. Executing PROC_ROM pass (convert switches to ROMs).                        
Converted 0 switches.                                                           
<suppressed ~17 debug messages>                                                 
                                                                                
6.7. Executing PROC_MUX pass (convert decision trees to multiplexers).          
Creating decoders for process                                                   
`\spi_slave.$proc$/foss/designs/spi-slave-ihp/allmodes/spi_slave.v:62$9'.       
     1/34: $0\Data2_out[7:0]                                                    
     2/34: $0\WrEn[0:0]                                                         
     3/34: $0\SSEL_delay1[0:0]                                                  
     4/34: $0\SCK_delay1[0:0]                                                   
     5/34: $0\CPHA_delay0[0:0]                                                  
     6/34: $0\CPOL_delay0[0:0]                                                  
     7/34: $0\SSEL_delay0[0:0]                                                  
     8/34: $0\MOSI_delay0[0:0]                                                  
     9/34: $0\SCK_delay0[0:0]                                                   
    10/34: $0\CPHA_metastable[0:0]                                              
    11/34: $0\CPOL_metastable[0:0]                                              
    12/34: $0\SSEL_metastable[0:0]                                              
    13/34: $0\MOSI_metastable[0:0]                                              
    14/34: $0\SCK_metastable[0:0]                                               
    15/34: $0\SPI_State[2:0]                                                    
    16/34: $0\Add_SPI[7:0]                                                      
    17/34: $0\Data_toSPI[7:0]                                                   
    18/34: $0\DataToSend[7:0]                                                   
    19/34: $0\Data_fromSPI[7:0]                                                 
    20/34: $0\ReceivedByte[7:0]                                                 
    21/34: $0\BitCnt[3:0]                                                       
    22/34: $0\RnW[0:0]                                                          
    23/34: $0\CPHA_latched[0:0]                                                 
    24/34: $0\CPOL_latched[0:0]                                                 
    25/34: $0\Register7[7:0]                                                    
    26/34: $0\Register6[7:0]                                                    
    27/34: $0\Register5[7:0]                                                    
    28/34: $0\Register4[7:0]                                                    
    29/34: $0\Register3[7:0]                                                    
    30/34: $0\Register2[7:0]                                                    
    31/34: $0\Register1[7:0]                                                    
    32/34: $0\Register0[7:0]                                                    
    33/34: $0\debug[7:0]                                                        
    34/34: $0\MISO[0:0]                                                         
                                                                                
6.8. Executing PROC_DLATCH pass (convert process syncs to latches).             
                                                                                
6.9. Executing PROC_DFF pass (convert process syncs to FFs).                    
Creating register for signal `\spi_slave.\MISO' using process                   
`\spi_slave.$proc$/foss/designs/spi-slave-ihp/allmodes/spi_slave.v:62$9'.       
  created $adff cell `$procdff$251' with positive edge clock and positive level 
reset.                                                                          
Creating register for signal `\spi_slave.\Data2_out' using process              
`\spi_slave.$proc$/foss/designs/spi-slave-ihp/allmodes/spi_slave.v:62$9'.       
  created $adff cell `$procdff$256' with positive edge clock and positive level 
reset.                                                                          
Creating register for signal `\spi_slave.\debug' using process                  
`\spi_slave.$proc$/foss/designs/spi-slave-ihp/allmodes/spi_slave.v:62$9'.       
  created $adff cell `$procdff$261' with positive edge clock and positive level 
reset.                                                                          
Creating register for signal `\spi_slave.\Register0' using process              
`\spi_slave.$proc$/foss/designs/spi-slave-ihp/allmodes/spi_slave.v:62$9'.       
  created $adff cell `$procdff$266' with positive edge clock and positive level 
reset.                                                                          
Creating register for signal `\spi_slave.\Register1' using process              
`\spi_slave.$proc$/foss/designs/spi-slave-ihp/allmodes/spi_slave.v:62$9'.       
  created $adff cell `$procdff$271' with positive edge clock and positive level 
reset.                                                                          
Creating register for signal `\spi_slave.\Register2' using process              
`\spi_slave.$proc$/foss/designs/spi-slave-ihp/allmodes/spi_slave.v:62$9'.       
  created $adff cell `$procdff$276' with positive edge clock and positive level 
reset.                                                                          
Creating register for signal `\spi_slave.\Register3' using process              
`\spi_slave.$proc$/foss/designs/spi-slave-ihp/allmodes/spi_slave.v:62$9'.       
  created $adff cell `$procdff$281' with positive edge clock and positive level 
reset.                                                                          
Creating register for signal `\spi_slave.\Register4' using process              
`\spi_slave.$proc$/foss/designs/spi-slave-ihp/allmodes/spi_slave.v:62$9'.       
  created $adff cell `$procdff$286' with positive edge clock and positive level 
reset.                                                                          
Creating register for signal `\spi_slave.\Register5' using process              
`\spi_slave.$proc$/foss/designs/spi-slave-ihp/allmodes/spi_slave.v:62$9'.       
  created $adff cell `$procdff$291' with positive edge clock and positive level 
reset.                                                                          
Creating register for signal `\spi_slave.\Register6' using process              
`\spi_slave.$proc$/foss/designs/spi-slave-ihp/allmodes/spi_slave.v:62$9'.       
  created $adff cell `$procdff$296' with positive edge clock and positive level 
reset.                                                                          
Creating register for signal `\spi_slave.\Register7' using process              
`\spi_slave.$proc$/foss/designs/spi-slave-ihp/allmodes/spi_slave.v:62$9'.       
  created $adff cell `$procdff$301' with positive edge clock and positive level 
reset.                                                                          
Creating register for signal `\spi_slave.\SCK_metastable' using process         
`\spi_slave.$proc$/foss/designs/spi-slave-ihp/allmodes/spi_slave.v:62$9'.       
  created $adff cell `$procdff$306' with positive edge clock and positive level 
reset.                                                                          
Creating register for signal `\spi_slave.\MOSI_metastable' using process        
`\spi_slave.$proc$/foss/designs/spi-slave-ihp/allmodes/spi_slave.v:62$9'.       
  created $adff cell `$procdff$311' with positive edge clock and positive level 
reset.                                                                          
Creating register for signal `\spi_slave.\SSEL_metastable' using process        
`\spi_slave.$proc$/foss/designs/spi-slave-ihp/allmodes/spi_slave.v:62$9'.       
  created $adff cell `$procdff$316' with positive edge clock and positive level 
reset.                                                                          
Creating register for signal `\spi_slave.\CPOL_metastable' using process        
`\spi_slave.$proc$/foss/designs/spi-slave-ihp/allmodes/spi_slave.v:62$9'.       
  created $adff cell `$procdff$321' with positive edge clock and positive level 
reset.                                                                          
Creating register for signal `\spi_slave.\CPHA_metastable' using process        
`\spi_slave.$proc$/foss/designs/spi-slave-ihp/allmodes/spi_slave.v:62$9'.       
  created $adff cell `$procdff$326' with positive edge clock and positive level 
reset.                                                                          
Creating register for signal `\spi_slave.\SCK_delay0' using process             
`\spi_slave.$proc$/foss/designs/spi-slave-ihp/allmodes/spi_slave.v:62$9'.       
  created $adff cell `$procdff$331' with positive edge clock and positive level 
reset.                                                                          
Creating register for signal `\spi_slave.\MOSI_delay0' using process            
`\spi_slave.$proc$/foss/designs/spi-slave-ihp/allmodes/spi_slave.v:62$9'.       
  created $adff cell `$procdff$336' with positive edge clock and positive level 
reset.                                                                          
Creating register for signal `\spi_slave.\SSEL_delay0' using process            
`\spi_slave.$proc$/foss/designs/spi-slave-ihp/allmodes/spi_slave.v:62$9'.       
  created $adff cell `$procdff$341' with positive edge clock and positive level 
reset.                                                                          
Creating register for signal `\spi_slave.\CPOL_delay0' using process            
`\spi_slave.$proc$/foss/designs/spi-slave-ihp/allmodes/spi_slave.v:62$9'.       
  created $adff cell `$procdff$346' with positive edge clock and positive level 
reset.                                                                          
Creating register for signal `\spi_slave.\CPHA_delay0' using process            
`\spi_slave.$proc$/foss/designs/spi-slave-ihp/allmodes/spi_slave.v:62$9'.       
  created $adff cell `$procdff$351' with positive edge clock and positive level 
reset.                                                                          
Creating register for signal `\spi_slave.\SCK_delay1' using process             
`\spi_slave.$proc$/foss/designs/spi-slave-ihp/allmodes/spi_slave.v:62$9'.       
  created $adff cell `$procdff$356' with positive edge clock and positive level 
reset.                                                                          
Creating register for signal `\spi_slave.\SSEL_delay1' using process            
`\spi_slave.$proc$/foss/designs/spi-slave-ihp/allmodes/spi_slave.v:62$9'.       
  created $adff cell `$procdff$361' with positive edge clock and positive level 
reset.                                                                          
Creating register for signal `\spi_slave.\CPOL_latched' using process           
`\spi_slave.$proc$/foss/designs/spi-slave-ihp/allmodes/spi_slave.v:62$9'.       
  created $adff cell `$procdff$366' with positive edge clock and positive level 
reset.                                                                          
Creating register for signal `\spi_slave.\CPHA_latched' using process           
`\spi_slave.$proc$/foss/designs/spi-slave-ihp/allmodes/spi_slave.v:62$9'.       
  created $adff cell `$procdff$371' with positive edge clock and positive level 
reset.                                                                          
Creating register for signal `\spi_slave.\WrEn' using process                   
`\spi_slave.$proc$/foss/designs/spi-slave-ihp/allmodes/spi_slave.v:62$9'.       
  created $adff cell `$procdff$376' with positive edge clock and positive level 
reset.                                                                          
Creating register for signal `\spi_slave.\RnW' using process                    
`\spi_slave.$proc$/foss/designs/spi-slave-ihp/allmodes/spi_slave.v:62$9'.       
  created $adff cell `$procdff$381' with positive edge clock and positive level 
reset.                                                                          
Creating register for signal `\spi_slave.\BitCnt' using process                 
`\spi_slave.$proc$/foss/designs/spi-slave-ihp/allmodes/spi_slave.v:62$9'.       
  created $adff cell `$procdff$386' with positive edge clock and positive level 
reset.                                                                          
Creating register for signal `\spi_slave.\ReceivedByte' using process           
`\spi_slave.$proc$/foss/designs/spi-slave-ihp/allmodes/spi_slave.v:62$9'.       
  created $adff cell `$procdff$391' with positive edge clock and positive level 
reset.                                                                          
Creating register for signal `\spi_slave.\Data_fromSPI' using process           
`\spi_slave.$proc$/foss/designs/spi-slave-ihp/allmodes/spi_slave.v:62$9'.       
  created $adff cell `$procdff$396' with positive edge clock and positive level 
reset.                                                                          
Creating register for signal `\spi_slave.\DataToSend' using process             
`\spi_slave.$proc$/foss/designs/spi-slave-ihp/allmodes/spi_slave.v:62$9'.       
  created $adff cell `$procdff$401' with positive edge clock and positive level 
reset.                                                                          
Creating register for signal `\spi_slave.\Data_toSPI' using process             
`\spi_slave.$proc$/foss/designs/spi-slave-ihp/allmodes/spi_slave.v:62$9'.       
  created $adff cell `$procdff$406' with positive edge clock and positive level 
reset.                                                                          
Creating register for signal `\spi_slave.\Add_SPI' using process                
`\spi_slave.$proc$/foss/designs/spi-slave-ihp/allmodes/spi_slave.v:62$9'.       
  created $adff cell `$procdff$411' with positive edge clock and positive level 
reset.                                                                          
Creating register for signal `\spi_slave.\SPI_State' using process              
`\spi_slave.$proc$/foss/designs/spi-slave-ihp/allmodes/spi_slave.v:62$9'.       
  created $adff cell `$procdff$416' with positive edge clock and positive level 
reset.                                                                          
                                                                                
6.10. Executing PROC_MEMWR pass (convert process memory writes to cells).       
                                                                                
6.11. Executing PROC_CLEAN pass (remove empty switches from decision trees).    
Found and cleaned up 17 empty switches in                                       
`\spi_slave.$proc$/foss/designs/spi-slave-ihp/allmodes/spi_slave.v:62$9'.       
Removing empty process                                                          
`spi_slave.$proc$/foss/designs/spi-slave-ihp/allmodes/spi_slave.v:62$9'.        
Cleaned up 17 empty switches.                                                   
                                                                                
6.12. Executing OPT_EXPR pass (perform const folding).                          
Optimizing module spi_slave.                                                    
<suppressed ~85 debug messages>                                                 
                                                                                
7. Executing FLATTEN pass (flatten design).                                     
                                                                                
8. Executing OPT_CLEAN pass (remove unused cells and wires).                    
Finding unused cells or wires in module \spi_slave..                            
Removed 35 unused cells and 158 unused wires.                                   
<suppressed ~36 debug messages>                                                 
────────────────────────────────── Synthesis ───────────────────────────────────
[13:42:23] VERBOSE  Running 'Yosys.Synthesis' at                    step.py:1138
                    'runs/RUN_2026-08-16_13-42-22/06-yosys-synthesi             
                    s'…                                                         
[13:42:23] VERBOSE  Logging subprocess to                           step.py:1338
                    'runs/RUN_2026-08-16_13-42-22/06-yosys-synthesi             
                    s/yosys-synthesis.log'…                                     
                                                                                
 /----------------------------------------------------------------------------\ 
 |  yosys -- Yosys Open SYnthesis Suite                                       | 
 |  Copyright (C) 2012 - 2026  Claire Xenia Wolf <claire@yosyshq.com>         | 
 |  Distributed under an ISC-like license, type "license" to see terms        | 
 \----------------------------------------------------------------------------/ 
 Yosys 0.67 (git sha1 2d1509d1b, Release, GNU /usr/bin/c++ 13.3.0)              
                                                                                
1. Executing Liberty frontend:                                                  
/foss/designs/sg13g2_stdcell_hv/lib/sg13g2_stdcell_hv_typ_3p30V_25C.lib         
Imported 68 cell types from liberty file.                                       
[INFO] Using SDC file                                                           
'/foss/designs/spi-slave-ihp/allmodes/flow_hv/runs/RUN_2026-08-16_13-42-22/06-yo
sys-synthesis/synthesis.abc.sdc' for ABC…wtaf                                   
                                                                                
2. Executing Verilog-2005 frontend:                                             
/foss/designs/spi-slave-ihp/allmodes/spi_slave.v                                
Parsing SystemVerilog input from                                                
`/foss/designs/spi-slave-ihp/allmodes/spi_slave.v' to AST representation.       
Storing AST representation for module `$abstract\spi_slave'.                    
Successfully finished Verilog frontend.                                         
                                                                                
3. Executing HIERARCHY pass (managing design hierarchy).                        
                                                                                
4. Executing AST frontend in derive mode using pre-parsed AST for module        
`\spi_slave'.                                                                   
Generating RTLIL representation for module `\spi_slave'.                        
                                                                                
4.1. Analyzing design hierarchy..                                               
Top module:  \spi_slave                                                         
                                                                                
4.2. Analyzing design hierarchy..                                               
Top module:  \spi_slave                                                         
Removing unused module `$abstract\spi_slave'.                                   
Removed 1 unused modules.                                                       
Renaming module spi_slave to spi_slave.                                         
                                                                                
5. Executing ATTRMAP pass (move or copy attributes).                            
                                                                                
6. Executing HIERARCHY pass (managing design hierarchy).                        
                                                                                
6.1. Analyzing design hierarchy..                                               
Top module:  \spi_slave                                                         
                                                                                
6.2. Analyzing design hierarchy..                                               
Top module:  \spi_slave                                                         
Removed 0 unused modules.                                                       
                                                                                
7. Executing PROC_CLEAN pass (remove empty switches from decision trees).       
Cleaned up 0 empty switches.                                                    
                                                                                
8. Executing PROC_RMDEAD pass (remove dead branches from decision trees).       
Marked 6 switch rules as full_case in process                                   
$proc$/foss/designs/spi-slave-ihp/allmodes/spi_slave.v:62$9 in module spi_slave.
Removed a total of 0 dead cases.                                                
                                                                                
9. Executing PROC_PRUNE pass (remove redundant assignments in processes).       
Removed 14 redundant assignments.                                               
Promoted 0 assignments to connections.                                          
                                                                                
10. Executing PROC_INIT pass (extract init attributes).                         
                                                                                
11. Executing PROC_ARST pass (detect async resets in processes).                
Found async reset \iRST_N in                                                    
`\spi_slave.$proc$/foss/designs/spi-slave-ihp/allmodes/spi_slave.v:62$9'.       
                                                                                
12. Executing PROC_ROM pass (convert switches to ROMs).                         
Converted 0 switches.                                                           
<suppressed ~17 debug messages>                                                 
                                                                                
13. Executing PROC_MUX pass (convert decision trees to multiplexers).           
Creating decoders for process                                                   
`\spi_slave.$proc$/foss/designs/spi-slave-ihp/allmodes/spi_slave.v:62$9'.       
     1/34: $0\Data2_out[7:0]                                                    
     2/34: $0\WrEn[0:0]                                                         
     3/34: $0\SSEL_delay1[0:0]                                                  
     4/34: $0\SCK_delay1[0:0]                                                   
     5/34: $0\CPHA_delay0[0:0]                                                  
     6/34: $0\CPOL_delay0[0:0]                                                  
     7/34: $0\SSEL_delay0[0:0]                                                  
     8/34: $0\MOSI_delay0[0:0]                                                  
     9/34: $0\SCK_delay0[0:0]                                                   
    10/34: $0\CPHA_metastable[0:0]                                              
    11/34: $0\CPOL_metastable[0:0]                                              
    12/34: $0\SSEL_metastable[0:0]                                              
    13/34: $0\MOSI_metastable[0:0]                                              
    14/34: $0\SCK_metastable[0:0]                                               
    15/34: $0\SPI_State[2:0]                                                    
    16/34: $0\Add_SPI[7:0]                                                      
    17/34: $0\Data_toSPI[7:0]                                                   
    18/34: $0\DataToSend[7:0]                                                   
    19/34: $0\Data_fromSPI[7:0]                                                 
    20/34: $0\ReceivedByte[7:0]                                                 
    21/34: $0\BitCnt[3:0]                                                       
    22/34: $0\RnW[0:0]                                                          
    23/34: $0\CPHA_latched[0:0]                                                 
    24/34: $0\CPOL_latched[0:0]                                                 
    25/34: $0\Register7[7:0]                                                    
    26/34: $0\Register6[7:0]                                                    
    27/34: $0\Register5[7:0]                                                    
    28/34: $0\Register4[7:0]                                                    
    29/34: $0\Register3[7:0]                                                    
    30/34: $0\Register2[7:0]                                                    
    31/34: $0\Register1[7:0]                                                    
    32/34: $0\Register0[7:0]                                                    
    33/34: $0\debug[7:0]                                                        
    34/34: $0\MISO[0:0]                                                         
                                                                                
14. Executing PROC_DLATCH pass (convert process syncs to latches).              
                                                                                
15. Executing PROC_DFF pass (convert process syncs to FFs).                     
Creating register for signal `\spi_slave.\MISO' using process                   
`\spi_slave.$proc$/foss/designs/spi-slave-ihp/allmodes/spi_slave.v:62$9'.       
  created $adff cell `$procdff$251' with positive edge clock and positive level 
reset.                                                                          
Creating register for signal `\spi_slave.\Data2_out' using process              
`\spi_slave.$proc$/foss/designs/spi-slave-ihp/allmodes/spi_slave.v:62$9'.       
  created $adff cell `$procdff$256' with positive edge clock and positive level 
reset.                                                                          
Creating register for signal `\spi_slave.\debug' using process                  
`\spi_slave.$proc$/foss/designs/spi-slave-ihp/allmodes/spi_slave.v:62$9'.       
  created $adff cell `$procdff$261' with positive edge clock and positive level 
reset.                                                                          
Creating register for signal `\spi_slave.\Register0' using process              
`\spi_slave.$proc$/foss/designs/spi-slave-ihp/allmodes/spi_slave.v:62$9'.       
  created $adff cell `$procdff$266' with positive edge clock and positive level 
reset.                                                                          
Creating register for signal `\spi_slave.\Register1' using process              
`\spi_slave.$proc$/foss/designs/spi-slave-ihp/allmodes/spi_slave.v:62$9'.       
  created $adff cell `$procdff$271' with positive edge clock and positive level 
reset.                                                                          
Creating register for signal `\spi_slave.\Register2' using process              
`\spi_slave.$proc$/foss/designs/spi-slave-ihp/allmodes/spi_slave.v:62$9'.       
  created $adff cell `$procdff$276' with positive edge clock and positive level 
reset.                                                                          
Creating register for signal `\spi_slave.\Register3' using process              
`\spi_slave.$proc$/foss/designs/spi-slave-ihp/allmodes/spi_slave.v:62$9'.       
  created $adff cell `$procdff$281' with positive edge clock and positive level 
reset.                                                                          
Creating register for signal `\spi_slave.\Register4' using process              
`\spi_slave.$proc$/foss/designs/spi-slave-ihp/allmodes/spi_slave.v:62$9'.       
  created $adff cell `$procdff$286' with positive edge clock and positive level 
reset.                                                                          
Creating register for signal `\spi_slave.\Register5' using process              
`\spi_slave.$proc$/foss/designs/spi-slave-ihp/allmodes/spi_slave.v:62$9'.       
  created $adff cell `$procdff$291' with positive edge clock and positive level 
reset.                                                                          
Creating register for signal `\spi_slave.\Register6' using process              
`\spi_slave.$proc$/foss/designs/spi-slave-ihp/allmodes/spi_slave.v:62$9'.       
  created $adff cell `$procdff$296' with positive edge clock and positive level 
reset.                                                                          
Creating register for signal `\spi_slave.\Register7' using process              
`\spi_slave.$proc$/foss/designs/spi-slave-ihp/allmodes/spi_slave.v:62$9'.       
  created $adff cell `$procdff$301' with positive edge clock and positive level 
reset.                                                                          
Creating register for signal `\spi_slave.\SCK_metastable' using process         
`\spi_slave.$proc$/foss/designs/spi-slave-ihp/allmodes/spi_slave.v:62$9'.       
  created $adff cell `$procdff$306' with positive edge clock and positive level 
reset.                                                                          
Creating register for signal `\spi_slave.\MOSI_metastable' using process        
`\spi_slave.$proc$/foss/designs/spi-slave-ihp/allmodes/spi_slave.v:62$9'.       
  created $adff cell `$procdff$311' with positive edge clock and positive level 
reset.                                                                          
Creating register for signal `\spi_slave.\SSEL_metastable' using process        
`\spi_slave.$proc$/foss/designs/spi-slave-ihp/allmodes/spi_slave.v:62$9'.       
  created $adff cell `$procdff$316' with positive edge clock and positive level 
reset.                                                                          
Creating register for signal `\spi_slave.\CPOL_metastable' using process        
`\spi_slave.$proc$/foss/designs/spi-slave-ihp/allmodes/spi_slave.v:62$9'.       
  created $adff cell `$procdff$321' with positive edge clock and positive level 
reset.                                                                          
Creating register for signal `\spi_slave.\CPHA_metastable' using process        
`\spi_slave.$proc$/foss/designs/spi-slave-ihp/allmodes/spi_slave.v:62$9'.       
  created $adff cell `$procdff$326' with positive edge clock and positive level 
reset.                                                                          
Creating register for signal `\spi_slave.\SCK_delay0' using process             
`\spi_slave.$proc$/foss/designs/spi-slave-ihp/allmodes/spi_slave.v:62$9'.       
  created $adff cell `$procdff$331' with positive edge clock and positive level 
reset.                                                                          
Creating register for signal `\spi_slave.\MOSI_delay0' using process            
`\spi_slave.$proc$/foss/designs/spi-slave-ihp/allmodes/spi_slave.v:62$9'.       
  created $adff cell `$procdff$336' with positive edge clock and positive level 
reset.                                                                          
Creating register for signal `\spi_slave.\SSEL_delay0' using process            
`\spi_slave.$proc$/foss/designs/spi-slave-ihp/allmodes/spi_slave.v:62$9'.       
  created $adff cell `$procdff$341' with positive edge clock and positive level 
reset.                                                                          
Creating register for signal `\spi_slave.\CPOL_delay0' using process            
`\spi_slave.$proc$/foss/designs/spi-slave-ihp/allmodes/spi_slave.v:62$9'.       
  created $adff cell `$procdff$346' with positive edge clock and positive level 
reset.                                                                          
Creating register for signal `\spi_slave.\CPHA_delay0' using process            
`\spi_slave.$proc$/foss/designs/spi-slave-ihp/allmodes/spi_slave.v:62$9'.       
  created $adff cell `$procdff$351' with positive edge clock and positive level 
reset.                                                                          
Creating register for signal `\spi_slave.\SCK_delay1' using process             
`\spi_slave.$proc$/foss/designs/spi-slave-ihp/allmodes/spi_slave.v:62$9'.       
  created $adff cell `$procdff$356' with positive edge clock and positive level 
reset.                                                                          
Creating register for signal `\spi_slave.\SSEL_delay1' using process            
`\spi_slave.$proc$/foss/designs/spi-slave-ihp/allmodes/spi_slave.v:62$9'.       
  created $adff cell `$procdff$361' with positive edge clock and positive level 
reset.                                                                          
Creating register for signal `\spi_slave.\CPOL_latched' using process           
`\spi_slave.$proc$/foss/designs/spi-slave-ihp/allmodes/spi_slave.v:62$9'.       
  created $adff cell `$procdff$366' with positive edge clock and positive level 
reset.                                                                          
Creating register for signal `\spi_slave.\CPHA_latched' using process           
`\spi_slave.$proc$/foss/designs/spi-slave-ihp/allmodes/spi_slave.v:62$9'.       
  created $adff cell `$procdff$371' with positive edge clock and positive level 
reset.                                                                          
Creating register for signal `\spi_slave.\WrEn' using process                   
`\spi_slave.$proc$/foss/designs/spi-slave-ihp/allmodes/spi_slave.v:62$9'.       
  created $adff cell `$procdff$376' with positive edge clock and positive level 
reset.                                                                          
Creating register for signal `\spi_slave.\RnW' using process                    
`\spi_slave.$proc$/foss/designs/spi-slave-ihp/allmodes/spi_slave.v:62$9'.       
  created $adff cell `$procdff$381' with positive edge clock and positive level 
reset.                                                                          
Creating register for signal `\spi_slave.\BitCnt' using process                 
`\spi_slave.$proc$/foss/designs/spi-slave-ihp/allmodes/spi_slave.v:62$9'.       
  created $adff cell `$procdff$386' with positive edge clock and positive level 
reset.                                                                          
Creating register for signal `\spi_slave.\ReceivedByte' using process           
`\spi_slave.$proc$/foss/designs/spi-slave-ihp/allmodes/spi_slave.v:62$9'.       
  created $adff cell `$procdff$391' with positive edge clock and positive level 
reset.                                                                          
Creating register for signal `\spi_slave.\Data_fromSPI' using process           
`\spi_slave.$proc$/foss/designs/spi-slave-ihp/allmodes/spi_slave.v:62$9'.       
  created $adff cell `$procdff$396' with positive edge clock and positive level 
reset.                                                                          
Creating register for signal `\spi_slave.\DataToSend' using process             
`\spi_slave.$proc$/foss/designs/spi-slave-ihp/allmodes/spi_slave.v:62$9'.       
  created $adff cell `$procdff$401' with positive edge clock and positive level 
reset.                                                                          
Creating register for signal `\spi_slave.\Data_toSPI' using process             
`\spi_slave.$proc$/foss/designs/spi-slave-ihp/allmodes/spi_slave.v:62$9'.       
  created $adff cell `$procdff$406' with positive edge clock and positive level 
reset.                                                                          
Creating register for signal `\spi_slave.\Add_SPI' using process                
`\spi_slave.$proc$/foss/designs/spi-slave-ihp/allmodes/spi_slave.v:62$9'.       
  created $adff cell `$procdff$411' with positive edge clock and positive level 
reset.                                                                          
Creating register for signal `\spi_slave.\SPI_State' using process              
`\spi_slave.$proc$/foss/designs/spi-slave-ihp/allmodes/spi_slave.v:62$9'.       
  created $adff cell `$procdff$416' with positive edge clock and positive level 
reset.                                                                          
                                                                                
16. Executing PROC_MEMWR pass (convert process memory writes to cells).         
                                                                                
17. Executing PROC_CLEAN pass (remove empty switches from decision trees).      
Found and cleaned up 17 empty switches in                                       
`\spi_slave.$proc$/foss/designs/spi-slave-ihp/allmodes/spi_slave.v:62$9'.       
Removing empty process                                                          
`spi_slave.$proc$/foss/designs/spi-slave-ihp/allmodes/spi_slave.v:62$9'.        
Cleaned up 17 empty switches.                                                   
                                                                                
18. Executing CHECK pass (checking for obvious problems).                       
Checking module spi_slave...                                                    
Found and reported 0 problems.                                                  
                                                                                
19. Executing OPT_EXPR pass (perform const folding).                            
Optimizing module spi_slave.                                                    
<suppressed ~85 debug messages>                                                 
                                                                                
20. Executing FLATTEN pass (flatten design).                                    
                                                                                
21. Executing OPT_EXPR pass (perform const folding).                            
Optimizing module spi_slave.                                                    
                                                                                
22. Executing OPT_CLEAN pass (remove unused cells and wires).                   
Finding unused cells or wires in module \spi_slave..                            
Removed 35 unused cells and 158 unused wires.                                   
<suppressed ~36 debug messages>                                                 
                                                                                
23. Executing OPT_EXPR pass (perform const folding).                            
Optimizing module spi_slave.                                                    
                                                                                
24. Executing OPT_MERGE pass (detect identical cells).                          
Finding identical cells in module `\spi_slave'.                                 
Computing hashes of 164 cells of `\spi_slave'.                                  
Finding duplicate cells in `\spi_slave'.                                        
Computing hashes of 132 cells of `\spi_slave'.                                  
Finding duplicate cells in `\spi_slave'.                                        
<suppressed ~96 debug messages>                                                 
Removed a total of 32 cells.                                                    
                                                                                
25. Executing OPT_MUXTREE pass (detect dead branches in mux trees).             
Running muxtree optimizer on module \spi_slave..                                
  Creating internal representation of mux trees.                                
  Evaluating internal representation of mux trees.                              
  Analyzing evaluation results.                                                 
Removed 0 multiplexer ports.                                                    
<suppressed ~90 debug messages>                                                 
                                                                                
26. Executing OPT_REDUCE pass (consolidate $*mux and $reduce_* inputs).         
  Optimizing cells in module \spi_slave.                                        
Performed a total of 0 changes.                                                 
                                                                                
27. Executing OPT_MERGE pass (detect identical cells).                          
Finding identical cells in module `\spi_slave'.                                 
Computing hashes of 132 cells of `\spi_slave'.                                  
Finding duplicate cells in `\spi_slave'.                                        
Computing hashes of 128 cells of `\spi_slave'.                                  
Finding duplicate cells in `\spi_slave'.                                        
<suppressed ~12 debug messages>                                                 
Removed a total of 4 cells.                                                     
                                                                                
28. Executing OPT_DFF pass (perform DFF optimizations).                         
                                                                                
29. Executing OPT_CLEAN pass (remove unused cells and wires).                   
Finding unused cells or wires in module \spi_slave..                            
Removed 0 unused cells and 36 unused wires.                                     
<suppressed ~1 debug messages>                                                  
                                                                                
30. Executing OPT_EXPR pass (perform const folding).                            
Optimizing module spi_slave.                                                    
                                                                                
31. Rerunning OPT passes. (Maybe there is more to do…)                          
                                                                                
32. Executing OPT_MUXTREE pass (detect dead branches in mux trees).             
Running muxtree optimizer on module \spi_slave..                                
  Creating internal representation of mux trees.                                
  Evaluating internal representation of mux trees.                              
  Analyzing evaluation results.                                                 
Removed 0 multiplexer ports.                                                    
<suppressed ~92 debug messages>                                                 
                                                                                
33. Executing OPT_REDUCE pass (consolidate $*mux and $reduce_* inputs).         
  Optimizing cells in module \spi_slave.                                        
    New ctrl vector for $pmux cell $procmux$104:                                
$auto$opt_reduce.cc:137:opt_pmux$418                                            
    New ctrl vector for $pmux cell $procmux$95:                                 
$auto$opt_reduce.cc:137:opt_pmux$420                                            
    New ctrl vector for $pmux cell $procmux$45: { $procmux$232_CMP              
$auto$opt_reduce.cc:137:opt_pmux$422 $procmux$108_CMP $procmux$127_CMP }        
  Optimizing cells in module \spi_slave.                                        
Performed a total of 3 changes.                                                 
                                                                                
34. Executing OPT_MERGE pass (detect identical cells).                          
Finding identical cells in module `\spi_slave'.                                 
Computing hashes of 131 cells of `\spi_slave'.                                  
Finding duplicate cells in `\spi_slave'.                                        
Computing hashes of 130 cells of `\spi_slave'.                                  
Finding duplicate cells in `\spi_slave'.                                        
<suppressed ~3 debug messages>                                                  
Removed a total of 1 cells.                                                     
                                                                                
35. Executing OPT_DFF pass (perform DFF optimizations).                         
                                                                                
36. Executing OPT_CLEAN pass (remove unused cells and wires).                   
Finding unused cells or wires in module \spi_slave..                            
Removed 0 unused cells and 1 unused wires.                                      
<suppressed ~1 debug messages>                                                  
                                                                                
37. Executing OPT_EXPR pass (perform const folding).                            
Optimizing module spi_slave.                                                    
                                                                                
38. Rerunning OPT passes. (Maybe there is more to do…)                          
                                                                                
39. Executing OPT_MUXTREE pass (detect dead branches in mux trees).             
Running muxtree optimizer on module \spi_slave..                                
  Creating internal representation of mux trees.                                
  Evaluating internal representation of mux trees.                              
  Analyzing evaluation results.                                                 
Removed 0 multiplexer ports.                                                    
<suppressed ~89 debug messages>                                                 
                                                                                
40. Executing OPT_REDUCE pass (consolidate $*mux and $reduce_* inputs).         
  Optimizing cells in module \spi_slave.                                        
Performed a total of 0 changes.                                                 
                                                                                
41. Executing OPT_MERGE pass (detect identical cells).                          
Finding identical cells in module `\spi_slave'.                                 
Computing hashes of 130 cells of `\spi_slave'.                                  
Finding duplicate cells in `\spi_slave'.                                        
Removed a total of 0 cells.                                                     
                                                                                
42. Executing OPT_DFF pass (perform DFF optimizations).                         
                                                                                
43. Executing OPT_CLEAN pass (remove unused cells and wires).                   
Finding unused cells or wires in module \spi_slave..                            
                                                                                
44. Executing OPT_EXPR pass (perform const folding).                            
Optimizing module spi_slave.                                                    
                                                                                
45. Executing FSM pass (extract and optimize FSM).                              
                                                                                
45.1. Executing FSM_DETECT pass (finding FSMs in design).                       
Found FSM state register spi_slave.SPI_State.                                   
                                                                                
45.2. Executing FSM_EXTRACT pass (extracting FSM from design).                  
Extracting FSM `\SPI_State' from module `\spi_slave'.                           
  found $adff cell for state register: $procdff$416                             
  root of input selection tree: $0\SPI_State[2:0]                               
  found reset state: 3'000 (from async reset)                                   
  found ctrl input: $procmux$127_CMP                                            
  found ctrl input: $procmux$108_CMP                                            
  found ctrl input: $auto$opt_reduce.cc:137:opt_pmux$420                        
  found ctrl input: $procmux$232_CMP                                            
  found ctrl input:                                                             
$logic_and$/foss/designs/spi-slave-ihp/allmodes/spi_slave.v:173$14_Y            
  found state code: 3'001                                                       
  found ctrl input:                                                             
$eq$/foss/designs/spi-slave-ihp/allmodes/spi_slave.v:183$17_Y                   
  found ctrl input: \ReceivedByte [7]                                           
  found state code: 3'010                                                       
  found state code: 3'011                                                       
  found state code: 3'100                                                       
  found ctrl input: \SSEL_delay0                                                
  found ctrl output: $procmux$232_CMP                                           
  found ctrl output: $procmux$105_CMP                                           
  found ctrl output: $procmux$108_CMP                                           
  found ctrl output: $procmux$127_CMP                                           
  found ctrl output: $procmux$118_CMP                                           
  ctrl inputs: { $eq$/foss/designs/spi-slave-ihp/allmodes/spi_slave.v:183$17_Y  
$logic_and$/foss/designs/spi-slave-ihp/allmodes/spi_slave.v:173$14_Y            
\ReceivedByte [7] \SSEL_delay0 $auto$opt_reduce.cc:137:opt_pmux$420 }           
  ctrl outputs: { $procmux$232_CMP $procmux$127_CMP $procmux$118_CMP            
$procmux$108_CMP $procmux$105_CMP $0\SPI_State[2:0] }                           
  transition:      3'000 5'-0--- ->      3'000 8'01000000                       
  transition:      3'000 5'-1--- ->      3'001 8'01000001                       
  transition:      3'100 5'---0- ->      3'100 8'10000100                       
  transition:      3'100 5'---1- ->      3'000 8'10000000                       
  transition:      3'010 5'0---- ->      3'010 8'00001010                       
  transition:      3'010 5'1---- ->      3'100 8'00001100                       
  transition:      3'001 5'0---- ->      3'001 8'00010001                       
  transition:      3'001 5'1-0-- ->      3'010 8'00010010                       
  transition:      3'001 5'1-1-- ->      3'011 8'00010011                       
  transition:      3'011 5'0---- ->      3'011 8'00100011                       
  transition:      3'011 5'1---- ->      3'100 8'00100100                       
                                                                                
45.3. Executing FSM_OPT pass (simple optimizations of FSMs).                    
Optimizing FSM `$fsm$\SPI_State$423' from module `\spi_slave'.                  
  Removing unused input signal $auto$opt_reduce.cc:137:opt_pmux$420.            
                                                                                
45.4. Executing OPT_CLEAN pass (remove unused cells and wires).                 
Finding unused cells or wires in module \spi_slave..                            
Removed 12 unused cells and 12 unused wires.                                    
<suppressed ~13 debug messages>                                                 
                                                                                
45.5. Executing FSM_OPT pass (simple optimizations of FSMs).                    
Optimizing FSM `$fsm$\SPI_State$423' from module `\spi_slave'.                  
  Removing unused output signal $0\SPI_State[2:0] [0].                          
  Removing unused output signal $0\SPI_State[2:0] [1].                          
  Removing unused output signal $0\SPI_State[2:0] [2].                          
                                                                                
45.6. Executing FSM_RECODE pass (re-assigning FSM state encoding).              
Recoding FSM `$fsm$\SPI_State$423' from module `\spi_slave' using `auto'        
encoding:                                                                       
  mapping auto encoding to `one-hot` for this FSM.                              
  000 -> ----1                                                                  
  100 -> ---1-                                                                  
  010 -> --1--                                                                  
  001 -> -1---                                                                  
  011 -> 1----                                                                  
                                                                                
45.7. Executing FSM_INFO pass (dumping all available information on FSM cells). 
                                                                                
FSM `$fsm$\SPI_State$423' from module `spi_slave':                              
-------------------------------------                                           
                                                                                
  Information on FSM $fsm$\SPI_State$423 (\SPI_State):                          
                                                                                
  Number of input signals:    4                                                 
  Number of output signals:   5                                                 
  Number of state bits:       5                                                 
                                                                                
  Input signals:                                                                
    0: \SSEL_delay0                                                             
    1: \ReceivedByte [7]                                                        
    2: $logic_and$/foss/designs/spi-slave-ihp/allmodes/spi_slave.v:173$14_Y     
    3: $eq$/foss/designs/spi-slave-ihp/allmodes/spi_slave.v:183$17_Y            
                                                                                
  Output signals:                                                               
    0: $procmux$105_CMP                                                         
    1: $procmux$108_CMP                                                         
    2: $procmux$118_CMP                                                         
    3: $procmux$127_CMP                                                         
    4: $procmux$232_CMP                                                         
                                                                                
  State encoding:                                                               
    0:    5'----1  <RESET STATE>                                                
    1:    5'---1-                                                               
    2:    5'--1--                                                               
    3:    5'-1---                                                               
    4:    5'1----                                                               
                                                                                
  Transition Table (state_in, ctrl_in, state_out, ctrl_out):                    
      0:     0 4'-0--   ->     0 5'01000                                        
      1:     0 4'-1--   ->     3 5'01000                                        
      2:     1 4'---1   ->     0 5'10000                                        
      3:     1 4'---0   ->     1 5'10000                                        
      4:     2 4'1---   ->     1 5'00001                                        
      5:     2 4'0---   ->     2 5'00001                                        
      6:     3 4'1-0-   ->     2 5'00010                                        
      7:     3 4'0---   ->     3 5'00010                                        
      8:     3 4'1-1-   ->     4 5'00010                                        
      9:     4 4'1---   ->     1 5'00100                                        
     10:     4 4'0---   ->     4 5'00100                                        
                                                                                
-------------------------------------                                           
                                                                                
45.8. Executing FSM_MAP pass (mapping FSMs to basic logic).                     
Mapping FSM `$fsm$\SPI_State$423' from module `\spi_slave'.                     
                                                                                
46. Executing OPT_EXPR pass (perform const folding).                            
Optimizing module spi_slave.                                                    
<suppressed ~8 debug messages>                                                  
                                                                                
47. Executing OPT_MERGE pass (detect identical cells).                          
Finding identical cells in module `\spi_slave'.                                 
Computing hashes of 142 cells of `\spi_slave'.                                  
Finding duplicate cells in `\spi_slave'.                                        
Computing hashes of 138 cells of `\spi_slave'.                                  
Finding duplicate cells in `\spi_slave'.                                        
<suppressed ~12 debug messages>                                                 
Removed a total of 4 cells.                                                     
                                                                                
48. Executing OPT_MUXTREE pass (detect dead branches in mux trees).             
Running muxtree optimizer on module \spi_slave..                                
  Creating internal representation of mux trees.                                
  Evaluating internal representation of mux trees.                              
  Analyzing evaluation results.                                                 
Removed 0 multiplexer ports.                                                    
<suppressed ~82 debug messages>                                                 
                                                                                
49. Executing OPT_REDUCE pass (consolidate $*mux and $reduce_* inputs).         
  Optimizing cells in module \spi_slave.                                        
Performed a total of 0 changes.                                                 
                                                                                
50. Executing OPT_MERGE pass (detect identical cells).                          
Finding identical cells in module `\spi_slave'.                                 
Computing hashes of 138 cells of `\spi_slave'.                                  
Finding duplicate cells in `\spi_slave'.                                        
Removed a total of 0 cells.                                                     
                                                                                
51. Executing OPT_DFF pass (perform DFF optimizations).                         
Adding EN signal on $procdff$411 ($adff) from module spi_slave (D = { 1'0       
\ReceivedByte [6:0] }, Q = \Add_SPI).                                           
Adding EN signal on $procdff$406 ($adff) from module spi_slave (D =             
$procmux$71_Y, Q = \Data_toSPI).                                                
Adding EN signal on $procdff$401 ($adff) from module spi_slave (D =             
$procmux$88_Y, Q = \DataToSend).                                                
Adding EN signal on $procdff$396 ($adff) from module spi_slave (D =             
\ReceivedByte, Q = \Data_fromSPI).                                              
Adding EN signal on $procdff$391 ($adff) from module spi_slave (D = {           
\ReceivedByte [6:0] \MOSI_delay0 }, Q = \ReceivedByte).                         
Adding EN signal on $procdff$386 ($adff) from module spi_slave (D =             
$0\BitCnt[3:0], Q = \BitCnt).                                                   
Adding EN signal on $procdff$381 ($adff) from module spi_slave (D =             
\ReceivedByte [7], Q = \RnW).                                                   
Adding EN signal on $procdff$371 ($adff) from module spi_slave (D =             
\CPHA_delay0, Q = \CPHA_latched).                                               
Adding EN signal on $procdff$366 ($adff) from module spi_slave (D =             
\CPOL_delay0, Q = \CPOL_latched).                                               
Adding EN signal on $procdff$301 ($adff) from module spi_slave (D =             
\Data_fromSPI, Q = \Register7).                                                 
Adding EN signal on $procdff$296 ($adff) from module spi_slave (D =             
\Data_fromSPI, Q = \Register6).                                                 
Adding EN signal on $procdff$291 ($adff) from module spi_slave (D =             
\Data_fromSPI, Q = \Register5).                                                 
Adding EN signal on $procdff$286 ($adff) from module spi_slave (D =             
\Data_fromSPI, Q = \Register4).                                                 
Adding EN signal on $procdff$281 ($adff) from module spi_slave (D =             
\Data_fromSPI, Q = \Register3).                                                 
Adding EN signal on $procdff$276 ($adff) from module spi_slave (D =             
\Data_fromSPI, Q = \Register2).                                                 
Adding EN signal on $procdff$271 ($adff) from module spi_slave (D =             
\Data_fromSPI, Q = \Register1).                                                 
Adding EN signal on $procdff$266 ($adff) from module spi_slave (D =             
\Data_fromSPI, Q = \Register0).                                                 
Adding EN signal on $procdff$261 ($adff) from module spi_slave (D =             
$0\debug[7:0] [7:5], Q = \debug [7:5]).                                         
Adding EN signal on $procdff$261 ($adff) from module spi_slave (D =             
$0\debug[7:0] [0], Q = \debug [0]).                                             
Adding EN signal on $procdff$261 ($adff) from module spi_slave (D =             
$0\debug[7:0] [4], Q = \debug [4]).                                             
Adding EN signal on $procdff$261 ($adff) from module spi_slave (D =             
$0\debug[7:0] [2], Q = \debug [2]).                                             
Adding EN signal on $procdff$261 ($adff) from module spi_slave (D =             
$0\debug[7:0] [1], Q = \debug [1]).                                             
Adding EN signal on $procdff$261 ($adff) from module spi_slave (D =             
$0\debug[7:0] [3], Q = \debug [3]).                                             
Adding EN signal on $procdff$251 ($adff) from module spi_slave (D =             
$procmux$243_Y, Q = \MISO).                                                     
Setting constant 0-bit at position 7 on $auto$ff.cc:337:slice$481 ($adffe) from 
module spi_slave.                                                               
                                                                                
52. Executing OPT_CLEAN pass (remove unused cells and wires).                   
Finding unused cells or wires in module \spi_slave..                            
Removed 37 unused cells and 52 unused wires.                                    
<suppressed ~38 debug messages>                                                 
                                                                                
53. Executing OPT_EXPR pass (perform const folding).                            
Optimizing module spi_slave.                                                    
<suppressed ~29 debug messages>                                                 
                                                                                
54. Rerunning OPT passes. (Maybe there is more to do…)                          
                                                                                
55. Executing OPT_MUXTREE pass (detect dead branches in mux trees).             
Running muxtree optimizer on module \spi_slave..                                
  Creating internal representation of mux trees.                                
  Evaluating internal representation of mux trees.                              
  Analyzing evaluation results.                                                 
Removed 0 multiplexer ports.                                                    
<suppressed ~31 debug messages>                                                 
                                                                                
56. Executing OPT_REDUCE pass (consolidate $*mux and $reduce_* inputs).         
  Optimizing cells in module \spi_slave.                                        
Performed a total of 0 changes.                                                 
                                                                                
57. Executing OPT_MERGE pass (detect identical cells).                          
Finding identical cells in module `\spi_slave'.                                 
Computing hashes of 156 cells of `\spi_slave'.                                  
Finding duplicate cells in `\spi_slave'.                                        
Computing hashes of 132 cells of `\spi_slave'.                                  
Finding duplicate cells in `\spi_slave'.                                        
<suppressed ~72 debug messages>                                                 
Removed a total of 24 cells.                                                    
                                                                                
58. Executing OPT_DFF pass (perform DFF optimizations).                         
Handling never-active EN on $auto$ff.cc:337:slice$548 ($adffe) from module      
spi_slave (removing D path).                                                    
Setting constant 0-bit at position 0 on $auto$ff.cc:337:slice$548 ($dlatch) from
module spi_slave.                                                               
Setting constant 0-bit at position 1 on $auto$ff.cc:337:slice$548 ($dlatch) from
module spi_slave.                                                               
Setting constant 0-bit at position 2 on $auto$ff.cc:337:slice$548 ($dlatch) from
module spi_slave.                                                               
                                                                                
59. Executing OPT_CLEAN pass (remove unused cells and wires).                   
Finding unused cells or wires in module \spi_slave..                            
Removed 0 unused cells and 32 unused wires.                                     
<suppressed ~1 debug messages>                                                  
                                                                                
60. Executing OPT_EXPR pass (perform const folding).                            
Optimizing module spi_slave.                                                    
                                                                                
61. Rerunning OPT passes. (Maybe there is more to do…)                          
                                                                                
62. Executing OPT_MUXTREE pass (detect dead branches in mux trees).             
Running muxtree optimizer on module \spi_slave..                                
  Creating internal representation of mux trees.                                
  Evaluating internal representation of mux trees.                              
  Analyzing evaluation results.                                                 
Removed 0 multiplexer ports.                                                    
<suppressed ~31 debug messages>                                                 
                                                                                
63. Executing OPT_REDUCE pass (consolidate $*mux and $reduce_* inputs).         
  Optimizing cells in module \spi_slave.                                        
Performed a total of 0 changes.                                                 
                                                                                
64. Executing OPT_MERGE pass (detect identical cells).                          
Finding identical cells in module `\spi_slave'.                                 
Computing hashes of 131 cells of `\spi_slave'.                                  
Finding duplicate cells in `\spi_slave'.                                        
Removed a total of 0 cells.                                                     
                                                                                
65. Executing OPT_DFF pass (perform DFF optimizations).                         
                                                                                
66. Executing OPT_CLEAN pass (remove unused cells and wires).                   
Finding unused cells or wires in module \spi_slave..                            
                                                                                
67. Executing OPT_EXPR pass (perform const folding).                            
Optimizing module spi_slave.                                                    
                                                                                
68. Executing WREDUCE pass (reducing word size of cells).                       
Removed top 1 bits (of 2) from port B of cell                                   
spi_slave.$auto$opt_dff.cc:320:make_patterns_logic$500 ($ne).                   
Removed top 31 bits (of 32) from port B of cell                                 
spi_slave.$add$/foss/designs/spi-slave-ihp/allmodes/spi_slave.v:220$24 ($add).  
Removed top 28 bits (of 32) from port Y of cell                                 
spi_slave.$add$/foss/designs/spi-slave-ihp/allmodes/spi_slave.v:220$24 ($add).  
Removed top 5 bits (of 8) from port B of cell spi_slave.$procmux$29_CMP0 ($eq). 
Removed top 5 bits (of 8) from port B of cell spi_slave.$procmux$30_CMP0 ($eq). 
Removed top 5 bits (of 8) from port B of cell spi_slave.$procmux$31_CMP0 ($eq). 
Removed top 5 bits (of 8) from port B of cell spi_slave.$procmux$32_CMP0 ($eq). 
Removed top 6 bits (of 8) from port B of cell spi_slave.$procmux$33_CMP0 ($eq). 
Removed top 6 bits (of 8) from port B of cell spi_slave.$procmux$34_CMP0 ($eq). 
Removed top 7 bits (of 8) from port B of cell spi_slave.$procmux$35_CMP0 ($eq). 
Removed top 4 bits (of 7) from port B of cell spi_slave.$procmux$148_CMP0 ($eq).
Removed top 4 bits (of 7) from port B of cell spi_slave.$procmux$156_CMP0 ($eq).
Removed top 4 bits (of 7) from port B of cell spi_slave.$procmux$165_CMP0 ($eq).
Removed top 4 bits (of 7) from port B of cell spi_slave.$procmux$175_CMP0 ($eq).
Removed top 5 bits (of 7) from port B of cell spi_slave.$procmux$186_CMP0 ($eq).
Removed top 5 bits (of 7) from port B of cell spi_slave.$procmux$198_CMP0 ($eq).
Removed top 6 bits (of 7) from port B of cell spi_slave.$procmux$211_CMP0 ($eq).
Removed top 3 bits (of 8) from mux cell spi_slave.$procmux$231 ($pmux).         
Removed top 3 bits (of 8) from wire spi_slave.$0\debug[7:0].                    
Removed top 28 bits (of 32) from wire                                           
spi_slave.$add$/foss/designs/spi-slave-ihp/allmodes/spi_slave.v:181$16_Y.       
Removed top 1 bits (of 8) from wire spi_slave.Add_SPI.                          
                                                                                
69. Executing PEEPOPT pass (run peephole optimizers).                           
                                                                                
70. Executing OPT_CLEAN pass (remove unused cells and wires).                   
Finding unused cells or wires in module \spi_slave..                            
Removed 0 unused cells and 3 unused wires.                                      
<suppressed ~1 debug messages>                                                  
                                                                                
71. Executing ALUMACC pass (create $alu and $macc cells).                       
Extracting $alu and $macc cells in module spi_slave:                            
  creating $macc model for                                                      
$add$/foss/designs/spi-slave-ihp/allmodes/spi_slave.v:220$24 ($add).            
  creating $alu model for $macc                                                 
$add$/foss/designs/spi-slave-ihp/allmodes/spi_slave.v:220$24.                   
  creating $alu cell for                                                        
$add$/foss/designs/spi-slave-ihp/allmodes/spi_slave.v:220$24:                   
$auto$alumacc.cc:512:replace_alu$625                                            
  created 1 $alu and 0 $macc cells.                                             
                                                                                
72. Executing SHARE pass (SAT-based resource sharing).                          
                                                                                
73. Executing OPT_EXPR pass (perform const folding).                            
Optimizing module spi_slave.                                                    
                                                                                
74. Executing OPT_MERGE pass (detect identical cells).                          
Finding identical cells in module `\spi_slave'.                                 
Computing hashes of 131 cells of `\spi_slave'.                                  
Finding duplicate cells in `\spi_slave'.                                        
Removed a total of 0 cells.                                                     
                                                                                
75. Executing OPT_MUXTREE pass (detect dead branches in mux trees).             
Running muxtree optimizer on module \spi_slave..                                
  Creating internal representation of mux trees.                                
  Evaluating internal representation of mux trees.                              
  Analyzing evaluation results.                                                 
Removed 0 multiplexer ports.                                                    
<suppressed ~31 debug messages>                                                 
                                                                                
76. Executing OPT_REDUCE pass (consolidate $*mux and $reduce_* inputs).         
  Optimizing cells in module \spi_slave.                                        
Performed a total of 0 changes.                                                 
                                                                                
77. Executing OPT_MERGE pass (detect identical cells).                          
Finding identical cells in module `\spi_slave'.                                 
Computing hashes of 131 cells of `\spi_slave'.                                  
Finding duplicate cells in `\spi_slave'.                                        
Removed a total of 0 cells.                                                     
                                                                                
78. Executing OPT_DFF pass (perform DFF optimizations).                         
                                                                                
79. Executing OPT_CLEAN pass (remove unused cells and wires).                   
Finding unused cells or wires in module \spi_slave..                            
                                                                                
80. Executing OPT_EXPR pass (perform const folding).                            
Optimizing module spi_slave.                                                    
                                                                                
81. Executing MEMORY pass.                                                      
                                                                                
81.1. Executing OPT_MEM pass (optimize memories).                               
Performed a total of 0 transformations.                                         
                                                                                
81.2. Executing OPT_MEM_PRIORITY pass (removing unnecessary memory write        
priority relations).                                                            
Performed a total of 0 transformations.                                         
                                                                                
81.3. Executing OPT_MEM_FEEDBACK pass (finding memory read-to-write feedback    
paths).                                                                         
                                                                                
81.4. Executing MEMORY_BMUX2ROM pass (converting muxes to ROMs).                
                                                                                
81.5. Executing MEMORY_DFF pass (merging $dff cells to $memrd).                 
                                                                                
81.6. Executing OPT_CLEAN pass (remove unused cells and wires).                 
Finding unused cells or wires in module \spi_slave..                            
                                                                                
81.7. Executing MEMORY_SHARE pass (consolidating $memrd/$memwr cells).          
                                                                                
81.8. Executing OPT_MEM_WIDEN pass (optimize memories where all ports are wide).
Performed a total of 0 transformations.                                         
                                                                                
81.9. Executing OPT_CLEAN pass (remove unused cells and wires).                 
Finding unused cells or wires in module \spi_slave..                            
                                                                                
81.10. Executing MEMORY_COLLECT pass (generating $mem cells).                   
                                                                                
82. Executing OPT_CLEAN pass (remove unused cells and wires).                   
Finding unused cells or wires in module \spi_slave..                            
                                                                                
83. Executing OPT_EXPR pass (perform const folding).                            
Optimizing module spi_slave.                                                    
<suppressed ~11 debug messages>                                                 
                                                                                
84. Executing OPT_MERGE pass (detect identical cells).                          
Finding identical cells in module `\spi_slave'.                                 
Computing hashes of 124 cells of `\spi_slave'.                                  
Finding duplicate cells in `\spi_slave'.                                        
Removed a total of 0 cells.                                                     
                                                                                
85. Executing OPT_DFF pass (perform DFF optimizations).                         
                                                                                
86. Executing OPT_CLEAN pass (remove unused cells and wires).                   
Finding unused cells or wires in module \spi_slave..                            
Removed 0 unused cells and 7 unused wires.                                      
<suppressed ~1 debug messages>                                                  
                                                                                
87. Executing MEMORY_MAP pass (converting memories to logic and flip-flops).    
                                                                                
88. Executing OPT_EXPR pass (perform const folding).                            
Optimizing module spi_slave.                                                    
                                                                                
89. Executing OPT_MERGE pass (detect identical cells).                          
Finding identical cells in module `\spi_slave'.                                 
Computing hashes of 124 cells of `\spi_slave'.                                  
Finding duplicate cells in `\spi_slave'.                                        
Removed a total of 0 cells.                                                     
                                                                                
90. Executing OPT_MUXTREE pass (detect dead branches in mux trees).             
Running muxtree optimizer on module \spi_slave..                                
  Creating internal representation of mux trees.                                
  Evaluating internal representation of mux trees.                              
  Analyzing evaluation results.                                                 
Removed 0 multiplexer ports.                                                    
<suppressed ~22 debug messages>                                                 
                                                                                
91. Executing OPT_REDUCE pass (consolidate $*mux and $reduce_* inputs).         
  Optimizing cells in module \spi_slave.                                        
    Consolidated identical input bits for $mux cell $procmux$88:                
      Old ports: A={ \DataToSend [6:0] 1'0 }, B={ \Data_toSPI [6:0] 1'0 },      
Y=$procmux$88_Y                                                                 
      New ports: A=\DataToSend [6:0], B=\Data_toSPI [6:0], Y=$procmux$88_Y [7:1]
      New connections: $procmux$88_Y [0] = 1'0                                  
  Optimizing cells in module \spi_slave.                                        
Performed a total of 1 changes.                                                 
                                                                                
92. Executing OPT_MERGE pass (detect identical cells).                          
Finding identical cells in module `\spi_slave'.                                 
Computing hashes of 124 cells of `\spi_slave'.                                  
Finding duplicate cells in `\spi_slave'.                                        
Removed a total of 0 cells.                                                     
                                                                                
93. Executing OPT_SHARE pass.                                                   
                                                                                
94. Executing OPT_DFF pass (perform DFF optimizations).                         
                                                                                
95. Executing OPT_CLEAN pass (remove unused cells and wires).                   
Finding unused cells or wires in module \spi_slave..                            
                                                                                
96. Executing OPT_EXPR pass (perform const folding).                            
Optimizing module spi_slave.                                                    
                                                                                
97. Rerunning OPT passes. (Maybe there is more to do…)                          
                                                                                
98. Executing OPT_MUXTREE pass (detect dead branches in mux trees).             
Running muxtree optimizer on module \spi_slave..                                
  Creating internal representation of mux trees.                                
  Evaluating internal representation of mux trees.                              
  Analyzing evaluation results.                                                 
Removed 0 multiplexer ports.                                                    
<suppressed ~22 debug messages>                                                 
                                                                                
99. Executing OPT_REDUCE pass (consolidate $*mux and $reduce_* inputs).         
  Optimizing cells in module \spi_slave.                                        
Performed a total of 0 changes.                                                 
                                                                                
100. Executing OPT_MERGE pass (detect identical cells).                         
Finding identical cells in module `\spi_slave'.                                 
Computing hashes of 124 cells of `\spi_slave'.                                  
Finding duplicate cells in `\spi_slave'.                                        
Removed a total of 0 cells.                                                     
                                                                                
101. Executing OPT_SHARE pass.                                                  
                                                                                
102. Executing OPT_DFF pass (perform DFF optimizations).                        
Setting constant 0-bit at position 0 on $auto$ff.cc:337:slice$485 ($adffe) from 
module spi_slave.                                                               
                                                                                
103. Executing OPT_CLEAN pass (remove unused cells and wires).                  
Finding unused cells or wires in module \spi_slave..                            
                                                                                
104. Executing OPT_EXPR pass (perform const folding).                           
Optimizing module spi_slave.                                                    
                                                                                
105. Rerunning OPT passes. (Maybe there is more to do…)                         
                                                                                
106. Executing OPT_MUXTREE pass (detect dead branches in mux trees).            
Running muxtree optimizer on module \spi_slave..                                
  Creating internal representation of mux trees.                                
  Evaluating internal representation of mux trees.                              
  Analyzing evaluation results.                                                 
Removed 0 multiplexer ports.                                                    
<suppressed ~22 debug messages>                                                 
                                                                                
107. Executing OPT_REDUCE pass (consolidate $*mux and $reduce_* inputs).        
  Optimizing cells in module \spi_slave.                                        
Performed a total of 0 changes.                                                 
                                                                                
108. Executing OPT_MERGE pass (detect identical cells).                         
Finding identical cells in module `\spi_slave'.                                 
Computing hashes of 124 cells of `\spi_slave'.                                  
Finding duplicate cells in `\spi_slave'.                                        
Removed a total of 0 cells.                                                     
                                                                                
109. Executing OPT_SHARE pass.                                                  
                                                                                
110. Executing OPT_DFF pass (perform DFF optimizations).                        
                                                                                
111. Executing OPT_CLEAN pass (remove unused cells and wires).                  
Finding unused cells or wires in module \spi_slave..                            
                                                                                
112. Executing OPT_EXPR pass (perform const folding).                           
Optimizing module spi_slave.                                                    
                                                                                
113. Executing TECHMAP pass (map to technology primitives).                     
                                                                                
113.1. Executing Verilog-2005 frontend:                                         
/foss/tools/yosys/bin/../share/yosys/techmap.v                                  
Parsing Verilog input from `/foss/tools/yosys/bin/../share/yosys/techmap.v' to  
AST representation.                                                             
Generating RTLIL representation for module `\_90_simplemap_bool_ops'.           
Generating RTLIL representation for module `\_90_simplemap_reduce_ops'.         
Generating RTLIL representation for module `\_90_simplemap_logic_ops'.          
Generating RTLIL representation for module `\_90_simplemap_compare_ops'.        
Generating RTLIL representation for module `\_90_simplemap_various'.            
Generating RTLIL representation for module `\_90_simplemap_registers'.          
Generating RTLIL representation for module `\_90_shift_ops_shr_shl_sshl_sshr'.  
Generating RTLIL representation for module `\_90_shift_shiftx'.                 
Generating RTLIL representation for module `\_90_fa'.                           
Generating RTLIL representation for module `\_90_lcu_brent_kung'.               
Generating RTLIL representation for module `\_90_alu'.                          
Generating RTLIL representation for module `\_90_macc'.                         
Generating RTLIL representation for module `\_90_alumacc'.                      
Generating RTLIL representation for module `$__div_mod_u'.                      
Generating RTLIL representation for module `$__div_mod_trunc'.                  
Generating RTLIL representation for module `\_90_div'.                          
Generating RTLIL representation for module `\_90_mod'.                          
Generating RTLIL representation for module `$__div_mod_floor'.                  
Generating RTLIL representation for module `\_90_divfloor'.                     
Generating RTLIL representation for module `\_90_modfloor'.                     
Generating RTLIL representation for module `\_90_pow'.                          
Generating RTLIL representation for module `\_90_demux'.                        
Generating RTLIL representation for module `\_90_lut'.                          
Generating RTLIL representation for module `$connect'.                          
Generating RTLIL representation for module `$input_port'.                       
Successfully finished Verilog frontend.                                         
                                                                                
113.2. Continuing TECHMAP pass.                                                 
Using extmapper simplemap for cells of type $adffe.                             
Using template $paramod$32a7b7b86c07519b7537abc18e96f0331f97914d\_90_alu for    
cells of type $alu.                                                             
Using extmapper simplemap for cells of type $reduce_and.                        
Using extmapper simplemap for cells of type $not.                               
Using extmapper simplemap for cells of type $ne.                                
Using extmapper simplemap for cells of type $reduce_bool.                       
Using extmapper simplemap for cells of type $reduce_or.                         
Using extmapper simplemap for cells of type $and.                               
Using extmapper simplemap for cells of type $eq.                                
Using extmapper simplemap for cells of type $adff.                              
Using extmapper simplemap for cells of type $xor.                               
Using extmapper simplemap for cells of type $mux.                               
Using extmapper simplemap for cells of type $logic_and.                         
Using extmapper simplemap for cells of type $logic_not.                         
Using extmapper simplemap for cells of type $pmux.                              
Using extmapper simplemap for cells of type $pos.                               
Using template $paramod\_90_fa\WIDTH=32'00000000000000000000000000000100 for    
cells of type $fa.                                                              
Using template                                                                  
$paramod\_90_lcu_brent_kung\WIDTH=32'00000000000000000000000000000100 for cells 
of type $lcu.                                                                   
Using extmapper simplemap for cells of type $or.                                
No more expansions possible.                                                    
<suppressed ~365 debug messages>                                                
                                                                                
114. Executing OPT_EXPR pass (perform const folding).                           
Optimizing module spi_slave.                                                    
<suppressed ~202 debug messages>                                                
                                                                                
115. Executing OPT_MERGE pass (detect identical cells).                         
Finding identical cells in module `\spi_slave'.                                 
Computing hashes of 716 cells of `\spi_slave'.                                  
Finding duplicate cells in `\spi_slave'.                                        
Computing hashes of 651 cells of `\spi_slave'.                                  
Finding duplicate cells in `\spi_slave'.                                        
Computing hashes of 625 cells of `\spi_slave'.                                  
Finding duplicate cells in `\spi_slave'.                                        
<suppressed ~273 debug messages>                                                
Removed a total of 91 cells.                                                    
                                                                                
116. Executing OPT_DFF pass (perform DFF optimizations).                        
                                                                                
117. Executing OPT_CLEAN pass (remove unused cells and wires).                  
Finding unused cells or wires in module \spi_slave..                            
Removed 5 unused cells and 177 unused wires.                                    
<suppressed ~6 debug messages>                                                  
                                                                                
118. Executing OPT_EXPR pass (perform const folding).                           
Optimizing module spi_slave.                                                    
                                                                                
119. Executing OPT_MERGE pass (detect identical cells).                         
Finding identical cells in module `\spi_slave'.                                 
Computing hashes of 620 cells of `\spi_slave'.                                  
Finding duplicate cells in `\spi_slave'.                                        
Removed a total of 0 cells.                                                     
                                                                                
120. Executing OPT_DFF pass (perform DFF optimizations).                        
                                                                                
121. Executing OPT_CLEAN pass (remove unused cells and wires).                  
Finding unused cells or wires in module \spi_slave..                            
                                                                                
122. Executing ABC pass (technology mapping using ABC).                         
                                                                                
122.1. Extracting gate netlist of module `\spi_slave' to                        
`<abc-temp-dir>/input.blif'..                                                   
Replacing 4 occurrences of constant undef bits with constant zero bits          
                                                                                
122.1.1. Executed ABC.                                                          
Extracted 479 gates and 594 wires to a netlist network with 112 inputs and 57   
outputs.                                                                        
Running ABC script: <abc-temp-dir>/abc.script                                   
ABC: UC Berkeley, ABC 1.01 (compiled Jul 27 2026 18:12:25)                      
ABC: abc 01> empty                                                              
ABC: abc 01> source <abc-temp-dir>/abc.script                                   
ABC: + read_blif <abc-temp-dir>/input.blif                                      
ABC: + read_library <abc-temp-dir>/stdcells.genlib                              
ABC: + strash                                                                   
ABC: + dretime                                                                  
ABC: + map                                                                      
ABC: + write_blif <abc-temp-dir>/output.blif                                    
ABC:                                                                            
ABC: YOSYS_ABC_DONE                                                             
                                                                                
122.1.2. Re-integrating ABC results.                                            
ABC RESULTS:               AND cells:        7                                  
ABC RESULTS:            ANDNOT cells:      187                                  
ABC RESULTS:               MUX cells:       12                                  
ABC RESULTS:              NAND cells:       12                                  
ABC RESULTS:               NOR cells:        5                                  
ABC RESULTS:               NOT cells:        5                                  
ABC RESULTS:                OR cells:      199                                  
ABC RESULTS:             ORNOT cells:       10                                  
ABC RESULTS:              XNOR cells:        2                                  
ABC RESULTS:               XOR cells:        4                                  
ABC RESULTS:        internal signals:      425                                  
ABC RESULTS:           input signals:      112                                  
ABC RESULTS:          output signals:       57                                  
Removing temp directory.                                                        
Removing global temp directory.                                                 
                                                                                
123. Executing OPT pass (performing simple optimizations).                      
                                                                                
123.1. Executing OPT_EXPR pass (perform const folding).                         
Optimizing module spi_slave.                                                    
                                                                                
123.2. Executing OPT_MERGE pass (detect identical cells).                       
Finding identical cells in module `\spi_slave'.                                 
Computing hashes of 584 cells of `\spi_slave'.                                  
Finding duplicate cells in `\spi_slave'.                                        
Removed a total of 0 cells.                                                     
                                                                                
123.3. Executing OPT_DFF pass (perform DFF optimizations).                      
                                                                                
123.4. Executing OPT_CLEAN pass (remove unused cells and wires).                
Finding unused cells or wires in module \spi_slave..                            
Removed 0 unused cells and 480 unused wires.                                    
<suppressed ~7 debug messages>                                                  
                                                                                
123.5. Finished fast OPT passes.                                                
                                                                                
124. Executing HIERARCHY pass (managing design hierarchy).                      
                                                                                
124.1. Analyzing design hierarchy..                                             
Top module:  \spi_slave                                                         
                                                                                
124.2. Analyzing design hierarchy..                                             
Top module:  \spi_slave                                                         
Removed 0 unused modules.                                                       
                                                                                
125. Executing CHECK pass (checking for obvious problems).                      
Checking module spi_slave...                                                    
Found and reported 0 problems.                                                  
                                                                                
126. Printing statistics.                                                       
                                                                                
=== spi_slave ===                                                               
                                                                                
        +----------Local Count, excluding submodules.                           
        |                                                                       
      471 wires                                                                 
      603 wire bits                                                             
       42 public wires                                                          
      160 public wire bits                                                      
       11 ports                                                                 
       32 port bits                                                             
      584 cells                                                                 
      187   $_ANDNOT_                                                           
        7   $_AND_                                                              
       98   $_DFFE_PN0P_                                                        
       17   $_DFFE_PN1P_                                                        
       25   $_DFF_PN0_                                                          
        1   $_DFF_PN1_                                                          
       12   $_MUX_                                                              
       12   $_NAND_                                                             
        5   $_NOR_                                                              
        5   $_NOT_                                                              
       10   $_ORNOT_                                                            
      199   $_OR_                                                               
        2   $_XNOR_                                                             
        4   $_XOR_                                                              
                                                                                
127. Executing OPT pass (performing simple optimizations).                      
                                                                                
127.1. Executing OPT_EXPR pass (perform const folding).                         
Optimizing module spi_slave.                                                    
                                                                                
127.2. Executing OPT_MERGE pass (detect identical cells).                       
Finding identical cells in module `\spi_slave'.                                 
Computing hashes of 584 cells of `\spi_slave'.                                  
Finding duplicate cells in `\spi_slave'.                                        
Removed a total of 0 cells.                                                     
                                                                                
127.3. Executing OPT_MUXTREE pass (detect dead branches in mux trees).          
Running muxtree optimizer on module \spi_slave..                                
  Creating internal representation of mux trees.                                
  No muxes found in this module.                                                
Removed 0 multiplexer ports.                                                    
                                                                                
127.4. Executing OPT_REDUCE pass (consolidate $*mux and $reduce_* inputs).      
  Optimizing cells in module \spi_slave.                                        
Performed a total of 0 changes.                                                 
                                                                                
127.5. Executing OPT_MERGE pass (detect identical cells).                       
Finding identical cells in module `\spi_slave'.                                 
Computing hashes of 584 cells of `\spi_slave'.                                  
Finding duplicate cells in `\spi_slave'.                                        
Removed a total of 0 cells.                                                     
                                                                                
127.6. Executing OPT_DFF pass (perform DFF optimizations).                      
                                                                                
127.7. Executing OPT_CLEAN pass (remove unused cells and wires).                
Finding unused cells or wires in module \spi_slave..                            
                                                                                
127.8. Executing OPT_EXPR pass (perform const folding).                         
Optimizing module spi_slave.                                                    
                                                                                
127.9. Finished fast OPT passes. (There is nothing left to do.)                 
                                                                                
128. Executing OPT_CLEAN pass (remove unused cells and wires).                  
Finding unused cells or wires in module \spi_slave..                            
{                                                                               
   "creator": "Yosys 0.67 (git sha1 2d1509d1b, Release, GNU /usr/bin/c++        
13.3.0)",                                                                       
   "invocation": "stat -json -liberty                                           
/foss/designs/spi-slave-ihp/allmodes/flow_hv/runs/RUN_2026-08-16_13-42-22/tmp/3c
5e3521f61a496db4918a5fa7783012.lib ",                                           
   "modules": {                                                                 
      "\\spi_slave": {                                                          
         "num_wires":         471,                                              
         "num_wire_bits":     603,                                              
         "num_pub_wires":     42,                                               
         "num_pub_wire_bits": 160,                                              
         "num_ports":         11,                                               
         "num_port_bits":     32,                                               
         "num_memories":      0,                                                
         "num_memory_bits":   0,                                                
         "num_processes":     0,                                                
         "num_cells":         584,                                              
         "num_submodules":       0,                                             
         "num_cells_by_type": {                                                 
            "$_ANDNOT_": 187,                                                   
            "$_AND_": 7,                                                        
            "$_DFFE_PN0P_": 98,                                                 
            "$_DFFE_PN1P_": 17,                                                 
            "$_DFF_PN0_": 25,                                                   
            "$_DFF_PN1_": 1,                                                    
            "$_MUX_": 12,                                                       
            "$_NAND_": 12,                                                      
            "$_NOR_": 5,                                                        
            "$_NOT_": 5,                                                        
            "$_ORNOT_": 10,                                                     
            "$_OR_": 199,                                                       
            "$_XNOR_": 2,                                                       
            "$_XOR_": 4                                                         
         }                                                                      
      }                                                                         
   },                                                                           
      "design": {                                                               
         "num_wires":         471,                                              
         "num_wire_bits":     603,                                              
         "num_pub_wires":     42,                                               
         "num_pub_wire_bits": 160,                                              
         "num_ports":         11,                                               
         "num_port_bits":     32,                                               
         "num_memories":      0,                                                
         "num_memory_bits":   0,                                                
         "num_processes":     0,                                                
         "num_cells":         584,                                              
         "num_submodules":       0,                                             
         "num_cells_by_type": {                                                 
            "$_ANDNOT_": 187,                                                   
            "$_AND_": 7,                                                        
            "$_DFFE_PN0P_": 98,                                                 
            "$_DFFE_PN1P_": 17,                                                 
            "$_DFF_PN0_": 25,                                                   
            "$_DFF_PN1_": 1,                                                    
            "$_MUX_": 12,                                                       
            "$_NAND_": 12,                                                      
            "$_NOR_": 5,                                                        
            "$_NOT_": 5,                                                        
            "$_ORNOT_": 10,                                                     
            "$_OR_": 199,                                                       
            "$_XNOR_": 2,                                                       
            "$_XOR_": 4                                                         
         }                                                                      
      }                                                                         
}                                                                               
                                                                                
129. Printing statistics.                                                       
                                                                                
=== spi_slave ===                                                               
                                                                                
        +----------Local Count, excluding submodules.                           
        |                                                                       
      471 wires                                                                 
      603 wire bits                                                             
       42 public wires                                                          
      160 public wire bits                                                      
       11 ports                                                                 
       32 port bits                                                             
      584 cells                                                                 
      187   $_ANDNOT_                                                           
        7   $_AND_                                                              
       98   $_DFFE_PN0P_                                                        
       17   $_DFFE_PN1P_                                                        
       25   $_DFF_PN0_                                                          
        1   $_DFF_PN1_                                                          
       12   $_MUX_                                                              
       12   $_NAND_                                                             
        5   $_NOR_                                                              
        5   $_NOT_                                                              
       10   $_ORNOT_                                                            
      199   $_OR_                                                               
        2   $_XNOR_                                                             
        4   $_XOR_                                                              
                                                                                
   Area for cell type $_ANDNOT_ is unknown!                                     
   Area for cell type $_AND_ is unknown!                                        
   Area for cell type $_DFFE_PN0P_ is unknown!                                  
   Area for cell type $_DFFE_PN1P_ is unknown!                                  
   Area for cell type $_DFF_PN0_ is unknown!                                    
   Area for cell type $_DFF_PN1_ is unknown!                                    
   Area for cell type $_MUX_ is unknown!                                        
   Area for cell type $_NAND_ is unknown!                                       
   Area for cell type $_NOR_ is unknown!                                        
   Area for cell type $_NOT_ is unknown!                                        
   Area for cell type $_ORNOT_ is unknown!                                      
   Area for cell type $_OR_ is unknown!                                         
   Area for cell type $_XNOR_ is unknown!                                       
   Area for cell type $_XOR_ is unknown!                                        
                                                                                
[INFO] Applying extra mappings from                                             
'/foss/designs/spi-slave-ihp/allmodes/flow_hv/hv_dff_map.v'…                    
                                                                                
130. Executing TECHMAP pass (map to technology primitives).                     
                                                                                
130.1. Executing Verilog-2005 frontend:                                         
/foss/designs/spi-slave-ihp/allmodes/flow_hv/hv_dff_map.v                       
Parsing Verilog input from                                                      
`/foss/designs/spi-slave-ihp/allmodes/flow_hv/hv_dff_map.v' to AST              
representation.                                                                 
Generating RTLIL representation for module `$_DFF_PN0_'.                        
Generating RTLIL representation for module `$_DFF_PN1_'.                        
Generating RTLIL representation for module `$_DFFE_PN0P_'.                      
Generating RTLIL representation for module `$_DFFE_PN1P_'.                      
Successfully finished Verilog frontend.                                         
                                                                                
130.2. Continuing TECHMAP pass.                                                 
Using template $_DFF_PN0_ for cells of type $_DFF_PN0_.                         
Using template $_DFF_PN1_ for cells of type $_DFF_PN1_.                         
Using template $_DFFE_PN0P_ for cells of type $_DFFE_PN0P_.                     
Using template $_DFFE_PN1P_ for cells of type $_DFFE_PN1P_.                     
No more expansions possible.                                                    
<suppressed ~147 debug messages>                                                
                                                                                
131. Executing DFFLIBMAP pass (mapping DFF cells to sequential cells from       
liberty file).                                                                  
  final dff cell mappings:                                                      
    unmapped dff cell: $_DFF_N_                                                 
    unmapped dff cell: $_DFF_P_                                                 
    unmapped dff cell: $_DFF_NN0_                                               
    unmapped dff cell: $_DFF_NN1_                                               
    unmapped dff cell: $_DFF_NP0_                                               
    unmapped dff cell: $_DFF_NP1_                                               
    unmapped dff cell: $_DFF_PN0_                                               
    unmapped dff cell: $_DFF_PN1_                                               
    unmapped dff cell: $_DFF_PP0_                                               
    unmapped dff cell: $_DFF_PP1_                                               
    unmapped dff cell: $_DFFE_NN_                                               
    unmapped dff cell: $_DFFE_NP_                                               
    unmapped dff cell: $_DFFE_PN_                                               
    unmapped dff cell: $_DFFE_PP_                                               
    unmapped dff cell: $_DFFSR_NNN_                                             
    unmapped dff cell: $_DFFSR_NNP_                                             
    unmapped dff cell: $_DFFSR_NPN_                                             
    unmapped dff cell: $_DFFSR_NPP_                                             
    unmapped dff cell: $_DFFSR_PNN_                                             
    unmapped dff cell: $_DFFSR_PNP_                                             
    unmapped dff cell: $_DFFSR_PPN_                                             
    unmapped dff cell: $_DFFSR_PPP_                                             
                                                                                
131.1. Executing DFFLEGALIZE pass (convert FFs to types supported by the        
target).                                                                        
<suppressed ~1 debug messages>                                                  
Mapping DFF cells in module `\spi_slave':                                       
{                                                                               
   "creator": "Yosys 0.67 (git sha1 2d1509d1b, Release, GNU /usr/bin/c++        
13.3.0)",                                                                       
   "invocation": "stat -json -liberty                                           
/foss/designs/spi-slave-ihp/allmodes/flow_hv/runs/RUN_2026-08-16_13-42-22/tmp/3c
5e3521f61a496db4918a5fa7783012.lib ",                                           
   "modules": {                                                                 
      "\\spi_slave": {                                                          
         "num_wires":         1265,                                             
         "num_wire_bits":     1397,                                             
         "num_pub_wires":     42,                                               
         "num_pub_wire_bits": 160,                                              
         "num_ports":         11,                                               
         "num_port_bits":     32,                                               
         "num_memories":      0,                                                
         "num_memory_bits":   0,                                                
         "num_processes":     0,                                                
         "num_cells":         699,                                              
         "num_submodules":       0,                                             
         "area":              29960.582400,                                     
         "sequential_area":    29960.582400,                                    
         "num_cells_by_type": {                                                 
            "$_ANDNOT_": 187,                                                   
            "$_AND_": 7,                                                        
            "$_MUX_": 12,                                                       
            "$_NAND_": 12,                                                      
            "$_NOR_": 5,                                                        
            "$_NOT_": 120,                                                      
            "$_ORNOT_": 10,                                                     
            "$_OR_": 199,                                                       
            "$_XNOR_": 2,                                                       
            "$_XOR_": 4,                                                        
            "sg13g2_hv_sdfbbp_1": 141                                           
         }                                                                      
      }                                                                         
   },                                                                           
      "design": {                                                               
         "num_wires":         1265,                                             
         "num_wire_bits":     1397,                                             
         "num_pub_wires":     42,                                               
         "num_pub_wire_bits": 160,                                              
         "num_ports":         11,                                               
         "num_port_bits":     32,                                               
         "num_memories":      0,                                                
         "num_memory_bits":   0,                                                
         "num_processes":     0,                                                
         "num_cells":         699,                                              
         "num_submodules":       0,                                             
         "area":              29960.582400,                                     
         "sequential_area":    29960.582400,                                    
         "num_cells_by_type": {                                                 
            "$_ANDNOT_": 187,                                                   
            "$_AND_": 7,                                                        
            "$_MUX_": 12,                                                       
            "$_NAND_": 12,                                                      
            "$_NOR_": 5,                                                        
            "$_NOT_": 120,                                                      
            "$_ORNOT_": 10,                                                     
            "$_OR_": 199,                                                       
            "$_XNOR_": 2,                                                       
            "$_XOR_": 4,                                                        
            "sg13g2_hv_sdfbbp_1": 141                                           
         }                                                                      
      }                                                                         
}                                                                               
                                                                                
132. Printing statistics.                                                       
                                                                                
=== spi_slave ===                                                               
                                                                                
        +----------Local Count, excluding submodules.                           
        |        +-Local Area, excluding submodules.                            
        |        |                                                              
     1265        - wires                                                        
     1397        - wire bits                                                    
       42        - public wires                                                 
      160        - public wire bits                                             
       11        - ports                                                        
       32        - port bits                                                    
      699    3E+04 cells                                                        
      187        -   $_ANDNOT_                                                  
        7        -   $_AND_                                                     
       12        -   $_MUX_                                                     
       12        -   $_NAND_                                                    
        5        -   $_NOR_                                                     
      120        -   $_NOT_                                                     
       10        -   $_ORNOT_                                                   
      199        -   $_OR_                                                      
        2        -   $_XNOR_                                                    
        4        -   $_XOR_                                                     
      141    3E+04   sg13g2_hv_sdfbbp_1                                         
                                                                                
   Area for cell type $_ANDNOT_ is unknown!                                     
   Area for cell type $_AND_ is unknown!                                        
   Area for cell type $_MUX_ is unknown!                                        
   Area for cell type $_NAND_ is unknown!                                       
   Area for cell type $_NOR_ is unknown!                                        
   Area for cell type $_NOT_ is unknown!                                        
   Area for cell type $_ORNOT_ is unknown!                                      
   Area for cell type $_OR_ is unknown!                                         
   Area for cell type $_XNOR_ is unknown!                                       
   Area for cell type $_XOR_ is unknown!                                        
                                                                                
   Chip area for module '\spi_slave': 29960.582400                              
     of which used for sequential elements: 29960.582400 (100.00%)              
                                                                                
[INFO] Using generated ABC script                                               
'/foss/designs/spi-slave-ihp/allmodes/flow_hv/runs/RUN_2026-08-16_13-42-22/06-yo
sys-synthesis/AREA_0.abc'…                                                      
                                                                                
133. Executing ABC pass (technology mapping using ABC).                         
                                                                                
133.1. Extracting gate netlist of module `\spi_slave' to                        
`/tmp/yosys-abc-urLLOe/input.blif'..                                            
                                                                                
133.1.1. Executed ABC.                                                          
Extracted 558 gates and 670 wires to a netlist network with 112 inputs and 154  
outputs.                                                                        
Running ABC script: /tmp/yosys-abc-urLLOe/abc.script                            
ABC: UC Berkeley, ABC 1.01 (compiled Jul 27 2026 18:12:25)                      
ABC: abc 01> empty                                                              
ABC: abc 01> source /tmp/yosys-abc-urLLOe/abc.script                            
ABC: + read_blif /tmp/yosys-abc-urLLOe/input.blif                               
ABC: + read_scl /tmp/yosys-liberty-scl-cache/yosys_merged_e54f7824.scl          
ABC: + read_constr -v                                                           
/foss/designs/spi-slave-ihp/allmodes/flow_hv/runs/RUN_2026-08-16_13-42-22/06-yos
ys-synthesis/synthesis.abc.sdc                                                  
ABC: Setting driving cell to be "sg13g2_hv_buf_4/X".                            
ABC: Setting output load to be 6.000000.                                        
ABC: + source                                                                   
/foss/designs/spi-slave-ihp/allmodes/flow_hv/runs/RUN_2026-08-16_13-42-22/06-yos
ys-synthesis/AREA_0.abc                                                         
ABC: Error: The network is combinational.                                       
ABC: Cannot find the default PI driving cell (sg13g2_hv_buf_4/X) in the library.
ABC: WireLoad = "none"  Gates =    322 (  5.9 %)   Cap = 14.1 ff (  0.5 %)      
Area =     8406.92 ( 98.8 %)   Delay =  3088.80 ps  (  4.3 %)                   
ABC: Path  0 --      12 : 0    1 pi                A =   0.00  Df =   0.0   -0.0
ps  S =   0.0 ps  Cin =  0.0 ff  Cout =   5.7 ff  Cmax =   0.0 ff  G =    0     
ABC: Path  1 --     297 : 4   16 sg13g2_hv_or4_1   A =  41.13  Df = 893.0  -88.1
ps  S = 648.4 ps  Cin =  5.2 ff  Cout = 106.6 ff  Cmax =   0.0 ff  G = 1875     
ABC: Path  2 --     298 : 4   16 sg13g2_hv_nor4_1  A =  30.84  Df =2297.6   -0.8
ps  S =1785.1 ps  Cin =  6.0 ff  Cout = 102.3 ff  Cmax =   0.0 ff  G = 1692     
ABC: Path  3 --     418 : 4    1 sg13g2_hv_a22oi_1 A =  37.70  Df =2714.0   -0.7
ps  S = 463.9 ps  Cin =  6.4 ff  Cout =   5.3 ff  Cmax =   0.0 ff  G =   83     
ABC: Path  4 --     419 : 2    1 sg13g2_hv_and2_1  A =  23.99  Df =2951.9   -0.2
ps  S =  71.9 ps  Cin =  4.9 ff  Cout =   6.0 ff  Cmax =   0.0 ff  G =  121     
ABC: Path  5 --     422 : 3    1 sg13g2_hv_nand3_1 A =  23.99  Df =3088.8   -0.0
ps  S = 195.2 ps  Cin =  6.3 ff  Cout =   6.0 ff  Cmax =   0.0 ff  G =   95     
ABC: Start-point = pi11 (\Add_SPI [3]).  End-point = po137                      
($abc$2079$procmux$71_Y[0]).                                                    
ABC: netlist                       : i/o =  112/  154  lat =    0  nd =   322   
edge =    844  area =8406.69  delay = 5.00  lev = 5                             
ABC: + write_blif /tmp/yosys-abc-urLLOe/output.blif                             
ABC:                                                                            
ABC: YOSYS_ABC_DONE                                                             
                                                                                
133.1.2. Re-integrating ABC results.                                            
ABC RESULTS:   sg13g2_hv_a21o_1 cells:        1                                 
ABC RESULTS:   sg13g2_hv_a21oi_1 cells:       21                                
ABC RESULTS:   sg13g2_hv_a221oi_1 cells:       19                               
ABC RESULTS:   sg13g2_hv_a22oi_1 cells:       32                                
ABC RESULTS:   sg13g2_hv_and2_1 cells:       43                                 
ABC RESULTS:   sg13g2_hv_buf_1 cells:        4                                  
ABC RESULTS:   sg13g2_hv_inv_1 cells:       15                                  
ABC RESULTS:   sg13g2_hv_mux2_1 cells:        8                                 
ABC RESULTS:   sg13g2_hv_nand2_1 cells:       93                                
ABC RESULTS:   sg13g2_hv_nand2b_1 cells:       15                               
ABC RESULTS:   sg13g2_hv_nand3_1 cells:       31                                
ABC RESULTS:   sg13g2_hv_nor2_1 cells:        5                                 
ABC RESULTS:   sg13g2_hv_nor3_1 cells:       12                                 
ABC RESULTS:   sg13g2_hv_nor4_1 cells:        6                                 
ABC RESULTS:   sg13g2_hv_o21ai_1 cells:        9                                
ABC RESULTS:   sg13g2_hv_or2_1 cells:        4                                  
ABC RESULTS:   sg13g2_hv_or4_1 cells:        2                                  
ABC RESULTS:   sg13g2_hv_xnor2_1 cells:        1                                
ABC RESULTS:   sg13g2_hv_xor2_1 cells:        1                                 
ABC RESULTS:        internal signals:      404                                  
ABC RESULTS:           input signals:      112                                  
ABC RESULTS:          output signals:      154                                  
Removing temp directory.                                                        
Removing global temp directory.                                                 
                                                                                
134. Executing SETUNDEF pass (replace undef values with defined constants).     
                                                                                
135. Executing HILOMAP pass (mapping to constant drivers).                      
                                                                                
136. Executing SPLITNETS pass (splitting up multi-bit signals).                 
                                                                                
137. Executing OPT_CLEAN pass (remove unused cells and wires).                  
Finding unused cells or wires in module \spi_slave..                            
Removed 1 unused cells and 1354 unused wires.                                   
<suppressed ~3 debug messages>                                                  
                                                                                
138. Executing INSBUF pass (insert buffer cells for connected wires).           
                                                                                
139. Executing CHECK pass (checking for obvious problems).                      
Checking module spi_slave...                                                    
Found and reported 0 problems.                                                  
{                                                                               
   "creator": "Yosys 0.67 (git sha1 2d1509d1b, Release, GNU /usr/bin/c++        
13.3.0)",                                                                       
   "invocation": "stat -json -liberty                                           
/foss/designs/spi-slave-ihp/allmodes/flow_hv/runs/RUN_2026-08-16_13-42-22/tmp/3c
5e3521f61a496db4918a5fa7783012.lib ",                                           
   "modules": {                                                                 
      "\\spi_slave": {                                                          
         "num_wires":         653,                                              
         "num_wire_bits":     674,                                              
         "num_pub_wires":     138,                                              
         "num_pub_wire_bits": 159,                                              
         "num_ports":         11,                                               
         "num_port_bits":     32,                                               
         "num_memories":      0,                                                
         "num_memory_bits":   0,                                                
         "num_processes":     0,                                                
         "num_cells":         659,                                              
         "num_submodules":       0,                                             
         "area":              41054.428800,                                     
         "sequential_area":    29960.582400,                                    
         "num_cells_by_type": {                                                 
            "sg13g2_hv_a21o_1": 1,                                              
            "sg13g2_hv_a21oi_1": 21,                                            
            "sg13g2_hv_a221oi_1": 19,                                           
            "sg13g2_hv_a22oi_1": 32,                                            
            "sg13g2_hv_and2_1": 43,                                             
            "sg13g2_hv_buf_1": 4,                                               
            "sg13g2_hv_inv_1": 15,                                              
            "sg13g2_hv_mux2_1": 8,                                              
            "sg13g2_hv_nand2_1": 93,                                            
            "sg13g2_hv_nand2b_1": 15,                                           
            "sg13g2_hv_nand3_1": 31,                                            
            "sg13g2_hv_nor2_1": 5,                                              
            "sg13g2_hv_nor3_1": 12,                                             
            "sg13g2_hv_nor4_1": 6,                                              
            "sg13g2_hv_o21ai_1": 9,                                             
            "sg13g2_hv_or2_1": 4,                                               
            "sg13g2_hv_or4_1": 2,                                               
            "sg13g2_hv_sdfbbp_1": 141,                                          
            "sg13g2_hv_tiehi": 141,                                             
            "sg13g2_hv_tielo": 55,                                              
            "sg13g2_hv_xnor2_1": 1,                                             
            "sg13g2_hv_xor2_1": 1                                               
         }                                                                      
      }                                                                         
   },                                                                           
      "design": {                                                               
         "num_wires":         653,                                              
         "num_wire_bits":     674,                                              
         "num_pub_wires":     138,                                              
         "num_pub_wire_bits": 159,                                              
         "num_ports":         11,                                               
         "num_port_bits":     32,                                               
         "num_memories":      0,                                                
         "num_memory_bits":   0,                                                
         "num_processes":     0,                                                
         "num_cells":         659,                                              
         "num_submodules":       0,                                             
         "area":              41054.428800,                                     
         "sequential_area":    29960.582400,                                    
         "num_cells_by_type": {                                                 
            "sg13g2_hv_a21o_1": 1,                                              
            "sg13g2_hv_a21oi_1": 21,                                            
            "sg13g2_hv_a221oi_1": 19,                                           
            "sg13g2_hv_a22oi_1": 32,                                            
            "sg13g2_hv_and2_1": 43,                                             
            "sg13g2_hv_buf_1": 4,                                               
            "sg13g2_hv_inv_1": 15,                                              
            "sg13g2_hv_mux2_1": 8,                                              
            "sg13g2_hv_nand2_1": 93,                                            
            "sg13g2_hv_nand2b_1": 15,                                           
            "sg13g2_hv_nand3_1": 31,                                            
            "sg13g2_hv_nor2_1": 5,                                              
            "sg13g2_hv_nor3_1": 12,                                             
            "sg13g2_hv_nor4_1": 6,                                              
            "sg13g2_hv_o21ai_1": 9,                                             
            "sg13g2_hv_or2_1": 4,                                               
            "sg13g2_hv_or4_1": 2,                                               
            "sg13g2_hv_sdfbbp_1": 141,                                          
            "sg13g2_hv_tiehi": 141,                                             
            "sg13g2_hv_tielo": 55,                                              
            "sg13g2_hv_xnor2_1": 1,                                             
            "sg13g2_hv_xor2_1": 1                                               
         }                                                                      
      }                                                                         
}                                                                               
                                                                                
140. Printing statistics.                                                       
                                                                                
=== spi_slave ===                                                               
                                                                                
        +----------Local Count, excluding submodules.                           
        |        +-Local Area, excluding submodules.                            
        |        |                                                              
      653        - wires                                                        
      674        - wire bits                                                    
      138        - public wires                                                 
      159        - public wire bits                                             
       11        - ports                                                        
       32        - port bits                                                    
      659 4.11E+04 cells                                                        
        1   44.554   sg13g2_hv_a21o_1                                           
       21  503.798   sg13g2_hv_a21oi_1                                          
       19  781.402   sg13g2_hv_a221oi_1                                         
       32 1.21E+03   sg13g2_hv_a22oi_1                                          
       43 1.03E+03   sg13g2_hv_and2_1                                           
        4   82.253   sg13g2_hv_buf_1                                            
       15  205.632   sg13g2_hv_inv_1                                            
        8  438.682   sg13g2_hv_mux2_1                                           
       93 1.91E+03   sg13g2_hv_nand2_1                                          
       15  359.856   sg13g2_hv_nand2b_1                                         
       31  743.702   sg13g2_hv_nand3_1                                          
        5  119.952   sg13g2_hv_nor2_1                                           
       12  287.885   sg13g2_hv_nor3_1                                           
        6  185.069   sg13g2_hv_nor4_1                                           
        9  215.914   sg13g2_hv_o21ai_1                                          
        4   95.962   sg13g2_hv_or2_1                                            
        2   82.253   sg13g2_hv_or4_1                                            
      141    3E+04   sg13g2_hv_sdfbbp_1                                         
      141 1.93E+03   sg13g2_hv_tiehi                                            
       55  753.984   sg13g2_hv_tielo                                            
        1   54.835   sg13g2_hv_xnor2_1                                          
        1   54.835   sg13g2_hv_xor2_1                                           
                                                                                
   Chip area for module '\spi_slave': 41054.428800                              
     of which used for sequential elements: 29960.582400 (72.98%)               
                                                                                
141. Executing Verilog backend.                                                 
Dumping module `\spi_slave'.                                                    
                                                                                
142. Executing JSON backend.                                                    
[13:42:24] VERBOSE  Parsing synthesis checks…                       pyosys.py:59
──────────────────────────── Unmapped Cells Checker ────────────────────────────
[13:42:24] VERBOSE  Running 'Checker.YosysUnmappedCells' at         step.py:1138
                    'runs/RUN_2026-08-16_13-42-22/07-checker-yosysu             
                    nmappedcells'…                                              
[13:42:24] INFO     Check for Unmapped Yosys instances clear.     checker.py:131
─────────────────────── Netlist Assign Statement Checker ───────────────────────
[13:42:24] VERBOSE  Running 'Checker.NetlistAssignStatements' at    step.py:1138
                    'runs/RUN_2026-08-16_13-42-22/08-checker-netlis             
                    tassignstatements'…                                         
─────────────────────────────── Check SDC Files ────────────────────────────────
[13:42:24] VERBOSE  Running 'OpenROAD.CheckSDCFiles' at             step.py:1138
                    'runs/RUN_2026-08-16_13-42-22/09-openroad-check             
                    sdcfiles'…                                                  
──────────────────────────── Check Macro Instances ─────────────────────────────
[13:42:24] VERBOSE  Running 'OpenROAD.CheckMacroInstances' at       step.py:1138
                    'runs/RUN_2026-08-16_13-42-22/10-openroad-check             
                    macroinstances'…                                            
[13:42:24] INFO     No macros found, skipping instance check…    openroad.py:693
─────────────────────────── Floorplan Initialization ───────────────────────────
[13:42:24] VERBOSE  Running 'OpenROAD.Floorplan' at                 step.py:1138
                    'runs/RUN_2026-08-16_13-42-22/11-openroad-floor             
                    plan'…                                                      
[13:42:24] VERBOSE  Logging subprocess to                           step.py:1338
                    'runs/RUN_2026-08-16_13-42-22/11-openroad-floor             
                    plan/openroad-floorplan.log'…                               
Reading timing models for corner nom_typ_3p30V_25C…                             
Reading timing library for the 'nom_typ_3p30V_25C' corner at                    
'/foss/designs/sg13g2_stdcell_hv/lib/sg13g2_stdcell_hv_typ_3p30V_25C.lib'…      
Reading technology LEF file at                                                  
'/foss/pdks/ihp-sg13g2/libs.ref/sg13g2_stdcell/lef/sg13g2_tech.lef'…            
[INFO ODB-0227] LEF file:                                                       
/foss/pdks/ihp-sg13g2/libs.ref/sg13g2_stdcell/lef/sg13g2_tech.lef, created 19   
layers, 70 vias                                                                 
Reading cell LEF file at                                                        
'/foss/designs/sg13g2_stdcell_hv/lef/sg13g2_stdcell_hv.lef'…                    
[INFO ODB-0227] LEF file:                                                       
/foss/designs/sg13g2_stdcell_hv/lef/sg13g2_stdcell_hv.lef, created 68 library   
cells                                                                           
Reading gpio pad LEF file at                                                    
'/foss/pdks/ihp-sg13g2/libs.ref/sg13g2_io/lef/sg13g2_io.lef'…                   
[INFO ODB-0227] LEF file:                                                       
/foss/pdks/ihp-sg13g2/libs.ref/sg13g2_io/lef/sg13g2_io.lef, created 22 library  
cells                                                                           
Reading top-level netlist at                                                    
'/foss/designs/spi-slave-ihp/allmodes/flow_hv/runs/RUN_2026-08-16_13-42-22/06-yo
sys-synthesis/spi_slave.nl.v'…                                                  
Linking design 'spi_slave' from netlist…                                        
[13:42:24] WARNING  [ORD-2056] The following 12 liberty cell(s)  openroad.py:314
                    do not have LEF masters and will be marked                  
                    as dont-use:                                                
  sg13g2_hv_dfrbp_1                                                             
  sg13g2_hv_dfrbp_2                                                             
  sg13g2_hv_dfrbpq_1                                                            
  sg13g2_hv_dfrbpq_2                                                            
  sg13g2_hv_dlhq_1                                                              
  sg13g2_hv_dlhr_1                                                              
  sg13g2_hv_dllr_1                                                              
  sg13g2_hv_dllrq_1                                                             
  sg13g2_hv_sdfrbp_1                                                            
  sg13g2_hv_sdfrbp_2                                                            
  sg13g2_hv_sdfrbpq_1                                                           
  sg13g2_hv_sdfrbpq_2                                                           
Reading design constraints file at                                              
'/foss/designs/spi-slave-ihp/allmodes/flow_hv/constraint.sdc'…                  
[INFO] No information on clock propagation in input SDC file-- propagating all  
clocks.                                                                         
Using site height: 7.14 and site width: 0.48…                                   
[INFO] Using relative sizing for the floorplan.                                 
+ initialize_floorplan -site CoreSiteHV -utilization 35 -aspect_ratio 1         
-core_space 28.56 28.56 5.76 5.76                                               
[INFO IFP-0107] Defining die area using utilization: 35.00% and aspect ratio: 1.
[INFO IFP-0001] Added 47 rows of 713 site CoreSiteHV.                           
[INFO IFP-0100] Die BBox:  (  0.000  0.000 ) ( 354.010 399.610 ) um             
[INFO IFP-0101] Core BBox: (  5.760 28.560 ) ( 348.000 364.140 ) um             
[INFO IFP-0102] Core area:                       114848.899 um^2                
[INFO IFP-0103] Total instances area:             41054.429 um^2                
[INFO IFP-0104] Effective utilization:                0.357                     
[INFO IFP-0105] Number of instances:                    659                     
[INFO IFP-0030] Inserted 0 tiecells using sg13g2_hv_tielo/L_LO.                 
[INFO IFP-0030] Inserted 0 tiecells using sg13g2_hv_tiehi/L_HI.                 
[INFO] Extracting DIE_AREA and CORE_AREA from the floorplan                     
[INFO] Floorplanned on a die area of 0.0 0.0 354.01 399.61 (µm).                
[INFO] Floorplanned on a core area of 5.76 28.56 348.0 364.14 (µm).             
Writing metric design__die__bbox: 0.0 0.0 354.01 399.61                         
Writing metric design__core__bbox: 5.76 28.56 348.0 364.14                      
Setting global connections for newly added cells…                               
[INFO] Setting global connections...                                            
[INFO ODB-0403] 0 connections made, 0 conflicts skipped.                        
Updating metrics…                                                               
Cell type report:                       Count       Area                        
  Buffer                                    4      82.25                        
  Inverter                                 15     205.63                        
  Sequential cell                         141   29960.58                        
  Multi-Input combinational cell          499   10805.96                        
  Total                                   659   41054.43                        
Writing OpenROAD database to                                                    
'/foss/designs/spi-slave-ihp/allmodes/flow_hv/runs/RUN_2026-08-16_13-42-22/11-op
enroad-floorplan/spi_slave.odb'…                                                
Writing netlist to                                                              
'/foss/designs/spi-slave-ihp/allmodes/flow_hv/runs/RUN_2026-08-16_13-42-22/11-op
enroad-floorplan/spi_slave.nl.v'…                                               
Writing powered netlist to                                                      
'/foss/designs/spi-slave-ihp/allmodes/flow_hv/runs/RUN_2026-08-16_13-42-22/11-op
enroad-floorplan/spi_slave.pnl.v'…                                              
Writing layout to                                                               
'/foss/designs/spi-slave-ihp/allmodes/flow_hv/runs/RUN_2026-08-16_13-42-22/11-op
enroad-floorplan/spi_slave.def'…                                                
Writing timing constraints to                                                   
'/foss/designs/spi-slave-ihp/allmodes/flow_hv/runs/RUN_2026-08-16_13-42-22/11-op
enroad-floorplan/spi_slave.sdc'…                                                
──────────────────────────────── Dump RC Values ────────────────────────────────
[13:42:24] VERBOSE  Running 'OpenROAD.DumpRCValues' at              step.py:1138
                    'runs/RUN_2026-08-16_13-42-22/12-openroad-dumpr             
                    cvalues'…                                                   
[13:42:24] VERBOSE  Logging subprocess to                           step.py:1338
                    'runs/RUN_2026-08-16_13-42-22/12-openroad-dumpr             
                    cvalues/openroad-dumprcvalues.log'…                         
Reading timing models for corner nom_typ_3p30V_25C…                             
Reading timing library for the 'nom_typ_3p30V_25C' corner at                    
'/foss/designs/sg13g2_stdcell_hv/lib/sg13g2_stdcell_hv_typ_3p30V_25C.lib'…      
Reading technology LEF file at                                                  
'/foss/pdks/ihp-sg13g2/libs.ref/sg13g2_stdcell/lef/sg13g2_tech.lef'…            
[INFO ODB-0227] LEF file:                                                       
/foss/pdks/ihp-sg13g2/libs.ref/sg13g2_stdcell/lef/sg13g2_tech.lef, created 19   
layers, 70 vias                                                                 
Reading cell LEF file at                                                        
'/foss/designs/sg13g2_stdcell_hv/lef/sg13g2_stdcell_hv.lef'…                    
[INFO ODB-0227] LEF file:                                                       
/foss/designs/sg13g2_stdcell_hv/lef/sg13g2_stdcell_hv.lef, created 68 library   
cells                                                                           
Reading gpio pad LEF file at                                                    
'/foss/pdks/ihp-sg13g2/libs.ref/sg13g2_io/lef/sg13g2_io.lef'…                   
[INFO ODB-0227] LEF file:                                                       
/foss/pdks/ihp-sg13g2/libs.ref/sg13g2_io/lef/sg13g2_io.lef, created 22 library  
cells                                                                           
[INFO ODB-0127] Reading DEF file:                                               
/foss/designs/spi-slave-ihp/allmodes/flow_hv/runs/RUN_2026-08-16_13-42-22/11-ope
nroad-floorplan/spi_slave.def                                                   
[INFO ODB-0128] Design: spi_slave                                               
[INFO ODB-0130]     Created 32 pins.                                            
[INFO ODB-0131]     Created 659 components and 3808 component-terminals.        
[INFO ODB-0132]     Created 2 special nets and 1318 connections.                
[INFO ODB-0133]     Created 674 nets and 2349 connections.                      
[INFO ODB-0134] Finished DEF file:                                              
/foss/designs/spi-slave-ihp/allmodes/flow_hv/runs/RUN_2026-08-16_13-42-22/11-ope
nroad-floorplan/spi_slave.def                                                   
[13:42:24] WARNING  [ORD-2056] The following 12 liberty cell(s)  openroad.py:314
                    do not have LEF masters and will be marked                  
                    as dont-use:                                                
  sg13g2_hv_dfrbp_1                                                             
  sg13g2_hv_dfrbp_2                                                             
  sg13g2_hv_dfrbpq_1                                                            
  sg13g2_hv_dfrbpq_2                                                            
  sg13g2_hv_dlhq_1                                                              
  sg13g2_hv_dlhr_1                                                              
  sg13g2_hv_dllr_1                                                              
  sg13g2_hv_dllrq_1                                                             
  sg13g2_hv_sdfrbp_1                                                            
  sg13g2_hv_sdfrbp_2                                                            
  sg13g2_hv_sdfrbpq_1                                                           
  sg13g2_hv_sdfrbpq_2                                                           
────────── Check Antenna Properties of Macros Pins in Their LEF Views ──────────
[13:42:25] VERBOSE  Running 'Odb.CheckMacroAntennaProperties' at    step.py:1138
                    'runs/RUN_2026-08-16_13-42-22/13-odb-checkmacro             
                    antennaproperties'…                                         
[13:42:25] INFO     No cells provided, skipping                       odb.py:234
                    'Odb.CheckMacroAntennaProperties'…                          
──────────────────────────── Set Power Connections ─────────────────────────────
[13:42:25] VERBOSE  Running 'Odb.SetPowerConnections' at            step.py:1138
                    'runs/RUN_2026-08-16_13-42-22/14-odb-setpowerco             
                    nnections'…                                                 
[13:42:25] VERBOSE  Logging subprocess to                           step.py:1338
                    'runs/RUN_2026-08-16_13-42-22/14-odb-setpowerco             
                    nnections/odb-setpowerconnections.log'…                     
──────────────────────────── Manual Macro Placement ────────────────────────────
[13:42:26] VERBOSE  Running 'Odb.ManualMacroPlacement' at           step.py:1138
                    'runs/RUN_2026-08-16_13-42-22/15-odb-manualmacr             
                    oplacement'…                                                
[13:42:26] INFO     No instances found, skipping                      odb.py:468
                    'Odb.ManualMacroPlacement'…                                 
─────────────────────────────────── Cut Rows ───────────────────────────────────
[13:42:26] VERBOSE  Running 'OpenROAD.CutRows' at                   step.py:1138
                    'runs/RUN_2026-08-16_13-42-22/16-openroad-cutro             
                    ws'…                                                        
[13:42:26] VERBOSE  Logging subprocess to                           step.py:1338
                    'runs/RUN_2026-08-16_13-42-22/16-openroad-cutro             
                    ws/openroad-cutrows.log'…                                   
Reading timing models for corner nom_typ_3p30V_25C…                             
Reading timing library for the 'nom_typ_3p30V_25C' corner at                    
'/foss/designs/sg13g2_stdcell_hv/lib/sg13g2_stdcell_hv_typ_3p30V_25C.lib'…      
Reading OpenROAD database at                                                    
'/foss/designs/spi-slave-ihp/allmodes/flow_hv/runs/RUN_2026-08-16_13-42-22/14-od
b-setpowerconnections/spi_slave.odb'…                                           
[13:42:26] WARNING  [ORD-2056] The following 12 liberty cell(s)  openroad.py:314
                    do not have LEF masters and will be marked                  
                    as dont-use:                                                
  sg13g2_hv_dfrbp_1                                                             
  sg13g2_hv_dfrbp_2                                                             
  sg13g2_hv_dfrbpq_1                                                            
  sg13g2_hv_dfrbpq_2                                                            
  sg13g2_hv_dlhq_1                                                              
  sg13g2_hv_dlhr_1                                                              
  sg13g2_hv_dllr_1                                                              
  sg13g2_hv_dllrq_1                                                             
  sg13g2_hv_sdfrbp_1                                                            
  sg13g2_hv_sdfrbp_2                                                            
  sg13g2_hv_sdfrbpq_1                                                           
  sg13g2_hv_sdfrbpq_2                                                           
Reading design constraints file at                                              
'/foss/designs/spi-slave-ihp/allmodes/flow_hv/constraint.sdc'…                  
[INFO] No information on clock propagation in input SDC file-- propagating all  
clocks.                                                                         
+ cut_rows -halo_width_x 10 -halo_width_y 10                                    
Setting global connections for newly added cells…                               
[INFO] Setting global connections...                                            
[INFO ODB-0403] 0 connections made, 0 conflicts skipped.                        
Updating metrics…                                                               
Cell type report:                       Count       Area                        
  Buffer                                    4      82.25                        
  Inverter                                 15     205.63                        
  Sequential cell                         141   29960.58                        
  Multi-Input combinational cell          499   10805.96                        
  Total                                   659   41054.43                        
Writing OpenROAD database to                                                    
'/foss/designs/spi-slave-ihp/allmodes/flow_hv/runs/RUN_2026-08-16_13-42-22/16-op
enroad-cutrows/spi_slave.odb'…                                                  
Writing layout to                                                               
'/foss/designs/spi-slave-ihp/allmodes/flow_hv/runs/RUN_2026-08-16_13-42-22/16-op
enroad-cutrows/spi_slave.def'…                                                  
───────────────────────────── Tap/Decap Insertion ──────────────────────────────
[13:42:26] VERBOSE  Running 'OpenROAD.TapEndcapInsertion' at        step.py:1138
                    'runs/RUN_2026-08-16_13-42-22/17-openroad-tapen             
                    dcapinsertion'…                                             
[13:42:26] VERBOSE  Logging subprocess to                           step.py:1338
                    'runs/RUN_2026-08-16_13-42-22/17-openroad-tapen             
                    dcapinsertion/openroad-tapendcapinsertion.log'…             
Reading timing models for corner nom_typ_3p30V_25C…                             
Reading timing library for the 'nom_typ_3p30V_25C' corner at                    
'/foss/designs/sg13g2_stdcell_hv/lib/sg13g2_stdcell_hv_typ_3p30V_25C.lib'…      
Reading OpenROAD database at                                                    
'/foss/designs/spi-slave-ihp/allmodes/flow_hv/runs/RUN_2026-08-16_13-42-22/16-op
enroad-cutrows/spi_slave.odb'…                                                  
[13:42:26] WARNING  [ORD-2056] The following 12 liberty cell(s)  openroad.py:314
                    do not have LEF masters and will be marked                  
                    as dont-use:                                                
  sg13g2_hv_dfrbp_1                                                             
  sg13g2_hv_dfrbp_2                                                             
  sg13g2_hv_dfrbpq_1                                                            
  sg13g2_hv_dfrbpq_2                                                            
  sg13g2_hv_dlhq_1                                                              
  sg13g2_hv_dlhr_1                                                              
  sg13g2_hv_dllr_1                                                              
  sg13g2_hv_dllrq_1                                                             
  sg13g2_hv_sdfrbp_1                                                            
  sg13g2_hv_sdfrbp_2                                                            
  sg13g2_hv_sdfrbpq_1                                                           
  sg13g2_hv_sdfrbpq_2                                                           
Reading design constraints file at                                              
'/foss/designs/spi-slave-ihp/allmodes/flow_hv/constraint.sdc'…                  
[INFO] No information on clock propagation in input SDC file-- propagating all  
clocks.                                                                         
+ tapcell -halo_width_x 10 -halo_width_y 10 -distance 0                         
Setting global connections for newly added cells…                               
[INFO] Setting global connections...                                            
[INFO ODB-0403] 0 connections made, 0 conflicts skipped.                        
Updating metrics…                                                               
Cell type report:                       Count       Area                        
  Buffer                                    4      82.25                        
  Inverter                                 15     205.63                        
  Sequential cell                         141   29960.58                        
  Multi-Input combinational cell          499   10805.96                        
  Total                                   659   41054.43                        
Writing OpenROAD database to                                                    
'/foss/designs/spi-slave-ihp/allmodes/flow_hv/runs/RUN_2026-08-16_13-42-22/17-op
enroad-tapendcapinsertion/spi_slave.odb'…                                       
Writing netlist to                                                              
'/foss/designs/spi-slave-ihp/allmodes/flow_hv/runs/RUN_2026-08-16_13-42-22/17-op
enroad-tapendcapinsertion/spi_slave.nl.v'…                                      
Writing powered netlist to                                                      
'/foss/designs/spi-slave-ihp/allmodes/flow_hv/runs/RUN_2026-08-16_13-42-22/17-op
enroad-tapendcapinsertion/spi_slave.pnl.v'…                                     
Writing layout to                                                               
'/foss/designs/spi-slave-ihp/allmodes/flow_hv/runs/RUN_2026-08-16_13-42-22/17-op
enroad-tapendcapinsertion/spi_slave.def'…                                       
Writing timing constraints to                                                   
'/foss/designs/spi-slave-ihp/allmodes/flow_hv/runs/RUN_2026-08-16_13-42-22/17-op
enroad-tapendcapinsertion/spi_slave.sdc'…                                       
───────────────────────────── Add PDN obstructions ─────────────────────────────
[13:42:26] VERBOSE  Running 'Odb.AddPDNObstructions' at             step.py:1138
                    'runs/RUN_2026-08-16_13-42-22/18-odb-addpdnobst             
                    ructions'…                                                  
[13:42:26] INFO     'PDN_OBSTRUCTIONS' is not defined. Skipping       odb.py:589
                    'Odb.AddPDNObstructions'…                                   
──────────────────── Power Distribution Network Generation ─────────────────────
[13:42:26] VERBOSE  Running 'OpenROAD.GeneratePDN' at               step.py:1138
                    'runs/RUN_2026-08-16_13-42-22/19-openroad-gener             
                    atepdn'…                                                    
[13:42:26] INFO     'PDN_CFG' not explicitly set, setting it to openroad.py:1495
                    /usr/local/lib/python3.12/dist-packages/lib                 
                    relane/scripts/openroad/common/pdn_cfg.tcl…                 
[13:42:26] VERBOSE  Logging subprocess to                           step.py:1338
                    'runs/RUN_2026-08-16_13-42-22/19-openroad-gener             
                    atepdn/openroad-generatepdn.log'…                           
Reading timing models for corner nom_typ_3p30V_25C…                             
Reading timing library for the 'nom_typ_3p30V_25C' corner at                    
'/foss/designs/sg13g2_stdcell_hv/lib/sg13g2_stdcell_hv_typ_3p30V_25C.lib'…      
Reading OpenROAD database at                                                    
'/foss/designs/spi-slave-ihp/allmodes/flow_hv/runs/RUN_2026-08-16_13-42-22/17-op
enroad-tapendcapinsertion/spi_slave.odb'…                                       
[13:42:27] WARNING  [ORD-2056] The following 12 liberty cell(s)  openroad.py:314
                    do not have LEF masters and will be marked                  
                    as dont-use:                                                
  sg13g2_hv_dfrbp_1                                                             
  sg13g2_hv_dfrbp_2                                                             
  sg13g2_hv_dfrbpq_1                                                            
  sg13g2_hv_dfrbpq_2                                                            
  sg13g2_hv_dlhq_1                                                              
  sg13g2_hv_dlhr_1                                                              
  sg13g2_hv_dllr_1                                                              
  sg13g2_hv_dllrq_1                                                             
  sg13g2_hv_sdfrbp_1                                                            
  sg13g2_hv_sdfrbp_2                                                            
  sg13g2_hv_sdfrbpq_1                                                           
  sg13g2_hv_sdfrbpq_2                                                           
Reading design constraints file at                                              
'/foss/designs/spi-slave-ihp/allmodes/flow_hv/constraint.sdc'…                  
[INFO] No information on clock propagation in input SDC file-- propagating all  
clocks.                                                                         
[INFO] Setting global connections...                                            
[INFO ODB-0403] 0 connections made, 0 conflicts skipped.                        
+ pdngen                                                                        
[INFO PDN-0001] Inserting grid: stdcell_grid                                    
Setting global connections for newly added cells…                               
[INFO] Setting global connections...                                            
[INFO ODB-0403] 0 connections made, 0 conflicts skipped.                        
Updating metrics…                                                               
Cell type report:                       Count       Area                        
  Buffer                                    4      82.25                        
  Inverter                                 15     205.63                        
  Sequential cell                         141   29960.58                        
  Multi-Input combinational cell          499   10805.96                        
  Total                                   659   41054.43                        
Writing OpenROAD database to                                                    
'/foss/designs/spi-slave-ihp/allmodes/flow_hv/runs/RUN_2026-08-16_13-42-22/19-op
enroad-generatepdn/spi_slave.odb'…                                              
Writing netlist to                                                              
'/foss/designs/spi-slave-ihp/allmodes/flow_hv/runs/RUN_2026-08-16_13-42-22/19-op
enroad-generatepdn/spi_slave.nl.v'…                                             
Writing powered netlist to                                                      
'/foss/designs/spi-slave-ihp/allmodes/flow_hv/runs/RUN_2026-08-16_13-42-22/19-op
enroad-generatepdn/spi_slave.pnl.v'…                                            
Writing layout to                                                               
'/foss/designs/spi-slave-ihp/allmodes/flow_hv/runs/RUN_2026-08-16_13-42-22/19-op
enroad-generatepdn/spi_slave.def'…                                              
Writing timing constraints to                                                   
'/foss/designs/spi-slave-ihp/allmodes/flow_hv/runs/RUN_2026-08-16_13-42-22/19-op
enroad-generatepdn/spi_slave.sdc'…                                              
[INFO PSM-0040] All shapes on net VPWR are connected.                           
[INFO PSM-0040] All shapes on net VGND are connected.                           
─────────────────────────── Remove PDN obstructions ────────────────────────────
[13:42:27] VERBOSE  Running 'Odb.RemovePDNObstructions' at          step.py:1138
                    'runs/RUN_2026-08-16_13-42-22/20-odb-removepdno             
                    bstructions'…                                               
[13:42:27] INFO     'PDN_OBSTRUCTIONS' is not defined. Skipping       odb.py:589
                    'Odb.RemovePDNObstructions'…                                
─────────────────────────────── Add Obstructions ───────────────────────────────
[13:42:27] VERBOSE  Running 'Odb.AddRoutingObstructions' at         step.py:1138
                    'runs/RUN_2026-08-16_13-42-22/21-odb-addrouting             
                    obstructions'…                                              
[13:42:27] INFO     'ROUTING_OBSTRUCTIONS' is not defined. Skipping   odb.py:589
                    'Odb.AddRoutingObstructions'…                               
─────────────────────────── Global Placement Skip IO ───────────────────────────
[13:42:27] VERBOSE  Running 'OpenROAD.GlobalPlacementSkipIO' at     step.py:1138
                    'runs/RUN_2026-08-16_13-42-22/22-openroad-globa             
                    lplacementskipio'…                                          
[13:42:27] VERBOSE  Logging subprocess to                           step.py:1338
                    'runs/RUN_2026-08-16_13-42-22/22-openroad-globa             
                    lplacementskipio/openroad-globalplacementskipio             
                    .log'…                                                      
Reading timing models for corner nom_typ_3p30V_25C…                             
Reading timing library for the 'nom_typ_3p30V_25C' corner at                    
'/foss/designs/sg13g2_stdcell_hv/lib/sg13g2_stdcell_hv_typ_3p30V_25C.lib'…      
Reading OpenROAD database at                                                    
'/foss/designs/spi-slave-ihp/allmodes/flow_hv/runs/RUN_2026-08-16_13-42-22/19-op
enroad-generatepdn/spi_slave.odb'…                                              
[13:42:27] WARNING  [ORD-2056] The following 12 liberty cell(s)  openroad.py:314
                    do not have LEF masters and will be marked                  
                    as dont-use:                                                
  sg13g2_hv_dfrbp_1                                                             
  sg13g2_hv_dfrbp_2                                                             
  sg13g2_hv_dfrbpq_1                                                            
  sg13g2_hv_dfrbpq_2                                                            
  sg13g2_hv_dlhq_1                                                              
  sg13g2_hv_dlhr_1                                                              
  sg13g2_hv_dllr_1                                                              
  sg13g2_hv_dllrq_1                                                             
  sg13g2_hv_sdfrbp_1                                                            
  sg13g2_hv_sdfrbp_2                                                            
  sg13g2_hv_sdfrbpq_1                                                           
  sg13g2_hv_sdfrbpq_2                                                           
Reading design constraints file at                                              
'/foss/designs/spi-slave-ihp/allmodes/flow_hv/constraint.sdc'…                  
[INFO] No information on clock propagation in input SDC file-- propagating all  
clocks.                                                                         
+ global_placement -density 0.45 -skip_io -pad_right 0 -pad_left 0              
-init_wirelength_coef 0.25                                                      
[INFO GPL-0001] ---- Initialize GPL Main Data Structures                        
[INFO GPL-0002] DBU: 1000                                                       
[INFO GPL-0003] SiteSize: (  0.480  7.140 ) um                                  
[INFO GPL-0004] CoreBBox: (  5.760 28.560 ) ( 348.000 364.140 ) um              
[INFO GPL-0036] Movable instances area:      41054.429 um^2                     
[INFO GPL-0037] Total instances area:        41054.429 um^2                     
[INFO GPL-0035] Pin density area adjust:       484.123 um^2                     
[INFO GPL-0032] ---- Initialize Region: Top-level                               
[INFO GPL-0006] Number of instances:               659                          
[INFO GPL-0007] Movable instances:                 659                          
[INFO GPL-0008] Fixed instances:                     0                          
[INFO GPL-0009] Dummy instances:                     0                          
[INFO GPL-0010] Number of nets:                    674                          
[INFO GPL-0011] Number of pins:                   2349                          
[INFO GPL-0012] Die BBox:  (  0.000  0.000 ) ( 354.010 399.610 ) um             
[INFO GPL-0013] Core BBox: (  5.760 28.560 ) ( 348.000 364.140 ) um             
[INFO GPL-0016] Core area:                  114848.899 um^2                     
[INFO GPL-0014] Region name: top-level.                                         
[INFO GPL-0015] Region area:                114848.899 um^2                     
[INFO GPL-0017] Fixed instances area:            0.000 um^2                     
[INFO GPL-0018] Movable instances area:      41538.552 um^2                     
[INFO GPL-0019] Utilization:                    36.168 %                        
[INFO GPL-0020] Standard cells area:         41538.552 um^2                     
[INFO GPL-0021] Large instances area:            0.000 um^2                     
[INFO GPL-0005] ---- Execute Conjugate Gradient Initial Placement.              
[INFO GPL-0051] Source of initial instance position counters:                   
        Odb location = 0        Core center = 659       Region center = 0       
[INFO GPL-0033] ---- Initialize Nesterov Region: Top-level                      
[INFO GPL-0023] Placement target density:       0.4500                          
[INFO GPL-0024] Movable insts average area:     63.033 um^2                     
[INFO GPL-0025] Ideal bin area:                140.073 um^2                     
[INFO GPL-0026] Ideal bin count:                   819                          
[INFO GPL-0027] Total bin area:             114848.899 um^2                     
[INFO GPL-0028] Bin count (X, Y):          16 ,     16                          
[INFO GPL-0029] Bin size (W * H):      21.390 * 20.974 um                       
[INFO GPL-0030] Number of bins:                    256                          
[INFO GPL-0007] ---- Execute Nesterov Global Placement.                         
[INFO GPL-0031] HPWL: Half-Perimeter Wirelength                                 
Iteration | Overflow |     HPWL (um) |  HPWL(%) |   Penalty | Group             
---------------------------------------------------------------                 
        0 |   0.9805 |  7.500352e+03 |   +0.00% |  6.62e-15 |                   
       10 |   0.9599 |  4.907453e+03 |  -34.57% |  1.08e-14 |                   
       20 |   0.9511 |  4.788460e+03 |   -2.42% |  1.76e-14 |                   
       30 |   0.9495 |  4.762552e+03 |   -0.54% |  2.86e-14 |                   
       40 |   0.9496 |  4.739234e+03 |   -0.49% |  4.66e-14 |                   
       50 |   0.9500 |  4.728826e+03 |   -0.22% |  7.59e-14 |                   
       60 |   0.9498 |  4.736221e+03 |   +0.16% |  1.24e-13 |                   
       70 |   0.9495 |  4.748357e+03 |   +0.26% |  2.01e-13 |                   
       80 |   0.9493 |  4.760203e+03 |   +0.25% |  3.28e-13 |                   
       90 |   0.9485 |  4.777138e+03 |   +0.36% |  5.34e-13 |                   
      100 |   0.9464 |  4.817515e+03 |   +0.85% |  8.70e-13 |                   
      110 |   0.9418 |  4.899051e+03 |   +1.69% |  1.42e-12 |                   
      120 |   0.9366 |  5.074127e+03 |   +3.57% |  2.31e-12 |                   
      130 |   0.9129 |  5.466278e+03 |   +7.73% |  3.76e-12 |                   
      140 |   0.8882 |  6.247002e+03 |  +14.28% |  6.13e-12 |                   
      150 |   0.8554 |  7.090539e+03 |  +13.50% |  9.98e-12 |                   
      160 |   0.8262 |  7.890527e+03 |  +11.28% |  1.63e-11 |                   
      170 |   0.7843 |  9.221322e+03 |  +16.87% |  2.65e-11 |                   
      180 |   0.7497 |  1.025228e+04 |  +11.18% |  4.31e-11 |                   
      190 |   0.7032 |  1.134101e+04 |  +10.62% |  7.02e-11 |                   
      200 |   0.6687 |  1.253990e+04 |  +10.57% |  1.14e-10 |                   
      210 |   0.6245 |  1.359000e+04 |   +8.37% |  1.86e-10 |                   
      220 |   0.5745 |  1.463071e+04 |   +7.66% |  3.03e-10 |                   
      230 |   0.5330 |  1.565787e+04 |   +7.02% |  4.94e-10 |                   
      240 |   0.4866 |  1.682460e+04 |   +7.45% |  8.05e-10 |                   
      250 |   0.4423 |  1.767546e+04 |   +5.06% |  1.31e-09 |                   
      260 |   0.3889 |  1.842520e+04 |   +4.24% |  2.13e-09 |                   
      270 |   0.3390 |  1.900848e+04 |   +3.17% |  3.48e-09 |                   
      280 |   0.3061 |  1.927452e+04 |   +1.40% |  5.12e-09 |                   
      290 |   0.2727 |  1.963168e+04 |   +1.85% |  7.54e-09 |                   
      300 |   0.2450 |  1.996242e+04 |   +1.68% |  1.11e-08 |                   
      310 |   0.2168 |  2.014241e+04 |   +0.90% |  1.64e-08 |                   
      320 |   0.1858 |  2.053158e+04 |   +1.93% |  2.41e-08 |                   
      330 |   0.1557 |  2.064244e+04 |   +0.54% |  3.55e-08 |                   
      340 |   0.1233 |  2.077629e+04 |   +0.65% |  5.23e-08 |                   
      350 |   0.1057 |  2.087071e+04 |   +0.45% |  7.71e-08 |                   
      352 |   0.0991 |  2.088397e+04 |          |  8.66e-08 |                   
---------------------------------------------------------------                 
[INFO GPL-1001] Global placement finished at iteration 352                      
[INFO GPL-1002] Placed Cell Area            41538.5520                          
[INFO GPL-1003] Available Free Area         114848.8992                         
[INFO GPL-1004] Minimum Feasible Density        0.3700 (cell_area / free_area)  
[INFO GPL-1006]   Suggested Target Densities:                                   
[INFO GPL-1007]     - For 90% usage of free space: 0.4019                       
[INFO GPL-1008]     - For 80% usage of free space: 0.4521                       
[INFO GPL-1009]     - For 50% usage of free space: 0.7234                       
[INFO GPL-1014] Final placement area: 41538.55 (+0.00%)                         
Setting global connections for newly added cells…                               
[INFO] Setting global connections...                                            
[INFO ODB-0403] 0 connections made, 0 conflicts skipped.                        
Updating metrics…                                                               
Cell type report:                       Count       Area                        
  Buffer                                    4      82.25                        
  Inverter                                 15     205.63                        
  Sequential cell                         141   29960.58                        
  Multi-Input combinational cell          499   10805.96                        
  Total                                   659   41054.43                        
Writing OpenROAD database to                                                    
'/foss/designs/spi-slave-ihp/allmodes/flow_hv/runs/RUN_2026-08-16_13-42-22/22-op
enroad-globalplacementskipio/spi_slave.odb'…                                    
Writing netlist to                                                              
'/foss/designs/spi-slave-ihp/allmodes/flow_hv/runs/RUN_2026-08-16_13-42-22/22-op
enroad-globalplacementskipio/spi_slave.nl.v'…                                   
Writing powered netlist to                                                      
'/foss/designs/spi-slave-ihp/allmodes/flow_hv/runs/RUN_2026-08-16_13-42-22/22-op
enroad-globalplacementskipio/spi_slave.pnl.v'…                                  
Writing layout to                                                               
'/foss/designs/spi-slave-ihp/allmodes/flow_hv/runs/RUN_2026-08-16_13-42-22/22-op
enroad-globalplacementskipio/spi_slave.def'…                                    
Writing timing constraints to                                                   
'/foss/designs/spi-slave-ihp/allmodes/flow_hv/runs/RUN_2026-08-16_13-42-22/22-op
enroad-globalplacementskipio/spi_slave.sdc'…                                    
──────────────────────────────── I/O Placement ─────────────────────────────────
[13:42:28] VERBOSE  Running 'OpenROAD.IOPlacement' at               step.py:1138
                    'runs/RUN_2026-08-16_13-42-22/23-openroad-iopla             
                    cement'…                                                    
[13:42:28] VERBOSE  Logging subprocess to                           step.py:1338
                    'runs/RUN_2026-08-16_13-42-22/23-openroad-iopla             
                    cement/openroad-ioplacement.log'…                           
Reading timing models for corner nom_typ_3p30V_25C…                             
Reading timing library for the 'nom_typ_3p30V_25C' corner at                    
'/foss/designs/sg13g2_stdcell_hv/lib/sg13g2_stdcell_hv_typ_3p30V_25C.lib'…      
Reading OpenROAD database at                                                    
'/foss/designs/spi-slave-ihp/allmodes/flow_hv/runs/RUN_2026-08-16_13-42-22/22-op
enroad-globalplacementskipio/spi_slave.odb'…                                    
[13:42:28] WARNING  [ORD-2056] The following 12 liberty cell(s)  openroad.py:314
                    do not have LEF masters and will be marked                  
                    as dont-use:                                                
  sg13g2_hv_dfrbp_1                                                             
  sg13g2_hv_dfrbp_2                                                             
  sg13g2_hv_dfrbpq_1                                                            
  sg13g2_hv_dfrbpq_2                                                            
  sg13g2_hv_dlhq_1                                                              
  sg13g2_hv_dlhr_1                                                              
  sg13g2_hv_dllr_1                                                              
  sg13g2_hv_dllrq_1                                                             
  sg13g2_hv_sdfrbp_1                                                            
  sg13g2_hv_sdfrbp_2                                                            
  sg13g2_hv_sdfrbpq_1                                                           
  sg13g2_hv_sdfrbpq_2                                                           
Reading design constraints file at                                              
'/foss/designs/spi-slave-ihp/allmodes/flow_hv/constraint.sdc'…                  
[INFO] No information on clock propagation in input SDC file-- propagating all  
clocks.                                                                         
+ place_pins -hor_layers Metal3 -ver_layers Metal2                              
Found 0 macro blocks.                                                           
Using 2 tracks default min distance between IO pins.                            
[INFO PPL-0001] Number of available slots 1672                                  
[INFO PPL-0002] Number of I/O             32                                    
[INFO PPL-0003] Number of I/O w/sink      32                                    
[INFO PPL-0004] Number of I/O w/o sink    0                                     
[INFO PPL-0005] Slots per section         200                                   
[INFO PPL-0008] Successfully assigned pins to sections.                         
[INFO PPL-0012] I/O nets HPWL: 3303.87 um.                                      
Setting global connections for newly added cells…                               
[INFO] Setting global connections...                                            
[INFO ODB-0403] 0 connections made, 0 conflicts skipped.                        
Updating metrics…                                                               
Cell type report:                       Count       Area                        
  Buffer                                    4      82.25                        
  Inverter                                 15     205.63                        
  Sequential cell                         141   29960.58                        
  Multi-Input combinational cell          499   10805.96                        
  Total                                   659   41054.43                        
Writing OpenROAD database to                                                    
'/foss/designs/spi-slave-ihp/allmodes/flow_hv/runs/RUN_2026-08-16_13-42-22/23-op
enroad-ioplacement/spi_slave.odb'…                                              
Writing netlist to                                                              
'/foss/designs/spi-slave-ihp/allmodes/flow_hv/runs/RUN_2026-08-16_13-42-22/23-op
enroad-ioplacement/spi_slave.nl.v'…                                             
Writing powered netlist to                                                      
'/foss/designs/spi-slave-ihp/allmodes/flow_hv/runs/RUN_2026-08-16_13-42-22/23-op
enroad-ioplacement/spi_slave.pnl.v'…                                            
Writing layout to                                                               
'/foss/designs/spi-slave-ihp/allmodes/flow_hv/runs/RUN_2026-08-16_13-42-22/23-op
enroad-ioplacement/spi_slave.def'…                                              
Writing timing constraints to                                                   
'/foss/designs/spi-slave-ihp/allmodes/flow_hv/runs/RUN_2026-08-16_13-42-22/23-op
enroad-ioplacement/spi_slave.sdc'…                                              
─────────────────────── Custom I/O Pin Placement Script ────────────────────────
[13:42:28] VERBOSE  Running 'Odb.CustomIOPlacement' at              step.py:1138
                    'runs/RUN_2026-08-16_13-42-22/24-odb-customiopl             
                    acement'…                                                   
[13:42:28] INFO     No custom I/O placement file configured, skipping odb.py:718
                    'Odb.CustomIOPlacement'…                                    
────────────────────────────── Apply DEF Template ──────────────────────────────
[13:42:28] VERBOSE  Running 'Odb.ApplyDEFTemplate' at               step.py:1138
                    'runs/RUN_2026-08-16_13-42-22/25-odb-applydefte             
                    mplate'…                                                    
[13:42:28] INFO     No DEF template provided, skipping                odb.py:302
                    'Odb.ApplyDEFTemplate'…                                     
─────────────────────────────── Global Placement ───────────────────────────────
[13:42:28] VERBOSE  Running 'OpenROAD.GlobalPlacement' at           step.py:1138
                    'runs/RUN_2026-08-16_13-42-22/26-openroad-globa             
                    lplacement'…                                                
[13:42:28] VERBOSE  Logging subprocess to                           step.py:1338
                    'runs/RUN_2026-08-16_13-42-22/26-openroad-globa             
                    lplacement/openroad-globalplacement.log'…                   
Reading timing models for corner nom_typ_3p30V_25C…                             
Reading timing library for the 'nom_typ_3p30V_25C' corner at                    
'/foss/designs/sg13g2_stdcell_hv/lib/sg13g2_stdcell_hv_typ_3p30V_25C.lib'…      
Reading OpenROAD database at                                                    
'/foss/designs/spi-slave-ihp/allmodes/flow_hv/runs/RUN_2026-08-16_13-42-22/23-op
enroad-ioplacement/spi_slave.odb'…                                              
[13:42:28] WARNING  [ORD-2056] The following 12 liberty cell(s)  openroad.py:314
                    do not have LEF masters and will be marked                  
                    as dont-use:                                                
  sg13g2_hv_dfrbp_1                                                             
  sg13g2_hv_dfrbp_2                                                             
  sg13g2_hv_dfrbpq_1                                                            
  sg13g2_hv_dfrbpq_2                                                            
  sg13g2_hv_dlhq_1                                                              
  sg13g2_hv_dlhr_1                                                              
  sg13g2_hv_dllr_1                                                              
  sg13g2_hv_dllrq_1                                                             
  sg13g2_hv_sdfrbp_1                                                            
  sg13g2_hv_sdfrbp_2                                                            
  sg13g2_hv_sdfrbpq_1                                                           
  sg13g2_hv_sdfrbpq_2                                                           
Reading design constraints file at                                              
'/foss/designs/spi-slave-ihp/allmodes/flow_hv/constraint.sdc'…                  
[INFO] No information on clock propagation in input SDC file-- propagating all  
clocks.                                                                         
[INFO] Setting signal min routing layer to: Metal1 and clock min routing layer  
to Metal1.                                                                      
[INFO] Setting signal max routing layer to: TopMetal2 and clock max routing     
layer to TopMetal2.                                                             
+ global_placement -density 0.45 -routability_driven -pad_right 0 -pad_left 0   
-init_wirelength_coef 0.25                                                      
[INFO GPL-0001] ---- Initialize GPL Main Data Structures                        
[INFO GPL-0002] DBU: 1000                                                       
[INFO GPL-0003] SiteSize: (  0.480  7.140 ) um                                  
[INFO GPL-0004] CoreBBox: (  5.760 28.560 ) ( 348.000 364.140 ) um              
[INFO GPL-0036] Movable instances area:      41054.429 um^2                     
[INFO GPL-0037] Total instances area:        41054.429 um^2                     
[INFO GPL-0035] Pin density area adjust:       484.123 um^2                     
[INFO GPL-0032] ---- Initialize Region: Top-level                               
[INFO GPL-0006] Number of instances:               659                          
[INFO GPL-0007] Movable instances:                 659                          
[INFO GPL-0008] Fixed instances:                     0                          
[INFO GPL-0009] Dummy instances:                     0                          
[INFO GPL-0010] Number of nets:                    674                          
[INFO GPL-0011] Number of pins:                   2381                          
[INFO GPL-0012] Die BBox:  (  0.000  0.000 ) ( 354.010 399.610 ) um             
[INFO GPL-0013] Core BBox: (  5.760 28.560 ) ( 348.000 364.140 ) um             
[INFO GPL-0016] Core area:                  114848.899 um^2                     
[INFO GPL-0014] Region name: top-level.                                         
[INFO GPL-0015] Region area:                114848.899 um^2                     
[INFO GPL-0017] Fixed instances area:            0.000 um^2                     
[INFO GPL-0018] Movable instances area:      41538.552 um^2                     
[INFO GPL-0019] Utilization:                    36.168 %                        
[INFO GPL-0020] Standard cells area:         41538.552 um^2                     
[INFO GPL-0021] Large instances area:            0.000 um^2                     
[INFO GPL-0005] ---- Execute Conjugate Gradient Initial Placement.              
[INFO GPL-0051] Source of initial instance position counters:                   
        Odb location = 659      Core center = 0 Region center = 0               
[InitialPlace]  Iter: 1 conjugate gradient residual: 0.00007489 HPWL: 40175057  
[InitialPlace]  Iter: 2 conjugate gradient residual: 0.00011536 HPWL: 32058134  
[InitialPlace]  Iter: 3 conjugate gradient residual: 0.00012417 HPWL: 30181839  
[InitialPlace]  Iter: 4 conjugate gradient residual: 0.00011893 HPWL: 29220424  
[InitialPlace]  Iter: 5 conjugate gradient residual: 0.00000955 HPWL: 28671773  
[INFO GPL-0033] ---- Initialize Nesterov Region: Top-level                      
[INFO GPL-0023] Placement target density:       0.4500                          
[INFO GPL-0024] Movable insts average area:     63.033 um^2                     
[INFO GPL-0025] Ideal bin area:                140.073 um^2                     
[INFO GPL-0026] Ideal bin count:                   819                          
[INFO GPL-0027] Total bin area:             114848.899 um^2                     
[INFO GPL-0028] Bin count (X, Y):          16 ,     16                          
[INFO GPL-0029] Bin size (W * H):      21.390 * 20.974 um                       
[INFO GPL-0030] Number of bins:                    256                          
[INFO GPL-0007] ---- Execute Nesterov Global Placement.                         
[INFO GPL-0031] HPWL: Half-Perimeter Wirelength                                 
Iteration | Overflow |     HPWL (um) |  HPWL(%) |   Penalty | Group             
---------------------------------------------------------------                 
        0 |   0.7830 |  1.153958e+04 |   +0.00% |  5.56e-15 |                   
       10 |   0.7383 |  1.316517e+04 |  +14.09% |  9.06e-15 |                   
       20 |   0.7221 |  1.334670e+04 |   +1.38% |  1.48e-14 |                   
       30 |   0.7221 |  1.338275e+04 |   +0.27% |  2.40e-14 |                   
       40 |   0.7221 |  1.338251e+04 |   -0.00% |  3.91e-14 |                   
       50 |   0.7219 |  1.336523e+04 |   -0.13% |  6.38e-14 |                   
       60 |   0.7231 |  1.333852e+04 |   -0.20% |  1.04e-13 |                   
       70 |   0.7234 |  1.334295e+04 |   +0.03% |  1.69e-13 |                   
       80 |   0.7225 |  1.336081e+04 |   +0.13% |  2.76e-13 |                   
       90 |   0.7220 |  1.337272e+04 |   +0.09% |  4.49e-13 |                   
      100 |   0.7217 |  1.338206e+04 |   +0.07% |  7.31e-13 |                   
      110 |   0.7197 |  1.340406e+04 |   +0.16% |  1.19e-12 |                   
      120 |   0.7166 |  1.344675e+04 |   +0.32% |  1.94e-12 |                   
      130 |   0.7132 |  1.351165e+04 |   +0.48% |  3.16e-12 |                   
      140 |   0.7094 |  1.360411e+04 |   +0.68% |  5.15e-12 |                   
      150 |   0.7046 |  1.373123e+04 |   +0.93% |  8.38e-12 |                   
      160 |   0.6979 |  1.391693e+04 |   +1.35% |  1.37e-11 |                   
      170 |   0.6892 |  1.420698e+04 |   +2.08% |  2.22e-11 |                   
      180 |   0.6695 |  1.466315e+04 |   +3.21% |  3.62e-11 |                   
      190 |   0.6513 |  1.522429e+04 |   +3.83% |  5.90e-11 |                   
      200 |   0.6239 |  1.588070e+04 |   +4.31% |  9.61e-11 |                   
[INFO GPL-0038] Routability snapshot saved at iter = 209                        
      208 |   0.5970 |  1.641376e+04 |          |           |                   
      210 |   0.5899 |  1.653647e+04 |   +4.13% |  1.57e-10 |                   
      220 |   0.5521 |  1.721753e+04 |   +4.12% |  2.55e-10 |                   
      230 |   0.5168 |  1.804079e+04 |   +4.78% |  4.15e-10 |                   
      240 |   0.4780 |  1.877060e+04 |   +4.05% |  6.76e-10 |                   
      250 |   0.4301 |  1.959655e+04 |   +4.40% |  1.10e-09 |                   
      260 |   0.3944 |  1.998514e+04 |   +1.98% |  1.79e-09 |                   
      270 |   0.3451 |  2.022062e+04 |   +1.18% |  2.92e-09 |                   
      280 |   0.3142 |  2.036800e+04 |   +0.73% |  4.31e-09 |                   
[INFO GPL-0040] Routability iteration: 1                                        
[INFO GPL-0041] Total routing overflow: 0.0000                                  
[INFO GPL-0042] Number of overflowed tiles: 0 (0.00%)                           
[INFO GPL-0043] Average top 0.5% routing congestion: 0.7088                     
[INFO GPL-0044] Average top 1.0% routing congestion: 0.6932                     
[INFO GPL-0045] Average top 2.0% routing congestion: 0.6751                     
[INFO GPL-0046] Average top 5.0% routing congestion: 0.6447                     
[INFO GPL-0047] Routability iteration weighted routing congestion: 0.7010       
[INFO GPL-0050] Weighted routing congestion is lower than target routing        
congestion(1.0100), end routability optimization.                               
[INFO GPL-0090] Routability finished. Target routing congestion achieved        
succesfully.                                                                    
Iteration | Overflow |     HPWL (um) |  HPWL(%) |   Penalty | Group             
---------------------------------------------------------------                 
      290 |   0.2848 |  2.059535e+04 |   +1.12% |  6.34e-09 |                   
      300 |   0.2520 |  2.079057e+04 |   +0.95% |  9.34e-09 |                   
      310 |   0.2234 |  2.106911e+04 |   +1.34% |  1.38e-08 |                   
      320 |   0.1948 |  2.139295e+04 |   +1.54% |  2.03e-08 |                   
      330 |   0.1599 |  2.162343e+04 |   +1.08% |  2.99e-08 |                   
      340 |   0.1329 |  2.183600e+04 |   +0.98% |  4.40e-08 |                   
      350 |   0.1070 |  2.202444e+04 |   +0.86% |  6.48e-08 |                   
      353 |   0.0996 |  2.208437e+04 |          |  7.57e-08 |                   
---------------------------------------------------------------                 
[INFO GPL-1001] Global placement finished at iteration 353                      
[INFO GPL-1003] Routability mode iteration count: 77                            
[INFO GPL-1005] Routability final weighted congestion: 0.6769                   
[INFO GPL-1002] Placed Cell Area            41538.5520                          
[INFO GPL-1003] Available Free Area         114848.8992                         
[INFO GPL-1004] Minimum Feasible Density        0.3700 (cell_area / free_area)  
[INFO GPL-1006]   Suggested Target Densities:                                   
[INFO GPL-1007]     - For 90% usage of free space: 0.4019                       
[INFO GPL-1008]     - For 80% usage of free space: 0.4521                       
[INFO GPL-1009]     - For 50% usage of free space: 0.7234                       
[INFO GPL-1011] Original area (um^2): 41538.55                                  
[INFO GPL-1012] Total routability artificial inflation: 0.00 (+0.00%)           
[INFO GPL-1014] Final placement area: 41538.55 (+0.00%)                         
Setting global connections for newly added cells…                               
[INFO] Setting global connections...                                            
[INFO ODB-0403] 0 connections made, 0 conflicts skipped.                        
Updating metrics…                                                               
Cell type report:                       Count       Area                        
  Buffer                                    4      82.25                        
  Inverter                                 15     205.63                        
  Sequential cell                         141   29960.58                        
  Multi-Input combinational cell          499   10805.96                        
  Total                                   659   41054.43                        
Writing OpenROAD database to                                                    
'/foss/designs/spi-slave-ihp/allmodes/flow_hv/runs/RUN_2026-08-16_13-42-22/26-op
enroad-globalplacement/spi_slave.odb'…                                          
Writing netlist to                                                              
'/foss/designs/spi-slave-ihp/allmodes/flow_hv/runs/RUN_2026-08-16_13-42-22/26-op
enroad-globalplacement/spi_slave.nl.v'…                                         
Writing powered netlist to                                                      
'/foss/designs/spi-slave-ihp/allmodes/flow_hv/runs/RUN_2026-08-16_13-42-22/26-op
enroad-globalplacement/spi_slave.pnl.v'…                                        
Writing layout to                                                               
'/foss/designs/spi-slave-ihp/allmodes/flow_hv/runs/RUN_2026-08-16_13-42-22/26-op
enroad-globalplacement/spi_slave.def'…                                          
Writing timing constraints to                                                   
'/foss/designs/spi-slave-ihp/allmodes/flow_hv/runs/RUN_2026-08-16_13-42-22/26-op
enroad-globalplacement/spi_slave.sdc'…                                          
───────────────────────────── Write Verilog Header ─────────────────────────────
[13:42:29] VERBOSE  Running 'Odb.WriteVerilogHeader' at             step.py:1138
                    'runs/RUN_2026-08-16_13-42-22/27-odb-writeveril             
                    ogheader'…                                                  
[13:42:29] VERBOSE  Logging subprocess to                           step.py:1338
                    'runs/RUN_2026-08-16_13-42-22/27-odb-writeveril             
                    ogheader/odb-writeverilogheader.log'…                       
───────────────────────── Power Grid Violation Checker ─────────────────────────
[13:42:30] VERBOSE  Running 'Checker.PowerGridViolations' at        step.py:1138
                    'runs/RUN_2026-08-16_13-42-22/28-checker-powerg             
                    ridviolations'…                                             
[13:42:30] INFO     Check for power grid violations (as reported  checker.py:131
                    by OpenROAD PSM- you may ignore these if LVS                
                    passes) clear.                                              
──────────────────── Repair Design (Post-Global Placement) ─────────────────────
[13:42:30] VERBOSE  Running 'OpenROAD.RepairDesignPostGPL' at       step.py:1138
                    'runs/RUN_2026-08-16_13-42-22/29-openroad-repai             
                    rdesignpostgpl'…                                            
[13:42:30] VERBOSE  Logging subprocess to                           step.py:1338
                    'runs/RUN_2026-08-16_13-42-22/29-openroad-repai             
                    rdesignpostgpl/openroad-repairdesignpostgpl.log             
                    '…                                                          
Reading timing models for corner nom_typ_3p30V_25C…                             
Reading timing library for the 'nom_typ_3p30V_25C' corner at                    
'/foss/designs/sg13g2_stdcell_hv/lib/sg13g2_stdcell_hv_typ_3p30V_25C.lib'…      
Reading OpenROAD database at                                                    
'/foss/designs/spi-slave-ihp/allmodes/flow_hv/runs/RUN_2026-08-16_13-42-22/26-op
enroad-globalplacement/spi_slave.odb'…                                          
[13:42:30] WARNING  [ORD-2056] The following 12 liberty cell(s)  openroad.py:314
                    do not have LEF masters and will be marked                  
                    as dont-use:                                                
  sg13g2_hv_dfrbp_1                                                             
  sg13g2_hv_dfrbp_2                                                             
  sg13g2_hv_dfrbpq_1                                                            
  sg13g2_hv_dfrbpq_2                                                            
  sg13g2_hv_dlhq_1                                                              
  sg13g2_hv_dlhr_1                                                              
  sg13g2_hv_dllr_1                                                              
  sg13g2_hv_dllrq_1                                                             
  sg13g2_hv_sdfrbp_1                                                            
  sg13g2_hv_sdfrbp_2                                                            
  sg13g2_hv_sdfrbpq_1                                                           
  sg13g2_hv_sdfrbpq_2                                                           
Reading design constraints file at                                              
'/foss/designs/spi-slave-ihp/allmodes/flow_hv/constraint.sdc'…                  
[INFO] No information on clock propagation in input SDC file-- propagating all  
clocks.                                                                         
[INFO RSZ-0027] Inserted 14 sg13g2_hv_buf_1 input buffers.                      
[INFO RSZ-0028] Inserted 14 sg13g2_hv_buf_1 output buffers.                     
+ repair_design -verbose -max_wire_length 0 -slew_margin 20 -cap_margin 20      
Iteration |   Area    | Resized | Buffers | Nets repaired | Remaining           
---------------------------------------------------------------------           
        0 |     +0.0% |       0 |       0 |             0 |       843           
       10 |     +0.0% |       0 |       0 |             0 |       833           
       20 |     +0.0% |       0 |       0 |             0 |       823           
       30 |     +0.0% |       0 |       0 |             0 |       813           
       40 |     +0.0% |       0 |       0 |             0 |       803           
       50 |     +0.0% |       0 |       0 |             0 |       793           
       60 |     +0.0% |       0 |       0 |             0 |       783           
       70 |     +0.0% |       0 |       0 |             0 |       773           
       80 |     +0.0% |       0 |       0 |             0 |       763           
       90 |     +0.0% |       0 |       0 |             0 |       753           
      100 |     +0.0% |       0 |       0 |             0 |       743           
      110 |     +0.0% |       0 |       0 |             0 |       733           
      120 |     +0.0% |       0 |       0 |             0 |       723           
      130 |     +0.0% |       0 |       0 |             0 |       713           
      140 |     +0.0% |       0 |       0 |             0 |       703           
      150 |     +0.0% |       0 |       0 |             0 |       693           
      160 |     +0.0% |       0 |       0 |             0 |       683           
      170 |     +0.0% |       0 |       0 |             0 |       673           
      180 |     +0.0% |       0 |       0 |             0 |       663           
      190 |     +0.0% |       0 |       0 |             0 |       653           
      200 |     +0.0% |       0 |       0 |             0 |       643           
      210 |     +0.0% |       0 |       0 |             0 |       633           
      220 |     +0.0% |       0 |       0 |             0 |       623           
      230 |     +0.0% |       0 |       0 |             0 |       613           
      240 |     +0.0% |       0 |       0 |             0 |       603           
      250 |     +0.0% |       0 |       0 |             0 |       593           
      260 |     +0.0% |       0 |       0 |             0 |       583           
      270 |     +0.0% |       0 |       0 |             0 |       573           
      280 |     +0.0% |       0 |       0 |             0 |       563           
      290 |     +0.0% |       0 |       0 |             0 |       553           
      300 |     +0.0% |       0 |       0 |             0 |       543           
      310 |     +0.0% |       0 |       0 |             0 |       533           
      320 |     +0.0% |       0 |       0 |             0 |       523           
      330 |     +0.0% |       0 |       0 |             0 |       513           
      340 |     +0.0% |       0 |       0 |             0 |       503           
      350 |     +0.0% |       0 |       0 |             0 |       493           
      360 |     +0.0% |       0 |       0 |             0 |       483           
      370 |     +0.0% |       0 |       0 |             0 |       473           
      380 |     +0.0% |       0 |       0 |             0 |       463           
      390 |     +0.0% |       0 |       0 |             0 |       453           
      400 |     +0.0% |       0 |       0 |             0 |       443           
      410 |     +0.0% |       0 |       0 |             0 |       433           
      420 |     +0.0% |       0 |       0 |             0 |       423           
      430 |     +0.0% |       0 |       0 |             0 |       413           
      440 |     +0.0% |       0 |       0 |             0 |       403           
      450 |     +0.0% |       0 |       0 |             0 |       393           
      460 |     +0.0% |       0 |       0 |             0 |       383           
      470 |     +0.0% |       0 |       0 |             0 |       373           
      480 |     +0.0% |       0 |       0 |             0 |       363           
      490 |     +0.0% |       0 |       0 |             0 |       353           
      500 |     +0.0% |       0 |       0 |             0 |       343           
      510 |     +0.0% |       0 |       0 |             0 |       333           
      520 |     +0.0% |       0 |       0 |             0 |       323           
      530 |     +0.0% |       0 |       0 |             0 |       313           
      540 |     +0.0% |       0 |       0 |             0 |       303           
      550 |     +0.0% |       0 |       0 |             0 |       293           
      560 |     +0.0% |       0 |       0 |             0 |       283           
      570 |     +0.0% |       0 |       0 |             0 |       273           
      580 |     +0.0% |       0 |       0 |             0 |       263           
      590 |     +0.0% |       0 |       0 |             0 |       253           
      600 |     +0.0% |       0 |       0 |             0 |       243           
      610 |     +0.0% |       0 |       0 |             0 |       233           
      620 |     +0.0% |       0 |       0 |             0 |       223           
      630 |     +0.0% |       0 |       0 |             0 |       213           
      640 |     +0.0% |       0 |       0 |             0 |       203           
      650 |     +0.0% |       0 |       0 |             0 |       193           
      660 |     +0.0% |       0 |       0 |             0 |       183           
      670 |     +0.0% |       0 |       0 |             0 |       173           
      680 |     +0.0% |       0 |       0 |             0 |       163           
      690 |     +0.0% |       0 |       0 |             0 |       153           
      700 |     +0.0% |       0 |       0 |             0 |       143           
      710 |     +0.0% |       0 |       0 |             0 |       133           
      720 |     +0.0% |       0 |       0 |             0 |       123           
      730 |     +0.0% |       0 |       0 |             0 |       113           
      740 |     +0.0% |       0 |       0 |             0 |       103           
      750 |     +0.0% |       0 |       0 |             0 |        93           
      760 |     +0.0% |       0 |       0 |             0 |        83           
      770 |     +0.0% |       0 |       0 |             0 |        73           
      780 |     +0.0% |       0 |       0 |             0 |        63           
      790 |     +0.0% |       0 |       0 |             0 |        53           
      800 |     +0.0% |       0 |       0 |             0 |        43           
      810 |     +0.0% |       0 |       0 |             0 |        33           
      820 |     +0.0% |       0 |       0 |             0 |        23           
      830 |     +0.0% |       0 |       0 |             0 |        13           
      840 |     +0.0% |       0 |       0 |             0 |         3           
    final |     +0.0% |       0 |       0 |             0 |         0           
---------------------------------------------------------------------           
[INFO RSZ-0042] Inserted 55 tie sg13g2_hv_tielo instances.                      
[INFO RSZ-0042] Inserted 141 tie sg13g2_hv_tiehi instances.                     
+ detailed_placement -max_displacement  500 100                                 
Placement Analysis                                                              
---------------------------------                                               
total displacement       3615.4 u                                               
average displacement        5.3 u                                               
max displacement           42.4 u                                               
original HPWL           22960.3 u                                               
legalized HPWL          25548.4 u                                               
delta HPWL                   11 %                                               
                                                                                
[INFO DPL-0020] Mirrored 329 instances                                          
[INFO DPL-0021] HPWL before           25548.4 u                                 
[INFO DPL-0022] HPWL after            25184.2 u                                 
[INFO DPL-0023] HPWL delta               -1.4 %                                 
Setting global connections for newly added cells…                               
[INFO] Setting global connections...                                            
[INFO ODB-0403] 448 connections made, 0 conflicts skipped.                      
Updating metrics…                                                               
Cell type report:                       Count       Area                        
  Buffer                                    4      82.25                        
  Timing Repair Buffer                     28     575.77                        
  Inverter                                 15     205.63                        
  Sequential cell                         141   29960.58                        
  Multi-Input combinational cell          499   10805.96                        
  Total                                   687   41630.20                        
Writing OpenROAD database to                                                    
'/foss/designs/spi-slave-ihp/allmodes/flow_hv/runs/RUN_2026-08-16_13-42-22/29-op
enroad-repairdesignpostgpl/spi_slave.odb'…                                      
Writing netlist to                                                              
'/foss/designs/spi-slave-ihp/allmodes/flow_hv/runs/RUN_2026-08-16_13-42-22/29-op
enroad-repairdesignpostgpl/spi_slave.nl.v'…                                     
Writing powered netlist to                                                      
'/foss/designs/spi-slave-ihp/allmodes/flow_hv/runs/RUN_2026-08-16_13-42-22/29-op
enroad-repairdesignpostgpl/spi_slave.pnl.v'…                                    
Writing layout to                                                               
'/foss/designs/spi-slave-ihp/allmodes/flow_hv/runs/RUN_2026-08-16_13-42-22/29-op
enroad-repairdesignpostgpl/spi_slave.def'…                                      
Writing timing constraints to                                                   
'/foss/designs/spi-slave-ihp/allmodes/flow_hv/runs/RUN_2026-08-16_13-42-22/29-op
enroad-repairdesignpostgpl/spi_slave.sdc'…                                      
─────────────────────────── Manual Global Placement ────────────────────────────
[13:42:31] VERBOSE  Running 'Odb.ManualGlobalPlacement' at          step.py:1138
                    'runs/RUN_2026-08-16_13-42-22/30-odb-manualglob             
                    alplacement'…                                               
[13:42:31] INFO     'MANUAL_GLOBAL_PLACEMENTS' not set. Skipping     odb.py:1032
                    'Odb.ManualGlobalPlacement'…                                
────────────────────────────── Detailed Placement ──────────────────────────────
[13:42:31] VERBOSE  Running 'OpenROAD.DetailedPlacement' at         step.py:1138
                    'runs/RUN_2026-08-16_13-42-22/31-openroad-detai             
                    ledplacement'…                                              
[13:42:31] VERBOSE  Logging subprocess to                           step.py:1338
                    'runs/RUN_2026-08-16_13-42-22/31-openroad-detai             
                    ledplacement/openroad-detailedplacement.log'…               
Reading timing models for corner nom_typ_3p30V_25C…                             
Reading timing library for the 'nom_typ_3p30V_25C' corner at                    
'/foss/designs/sg13g2_stdcell_hv/lib/sg13g2_stdcell_hv_typ_3p30V_25C.lib'…      
Reading OpenROAD database at                                                    
'/foss/designs/spi-slave-ihp/allmodes/flow_hv/runs/RUN_2026-08-16_13-42-22/29-op
enroad-repairdesignpostgpl/spi_slave.odb'…                                      
[13:42:31] WARNING  [ORD-2056] The following 12 liberty cell(s)  openroad.py:314
                    do not have LEF masters and will be marked                  
                    as dont-use:                                                
  sg13g2_hv_dfrbp_1                                                             
  sg13g2_hv_dfrbp_2                                                             
  sg13g2_hv_dfrbpq_1                                                            
  sg13g2_hv_dfrbpq_2                                                            
  sg13g2_hv_dlhq_1                                                              
  sg13g2_hv_dlhr_1                                                              
  sg13g2_hv_dllr_1                                                              
  sg13g2_hv_dllrq_1                                                             
  sg13g2_hv_sdfrbp_1                                                            
  sg13g2_hv_sdfrbp_2                                                            
  sg13g2_hv_sdfrbpq_1                                                           
  sg13g2_hv_sdfrbpq_2                                                           
Reading design constraints file at                                              
'/foss/designs/spi-slave-ihp/allmodes/flow_hv/constraint.sdc'…                  
[INFO] No information on clock propagation in input SDC file-- propagating all  
clocks.                                                                         
+ detailed_placement -max_displacement  500 100                                 
Placement Analysis                                                              
---------------------------------                                               
total displacement          0.0 u                                               
average displacement        0.0 u                                               
max displacement            0.0 u                                               
original HPWL           25184.2 u                                               
legalized HPWL          25548.4 u                                               
delta HPWL                    1 %                                               
                                                                                
[INFO DPL-0020] Mirrored 329 instances                                          
[INFO DPL-0021] HPWL before           25548.4 u                                 
[INFO DPL-0022] HPWL after            25184.2 u                                 
[INFO DPL-0023] HPWL delta               -1.4 %                                 
Setting global connections for newly added cells…                               
[INFO] Setting global connections...                                            
[INFO ODB-0403] 0 connections made, 0 conflicts skipped.                        
Updating metrics…                                                               
Cell type report:                       Count       Area                        
  Buffer                                    4      82.25                        
  Timing Repair Buffer                     28     575.77                        
  Inverter                                 15     205.63                        
  Sequential cell                         141   29960.58                        
  Multi-Input combinational cell          499   10805.96                        
  Total                                   687   41630.20                        
Writing OpenROAD database to                                                    
'/foss/designs/spi-slave-ihp/allmodes/flow_hv/runs/RUN_2026-08-16_13-42-22/31-op
enroad-detailedplacement/spi_slave.odb'…                                        
Writing netlist to                                                              
'/foss/designs/spi-slave-ihp/allmodes/flow_hv/runs/RUN_2026-08-16_13-42-22/31-op
enroad-detailedplacement/spi_slave.nl.v'…                                       
Writing powered netlist to                                                      
'/foss/designs/spi-slave-ihp/allmodes/flow_hv/runs/RUN_2026-08-16_13-42-22/31-op
enroad-detailedplacement/spi_slave.pnl.v'…                                      
Writing layout to                                                               
'/foss/designs/spi-slave-ihp/allmodes/flow_hv/runs/RUN_2026-08-16_13-42-22/31-op
enroad-detailedplacement/spi_slave.def'…                                        
Writing timing constraints to                                                   
'/foss/designs/spi-slave-ihp/allmodes/flow_hv/runs/RUN_2026-08-16_13-42-22/31-op
enroad-detailedplacement/spi_slave.sdc'…                                        
───────────────────────────── Clock Tree Synthesis ─────────────────────────────
[13:42:31] VERBOSE  Running 'OpenROAD.CTS' at                       step.py:1138
                    'runs/RUN_2026-08-16_13-42-22/32-openroad-cts'…             
[13:42:31] WARNING  No CLOCK_NET (or CLOCK_PORT) specified. CTS openroad.py:2556
                    cannot be performed. Returning state                        
                    unaltered…                                                  
────────────────────────────── Insert ECO Buffers ──────────────────────────────
[13:42:31] VERBOSE  Running 'Odb.InsertECOBuffers' at               step.py:1138
                    'runs/RUN_2026-08-16_13-42-22/33-odb-insertecob             
                    uffers'…                                                    
[13:42:31] INFO     'INSERT_ECO_BUFFERS' not set. Skipping           odb.py:1094
                    'Odb.InsertECOBuffers'…                                     
─────────── Resizer Timing Optimizations (Post-Clock Tree Synthesis) ───────────
[13:42:31] VERBOSE  Running 'OpenROAD.ResizerTimingPostCTS' at      step.py:1138
                    'runs/RUN_2026-08-16_13-42-22/34-openroad-resiz             
                    ertimingpostcts'…                                           
[13:42:31] VERBOSE  Logging subprocess to                           step.py:1338
                    'runs/RUN_2026-08-16_13-42-22/34-openroad-resiz             
                    ertimingpostcts/openroad-resizertimingpostcts.l             
                    og'…                                                        
Reading timing models for corner nom_typ_3p30V_25C…                             
Reading timing library for the 'nom_typ_3p30V_25C' corner at                    
'/foss/designs/sg13g2_stdcell_hv/lib/sg13g2_stdcell_hv_typ_3p30V_25C.lib'…      
Reading OpenROAD database at                                                    
'/foss/designs/spi-slave-ihp/allmodes/flow_hv/runs/RUN_2026-08-16_13-42-22/31-op
enroad-detailedplacement/spi_slave.odb'…                                        
[13:42:31] WARNING  [ORD-2056] The following 12 liberty cell(s)  openroad.py:314
                    do not have LEF masters and will be marked                  
                    as dont-use:                                                
  sg13g2_hv_dfrbp_1                                                             
  sg13g2_hv_dfrbp_2                                                             
  sg13g2_hv_dfrbpq_1                                                            
  sg13g2_hv_dfrbpq_2                                                            
  sg13g2_hv_dlhq_1                                                              
  sg13g2_hv_dlhr_1                                                              
  sg13g2_hv_dllr_1                                                              
  sg13g2_hv_dllrq_1                                                             
  sg13g2_hv_sdfrbp_1                                                            
  sg13g2_hv_sdfrbp_2                                                            
  sg13g2_hv_sdfrbpq_1                                                           
  sg13g2_hv_sdfrbpq_2                                                           
Reading design constraints file at                                              
'/foss/designs/spi-slave-ihp/allmodes/flow_hv/constraint.sdc'…                  
[INFO] No information on clock propagation in input SDC file-- propagating all  
clocks.                                                                         
+ repair_timing -verbose -setup -setup_margin                                   
0.05000000000000000277555756156289135105907917022705078125 -max_buffer_percent  
50                                                                              
[INFO RSZ-0100] Repair move sequence: UnbufferMove SizeUpMove SwapPinsMove      
BufferMove CloneMove SplitLoadMove                                              
[INFO RSZ-0098] No setup violations found                                       
+ repair_timing -verbose -hold -setup_margin                                    
0.05000000000000000277555756156289135105907917022705078125 -hold_margin         
0.1000000000000000055511151231257827021181583404541015625 -max_buffer_percent 50
[INFO RSZ-0033] No hold violations found.                                       
+ detailed_placement -max_displacement  500 100                                 
Placement Analysis                                                              
---------------------------------                                               
total displacement          0.0 u                                               
average displacement        0.0 u                                               
max displacement            0.0 u                                               
original HPWL           25184.2 u                                               
legalized HPWL          25548.4 u                                               
delta HPWL                    1 %                                               
                                                                                
[INFO DPL-0020] Mirrored 329 instances                                          
[INFO DPL-0021] HPWL before           25548.4 u                                 
[INFO DPL-0022] HPWL after            25184.2 u                                 
[INFO DPL-0023] HPWL delta               -1.4 %                                 
Setting global connections for newly added cells…                               
[INFO] Setting global connections...                                            
[INFO ODB-0403] 0 connections made, 0 conflicts skipped.                        
Updating metrics…                                                               
Cell type report:                       Count       Area                        
  Buffer                                    4      82.25                        
  Timing Repair Buffer                     28     575.77                        
  Inverter                                 15     205.63                        
  Sequential cell                         141   29960.58                        
  Multi-Input combinational cell          499   10805.96                        
  Total                                   687   41630.20                        
Writing OpenROAD database to                                                    
'/foss/designs/spi-slave-ihp/allmodes/flow_hv/runs/RUN_2026-08-16_13-42-22/34-op
enroad-resizertimingpostcts/spi_slave.odb'…                                     
Writing netlist to                                                              
'/foss/designs/spi-slave-ihp/allmodes/flow_hv/runs/RUN_2026-08-16_13-42-22/34-op
enroad-resizertimingpostcts/spi_slave.nl.v'…                                    
Writing powered netlist to                                                      
'/foss/designs/spi-slave-ihp/allmodes/flow_hv/runs/RUN_2026-08-16_13-42-22/34-op
enroad-resizertimingpostcts/spi_slave.pnl.v'…                                   
Writing layout to                                                               
'/foss/designs/spi-slave-ihp/allmodes/flow_hv/runs/RUN_2026-08-16_13-42-22/34-op
enroad-resizertimingpostcts/spi_slave.def'…                                     
Writing timing constraints to                                                   
'/foss/designs/spi-slave-ihp/allmodes/flow_hv/runs/RUN_2026-08-16_13-42-22/34-op
enroad-resizertimingpostcts/spi_slave.sdc'…                                     
──────────────────────────────── Global Routing ────────────────────────────────
[13:42:32] VERBOSE  Running 'OpenROAD.GlobalRouting' at             step.py:1138
                    'runs/RUN_2026-08-16_13-42-22/35-openroad-globa             
                    lrouting'…                                                  
[13:42:32] VERBOSE  Logging subprocess to                           step.py:1338
                    'runs/RUN_2026-08-16_13-42-22/35-openroad-globa             
                    lrouting/openroad-globalrouting.log'…                       
Reading timing models for corner nom_typ_3p30V_25C…                             
Reading timing library for the 'nom_typ_3p30V_25C' corner at                    
'/foss/designs/sg13g2_stdcell_hv/lib/sg13g2_stdcell_hv_typ_3p30V_25C.lib'…      
Reading OpenROAD database at                                                    
'/foss/designs/spi-slave-ihp/allmodes/flow_hv/runs/RUN_2026-08-16_13-42-22/34-op
enroad-resizertimingpostcts/spi_slave.odb'…                                     
[13:42:32] WARNING  [ORD-2056] The following 12 liberty cell(s)  openroad.py:314
                    do not have LEF masters and will be marked                  
                    as dont-use:                                                
  sg13g2_hv_dfrbp_1                                                             
  sg13g2_hv_dfrbp_2                                                             
  sg13g2_hv_dfrbpq_1                                                            
  sg13g2_hv_dfrbpq_2                                                            
  sg13g2_hv_dlhq_1                                                              
  sg13g2_hv_dlhr_1                                                              
  sg13g2_hv_dllr_1                                                              
  sg13g2_hv_dllrq_1                                                             
  sg13g2_hv_sdfrbp_1                                                            
  sg13g2_hv_sdfrbp_2                                                            
  sg13g2_hv_sdfrbpq_1                                                           
  sg13g2_hv_sdfrbpq_2                                                           
Reading design constraints file at                                              
'/foss/designs/spi-slave-ihp/allmodes/flow_hv/constraint.sdc'…                  
[INFO] No information on clock propagation in input SDC file-- propagating all  
clocks.                                                                         
[INFO] Setting signal min routing layer to: Metal1 and clock min routing layer  
to Metal1.                                                                      
[INFO] Setting signal max routing layer to: TopMetal2 and clock max routing     
layer to TopMetal2.                                                             
+ global_route -congestion_iterations 50 -verbose                               
[INFO GRT-0020] Min routing layer: Metal1                                       
[INFO GRT-0021] Max routing layer: TopMetal2                                    
[INFO GRT-0022] Global adjustment: 30%                                          
[INFO GRT-0023] Grid origin: (0, 0)                                             
[INFO GRT-0088] Layer Metal1  Track-Pitch = 0.4200  line-2-Via Pitch: 0.3650    
[INFO GRT-0088] Layer Metal2  Track-Pitch = 0.4800  line-2-Via Pitch: 0.4150    
[INFO GRT-0088] Layer Metal3  Track-Pitch = 0.4200  line-2-Via Pitch: 0.4150    
[INFO GRT-0088] Layer Metal4  Track-Pitch = 0.4800  line-2-Via Pitch: 0.4150    
[INFO GRT-0088] Layer Metal5  Track-Pitch = 0.4200  line-2-Via Pitch: 0.6200    
[INFO GRT-0088] Layer TopMetal1 Track-Pitch = 3.2800  line-2-Via Pitch: 3.4100  
[INFO GRT-0088] Layer TopMetal2 Track-Pitch = 4.0000  line-2-Via Pitch: 3.9500  
[INFO GRT-0003] Macros: 0                                                       
[INFO GRT-0004] Blockages: 23809                                                
[INFO GRT-0019] Found 1 clock nets.                                             
[INFO GRT-0001] Minimum degree: 2                                               
[INFO GRT-0002] Maximum degree: 142                                             
                                                                                
[INFO GRT-0053] Routing resources analysis:                                     
          Routing      Original      Derated      Resource                      
Layer     Direction    Resources     Resources    Reduction (%)                 
---------------------------------------------------------------                 
Metal1     Horizontal      24894         16478          33.81%                  
Metal2     Vertical        35604         23607          33.70%                  
Metal3     Horizontal      45408         29677          34.64%                  
Metal4     Vertical        38790         25794          33.50%                  
Metal5     Horizontal      45158         29468          34.74%                  
TopMetal1    Vertical         5263          2996          43.07%                
TopMetal2    Horizontal       4224          2400          43.18%                
---------------------------------------------------------------                 
                                                                                
[INFO GRT-0197] Via related to pin nodes: 3891                                  
[INFO GRT-0198] Via related Steiner nodes: 201                                  
[INFO GRT-0199] Via filling finished.                                           
[INFO GRT-0111] Final number of vias: 5120                                      
[INFO GRT-0112] Final usage 3D: 20649                                           
                                                                                
[INFO GRT-0096] Final congestion report:                                        
Layer         Resource        Demand        Usage (%)    Max H / Max V / Total  
Overflow                                                                        
--------------------------------------------------------------------------------
-------                                                                         
Metal1           16478           446            2.71%             0 /  0 /  0   
Metal2           23607          2130            9.02%             0 /  0 /  0   
Metal3           29677          2377            8.01%             0 /  0 /  0   
Metal4           25794           331            1.28%             0 /  0 /  0   
Metal5           29468             5            0.02%             0 /  0 /  0   
TopMetal1           2996             0            0.00%             0 /  0 /  0 
TopMetal2           2400             0            0.00%             0 /  0 /  0 
--------------------------------------------------------------------------------
-------                                                                         
Total           130420          5289            4.06%             0 /  0 /  0   
                                                                                
[INFO GRT-0018] Total wirelength: 55072 um                                      
[INFO GRT-0014] Routed nets: 702                                                
[INFO GRT-0303] Global routing runtime = 00:00:00                               
Setting global connections for newly added cells…                               
[INFO] Setting global connections...                                            
[INFO ODB-0403] 0 connections made, 0 conflicts skipped.                        
Updating metrics…                                                               
Cell type report:                       Count       Area                        
  Buffer                                    4      82.25                        
  Timing Repair Buffer                     28     575.77                        
  Inverter                                 15     205.63                        
  Sequential cell                         141   29960.58                        
  Multi-Input combinational cell          499   10805.96                        
  Total                                   687   41630.20                        
Writing OpenROAD database to                                                    
'/foss/designs/spi-slave-ihp/allmodes/flow_hv/runs/RUN_2026-08-16_13-42-22/35-op
enroad-globalrouting/spi_slave.odb'…                                            
Writing layout to                                                               
'/foss/designs/spi-slave-ihp/allmodes/flow_hv/runs/RUN_2026-08-16_13-42-22/35-op
enroad-globalrouting/spi_slave.def'…                                            
────────────────────────────── Insert ECO Diodes ───────────────────────────────
[13:42:32] VERBOSE  Running 'Odb.InsertECODiodes' at                step.py:1138
                    'runs/RUN_2026-08-16_13-42-22/36-odb-insertecod             
                    iodes'…                                                     
[13:42:32] INFO     'INSERT_ECO_DIODES' not set. Skipping            odb.py:1152
                    'Odb.InsertECODiodes'…                                      
──────────────────────────────── Check Antennas ────────────────────────────────
[13:42:33] VERBOSE  Running 'OpenROAD.CheckAntennas' at             step.py:1138
                    'runs/RUN_2026-08-16_13-42-22/37-openroad-check             
                    antennas'…                                                  
[13:42:33] VERBOSE  Logging subprocess to                           step.py:1338
                    'runs/RUN_2026-08-16_13-42-22/37-openroad-check             
                    antennas/openroad-checkantennas.log'…                       
Reading timing models for corner nom_typ_3p30V_25C…                             
Reading timing library for the 'nom_typ_3p30V_25C' corner at                    
'/foss/designs/sg13g2_stdcell_hv/lib/sg13g2_stdcell_hv_typ_3p30V_25C.lib'…      
Reading OpenROAD database at                                                    
'/foss/designs/spi-slave-ihp/allmodes/flow_hv/runs/RUN_2026-08-16_13-42-22/35-op
enroad-globalrouting/spi_slave.odb'…                                            
[13:42:33] WARNING  [ORD-2056] The following 12 liberty cell(s)  openroad.py:314
                    do not have LEF masters and will be marked                  
                    as dont-use:                                                
  sg13g2_hv_dfrbp_1                                                             
  sg13g2_hv_dfrbp_2                                                             
  sg13g2_hv_dfrbpq_1                                                            
  sg13g2_hv_dfrbpq_2                                                            
  sg13g2_hv_dlhq_1                                                              
  sg13g2_hv_dlhr_1                                                              
  sg13g2_hv_dllr_1                                                              
  sg13g2_hv_dllrq_1                                                             
  sg13g2_hv_sdfrbp_1                                                            
  sg13g2_hv_sdfrbp_2                                                            
  sg13g2_hv_sdfrbpq_1                                                           
  sg13g2_hv_sdfrbpq_2                                                           
Reading design constraints file at                                              
'/foss/designs/spi-slave-ihp/allmodes/flow_hv/constraint.sdc'…                  
[INFO] No information on clock propagation in input SDC file-- propagating all  
clocks.                                                                         
[13:42:35] INFO     Gating variable for step                   sequential.py:362
                    'OpenROAD.RepairDesignPostGRT' set to                       
                    'False'- the step will be skipped.                          
[13:42:35] INFO     Skipping step 'Repair Design (Post-Global  sequential.py:370
                    Routing)'…                                                  
────────────────────── Diodes on Ports Protection Routine ──────────────────────
[13:42:35] VERBOSE  Running 'Odb.DiodesOnPorts' at                  step.py:1138
                    'runs/RUN_2026-08-16_13-42-22/38-odb-diodesonpo             
                    rts'…                                                       
[13:42:35] INFO     'DIODE_ON_PORTS' is set to 'none': skipping       odb.py:820
                    'Odb.DiodesOnPorts'…                                        
[13:42:35] INFO     Gating variable for step                   sequential.py:362
                    'Odb.HeuristicDiodeInsertion' set to                        
                    'False'- the step will be skipped.                          
[13:42:35] INFO     Skipping step 'Heuristic Diode Insertion'… sequential.py:370
──────────────────────────────── Antenna Repair ────────────────────────────────
[13:42:35] VERBOSE  Running 'OpenROAD.RepairAntennas' at            step.py:1138
                    'runs/RUN_2026-08-16_13-42-22/39-openroad-repai             
                    rantennas'…                                                 
─────────────────────────────── Diode Insertion ────────────────────────────────
[13:42:35] VERBOSE  Running 'OpenROAD.DiodeInsertion' at            step.py:1138
                    'runs/RUN_2026-08-16_13-42-22/39-openroad-repai             
                    rantennas/1-openroad-diodeinsertion'…                       
[13:42:35] VERBOSE  Logging subprocess to                           step.py:1338
                    'runs/RUN_2026-08-16_13-42-22/39-openroad-repai             
                    rantennas/1-openroad-diodeinsertion/openroad-di             
                    odeinsertion.log'…                                          
Reading timing models for corner nom_typ_3p30V_25C…                             
Reading timing library for the 'nom_typ_3p30V_25C' corner at                    
'/foss/designs/sg13g2_stdcell_hv/lib/sg13g2_stdcell_hv_typ_3p30V_25C.lib'…      
Reading OpenROAD database at                                                    
'/foss/designs/spi-slave-ihp/allmodes/flow_hv/runs/RUN_2026-08-16_13-42-22/35-op
enroad-globalrouting/spi_slave.odb'…                                            
[13:42:35] WARNING  [ORD-2056] The following 12 liberty cell(s)  openroad.py:314
                    do not have LEF masters and will be marked                  
                    as dont-use:                                                
  sg13g2_hv_dfrbp_1                                                             
  sg13g2_hv_dfrbp_2                                                             
  sg13g2_hv_dfrbpq_1                                                            
  sg13g2_hv_dfrbpq_2                                                            
  sg13g2_hv_dlhq_1                                                              
  sg13g2_hv_dlhr_1                                                              
  sg13g2_hv_dllr_1                                                              
  sg13g2_hv_dllrq_1                                                             
  sg13g2_hv_sdfrbp_1                                                            
  sg13g2_hv_sdfrbp_2                                                            
  sg13g2_hv_sdfrbpq_1                                                           
  sg13g2_hv_sdfrbpq_2                                                           
Reading design constraints file at                                              
'/foss/designs/spi-slave-ihp/allmodes/flow_hv/constraint.sdc'…                  
[INFO] No information on clock propagation in input SDC file-- propagating all  
clocks.                                                                         
+ repair_antennas sg13g2_hv_antennanp -iterations 3 -ratio_margin 10            
[INFO GRT-0012] Found 0 antenna violations.                                     
Setting global connections for newly added cells…                               
[INFO] Setting global connections...                                            
[INFO ODB-0403] 0 connections made, 0 conflicts skipped.                        
Updating metrics…                                                               
Cell type report:                       Count       Area                        
  Buffer                                    4      82.25                        
  Timing Repair Buffer                     28     575.77                        
  Inverter                                 15     205.63                        
  Sequential cell                         141   29960.58                        
  Multi-Input combinational cell          499   10805.96                        
  Total                                   687   41630.20                        
Writing OpenROAD database to                                                    
'/foss/designs/spi-slave-ihp/allmodes/flow_hv/runs/RUN_2026-08-16_13-42-22/39-op
enroad-repairantennas/1-openroad-diodeinsertion/spi_slave.odb'…                 
Writing layout to                                                               
'/foss/designs/spi-slave-ihp/allmodes/flow_hv/runs/RUN_2026-08-16_13-42-22/39-op
enroad-repairantennas/1-openroad-diodeinsertion/spi_slave.def'…                 
──────────────────────────────── Check Antennas ────────────────────────────────
[13:42:37] VERBOSE  Running 'OpenROAD.CheckAntennas' at             step.py:1138
                    'runs/RUN_2026-08-16_13-42-22/39-openroad-repai             
                    rantennas/2-openroad-checkantennas'…                        
[13:42:37] VERBOSE  Logging subprocess to                           step.py:1338
                    'runs/RUN_2026-08-16_13-42-22/39-openroad-repai             
                    rantennas/2-openroad-checkantennas/openroad-che             
                    ckantennas.log'…                                            
Reading timing models for corner nom_typ_3p30V_25C…                             
Reading timing library for the 'nom_typ_3p30V_25C' corner at                    
'/foss/designs/sg13g2_stdcell_hv/lib/sg13g2_stdcell_hv_typ_3p30V_25C.lib'…      
Reading OpenROAD database at                                                    
'/foss/designs/spi-slave-ihp/allmodes/flow_hv/runs/RUN_2026-08-16_13-42-22/39-op
enroad-repairantennas/1-openroad-diodeinsertion/spi_slave.odb'…                 
[13:42:37] WARNING  [ORD-2056] The following 12 liberty cell(s)  openroad.py:314
                    do not have LEF masters and will be marked                  
                    as dont-use:                                                
  sg13g2_hv_dfrbp_1                                                             
  sg13g2_hv_dfrbp_2                                                             
  sg13g2_hv_dfrbpq_1                                                            
  sg13g2_hv_dfrbpq_2                                                            
  sg13g2_hv_dlhq_1                                                              
  sg13g2_hv_dlhr_1                                                              
  sg13g2_hv_dllr_1                                                              
  sg13g2_hv_dllrq_1                                                             
  sg13g2_hv_sdfrbp_1                                                            
  sg13g2_hv_sdfrbp_2                                                            
  sg13g2_hv_sdfrbpq_1                                                           
  sg13g2_hv_sdfrbpq_2                                                           
Reading design constraints file at                                              
'/foss/designs/spi-slave-ihp/allmodes/flow_hv/constraint.sdc'…                  
[INFO] No information on clock propagation in input SDC file-- propagating all  
clocks.                                                                         
[13:42:39] INFO     Gating variable for step                   sequential.py:362
                    'OpenROAD.ResizerTimingPostGRT' set to                      
                    'False'- the step will be skipped.                          
[13:42:39] INFO     Skipping step 'Resizer Timing              sequential.py:370
                    Optimizations (Post-Global Routing)'…                       
─────────────────────────────── Detailed Routing ───────────────────────────────
[13:42:39] VERBOSE  Running 'OpenROAD.DetailedRouting' at           step.py:1138
                    'runs/RUN_2026-08-16_13-42-22/40-openroad-detai             
                    ledrouting'…                                                
[13:42:39] INFO     Running TritonRoute with 8 threads…         openroad.py:2016
[13:42:39] VERBOSE  Logging subprocess to                           step.py:1338
                    'runs/RUN_2026-08-16_13-42-22/40-openroad-detai             
                    ledrouting/openroad-detailedrouting.log'…                   
Reading timing models for corner nom_typ_3p30V_25C…                             
Reading timing library for the 'nom_typ_3p30V_25C' corner at                    
'/foss/designs/sg13g2_stdcell_hv/lib/sg13g2_stdcell_hv_typ_3p30V_25C.lib'…      
Reading OpenROAD database at                                                    
'/foss/designs/spi-slave-ihp/allmodes/flow_hv/runs/RUN_2026-08-16_13-42-22/39-op
enroad-repairantennas/1-openroad-diodeinsertion/spi_slave.odb'…                 
[13:42:39] WARNING  [ORD-2056] The following 12 liberty cell(s)  openroad.py:314
                    do not have LEF masters and will be marked                  
                    as dont-use:                                                
  sg13g2_hv_dfrbp_1                                                             
  sg13g2_hv_dfrbp_2                                                             
  sg13g2_hv_dfrbpq_1                                                            
  sg13g2_hv_dfrbpq_2                                                            
  sg13g2_hv_dlhq_1                                                              
  sg13g2_hv_dlhr_1                                                              
  sg13g2_hv_dllr_1                                                              
  sg13g2_hv_dllrq_1                                                             
  sg13g2_hv_sdfrbp_1                                                            
  sg13g2_hv_sdfrbp_2                                                            
  sg13g2_hv_sdfrbpq_1                                                           
  sg13g2_hv_sdfrbpq_2                                                           
Reading design constraints file at                                              
'/foss/designs/spi-slave-ihp/allmodes/flow_hv/constraint.sdc'…                  
[INFO] No information on clock propagation in input SDC file-- propagating all  
clocks.                                                                         
[INFO ORD-0030] Using 8 thread(s).                                              
+ detailed_route -droute_end_iter 64 -or_seed 42 -verbose 1 -output_drc         
/foss/designs/spi-slave-ihp/allmodes/flow_hv/runs/RUN_2026-08-16_13-42-22/40-ope
nroad-detailedrouting/drt-run-0/spi_slave.drc                                   
[INFO DRT-0149] Reading tech and libs.                                          
[13:42:39] WARNING  [DRT-0349] LEF58_ENCLOSURE with no CUTCLASS  openroad.py:314
                    is not supported. Skipping for layer Cont                   
[13:42:39] WARNING  [DRT-0349] LEF58_ENCLOSURE with no CUTCLASS  openroad.py:314
                    is not supported. Skipping for layer Via1                   
[13:42:39] WARNING  [DRT-0349] LEF58_ENCLOSURE with no CUTCLASS  openroad.py:314
                    is not supported. Skipping for layer Via1                   
[13:42:39] WARNING  [DRT-0349] LEF58_ENCLOSURE with no CUTCLASS  openroad.py:314
                    is not supported. Skipping for layer Via2                   
[13:42:39] WARNING  [DRT-0349] LEF58_ENCLOSURE with no CUTCLASS  openroad.py:314
                    is not supported. Skipping for layer Via3                   
[13:42:39] WARNING  [DRT-0349] LEF58_ENCLOSURE with no CUTCLASS  openroad.py:314
                    is not supported. Skipping for layer Via4                   
[13:42:39] WARNING  [DRT-0349] LEF58_ENCLOSURE with no CUTCLASS  openroad.py:314
                    is not supported. Skipping for layer TopVia1                
[13:42:39] WARNING  [DRT-0349] LEF58_ENCLOSURE with no CUTCLASS  openroad.py:314
                    is not supported. Skipping for layer TopVia1                
[13:42:39] WARNING  [DRT-0349] LEF58_ENCLOSURE with no CUTCLASS  openroad.py:314
                    is not supported. Skipping for layer TopVia2                
[13:42:39] WARNING  [DRT-0349] LEF58_ENCLOSURE with no CUTCLASS  openroad.py:314
                    is not supported. Skipping for layer TopVia2                
                                                                                
Units:                1000                                                      
Number of layers:     15                                                        
Number of macros:     90                                                        
Number of vias:       76                                                        
Number of viarulegen: 6                                                         
                                                                                
[INFO DRT-0150] Reading design.                                                 
[13:42:39] WARNING  [DRT-0120] Large net Clk has 142 pins which  openroad.py:314
                    may impact routing performance. Consider                    
                    optimization.                                               
[13:42:39] WARNING  [DRT-0120] Large net net14 has 142 pins      openroad.py:314
                    which may impact routing performance.                       
                    Consider optimization.                                      
                                                                                
Design:                   spi_slave                                             
Die area:                 ( 0 0 ) ( 354010 399610 )                             
Number of track patterns: 14                                                    
Number of DEF vias:       0                                                     
Number of components:     687                                                   
Number of terminals:      34                                                    
Number of snets:          2                                                     
Number of nets:           702                                                   
                                                                                
[INFO DRT-0167] List of default vias:                                           
  Layer Via1                                                                    
    default via: Via1_XY                                                        
  Layer Via2                                                                    
    default via: Via2_YX                                                        
  Layer Via3                                                                    
    default via: Via3_XY                                                        
  Layer Via4                                                                    
    default via: Via4_YX                                                        
  Layer TopVia1                                                                 
    default via: TopVia1EWNS                                                    
  Layer TopVia2                                                                 
    default via: TopVia2EWNS                                                    
[INFO DRT-0162] Library cell analysis.                                          
[INFO DRT-0163] Instance analysis.                                              
[INFO DRT-0164] Number of unique instances = 70.                                
[INFO DRT-0168] Init region query.                                              
[INFO DRT-0024]   Complete GatPoly.                                             
[INFO DRT-0024]   Complete Cont.                                                
[INFO DRT-0024]   Complete Metal1.                                              
[INFO DRT-0024]   Complete Via1.                                                
[INFO DRT-0024]   Complete Metal2.                                              
[INFO DRT-0024]   Complete Via2.                                                
[INFO DRT-0024]   Complete Metal3.                                              
[INFO DRT-0024]   Complete Via3.                                                
[INFO DRT-0024]   Complete Metal4.                                              
[INFO DRT-0024]   Complete Via4.                                                
[INFO DRT-0024]   Complete Metal5.                                              
[INFO DRT-0024]   Complete TopVia1.                                             
[INFO DRT-0024]   Complete TopMetal1.                                           
[INFO DRT-0024]   Complete TopVia2.                                             
[INFO DRT-0024]   Complete TopMetal2.                                           
[INFO DRT-0033] GatPoly shape region query size = 0.                            
[INFO DRT-0033] Cont shape region query size = 0.                               
[INFO DRT-0033] Metal1 shape region query size = 26877.                         
[INFO DRT-0033] Via1 shape region query size = 1623.                            
[INFO DRT-0033] Metal2 shape region query size = 1049.                          
[INFO DRT-0033] Via2 shape region query size = 1200.                            
[INFO DRT-0033] Metal3 shape region query size = 507.                           
[INFO DRT-0033] Via3 shape region query size = 1200.                            
[INFO DRT-0033] Metal4 shape region query size = 480.                           
[INFO DRT-0033] Via4 shape region query size = 1200.                            
[INFO DRT-0033] Metal5 shape region query size = 720.                           
[INFO DRT-0033] TopVia1 shape region query size = 480.                          
[INFO DRT-0033] TopMetal1 shape region query size = 310.                        
[INFO DRT-0033] TopVia2 shape region query size = 50.                           
[INFO DRT-0033] TopMetal2 shape region query size = 70.                         
[INFO DRT-0165] Start pin access.                                               
[INFO DRT-0078]   Complete 382 pins.                                            
[INFO DRT-0081]   Complete 70 unique inst patterns.                             
[INFO DRT-0084]   Complete 427 groups.                                          
#scanned instances     = 687                                                    
#unique  instances     = 70                                                     
#stdCellGenAp          = 1339                                                   
#stdCellValidPlanarAp  = 6                                                      
#stdCellValidViaAp     = 1133                                                   
#stdCellPinNoAp        = 0                                                      
#stdCellPinCnt         = 2405                                                   
#instTermValidViaApCnt = 0                                                      
#macroGenAp            = 0                                                      
#macroValidPlanarAp    = 0                                                      
#macroValidViaAp       = 0                                                      
#macroNoAp             = 0                                                      
[INFO DRT-0166] Complete pin access.                                            
[INFO DRT-0267] cpu time = 00:00:22, elapsed time = 00:00:04, memory = 104.03   
(MB), peak = 103.50 (MB)                                                        
                                                                                
[INFO DRT-0157] Number of guides:     6215                                      
                                                                                
[INFO DRT-0169] Post process guides.                                            
[INFO DRT-0176] GCELLGRID X 0 DO 49 STEP 7200 ;                                 
[INFO DRT-0177] GCELLGRID Y 0 DO 55 STEP 7200 ;                                 
[INFO DRT-0028]   Complete GatPoly.                                             
[INFO DRT-0028]   Complete Cont.                                                
[INFO DRT-0028]   Complete Metal1.                                              
[INFO DRT-0028]   Complete Via1.                                                
[INFO DRT-0028]   Complete Metal2.                                              
[INFO DRT-0028]   Complete Via2.                                                
[INFO DRT-0028]   Complete Metal3.                                              
[INFO DRT-0028]   Complete Via3.                                                
[INFO DRT-0028]   Complete Metal4.                                              
[INFO DRT-0028]   Complete Via4.                                                
[INFO DRT-0028]   Complete Metal5.                                              
[INFO DRT-0028]   Complete TopVia1.                                             
[INFO DRT-0028]   Complete TopMetal1.                                           
[INFO DRT-0028]   Complete TopVia2.                                             
[INFO DRT-0028]   Complete TopMetal2.                                           
[INFO DRT-0178] Init guide query.                                               
[INFO DRT-0035]   Complete GatPoly (guide).                                     
[INFO DRT-0035]   Complete Cont (guide).                                        
[INFO DRT-0035]   Complete Metal1 (guide).                                      
[INFO DRT-0035]   Complete Via1 (guide).                                        
[INFO DRT-0035]   Complete Metal2 (guide).                                      
[INFO DRT-0035]   Complete Via2 (guide).                                        
[INFO DRT-0035]   Complete Metal3 (guide).                                      
[INFO DRT-0035]   Complete Via3 (guide).                                        
[INFO DRT-0035]   Complete Metal4 (guide).                                      
[INFO DRT-0035]   Complete Via4 (guide).                                        
[INFO DRT-0035]   Complete Metal5 (guide).                                      
[INFO DRT-0035]   Complete TopVia1 (guide).                                     
[INFO DRT-0035]   Complete TopMetal1 (guide).                                   
[INFO DRT-0035]   Complete TopVia2 (guide).                                     
[INFO DRT-0035]   Complete TopMetal2 (guide).                                   
[INFO DRT-0036] GatPoly guide region query size = 0.                            
[INFO DRT-0036] Cont guide region query size = 0.                               
[INFO DRT-0036] Metal1 guide region query size = 2088.                          
[INFO DRT-0036] Via1 guide region query size = 0.                               
[INFO DRT-0036] Metal2 guide region query size = 1837.                          
[INFO DRT-0036] Via2 guide region query size = 0.                               
[INFO DRT-0036] Metal3 guide region query size = 885.                           
[INFO DRT-0036] Via3 guide region query size = 0.                               
[INFO DRT-0036] Metal4 guide region query size = 70.                            
[INFO DRT-0036] Via4 guide region query size = 0.                               
[INFO DRT-0036] Metal5 guide region query size = 1.                             
[INFO DRT-0036] TopVia1 guide region query size = 0.                            
[INFO DRT-0036] TopMetal1 guide region query size = 0.                          
[INFO DRT-0036] TopVia2 guide region query size = 0.                            
[INFO DRT-0036] TopMetal2 guide region query size = 0.                          
[INFO DRT-0179] Init gr pin query.                                              
[INFO DRT-0267] cpu time = 00:00:00, elapsed time = 00:00:00, memory = 106.24   
(MB), peak = 105.63 (MB)                                                        
[INFO DRT-0245] skipped writing guide updates to database.                      
[INFO DRT-0185] Post process initialize RPin region query.                      
[INFO DRT-0181] Start track assignment.                                         
[INFO DRT-0184] Done with 1907 vertical wires in 1 frboxes and 2974 horizontal  
wires in 2 frboxes.                                                             
[INFO DRT-0186] Done with 334 vertical wires in 1 frboxes and 490 horizontal    
wires in 2 frboxes.                                                             
[INFO DRT-0182] Complete track assignment.                                      
[INFO DRT-0267] cpu time = 00:00:01, elapsed time = 00:00:00, memory = 133.17   
(MB), peak = 135.16 (MB)                                                        
[INFO DRT-0187] Start routing data preparation.                                 
[INFO DRT-0267] cpu time = 00:00:00, elapsed time = 00:00:00, memory = 134.21   
(MB), peak = 135.16 (MB)                                                        
[INFO DRT-0194] Start detail routing.                                           
[INFO DRT-0195] Start 0th optimization iteration.                               
    Completing 10% with 0 violations.                                           
    elapsed time = 00:00:00, memory = 155.90 (MB).                              
    Completing 20% with 0 violations.                                           
    elapsed time = 00:00:00, memory = 164.36 (MB).                              
    Completing 30% with 82 violations.                                          
    elapsed time = 00:00:01, memory = 167.72 (MB).                              
    Completing 40% with 82 violations.                                          
    elapsed time = 00:00:01, memory = 171.43 (MB).                              
    Completing 50% with 82 violations.                                          
    elapsed time = 00:00:01, memory = 173.45 (MB).                              
    Completing 60% with 145 violations.                                         
    elapsed time = 00:00:02, memory = 179.23 (MB).                              
    Completing 70% with 145 violations.                                         
    elapsed time = 00:00:02, memory = 181.90 (MB).                              
    Completing 80% with 204 violations.                                         
    elapsed time = 00:00:03, memory = 187.03 (MB).                              
    Completing 90% with 204 violations.                                         
    elapsed time = 00:00:03, memory = 190.89 (MB).                              
    Completing 100% with 258 violations.                                        
    elapsed time = 00:00:04, memory = 190.89 (MB).                              
[INFO DRT-0199]   Number of violations = 366.                                   
Viol/Layer      Metal1   Via1 Metal2   Via2 Metal3                              
Metal Spacing       20      0    173      0      1                              
Recheck             19      0     47      0     42                              
Short               20      4     20      2     18                              
[INFO DRT-0267] cpu time = 00:00:22, elapsed time = 00:00:04, memory = 581.01   
(MB), peak = 592.27 (MB)                                                        
Total wire length = 38406 um.                                                   
Total wire length on LAYER Metal1 = 2009 um.                                    
Total wire length on LAYER Metal2 = 15858 um.                                   
Total wire length on LAYER Metal3 = 18146 um.                                   
Total wire length on LAYER Metal4 = 2356 um.                                    
Total wire length on LAYER Metal5 = 35 um.                                      
Total wire length on LAYER TopMetal1 = 0 um.                                    
Total wire length on LAYER TopMetal2 = 0 um.                                    
Total number of vias = 4961.                                                    
Up-via summary (total 4961):                                                    
                                                                                
------------------                                                              
   GatPoly       0                                                              
    Metal1    2695                                                              
    Metal2    2073                                                              
    Metal3     191                                                              
    Metal4       2                                                              
    Metal5       0                                                              
 TopMetal1       0                                                              
------------------                                                              
          4961                                                                  
                                                                                
                                                                                
[INFO DRT-0195] Start 1st optimization iteration.                               
    Completing 10% with 366 violations.                                         
    elapsed time = 00:00:00, memory = 581.01 (MB).                              
    Completing 20% with 366 violations.                                         
    elapsed time = 00:00:00, memory = 581.01 (MB).                              
    Completing 30% with 286 violations.                                         
    elapsed time = 00:00:00, memory = 581.19 (MB).                              
    Completing 40% with 286 violations.                                         
    elapsed time = 00:00:01, memory = 581.42 (MB).                              
    Completing 50% with 286 violations.                                         
    elapsed time = 00:00:01, memory = 585.62 (MB).                              
    Completing 60% with 202 violations.                                         
    elapsed time = 00:00:02, memory = 585.75 (MB).                              
    Completing 70% with 202 violations.                                         
    elapsed time = 00:00:02, memory = 585.75 (MB).                              
    Completing 80% with 84 violations.                                          
    elapsed time = 00:00:02, memory = 585.75 (MB).                              
    Completing 90% with 84 violations.                                          
    elapsed time = 00:00:03, memory = 585.75 (MB).                              
    Completing 100% with 9 violations.                                          
    elapsed time = 00:00:03, memory = 586.69 (MB).                              
[INFO DRT-0199]   Number of violations = 9.                                     
Viol/Layer      Metal2                                                          
Metal Spacing        8                                                          
Short                1                                                          
[INFO DRT-0267] cpu time = 00:00:19, elapsed time = 00:00:03, memory = 598.73   
(MB), peak = 597.96 (MB)                                                        
Total wire length = 38129 um.                                                   
Total wire length on LAYER Metal1 = 1798 um.                                    
Total wire length on LAYER Metal2 = 15751 um.                                   
Total wire length on LAYER Metal3 = 18213 um.                                   
Total wire length on LAYER Metal4 = 2330 um.                                    
Total wire length on LAYER Metal5 = 35 um.                                      
Total wire length on LAYER TopMetal1 = 0 um.                                    
Total wire length on LAYER TopMetal2 = 0 um.                                    
Total number of vias = 4919.                                                    
Up-via summary (total 4919):                                                    
                                                                                
------------------                                                              
   GatPoly       0                                                              
    Metal1    2631                                                              
    Metal2    2093                                                              
    Metal3     193                                                              
    Metal4       2                                                              
    Metal5       0                                                              
 TopMetal1       0                                                              
------------------                                                              
          4919                                                                  
                                                                                
                                                                                
[INFO DRT-0195] Start 2nd optimization iteration.                               
    Completing 10% with 9 violations.                                           
    elapsed time = 00:00:00, memory = 598.73 (MB).                              
    Completing 20% with 9 violations.                                           
    elapsed time = 00:00:00, memory = 598.73 (MB).                              
    Completing 30% with 12 violations.                                          
    elapsed time = 00:00:00, memory = 598.73 (MB).                              
    Completing 40% with 12 violations.                                          
    elapsed time = 00:00:00, memory = 598.73 (MB).                              
    Completing 50% with 12 violations.                                          
    elapsed time = 00:00:00, memory = 598.82 (MB).                              
    Completing 60% with 9 violations.                                           
    elapsed time = 00:00:00, memory = 586.88 (MB).                              
    Completing 70% with 9 violations.                                           
    elapsed time = 00:00:00, memory = 586.88 (MB).                              
    Completing 80% with 9 violations.                                           
    elapsed time = 00:00:00, memory = 586.88 (MB).                              
    Completing 90% with 9 violations.                                           
    elapsed time = 00:00:00, memory = 586.88 (MB).                              
    Completing 100% with 6 violations.                                          
    elapsed time = 00:00:01, memory = 586.88 (MB).                              
[INFO DRT-0199]   Number of violations = 6.                                     
Viol/Layer      Metal2 Metal3                                                   
Short                2      4                                                   
[INFO DRT-0267] cpu time = 00:00:02, elapsed time = 00:00:01, memory = 586.88   
(MB), peak = 597.96 (MB)                                                        
Total wire length = 38130 um.                                                   
Total wire length on LAYER Metal1 = 1805 um.                                    
Total wire length on LAYER Metal2 = 15781 um.                                   
Total wire length on LAYER Metal3 = 18177 um.                                   
Total wire length on LAYER Metal4 = 2331 um.                                    
Total wire length on LAYER Metal5 = 35 um.                                      
Total wire length on LAYER TopMetal1 = 0 um.                                    
Total wire length on LAYER TopMetal2 = 0 um.                                    
Total number of vias = 4926.                                                    
Up-via summary (total 4926):                                                    
                                                                                
------------------                                                              
   GatPoly       0                                                              
    Metal1    2645                                                              
    Metal2    2084                                                              
    Metal3     195                                                              
    Metal4       2                                                              
    Metal5       0                                                              
 TopMetal1       0                                                              
------------------                                                              
          4926                                                                  
                                                                                
                                                                                
[INFO DRT-0195] Start 3rd guides tiles iteration.                               
    Completing 20% with 6 violations.                                           
    elapsed time = 00:00:00, memory = 593.97 (MB).                              
    Completing 50% with 6 violations.                                           
    elapsed time = 00:00:00, memory = 586.88 (MB).                              
    Completing 70% with 0 violations.                                           
    elapsed time = 00:00:00, memory = 586.88 (MB).                              
    Completing 100% with 0 violations.                                          
    elapsed time = 00:00:00, memory = 586.88 (MB).                              
[INFO DRT-0199]   Number of violations = 0.                                     
[INFO DRT-0267] cpu time = 00:00:00, elapsed time = 00:00:00, memory = 598.75   
(MB), peak = 597.96 (MB)                                                        
Total wire length = 38122 um.                                                   
Total wire length on LAYER Metal1 = 1796 um.                                    
Total wire length on LAYER Metal2 = 15777 um.                                   
Total wire length on LAYER Metal3 = 18182 um.                                   
Total wire length on LAYER Metal4 = 2331 um.                                    
Total wire length on LAYER Metal5 = 35 um.                                      
Total wire length on LAYER TopMetal1 = 0 um.                                    
Total wire length on LAYER TopMetal2 = 0 um.                                    
Total number of vias = 4924.                                                    
Up-via summary (total 4924):                                                    
                                                                                
------------------                                                              
   GatPoly       0                                                              
    Metal1    2642                                                              
    Metal2    2085                                                              
    Metal3     195                                                              
    Metal4       2                                                              
    Metal5       0                                                              
 TopMetal1       0                                                              
------------------                                                              
          4924                                                                  
                                                                                
                                                                                
[INFO DRT-0198] Complete detail routing.                                        
Total wire length = 38122 um.                                                   
Total wire length on LAYER Metal1 = 1796 um.                                    
Total wire length on LAYER Metal2 = 15777 um.                                   
Total wire length on LAYER Metal3 = 18182 um.                                   
Total wire length on LAYER Metal4 = 2331 um.                                    
Total wire length on LAYER Metal5 = 35 um.                                      
Total wire length on LAYER TopMetal1 = 0 um.                                    
Total wire length on LAYER TopMetal2 = 0 um.                                    
Total number of vias = 4924.                                                    
Up-via summary (total 4924):                                                    
                                                                                
------------------                                                              
   GatPoly       0                                                              
    Metal1    2642                                                              
    Metal2    2085                                                              
    Metal3     195                                                              
    Metal4       2                                                              
    Metal5       0                                                              
 TopMetal1       0                                                              
------------------                                                              
          4924                                                                  
                                                                                
                                                                                
[INFO DRT-0267] cpu time = 00:00:45, elapsed time = 00:00:09, memory = 598.94   
(MB), peak = 598.00 (MB)                                                        
                                                                                
[INFO DRT-0180] Post processing.                                                
+ check_antennas                                                                
[INFO ANT-0002] Found 0 net violations.                                         
[INFO ANT-0001] Found 0 pin violations.                                         
Setting global connections for newly added cells…                               
[INFO] Setting global connections...                                            
[INFO ODB-0403] 0 connections made, 0 conflicts skipped.                        
Updating metrics…                                                               
Cell type report:                       Count       Area                        
  Buffer                                    4      82.25                        
  Timing Repair Buffer                     28     575.77                        
  Inverter                                 15     205.63                        
  Sequential cell                         141   29960.58                        
  Multi-Input combinational cell          499   10805.96                        
  Total                                   687   41630.20                        
Writing OpenROAD database to                                                    
'/foss/designs/spi-slave-ihp/allmodes/flow_hv/runs/RUN_2026-08-16_13-42-22/40-op
enroad-detailedrouting/spi_slave.odb'…                                          
Writing netlist to                                                              
'/foss/designs/spi-slave-ihp/allmodes/flow_hv/runs/RUN_2026-08-16_13-42-22/40-op
enroad-detailedrouting/spi_slave.nl.v'…                                         
Writing powered netlist to                                                      
'/foss/designs/spi-slave-ihp/allmodes/flow_hv/runs/RUN_2026-08-16_13-42-22/40-op
enroad-detailedrouting/spi_slave.pnl.v'…                                        
Writing layout to                                                               
'/foss/designs/spi-slave-ihp/allmodes/flow_hv/runs/RUN_2026-08-16_13-42-22/40-op
enroad-detailedrouting/spi_slave.def'…                                          
Writing timing constraints to                                                   
'/foss/designs/spi-slave-ihp/allmodes/flow_hv/runs/RUN_2026-08-16_13-42-22/40-op
enroad-detailedrouting/spi_slave.sdc'…                                          
───────────────────────────── Remove Obstructions ──────────────────────────────
[13:42:54] VERBOSE  Running 'Odb.RemoveRoutingObstructions' at      step.py:1138
                    'runs/RUN_2026-08-16_13-42-22/41-odb-removerout             
                    ingobstructions'…                                           
[13:42:54] INFO     'ROUTING_OBSTRUCTIONS' is not defined. Skipping   odb.py:589
                    'Odb.RemoveRoutingObstructions'…                            
──────────────────────────────── Check Antennas ────────────────────────────────
[13:42:54] VERBOSE  Running 'OpenROAD.CheckAntennas-1' at           step.py:1138
                    'runs/RUN_2026-08-16_13-42-22/42-openroad-check             
                    antennas-1'…                                                
[13:42:54] VERBOSE  Logging subprocess to                           step.py:1338
                    'runs/RUN_2026-08-16_13-42-22/42-openroad-check             
                    antennas-1/openroad-checkantennas-1.log'…                   
Reading timing models for corner nom_typ_3p30V_25C…                             
Reading timing library for the 'nom_typ_3p30V_25C' corner at                    
'/foss/designs/sg13g2_stdcell_hv/lib/sg13g2_stdcell_hv_typ_3p30V_25C.lib'…      
Reading OpenROAD database at                                                    
'/foss/designs/spi-slave-ihp/allmodes/flow_hv/runs/RUN_2026-08-16_13-42-22/40-op
enroad-detailedrouting/spi_slave.odb'…                                          
[13:42:55] WARNING  [ORD-2056] The following 12 liberty cell(s)  openroad.py:314
                    do not have LEF masters and will be marked                  
                    as dont-use:                                                
  sg13g2_hv_dfrbp_1                                                             
  sg13g2_hv_dfrbp_2                                                             
  sg13g2_hv_dfrbpq_1                                                            
  sg13g2_hv_dfrbpq_2                                                            
  sg13g2_hv_dlhq_1                                                              
  sg13g2_hv_dlhr_1                                                              
  sg13g2_hv_dllr_1                                                              
  sg13g2_hv_dllrq_1                                                             
  sg13g2_hv_sdfrbp_1                                                            
  sg13g2_hv_sdfrbp_2                                                            
  sg13g2_hv_sdfrbpq_1                                                           
  sg13g2_hv_sdfrbpq_2                                                           
Reading design constraints file at                                              
'/foss/designs/spi-slave-ihp/allmodes/flow_hv/constraint.sdc'…                  
[INFO] No information on clock propagation in input SDC file-- propagating all  
clocks.                                                                         
───────────────────────── Routing Design Rule Checker ──────────────────────────
[13:42:56] VERBOSE  Running 'Checker.TrDRC' at                      step.py:1138
                    'runs/RUN_2026-08-16_13-42-22/43-checker-trdrc'             
                    …                                                           
[13:42:56] INFO     Check for Routing DRC errors clear.           checker.py:131
─────────────────────────── Report Disconnected Pins ───────────────────────────
[13:42:56] VERBOSE  Running 'Odb.ReportDisconnectedPins' at         step.py:1138
                    'runs/RUN_2026-08-16_13-42-22/44-odb-reportdisc             
                    onnectedpins'…                                              
[13:42:56] VERBOSE  Logging subprocess to                           step.py:1338
                    'runs/RUN_2026-08-16_13-42-22/44-odb-reportdisc             
                    onnectedpins/odb-reportdisconnectedpins.log'…               
Found 141 disconnected pin(s), of which 0 are critical.                         
────────────────────────── Disconnected Pins Checker ───────────────────────────
[13:42:57] VERBOSE  Running 'Checker.DisconnectedPins' at           step.py:1138
                    'runs/RUN_2026-08-16_13-42-22/45-checker-discon             
                    nectedpins'…                                                
[13:42:57] INFO     Check for critical disconnected pins clear.   checker.py:131
────────────────────────────── Report Wire Length ──────────────────────────────
[13:42:57] VERBOSE  Running 'Odb.ReportWireLength' at               step.py:1138
                    'runs/RUN_2026-08-16_13-42-22/46-odb-reportwire             
                    length'…                                                    
[13:42:57] VERBOSE  Logging subprocess to                           step.py:1338
                    'runs/RUN_2026-08-16_13-42-22/46-odb-reportwire             
                    length/odb-reportwirelength.log'…                           
──────────────────────── Wire Length Threshold Checker ─────────────────────────
[13:42:58] VERBOSE  Running 'Checker.WireLength' at                 step.py:1138
                    'runs/RUN_2026-08-16_13-42-22/47-checker-wirele             
                    ngth'…                                                      
[13:42:58] WARNING  Threshold for Threshold-surpassing long wires checker.py:108
                    is not set. The checker will be skipped.                    
──────────────────────────────── Fill Insertion ────────────────────────────────
[13:42:58] VERBOSE  Running 'OpenROAD.FillInsertion' at             step.py:1138
                    'runs/RUN_2026-08-16_13-42-22/48-openroad-filli             
                    nsertion'…                                                  
[13:42:58] VERBOSE  Logging subprocess to                           step.py:1338
                    'runs/RUN_2026-08-16_13-42-22/48-openroad-filli             
                    nsertion/openroad-fillinsertion.log'…                       
Reading timing models for corner nom_typ_3p30V_25C…                             
Reading timing library for the 'nom_typ_3p30V_25C' corner at                    
'/foss/designs/sg13g2_stdcell_hv/lib/sg13g2_stdcell_hv_typ_3p30V_25C.lib'…      
Reading OpenROAD database at                                                    
'/foss/designs/spi-slave-ihp/allmodes/flow_hv/runs/RUN_2026-08-16_13-42-22/44-od
b-reportdisconnectedpins/spi_slave.odb'…                                        
[13:42:58] WARNING  [ORD-2056] The following 12 liberty cell(s)  openroad.py:314
                    do not have LEF masters and will be marked                  
                    as dont-use:                                                
  sg13g2_hv_dfrbp_1                                                             
  sg13g2_hv_dfrbp_2                                                             
  sg13g2_hv_dfrbpq_1                                                            
  sg13g2_hv_dfrbpq_2                                                            
  sg13g2_hv_dlhq_1                                                              
  sg13g2_hv_dlhr_1                                                              
  sg13g2_hv_dllr_1                                                              
  sg13g2_hv_dllrq_1                                                             
  sg13g2_hv_sdfrbp_1                                                            
  sg13g2_hv_sdfrbp_2                                                            
  sg13g2_hv_sdfrbpq_1                                                           
  sg13g2_hv_sdfrbpq_2                                                           
Reading design constraints file at                                              
'/foss/designs/spi-slave-ihp/allmodes/flow_hv/constraint.sdc'…                  
[INFO] No information on clock propagation in input SDC file-- propagating all  
clocks.                                                                         
sg13g2_hv_fill_8 sg13g2_hv_fill_4 sg13g2_hv_fill_1 sg13g2_hv_fill_2             
sg13g2_hv_fill_4 sg13g2_hv_fill_8                                               
[INFO DPL-0001] Placed 3153 filler instances.                                   
Setting global connections for newly added cells…                               
[INFO] Setting global connections...                                            
[INFO ODB-0403] 6306 connections made, 0 conflicts skipped.                     
Updating metrics…                                                               
Cell type report:                       Count       Area                        
  Fill cell                              3153   73218.70                        
  Buffer                                    4      82.25                        
  Timing Repair Buffer                     28     575.77                        
  Inverter                                 15     205.63                        
  Sequential cell                         141   29960.58                        
  Multi-Input combinational cell          499   10805.96                        
  Total                                  3840  114848.90                        
Writing OpenROAD database to                                                    
'/foss/designs/spi-slave-ihp/allmodes/flow_hv/runs/RUN_2026-08-16_13-42-22/48-op
enroad-fillinsertion/spi_slave.odb'…                                            
Writing netlist to                                                              
'/foss/designs/spi-slave-ihp/allmodes/flow_hv/runs/RUN_2026-08-16_13-42-22/48-op
enroad-fillinsertion/spi_slave.nl.v'…                                           
Writing powered netlist to                                                      
'/foss/designs/spi-slave-ihp/allmodes/flow_hv/runs/RUN_2026-08-16_13-42-22/48-op
enroad-fillinsertion/spi_slave.pnl.v'…                                          
Writing layout to                                                               
'/foss/designs/spi-slave-ihp/allmodes/flow_hv/runs/RUN_2026-08-16_13-42-22/48-op
enroad-fillinsertion/spi_slave.def'…                                            
Writing timing constraints to                                                   
'/foss/designs/spi-slave-ihp/allmodes/flow_hv/runs/RUN_2026-08-16_13-42-22/48-op
enroad-fillinsertion/spi_slave.sdc'…                                            
──────────────────────── Generate Cell Frequency Tables ────────────────────────
[13:42:58] VERBOSE  Running 'Odb.CellFrequencyTables' at            step.py:1138
                    'runs/RUN_2026-08-16_13-42-22/49-odb-cellfreque             
                    ncytables'…                                                 
[13:42:58] VERBOSE  Logging subprocess to                           step.py:1338
                    'runs/RUN_2026-08-16_13-42-22/49-odb-cellfreque             
                    ncytables/buffer_list.txt'…                                 
sg13g2_hv_buf_1                                                                 
sg13g2_hv_buf_16                                                                
sg13g2_hv_buf_2                                                                 
sg13g2_hv_buf_4                                                                 
sg13g2_hv_buf_8                                                                 
sg13g2_hv_dlygate4sd1_1                                                         
sg13g2_hv_dlygate4sd2_1                                                         
sg13g2_hv_dlygate4sd3_1                                                         
[13:42:58] VERBOSE  Logging subprocess to                           step.py:1338
                    'runs/RUN_2026-08-16_13-42-22/49-odb-cellfreque             
                    ncytables/odb-cellfrequencytables.log'…                     
                                Cells by Master                                 
┏━━━━━━━━━━━━━━━━━━━━━━━━━━━━━━━━━━━━━━━━━━━━━━━━━━━━━━━━━━┳━━━━━━━━━━━━━━━━━━━┓
┃ Cell                                                     ┃ Count             ┃
┡━━━━━━━━━━━━━━━━━━━━━━━━━━━━━━━━━━━━━━━━━━━━━━━━━━━━━━━━━━╇━━━━━━━━━━━━━━━━━━━┩
│ sg13g2_hv_a21o_1                                         │ 1                 │
│ sg13g2_hv_a21oi_1                                        │ 21                │
│ sg13g2_hv_a221oi_1                                       │ 19                │
│ sg13g2_hv_a22oi_1                                        │ 32                │
│ sg13g2_hv_and2_1                                         │ 43                │
│ sg13g2_hv_buf_1                                          │ 32                │
│ sg13g2_hv_fill_1                                         │ 238               │
│ sg13g2_hv_fill_2                                         │ 219               │
│ sg13g2_hv_fill_4                                         │ 220               │
│ sg13g2_hv_fill_8                                         │ 2476              │
│ sg13g2_hv_inv_1                                          │ 15                │
│ sg13g2_hv_mux2_1                                         │ 8                 │
│ sg13g2_hv_nand2_1                                        │ 93                │
│ sg13g2_hv_nand2b_1                                       │ 15                │
│ sg13g2_hv_nand3_1                                        │ 31                │
│ sg13g2_hv_nor2_1                                         │ 5                 │
│ sg13g2_hv_nor3_1                                         │ 12                │
│ sg13g2_hv_nor4_1                                         │ 6                 │
│ sg13g2_hv_o21ai_1                                        │ 9                 │
│ sg13g2_hv_or2_1                                          │ 4                 │
│ sg13g2_hv_or4_1                                          │ 2                 │
│ sg13g2_hv_sdfbbp_1                                       │ 141               │
│ sg13g2_hv_tiehi                                          │ 141               │
│ sg13g2_hv_tielo                                          │ 55                │
│ sg13g2_hv_xnor2_1                                        │ 1                 │
│ sg13g2_hv_xor2_1                                         │ 1                 │
└──────────────────────────────────────────────────────────┴───────────────────┘
                               Cells by Function                                
┏━━━━━━━━━━━━━━━━━━━━━━━━━━━━━━━━━━━━━━━━━━━━━━━━━━━━━┳━━━━━━━━━━━━━━━━━━━━━━━━┓
┃ Cell Function                                       ┃ Count                  ┃
┡━━━━━━━━━━━━━━━━━━━━━━━━━━━━━━━━━━━━━━━━━━━━━━━━━━━━━╇━━━━━━━━━━━━━━━━━━━━━━━━┩
└─────────────────────────────────────────────────────┴────────────────────────┘
                                  Cells by SCL                                  
┏━━━━━━━━━━━━━━━━━━━━━━━━━━━━━━━━━┳━━━━━━━━━━━━━━━━━━━━━━━━━━━━━━━━━━━━━━━━━━━━┓
┃ SCL                             ┃ Count                                      ┃
┡━━━━━━━━━━━━━━━━━━━━━━━━━━━━━━━━━╇━━━━━━━━━━━━━━━━━━━━━━━━━━━━━━━━━━━━━━━━━━━━┩
└─────────────────────────────────┴────────────────────────────────────────────┘
                             Buffers by Cell Master                             
┏━━━━━━━━━━━━━━━━━━━━━━━━━━━━━━━━━━━━━━━━━━━━━━━━━━━━━━━┳━━━━━━━━━━━━━━━━━━━━━━┓
┃ Buffer                                                ┃ Count                ┃
┡━━━━━━━━━━━━━━━━━━━━━━━━━━━━━━━━━━━━━━━━━━━━━━━━━━━━━━━╇━━━━━━━━━━━━━━━━━━━━━━┩
│ sg13g2_hv_buf_1                                       │ 32                   │
└───────────────────────────────────────────────────────┴──────────────────────┘
───────────────── Parasitic Resistance/Capacitance Extraction ──────────────────
[13:42:59] VERBOSE  Running 'OpenROAD.RCX' at                       step.py:1138
                    'runs/RUN_2026-08-16_13-42-22/50-openroad-rcx'…             
[13:42:59] INFO     Running RCX for corners matching nom_*      openroad.py:2159
                    (/foss/designs/spi-slave-ihp/allmodes/flow_                 
                    hv/runs/RUN_2026-08-16_13-42-22/50-openroad                 
                    -rcx/nom/rcx.log)…                                          
[13:42:59] VERBOSE  Logging subprocess to                           step.py:1338
                    'runs/RUN_2026-08-16_13-42-22/50-openroad-rcx/n             
                    om/rcx.log'…                                                
[13:42:59] INFO     Finished RCX for corners matching nom_*.    openroad.py:2168
────────────────────── Static Timing Analysis (Post-PnR) ───────────────────────
[13:42:59] VERBOSE  Running 'OpenROAD.STAPostPNR' at                step.py:1138
                    'runs/RUN_2026-08-16_13-42-22/51-openroad-stapo             
                    stpnr'…                                                     
[13:42:59] INFO     Starting STA for the nom_typ_3p30V_25C       openroad.py:748
                    timing corner…                                              
[13:42:59] VERBOSE  Logging subprocess to                           step.py:1338
                    'runs/RUN_2026-08-16_13-42-22/51-openroad-stapo             
                    stpnr/nom_typ_3p30V_25C/sta.log'…                           
[13:43:00] INFO     Finished STA for the nom_typ_3p30V_25C       openroad.py:763
                    timing corner.                                              
[13:43:00] VERBOSE  Logging subprocess to                           step.py:1338
                    'runs/RUN_2026-08-16_13-42-22/51-openroad-stapo             
                    stpnr/nom_typ_3p30V_25C/filter_unannotated.log'             
                    …                                                           
┏━━━━━━━━━━━━━━━━━━━━━━┳━━━━┳━━━━┳━━━━┳━━━━┳━━━━┳━━━┳━━━━┳━━━┳━━━━┳━━━┳━━━━┳━━━┓
┃                      ┃    ┃    ┃    ┃    ┃ of ┃   ┃    ┃   ┃    ┃ … ┃    ┃   ┃
┃                      ┃    ┃ R… ┃    ┃    ┃ w… ┃   ┃ R… ┃   ┃    ┃ … ┃    ┃   ┃
┃                      ┃ H… ┃ to ┃    ┃ H… ┃ r… ┃ … ┃ to ┃   ┃ S… ┃ … ┃ M… ┃ … ┃
┃                      ┃ W… ┃ R… ┃ H… ┃ V… ┃ to ┃ … ┃ R… ┃ … ┃ V… ┃ … ┃ C… ┃ … ┃
┃ Corner/Group         ┃ S… ┃ P… ┃ T… ┃ C… ┃ r… ┃ … ┃ P… ┃ … ┃ C… ┃ … ┃ V… ┃ … ┃
┡━━━━━━━━━━━━━━━━━━━━━━╇━━━━╇━━━━╇━━━━╇━━━━╇━━━━╇━━━╇━━━━╇━━━╇━━━━╇━━━╇━━━━╇━━━┩
│ Overall              │ 0… │ 0… │ 0… │ 0  │ 0  │ … │ 4… │ … │ 0  │ 0 │ 0  │ 0 │
│ nom_typ_3p30V_25C    │ 0… │ 0… │ 0… │ 0  │ 0  │ … │ 4… │ … │ 0  │ 0 │ 0  │ 0 │
└──────────────────────┴────┴────┴────┴────┴────┴───┴────┴───┴────┴───┴────┴───┘
─────────────────────────── Generate IR Drop Report ────────────────────────────
[13:43:01] VERBOSE  Running 'OpenROAD.IRDropReport' at              step.py:1138
                    'runs/RUN_2026-08-16_13-42-22/52-openroad-irdro             
                    preport'…                                                   
[13:43:01] WARNING  'VSRC_LOC_FILES' was not given a value,     openroad.py:2260
                    which may make the results of IR drop                       
                    analysis inaccurate. If you are not                         
                    integrating a top-level chip for                            
                    manufacture, you may ignore this warning,                   
                    otherwise, see the documentation for                        
                    'VSRC_LOC_FILES'.                                           
[13:43:01] VERBOSE  Logging subprocess to                           step.py:1338
                    'runs/RUN_2026-08-16_13-42-22/52-openroad-irdro             
                    preport/openroad-irdropreport.log'…                         
Reading timing models for corner nom_typ_3p30V_25C…                             
Reading timing library for the 'nom_typ_3p30V_25C' corner at                    
'/foss/designs/sg13g2_stdcell_hv/lib/sg13g2_stdcell_hv_typ_3p30V_25C.lib'…      
Reading OpenROAD database at                                                    
'/foss/designs/spi-slave-ihp/allmodes/flow_hv/runs/RUN_2026-08-16_13-42-22/49-od
b-cellfrequencytables/spi_slave.odb'…                                           
[13:43:01] WARNING  [ORD-2056] The following 12 liberty cell(s)  openroad.py:314
                    do not have LEF masters and will be marked                  
                    as dont-use:                                                
  sg13g2_hv_dfrbp_1                                                             
  sg13g2_hv_dfrbp_2                                                             
  sg13g2_hv_dfrbpq_1                                                            
  sg13g2_hv_dfrbpq_2                                                            
  sg13g2_hv_dlhq_1                                                              
  sg13g2_hv_dlhr_1                                                              
  sg13g2_hv_dllr_1                                                              
  sg13g2_hv_dllrq_1                                                             
  sg13g2_hv_sdfrbp_1                                                            
  sg13g2_hv_sdfrbp_2                                                            
  sg13g2_hv_sdfrbpq_1                                                           
  sg13g2_hv_sdfrbpq_2                                                           
Reading design constraints file at                                              
'/foss/designs/spi-slave-ihp/allmodes/flow_hv/constraint.sdc'…                  
[INFO] No information on clock propagation in input SDC file-- propagating all  
clocks.                                                                         
[INFO] Using voltage extracted from lib (3.30V) for power nets and 0V for ground
nets…                                                                           
[13:43:01] VERBOSE  + analyze_power_grid -net VPWR              openroad.py:2272
                    -voltage_file                                               
                    /foss/designs/spi-slave-ihp/allmodes/flow_h                 
                    v/runs/RUN_2026-08-16_13-42-22/52-openroad-                 
                    irdropreport/net-VPWR.csv                                   
                    [INFO PSM-0040] All shapes on net VPWR are                  
                    connected.                                                  
                    ########## IR report #################                      
                    Net              : VPWR                                     
                    Corner           : nom_typ_3p30V_25C                        
                    Total power      : 4.06e-08 W                               
                    Supply voltage   : 3.30e+00 V                               
                    Worstcase voltage: 3.30e+00 V                               
                    Average voltage  : 3.30e+00 V                               
                    Average IR drop  : 1.14e-12 V                               
                    Worstcase IR drop: 7.10e-12 V                               
                    Percentage drop  : 0.00 %                                   
                    ######################################                      
                    + analyze_power_grid -net VGND                              
                    -voltage_file                                               
                    /foss/designs/spi-slave-ihp/allmodes/flow_h                 
                    v/runs/RUN_2026-08-16_13-42-22/52-openroad-                 
                    irdropreport/net-VGND.csv                                   
                    [INFO PSM-0040] All shapes on net VGND are                  
                    connected.                                                  
                    ########## IR report #################                      
                    Net              : VGND                                     
                    Corner           : nom_typ_3p30V_25C                        
                    Total power      : 4.06e-08 W                               
                    Supply voltage   : 0.00e+00 V                               
                    Worstcase voltage: 1.05e-11 V                               
                    Average voltage  : 1.52e-12 V                               
                    Average IR drop  : 1.52e-12 V                               
                    Worstcase IR drop: 1.05e-11 V                               
                    Percentage drop  : 0.00 %                                   
                    ######################################                      
                                                                                
─────────────────────────── GDSII Stream Out (Magic) ───────────────────────────
[13:43:01] VERBOSE  Running 'Magic.StreamOut' at                    step.py:1138
                    'runs/RUN_2026-08-16_13-42-22/53-magic-streamou             
                    t'…                                                         
[13:43:01] VERBOSE  Logging subprocess to                           step.py:1338
                    'runs/RUN_2026-08-16_13-42-22/53-magic-streamou             
                    t/magic-streamout.log'…                                     
                                                                                
Magic 8.3 revision 678 - Compiled on Mon Jul 27 03:07:22 PM CEST 2026.          
Starting magic under Tcl interpreter                                            
Using the terminal as the console.                                              
WARNING: RLIMIT_NOFILE is above 1024 and Tcl_Version<9 this may cause runtime   
issues [rlim_cur=1073741816]                                                    
Using NULL graphics device.                                                     
Processing system .magicrc file                                                 
Switching to WIRING tool.                                                       
Switching to NETLIST tool.                                                      
Switching to PICK tool.                                                         
Switching to BOX tool.                                                          
Sourcing design .magicrc for technology ihp-sg13g2 ...                          
2 Magic internal units = 1 Lambda                                               
Input style sg13g2(): scaleFactor=2, multiplier=2                               
The following types are not handled by extraction and will be treated as        
non-electrical types:                                                           
    pblock sealcont difffill nemitter hvnemitter hvisodiffres sealvia1 sealvia2 
sealvia3 sealvia4 sealvia5 sealvia6 pillar solder seal glass thruvia inductor   
Scaled tech values by 2 / 1 to match internal grid scaling                      
Loading ihp-sg13g2 Device Generator Menu ...                                    
Loading                                                                         
"/usr/local/lib/python3.12/dist-packages/librelane/scripts/magic/wrapper.tcl"   
from command line.                                                              
> gds read /foss/designs/sg13g2_stdcell_hv/gds/sg13g2_stdcell_hv.gds            
Warning: Calma reading is not undoable!  I hope that's OK.                      
Library written using GDS-II Release 6.0                                        
Library name: sg13g2_stdcell                                                    
Reading "sg13g2_hv_xor2_1".                                                     
Reading "sg13g2_hv_xnor2_1".                                                    
Reading "sg13g2_hv_slgcp_1".                                                    
Reading "sg13g2_hv_sdfbbp_1".                                                   
Reading "sg13g2_hv_or4_2".                                                      
Reading "sg13g2_hv_or4_1".                                                      
Reading "sg13g2_hv_or3_2".                                                      
Reading "sg13g2_hv_or3_1".                                                      
Reading "sg13g2_hv_or2_2".                                                      
Reading "sg13g2_hv_or2_1".                                                      
Reading "sg13g2_hv_o21ai_1".                                                    
Reading "sg13g2_hv_nor4_2".                                                     
Reading "sg13g2_hv_nor4_1".                                                     
Reading "sg13g2_hv_nor3_2".                                                     
Reading "sg13g2_hv_nor3_1".                                                     
Reading "sg13g2_hv_nor2b_2".                                                    
Reading "sg13g2_hv_nor2b_1".                                                    
Reading "sg13g2_hv_nor2_2".                                                     
Reading "sg13g2_hv_nor2_1".                                                     
Reading "sg13g2_hv_nand4_1".                                                    
Reading "sg13g2_hv_nand3b_1".                                                   
Reading "sg13g2_hv_nand3_1".                                                    
Reading "sg13g2_hv_nand2b_2".                                                   
Reading "sg13g2_hv_nand2b_1".                                                   
Reading "sg13g2_hv_nand2_2".                                                    
Reading "sg13g2_hv_nand2_1".                                                    
Reading "sg13g2_hv_mux4_1".                                                     
Reading "sg13g2_hv_mux2_2".                                                     
Reading "sg13g2_hv_mux2_1".                                                     
Reading "sg13g2_hv_inv_8".                                                      
Reading "sg13g2_hv_inv_4".                                                      
Reading "sg13g2_hv_inv_2".                                                      
Reading "sg13g2_hv_inv_16".                                                     
Reading "sg13g2_hv_inv_1".                                                      
Reading "sg13g2_hv_fill_8".                                                     
Reading "sg13g2_hv_fill_4".                                                     
Reading "sg13g2_hv_fill_2".                                                     
Reading "sg13g2_hv_fill_1".                                                     
Reading "sg13g2_hv_einvn_8".                                                    
Reading "sg13g2_hv_einvn_4".                                                    
Reading "sg13g2_hv_einvn_2".                                                    
Reading "sg13g2_hv_ebufn_4".                                                    
Reading "sg13g2_hv_dlygate4sd3_1".                                              
Reading "sg13g2_hv_dlygate4sd2_1".                                              
Reading "sg13g2_hv_dlygate4sd1_1".                                              
Reading "sg13g2_hv_dlhrq_1".                                                    
Reading "sg13g2_hv_decap_8".                                                    
Reading "sg13g2_hv_decap_4".                                                    
Reading "sg13g2_hv_buf_8".                                                      
Reading "sg13g2_hv_buf_4".                                                      
Reading "sg13g2_hv_buf_2".                                                      
Reading "sg13g2_hv_buf_16".                                                     
Reading "sg13g2_hv_buf_1".                                                      
Reading "sg13g2_hv_antennanp".                                                  
Reading "sg13g2_hv_and4_2".                                                     
Reading "sg13g2_hv_and4_1".                                                     
Reading "sg13g2_hv_and3_2".                                                     
Reading "sg13g2_hv_and3_1".                                                     
Reading "sg13g2_hv_and2_2".                                                     
Reading "sg13g2_hv_and2_1".                                                     
Reading "sg13g2_hv_a22oi_1".                                                    
Reading "sg13g2_hv_a221oi_1".                                                   
Reading "sg13g2_hv_a21oi_2".                                                    
Reading "sg13g2_hv_a21oi_1".                                                    
Reading "sg13g2_hv_a21o_2".                                                     
Reading "sg13g2_hv_a21o_1".                                                     
Reading "sg13g2_hv_tielo".                                                      
Reading "sg13g2_hv_tiehi".                                                      
> lef read /foss/designs/sg13g2_stdcell_hv/lef/sg13g2_stdcell_hv.lef            
Reading LEF data from file                                                      
/foss/designs/sg13g2_stdcell_hv/lef/sg13g2_stdcell_hv.lef.                      
This action cannot be undone.                                                   
LEF read: Processed 5629 lines.                                                 
> gds read /foss/pdks/ihp-sg13g2/libs.ref/sg13g2_io/gds/sg13g2_io.gds           
Warning: Calma reading is not undoable!  I hope that's OK.                      
Library written using GDS-II Release 5.0                                        
Library name: sg13g2_io                                                         
Reading "sg13g2_Corner".                                                        
Reading "sg13g2_Filler1000".                                                    
Reading "sg13g2_Filler10000".                                                   
Reading "sg13g2_Filler200".                                                     
Reading "sg13g2_Filler2000".                                                    
Reading "sg13g2_Filler400".                                                     
Reading "sg13g2_Filler4000".                                                    
Reading "sg13g2_Clamp_N20N0D".                                                  
CIF file read warning: CIF style sg13g2(): units rescaled by factor of 5 / 1    
Reading "sg13g2_Clamp_P20N0D".                                                  
Reading "sg13g2_DCNDiode".                                                      
Reading "sg13g2_DCPDiode".                                                      
Reading "sg13g2_SecondaryProtection".                                           
Reading "sg13g2_IOPadAnalog".                                                   
Reading "sg13g2_RCClampInverter".                                               
Reading "sg13g2_Clamp_N43N43D4R".                                               
Reading "sg13g2_RCClampResistor".                                               
Reading "sg13g2_IOPadIOVdd".                                                    
Reading "sg13g2_IOPadIOVss".                                                    
Reading "M2_M1_CDNS_777302434540".                                              
Saving contents of cell M2_M1_CDNS_777302434540                                 
Reading "M2_M1_CDNS_777302434541".                                              
Saving contents of cell M2_M1_CDNS_777302434541                                 
Reading "sg13g2_LevelDown".                                                     
Reading "sg13g2_IOPadIn".                                                       
Reading "sg13g2_Clamp_P15N15D".                                                 
Reading "sg13g2_io_inv_x1".                                                     
Reading "sg13g2_LevelUp".                                                       
Reading "sg13g2_io_nor2_x1".                                                    
Reading "sg13g2_io_tie".                                                        
Reading "sg13g2_io_nand2_x1".                                                   
Reading "sg13g2_GateDecode".                                                    
Reading "sg13g2_Clamp_N15N15D".                                                 
Reading "sg13g2_IOPadInOut30mA".                                                
Reading "sg13g2_Clamp_N8N8D".                                                   
Reading "sg13g2_Clamp_P8N8D".                                                   
Reading "sg13g2_IOPadInOut16mA".                                                
Reading "sg13g2_Clamp_N2N2D".                                                   
Reading "sg13g2_Clamp_P2N2D".                                                   
Reading "sg13g2_IOPadInOut4mA".                                                 
Reading "sg13g2_LevelUpInv".                                                    
Reading "sg13g2_GateLevelUpInv".                                                
Reading "sg13g2_IOPadOut16mA".                                                  
Reading "sg13g2_IOPadOut30mA".                                                  
Reading "sg13g2_IOPadOut4mA".                                                   
Reading "sg13g2_IOPadTriOut16mA".                                               
Reading "sg13g2_IOPadTriOut30mA".                                               
Reading "sg13g2_IOPadTriOut4mA".                                                
Reading "sg13g2_IOPadVdd".                                                      
Reading "sg13g2_IOPadVss".                                                      
> lef read /foss/pdks/ihp-sg13g2/libs.ref/sg13g2_io/lef/sg13g2_io.lef           
Reading LEF data from file                                                      
/foss/pdks/ihp-sg13g2/libs.ref/sg13g2_io/lef/sg13g2_io.lef.                     
This action cannot be undone.                                                   
LEF read: Processed 4552 lines.                                                 
Cell (NEWCELL) couldn't be read                                                 
No such file or directory                                                       
Creating new cell                                                               
> lef read /foss/pdks/ihp-sg13g2/libs.ref/sg13g2_stdcell/lef/sg13g2_tech.lef    
Reading LEF data from file                                                      
/foss/pdks/ihp-sg13g2/libs.ref/sg13g2_stdcell/lef/sg13g2_tech.lef.              
This action cannot be undone.                                                   
LEF read, Line 79 (Message): Unknown keyword "MAXIMUMDENSITY" in LEF file;      
ignoring.                                                                       
LEF read, Line 80 (Message): Unknown keyword "DENSITYCHECKSTEP" in LEF file;    
ignoring.                                                                       
LEF read, Line 81 (Message): Unknown keyword "DENSITYCHECKWINDOW" in LEF file;  
ignoring.                                                                       
LEF read, Line 87 (Message): Unknown keyword "MINIMUMCUT" in LEF file; ignoring.
LEF read, Line 91 (Message): Unknown keyword "ANTENNACUMAREARATIO" in LEF file; 
ignoring.                                                                       
LEF read, Line 92 (Message): Unknown keyword "ANTENNACUMDIFFAREARATIO" in LEF   
file; ignoring.                                                                 
LEF read, Line 121 (Message): Unknown keyword "MAXIMUMDENSITY" in LEF file;     
ignoring.                                                                       
LEF read, Line 122 (Message): Unknown keyword "DENSITYCHECKSTEP" in LEF file;   
ignoring.                                                                       
LEF read, Line 123 (Message): Unknown keyword "DENSITYCHECKWINDOW" in LEF file; 
ignoring.                                                                       
LEF read, Line 129 (Message): Unknown keyword "MINIMUMCUT" in LEF file;         
ignoring.                                                                       
LEF read, Line 134 (Message): Unknown keyword "ANTENNACUMAREARATIO" in LEF file;
ignoring.                                                                       
LEF read, Line 135 (Message): Unknown keyword "ANTENNACUMDIFFAREARATIO" in LEF  
file; ignoring.                                                                 
LEF read, Line 162 (Message): Unknown keyword "MAXIMUMDENSITY" in LEF file;     
ignoring.                                                                       
LEF read, Line 163 (Message): Unknown keyword "DENSITYCHECKSTEP" in LEF file;   
ignoring.                                                                       
LEF read, Line 164 (Message): Unknown keyword "DENSITYCHECKWINDOW" in LEF file; 
ignoring.                                                                       
LEF read, Line 170 (Message): Unknown keyword "MINIMUMCUT" in LEF file;         
ignoring.                                                                       
LEF read, Line 175 (Message): Unknown keyword "ANTENNACUMAREARATIO" in LEF file;
ignoring.                                                                       
LEF read, Line 176 (Message): Unknown keyword "ANTENNACUMDIFFAREARATIO" in LEF  
file; ignoring.                                                                 
LEF read, Line 204 (Message): Unknown keyword "MAXIMUMDENSITY" in LEF file;     
ignoring.                                                                       
LEF read, Line 205 (Message): Unknown keyword "DENSITYCHECKSTEP" in LEF file;   
ignoring.                                                                       
LEF read, Line 206 (Message): Unknown keyword "DENSITYCHECKWINDOW" in LEF file; 
ignoring.                                                                       
LEF read, Line 212 (Message): Unknown keyword "MINIMUMCUT" in LEF file;         
ignoring.                                                                       
LEF read, Line 217 (Message): Unknown keyword "ANTENNACUMAREARATIO" in LEF file;
ignoring.                                                                       
LEF read, Line 218 (Message): Unknown keyword "ANTENNACUMDIFFAREARATIO" in LEF  
file; ignoring.                                                                 
LEF read, Line 245 (Message): Unknown keyword "MAXIMUMDENSITY" in LEF file;     
ignoring.                                                                       
LEF read, Line 246 (Message): Unknown keyword "DENSITYCHECKSTEP" in LEF file;   
ignoring.                                                                       
LEF read, Line 247 (Message): Unknown keyword "DENSITYCHECKWINDOW" in LEF file; 
ignoring.                                                                       
LEF read, Line 253 (Message): Unknown keyword "MINIMUMCUT" in LEF file;         
ignoring.                                                                       
LEF read, Line 258 (Message): Unknown keyword "ANTENNACUMAREARATIO" in LEF file;
ignoring.                                                                       
LEF read, Line 259 (Message): Unknown keyword "ANTENNACUMDIFFAREARATIO" in LEF  
file; ignoring.                                                                 
LEF read, Line 285 (Message): Unknown keyword "MAXIMUMDENSITY" in LEF file;     
ignoring.                                                                       
LEF read, Line 286 (Message): Unknown keyword "DENSITYCHECKSTEP" in LEF file;   
ignoring.                                                                       
LEF read, Line 287 (Message): Unknown keyword "DENSITYCHECKWINDOW" in LEF file; 
ignoring.                                                                       
LEF read, Line 292 (Message): Unknown keyword "ANTENNACUMAREARATIO" in LEF file;
ignoring.                                                                       
LEF read, Line 293 (Message): Unknown keyword "ANTENNACUMDIFFAREARATIO" in LEF  
file; ignoring.                                                                 
LEF read, Line 319 (Message): Unknown keyword "MAXIMUMDENSITY" in LEF file;     
ignoring.                                                                       
LEF read, Line 320 (Message): Unknown keyword "DENSITYCHECKSTEP" in LEF file;   
ignoring.                                                                       
LEF read, Line 321 (Message): Unknown keyword "DENSITYCHECKWINDOW" in LEF file; 
ignoring.                                                                       
LEF read, Line 330 (Message): Unknown keyword "ANTENNACUMAREARATIO" in LEF file;
ignoring.                                                                       
LEF read, Line 331 (Message): Unknown keyword "ANTENNACUMDIFFAREARATIO" in LEF  
file; ignoring.                                                                 
LEF read: Processed 1200 lines.                                                 
> def read                                                                      
/foss/designs/spi-slave-ihp/allmodes/flow_hv/runs/RUN_2026-08-16_13-42-22/49-odb
-cellfrequencytables/spi_slave.def -noblockage                                  
Reading DEF data from file                                                      
/foss/designs/spi-slave-ihp/allmodes/flow_hv/runs/RUN_2026-08-16_13-42-22/49-odb
-cellfrequencytables/spi_slave.def.                                             
This action cannot be undone.                                                   
  Processed 6 vias total.                                                       
  Processed 3840 subcell instances total.                                       
  Processed 34 pins total.                                                      
  Processed 2 special nets total.                                               
  Processed 702 nets total.                                                     
DEF read: Processed 17206 lines.                                                
   Copying output for cell sg13g2_hv_fill_8 from                                
/foss/designs/sg13g2_stdcell_hv/gds/sg13g2_stdcell_hv.gds                       
   Copying output for cell sg13g2_hv_fill_2 from                                
/foss/designs/sg13g2_stdcell_hv/gds/sg13g2_stdcell_hv.gds                       
   Copying output for cell sg13g2_hv_fill_4 from                                
/foss/designs/sg13g2_stdcell_hv/gds/sg13g2_stdcell_hv.gds                       
   Copying output for cell sg13g2_hv_tiehi from                                 
/foss/designs/sg13g2_stdcell_hv/gds/sg13g2_stdcell_hv.gds                       
   Copying output for cell sg13g2_hv_fill_1 from                                
/foss/designs/sg13g2_stdcell_hv/gds/sg13g2_stdcell_hv.gds                       
   Copying output for cell sg13g2_hv_tielo from                                 
/foss/designs/sg13g2_stdcell_hv/gds/sg13g2_stdcell_hv.gds                       
   Copying output for cell sg13g2_hv_buf_1 from                                 
/foss/designs/sg13g2_stdcell_hv/gds/sg13g2_stdcell_hv.gds                       
   Copying output for cell sg13g2_hv_sdfbbp_1 from                              
/foss/designs/sg13g2_stdcell_hv/gds/sg13g2_stdcell_hv.gds                       
   Copying output for cell sg13g2_hv_nand2_1 from                               
/foss/designs/sg13g2_stdcell_hv/gds/sg13g2_stdcell_hv.gds                       
   Copying output for cell sg13g2_hv_and2_1 from                                
/foss/designs/sg13g2_stdcell_hv/gds/sg13g2_stdcell_hv.gds                       
   Copying output for cell sg13g2_hv_a221oi_1 from                              
/foss/designs/sg13g2_stdcell_hv/gds/sg13g2_stdcell_hv.gds                       
   Copying output for cell sg13g2_hv_a22oi_1 from                               
/foss/designs/sg13g2_stdcell_hv/gds/sg13g2_stdcell_hv.gds                       
   Copying output for cell sg13g2_hv_nand3_1 from                               
/foss/designs/sg13g2_stdcell_hv/gds/sg13g2_stdcell_hv.gds                       
   Copying output for cell sg13g2_hv_a21oi_1 from                               
/foss/designs/sg13g2_stdcell_hv/gds/sg13g2_stdcell_hv.gds                       
   Copying output for cell sg13g2_hv_nand2b_1 from                              
/foss/designs/sg13g2_stdcell_hv/gds/sg13g2_stdcell_hv.gds                       
   Copying output for cell sg13g2_hv_nor3_1 from                                
/foss/designs/sg13g2_stdcell_hv/gds/sg13g2_stdcell_hv.gds                       
   Copying output for cell sg13g2_hv_inv_1 from                                 
/foss/designs/sg13g2_stdcell_hv/gds/sg13g2_stdcell_hv.gds                       
   Copying output for cell sg13g2_hv_nor4_1 from                                
/foss/designs/sg13g2_stdcell_hv/gds/sg13g2_stdcell_hv.gds                       
   Copying output for cell sg13g2_hv_or2_1 from                                 
/foss/designs/sg13g2_stdcell_hv/gds/sg13g2_stdcell_hv.gds                       
   Copying output for cell sg13g2_hv_or4_1 from                                 
/foss/designs/sg13g2_stdcell_hv/gds/sg13g2_stdcell_hv.gds                       
   Copying output for cell sg13g2_hv_o21ai_1 from                               
/foss/designs/sg13g2_stdcell_hv/gds/sg13g2_stdcell_hv.gds                       
   Copying output for cell sg13g2_hv_nor2_1 from                                
/foss/designs/sg13g2_stdcell_hv/gds/sg13g2_stdcell_hv.gds                       
   Copying output for cell sg13g2_hv_a21o_1 from                                
/foss/designs/sg13g2_stdcell_hv/gds/sg13g2_stdcell_hv.gds                       
   Copying output for cell sg13g2_hv_mux2_1 from                                
/foss/designs/sg13g2_stdcell_hv/gds/sg13g2_stdcell_hv.gds                       
   Copying output for cell sg13g2_hv_xor2_1 from                                
/foss/designs/sg13g2_stdcell_hv/gds/sg13g2_stdcell_hv.gds                       
   Copying output for cell sg13g2_hv_xnor2_1 from                               
/foss/designs/sg13g2_stdcell_hv/gds/sg13g2_stdcell_hv.gds                       
   Generating output for cell spi_slave                                         
[INFO] GDS Write Complete                                                       
────────────────────────── GDSII Stream Out (KLayout) ──────────────────────────
[13:43:31] VERBOSE  Running 'KLayout.StreamOut' at                  step.py:1138
                    'runs/RUN_2026-08-16_13-42-22/54-klayout-stream             
                    out'…                                                       
[13:43:31] VERBOSE  Logging subprocess to                           step.py:1338
                    'runs/RUN_2026-08-16_13-42-22/54-klayout-stream             
                    out/klayout-streamout.log'…                                 
[INFO] Clearing cells…                                                          
[INFO] Merging GDS files…                                                       
[INFO] Copying top level cell 'spi_slave'…                                      
[INFO] Checking for missing GDS…                                                
[INFO] All LEF cells have matching GDS cells.                                   
[INFO] Writing out GDS                                                          
'/foss/designs/spi-slave-ihp/allmodes/flow_hv/runs/RUN_2026-08-16_13-42-22/54-kl
ayout-streamout/spi_slave.klayout.gds'…                                         
[INFO] Done.                                                                    
────────────────────────── Render Image (w/ KLayout) ───────────────────────────
[13:43:32] VERBOSE  Running 'KLayout.Render' at                     step.py:1138
                    'runs/RUN_2026-08-16_13-42-22/55-klayout-render             
                    '…                                                          
[13:43:32] VERBOSE  Logging subprocess to                           step.py:1338
                    'runs/RUN_2026-08-16_13-42-22/55-klayout-render             
                    /klayout-render.log'…                                       
─────────────────── Magic vs. KLayout XOR Difference Checker ───────────────────
[13:43:32] VERBOSE  Running 'Checker.XOR' at                        step.py:1138
                    'runs/RUN_2026-08-16_13-42-22/56-checker-xor'…              
[13:43:32] WARNING  The XOR differences metric was not found. Are checker.py:133
                    you sure the relevant step was run?                         
────────────────────────── Magic Design Rule Checker ───────────────────────────
[13:43:32] VERBOSE  Running 'Checker.MagicDRC' at                   step.py:1138
                    'runs/RUN_2026-08-16_13-42-22/57-checker-magicd             
                    rc'…                                                        
[13:43:32] WARNING  The Magic DRC errors metric was not found.    checker.py:133
                    Are you sure the relevant step was run?                     
───────────────────────── KLayout Design Rule Checker ──────────────────────────
[13:43:32] VERBOSE  Running 'Checker.KLayoutDRC' at                 step.py:1138
                    'runs/RUN_2026-08-16_13-42-22/58-checker-klayou             
                    tdrc'…                                                      
[13:43:32] WARNING  The KLayout DRC errors metric was not found.  checker.py:133
                    Are you sure the relevant step was run?                     
──────────────────────────── SPICE Model Extraction ────────────────────────────
[13:43:32] VERBOSE  Running 'Magic.SpiceExtraction' at              step.py:1138
                    'runs/RUN_2026-08-16_13-42-22/59-magic-spiceext             
                    raction'…                                                   
[13:43:32] VERBOSE  Logging subprocess to                           step.py:1338
                    'runs/RUN_2026-08-16_13-42-22/59-magic-spiceext             
                    raction/magic-spiceextraction.log'…                         
                                                                                
Magic 8.3 revision 678 - Compiled on Mon Jul 27 03:07:22 PM CEST 2026.          
Starting magic under Tcl interpreter                                            
Using the terminal as the console.                                              
WARNING: RLIMIT_NOFILE is above 1024 and Tcl_Version<9 this may cause runtime   
issues [rlim_cur=1073741816]                                                    
Using NULL graphics device.                                                     
Processing system .magicrc file                                                 
Switching to WIRING tool.                                                       
Switching to NETLIST tool.                                                      
Switching to PICK tool.                                                         
Switching to BOX tool.                                                          
Sourcing design .magicrc for technology ihp-sg13g2 ...                          
2 Magic internal units = 1 Lambda                                               
Input style sg13g2(): scaleFactor=2, multiplier=2                               
The following types are not handled by extraction and will be treated as        
non-electrical types:                                                           
    pblock sealcont difffill nemitter hvnemitter hvisodiffres sealvia1 sealvia2 
sealvia3 sealvia4 sealvia5 sealvia6 pillar solder seal glass thruvia inductor   
Scaled tech values by 2 / 1 to match internal grid scaling                      
Loading ihp-sg13g2 Device Generator Menu ...                                    
Loading                                                                         
"/usr/local/lib/python3.12/dist-packages/librelane/scripts/magic/wrapper.tcl"   
from command line.                                                              
> lef read /foss/pdks/ihp-sg13g2/libs.ref/sg13g2_stdcell/lef/sg13g2_tech.lef    
Reading LEF data from file                                                      
/foss/pdks/ihp-sg13g2/libs.ref/sg13g2_stdcell/lef/sg13g2_tech.lef.              
This action cannot be undone.                                                   
LEF read, Line 79 (Message): Unknown keyword "MAXIMUMDENSITY" in LEF file;      
ignoring.                                                                       
LEF read, Line 80 (Message): Unknown keyword "DENSITYCHECKSTEP" in LEF file;    
ignoring.                                                                       
LEF read, Line 81 (Message): Unknown keyword "DENSITYCHECKWINDOW" in LEF file;  
ignoring.                                                                       
LEF read, Line 87 (Message): Unknown keyword "MINIMUMCUT" in LEF file; ignoring.
LEF read, Line 91 (Message): Unknown keyword "ANTENNACUMAREARATIO" in LEF file; 
ignoring.                                                                       
LEF read, Line 92 (Message): Unknown keyword "ANTENNACUMDIFFAREARATIO" in LEF   
file; ignoring.                                                                 
LEF read, Line 121 (Message): Unknown keyword "MAXIMUMDENSITY" in LEF file;     
ignoring.                                                                       
LEF read, Line 122 (Message): Unknown keyword "DENSITYCHECKSTEP" in LEF file;   
ignoring.                                                                       
LEF read, Line 123 (Message): Unknown keyword "DENSITYCHECKWINDOW" in LEF file; 
ignoring.                                                                       
LEF read, Line 129 (Message): Unknown keyword "MINIMUMCUT" in LEF file;         
ignoring.                                                                       
LEF read, Line 134 (Message): Unknown keyword "ANTENNACUMAREARATIO" in LEF file;
ignoring.                                                                       
LEF read, Line 135 (Message): Unknown keyword "ANTENNACUMDIFFAREARATIO" in LEF  
file; ignoring.                                                                 
LEF read, Line 162 (Message): Unknown keyword "MAXIMUMDENSITY" in LEF file;     
ignoring.                                                                       
LEF read, Line 163 (Message): Unknown keyword "DENSITYCHECKSTEP" in LEF file;   
ignoring.                                                                       
LEF read, Line 164 (Message): Unknown keyword "DENSITYCHECKWINDOW" in LEF file; 
ignoring.                                                                       
LEF read, Line 170 (Message): Unknown keyword "MINIMUMCUT" in LEF file;         
ignoring.                                                                       
LEF read, Line 175 (Message): Unknown keyword "ANTENNACUMAREARATIO" in LEF file;
ignoring.                                                                       
LEF read, Line 176 (Message): Unknown keyword "ANTENNACUMDIFFAREARATIO" in LEF  
file; ignoring.                                                                 
LEF read, Line 204 (Message): Unknown keyword "MAXIMUMDENSITY" in LEF file;     
ignoring.                                                                       
LEF read, Line 205 (Message): Unknown keyword "DENSITYCHECKSTEP" in LEF file;   
ignoring.                                                                       
LEF read, Line 206 (Message): Unknown keyword "DENSITYCHECKWINDOW" in LEF file; 
ignoring.                                                                       
LEF read, Line 212 (Message): Unknown keyword "MINIMUMCUT" in LEF file;         
ignoring.                                                                       
LEF read, Line 217 (Message): Unknown keyword "ANTENNACUMAREARATIO" in LEF file;
ignoring.                                                                       
LEF read, Line 218 (Message): Unknown keyword "ANTENNACUMDIFFAREARATIO" in LEF  
file; ignoring.                                                                 
LEF read, Line 245 (Message): Unknown keyword "MAXIMUMDENSITY" in LEF file;     
ignoring.                                                                       
LEF read, Line 246 (Message): Unknown keyword "DENSITYCHECKSTEP" in LEF file;   
ignoring.                                                                       
LEF read, Line 247 (Message): Unknown keyword "DENSITYCHECKWINDOW" in LEF file; 
ignoring.                                                                       
LEF read, Line 253 (Message): Unknown keyword "MINIMUMCUT" in LEF file;         
ignoring.                                                                       
LEF read, Line 258 (Message): Unknown keyword "ANTENNACUMAREARATIO" in LEF file;
ignoring.                                                                       
LEF read, Line 259 (Message): Unknown keyword "ANTENNACUMDIFFAREARATIO" in LEF  
file; ignoring.                                                                 
LEF read, Line 285 (Message): Unknown keyword "MAXIMUMDENSITY" in LEF file;     
ignoring.                                                                       
LEF read, Line 286 (Message): Unknown keyword "DENSITYCHECKSTEP" in LEF file;   
ignoring.                                                                       
LEF read, Line 287 (Message): Unknown keyword "DENSITYCHECKWINDOW" in LEF file; 
ignoring.                                                                       
LEF read, Line 292 (Message): Unknown keyword "ANTENNACUMAREARATIO" in LEF file;
ignoring.                                                                       
LEF read, Line 293 (Message): Unknown keyword "ANTENNACUMDIFFAREARATIO" in LEF  
file; ignoring.                                                                 
LEF read, Line 319 (Message): Unknown keyword "MAXIMUMDENSITY" in LEF file;     
ignoring.                                                                       
LEF read, Line 320 (Message): Unknown keyword "DENSITYCHECKSTEP" in LEF file;   
ignoring.                                                                       
LEF read, Line 321 (Message): Unknown keyword "DENSITYCHECKWINDOW" in LEF file; 
ignoring.                                                                       
LEF read, Line 330 (Message): Unknown keyword "ANTENNACUMAREARATIO" in LEF file;
ignoring.                                                                       
LEF read, Line 331 (Message): Unknown keyword "ANTENNACUMDIFFAREARATIO" in LEF  
file; ignoring.                                                                 
LEF read: Processed 1200 lines.                                                 
> lef read /foss/designs/sg13g2_stdcell_hv/lef/sg13g2_stdcell_hv.lef            
Reading LEF data from file                                                      
/foss/designs/sg13g2_stdcell_hv/lef/sg13g2_stdcell_hv.lef.                      
This action cannot be undone.                                                   
LEF read: Processed 5629 lines.                                                 
> lef read /foss/pdks/ihp-sg13g2/libs.ref/sg13g2_io/lef/sg13g2_io.lef           
Reading LEF data from file                                                      
/foss/pdks/ihp-sg13g2/libs.ref/sg13g2_io/lef/sg13g2_io.lef.                     
This action cannot be undone.                                                   
LEF read: Processed 4552 lines.                                                 
> def read                                                                      
/foss/designs/spi-slave-ihp/allmodes/flow_hv/runs/RUN_2026-08-16_13-42-22/49-odb
-cellfrequencytables/spi_slave.def -noblockage                                  
Reading DEF data from file                                                      
/foss/designs/spi-slave-ihp/allmodes/flow_hv/runs/RUN_2026-08-16_13-42-22/49-odb
-cellfrequencytables/spi_slave.def.                                             
This action cannot be undone.                                                   
  Processed 6 vias total.                                                       
  Processed 3840 subcell instances total.                                       
  Processed 34 pins total.                                                      
  Processed 2 special nets total.                                               
  Processed 702 nets total.                                                     
DEF read: Processed 17206 lines.                                                
> spice read /foss/designs/sg13g2_stdcell_hv/spice/sg13g2_stdcell_hv.spice      
Annotating port orders from                                                     
/foss/designs/sg13g2_stdcell_hv/spice/sg13g2_stdcell_hv.spice                   
Annotating cell sg13g2_hv_a21o_1                                                
Cell sg13g2_hv_a21o_1 port order was modified.                                  
Annotating cell sg13g2_hv_a21o_2                                                
Cell sg13g2_hv_a21o_2 port order was modified.                                  
Annotating cell sg13g2_hv_a21oi_1                                               
Cell sg13g2_hv_a21oi_1 port order was modified.                                 
Annotating cell sg13g2_hv_a21oi_2                                               
Cell sg13g2_hv_a21oi_2 port order was modified.                                 
Annotating cell sg13g2_hv_a221oi_1                                              
Cell sg13g2_hv_a221oi_1 port order was modified.                                
Annotating cell sg13g2_hv_and2_1                                                
Cell sg13g2_hv_and2_1 port order was modified.                                  
Annotating cell sg13g2_hv_and2_2                                                
Cell sg13g2_hv_and2_2 port order was modified.                                  
Annotating cell sg13g2_hv_and3_1                                                
Cell sg13g2_hv_and3_1 port order was modified.                                  
Annotating cell sg13g2_hv_and3_2                                                
Cell sg13g2_hv_and3_2 port order was modified.                                  
Annotating cell sg13g2_hv_and4_1                                                
Cell sg13g2_hv_and4_1 port order was modified.                                  
Annotating cell sg13g2_hv_and4_2                                                
Cell sg13g2_hv_and4_2 port order was modified.                                  
Annotating cell sg13g2_hv_antennanp                                             
Cell sg13g2_hv_antennanp port order was modified.                               
Annotating cell sg13g2_hv_buf_1                                                 
Cell sg13g2_hv_buf_1 port order was modified.                                   
Annotating cell sg13g2_hv_buf_16                                                
Cell sg13g2_hv_buf_16 port order was modified.                                  
Annotating cell sg13g2_hv_buf_2                                                 
Cell sg13g2_hv_buf_2 port order was modified.                                   
Annotating cell sg13g2_hv_buf_4                                                 
Cell sg13g2_hv_buf_4 port order was modified.                                   
Annotating cell sg13g2_hv_buf_8                                                 
Cell sg13g2_hv_buf_8 port order was modified.                                   
Annotating cell sg13g2_hv_decap_4                                               
Cell sg13g2_hv_decap_4 port order was modified.                                 
Annotating cell sg13g2_hv_decap_8                                               
Cell sg13g2_hv_decap_8 port order was modified.                                 
Cell sg13g2_hv_dfrbp_1 in netlist has not been loaded.                          
Cell sg13g2_hv_dfrbp_2 in netlist has not been loaded.                          
Cell sg13g2_hv_dlhq_1 in netlist has not been loaded.                           
Cell sg13g2_hv_dlhr_1 in netlist has not been loaded.                           
Annotating cell sg13g2_hv_dlhrq_1                                               
Cell sg13g2_hv_dlhrq_1 port order was modified.                                 
Cell sg13g2_hv_dllr_1 in netlist has not been loaded.                           
Cell sg13g2_hv_dllrq_1 in netlist has not been loaded.                          
Annotating cell sg13g2_hv_dlygate4sd1_1                                         
Cell sg13g2_hv_dlygate4sd1_1 port order was modified.                           
Annotating cell sg13g2_hv_dlygate4sd2_1                                         
Cell sg13g2_hv_dlygate4sd2_1 port order was modified.                           
Annotating cell sg13g2_hv_dlygate4sd3_1                                         
Cell sg13g2_hv_dlygate4sd3_1 port order was modified.                           
Cell sg13g2_hv_ebufn_2 in netlist has not been loaded.                          
Annotating cell sg13g2_hv_ebufn_4                                               
Cell sg13g2_hv_ebufn_4 port order was modified.                                 
Cell sg13g2_hv_ebufn_8 in netlist has not been loaded.                          
Annotating cell sg13g2_hv_einvn_2                                               
Cell sg13g2_hv_einvn_2 port order was modified.                                 
Annotating cell sg13g2_hv_einvn_4                                               
Cell sg13g2_hv_einvn_4 port order was modified.                                 
Annotating cell sg13g2_hv_einvn_8                                               
Cell sg13g2_hv_einvn_8 port order was modified.                                 
Annotating cell sg13g2_hv_inv_1                                                 
Cell sg13g2_hv_inv_1 port order was modified.                                   
Annotating cell sg13g2_hv_inv_16                                                
Cell sg13g2_hv_inv_16 port order was modified.                                  
Annotating cell sg13g2_hv_inv_2                                                 
Cell sg13g2_hv_inv_2 port order was modified.                                   
Annotating cell sg13g2_hv_inv_4                                                 
Cell sg13g2_hv_inv_4 port order was modified.                                   
Annotating cell sg13g2_hv_inv_8                                                 
Cell sg13g2_hv_inv_8 port order was modified.                                   
Cell sg13g2_hv_lgcp_1 in netlist has not been loaded.                           
Annotating cell sg13g2_hv_mux2_1                                                
Cell sg13g2_hv_mux2_1 port order was modified.                                  
Annotating cell sg13g2_hv_mux2_2                                                
Cell sg13g2_hv_mux2_2 port order was modified.                                  
Annotating cell sg13g2_hv_mux4_1                                                
Cell sg13g2_hv_mux4_1 port order was modified.                                  
Annotating cell sg13g2_hv_nand2_1                                               
Cell sg13g2_hv_nand2_1 port order was modified.                                 
Annotating cell sg13g2_hv_nand2_2                                               
Cell sg13g2_hv_nand2_2 port order was modified.                                 
Annotating cell sg13g2_hv_nand2b_1                                              
Cell sg13g2_hv_nand2b_1 port order was modified.                                
Annotating cell sg13g2_hv_nand2b_2                                              
Cell sg13g2_hv_nand2b_2 port order was modified.                                
Annotating cell sg13g2_hv_nand3_1                                               
Cell sg13g2_hv_nand3_1 port order was modified.                                 
Annotating cell sg13g2_hv_nand3b_1                                              
Cell sg13g2_hv_nand3b_1 port order was modified.                                
Annotating cell sg13g2_hv_nand4_1                                               
Cell sg13g2_hv_nand4_1 port order was modified.                                 
Annotating cell sg13g2_hv_nor2_1                                                
Cell sg13g2_hv_nor2_1 port order was modified.                                  
Annotating cell sg13g2_hv_nor2_2                                                
Cell sg13g2_hv_nor2_2 port order was modified.                                  
Annotating cell sg13g2_hv_nor2b_1                                               
Cell sg13g2_hv_nor2b_1 port order was modified.                                 
Annotating cell sg13g2_hv_nor2b_2                                               
Cell sg13g2_hv_nor2b_2 port order was modified.                                 
Annotating cell sg13g2_hv_nor3_1                                                
Cell sg13g2_hv_nor3_1 port order was modified.                                  
Annotating cell sg13g2_hv_nor3_2                                                
Cell sg13g2_hv_nor3_2 port order was modified.                                  
Annotating cell sg13g2_hv_nor4_1                                                
Cell sg13g2_hv_nor4_1 port order was modified.                                  
Annotating cell sg13g2_hv_nor4_2                                                
Cell sg13g2_hv_nor4_2 port order was modified.                                  
Annotating cell sg13g2_hv_o21ai_1                                               
Cell sg13g2_hv_o21ai_1 port order was modified.                                 
Annotating cell sg13g2_hv_or2_1                                                 
Cell sg13g2_hv_or2_1 port order was modified.                                   
Annotating cell sg13g2_hv_or2_2                                                 
Cell sg13g2_hv_or2_2 port order was modified.                                   
Annotating cell sg13g2_hv_or3_1                                                 
Cell sg13g2_hv_or3_1 port order was modified.                                   
Annotating cell sg13g2_hv_or3_2                                                 
Cell sg13g2_hv_or3_2 port order was modified.                                   
Annotating cell sg13g2_hv_or4_1                                                 
Cell sg13g2_hv_or4_1 port order was modified.                                   
Annotating cell sg13g2_hv_or4_2                                                 
Cell sg13g2_hv_or4_2 port order was modified.                                   
Annotating cell sg13g2_hv_sdfbbp_1                                              
Cell sg13g2_hv_sdfbbp_1 port order was modified.                                
Cell sg13g2_hv_sighold in netlist has not been loaded.                          
Annotating cell sg13g2_hv_slgcp_1                                               
Cell sg13g2_hv_slgcp_1 port order was modified.                                 
Annotating cell sg13g2_hv_xnor2_1                                               
Cell sg13g2_hv_xnor2_1 port order was modified.                                 
Annotating cell sg13g2_hv_xor2_1                                                
Cell sg13g2_hv_xor2_1 port order was modified.                                  
Annotating cell sg13g2_hv_a22oi_1                                               
Cell sg13g2_hv_a22oi_1 port order was modified.                                 
Cell sg13g2_hv_sdfrbpq_1 in netlist has not been loaded.                        
Cell sg13g2_hv_sdfrbpq_2 in netlist has not been loaded.                        
Cell sg13g2_hv_sdfrbp_2 in netlist has not been loaded.                         
Cell sg13g2_hv_sdfrbp_1 in netlist has not been loaded.                         
Cell sg13g2_hv_dfrbpq_2 in netlist has not been loaded.                         
Cell sg13g2_hv_dfrbpq_1 in netlist has not been loaded.                         
Annotating cell sg13g2_hv_fill_1                                                
Cell sg13g2_hv_fill_1 port order was modified.                                  
Annotating cell sg13g2_hv_fill_2                                                
Cell sg13g2_hv_fill_2 port order was modified.                                  
Annotating cell sg13g2_hv_fill_4                                                
Cell sg13g2_hv_fill_4 port order was modified.                                  
Annotating cell sg13g2_hv_fill_8                                                
Cell sg13g2_hv_fill_8 port order was modified.                                  
Annotating cell sg13g2_hv_tielo                                                 
Cell sg13g2_hv_tielo port order was modified.                                   
Annotating cell sg13g2_hv_tiehi                                                 
Cell sg13g2_hv_tiehi port order was modified.                                   
Warning:  Extract option "do unique" disabled because "extract unique" was run. 
Processing spi_slave                                                            
Extracting sg13g2_hv_tielo into sg13g2_hv_tielo.ext:                            
Extracting sg13g2_hv_buf_1 into sg13g2_hv_buf_1.ext:                            
Extracting sg13g2_hv_tiehi into sg13g2_hv_tiehi.ext:                            
Extracting sg13g2_hv_sdfbbp_1 into sg13g2_hv_sdfbbp_1.ext:                      
Extracting sg13g2_hv_nand2_1 into sg13g2_hv_nand2_1.ext:                        
Extracting sg13g2_hv_inv_1 into sg13g2_hv_inv_1.ext:                            
Extracting sg13g2_hv_nand2b_1 into sg13g2_hv_nand2b_1.ext:                      
Extracting sg13g2_hv_and2_1 into sg13g2_hv_and2_1.ext:                          
Extracting sg13g2_hv_nand3_1 into sg13g2_hv_nand3_1.ext:                        
Extracting sg13g2_hv_a221oi_1 into sg13g2_hv_a221oi_1.ext:                      
Extracting sg13g2_hv_a21oi_1 into sg13g2_hv_a21oi_1.ext:                        
Extracting sg13g2_hv_o21ai_1 into sg13g2_hv_o21ai_1.ext:                        
Extracting sg13g2_hv_a21o_1 into sg13g2_hv_a21o_1.ext:                          
Extracting sg13g2_hv_a22oi_1 into sg13g2_hv_a22oi_1.ext:                        
Extracting sg13g2_hv_nor3_1 into sg13g2_hv_nor3_1.ext:                          
Extracting sg13g2_hv_nor4_1 into sg13g2_hv_nor4_1.ext:                          
Extracting sg13g2_hv_or2_1 into sg13g2_hv_or2_1.ext:                            
Extracting sg13g2_hv_or4_1 into sg13g2_hv_or4_1.ext:                            
Extracting sg13g2_hv_mux2_1 into sg13g2_hv_mux2_1.ext:                          
Extracting sg13g2_hv_nor2_1 into sg13g2_hv_nor2_1.ext:                          
Extracting sg13g2_hv_xnor2_1 into sg13g2_hv_xnor2_1.ext:                        
Extracting sg13g2_hv_xor2_1 into sg13g2_hv_xor2_1.ext:                          
Extracting sg13g2_hv_fill_8 into sg13g2_hv_fill_8.ext:                          
Extracting sg13g2_hv_fill_1 into sg13g2_hv_fill_1.ext:                          
Extracting sg13g2_hv_fill_2 into sg13g2_hv_fill_2.ext:                          
Extracting sg13g2_hv_fill_4 into sg13g2_hv_fill_4.ext:                          
Extracting spi_slave into spi_slave.ext:                                        
exttospice finished.                                                            
────────────────────────────────── Netgen LVS ──────────────────────────────────
[13:43:34] VERBOSE  Running 'Netgen.LVS' at                         step.py:1138
                    'runs/RUN_2026-08-16_13-42-22/60-netgen-lvs'…               
[13:43:34] VERBOSE  Logging subprocess to                           step.py:1338
                    'runs/RUN_2026-08-16_13-42-22/60-netgen-lvs/net             
                    gen-lvs.log'…                                               
Netgen 1.5.323 compiled on Mon Jul 27 09:16:59 AM CEST 2026                     
Warning: netgen command 'format' use fully-qualified name '::netgen::format'    
Warning: netgen command 'global' use fully-qualified name '::netgen::global'    
Warning:  A case-insensitive file has been read and so the      verilog file    
must be treated case-insensitive to match.                                      
Reading SPICE netlist file                                                      
'/foss/designs/sg13g2_stdcell_hv/spice/sg13g2_stdcell_hv.spice'...              
Call to undefined subcircuit sg13_hv_nmos                                       
Creating placeholder cell definition.                                           
Call to undefined subcircuit sg13_hv_pmos                                       
Creating placeholder cell definition.                                           
Call to undefined subcircuit dantenna                                           
Creating placeholder cell definition.                                           
Call to undefined subcircuit dpantenna                                          
Creating placeholder cell definition.                                           
Reading SPICE netlist file                                                      
'/foss/pdks/ihp-sg13g2/libs.ref/sg13g2_io/spice/sg13g2_io.spi'...               
Call to undefined subcircuit ptap1                                              
Creating placeholder cell definition.                                           
Call to undefined subcircuit rppd                                               
Creating placeholder cell definition.                                           
Call to undefined subcircuit sg13_lv_nmos                                       
Creating placeholder cell definition.                                           
Call to undefined subcircuit sg13_lv_pmos                                       
Creating placeholder cell definition.                                           
Reading Verilog netlist file                                                    
'/foss/designs/spi-slave-ihp/allmodes/flow_hv/runs/RUN_2026-08-16_13-42-22/48-op
enroad-fillinsertion/spi_slave.pnl.v'...                                        
Warning:  A case-insensitive file has been read and so the      verilog file    
must be treated case-insensitive to match.                                      
Note:  Implicit pin Q_N in instance _0837_ of sg13g2_hv_sdfbbp_1 in cell        
spi_slave                                                                       
Note:  Implicit pin Q_N in instance _0838_ of sg13g2_hv_sdfbbp_1 in cell        
spi_slave                                                                       
Note:  Implicit pin Q_N in instance _0839_ of sg13g2_hv_sdfbbp_1 in cell        
spi_slave                                                                       
Note:  Implicit pin Q_N in instance _0840_ of sg13g2_hv_sdfbbp_1 in cell        
spi_slave                                                                       
Note:  Implicit pin Q_N in instance _0841_ of sg13g2_hv_sdfbbp_1 in cell        
spi_slave                                                                       
Note:  Implicit pin Q_N in instance _0842_ of sg13g2_hv_sdfbbp_1 in cell        
spi_slave                                                                       
Note:  Implicit pin Q_N in instance _0843_ of sg13g2_hv_sdfbbp_1 in cell        
spi_slave                                                                       
Note:  Implicit pin Q_N in instance _0844_ of sg13g2_hv_sdfbbp_1 in cell        
spi_slave                                                                       
Note:  Implicit pin Q_N in instance _0845_ of sg13g2_hv_sdfbbp_1 in cell        
spi_slave                                                                       
Note:  Implicit pin Q_N in instance _0846_ of sg13g2_hv_sdfbbp_1 in cell        
spi_slave                                                                       
Note:  Implicit pin Q_N in instance _0847_ of sg13g2_hv_sdfbbp_1 in cell        
spi_slave                                                                       
Note:  Implicit pin Q_N in instance _0848_ of sg13g2_hv_sdfbbp_1 in cell        
spi_slave                                                                       
Note:  Implicit pin Q_N in instance _0849_ of sg13g2_hv_sdfbbp_1 in cell        
spi_slave                                                                       
Note:  Implicit pin Q_N in instance _0850_ of sg13g2_hv_sdfbbp_1 in cell        
spi_slave                                                                       
Note:  Implicit pin Q_N in instance _0851_ of sg13g2_hv_sdfbbp_1 in cell        
spi_slave                                                                       
Note:  Implicit pin Q_N in instance _0852_ of sg13g2_hv_sdfbbp_1 in cell        
spi_slave                                                                       
Note:  Implicit pin Q_N in instance _0853_ of sg13g2_hv_sdfbbp_1 in cell        
spi_slave                                                                       
Note:  Implicit pin Q_N in instance _0854_ of sg13g2_hv_sdfbbp_1 in cell        
spi_slave                                                                       
Note:  Implicit pin Q_N in instance _0855_ of sg13g2_hv_sdfbbp_1 in cell        
spi_slave                                                                       
Note:  Implicit pin Q_N in instance _0856_ of sg13g2_hv_sdfbbp_1 in cell        
spi_slave                                                                       
Note:  Implicit pin Q_N in instance _0857_ of sg13g2_hv_sdfbbp_1 in cell        
spi_slave                                                                       
Note:  Implicit pin Q_N in instance _0858_ of sg13g2_hv_sdfbbp_1 in cell        
spi_slave                                                                       
Note:  Implicit pin Q_N in instance _0859_ of sg13g2_hv_sdfbbp_1 in cell        
spi_slave                                                                       
Note:  Implicit pin Q_N in instance _0860_ of sg13g2_hv_sdfbbp_1 in cell        
spi_slave                                                                       
Note:  Implicit pin Q_N in instance _0861_ of sg13g2_hv_sdfbbp_1 in cell        
spi_slave                                                                       
Note:  Implicit pin Q_N in instance _0862_ of sg13g2_hv_sdfbbp_1 in cell        
spi_slave                                                                       
Note:  Implicit pin Q_N in instance _0863_ of sg13g2_hv_sdfbbp_1 in cell        
spi_slave                                                                       
Note:  Implicit pin Q_N in instance _0864_ of sg13g2_hv_sdfbbp_1 in cell        
spi_slave                                                                       
Note:  Implicit pin Q_N in instance _0865_ of sg13g2_hv_sdfbbp_1 in cell        
spi_slave                                                                       
Note:  Implicit pin Q_N in instance _0866_ of sg13g2_hv_sdfbbp_1 in cell        
spi_slave                                                                       
Note:  Implicit pin Q_N in instance _0867_ of sg13g2_hv_sdfbbp_1 in cell        
spi_slave                                                                       
Note:  Implicit pin Q_N in instance _0868_ of sg13g2_hv_sdfbbp_1 in cell        
spi_slave                                                                       
Note:  Implicit pin Q_N in instance _0869_ of sg13g2_hv_sdfbbp_1 in cell        
spi_slave                                                                       
Note:  Implicit pin Q_N in instance _0870_ of sg13g2_hv_sdfbbp_1 in cell        
spi_slave                                                                       
Note:  Implicit pin Q_N in instance _0871_ of sg13g2_hv_sdfbbp_1 in cell        
spi_slave                                                                       
Note:  Implicit pin Q_N in instance _0872_ of sg13g2_hv_sdfbbp_1 in cell        
spi_slave                                                                       
Note:  Implicit pin Q_N in instance _0873_ of sg13g2_hv_sdfbbp_1 in cell        
spi_slave                                                                       
Note:  Implicit pin Q_N in instance _0874_ of sg13g2_hv_sdfbbp_1 in cell        
spi_slave                                                                       
Note:  Implicit pin Q_N in instance _0875_ of sg13g2_hv_sdfbbp_1 in cell        
spi_slave                                                                       
Note:  Implicit pin Q_N in instance _0876_ of sg13g2_hv_sdfbbp_1 in cell        
spi_slave                                                                       
Note:  Implicit pin Q_N in instance _0877_ of sg13g2_hv_sdfbbp_1 in cell        
spi_slave                                                                       
Note:  Implicit pin Q_N in instance _0878_ of sg13g2_hv_sdfbbp_1 in cell        
spi_slave                                                                       
Note:  Implicit pin Q_N in instance _0879_ of sg13g2_hv_sdfbbp_1 in cell        
spi_slave                                                                       
Note:  Implicit pin Q_N in instance _0880_ of sg13g2_hv_sdfbbp_1 in cell        
spi_slave                                                                       
Note:  Implicit pin Q_N in instance _0881_ of sg13g2_hv_sdfbbp_1 in cell        
spi_slave                                                                       
Note:  Implicit pin Q_N in instance _0882_ of sg13g2_hv_sdfbbp_1 in cell        
spi_slave                                                                       
Note:  Implicit pin Q_N in instance _0883_ of sg13g2_hv_sdfbbp_1 in cell        
spi_slave                                                                       
Note:  Implicit pin Q_N in instance _0884_ of sg13g2_hv_sdfbbp_1 in cell        
spi_slave                                                                       
Note:  Implicit pin Q_N in instance _0885_ of sg13g2_hv_sdfbbp_1 in cell        
spi_slave                                                                       
Note:  Implicit pin Q_N in instance _0886_ of sg13g2_hv_sdfbbp_1 in cell        
spi_slave                                                                       
Note:  Implicit pin Q_N in instance _0887_ of sg13g2_hv_sdfbbp_1 in cell        
spi_slave                                                                       
Note:  Implicit pin Q_N in instance _0888_ of sg13g2_hv_sdfbbp_1 in cell        
spi_slave                                                                       
Note:  Implicit pin Q_N in instance _0889_ of sg13g2_hv_sdfbbp_1 in cell        
spi_slave                                                                       
Note:  Implicit pin Q_N in instance _0890_ of sg13g2_hv_sdfbbp_1 in cell        
spi_slave                                                                       
Note:  Implicit pin Q_N in instance _0891_ of sg13g2_hv_sdfbbp_1 in cell        
spi_slave                                                                       
Note:  Implicit pin Q_N in instance _0892_ of sg13g2_hv_sdfbbp_1 in cell        
spi_slave                                                                       
Note:  Implicit pin Q_N in instance _0893_ of sg13g2_hv_sdfbbp_1 in cell        
spi_slave                                                                       
Note:  Implicit pin Q_N in instance _0894_ of sg13g2_hv_sdfbbp_1 in cell        
spi_slave                                                                       
Note:  Implicit pin Q_N in instance _0895_ of sg13g2_hv_sdfbbp_1 in cell        
spi_slave                                                                       
Note:  Implicit pin Q_N in instance _0896_ of sg13g2_hv_sdfbbp_1 in cell        
spi_slave                                                                       
Note:  Implicit pin Q_N in instance _0897_ of sg13g2_hv_sdfbbp_1 in cell        
spi_slave                                                                       
Note:  Implicit pin Q_N in instance _0898_ of sg13g2_hv_sdfbbp_1 in cell        
spi_slave                                                                       
Note:  Implicit pin Q_N in instance _0899_ of sg13g2_hv_sdfbbp_1 in cell        
spi_slave                                                                       
Note:  Implicit pin Q_N in instance _0900_ of sg13g2_hv_sdfbbp_1 in cell        
spi_slave                                                                       
Note:  Implicit pin Q_N in instance _0901_ of sg13g2_hv_sdfbbp_1 in cell        
spi_slave                                                                       
Note:  Implicit pin Q_N in instance _0902_ of sg13g2_hv_sdfbbp_1 in cell        
spi_slave                                                                       
Note:  Implicit pin Q_N in instance _0903_ of sg13g2_hv_sdfbbp_1 in cell        
spi_slave                                                                       
Note:  Implicit pin Q_N in instance _0904_ of sg13g2_hv_sdfbbp_1 in cell        
spi_slave                                                                       
Note:  Implicit pin Q_N in instance _0905_ of sg13g2_hv_sdfbbp_1 in cell        
spi_slave                                                                       
Note:  Implicit pin Q_N in instance _0906_ of sg13g2_hv_sdfbbp_1 in cell        
spi_slave                                                                       
Note:  Implicit pin Q_N in instance _0907_ of sg13g2_hv_sdfbbp_1 in cell        
spi_slave                                                                       
Note:  Implicit pin Q_N in instance _0908_ of sg13g2_hv_sdfbbp_1 in cell        
spi_slave                                                                       
Note:  Implicit pin Q_N in instance _0909_ of sg13g2_hv_sdfbbp_1 in cell        
spi_slave                                                                       
Note:  Implicit pin Q_N in instance _0910_ of sg13g2_hv_sdfbbp_1 in cell        
spi_slave                                                                       
Note:  Implicit pin Q_N in instance _0911_ of sg13g2_hv_sdfbbp_1 in cell        
spi_slave                                                                       
Note:  Implicit pin Q_N in instance _0912_ of sg13g2_hv_sdfbbp_1 in cell        
spi_slave                                                                       
Note:  Implicit pin Q_N in instance _0913_ of sg13g2_hv_sdfbbp_1 in cell        
spi_slave                                                                       
Note:  Implicit pin Q_N in instance _0914_ of sg13g2_hv_sdfbbp_1 in cell        
spi_slave                                                                       
Note:  Implicit pin Q_N in instance _0915_ of sg13g2_hv_sdfbbp_1 in cell        
spi_slave                                                                       
Note:  Implicit pin Q_N in instance _0916_ of sg13g2_hv_sdfbbp_1 in cell        
spi_slave                                                                       
Note:  Implicit pin Q_N in instance _0917_ of sg13g2_hv_sdfbbp_1 in cell        
spi_slave                                                                       
Note:  Implicit pin Q_N in instance _0918_ of sg13g2_hv_sdfbbp_1 in cell        
spi_slave                                                                       
Note:  Implicit pin Q_N in instance _0919_ of sg13g2_hv_sdfbbp_1 in cell        
spi_slave                                                                       
Note:  Implicit pin Q_N in instance _0920_ of sg13g2_hv_sdfbbp_1 in cell        
spi_slave                                                                       
Note:  Implicit pin Q_N in instance _0921_ of sg13g2_hv_sdfbbp_1 in cell        
spi_slave                                                                       
Note:  Implicit pin Q_N in instance _0922_ of sg13g2_hv_sdfbbp_1 in cell        
spi_slave                                                                       
Note:  Implicit pin Q_N in instance _0923_ of sg13g2_hv_sdfbbp_1 in cell        
spi_slave                                                                       
Note:  Implicit pin Q_N in instance _0924_ of sg13g2_hv_sdfbbp_1 in cell        
spi_slave                                                                       
Note:  Implicit pin Q_N in instance _0925_ of sg13g2_hv_sdfbbp_1 in cell        
spi_slave                                                                       
Note:  Implicit pin Q_N in instance _0926_ of sg13g2_hv_sdfbbp_1 in cell        
spi_slave                                                                       
Note:  Implicit pin Q_N in instance _0927_ of sg13g2_hv_sdfbbp_1 in cell        
spi_slave                                                                       
Note:  Implicit pin Q_N in instance _0928_ of sg13g2_hv_sdfbbp_1 in cell        
spi_slave                                                                       
Note:  Implicit pin Q_N in instance _0929_ of sg13g2_hv_sdfbbp_1 in cell        
spi_slave                                                                       
Note:  Implicit pin Q_N in instance _0930_ of sg13g2_hv_sdfbbp_1 in cell        
spi_slave                                                                       
Note:  Implicit pin Q_N in instance _0931_ of sg13g2_hv_sdfbbp_1 in cell        
spi_slave                                                                       
Note:  Implicit pin Q_N in instance _0932_ of sg13g2_hv_sdfbbp_1 in cell        
spi_slave                                                                       
Note:  Implicit pin Q_N in instance _0933_ of sg13g2_hv_sdfbbp_1 in cell        
spi_slave                                                                       
Note:  Implicit pin Q_N in instance _0934_ of sg13g2_hv_sdfbbp_1 in cell        
spi_slave                                                                       
Note:  Implicit pin Q_N in instance _0935_ of sg13g2_hv_sdfbbp_1 in cell        
spi_slave                                                                       
Note:  Implicit pin Q_N in instance _0936_ of sg13g2_hv_sdfbbp_1 in cell        
spi_slave                                                                       
Note:  Implicit pin Q_N in instance _0937_ of sg13g2_hv_sdfbbp_1 in cell        
spi_slave                                                                       
Note:  Implicit pin Q_N in instance _0938_ of sg13g2_hv_sdfbbp_1 in cell        
spi_slave                                                                       
Note:  Implicit pin Q_N in instance _0939_ of sg13g2_hv_sdfbbp_1 in cell        
spi_slave                                                                       
Note:  Implicit pin Q_N in instance _0940_ of sg13g2_hv_sdfbbp_1 in cell        
spi_slave                                                                       
Note:  Implicit pin Q_N in instance _0941_ of sg13g2_hv_sdfbbp_1 in cell        
spi_slave                                                                       
Note:  Implicit pin Q_N in instance _0942_ of sg13g2_hv_sdfbbp_1 in cell        
spi_slave                                                                       
Note:  Implicit pin Q_N in instance _0943_ of sg13g2_hv_sdfbbp_1 in cell        
spi_slave                                                                       
Note:  Implicit pin Q_N in instance _0944_ of sg13g2_hv_sdfbbp_1 in cell        
spi_slave                                                                       
Note:  Implicit pin Q_N in instance _0945_ of sg13g2_hv_sdfbbp_1 in cell        
spi_slave                                                                       
Note:  Implicit pin Q_N in instance _0946_ of sg13g2_hv_sdfbbp_1 in cell        
spi_slave                                                                       
Note:  Implicit pin Q_N in instance _0947_ of sg13g2_hv_sdfbbp_1 in cell        
spi_slave                                                                       
Note:  Implicit pin Q_N in instance _0948_ of sg13g2_hv_sdfbbp_1 in cell        
spi_slave                                                                       
Note:  Implicit pin Q_N in instance _0949_ of sg13g2_hv_sdfbbp_1 in cell        
spi_slave                                                                       
Note:  Implicit pin Q_N in instance _0950_ of sg13g2_hv_sdfbbp_1 in cell        
spi_slave                                                                       
Note:  Implicit pin Q_N in instance _0951_ of sg13g2_hv_sdfbbp_1 in cell        
spi_slave                                                                       
Note:  Implicit pin Q_N in instance _0952_ of sg13g2_hv_sdfbbp_1 in cell        
spi_slave                                                                       
Note:  Implicit pin Q_N in instance _0953_ of sg13g2_hv_sdfbbp_1 in cell        
spi_slave                                                                       
Note:  Implicit pin Q_N in instance _0954_ of sg13g2_hv_sdfbbp_1 in cell        
spi_slave                                                                       
Note:  Implicit pin Q_N in instance _0955_ of sg13g2_hv_sdfbbp_1 in cell        
spi_slave                                                                       
Note:  Implicit pin Q_N in instance _0956_ of sg13g2_hv_sdfbbp_1 in cell        
spi_slave                                                                       
Note:  Implicit pin Q_N in instance _0957_ of sg13g2_hv_sdfbbp_1 in cell        
spi_slave                                                                       
Note:  Implicit pin Q_N in instance _0958_ of sg13g2_hv_sdfbbp_1 in cell        
spi_slave                                                                       
Note:  Implicit pin Q_N in instance _0959_ of sg13g2_hv_sdfbbp_1 in cell        
spi_slave                                                                       
Note:  Implicit pin Q_N in instance _0960_ of sg13g2_hv_sdfbbp_1 in cell        
spi_slave                                                                       
Note:  Implicit pin Q_N in instance _0961_ of sg13g2_hv_sdfbbp_1 in cell        
spi_slave                                                                       
Note:  Implicit pin Q_N in instance _0962_ of sg13g2_hv_sdfbbp_1 in cell        
spi_slave                                                                       
Note:  Implicit pin Q_N in instance _0963_ of sg13g2_hv_sdfbbp_1 in cell        
spi_slave                                                                       
Note:  Implicit pin Q_N in instance _0964_ of sg13g2_hv_sdfbbp_1 in cell        
spi_slave                                                                       
Note:  Implicit pin Q_N in instance _0965_ of sg13g2_hv_sdfbbp_1 in cell        
spi_slave                                                                       
Note:  Implicit pin Q_N in instance _0966_ of sg13g2_hv_sdfbbp_1 in cell        
spi_slave                                                                       
Note:  Implicit pin Q_N in instance _0967_ of sg13g2_hv_sdfbbp_1 in cell        
spi_slave                                                                       
Note:  Implicit pin Q_N in instance _0968_ of sg13g2_hv_sdfbbp_1 in cell        
spi_slave                                                                       
Note:  Implicit pin Q_N in instance _0969_ of sg13g2_hv_sdfbbp_1 in cell        
spi_slave                                                                       
Note:  Implicit pin Q_N in instance _0970_ of sg13g2_hv_sdfbbp_1 in cell        
spi_slave                                                                       
Note:  Implicit pin Q_N in instance _0971_ of sg13g2_hv_sdfbbp_1 in cell        
spi_slave                                                                       
Note:  Implicit pin Q_N in instance _0972_ of sg13g2_hv_sdfbbp_1 in cell        
spi_slave                                                                       
Note:  Implicit pin Q_N in instance _0973_ of sg13g2_hv_sdfbbp_1 in cell        
spi_slave                                                                       
Note:  Implicit pin Q_N in instance _0974_ of sg13g2_hv_sdfbbp_1 in cell        
spi_slave                                                                       
Note:  Implicit pin Q_N in instance _0975_ of sg13g2_hv_sdfbbp_1 in cell        
spi_slave                                                                       
Note:  Implicit pin Q_N in instance _0976_ of sg13g2_hv_sdfbbp_1 in cell        
spi_slave                                                                       
Note:  Implicit pin Q_N in instance _0977_ of sg13g2_hv_sdfbbp_1 in cell        
spi_slave                                                                       
Treating empty subcircuits as black-box cells                                   
Generating JSON file result                                                     
                                                                                
Reading setup file                                                              
/usr/local/lib/python3.12/dist-packages/librelane/scripts/netgen/setup.tcl      
                                                                                
Model ptap1 pin 1 == 2                                                          
No property w found for device ptap1                                            
No property l found for device ptap1                                            
No property l found for device ptap1                                            
No property w found for device ptap1                                            
No property l found for device ptap1                                            
No property w found for device ptap1                                            
No property b found for device ptap1                                            
Model rppd pin 1 == 2                                                           
No property b found for device rppd                                             
Model sg13_hv_nmos pin 1 == 3                                                   
No property trise found for device sg13_hv_nmos                                 
No property z1 found for device sg13_hv_nmos                                    
No property z2 found for device sg13_hv_nmos                                    
No property wmin found for device sg13_hv_nmos                                  
No property rfmode found for device sg13_hv_nmos                                
No property pre_layout found for device sg13_hv_nmos                            
Model sg13_hv_pmos pin 1 == 3                                                   
No property trise found for device sg13_hv_pmos                                 
No property z1 found for device sg13_hv_pmos                                    
No property z2 found for device sg13_hv_pmos                                    
No property wmin found for device sg13_hv_pmos                                  
No property rfmode found for device sg13_hv_pmos                                
No property pre_layout found for device sg13_hv_pmos                            
Model sg13_lv_nmos pin 1 == 3                                                   
No property trise found for device sg13_lv_nmos                                 
No property z1 found for device sg13_lv_nmos                                    
No property z2 found for device sg13_lv_nmos                                    
No property wmin found for device sg13_lv_nmos                                  
No property rfmode found for device sg13_lv_nmos                                
No property pre_layout found for device sg13_lv_nmos                            
Model sg13_lv_pmos pin 1 == 3                                                   
No property trise found for device sg13_lv_pmos                                 
No property z1 found for device sg13_lv_pmos                                    
No property z2 found for device sg13_lv_pmos                                    
No property wmin found for device sg13_lv_pmos                                  
No property rfmode found for device sg13_lv_pmos                                
No property pre_layout found for device sg13_lv_pmos                            
No property DEV_A found for device dantenna                                     
No property DEV_P found for device dantenna                                     
No property DEV_C found for device dantenna                                     
No property DEV_A found for device dpantenna                                    
No property DEV_P found for device dpantenna                                    
No property DEV_C found for device dpantenna                                    
Comparison output logged to file                                                
/foss/designs/spi-slave-ihp/allmodes/flow_hv/runs/RUN_2026-08-16_13-42-22/60-net
gen-lvs/reports/lvs.netgen.rpt                                                  
Logging to file                                                                 
"/foss/designs/spi-slave-ihp/allmodes/flow_hv/runs/RUN_2026-08-16_13-42-22/60-ne
tgen-lvs/reports/lvs.netgen.rpt" enabled                                        
                                                                                
Contents of circuit 1:  Circuit: 'sg13g2_hv_fill_8'                             
Circuit sg13g2_hv_fill_8 contains 0 device instances.                           
Circuit contains 0 nets, and 2 disconnected pins.                               
Contents of circuit 2:  Circuit: 'sg13g2_hv_fill_8'                             
Circuit sg13g2_hv_fill_8 contains 0 device instances.                           
Circuit contains 0 nets, and 2 disconnected pins.                               
                                                                                
Circuit sg13g2_hv_fill_8 contains no devices.                                   
                                                                                
Contents of circuit 1:  Circuit: 'sg13g2_hv_fill_1'                             
Circuit sg13g2_hv_fill_1 contains 0 device instances.                           
Circuit contains 0 nets, and 2 disconnected pins.                               
Contents of circuit 2:  Circuit: 'sg13g2_hv_fill_1'                             
Circuit sg13g2_hv_fill_1 contains 0 device instances.                           
Circuit contains 0 nets, and 2 disconnected pins.                               
                                                                                
Circuit sg13g2_hv_fill_1 contains no devices.                                   
                                                                                
Contents of circuit 1:  Circuit: 'sg13g2_hv_fill_2'                             
Circuit sg13g2_hv_fill_2 contains 0 device instances.                           
Circuit contains 0 nets, and 2 disconnected pins.                               
Contents of circuit 2:  Circuit: 'sg13g2_hv_fill_2'                             
Circuit sg13g2_hv_fill_2 contains 0 device instances.                           
Circuit contains 0 nets, and 2 disconnected pins.                               
                                                                                
Circuit sg13g2_hv_fill_2 contains no devices.                                   
                                                                                
Contents of circuit 1:  Circuit: 'sg13g2_hv_tiehi'                              
Circuit sg13g2_hv_tiehi contains 0 device instances.                            
Circuit contains 0 nets, and 3 disconnected pins.                               
Contents of circuit 2:  Circuit: 'sg13g2_hv_tiehi'                              
Circuit sg13g2_hv_tiehi contains 2 device instances.                            
  Class: sg13_hv_nmos          instances:   1                                   
  Class: sg13_hv_pmos          instances:   1                                   
Circuit contains 3 nets.                                                        
                                                                                
Circuit sg13g2_hv_tiehi contains no devices.                                    
                                                                                
Contents of circuit 1:  Circuit: 'sg13g2_hv_fill_4'                             
Circuit sg13g2_hv_fill_4 contains 0 device instances.                           
Circuit contains 0 nets, and 2 disconnected pins.                               
Contents of circuit 2:  Circuit: 'sg13g2_hv_fill_4'                             
Circuit sg13g2_hv_fill_4 contains 0 device instances.                           
Circuit contains 0 nets, and 2 disconnected pins.                               
                                                                                
Circuit sg13g2_hv_fill_4 contains no devices.                                   
                                                                                
Contents of circuit 1:  Circuit: 'sg13g2_hv_nand2_1'                            
Circuit sg13g2_hv_nand2_1 contains 0 device instances.                          
Circuit contains 0 nets, and 5 disconnected pins.                               
Contents of circuit 2:  Circuit: 'sg13g2_hv_nand2_1'                            
Circuit sg13g2_hv_nand2_1 contains 4 device instances.                          
  Class: sg13_hv_nmos          instances:   2                                   
  Class: sg13_hv_pmos          instances:   2                                   
Circuit contains 6 nets.                                                        
                                                                                
Circuit sg13g2_hv_nand2_1 contains no devices.                                  
                                                                                
Contents of circuit 1:  Circuit: 'sg13g2_hv_sdfbbp_1'                           
Circuit sg13g2_hv_sdfbbp_1 contains 0 device instances.                         
Circuit contains 0 nets, and 10 disconnected pins.                              
Contents of circuit 2:  Circuit: 'sg13g2_hv_sdfbbp_1'                           
Circuit sg13g2_hv_sdfbbp_1 contains 48 device instances.                        
  Class: sg13_hv_nmos          instances:  24                                   
  Class: sg13_hv_pmos          instances:  24                                   
Circuit contains 34 nets.                                                       
                                                                                
Circuit sg13g2_hv_sdfbbp_1 contains no devices.                                 
                                                                                
Contents of circuit 1:  Circuit: 'sg13g2_hv_inv_1'                              
Circuit sg13g2_hv_inv_1 contains 0 device instances.                            
Circuit contains 0 nets, and 4 disconnected pins.                               
Contents of circuit 2:  Circuit: 'sg13g2_hv_inv_1'                              
Circuit sg13g2_hv_inv_1 contains 2 device instances.                            
  Class: sg13_hv_nmos          instances:   1                                   
  Class: sg13_hv_pmos          instances:   1                                   
Circuit contains 4 nets.                                                        
                                                                                
Circuit sg13g2_hv_inv_1 contains no devices.                                    
                                                                                
Contents of circuit 1:  Circuit: 'sg13g2_hv_nand3_1'                            
Circuit sg13g2_hv_nand3_1 contains 0 device instances.                          
Circuit contains 0 nets, and 6 disconnected pins.                               
Contents of circuit 2:  Circuit: 'sg13g2_hv_nand3_1'                            
Circuit sg13g2_hv_nand3_1 contains 6 device instances.                          
  Class: sg13_hv_nmos          instances:   3                                   
  Class: sg13_hv_pmos          instances:   3                                   
Circuit contains 8 nets.                                                        
                                                                                
Circuit sg13g2_hv_nand3_1 contains no devices.                                  
                                                                                
Contents of circuit 1:  Circuit: 'sg13g2_hv_tielo'                              
Circuit sg13g2_hv_tielo contains 0 device instances.                            
Circuit contains 0 nets, and 3 disconnected pins.                               
Contents of circuit 2:  Circuit: 'sg13g2_hv_tielo'                              
Circuit sg13g2_hv_tielo contains 2 device instances.                            
  Class: sg13_hv_nmos          instances:   1                                   
  Class: sg13_hv_pmos          instances:   1                                   
Circuit contains 3 nets.                                                        
                                                                                
Circuit sg13g2_hv_tielo contains no devices.                                    
                                                                                
Contents of circuit 1:  Circuit: 'sg13g2_hv_a21oi_1'                            
Circuit sg13g2_hv_a21oi_1 contains 0 device instances.                          
Circuit contains 0 nets, and 6 disconnected pins.                               
Contents of circuit 2:  Circuit: 'sg13g2_hv_a21oi_1'                            
Circuit sg13g2_hv_a21oi_1 contains 6 device instances.                          
  Class: sg13_hv_nmos          instances:   3                                   
  Class: sg13_hv_pmos          instances:   3                                   
Circuit contains 8 nets.                                                        
                                                                                
Circuit sg13g2_hv_a21oi_1 contains no devices.                                  
                                                                                
Contents of circuit 1:  Circuit: 'sg13g2_hv_and2_1'                             
Circuit sg13g2_hv_and2_1 contains 0 device instances.                           
Circuit contains 0 nets, and 5 disconnected pins.                               
Contents of circuit 2:  Circuit: 'sg13g2_hv_and2_1'                             
Circuit sg13g2_hv_and2_1 contains 6 device instances.                           
  Class: sg13_hv_nmos          instances:   3                                   
  Class: sg13_hv_pmos          instances:   3                                   
Circuit contains 7 nets.                                                        
                                                                                
Circuit sg13g2_hv_and2_1 contains no devices.                                   
                                                                                
Contents of circuit 1:  Circuit: 'sg13g2_hv_nor3_1'                             
Circuit sg13g2_hv_nor3_1 contains 0 device instances.                           
Circuit contains 0 nets, and 6 disconnected pins.                               
Contents of circuit 2:  Circuit: 'sg13g2_hv_nor3_1'                             
Circuit sg13g2_hv_nor3_1 contains 6 device instances.                           
  Class: sg13_hv_nmos          instances:   3                                   
  Class: sg13_hv_pmos          instances:   3                                   
Circuit contains 8 nets.                                                        
                                                                                
Circuit sg13g2_hv_nor3_1 contains no devices.                                   
                                                                                
Contents of circuit 1:  Circuit: 'sg13g2_hv_xor2_1'                             
Circuit sg13g2_hv_xor2_1 contains 0 device instances.                           
Circuit contains 0 nets, and 5 disconnected pins.                               
Contents of circuit 2:  Circuit: 'sg13g2_hv_xor2_1'                             
Circuit sg13g2_hv_xor2_1 contains 10 device instances.                          
  Class: sg13_hv_nmos          instances:   5                                   
  Class: sg13_hv_pmos          instances:   5                                   
Circuit contains 9 nets.                                                        
                                                                                
Circuit sg13g2_hv_xor2_1 contains no devices.                                   
                                                                                
Contents of circuit 1:  Circuit: 'sg13g2_hv_buf_1'                              
Circuit sg13g2_hv_buf_1 contains 0 device instances.                            
Circuit contains 0 nets, and 4 disconnected pins.                               
Contents of circuit 2:  Circuit: 'sg13g2_hv_buf_1'                              
Circuit sg13g2_hv_buf_1 contains 4 device instances.                            
  Class: sg13_hv_nmos          instances:   2                                   
  Class: sg13_hv_pmos          instances:   2                                   
Circuit contains 5 nets.                                                        
                                                                                
Circuit sg13g2_hv_buf_1 contains no devices.                                    
                                                                                
Contents of circuit 1:  Circuit: 'sg13g2_hv_a221oi_1'                           
Circuit sg13g2_hv_a221oi_1 contains 0 device instances.                         
Circuit contains 0 nets, and 8 disconnected pins.                               
Contents of circuit 2:  Circuit: 'sg13g2_hv_a221oi_1'                           
Circuit sg13g2_hv_a221oi_1 contains 10 device instances.                        
  Class: sg13_hv_nmos          instances:   5                                   
  Class: sg13_hv_pmos          instances:   5                                   
Circuit contains 12 nets.                                                       
                                                                                
Circuit sg13g2_hv_a221oi_1 contains no devices.                                 
                                                                                
Contents of circuit 1:  Circuit: 'sg13g2_hv_a22oi_1'                            
Circuit sg13g2_hv_a22oi_1 contains 0 device instances.                          
Circuit contains 0 nets, and 7 disconnected pins.                               
Contents of circuit 2:  Circuit: 'sg13g2_hv_a22oi_1'                            
Circuit sg13g2_hv_a22oi_1 contains 8 device instances.                          
  Class: sg13_hv_nmos          instances:   4                                   
  Class: sg13_hv_pmos          instances:   4                                   
Circuit contains 10 nets.                                                       
                                                                                
Circuit sg13g2_hv_a22oi_1 contains no devices.                                  
                                                                                
Contents of circuit 1:  Circuit: 'sg13g2_hv_nand2b_1'                           
Circuit sg13g2_hv_nand2b_1 contains 0 device instances.                         
Circuit contains 0 nets, and 5 disconnected pins.                               
Contents of circuit 2:  Circuit: 'sg13g2_hv_nand2b_1'                           
Circuit sg13g2_hv_nand2b_1 contains 6 device instances.                         
  Class: sg13_hv_nmos          instances:   3                                   
  Class: sg13_hv_pmos          instances:   3                                   
Circuit contains 7 nets.                                                        
                                                                                
Circuit sg13g2_hv_nand2b_1 contains no devices.                                 
                                                                                
Contents of circuit 1:  Circuit: 'sg13g2_hv_o21ai_1'                            
Circuit sg13g2_hv_o21ai_1 contains 0 device instances.                          
Circuit contains 0 nets, and 6 disconnected pins.                               
Contents of circuit 2:  Circuit: 'sg13g2_hv_o21ai_1'                            
Circuit sg13g2_hv_o21ai_1 contains 6 device instances.                          
  Class: sg13_hv_nmos          instances:   3                                   
  Class: sg13_hv_pmos          instances:   3                                   
Circuit contains 8 nets.                                                        
                                                                                
Circuit sg13g2_hv_o21ai_1 contains no devices.                                  
                                                                                
Contents of circuit 1:  Circuit: 'sg13g2_hv_or4_1'                              
Circuit sg13g2_hv_or4_1 contains 0 device instances.                            
Circuit contains 0 nets, and 7 disconnected pins.                               
Contents of circuit 2:  Circuit: 'sg13g2_hv_or4_1'                              
Circuit sg13g2_hv_or4_1 contains 10 device instances.                           
  Class: sg13_hv_nmos          instances:   5                                   
  Class: sg13_hv_pmos          instances:   5                                   
Circuit contains 11 nets.                                                       
                                                                                
Circuit sg13g2_hv_or4_1 contains no devices.                                    
                                                                                
Contents of circuit 1:  Circuit: 'sg13g2_hv_mux2_1'                             
Circuit sg13g2_hv_mux2_1 contains 0 device instances.                           
Circuit contains 0 nets, and 6 disconnected pins.                               
Contents of circuit 2:  Circuit: 'sg13g2_hv_mux2_1'                             
Circuit sg13g2_hv_mux2_1 contains 12 device instances.                          
  Class: sg13_hv_nmos          instances:   6                                   
  Class: sg13_hv_pmos          instances:   6                                   
Circuit contains 12 nets.                                                       
                                                                                
Circuit sg13g2_hv_mux2_1 contains no devices.                                   
                                                                                
Contents of circuit 1:  Circuit: 'sg13g2_hv_nor4_1'                             
Circuit sg13g2_hv_nor4_1 contains 0 device instances.                           
Circuit contains 0 nets, and 7 disconnected pins.                               
Contents of circuit 2:  Circuit: 'sg13g2_hv_nor4_1'                             
Circuit sg13g2_hv_nor4_1 contains 8 device instances.                           
  Class: sg13_hv_nmos          instances:   4                                   
  Class: sg13_hv_pmos          instances:   4                                   
Circuit contains 10 nets.                                                       
                                                                                
Circuit sg13g2_hv_nor4_1 contains no devices.                                   
                                                                                
Contents of circuit 1:  Circuit: 'sg13g2_hv_nor2_1'                             
Circuit sg13g2_hv_nor2_1 contains 0 device instances.                           
Circuit contains 0 nets, and 5 disconnected pins.                               
Contents of circuit 2:  Circuit: 'sg13g2_hv_nor2_1'                             
Circuit sg13g2_hv_nor2_1 contains 4 device instances.                           
  Class: sg13_hv_nmos          instances:   2                                   
  Class: sg13_hv_pmos          instances:   2                                   
Circuit contains 6 nets.                                                        
                                                                                
Circuit sg13g2_hv_nor2_1 contains no devices.                                   
                                                                                
Contents of circuit 1:  Circuit: 'sg13g2_hv_or2_1'                              
Circuit sg13g2_hv_or2_1 contains 0 device instances.                            
Circuit contains 0 nets, and 5 disconnected pins.                               
Contents of circuit 2:  Circuit: 'sg13g2_hv_or2_1'                              
Circuit sg13g2_hv_or2_1 contains 6 device instances.                            
  Class: sg13_hv_nmos          instances:   3                                   
  Class: sg13_hv_pmos          instances:   3                                   
Circuit contains 7 nets.                                                        
                                                                                
Circuit sg13g2_hv_or2_1 contains no devices.                                    
                                                                                
Contents of circuit 1:  Circuit: 'sg13g2_hv_a21o_1'                             
Circuit sg13g2_hv_a21o_1 contains 0 device instances.                           
Circuit contains 0 nets, and 6 disconnected pins.                               
Contents of circuit 2:  Circuit: 'sg13g2_hv_a21o_1'                             
Circuit sg13g2_hv_a21o_1 contains 8 device instances.                           
  Class: sg13_hv_nmos          instances:   4                                   
  Class: sg13_hv_pmos          instances:   4                                   
Circuit contains 9 nets.                                                        
                                                                                
Circuit sg13g2_hv_a21o_1 contains no devices.                                   
                                                                                
Contents of circuit 1:  Circuit: 'sg13g2_hv_xnor2_1'                            
Circuit sg13g2_hv_xnor2_1 contains 0 device instances.                          
Circuit contains 0 nets, and 5 disconnected pins.                               
Contents of circuit 2:  Circuit: 'sg13g2_hv_xnor2_1'                            
Circuit sg13g2_hv_xnor2_1 contains 10 device instances.                         
  Class: sg13_hv_nmos          instances:   5                                   
  Class: sg13_hv_pmos          instances:   5                                   
Circuit contains 9 nets.                                                        
                                                                                
Circuit sg13g2_hv_xnor2_1 contains no devices.                                  
                                                                                
Contents of circuit 1:  Circuit: 'spi_slave'                                    
Circuit spi_slave contains 3840 device instances.                               
  Class: sg13g2_hv_a21oi_1     instances:  21                                   
  Class: sg13g2_hv_nor3_1      instances:  12                                   
  Class: sg13g2_hv_nor2_1      instances:   5                                   
  Class: sg13g2_hv_nand2b_1    instances:  15                                   
  Class: sg13g2_hv_buf_1       instances:  32                                   
  Class: sg13g2_hv_or2_1       instances:   4                                   
  Class: sg13g2_hv_nor4_1      instances:   6                                   
  Class: sg13g2_hv_and2_1      instances:  43                                   
  Class: sg13g2_hv_xnor2_1     instances:   1                                   
  Class: sg13g2_hv_fill_8      instances: 2476                                  
  Class: sg13g2_hv_or4_1       instances:   2                                   
  Class: sg13g2_hv_a22oi_1     instances:  32                                   
  Class: sg13g2_hv_tiehi       instances: 141                                   
  Class: sg13g2_hv_fill_2      instances: 219                                   
  Class: sg13g2_hv_a221oi_1    instances:  19                                   
  Class: sg13g2_hv_mux2_1      instances:   8                                   
  Class: sg13g2_hv_sdfbbp_1    instances: 141                                   
  Class: sg13g2_hv_nand2_1     instances:  93                                   
  Class: sg13g2_hv_a21o_1      instances:   1                                   
  Class: sg13g2_hv_fill_4      instances: 220                                   
  Class: sg13g2_hv_xor2_1      instances:   1                                   
  Class: sg13g2_hv_inv_1       instances:  15                                   
  Class: sg13g2_hv_fill_1      instances: 238                                   
  Class: sg13g2_hv_o21ai_1     instances:   9                                   
  Class: sg13g2_hv_tielo       instances:  55                                   
  Class: sg13g2_hv_nand3_1     instances:  31                                   
Circuit contains 845 nets.                                                      
Contents of circuit 2:  Circuit: 'spi_slave'                                    
Circuit spi_slave contains 3840 device instances.                               
  Class: sg13g2_hv_a21oi_1     instances:  21                                   
  Class: sg13g2_hv_nor3_1      instances:  12                                   
  Class: sg13g2_hv_nor2_1      instances:   5                                   
  Class: sg13g2_hv_nand2b_1    instances:  15                                   
  Class: sg13g2_hv_buf_1       instances:  32                                   
  Class: sg13g2_hv_or2_1       instances:   4                                   
  Class: sg13g2_hv_nor4_1      instances:   6                                   
  Class: sg13g2_hv_and2_1      instances:  43                                   
  Class: sg13g2_hv_xnor2_1     instances:   1                                   
  Class: sg13g2_hv_fill_8      instances: 2476                                  
  Class: sg13g2_hv_or4_1       instances:   2                                   
  Class: sg13g2_hv_a22oi_1     instances:  32                                   
  Class: sg13g2_hv_tiehi       instances: 141                                   
  Class: sg13g2_hv_fill_2      instances: 219                                   
  Class: sg13g2_hv_a221oi_1    instances:  19                                   
  Class: sg13g2_hv_mux2_1      instances:   8                                   
  Class: sg13g2_hv_sdfbbp_1    instances: 141                                   
  Class: sg13g2_hv_nand2_1     instances:  93                                   
  Class: sg13g2_hv_a21o_1      instances:   1                                   
  Class: sg13g2_hv_fill_4      instances: 220                                   
  Class: sg13g2_hv_xor2_1      instances:   1                                   
  Class: sg13g2_hv_inv_1       instances:  15                                   
  Class: sg13g2_hv_fill_1      instances: 238                                   
  Class: sg13g2_hv_o21ai_1     instances:   9                                   
  Class: sg13g2_hv_tielo       instances:  55                                   
  Class: sg13g2_hv_nand3_1     instances:  31                                   
Circuit contains 845 nets.                                                      
                                                                                
Circuit 1 contains 3840 devices, Circuit 2 contains 3840 devices.               
Circuit 1 contains 845 nets,    Circuit 2 contains 845 nets.                    
                                                                                
                                                                                
Final result:                                                                   
Circuits match uniquely.                                                        
.                                                                               
Logging to file                                                                 
"/foss/designs/spi-slave-ihp/allmodes/flow_hv/runs/RUN_2026-08-16_13-42-22/60-ne
tgen-lvs/reports/lvs.netgen.rpt" disabled                                       
LVS Done.                                                                       
────────────────────── Layout vs. Schematic Error Checker ──────────────────────
[13:43:40] VERBOSE  Running 'Checker.LVS' at                        step.py:1138
                    'runs/RUN_2026-08-16_13-42-22/61-checker-lvs'…              
[13:43:40] INFO     Check for LVS errors clear.                   checker.py:131
[13:43:40] INFO     Gating variable for step 'Yosys.EQY' set   sequential.py:362
                    to 'False'- the step will be skipped.                       
[13:43:40] INFO     Skipping step 'Equivalence Check'…         sequential.py:370
──────────────────────── Hold Timing Violations Checker ────────────────────────
[13:43:40] VERBOSE  Running 'Checker.HoldViolations' at             step.py:1138
                    'runs/RUN_2026-08-16_13-42-22/62-checker-holdvi             
                    olations'…                                                  
[13:43:40] VERBOSE  No hold violations found                      checker.py:628
─────────────────────── Maximum Slew Violations Checker ────────────────────────
[13:43:40] VERBOSE  Running 'Checker.MaxSlewViolations' at          step.py:1138
                    'runs/RUN_2026-08-16_13-42-22/63-checker-maxsle             
                    wviolations'…                                               
[13:43:40] VERBOSE  No max slew violations found                  checker.py:628
──────────────────── Maximum Capacitance Violations Checker ────────────────────
[13:43:40] VERBOSE  Running 'Checker.MaxCapViolations' at           step.py:1138
                    'runs/RUN_2026-08-16_13-42-22/64-checker-maxcap             
                    violations'…                                                
[13:43:40] VERBOSE  No max cap violations found                   checker.py:628
───────────────── Report Manufacturability (DRC, LVS, Antenna) ─────────────────
[13:43:40] VERBOSE  Running 'Misc.ReportManufacturability' at       step.py:1138
                    'runs/RUN_2026-08-16_13-42-22/65-misc-reportman             
                    ufacturability'…                                            
[13:43:40] WARNING  klayout__drc_error__count not reported.          misc.py:102
                    KLayout.DRC may have been skipped.                          
[13:43:40] WARNING  magic__drc_error__count not reported. Magic.DRC  misc.py:110
                    may have been skipped.                                      
* Antenna
Passed ✅

* LVS
Passed ✅

* DRC
N/A

[13:43:40] INFO     Saving views to                                 state.py:209
                    '/foss/designs/spi-slave-ihp/allmodes/flow_hv/r             
                    uns/RUN_2026-08-16_13-42-22/final'…                         
[13:43:40] INFO     Flow complete.                             sequential.py:413
Classic' - Stage 69 - Report Manufacturability ━━━━━━━━━━━━━━━━━━━ 69/69 0:01:17

[13:43:40] WARNING  The following warnings were generated by the     flow.py:699
                    flow:                                                       
[13:43:40] WARNING  [Checker.LintWarnings] 3 Lint warnings found.    flow.py:701
[13:43:40] WARNING  [OpenROAD.Floorplan] [ORD-2056] The following 12 flow.py:701
                    liberty cell(s) do not have LEF masters and will            
                    be marked as dont-use: (and 18 similar warnings)            
[13:43:40] WARNING  [OpenROAD.CTS] No CLOCK_NET (or CLOCK_PORT)      flow.py:701
                    specified. CTS cannot be performed. Returning               
                    state unaltered…                                            
[13:43:40] WARNING  [OpenROAD.DetailedRouting] [DRT-0349]            flow.py:701
                    LEF58_ENCLOSURE with no CUTCLASS is not                     
                    supported. Skipping for layer Cont (and 9                   
                    similar warnings)                                           
[13:43:40] WARNING  [OpenROAD.DetailedRouting] [DRT-0120] Large net  flow.py:701
                    Clk has 142 pins which may impact routing                   
                    performance. Consider optimization. (and 1                  
                    similar warnings)                                           
[13:43:40] WARNING  [Checker.WireLength] Threshold for               flow.py:701
                    Threshold-surpassing long wires is not set. The             
                    checker will be skipped.                                    
[13:43:40] WARNING  [OpenROAD.IRDropReport] 'VSRC_LOC_FILES' was not flow.py:701
                    given a value, which may make the results of IR             
                    drop analysis inaccurate. If you are not                    
                    integrating a top-level chip for manufacture,               
                    you may ignore this warning, otherwise, see the             
                    documentation for 'VSRC_LOC_FILES'.                         
[13:43:40] WARNING  [Checker.XOR] The XOR differences metric was not flow.py:701
                    found. Are you sure the relevant step was run?              
[13:43:40] WARNING  [Checker.MagicDRC] The Magic DRC errors metric   flow.py:701
                    was not found. Are you sure the relevant step               
                    was run?                                                    
[13:43:40] WARNING  [Checker.KLayoutDRC] The KLayout DRC errors      flow.py:701
                    metric was not found. Are you sure the relevant             
                    step was run?                                               
[13:43:40] WARNING  [Misc.ReportManufacturability]                   flow.py:701
                    klayout__drc_error__count not reported.                     
                    KLayout.DRC may have been skipped.                          
[13:43:40] WARNING  [Misc.ReportManufacturability]                   flow.py:701
                    magic__drc_error__count not reported. Magic.DRC             
                    may have been skipped.                                      
=== Flow complete. Outputs in /foss/designs/spi-slave-ihp/allmodes/flow_hv/runs/<RUN_DATE>/final/ ===
EXIT: 0
