#! /foss/tools/iverilog/bin/vvp
:ivl_version "14.0 (devel)" "(s20260301-328-geda9fdcd-dirty)";
:ivl_delay_selection "TYPICAL";
:vpi_time_precision - 11;
:vpi_module "/foss/tools/iverilog/lib/ivl/system.vpi";
:vpi_module "/foss/tools/iverilog/lib/ivl/vhdl_sys.vpi";
:vpi_module "/foss/tools/iverilog/lib/ivl/vhdl_textio.vpi";
:vpi_module "/foss/tools/iverilog/lib/ivl/v2005_math.vpi";
:vpi_module "/foss/tools/iverilog/lib/ivl/va_math.vpi";
:vpi_module "/foss/tools/iverilog/lib/ivl/v2009.vpi";
S_0x560d7a5fba10 .scope package, "$unit" "$unit" 2 1;
 .timescale 0 0;
S_0x560d7a7868d0 .scope module, "sg13g2_hv_a21o_2" "sg13g2_hv_a21o_2" 3 50;
 .timescale -9 -11;
    .port_info 0 /OUTPUT 1 "X";
    .port_info 1 /INPUT 1 "A1";
    .port_info 2 /INPUT 1 "A2";
    .port_info 3 /INPUT 1 "B1";
o0x7f6fe5ff0018 .functor BUFZ 1, c4<z>; HiZ drive
o0x7f6fe5ff0048 .functor BUFZ 1, c4<z>; HiZ drive
L_0x560d7a909750 .functor AND 1, o0x7f6fe5ff0018, o0x7f6fe5ff0048, C4<1>, C4<1>;
o0x7f6fe5ff0078 .functor BUFZ 1, c4<z>; HiZ drive
L_0x560d7a9097c0 .functor OR 1, L_0x560d7a909750, o0x7f6fe5ff0078, C4<0>, C4<0>;
v0x560d7a7bff50_0 .net "A1", 0 0, o0x7f6fe5ff0018;  0 drivers
v0x560d7a7bf770_0 .net "A2", 0 0, o0x7f6fe5ff0048;  0 drivers
v0x560d7a699290_0 .net "B1", 0 0, o0x7f6fe5ff0078;  0 drivers
v0x560d7a690b00_0 .net "X", 0 0, L_0x560d7a9097c0;  1 drivers
v0x560d7a696570_0 .net "int_fwire_0", 0 0, L_0x560d7a909750;  1 drivers
S_0x560d7a786510 .scope module, "sg13g2_hv_a21oi_2" "sg13g2_hv_a21oi_2" 3 105;
 .timescale -9 -11;
    .port_info 0 /OUTPUT 1 "Y";
    .port_info 1 /INPUT 1 "A1";
    .port_info 2 /INPUT 1 "A2";
    .port_info 3 /INPUT 1 "B1";
o0x7f6fe5ff01c8 .functor BUFZ 1, c4<z>; HiZ drive
o0x7f6fe5ff01f8 .functor BUFZ 1, c4<z>; HiZ drive
L_0x560d7a909880 .functor AND 1, o0x7f6fe5ff01c8, o0x7f6fe5ff01f8, C4<1>, C4<1>;
o0x7f6fe5ff0228 .functor BUFZ 1, c4<z>; HiZ drive
L_0x560d7a9098f0 .functor OR 1, L_0x560d7a909880, o0x7f6fe5ff0228, C4<0>, C4<0>;
L_0x560d7a9099b0 .functor NOT 1, L_0x560d7a9098f0, C4<0>, C4<0>, C4<0>;
v0x560d7a693850_0 .net "A1", 0 0, o0x7f6fe5ff01c8;  0 drivers
v0x560d7a69bfb0_0 .net "A2", 0 0, o0x7f6fe5ff01f8;  0 drivers
v0x560d7a109bc0_0 .net "B1", 0 0, o0x7f6fe5ff0228;  0 drivers
v0x560d7a0eb500_0 .net "Y", 0 0, L_0x560d7a9099b0;  1 drivers
v0x560d7a0ecc70_0 .net "int_fwire_0", 0 0, L_0x560d7a909880;  1 drivers
v0x560d7a0efd90_0 .net "int_fwire_1", 0 0, L_0x560d7a9098f0;  1 drivers
S_0x560d7a786150 .scope module, "sg13g2_hv_and2_2" "sg13g2_hv_and2_2" 3 215;
 .timescale -9 -11;
    .port_info 0 /OUTPUT 1 "X";
    .port_info 1 /INPUT 1 "A";
    .port_info 2 /INPUT 1 "B";
o0x7f6fe5ff03a8 .functor BUFZ 1, c4<z>; HiZ drive
o0x7f6fe5ff03d8 .functor BUFZ 1, c4<z>; HiZ drive
L_0x560d7a909a70 .functor AND 1, o0x7f6fe5ff03a8, o0x7f6fe5ff03d8, C4<1>, C4<1>;
v0x560d7a0f57b0_0 .net "A", 0 0, o0x7f6fe5ff03a8;  0 drivers
v0x560d7a0f6f20_0 .net "B", 0 0, o0x7f6fe5ff03d8;  0 drivers
v0x560d7a0febe0_0 .net "X", 0 0, L_0x560d7a909a70;  1 drivers
S_0x560d7a786c90 .scope module, "sg13g2_hv_and3_1" "sg13g2_hv_and3_1" 3 239;
 .timescale -9 -11;
    .port_info 0 /OUTPUT 1 "X";
    .port_info 1 /INPUT 1 "A";
    .port_info 2 /INPUT 1 "B";
    .port_info 3 /INPUT 1 "C";
o0x7f6fe5ff04c8 .functor BUFZ 1, c4<z>; HiZ drive
o0x7f6fe5ff04f8 .functor BUFZ 1, c4<z>; HiZ drive
o0x7f6fe5ff0528 .functor BUFZ 1, c4<z>; HiZ drive
L_0x560d7a909ae0 .functor AND 1, o0x7f6fe5ff04c8, o0x7f6fe5ff04f8, o0x7f6fe5ff0528, C4<1>;
v0x560d7a0fe890_0 .net "A", 0 0, o0x7f6fe5ff04c8;  0 drivers
v0x560d7a0e7820_0 .net "B", 0 0, o0x7f6fe5ff04f8;  0 drivers
v0x560d7a0c8f20_0 .net "C", 0 0, o0x7f6fe5ff0528;  0 drivers
v0x560d7a0cc050_0 .net "X", 0 0, L_0x560d7a909ae0;  1 drivers
S_0x560d7a7842c0 .scope module, "sg13g2_hv_and3_2" "sg13g2_hv_and3_2" 3 263;
 .timescale -9 -11;
    .port_info 0 /OUTPUT 1 "X";
    .port_info 1 /INPUT 1 "A";
    .port_info 2 /INPUT 1 "B";
    .port_info 3 /INPUT 1 "C";
o0x7f6fe5ff0648 .functor BUFZ 1, c4<z>; HiZ drive
o0x7f6fe5ff0678 .functor BUFZ 1, c4<z>; HiZ drive
o0x7f6fe5ff06a8 .functor BUFZ 1, c4<z>; HiZ drive
L_0x560d7a909b50 .functor AND 1, o0x7f6fe5ff0648, o0x7f6fe5ff0678, o0x7f6fe5ff06a8, C4<1>;
v0x560d7a0cfb30_0 .net "A", 0 0, o0x7f6fe5ff0648;  0 drivers
v0x560d7a0cede0_0 .net "B", 0 0, o0x7f6fe5ff0678;  0 drivers
v0x560d7a0d2330_0 .net "C", 0 0, o0x7f6fe5ff06a8;  0 drivers
v0x560d7a0e4970_0 .net "X", 0 0, L_0x560d7a909b50;  1 drivers
S_0x560d7a783f00 .scope module, "sg13g2_hv_and4_1" "sg13g2_hv_and4_1" 3 287;
 .timescale -9 -11;
    .port_info 0 /OUTPUT 1 "X";
    .port_info 1 /INPUT 1 "A";
    .port_info 2 /INPUT 1 "B";
    .port_info 3 /INPUT 1 "C";
    .port_info 4 /INPUT 1 "D";
o0x7f6fe5ff07c8 .functor BUFZ 1, c4<z>; HiZ drive
o0x7f6fe5ff07f8 .functor BUFZ 1, c4<z>; HiZ drive
o0x7f6fe5ff0828 .functor BUFZ 1, c4<z>; HiZ drive
o0x7f6fe5ff0858 .functor BUFZ 1, c4<z>; HiZ drive
L_0x560d7a909bc0 .functor AND 1, o0x7f6fe5ff07c8, o0x7f6fe5ff07f8, o0x7f6fe5ff0828, o0x7f6fe5ff0858;
v0x560d7a0e5ca0_0 .net "A", 0 0, o0x7f6fe5ff07c8;  0 drivers
v0x560d7a0c9af0_0 .net "B", 0 0, o0x7f6fe5ff07f8;  0 drivers
v0x560d7a0bac80_0 .net "C", 0 0, o0x7f6fe5ff0828;  0 drivers
v0x560d7a0b9f30_0 .net "D", 0 0, o0x7f6fe5ff0858;  0 drivers
v0x560d7a0be4b0_0 .net "X", 0 0, L_0x560d7a909bc0;  1 drivers
S_0x560d7a783b40 .scope module, "sg13g2_hv_and4_2" "sg13g2_hv_and4_2" 3 311;
 .timescale -9 -11;
    .port_info 0 /OUTPUT 1 "X";
    .port_info 1 /INPUT 1 "A";
    .port_info 2 /INPUT 1 "B";
    .port_info 3 /INPUT 1 "C";
    .port_info 4 /INPUT 1 "D";
o0x7f6fe5ff09a8 .functor BUFZ 1, c4<z>; HiZ drive
o0x7f6fe5ff09d8 .functor BUFZ 1, c4<z>; HiZ drive
o0x7f6fe5ff0a08 .functor BUFZ 1, c4<z>; HiZ drive
o0x7f6fe5ff0a38 .functor BUFZ 1, c4<z>; HiZ drive
L_0x560d7a909c30 .functor AND 1, o0x7f6fe5ff09a8, o0x7f6fe5ff09d8, o0x7f6fe5ff0a08, o0x7f6fe5ff0a38;
v0x560d7a0bd760_0 .net "A", 0 0, o0x7f6fe5ff09a8;  0 drivers
v0x560d7a0c0d40_0 .net "B", 0 0, o0x7f6fe5ff09d8;  0 drivers
v0x560d7a0c3ca0_0 .net "C", 0 0, o0x7f6fe5ff0a08;  0 drivers
v0x560d7a0c70a0_0 .net "D", 0 0, o0x7f6fe5ff0a38;  0 drivers
v0x560d7a0ab830_0 .net "X", 0 0, L_0x560d7a909c30;  1 drivers
S_0x560d7a784680 .scope module, "sg13g2_hv_antennanp" "sg13g2_hv_antennanp" 3 335;
 .timescale -9 -11;
    .port_info 0 /INPUT 1 "A";
o0x7f6fe5ff0b88 .functor BUFZ 1, c4<z>; HiZ drive
v0x560d7a64c430_0 .net "A", 0 0, o0x7f6fe5ff0b88;  0 drivers
S_0x560d7a781cb0 .scope module, "sg13g2_hv_buf_16" "sg13g2_hv_buf_16" 3 377;
 .timescale -9 -11;
    .port_info 0 /OUTPUT 1 "X";
    .port_info 1 /INPUT 1 "A";
o0x7f6fe5ff0be8 .functor BUFZ 1, c4<z>; HiZ drive
L_0x560d7a909ca0 .functor BUF 1, o0x7f6fe5ff0be8, C4<0>, C4<0>, C4<0>;
v0x560d7a11f0f0_0 .net "A", 0 0, o0x7f6fe5ff0be8;  0 drivers
v0x560d7a0a5930_0 .net "X", 0 0, L_0x560d7a909ca0;  1 drivers
S_0x560d7a7818f0 .scope module, "sg13g2_hv_buf_2" "sg13g2_hv_buf_2" 3 401;
 .timescale -9 -11;
    .port_info 0 /OUTPUT 1 "X";
    .port_info 1 /INPUT 1 "A";
o0x7f6fe5ff0ca8 .functor BUFZ 1, c4<z>; HiZ drive
L_0x560d7a909d10 .functor BUF 1, o0x7f6fe5ff0ca8, C4<0>, C4<0>, C4<0>;
v0x560d7a0a9690_0 .net "A", 0 0, o0x7f6fe5ff0ca8;  0 drivers
v0x560d7a0a9360_0 .net "X", 0 0, L_0x560d7a909d10;  1 drivers
S_0x560d7a781530 .scope module, "sg13g2_hv_buf_4" "sg13g2_hv_buf_4" 3 425;
 .timescale -9 -11;
    .port_info 0 /OUTPUT 1 "X";
    .port_info 1 /INPUT 1 "A";
o0x7f6fe5ff0d68 .functor BUFZ 1, c4<z>; HiZ drive
L_0x560d7a909d80 .functor BUF 1, o0x7f6fe5ff0d68, C4<0>, C4<0>, C4<0>;
v0x560d7a0c0250_0 .net "A", 0 0, o0x7f6fe5ff0d68;  0 drivers
v0x560d7a0ab4c0_0 .net "X", 0 0, L_0x560d7a909d80;  1 drivers
S_0x560d7a782070 .scope module, "sg13g2_hv_buf_8" "sg13g2_hv_buf_8" 3 449;
 .timescale -9 -11;
    .port_info 0 /OUTPUT 1 "X";
    .port_info 1 /INPUT 1 "A";
o0x7f6fe5ff0e28 .functor BUFZ 1, c4<z>; HiZ drive
L_0x560d7a909df0 .functor BUF 1, o0x7f6fe5ff0e28, C4<0>, C4<0>, C4<0>;
v0x560d7a0a8b80_0 .net "A", 0 0, o0x7f6fe5ff0e28;  0 drivers
v0x560d7a0a3e20_0 .net "X", 0 0, L_0x560d7a909df0;  1 drivers
S_0x560d7a77f6a0 .scope module, "sg13g2_hv_decap_4" "sg13g2_hv_decap_4" 3 473;
 .timescale -9 -11;
S_0x560d7a77f2e0 .scope module, "sg13g2_hv_decap_8" "sg13g2_hv_decap_8" 3 490;
 .timescale -9 -11;
S_0x560d7a77ef20 .scope module, "sg13g2_hv_dfrbp_1" "sg13g2_hv_dfrbp_1" 3 507;
 .timescale -9 -11;
    .port_info 0 /OUTPUT 1 "Q";
    .port_info 1 /OUTPUT 1 "Q_N";
    .port_info 2 /INPUT 1 "CLK";
    .port_info 3 /INPUT 1 "D";
    .port_info 4 /INPUT 1 "RESET_B";
o0x7f6fe5ff0f18 .functor BUFZ 1, c4<z>; HiZ drive
L_0x560d7a909e60 .functor BUFZ 1, o0x7f6fe5ff0f18, C4<0>, C4<0>, C4<0>;
o0x7f6fe5ff0fa8 .functor BUFZ 1, c4<z>; HiZ drive
L_0x560d7a909ed0 .functor BUFZ 1, o0x7f6fe5ff0fa8, C4<0>, C4<0>, C4<0>;
o0x7f6fe5ff0ee8 .functor BUFZ 1, c4<z>; HiZ drive
L_0x560d7a909f40 .functor BUFZ 1, o0x7f6fe5ff0ee8, C4<0>, C4<0>, C4<0>;
L_0x560d7a909fb0 .functor NOT 1, L_0x560d7a909ed0, C4<0>, C4<0>, C4<0>;
L_0x7f6fe5f76018 .functor BUFT 1, C4<0>, C4<0>, C4<0>, C4<0>;
L_0x560d7a90a070 .functor BUF 1, L_0x7f6fe5f76018, C4<0>, C4<0>, C4<0>;
UDP_ihp_dff_r .udp/sequ "ihp_dff_r", 5, 2
 ,"?*????x"
 ,"????1?0"
 ,"0?b?N?-"
 ,"0?x0N?-"
 ,"????f?-"
 ,"????F?-"
 ,"0???Q?-"
 ,"??R0?00"
 ,"??R1001"
 ,"0?R0?10"
 ,"1?R1011"
 ,"??R??x-"
 ,"0?q0??-"
 ,"1?q10?-"
 ,"??F0??-"
 ,"??F10?-"
 ,"??F?0x-"
 ,"??r0??0"
 ,"??r10?1"
 ,"??f???-"
 ,"??b*??-"
 ,"?????*-";
L_0x560d7a90a0e0 .udp UDP_ihp_dff_r, v0x560d7a65a100_0, L_0x560d7a909f40, L_0x560d7a909e60, L_0x560d7a909fb0, L_0x560d7a90a070;
L_0x560d7a91a2d0 .functor BUF 1, L_0x560d7a90a0e0, C4<0>, C4<0>, C4<0>;
L_0x560d7a91a390 .functor NOT 1, L_0x560d7a90a0e0, C4<0>, C4<0>, C4<0>;
L_0x560d7a91a450 .functor BUF 1, L_0x560d7a91a390, C4<0>, C4<0>, C4<0>;
v0x560d7a63a110_0 .net "CLK", 0 0, o0x7f6fe5ff0ee8;  0 drivers
v0x560d7a63c9c0_0 .net "D", 0 0, o0x7f6fe5ff0f18;  0 drivers
v0x560d7a63f320_0 .net "Q", 0 0, L_0x560d7a91a2d0;  1 drivers
v0x560d7a641c80_0 .net "Q_N", 0 0, L_0x560d7a91a450;  1 drivers
v0x560d7a6445e0_0 .net "RESET_B", 0 0, o0x7f6fe5ff0fa8;  0 drivers
v0x560d7a646f40_0 .net/2s *"_ivl_8", 0 0, L_0x7f6fe5f76018;  1 drivers
v0x560d7a6498a0_0 .net "delayed_CLK", 0 0, L_0x560d7a909f40;  1 drivers
v0x560d7a64e100_0 .net "delayed_D", 0 0, L_0x560d7a909e60;  1 drivers
v0x560d7a650770_0 .net "delayed_RESET_B", 0 0, L_0x560d7a909ed0;  1 drivers
v0x560d7a652de0_0 .net "int_fwire_IQ", 0 0, L_0x560d7a90a0e0;  1 drivers
v0x560d7a655450_0 .net "int_fwire_IQN", 0 0, L_0x560d7a91a390;  1 drivers
v0x560d7a657ac0_0 .net "int_fwire_r", 0 0, L_0x560d7a909fb0;  1 drivers
v0x560d7a65a100_0 .var "notifier", 0 0;
v0x560d7a65c740_0 .net "xcr_0", 0 0, L_0x560d7a90a070;  1 drivers
S_0x560d7a77fa60 .scope module, "sg13g2_hv_dfrbp_2" "sg13g2_hv_dfrbp_2" 3 544;
 .timescale -9 -11;
    .port_info 0 /OUTPUT 1 "Q";
    .port_info 1 /OUTPUT 1 "Q_N";
    .port_info 2 /INPUT 1 "CLK";
    .port_info 3 /INPUT 1 "D";
    .port_info 4 /INPUT 1 "RESET_B";
o0x7f6fe5ff12a8 .functor BUFZ 1, c4<z>; HiZ drive
L_0x560d7a91a510 .functor BUFZ 1, o0x7f6fe5ff12a8, C4<0>, C4<0>, C4<0>;
o0x7f6fe5ff1338 .functor BUFZ 1, c4<z>; HiZ drive
L_0x560d7a91a580 .functor BUFZ 1, o0x7f6fe5ff1338, C4<0>, C4<0>, C4<0>;
o0x7f6fe5ff1278 .functor BUFZ 1, c4<z>; HiZ drive
L_0x560d7a91a5f0 .functor BUFZ 1, o0x7f6fe5ff1278, C4<0>, C4<0>, C4<0>;
L_0x560d7a91a660 .functor NOT 1, L_0x560d7a91a580, C4<0>, C4<0>, C4<0>;
L_0x7f6fe5f76060 .functor BUFT 1, C4<0>, C4<0>, C4<0>, C4<0>;
L_0x560d7a91a720 .functor BUF 1, L_0x7f6fe5f76060, C4<0>, C4<0>, C4<0>;
L_0x560d7a91a7e0 .udp UDP_ihp_dff_r, v0x560d7a67b430_0, L_0x560d7a91a5f0, L_0x560d7a91a510, L_0x560d7a91a660, L_0x560d7a91a720;
L_0x560d7a91a990 .functor BUF 1, L_0x560d7a91a7e0, C4<0>, C4<0>, C4<0>;
L_0x560d7a91aa50 .functor NOT 1, L_0x560d7a91a7e0, C4<0>, C4<0>, C4<0>;
L_0x560d7a91ab10 .functor BUF 1, L_0x560d7a91aa50, C4<0>, C4<0>, C4<0>;
v0x560d7a65ed50_0 .net "CLK", 0 0, o0x7f6fe5ff1278;  0 drivers
v0x560d7a661390_0 .net "D", 0 0, o0x7f6fe5ff12a8;  0 drivers
v0x560d7a6639d0_0 .net "Q", 0 0, L_0x560d7a91a990;  1 drivers
v0x560d7a665fe0_0 .net "Q_N", 0 0, L_0x560d7a91ab10;  1 drivers
v0x560d7a6685f0_0 .net "RESET_B", 0 0, o0x7f6fe5ff1338;  0 drivers
v0x560d7a66ac00_0 .net/2s *"_ivl_8", 0 0, L_0x7f6fe5f76060;  1 drivers
v0x560d7a66d210_0 .net "delayed_CLK", 0 0, L_0x560d7a91a5f0;  1 drivers
v0x560d7a66f7c0_0 .net "delayed_D", 0 0, L_0x560d7a91a510;  1 drivers
v0x560d7a671d70_0 .net "delayed_RESET_B", 0 0, L_0x560d7a91a580;  1 drivers
v0x560d7a674320_0 .net "int_fwire_IQ", 0 0, L_0x560d7a91a7e0;  1 drivers
v0x560d7a6768d0_0 .net "int_fwire_IQN", 0 0, L_0x560d7a91aa50;  1 drivers
v0x560d7a678e80_0 .net "int_fwire_r", 0 0, L_0x560d7a91a660;  1 drivers
v0x560d7a67b430_0 .var "notifier", 0 0;
v0x560d7a67d9e0_0 .net "xcr_0", 0 0, L_0x560d7a91a720;  1 drivers
S_0x560d7a77d090 .scope module, "sg13g2_hv_dfrbpq_1" "sg13g2_hv_dfrbpq_1" 3 581;
 .timescale -9 -11;
    .port_info 0 /OUTPUT 1 "Q";
    .port_info 1 /INPUT 1 "CLK";
    .port_info 2 /INPUT 1 "D";
    .port_info 3 /INPUT 1 "RESET_B";
o0x7f6fe5ff1638 .functor BUFZ 1, c4<z>; HiZ drive
L_0x560d7a91abd0 .functor BUFZ 1, o0x7f6fe5ff1638, C4<0>, C4<0>, C4<0>;
o0x7f6fe5ff1698 .functor BUFZ 1, c4<z>; HiZ drive
L_0x560d7a91ac40 .functor BUFZ 1, o0x7f6fe5ff1698, C4<0>, C4<0>, C4<0>;
o0x7f6fe5ff1608 .functor BUFZ 1, c4<z>; HiZ drive
L_0x560d7a91acb0 .functor BUFZ 1, o0x7f6fe5ff1608, C4<0>, C4<0>, C4<0>;
L_0x560d7a91ad20 .functor NOT 1, L_0x560d7a91ac40, C4<0>, C4<0>, C4<0>;
L_0x7f6fe5f760a8 .functor BUFT 1, C4<0>, C4<0>, C4<0>, C4<0>;
L_0x560d7a91ade0 .functor BUF 1, L_0x7f6fe5f760a8, C4<0>, C4<0>, C4<0>;
L_0x560d7a91aea0 .udp UDP_ihp_dff_r, v0x560d7a699840_0, L_0x560d7a91acb0, L_0x560d7a91abd0, L_0x560d7a91ad20, L_0x560d7a91ade0;
L_0x560d7a91b050 .functor BUF 1, L_0x560d7a91aea0, C4<0>, C4<0>, C4<0>;
v0x560d7a67ffc0_0 .net "CLK", 0 0, o0x7f6fe5ff1608;  0 drivers
v0x560d7a6825a0_0 .net "D", 0 0, o0x7f6fe5ff1638;  0 drivers
v0x560d7a684b80_0 .net "Q", 0 0, L_0x560d7a91b050;  1 drivers
v0x560d7a687160_0 .net "RESET_B", 0 0, o0x7f6fe5ff1698;  0 drivers
v0x560d7a689740_0 .net/2s *"_ivl_8", 0 0, L_0x7f6fe5f760a8;  1 drivers
v0x560d7a68bd20_0 .net "delayed_CLK", 0 0, L_0x560d7a91acb0;  1 drivers
v0x560d7a68e330_0 .net "delayed_D", 0 0, L_0x560d7a91abd0;  1 drivers
v0x560d7a6910e0_0 .net "delayed_RESET_B", 0 0, L_0x560d7a91ac40;  1 drivers
v0x560d7a693e00_0 .net "int_fwire_IQ", 0 0, L_0x560d7a91aea0;  1 drivers
v0x560d7a696b20_0 .net "int_fwire_r", 0 0, L_0x560d7a91ad20;  1 drivers
v0x560d7a699840_0 .var "notifier", 0 0;
v0x560d7a69c560_0 .net "xcr_0", 0 0, L_0x560d7a91ade0;  1 drivers
S_0x560d7a77ccd0 .scope module, "sg13g2_hv_dfrbpq_2" "sg13g2_hv_dfrbpq_2" 3 615;
 .timescale -9 -11;
    .port_info 0 /OUTPUT 1 "Q";
    .port_info 1 /INPUT 1 "CLK";
    .port_info 2 /INPUT 1 "D";
    .port_info 3 /INPUT 1 "RESET_B";
o0x7f6fe5ff1938 .functor BUFZ 1, c4<z>; HiZ drive
L_0x560d7a91b110 .functor BUFZ 1, o0x7f6fe5ff1938, C4<0>, C4<0>, C4<0>;
o0x7f6fe5ff1998 .functor BUFZ 1, c4<z>; HiZ drive
L_0x560d7a91b180 .functor BUFZ 1, o0x7f6fe5ff1998, C4<0>, C4<0>, C4<0>;
o0x7f6fe5ff1908 .functor BUFZ 1, c4<z>; HiZ drive
L_0x560d7a91b1f0 .functor BUFZ 1, o0x7f6fe5ff1908, C4<0>, C4<0>, C4<0>;
L_0x560d7a91b260 .functor NOT 1, L_0x560d7a91b180, C4<0>, C4<0>, C4<0>;
L_0x7f6fe5f760f0 .functor BUFT 1, C4<0>, C4<0>, C4<0>, C4<0>;
L_0x560d7a91b320 .functor BUF 1, L_0x7f6fe5f760f0, C4<0>, C4<0>, C4<0>;
L_0x560d7a91b3e0 .udp UDP_ihp_dff_r, v0x560d7a6b6510_0, L_0x560d7a91b1f0, L_0x560d7a91b110, L_0x560d7a91b260, L_0x560d7a91b320;
L_0x560d7a91b590 .functor BUF 1, L_0x560d7a91b3e0, C4<0>, C4<0>, C4<0>;
v0x560d7a69eab0_0 .net "CLK", 0 0, o0x7f6fe5ff1908;  0 drivers
v0x560d7a6a1090_0 .net "D", 0 0, o0x7f6fe5ff1938;  0 drivers
v0x560d7a6a3670_0 .net "Q", 0 0, L_0x560d7a91b590;  1 drivers
v0x560d7a6a5c50_0 .net "RESET_B", 0 0, o0x7f6fe5ff1998;  0 drivers
v0x560d7a6a8230_0 .net/2s *"_ivl_8", 0 0, L_0x7f6fe5f760f0;  1 drivers
v0x560d7a6aa810_0 .net "delayed_CLK", 0 0, L_0x560d7a91b1f0;  1 drivers
v0x560d7a6acdf0_0 .net "delayed_D", 0 0, L_0x560d7a91b110;  1 drivers
v0x560d7a6af3d0_0 .net "delayed_RESET_B", 0 0, L_0x560d7a91b180;  1 drivers
v0x560d7a6b19b0_0 .net "int_fwire_IQ", 0 0, L_0x560d7a91b3e0;  1 drivers
v0x560d7a6b3f60_0 .net "int_fwire_r", 0 0, L_0x560d7a91b260;  1 drivers
v0x560d7a6b6510_0 .var "notifier", 0 0;
v0x560d7a6b8ac0_0 .net "xcr_0", 0 0, L_0x560d7a91b320;  1 drivers
S_0x560d7a77c910 .scope module, "sg13g2_hv_dlhq_1" "sg13g2_hv_dlhq_1" 3 649;
 .timescale -9 -11;
    .port_info 0 /OUTPUT 1 "Q";
    .port_info 1 /INPUT 1 "D";
    .port_info 2 /INPUT 1 "GATE";
o0x7f6fe5ff1c08 .functor BUFZ 1, c4<z>; HiZ drive
L_0x560d7a91b650 .functor BUFZ 1, o0x7f6fe5ff1c08, C4<0>, C4<0>, C4<0>;
o0x7f6fe5ff1c38 .functor BUFZ 1, c4<z>; HiZ drive
L_0x560d7a91b6c0 .functor BUFZ 1, o0x7f6fe5ff1c38, C4<0>, C4<0>, C4<0>;
UDP_ihp_latch .udp/sequ "ihp_latch", 3, 2
 ,"?*??x"
 ,"??100"
 ,"??111"
 ,"0?x0-"
 ,"1?x1-"
 ,"??0?-";
L_0x560d7a91b730 .udp UDP_ihp_latch, v0x560d7a6c9290_0, L_0x560d7a91b6c0, L_0x560d7a91b650;
L_0x560d7a91b8d0 .functor BUF 1, L_0x560d7a91b730, C4<0>, C4<0>, C4<0>;
v0x560d7a6bb070_0 .net "D", 0 0, o0x7f6fe5ff1c08;  0 drivers
v0x560d7a6bd620_0 .net "GATE", 0 0, o0x7f6fe5ff1c38;  0 drivers
v0x560d7a6bfbd0_0 .net "Q", 0 0, L_0x560d7a91b8d0;  1 drivers
v0x560d7a6c2180_0 .net "delayed_D", 0 0, L_0x560d7a91b650;  1 drivers
v0x560d7a6c4730_0 .net "delayed_GATE", 0 0, L_0x560d7a91b6c0;  1 drivers
v0x560d7a6c6ce0_0 .net "int_fwire_IQ", 0 0, L_0x560d7a91b730;  1 drivers
v0x560d7a6c9290_0 .var "notifier", 0 0;
S_0x560d7a77d450 .scope module, "sg13g2_hv_dlhr_1" "sg13g2_hv_dlhr_1" 3 681;
 .timescale -9 -11;
    .port_info 0 /OUTPUT 1 "Q";
    .port_info 1 /OUTPUT 1 "Q_N";
    .port_info 2 /INPUT 1 "D";
    .port_info 3 /INPUT 1 "GATE";
    .port_info 4 /INPUT 1 "RESET_B";
o0x7f6fe5ff1de8 .functor BUFZ 1, c4<z>; HiZ drive
L_0x560d7a91b990 .functor BUFZ 1, o0x7f6fe5ff1de8, C4<0>, C4<0>, C4<0>;
o0x7f6fe5ff1ea8 .functor BUFZ 1, c4<z>; HiZ drive
L_0x560d7a91ba00 .functor BUFZ 1, o0x7f6fe5ff1ea8, C4<0>, C4<0>, C4<0>;
o0x7f6fe5ff1e18 .functor BUFZ 1, c4<z>; HiZ drive
L_0x560d7a91ba70 .functor BUFZ 1, o0x7f6fe5ff1e18, C4<0>, C4<0>, C4<0>;
L_0x560d7a91bae0 .functor NOT 1, L_0x560d7a91ba00, C4<0>, C4<0>, C4<0>;
UDP_ihp_latch_r .udp/sequ "ihp_latch_r", 4, 2
 ,"?*???x"
 ,"????10"
 ,"??0?0-"
 ,"0?0?x-"
 ,"??1000"
 ,"??10x0"
 ,"??1101"
 ,"0?x00-"
 ,"0?x0x-"
 ,"1?x10-";
L_0x560d7a91bba0 .udp UDP_ihp_latch_r, v0x560d7a6e56d0_0, L_0x560d7a91ba70, L_0x560d7a91b990, L_0x560d7a91bae0;
L_0x560d7a91bdb0 .functor BUF 1, L_0x560d7a91bba0, C4<0>, C4<0>, C4<0>;
L_0x560d7a91be70 .functor NOT 1, L_0x560d7a91bba0, C4<0>, C4<0>, C4<0>;
L_0x560d7a91bee0 .functor BUF 1, L_0x560d7a91be70, C4<0>, C4<0>, C4<0>;
v0x560d7a6cb840_0 .net "D", 0 0, o0x7f6fe5ff1de8;  0 drivers
v0x560d7a6cddf0_0 .net "GATE", 0 0, o0x7f6fe5ff1e18;  0 drivers
v0x560d7a6d03a0_0 .net "Q", 0 0, L_0x560d7a91bdb0;  1 drivers
v0x560d7a6d2950_0 .net "Q_N", 0 0, L_0x560d7a91bee0;  1 drivers
v0x560d7a6d4f00_0 .net "RESET_B", 0 0, o0x7f6fe5ff1ea8;  0 drivers
v0x560d7a6d74b0_0 .net "delayed_D", 0 0, L_0x560d7a91b990;  1 drivers
v0x560d7a6d9a60_0 .net "delayed_GATE", 0 0, L_0x560d7a91ba70;  1 drivers
v0x560d7a6dc010_0 .net "delayed_RESET_B", 0 0, L_0x560d7a91ba00;  1 drivers
v0x560d7a6de5c0_0 .net "int_fwire_IQ", 0 0, L_0x560d7a91bba0;  1 drivers
v0x560d7a6e0b70_0 .net "int_fwire_IQN", 0 0, L_0x560d7a91be70;  1 drivers
v0x560d7a6e3120_0 .net "int_fwire_r", 0 0, L_0x560d7a91bae0;  1 drivers
v0x560d7a6e56d0_0 .var "notifier", 0 0;
S_0x560d7a77aae0 .scope module, "sg13g2_hv_dlhrq_1" "sg13g2_hv_dlhrq_1" 3 718;
 .timescale -9 -11;
    .port_info 0 /OUTPUT 1 "Q";
    .port_info 1 /INPUT 1 "D";
    .port_info 2 /INPUT 1 "GATE";
    .port_info 3 /INPUT 1 "RESET_B";
o0x7f6fe5ff2118 .functor BUFZ 1, c4<z>; HiZ drive
L_0x560d7a91bff0 .functor BUFZ 1, o0x7f6fe5ff2118, C4<0>, C4<0>, C4<0>;
o0x7f6fe5ff21a8 .functor BUFZ 1, c4<z>; HiZ drive
L_0x560d7a91c060 .functor BUFZ 1, o0x7f6fe5ff21a8, C4<0>, C4<0>, C4<0>;
o0x7f6fe5ff2148 .functor BUFZ 1, c4<z>; HiZ drive
L_0x560d7a91c0d0 .functor BUFZ 1, o0x7f6fe5ff2148, C4<0>, C4<0>, C4<0>;
L_0x560d7a91c140 .functor NOT 1, L_0x560d7a91c060, C4<0>, C4<0>, C4<0>;
L_0x560d7a91c200 .udp UDP_ihp_latch_r, v0x560d7a6fcfb0_0, L_0x560d7a91c0d0, L_0x560d7a91bff0, L_0x560d7a91c140;
L_0x560d7a91c360 .functor BUF 1, L_0x560d7a91c200, C4<0>, C4<0>, C4<0>;
v0x560d7a6e7c80_0 .net "D", 0 0, o0x7f6fe5ff2118;  0 drivers
v0x560d7a6ea230_0 .net "GATE", 0 0, o0x7f6fe5ff2148;  0 drivers
v0x560d7a6ec7e0_0 .net "Q", 0 0, L_0x560d7a91c360;  1 drivers
v0x560d7a6eed90_0 .net "RESET_B", 0 0, o0x7f6fe5ff21a8;  0 drivers
v0x560d7a6f1340_0 .net "delayed_D", 0 0, L_0x560d7a91bff0;  1 drivers
v0x560d7a6f38f0_0 .net "delayed_GATE", 0 0, L_0x560d7a91c0d0;  1 drivers
v0x560d7a6f5ea0_0 .net "delayed_RESET_B", 0 0, L_0x560d7a91c060;  1 drivers
v0x560d7a6f8450_0 .net "int_fwire_IQ", 0 0, L_0x560d7a91c200;  1 drivers
v0x560d7a6faa00_0 .net "int_fwire_r", 0 0, L_0x560d7a91c140;  1 drivers
v0x560d7a6fcfb0_0 .var "notifier", 0 0;
S_0x560d7a77a720 .scope module, "sg13g2_hv_dllr_1" "sg13g2_hv_dllr_1" 3 753;
 .timescale -9 -11;
    .port_info 0 /OUTPUT 1 "Q";
    .port_info 1 /OUTPUT 1 "Q_N";
    .port_info 2 /INPUT 1 "D";
    .port_info 3 /INPUT 1 "GATE_N";
    .port_info 4 /INPUT 1 "RESET_B";
o0x7f6fe5ff23b8 .functor BUFZ 1, c4<z>; HiZ drive
L_0x560d7a91c460 .functor BUFZ 1, o0x7f6fe5ff23b8, C4<0>, C4<0>, C4<0>;
o0x7f6fe5ff2478 .functor BUFZ 1, c4<z>; HiZ drive
L_0x560d7a91c4d0 .functor BUFZ 1, o0x7f6fe5ff2478, C4<0>, C4<0>, C4<0>;
o0x7f6fe5ff23e8 .functor BUFZ 1, c4<z>; HiZ drive
L_0x560d7a91c540 .functor BUFZ 1, o0x7f6fe5ff23e8, C4<0>, C4<0>, C4<0>;
L_0x560d7a91c5b0 .functor NOT 1, L_0x560d7a91c540, C4<0>, C4<0>, C4<0>;
L_0x560d7a91c670 .functor NOT 1, L_0x560d7a91c4d0, C4<0>, C4<0>, C4<0>;
L_0x560d7a91c730 .udp UDP_ihp_latch_r, v0x560d7a71b9a0_0, L_0x560d7a91c5b0, L_0x560d7a91c460, L_0x560d7a91c670;
L_0x560d7a91c8d0 .functor BUF 1, L_0x560d7a91c730, C4<0>, C4<0>, C4<0>;
L_0x560d7a91c990 .functor NOT 1, L_0x560d7a91c730, C4<0>, C4<0>, C4<0>;
L_0x560d7a91ca50 .functor BUF 1, L_0x560d7a91c990, C4<0>, C4<0>, C4<0>;
v0x560d7a6ff560_0 .net "D", 0 0, o0x7f6fe5ff23b8;  0 drivers
v0x560d7a701b10_0 .net "GATE_N", 0 0, o0x7f6fe5ff23e8;  0 drivers
v0x560d7a7040c0_0 .net "Q", 0 0, L_0x560d7a91c8d0;  1 drivers
v0x560d7a706670_0 .net "Q_N", 0 0, L_0x560d7a91ca50;  1 drivers
v0x560d7a708c20_0 .net "RESET_B", 0 0, o0x7f6fe5ff2478;  0 drivers
v0x560d7a70b1d0_0 .net "delayed_D", 0 0, L_0x560d7a91c460;  1 drivers
v0x560d7a70d780_0 .net "delayed_GATE_N", 0 0, L_0x560d7a91c540;  1 drivers
v0x560d7a70fd30_0 .net "delayed_RESET_B", 0 0, L_0x560d7a91c4d0;  1 drivers
v0x560d7a7122e0_0 .net "int_fwire_IQ", 0 0, L_0x560d7a91c730;  1 drivers
v0x560d7a714890_0 .net "int_fwire_IQN", 0 0, L_0x560d7a91c990;  1 drivers
v0x560d7a716e40_0 .net "int_fwire_clk", 0 0, L_0x560d7a91c5b0;  1 drivers
v0x560d7a7193f0_0 .net "int_fwire_r", 0 0, L_0x560d7a91c670;  1 drivers
v0x560d7a71b9a0_0 .var "notifier", 0 0;
S_0x560d7a77a360 .scope module, "sg13g2_hv_dllrq_1" "sg13g2_hv_dllrq_1" 3 792;
 .timescale -9 -11;
    .port_info 0 /OUTPUT 1 "Q";
    .port_info 1 /INPUT 1 "D";
    .port_info 2 /INPUT 1 "GATE_N";
    .port_info 3 /INPUT 1 "RESET_B";
o0x7f6fe5ff2718 .functor BUFZ 1, c4<z>; HiZ drive
L_0x560d7a91cb10 .functor BUFZ 1, o0x7f6fe5ff2718, C4<0>, C4<0>, C4<0>;
o0x7f6fe5ff27a8 .functor BUFZ 1, c4<z>; HiZ drive
L_0x560d7a91cb80 .functor BUFZ 1, o0x7f6fe5ff27a8, C4<0>, C4<0>, C4<0>;
o0x7f6fe5ff2748 .functor BUFZ 1, c4<z>; HiZ drive
L_0x560d7a91cbf0 .functor BUFZ 1, o0x7f6fe5ff2748, C4<0>, C4<0>, C4<0>;
L_0x560d7a91cc60 .functor NOT 1, L_0x560d7a91cbf0, C4<0>, C4<0>, C4<0>;
L_0x560d7a91cd20 .functor NOT 1, L_0x560d7a91cb80, C4<0>, C4<0>, C4<0>;
L_0x560d7a91cde0 .udp UDP_ihp_latch_r, v0x560d7a735830_0, L_0x560d7a91cc60, L_0x560d7a91cb10, L_0x560d7a91cd20;
L_0x560d7a91cf80 .functor BUF 1, L_0x560d7a91cde0, C4<0>, C4<0>, C4<0>;
v0x560d7a71df50_0 .net "D", 0 0, o0x7f6fe5ff2718;  0 drivers
v0x560d7a720500_0 .net "GATE_N", 0 0, o0x7f6fe5ff2748;  0 drivers
v0x560d7a722ab0_0 .net "Q", 0 0, L_0x560d7a91cf80;  1 drivers
v0x560d7a725060_0 .net "RESET_B", 0 0, o0x7f6fe5ff27a8;  0 drivers
v0x560d7a727610_0 .net "delayed_D", 0 0, L_0x560d7a91cb10;  1 drivers
v0x560d7a729bc0_0 .net "delayed_GATE_N", 0 0, L_0x560d7a91cbf0;  1 drivers
v0x560d7a72c170_0 .net "delayed_RESET_B", 0 0, L_0x560d7a91cb80;  1 drivers
v0x560d7a72e720_0 .net "int_fwire_IQ", 0 0, L_0x560d7a91cde0;  1 drivers
v0x560d7a730cd0_0 .net "int_fwire_clk", 0 0, L_0x560d7a91cc60;  1 drivers
v0x560d7a733280_0 .net "int_fwire_r", 0 0, L_0x560d7a91cd20;  1 drivers
v0x560d7a735830_0 .var "notifier", 0 0;
S_0x560d7a77aea0 .scope module, "sg13g2_hv_dlygate4sd1_1" "sg13g2_hv_dlygate4sd1_1" 3 828;
 .timescale -9 -11;
    .port_info 0 /OUTPUT 1 "X";
    .port_info 1 /INPUT 1 "A";
o0x7f6fe5ff29e8 .functor BUFZ 1, c4<z>; HiZ drive
L_0x560d7a91d040 .functor BUF 1, o0x7f6fe5ff29e8, C4<0>, C4<0>, C4<0>;
v0x560d7a737de0_0 .net "A", 0 0, o0x7f6fe5ff29e8;  0 drivers
v0x560d7a73a390_0 .net "X", 0 0, L_0x560d7a91d040;  1 drivers
S_0x560d7a778530 .scope module, "sg13g2_hv_dlygate4sd2_1" "sg13g2_hv_dlygate4sd2_1" 3 853;
 .timescale -9 -11;
    .port_info 0 /OUTPUT 1 "X";
    .port_info 1 /INPUT 1 "A";
o0x7f6fe5ff2aa8 .functor BUFZ 1, c4<z>; HiZ drive
L_0x560d7a91d0b0 .functor BUF 1, o0x7f6fe5ff2aa8, C4<0>, C4<0>, C4<0>;
v0x560d7a73c940_0 .net "A", 0 0, o0x7f6fe5ff2aa8;  0 drivers
v0x560d7a73eef0_0 .net "X", 0 0, L_0x560d7a91d0b0;  1 drivers
S_0x560d7a778170 .scope module, "sg13g2_hv_dlygate4sd3_1" "sg13g2_hv_dlygate4sd3_1" 3 878;
 .timescale -9 -11;
    .port_info 0 /OUTPUT 1 "X";
    .port_info 1 /INPUT 1 "A";
o0x7f6fe5ff2b68 .functor BUFZ 1, c4<z>; HiZ drive
L_0x560d7a91d120 .functor BUF 1, o0x7f6fe5ff2b68, C4<0>, C4<0>, C4<0>;
v0x560d7a7414a0_0 .net "A", 0 0, o0x7f6fe5ff2b68;  0 drivers
v0x560d7a743a50_0 .net "X", 0 0, L_0x560d7a91d120;  1 drivers
S_0x560d7a777db0 .scope module, "sg13g2_hv_ebufn_2" "sg13g2_hv_ebufn_2" 3 903;
 .timescale -9 -11;
    .port_info 0 /OUTPUT 1 "Z";
    .port_info 1 /INPUT 1 "A";
    .port_info 2 /INPUT 1 "TE_B";
o0x7f6fe5ff2c28 .functor BUFZ 1, c4<z>; HiZ drive
o0x7f6fe5ff2c58 .functor BUFZ 1, c4<z>; HiZ drive
L_0x560d7a91d190 .functor BUFIF0 1, o0x7f6fe5ff2c28, o0x7f6fe5ff2c58, C4<0>, C4<0>;
v0x560d7a746000_0 .net "A", 0 0, o0x7f6fe5ff2c28;  0 drivers
v0x560d7a7485b0_0 .net "TE_B", 0 0, o0x7f6fe5ff2c58;  0 drivers
v0x560d7a74ab60_0 .net8 "Z", 0 0, L_0x560d7a91d190;  1 drivers, strength-aware
S_0x560d7a7788f0 .scope module, "sg13g2_hv_ebufn_4" "sg13g2_hv_ebufn_4" 3 928;
 .timescale -9 -11;
    .port_info 0 /OUTPUT 1 "Z";
    .port_info 1 /INPUT 1 "A";
    .port_info 2 /INPUT 1 "TE_B";
o0x7f6fe5ff2d48 .functor BUFZ 1, c4<z>; HiZ drive
o0x7f6fe5ff2d78 .functor BUFZ 1, c4<z>; HiZ drive
L_0x560d7a91d200 .functor BUFIF0 1, o0x7f6fe5ff2d48, o0x7f6fe5ff2d78, C4<0>, C4<0>;
v0x560d7a74d110_0 .net "A", 0 0, o0x7f6fe5ff2d48;  0 drivers
v0x560d7a74f6c0_0 .net "TE_B", 0 0, o0x7f6fe5ff2d78;  0 drivers
v0x560d7a751c70_0 .net8 "Z", 0 0, L_0x560d7a91d200;  1 drivers, strength-aware
S_0x560d7a775f80 .scope module, "sg13g2_hv_ebufn_8" "sg13g2_hv_ebufn_8" 3 953;
 .timescale -9 -11;
    .port_info 0 /OUTPUT 1 "Z";
    .port_info 1 /INPUT 1 "A";
    .port_info 2 /INPUT 1 "TE_B";
o0x7f6fe5ff2e68 .functor BUFZ 1, c4<z>; HiZ drive
o0x7f6fe5ff2e98 .functor BUFZ 1, c4<z>; HiZ drive
L_0x560d7a91d270 .functor BUFIF0 1, o0x7f6fe5ff2e68, o0x7f6fe5ff2e98, C4<0>, C4<0>;
v0x560d7a754220_0 .net "A", 0 0, o0x7f6fe5ff2e68;  0 drivers
v0x560d7a7567d0_0 .net "TE_B", 0 0, o0x7f6fe5ff2e98;  0 drivers
v0x560d7a758d80_0 .net8 "Z", 0 0, L_0x560d7a91d270;  1 drivers, strength-aware
S_0x560d7a775bc0 .scope module, "sg13g2_hv_einvn_2" "sg13g2_hv_einvn_2" 3 978;
 .timescale -9 -11;
    .port_info 0 /OUTPUT 1 "Z";
    .port_info 1 /INPUT 1 "A";
    .port_info 2 /INPUT 1 "TE_B";
o0x7f6fe5ff2f88 .functor BUFZ 1, c4<z>; HiZ drive
o0x7f6fe5ff2fb8 .functor BUFZ 1, c4<z>; HiZ drive
L_0x560d7a91d2e0 .functor NOTIF0 1, o0x7f6fe5ff2f88, o0x7f6fe5ff2fb8, C4<0>, C4<0>;
v0x560d7a75b330_0 .net "A", 0 0, o0x7f6fe5ff2f88;  0 drivers
v0x560d7a75d8e0_0 .net "TE_B", 0 0, o0x7f6fe5ff2fb8;  0 drivers
v0x560d7a75fe90_0 .net "Z", 0 0, L_0x560d7a91d2e0;  1 drivers
S_0x560d7a775800 .scope module, "sg13g2_hv_einvn_4" "sg13g2_hv_einvn_4" 3 1003;
 .timescale -9 -11;
    .port_info 0 /OUTPUT 1 "Z";
    .port_info 1 /INPUT 1 "A";
    .port_info 2 /INPUT 1 "TE_B";
o0x7f6fe5ff30a8 .functor BUFZ 1, c4<z>; HiZ drive
o0x7f6fe5ff30d8 .functor BUFZ 1, c4<z>; HiZ drive
L_0x560d7a91d350 .functor NOTIF0 1, o0x7f6fe5ff30a8, o0x7f6fe5ff30d8, C4<0>, C4<0>;
v0x560d7a762440_0 .net "A", 0 0, o0x7f6fe5ff30a8;  0 drivers
v0x560d7a7649f0_0 .net "TE_B", 0 0, o0x7f6fe5ff30d8;  0 drivers
v0x560d7a766fa0_0 .net "Z", 0 0, L_0x560d7a91d350;  1 drivers
S_0x560d7a776340 .scope module, "sg13g2_hv_einvn_8" "sg13g2_hv_einvn_8" 3 1028;
 .timescale -9 -11;
    .port_info 0 /OUTPUT 1 "Z";
    .port_info 1 /INPUT 1 "A";
    .port_info 2 /INPUT 1 "TE_B";
o0x7f6fe5ff31c8 .functor BUFZ 1, c4<z>; HiZ drive
o0x7f6fe5ff31f8 .functor BUFZ 1, c4<z>; HiZ drive
L_0x560d7a91d3c0 .functor NOTIF0 1, o0x7f6fe5ff31c8, o0x7f6fe5ff31f8, C4<0>, C4<0>;
v0x560d7a769550_0 .net "A", 0 0, o0x7f6fe5ff31c8;  0 drivers
v0x560d7a76bb00_0 .net "TE_B", 0 0, o0x7f6fe5ff31f8;  0 drivers
v0x560d7a76e0b0_0 .net "Z", 0 0, L_0x560d7a91d3c0;  1 drivers
S_0x560d7a7739d0 .scope module, "sg13g2_hv_fill_1" "sg13g2_hv_fill_1" 3 1053;
 .timescale -9 -11;
S_0x560d7a773610 .scope module, "sg13g2_hv_fill_2" "sg13g2_hv_fill_2" 3 1071;
 .timescale -9 -11;
S_0x560d7a773250 .scope module, "sg13g2_hv_fill_4" "sg13g2_hv_fill_4" 3 1089;
 .timescale -9 -11;
S_0x560d7a773d90 .scope module, "sg13g2_hv_fill_8" "sg13g2_hv_fill_8" 3 1107;
 .timescale -9 -11;
S_0x560d7a771420 .scope module, "sg13g2_hv_inv_16" "sg13g2_hv_inv_16" 3 1150;
 .timescale -9 -11;
    .port_info 0 /OUTPUT 1 "Y";
    .port_info 1 /INPUT 1 "A";
o0x7f6fe5ff32e8 .functor BUFZ 1, c4<z>; HiZ drive
L_0x560d7a91d430 .functor NOT 1, o0x7f6fe5ff32e8, C4<0>, C4<0>, C4<0>;
v0x560d7a770660_0 .net "A", 0 0, o0x7f6fe5ff32e8;  0 drivers
v0x560d7a772c10_0 .net "Y", 0 0, L_0x560d7a91d430;  1 drivers
S_0x560d7a771060 .scope module, "sg13g2_hv_inv_2" "sg13g2_hv_inv_2" 3 1175;
 .timescale -9 -11;
    .port_info 0 /OUTPUT 1 "Y";
    .port_info 1 /INPUT 1 "A";
o0x7f6fe5ff33a8 .functor BUFZ 1, c4<z>; HiZ drive
L_0x560d7a91d4a0 .functor NOT 1, o0x7f6fe5ff33a8, C4<0>, C4<0>, C4<0>;
v0x560d7a7751c0_0 .net "A", 0 0, o0x7f6fe5ff33a8;  0 drivers
v0x560d7a777770_0 .net "Y", 0 0, L_0x560d7a91d4a0;  1 drivers
S_0x560d7a770ca0 .scope module, "sg13g2_hv_inv_4" "sg13g2_hv_inv_4" 3 1200;
 .timescale -9 -11;
    .port_info 0 /OUTPUT 1 "Y";
    .port_info 1 /INPUT 1 "A";
o0x7f6fe5ff3468 .functor BUFZ 1, c4<z>; HiZ drive
L_0x560d7a91d510 .functor NOT 1, o0x7f6fe5ff3468, C4<0>, C4<0>, C4<0>;
v0x560d7a779d20_0 .net "A", 0 0, o0x7f6fe5ff3468;  0 drivers
v0x560d7a77c2d0_0 .net "Y", 0 0, L_0x560d7a91d510;  1 drivers
S_0x560d7a7717e0 .scope module, "sg13g2_hv_inv_8" "sg13g2_hv_inv_8" 3 1225;
 .timescale -9 -11;
    .port_info 0 /OUTPUT 1 "Y";
    .port_info 1 /INPUT 1 "A";
o0x7f6fe5ff3528 .functor BUFZ 1, c4<z>; HiZ drive
L_0x560d7a91d580 .functor NOT 1, o0x7f6fe5ff3528, C4<0>, C4<0>, C4<0>;
v0x560d7a77e880_0 .net "A", 0 0, o0x7f6fe5ff3528;  0 drivers
v0x560d7a780e90_0 .net "Y", 0 0, L_0x560d7a91d580;  1 drivers
S_0x560d7a76ee70 .scope module, "sg13g2_hv_lgcp_1" "sg13g2_hv_lgcp_1" 3 1250;
 .timescale -9 -11;
    .port_info 0 /OUTPUT 1 "GCLK";
    .port_info 1 /INPUT 1 "CLK";
    .port_info 2 /INPUT 1 "GATE";
o0x7f6fe5ff3618 .functor BUFZ 1, c4<z>; HiZ drive
L_0x560d7a91d5f0 .functor BUFZ 1, o0x7f6fe5ff3618, C4<0>, C4<0>, C4<0>;
o0x7f6fe5ff35e8 .functor BUFZ 1, c4<z>; HiZ drive
L_0x560d7a91d660 .functor BUFZ 1, o0x7f6fe5ff35e8, C4<0>, C4<0>, C4<0>;
L_0x560d7a91d6d0 .functor NOT 1, L_0x560d7a91d660, C4<0>, C4<0>, C4<0>;
L_0x560d7a91d790 .udp UDP_ihp_latch, v0x560d7a699630_0, L_0x560d7a91d6d0, L_0x560d7a91d5f0;
L_0x560d7a91d8a0 .functor AND 1, L_0x560d7a91d660, L_0x560d7a91d790, C4<1>, C4<1>;
v0x560d7a7834a0_0 .net "CLK", 0 0, o0x7f6fe5ff35e8;  0 drivers
v0x560d7a785ab0_0 .net "GATE", 0 0, o0x7f6fe5ff3618;  0 drivers
v0x560d7a6376f0_0 .net "GCLK", 0 0, L_0x560d7a91d8a0;  1 drivers
v0x560d7a5e1750_0 .net "delayed_CLK", 0 0, L_0x560d7a91d660;  1 drivers
v0x560d7a5e1810_0 .net "delayed_GATE", 0 0, L_0x560d7a91d5f0;  1 drivers
v0x560d7a69c350_0 .net "int_fwire_clk", 0 0, L_0x560d7a91d6d0;  1 drivers
v0x560d7a69c410_0 .net "int_fwire_int_GATE", 0 0, L_0x560d7a91d790;  1 drivers
v0x560d7a699630_0 .var "notifier", 0 0;
S_0x560d7a76eab0 .scope module, "sg13g2_hv_mux2_2" "sg13g2_hv_mux2_2" 3 1310;
 .timescale -9 -11;
    .port_info 0 /OUTPUT 1 "X";
    .port_info 1 /INPUT 1 "A0";
    .port_info 2 /INPUT 1 "A1";
    .port_info 3 /INPUT 1 "S";
UDP_ihp_mux2 .udp/comb "ihp_mux2", 3
 ,"1?01"
 ,"0?00"
 ,"?111"
 ,"?010"
 ,"00x0"
 ,"11x1";
o0x7f6fe5ff37f8 .functor BUFZ 1, c4<z>; HiZ drive
o0x7f6fe5ff3828 .functor BUFZ 1, c4<z>; HiZ drive
o0x7f6fe5ff3858 .functor BUFZ 1, c4<z>; HiZ drive
L_0x560d7a91d960 .udp UDP_ihp_mux2, o0x7f6fe5ff37f8, o0x7f6fe5ff3828, o0x7f6fe5ff3858;
v0x560d7a696910_0 .net "A0", 0 0, o0x7f6fe5ff37f8;  0 drivers
v0x560d7a6969d0_0 .net "A1", 0 0, o0x7f6fe5ff3828;  0 drivers
v0x560d7a693bf0_0 .net "S", 0 0, o0x7f6fe5ff3858;  0 drivers
v0x560d7a693c90_0 .net "X", 0 0, L_0x560d7a91d960;  1 drivers
S_0x560d7a76e6f0 .scope module, "sg13g2_hv_mux4_1" "sg13g2_hv_mux4_1" 3 1335;
 .timescale -9 -11;
    .port_info 0 /OUTPUT 1 "X";
    .port_info 1 /INPUT 1 "A0";
    .port_info 2 /INPUT 1 "A1";
    .port_info 3 /INPUT 1 "A2";
    .port_info 4 /INPUT 1 "A3";
    .port_info 5 /INPUT 1 "S0";
    .port_info 6 /INPUT 1 "S1";
UDP_ihp_mux4 .udp/comb "ihp_mux4", 6
 ,"0???000"
 ,"1???001"
 ,"?0??100"
 ,"?1??101"
 ,"??0?010"
 ,"??1?011"
 ,"???0110"
 ,"???1111"
 ,"00??x00"
 ,"11??x01"
 ,"??00x10"
 ,"??11x11"
 ,"0?0?0x0"
 ,"1?1?0x1"
 ,"?0?01x0"
 ,"?1?11x1"
 ,"1111xx1"
 ,"0000xx0";
o0x7f6fe5ff3978 .functor BUFZ 1, c4<z>; HiZ drive
o0x7f6fe5ff39a8 .functor BUFZ 1, c4<z>; HiZ drive
o0x7f6fe5ff39d8 .functor BUFZ 1, c4<z>; HiZ drive
o0x7f6fe5ff3a08 .functor BUFZ 1, c4<z>; HiZ drive
o0x7f6fe5ff3a38 .functor BUFZ 1, c4<z>; HiZ drive
o0x7f6fe5ff3a68 .functor BUFZ 1, c4<z>; HiZ drive
L_0x560d7a91da60 .udp UDP_ihp_mux4, o0x7f6fe5ff3978, o0x7f6fe5ff39a8, o0x7f6fe5ff39d8, o0x7f6fe5ff3a08, o0x7f6fe5ff3a38, o0x7f6fe5ff3a68;
v0x560d7a5fb620_0 .net "A0", 0 0, o0x7f6fe5ff3978;  0 drivers
v0x560d7a690ed0_0 .net "A1", 0 0, o0x7f6fe5ff39a8;  0 drivers
v0x560d7a690f90_0 .net "A2", 0 0, o0x7f6fe5ff39d8;  0 drivers
v0x560d7a5fb220_0 .net "A3", 0 0, o0x7f6fe5ff3a08;  0 drivers
v0x560d7a5fb2e0_0 .net "S0", 0 0, o0x7f6fe5ff3a38;  0 drivers
v0x560d7a602ef0_0 .net "S1", 0 0, o0x7f6fe5ff3a68;  0 drivers
v0x560d7a602f90_0 .net "X", 0 0, L_0x560d7a91da60;  1 drivers
S_0x560d7a76f230 .scope module, "sg13g2_hv_nand2_2" "sg13g2_hv_nand2_2" 3 1388;
 .timescale -9 -11;
    .port_info 0 /OUTPUT 1 "Y";
    .port_info 1 /INPUT 1 "A";
    .port_info 2 /INPUT 1 "B";
o0x7f6fe5ff3c18 .functor BUFZ 1, c4<z>; HiZ drive
o0x7f6fe5ff3c48 .functor BUFZ 1, c4<z>; HiZ drive
L_0x560d7a91dca0 .functor AND 1, o0x7f6fe5ff3c18, o0x7f6fe5ff3c48, C4<1>, C4<1>;
L_0x560d7a91dd10 .functor NOT 1, L_0x560d7a91dca0, C4<0>, C4<0>, C4<0>;
v0x560d7a602af0_0 .net "A", 0 0, o0x7f6fe5ff3c18;  0 drivers
v0x560d7a601f80_0 .net "B", 0 0, o0x7f6fe5ff3c48;  0 drivers
v0x560d7a602040_0 .net "Y", 0 0, L_0x560d7a91dd10;  1 drivers
v0x560d7a601b80_0 .net "int_fwire_0", 0 0, L_0x560d7a91dca0;  1 drivers
S_0x560d7a76c8c0 .scope module, "sg13g2_hv_nand2b_2" "sg13g2_hv_nand2b_2" 3 1445;
 .timescale -9 -11;
    .port_info 0 /OUTPUT 1 "Y";
    .port_info 1 /INPUT 1 "A_N";
    .port_info 2 /INPUT 1 "B";
o0x7f6fe5ff3d68 .functor BUFZ 1, c4<z>; HiZ drive
L_0x560d7a91ddd0 .functor NOT 1, o0x7f6fe5ff3d68, C4<0>, C4<0>, C4<0>;
o0x7f6fe5ff3dc8 .functor BUFZ 1, c4<z>; HiZ drive
L_0x560d7a91de40 .functor AND 1, L_0x560d7a91ddd0, o0x7f6fe5ff3dc8, C4<1>, C4<1>;
L_0x560d7a91df00 .functor NOT 1, L_0x560d7a91de40, C4<0>, C4<0>, C4<0>;
v0x560d7a6015b0_0 .net "A_N", 0 0, o0x7f6fe5ff3d68;  0 drivers
v0x560d7a601670_0 .net "A_N__bar", 0 0, L_0x560d7a91ddd0;  1 drivers
v0x560d7a6011b0_0 .net "B", 0 0, o0x7f6fe5ff3dc8;  0 drivers
v0x560d7a6007c0_0 .net "Y", 0 0, L_0x560d7a91df00;  1 drivers
v0x560d7a600880_0 .net "int_fwire_0", 0 0, L_0x560d7a91de40;  1 drivers
S_0x560d7a76c500 .scope module, "sg13g2_hv_nand3b_1" "sg13g2_hv_nand3b_1" 3 1502;
 .timescale -9 -11;
    .port_info 0 /OUTPUT 1 "Y";
    .port_info 1 /INPUT 1 "A_N";
    .port_info 2 /INPUT 1 "B";
    .port_info 3 /INPUT 1 "C";
o0x7f6fe5ff3ee8 .functor BUFZ 1, c4<z>; HiZ drive
L_0x560d7a91dfc0 .functor NOT 1, o0x7f6fe5ff3ee8, C4<0>, C4<0>, C4<0>;
o0x7f6fe5ff3f48 .functor BUFZ 1, c4<z>; HiZ drive
o0x7f6fe5ff3f78 .functor BUFZ 1, c4<z>; HiZ drive
L_0x560d7a91e030 .functor AND 1, L_0x560d7a91dfc0, o0x7f6fe5ff3f48, o0x7f6fe5ff3f78, C4<1>;
L_0x560d7a91e0f0 .functor NOT 1, L_0x560d7a91e030, C4<0>, C4<0>, C4<0>;
v0x560d7a6003c0_0 .net "A_N", 0 0, o0x7f6fe5ff3ee8;  0 drivers
v0x560d7a600480_0 .net "A_N__bar", 0 0, L_0x560d7a91dfc0;  1 drivers
v0x560d7a5fab10_0 .net "B", 0 0, o0x7f6fe5ff3f48;  0 drivers
v0x560d7a5fabb0_0 .net "C", 0 0, o0x7f6fe5ff3f78;  0 drivers
v0x560d7a5ffbb0_0 .net "Y", 0 0, L_0x560d7a91e0f0;  1 drivers
v0x560d7a5ff5e0_0 .net "int_fwire_0", 0 0, L_0x560d7a91e030;  1 drivers
S_0x560d7a76c140 .scope module, "sg13g2_hv_nand4_1" "sg13g2_hv_nand4_1" 3 1531;
 .timescale -9 -11;
    .port_info 0 /OUTPUT 1 "Y";
    .port_info 1 /INPUT 1 "A";
    .port_info 2 /INPUT 1 "B";
    .port_info 3 /INPUT 1 "C";
    .port_info 4 /INPUT 1 "D";
o0x7f6fe5ff40c8 .functor BUFZ 1, c4<z>; HiZ drive
o0x7f6fe5ff40f8 .functor BUFZ 1, c4<z>; HiZ drive
o0x7f6fe5ff4128 .functor BUFZ 1, c4<z>; HiZ drive
o0x7f6fe5ff4158 .functor BUFZ 1, c4<z>; HiZ drive
L_0x560d7a91e1b0 .functor AND 1, o0x7f6fe5ff40c8, o0x7f6fe5ff40f8, o0x7f6fe5ff4128, o0x7f6fe5ff4158;
L_0x560d7a91e220 .functor NOT 1, L_0x560d7a91e1b0, C4<0>, C4<0>, C4<0>;
v0x560d7a5ff1e0_0 .net "A", 0 0, o0x7f6fe5ff40c8;  0 drivers
v0x560d7a5fe9b0_0 .net "B", 0 0, o0x7f6fe5ff40f8;  0 drivers
v0x560d7a5fea70_0 .net "C", 0 0, o0x7f6fe5ff4128;  0 drivers
v0x560d7a5fe5b0_0 .net "D", 0 0, o0x7f6fe5ff4158;  0 drivers
v0x560d7a5fe670_0 .net "Y", 0 0, L_0x560d7a91e220;  1 drivers
v0x560d7a5fda10_0 .net "int_fwire_0", 0 0, L_0x560d7a91e1b0;  1 drivers
S_0x560d7a76cc80 .scope module, "sg13g2_hv_nor2_2" "sg13g2_hv_nor2_2" 3 1587;
 .timescale -9 -11;
    .port_info 0 /OUTPUT 1 "Y";
    .port_info 1 /INPUT 1 "A";
    .port_info 2 /INPUT 1 "B";
o0x7f6fe5ff42d8 .functor BUFZ 1, c4<z>; HiZ drive
o0x7f6fe5ff4308 .functor BUFZ 1, c4<z>; HiZ drive
L_0x560d7a91e2e0 .functor OR 1, o0x7f6fe5ff42d8, o0x7f6fe5ff4308, C4<0>, C4<0>;
L_0x560d7a91e350 .functor NOT 1, L_0x560d7a91e2e0, C4<0>, C4<0>, C4<0>;
v0x560d7a5fd610_0 .net "A", 0 0, o0x7f6fe5ff42d8;  0 drivers
v0x560d7a5fca70_0 .net "B", 0 0, o0x7f6fe5ff4308;  0 drivers
v0x560d7a5fcb30_0 .net "Y", 0 0, L_0x560d7a91e350;  1 drivers
v0x560d7a5fc670_0 .net "int_fwire_0", 0 0, L_0x560d7a91e2e0;  1 drivers
S_0x560d7a76a310 .scope module, "sg13g2_hv_nor2b_1" "sg13g2_hv_nor2b_1" 3 1615;
 .timescale -9 -11;
    .port_info 0 /OUTPUT 1 "Y";
    .port_info 1 /INPUT 1 "A";
    .port_info 2 /INPUT 1 "B_N";
o0x7f6fe5ff4458 .functor BUFZ 1, c4<z>; HiZ drive
L_0x560d7a91e410 .functor NOT 1, o0x7f6fe5ff4458, C4<0>, C4<0>, C4<0>;
o0x7f6fe5ff4428 .functor BUFZ 1, c4<z>; HiZ drive
L_0x560d7a91e480 .functor OR 1, o0x7f6fe5ff4428, L_0x560d7a91e410, C4<0>, C4<0>;
L_0x560d7a91e540 .functor NOT 1, L_0x560d7a91e480, C4<0>, C4<0>, C4<0>;
v0x560d7a5fbe20_0 .net "A", 0 0, o0x7f6fe5ff4428;  0 drivers
v0x560d7a5fbee0_0 .net "B_N", 0 0, o0x7f6fe5ff4458;  0 drivers
v0x560d7a5fa6e0_0 .net "B_N__bar", 0 0, L_0x560d7a91e410;  1 drivers
v0x560d7a5fa7a0_0 .net "Y", 0 0, L_0x560d7a91e540;  1 drivers
v0x560d7a785db0_0 .net "int_fwire_0", 0 0, L_0x560d7a91e480;  1 drivers
S_0x560d7a769f50 .scope module, "sg13g2_hv_nor2b_2" "sg13g2_hv_nor2b_2" 3 1644;
 .timescale -9 -11;
    .port_info 0 /OUTPUT 1 "Y";
    .port_info 1 /INPUT 1 "A";
    .port_info 2 /INPUT 1 "B_N";
o0x7f6fe5ff45d8 .functor BUFZ 1, c4<z>; HiZ drive
L_0x560d7a91e600 .functor NOT 1, o0x7f6fe5ff45d8, C4<0>, C4<0>, C4<0>;
o0x7f6fe5ff45a8 .functor BUFZ 1, c4<z>; HiZ drive
L_0x560d7a91e670 .functor OR 1, o0x7f6fe5ff45a8, L_0x560d7a91e600, C4<0>, C4<0>;
L_0x560d7a91e730 .functor NOT 1, L_0x560d7a91e670, C4<0>, C4<0>, C4<0>;
v0x560d7a7837a0_0 .net "A", 0 0, o0x7f6fe5ff45a8;  0 drivers
v0x560d7a783860_0 .net "B_N", 0 0, o0x7f6fe5ff45d8;  0 drivers
v0x560d7a781190_0 .net "B_N__bar", 0 0, L_0x560d7a91e600;  1 drivers
v0x560d7a781230_0 .net "Y", 0 0, L_0x560d7a91e730;  1 drivers
v0x560d7a77eb80_0 .net "int_fwire_0", 0 0, L_0x560d7a91e670;  1 drivers
S_0x560d7a769b90 .scope module, "sg13g2_hv_nor3_2" "sg13g2_hv_nor3_2" 3 1701;
 .timescale -9 -11;
    .port_info 0 /OUTPUT 1 "Y";
    .port_info 1 /INPUT 1 "A";
    .port_info 2 /INPUT 1 "B";
    .port_info 3 /INPUT 1 "C";
o0x7f6fe5ff4728 .functor BUFZ 1, c4<z>; HiZ drive
o0x7f6fe5ff4758 .functor BUFZ 1, c4<z>; HiZ drive
o0x7f6fe5ff4788 .functor BUFZ 1, c4<z>; HiZ drive
L_0x560d7a91e7f0 .functor OR 1, o0x7f6fe5ff4728, o0x7f6fe5ff4758, o0x7f6fe5ff4788, C4<0>;
L_0x560d7a91e860 .functor NOT 1, L_0x560d7a91e7f0, C4<0>, C4<0>, C4<0>;
v0x560d7a77c570_0 .net "A", 0 0, o0x7f6fe5ff4728;  0 drivers
v0x560d7a77c630_0 .net "B", 0 0, o0x7f6fe5ff4758;  0 drivers
v0x560d7a779fc0_0 .net "C", 0 0, o0x7f6fe5ff4788;  0 drivers
v0x560d7a77a060_0 .net "Y", 0 0, L_0x560d7a91e860;  1 drivers
v0x560d7a777a10_0 .net "int_fwire_0", 0 0, L_0x560d7a91e7f0;  1 drivers
S_0x560d7a76a6d0 .scope module, "sg13g2_hv_nor4_2" "sg13g2_hv_nor4_2" 3 1757;
 .timescale -9 -11;
    .port_info 0 /OUTPUT 1 "Y";
    .port_info 1 /INPUT 1 "A";
    .port_info 2 /INPUT 1 "B";
    .port_info 3 /INPUT 1 "C";
    .port_info 4 /INPUT 1 "D";
o0x7f6fe5ff48d8 .functor BUFZ 1, c4<z>; HiZ drive
o0x7f6fe5ff4908 .functor BUFZ 1, c4<z>; HiZ drive
o0x7f6fe5ff4938 .functor BUFZ 1, c4<z>; HiZ drive
o0x7f6fe5ff4968 .functor BUFZ 1, c4<z>; HiZ drive
L_0x560d7a91e920 .functor OR 1, o0x7f6fe5ff48d8, o0x7f6fe5ff4908, o0x7f6fe5ff4938, o0x7f6fe5ff4968;
L_0x560d7a91e990 .functor NOT 1, L_0x560d7a91e920, C4<0>, C4<0>, C4<0>;
v0x560d7a775460_0 .net "A", 0 0, o0x7f6fe5ff48d8;  0 drivers
v0x560d7a775540_0 .net "B", 0 0, o0x7f6fe5ff4908;  0 drivers
v0x560d7a772eb0_0 .net "C", 0 0, o0x7f6fe5ff4938;  0 drivers
v0x560d7a772f50_0 .net "D", 0 0, o0x7f6fe5ff4968;  0 drivers
v0x560d7a770900_0 .net "Y", 0 0, L_0x560d7a91e990;  1 drivers
v0x560d7a76e350_0 .net "int_fwire_0", 0 0, L_0x560d7a91e920;  1 drivers
S_0x560d7a767d60 .scope module, "sg13g2_hv_or2_2" "sg13g2_hv_or2_2" 3 1839;
 .timescale -9 -11;
    .port_info 0 /OUTPUT 1 "X";
    .port_info 1 /INPUT 1 "A";
    .port_info 2 /INPUT 1 "B";
o0x7f6fe5ff4ae8 .functor BUFZ 1, c4<z>; HiZ drive
o0x7f6fe5ff4b18 .functor BUFZ 1, c4<z>; HiZ drive
L_0x560d7a91ea50 .functor OR 1, o0x7f6fe5ff4ae8, o0x7f6fe5ff4b18, C4<0>, C4<0>;
v0x560d7a76bda0_0 .net "A", 0 0, o0x7f6fe5ff4ae8;  0 drivers
v0x560d7a76be60_0 .net "B", 0 0, o0x7f6fe5ff4b18;  0 drivers
v0x560d7a7697f0_0 .net "X", 0 0, L_0x560d7a91ea50;  1 drivers
S_0x560d7a7679a0 .scope module, "sg13g2_hv_or3_1" "sg13g2_hv_or3_1" 3 1864;
 .timescale -9 -11;
    .port_info 0 /OUTPUT 1 "X";
    .port_info 1 /INPUT 1 "A";
    .port_info 2 /INPUT 1 "B";
    .port_info 3 /INPUT 1 "C";
o0x7f6fe5ff4c08 .functor BUFZ 1, c4<z>; HiZ drive
o0x7f6fe5ff4c38 .functor BUFZ 1, c4<z>; HiZ drive
o0x7f6fe5ff4c68 .functor BUFZ 1, c4<z>; HiZ drive
L_0x560d7a91eac0 .functor OR 1, o0x7f6fe5ff4c08, o0x7f6fe5ff4c38, o0x7f6fe5ff4c68, C4<0>;
v0x560d7a767240_0 .net "A", 0 0, o0x7f6fe5ff4c08;  0 drivers
v0x560d7a767300_0 .net "B", 0 0, o0x7f6fe5ff4c38;  0 drivers
v0x560d7a764c90_0 .net "C", 0 0, o0x7f6fe5ff4c68;  0 drivers
v0x560d7a764d30_0 .net "X", 0 0, L_0x560d7a91eac0;  1 drivers
S_0x560d7a7675e0 .scope module, "sg13g2_hv_or3_2" "sg13g2_hv_or3_2" 3 1889;
 .timescale -9 -11;
    .port_info 0 /OUTPUT 1 "X";
    .port_info 1 /INPUT 1 "A";
    .port_info 2 /INPUT 1 "B";
    .port_info 3 /INPUT 1 "C";
o0x7f6fe5ff4d88 .functor BUFZ 1, c4<z>; HiZ drive
o0x7f6fe5ff4db8 .functor BUFZ 1, c4<z>; HiZ drive
o0x7f6fe5ff4de8 .functor BUFZ 1, c4<z>; HiZ drive
L_0x560d7a91eb30 .functor OR 1, o0x7f6fe5ff4d88, o0x7f6fe5ff4db8, o0x7f6fe5ff4de8, C4<0>;
v0x560d7a7626e0_0 .net "A", 0 0, o0x7f6fe5ff4d88;  0 drivers
v0x560d7a7627c0_0 .net "B", 0 0, o0x7f6fe5ff4db8;  0 drivers
v0x560d7a760130_0 .net "C", 0 0, o0x7f6fe5ff4de8;  0 drivers
v0x560d7a7601d0_0 .net "X", 0 0, L_0x560d7a91eb30;  1 drivers
S_0x560d7a768120 .scope module, "sg13g2_hv_or4_2" "sg13g2_hv_or4_2" 3 1939;
 .timescale -9 -11;
    .port_info 0 /OUTPUT 1 "X";
    .port_info 1 /INPUT 1 "A";
    .port_info 2 /INPUT 1 "B";
    .port_info 3 /INPUT 1 "C";
    .port_info 4 /INPUT 1 "D";
o0x7f6fe5ff4f08 .functor BUFZ 1, c4<z>; HiZ drive
o0x7f6fe5ff4f38 .functor BUFZ 1, c4<z>; HiZ drive
o0x7f6fe5ff4f68 .functor BUFZ 1, c4<z>; HiZ drive
o0x7f6fe5ff4f98 .functor BUFZ 1, c4<z>; HiZ drive
L_0x560d7a91eba0 .functor OR 1, o0x7f6fe5ff4f08, o0x7f6fe5ff4f38, o0x7f6fe5ff4f68, o0x7f6fe5ff4f98;
v0x560d7a75db80_0 .net "A", 0 0, o0x7f6fe5ff4f08;  0 drivers
v0x560d7a75dc60_0 .net "B", 0 0, o0x7f6fe5ff4f38;  0 drivers
v0x560d7a75b5d0_0 .net "C", 0 0, o0x7f6fe5ff4f68;  0 drivers
v0x560d7a75b670_0 .net "D", 0 0, o0x7f6fe5ff4f98;  0 drivers
v0x560d7a759020_0 .net "X", 0 0, L_0x560d7a91eba0;  1 drivers
S_0x560d7a7657b0 .scope module, "sg13g2_hv_sdfrbp_1" "sg13g2_hv_sdfrbp_1" 3 2007;
 .timescale -9 -11;
    .port_info 0 /OUTPUT 1 "Q";
    .port_info 1 /OUTPUT 1 "Q_N";
    .port_info 2 /INPUT 1 "CLK";
    .port_info 3 /INPUT 1 "D";
    .port_info 4 /INPUT 1 "RESET_B";
    .port_info 5 /INPUT 1 "SCD";
    .port_info 6 /INPUT 1 "SCE";
o0x7f6fe5ff5118 .functor BUFZ 1, c4<z>; HiZ drive
L_0x560d7a91ec10 .functor BUFZ 1, o0x7f6fe5ff5118, C4<0>, C4<0>, C4<0>;
o0x7f6fe5ff51d8 .functor BUFZ 1, c4<z>; HiZ drive
L_0x560d7a91ec80 .functor BUFZ 1, o0x7f6fe5ff51d8, C4<0>, C4<0>, C4<0>;
o0x7f6fe5ff5208 .functor BUFZ 1, c4<z>; HiZ drive
L_0x560d7a91ecf0 .functor BUFZ 1, o0x7f6fe5ff5208, C4<0>, C4<0>, C4<0>;
o0x7f6fe5ff51a8 .functor BUFZ 1, c4<z>; HiZ drive
L_0x560d7a91ed60 .functor BUFZ 1, o0x7f6fe5ff51a8, C4<0>, C4<0>, C4<0>;
o0x7f6fe5ff50e8 .functor BUFZ 1, c4<z>; HiZ drive
L_0x560d7a91edd0 .functor BUFZ 1, o0x7f6fe5ff50e8, C4<0>, C4<0>, C4<0>;
L_0x560d7a91ee40 .udp UDP_ihp_mux2, L_0x560d7a91ec10, L_0x560d7a91ec80, L_0x560d7a91ecf0;
L_0x560d7a91efe0 .functor NOT 1, L_0x560d7a91ed60, C4<0>, C4<0>, C4<0>;
L_0x7f6fe5f76138 .functor BUFT 1, C4<0>, C4<0>, C4<0>, C4<0>;
L_0x560d7a91f0a0 .functor BUF 1, L_0x7f6fe5f76138, C4<0>, C4<0>, C4<0>;
L_0x560d7a91f200 .udp UDP_ihp_dff_r, v0x560d7a741740_0, L_0x560d7a91edd0, L_0x560d7a91ee40, L_0x560d7a91efe0, L_0x560d7a91f0a0;
L_0x560d7a91f3b0 .functor BUF 1, L_0x560d7a91f200, C4<0>, C4<0>, C4<0>;
L_0x560d7a91f4d0 .functor NOT 1, L_0x560d7a91f200, C4<0>, C4<0>, C4<0>;
L_0x560d7a91f540 .functor BUF 1, L_0x560d7a91f4d0, C4<0>, C4<0>, C4<0>;
v0x560d7a756a70_0 .net "CLK", 0 0, o0x7f6fe5ff50e8;  0 drivers
v0x560d7a756b30_0 .net "D", 0 0, o0x7f6fe5ff5118;  0 drivers
v0x560d7a7544c0_0 .net "Q", 0 0, L_0x560d7a91f3b0;  1 drivers
v0x560d7a754560_0 .net "Q_N", 0 0, L_0x560d7a91f540;  1 drivers
v0x560d7a751f10_0 .net "RESET_B", 0 0, o0x7f6fe5ff51a8;  0 drivers
v0x560d7a74f960_0 .net "SCD", 0 0, o0x7f6fe5ff51d8;  0 drivers
v0x560d7a74fa20_0 .net "SCE", 0 0, o0x7f6fe5ff5208;  0 drivers
v0x560d7a74d3b0_0 .net/2s *"_ivl_12", 0 0, L_0x7f6fe5f76138;  1 drivers
v0x560d7a74d490_0 .net "delayed_CLK", 0 0, L_0x560d7a91edd0;  1 drivers
v0x560d7a74ae00_0 .net "delayed_D", 0 0, L_0x560d7a91ec10;  1 drivers
v0x560d7a74aec0_0 .net "delayed_RESET_B", 0 0, L_0x560d7a91ed60;  1 drivers
v0x560d7a748850_0 .net "delayed_SCD", 0 0, L_0x560d7a91ec80;  1 drivers
v0x560d7a748910_0 .net "delayed_SCE", 0 0, L_0x560d7a91ecf0;  1 drivers
v0x560d7a7462a0_0 .net "int_fwire_IQ", 0 0, L_0x560d7a91f200;  1 drivers
v0x560d7a746360_0 .net "int_fwire_IQN", 0 0, L_0x560d7a91f4d0;  1 drivers
v0x560d7a743cf0_0 .net "int_fwire_d", 0 0, L_0x560d7a91ee40;  1 drivers
v0x560d7a743db0_0 .net "int_fwire_r", 0 0, L_0x560d7a91efe0;  1 drivers
v0x560d7a741740_0 .var "notifier", 0 0;
v0x560d7a741800_0 .net "xcr_0", 0 0, L_0x560d7a91f0a0;  1 drivers
S_0x560d7a7653f0 .scope module, "sg13g2_hv_sdfrbp_2" "sg13g2_hv_sdfrbp_2" 3 2048;
 .timescale -9 -11;
    .port_info 0 /OUTPUT 1 "Q";
    .port_info 1 /OUTPUT 1 "Q_N";
    .port_info 2 /INPUT 1 "CLK";
    .port_info 3 /INPUT 1 "D";
    .port_info 4 /INPUT 1 "RESET_B";
    .port_info 5 /INPUT 1 "SCD";
    .port_info 6 /INPUT 1 "SCE";
o0x7f6fe5ff55f8 .functor BUFZ 1, c4<z>; HiZ drive
L_0x560d7a91f620 .functor BUFZ 1, o0x7f6fe5ff55f8, C4<0>, C4<0>, C4<0>;
o0x7f6fe5ff56b8 .functor BUFZ 1, c4<z>; HiZ drive
L_0x560d7a91f690 .functor BUFZ 1, o0x7f6fe5ff56b8, C4<0>, C4<0>, C4<0>;
o0x7f6fe5ff56e8 .functor BUFZ 1, c4<z>; HiZ drive
L_0x560d7a91f700 .functor BUFZ 1, o0x7f6fe5ff56e8, C4<0>, C4<0>, C4<0>;
o0x7f6fe5ff5688 .functor BUFZ 1, c4<z>; HiZ drive
L_0x560d7a91f770 .functor BUFZ 1, o0x7f6fe5ff5688, C4<0>, C4<0>, C4<0>;
o0x7f6fe5ff55c8 .functor BUFZ 1, c4<z>; HiZ drive
L_0x560d7a91f7e0 .functor BUFZ 1, o0x7f6fe5ff55c8, C4<0>, C4<0>, C4<0>;
L_0x560d7a91f850 .udp UDP_ihp_mux2, L_0x560d7a91f620, L_0x560d7a91f690, L_0x560d7a91f700;
L_0x560d7a91f9f0 .functor NOT 1, L_0x560d7a91f770, C4<0>, C4<0>, C4<0>;
L_0x7f6fe5f76180 .functor BUFT 1, C4<0>, C4<0>, C4<0>, C4<0>;
L_0x560d7a91fab0 .functor BUF 1, L_0x7f6fe5f76180, C4<0>, C4<0>, C4<0>;
L_0x560d7a91fbc0 .udp UDP_ihp_dff_r, v0x560d7a72c4d0_0, L_0x560d7a91f7e0, L_0x560d7a91f850, L_0x560d7a91f9f0, L_0x560d7a91fab0;
L_0x560d7a91fd70 .functor BUF 1, L_0x560d7a91fbc0, C4<0>, C4<0>, C4<0>;
L_0x560d7a91fe90 .functor NOT 1, L_0x560d7a91fbc0, C4<0>, C4<0>, C4<0>;
L_0x560d7a91ff00 .functor BUF 1, L_0x560d7a91fe90, C4<0>, C4<0>, C4<0>;
v0x560d7a73f190_0 .net "CLK", 0 0, o0x7f6fe5ff55c8;  0 drivers
v0x560d7a73f250_0 .net "D", 0 0, o0x7f6fe5ff55f8;  0 drivers
v0x560d7a73cbe0_0 .net "Q", 0 0, L_0x560d7a91fd70;  1 drivers
v0x560d7a73cc80_0 .net "Q_N", 0 0, L_0x560d7a91ff00;  1 drivers
v0x560d7a73a630_0 .net "RESET_B", 0 0, o0x7f6fe5ff5688;  0 drivers
v0x560d7a73a6d0_0 .net "SCD", 0 0, o0x7f6fe5ff56b8;  0 drivers
v0x560d7a738080_0 .net "SCE", 0 0, o0x7f6fe5ff56e8;  0 drivers
v0x560d7a738120_0 .net/2s *"_ivl_12", 0 0, L_0x7f6fe5f76180;  1 drivers
v0x560d7a735ad0_0 .net "delayed_CLK", 0 0, L_0x560d7a91f7e0;  1 drivers
v0x560d7a735b90_0 .net "delayed_D", 0 0, L_0x560d7a91f620;  1 drivers
v0x560d7a733520_0 .net "delayed_RESET_B", 0 0, L_0x560d7a91f770;  1 drivers
v0x560d7a7335e0_0 .net "delayed_SCD", 0 0, L_0x560d7a91f690;  1 drivers
v0x560d7a730f70_0 .net "delayed_SCE", 0 0, L_0x560d7a91f700;  1 drivers
v0x560d7a731030_0 .net "int_fwire_IQ", 0 0, L_0x560d7a91fbc0;  1 drivers
v0x560d7a72e9c0_0 .net "int_fwire_IQN", 0 0, L_0x560d7a91fe90;  1 drivers
v0x560d7a72ea80_0 .net "int_fwire_d", 0 0, L_0x560d7a91f850;  1 drivers
v0x560d7a72c410_0 .net "int_fwire_r", 0 0, L_0x560d7a91f9f0;  1 drivers
v0x560d7a72c4d0_0 .var "notifier", 0 0;
v0x560d7a729e60_0 .net "xcr_0", 0 0, L_0x560d7a91fab0;  1 drivers
S_0x560d7a765030 .scope module, "sg13g2_hv_sdfrbpq_1" "sg13g2_hv_sdfrbpq_1" 3 2089;
 .timescale -9 -11;
    .port_info 0 /OUTPUT 1 "Q";
    .port_info 1 /INPUT 1 "CLK";
    .port_info 2 /INPUT 1 "D";
    .port_info 3 /INPUT 1 "RESET_B";
    .port_info 4 /INPUT 1 "SCD";
    .port_info 5 /INPUT 1 "SCE";
o0x7f6fe5ff5ad8 .functor BUFZ 1, c4<z>; HiZ drive
L_0x560d7a91ffe0 .functor BUFZ 1, o0x7f6fe5ff5ad8, C4<0>, C4<0>, C4<0>;
o0x7f6fe5ff5b68 .functor BUFZ 1, c4<z>; HiZ drive
L_0x560d7a920050 .functor BUFZ 1, o0x7f6fe5ff5b68, C4<0>, C4<0>, C4<0>;
o0x7f6fe5ff5b98 .functor BUFZ 1, c4<z>; HiZ drive
L_0x560d7a9200c0 .functor BUFZ 1, o0x7f6fe5ff5b98, C4<0>, C4<0>, C4<0>;
o0x7f6fe5ff5b38 .functor BUFZ 1, c4<z>; HiZ drive
L_0x560d7a920130 .functor BUFZ 1, o0x7f6fe5ff5b38, C4<0>, C4<0>, C4<0>;
o0x7f6fe5ff5aa8 .functor BUFZ 1, c4<z>; HiZ drive
L_0x560d7a9201a0 .functor BUFZ 1, o0x7f6fe5ff5aa8, C4<0>, C4<0>, C4<0>;
L_0x560d7a920210 .udp UDP_ihp_mux2, L_0x560d7a91ffe0, L_0x560d7a920050, L_0x560d7a9200c0;
L_0x560d7a9203b0 .functor NOT 1, L_0x560d7a920130, C4<0>, C4<0>, C4<0>;
L_0x7f6fe5f761c8 .functor BUFT 1, C4<0>, C4<0>, C4<0>, C4<0>;
L_0x560d7a920470 .functor BUF 1, L_0x7f6fe5f761c8, C4<0>, C4<0>, C4<0>;
L_0x560d7a920580 .udp UDP_ihp_dff_r, v0x560d7a717180_0, L_0x560d7a9201a0, L_0x560d7a920210, L_0x560d7a9203b0, L_0x560d7a920470;
L_0x560d7a920730 .functor BUF 1, L_0x560d7a920580, C4<0>, C4<0>, C4<0>;
v0x560d7a7278b0_0 .net "CLK", 0 0, o0x7f6fe5ff5aa8;  0 drivers
v0x560d7a727990_0 .net "D", 0 0, o0x7f6fe5ff5ad8;  0 drivers
v0x560d7a725300_0 .net "Q", 0 0, L_0x560d7a920730;  1 drivers
v0x560d7a7253a0_0 .net "RESET_B", 0 0, o0x7f6fe5ff5b38;  0 drivers
v0x560d7a722d50_0 .net "SCD", 0 0, o0x7f6fe5ff5b68;  0 drivers
v0x560d7a722e10_0 .net "SCE", 0 0, o0x7f6fe5ff5b98;  0 drivers
v0x560d7a7207a0_0 .net/2s *"_ivl_12", 0 0, L_0x7f6fe5f761c8;  1 drivers
v0x560d7a720880_0 .net "delayed_CLK", 0 0, L_0x560d7a9201a0;  1 drivers
v0x560d7a71e1f0_0 .net "delayed_D", 0 0, L_0x560d7a91ffe0;  1 drivers
v0x560d7a71e290_0 .net "delayed_RESET_B", 0 0, L_0x560d7a920130;  1 drivers
v0x560d7a71bc40_0 .net "delayed_SCD", 0 0, L_0x560d7a920050;  1 drivers
v0x560d7a71bce0_0 .net "delayed_SCE", 0 0, L_0x560d7a9200c0;  1 drivers
v0x560d7a719690_0 .net "int_fwire_IQ", 0 0, L_0x560d7a920580;  1 drivers
v0x560d7a719730_0 .net "int_fwire_d", 0 0, L_0x560d7a920210;  1 drivers
v0x560d7a7170e0_0 .net "int_fwire_r", 0 0, L_0x560d7a9203b0;  1 drivers
v0x560d7a717180_0 .var "notifier", 0 0;
v0x560d7a714b30_0 .net "xcr_0", 0 0, L_0x560d7a920470;  1 drivers
S_0x560d7a765b70 .scope module, "sg13g2_hv_sdfrbpq_2" "sg13g2_hv_sdfrbpq_2" 3 2128;
 .timescale -9 -11;
    .port_info 0 /OUTPUT 1 "Q";
    .port_info 1 /INPUT 1 "CLK";
    .port_info 2 /INPUT 1 "D";
    .port_info 3 /INPUT 1 "RESET_B";
    .port_info 4 /INPUT 1 "SCD";
    .port_info 5 /INPUT 1 "SCE";
o0x7f6fe5ff5f28 .functor BUFZ 1, c4<z>; HiZ drive
L_0x560d7a9207f0 .functor BUFZ 1, o0x7f6fe5ff5f28, C4<0>, C4<0>, C4<0>;
o0x7f6fe5ff5fb8 .functor BUFZ 1, c4<z>; HiZ drive
L_0x560d7a920860 .functor BUFZ 1, o0x7f6fe5ff5fb8, C4<0>, C4<0>, C4<0>;
o0x7f6fe5ff5fe8 .functor BUFZ 1, c4<z>; HiZ drive
L_0x560d7a9208d0 .functor BUFZ 1, o0x7f6fe5ff5fe8, C4<0>, C4<0>, C4<0>;
o0x7f6fe5ff5f88 .functor BUFZ 1, c4<z>; HiZ drive
L_0x560d7a920940 .functor BUFZ 1, o0x7f6fe5ff5f88, C4<0>, C4<0>, C4<0>;
o0x7f6fe5ff5ef8 .functor BUFZ 1, c4<z>; HiZ drive
L_0x560d7a9209b0 .functor BUFZ 1, o0x7f6fe5ff5ef8, C4<0>, C4<0>, C4<0>;
L_0x560d7a920a20 .udp UDP_ihp_mux2, L_0x560d7a9207f0, L_0x560d7a920860, L_0x560d7a9208d0;
L_0x560d7a920b70 .functor NOT 1, L_0x560d7a920940, C4<0>, C4<0>, C4<0>;
L_0x7f6fe5f76210 .functor BUFT 1, C4<0>, C4<0>, C4<0>, C4<0>;
L_0x560d7a920c30 .functor BUF 1, L_0x7f6fe5f76210, C4<0>, C4<0>, C4<0>;
L_0x560d7a920d40 .udp UDP_ihp_dff_r, v0x560d7a6ff800_0, L_0x560d7a9209b0, L_0x560d7a920a20, L_0x560d7a920b70, L_0x560d7a920c30;
L_0x560d7a920ef0 .functor BUF 1, L_0x560d7a920d40, C4<0>, C4<0>, C4<0>;
v0x560d7a714bd0_0 .net "CLK", 0 0, o0x7f6fe5ff5ef8;  0 drivers
v0x560d7a70ffd0_0 .net "D", 0 0, o0x7f6fe5ff5f28;  0 drivers
v0x560d7a710090_0 .net "Q", 0 0, L_0x560d7a920ef0;  1 drivers
v0x560d7a70da20_0 .net "RESET_B", 0 0, o0x7f6fe5ff5f88;  0 drivers
v0x560d7a70dac0_0 .net "SCD", 0 0, o0x7f6fe5ff5fb8;  0 drivers
v0x560d7a70b470_0 .net "SCE", 0 0, o0x7f6fe5ff5fe8;  0 drivers
v0x560d7a70b510_0 .net/2s *"_ivl_12", 0 0, L_0x7f6fe5f76210;  1 drivers
v0x560d7a708ec0_0 .net "delayed_CLK", 0 0, L_0x560d7a9209b0;  1 drivers
v0x560d7a708f80_0 .net "delayed_D", 0 0, L_0x560d7a9207f0;  1 drivers
v0x560d7a706910_0 .net "delayed_RESET_B", 0 0, L_0x560d7a920940;  1 drivers
v0x560d7a7069d0_0 .net "delayed_SCD", 0 0, L_0x560d7a920860;  1 drivers
v0x560d7a704360_0 .net "delayed_SCE", 0 0, L_0x560d7a9208d0;  1 drivers
v0x560d7a704420_0 .net "int_fwire_IQ", 0 0, L_0x560d7a920d40;  1 drivers
v0x560d7a701db0_0 .net "int_fwire_d", 0 0, L_0x560d7a920a20;  1 drivers
v0x560d7a701e70_0 .net "int_fwire_r", 0 0, L_0x560d7a920b70;  1 drivers
v0x560d7a6ff800_0 .var "notifier", 0 0;
v0x560d7a6ff8c0_0 .net "xcr_0", 0 0, L_0x560d7a920c30;  1 drivers
S_0x560d7a763200 .scope module, "sg13g2_hv_sighold" "sg13g2_hv_sighold" 3 2202;
 .timescale -9 -11;
    .port_info 0 /INOUT 1 "SH";
L_0x560d7a921010 .functor BUF 1, L_0x560d7a921080, C4<0>, C4<0>, C4<0>;
L_0x7f6fe5f76258 .functor BUFT 1, C4<0>, C4<0>, C4<0>, C4<0>;
L_0x560d7a921080 .functor BUFIF1 1, L_0x560d7a921010, L_0x7f6fe5f76258, C4<0>, C4<0>;
v0x560d7a6faca0_0 .net8 "SH", 0 0, L_0x560d7a921080;  1 drivers, strength-aware
v0x560d7a6fad80_0 .net/2u *"_ivl_2", 0 0, L_0x7f6fe5f76258;  1 drivers
v0x560d7a6f86f0_0 .net "n1", 0 0, L_0x560d7a921010;  1 drivers
S_0x560d7a762e40 .scope module, "sg13g2_hv_slgcp_1" "sg13g2_hv_slgcp_1" 3 2167;
 .timescale -9 -11;
    .port_info 0 /OUTPUT 1 "GCLK";
    .port_info 1 /INPUT 1 "GATE";
    .port_info 2 /INPUT 1 "CLK";
    .port_info 3 /INPUT 1 "SCE";
o0x7f6fe5ff6438 .functor BUFZ 1, c4<z>; HiZ drive
L_0x560d7a921220 .functor BUFZ 1, o0x7f6fe5ff6438, C4<0>, C4<0>, C4<0>;
o0x7f6fe5ff6498 .functor BUFZ 1, c4<z>; HiZ drive
L_0x560d7a921290 .functor BUFZ 1, o0x7f6fe5ff6498, C4<0>, C4<0>, C4<0>;
o0x7f6fe5ff6408 .functor BUFZ 1, c4<z>; HiZ drive
L_0x560d7a921300 .functor BUFZ 1, o0x7f6fe5ff6408, C4<0>, C4<0>, C4<0>;
L_0x560d7a921370 .functor NOT 1, L_0x560d7a921300, C4<0>, C4<0>, C4<0>;
L_0x560d7a9213e0 .functor OR 1, L_0x560d7a921220, L_0x560d7a921290, C4<0>, C4<0>;
L_0x560d7a9214f0 .udp UDP_ihp_latch, v0x560d7a6ecb40_0, L_0x560d7a921370, L_0x560d7a9213e0;
L_0x560d7a921640 .functor AND 1, L_0x560d7a921300, L_0x560d7a9214f0, C4<1>, C4<1>;
v0x560d7a6f87b0_0 .net "CLK", 0 0, o0x7f6fe5ff6408;  0 drivers
v0x560d7a6f6140_0 .net "GATE", 0 0, o0x7f6fe5ff6438;  0 drivers
v0x560d7a6f6200_0 .net "GCLK", 0 0, L_0x560d7a921640;  1 drivers
v0x560d7a6f3b90_0 .net "SCE", 0 0, o0x7f6fe5ff6498;  0 drivers
v0x560d7a6f3c30_0 .net "delayed_CLK", 0 0, L_0x560d7a921300;  1 drivers
v0x560d7a6f15e0_0 .net "delayed_GATE", 0 0, L_0x560d7a921220;  1 drivers
v0x560d7a6f16a0_0 .net "delayed_SCE", 0 0, L_0x560d7a921290;  1 drivers
v0x560d7a6ef030_0 .net "int_fwire_clk", 0 0, L_0x560d7a921370;  1 drivers
v0x560d7a6ef0f0_0 .net "int_fwire_int_GATE", 0 0, L_0x560d7a9214f0;  1 drivers
v0x560d7a6eca80_0 .net "int_fwire_test", 0 0, L_0x560d7a9213e0;  1 drivers
v0x560d7a6ecb40_0 .var "notifier", 0 0;
S_0x560d7a762a80 .scope module, "tb_spi_slave" "tb_spi_slave" 4 30;
 .timescale -9 -9;
v0x560d7a908b30_0 .var "addr", 7 0;
v0x560d7a908bd0_0 .var "clk", 0 0;
v0x560d7a908c70_0 .var "cpha", 0 0;
v0x560d7a908d60_0 .var "cpol", 0 0;
v0x560d7a908e50_0 .net "data", 7 0, L_0x560d7a94d5d0;  1 drivers
v0x560d7a908f40_0 .net "debug", 7 0, L_0x560d7a9c0c90;  1 drivers
v0x560d7a908fe0_0 .var/i "errors", 31 0;
v0x560d7a909080_0 .net "miso", 0 0, L_0x560d7a9619b0;  1 drivers
v0x560d7a909120_0 .var "miso_rx1", 7 0;
v0x560d7a909250_0 .var "miso_rx3", 7 0;
v0x560d7a9092f0_0 .var/i "mode", 31 0;
v0x560d7a909390_0 .var "mosi", 0 0;
v0x560d7a909430_0 .var "rst_n", 0 0;
v0x560d7a9094d0_0 .var "rx_cmd", 7 0;
v0x560d7a909570_0 .var "sck", 0 0;
v0x560d7a909660_0 .var "ssel", 0 0;
S_0x560d7a7635c0 .scope task, "run_mode" "run_mode" 4 94, 4 94 0, S_0x560d7a762a80;
 .timescale -9 -9;
v0x560d7a6ea4d0_0 .var "m", 1 0;
TD_tb_spi_slave.run_mode ;
    %load/vec4 v0x560d7a6ea4d0_0;
    %parti/s 1, 1, 2;
    %store/vec4 v0x560d7a908d60_0, 0, 1;
    %load/vec4 v0x560d7a6ea4d0_0;
    %parti/s 1, 0, 2;
    %store/vec4 v0x560d7a908c70_0, 0, 1;
    %pushi/vec4 3, 0, 8;
    %store/vec4 v0x560d7a908b30_0, 0, 8;
    %pushi/vec4 0, 0, 1;
    %store/vec4 v0x560d7a909390_0, 0, 1;
    %pushi/vec4 1, 0, 1;
    %store/vec4 v0x560d7a909660_0, 0, 1;
    %pushi/vec4 0, 0, 1;
    %store/vec4 v0x560d7a909430_0, 0, 1;
    %load/vec4 v0x560d7a6ea4d0_0;
    %parti/s 1, 1, 2;
    %store/vec4 v0x560d7a909570_0, 0, 1;
    %delay 2000, 0;
    %pushi/vec4 1, 0, 1;
    %store/vec4 v0x560d7a909430_0, 0, 1;
    %delay 2000, 0;
    %pushi/vec4 0, 0, 1;
    %store/vec4 v0x560d7a909660_0, 0, 1;
    %delay 1000, 0;
    %pushi/vec4 129, 0, 8;
    %store/vec4 v0x560d7a908a90_0, 0, 8;
    %fork TD_tb_spi_slave.spi_xfer_byte, S_0x560d7a908770;
    %join;
    %load/vec4 v0x560d7a9089f0_0;
    %store/vec4 v0x560d7a9094d0_0, 0, 8;
    %pushi/vec4 0, 0, 8;
    %store/vec4 v0x560d7a908a90_0, 0, 8;
    %fork TD_tb_spi_slave.spi_xfer_byte, S_0x560d7a908770;
    %join;
    %load/vec4 v0x560d7a9089f0_0;
    %store/vec4 v0x560d7a909120_0, 0, 8;
    %delay 1000, 0;
    %pushi/vec4 1, 0, 1;
    %store/vec4 v0x560d7a909660_0, 0, 1;
    %delay 2000, 0;
    %pushi/vec4 0, 0, 1;
    %store/vec4 v0x560d7a909660_0, 0, 1;
    %delay 1000, 0;
    %pushi/vec4 3, 0, 8;
    %store/vec4 v0x560d7a908a90_0, 0, 8;
    %fork TD_tb_spi_slave.spi_xfer_byte, S_0x560d7a908770;
    %join;
    %load/vec4 v0x560d7a9089f0_0;
    %store/vec4 v0x560d7a9094d0_0, 0, 8;
    %pushi/vec4 160, 0, 8;
    %load/vec4 v0x560d7a6ea4d0_0;
    %pad/u 8;
    %or;
    %store/vec4 v0x560d7a908a90_0, 0, 8;
    %fork TD_tb_spi_slave.spi_xfer_byte, S_0x560d7a908770;
    %join;
    %load/vec4 v0x560d7a9089f0_0;
    %store/vec4 v0x560d7a9094d0_0, 0, 8;
    %delay 1000, 0;
    %pushi/vec4 1, 0, 1;
    %store/vec4 v0x560d7a909660_0, 0, 1;
    %delay 2000, 0;
    %pushi/vec4 0, 0, 1;
    %store/vec4 v0x560d7a909660_0, 0, 1;
    %delay 1000, 0;
    %pushi/vec4 131, 0, 8;
    %store/vec4 v0x560d7a908a90_0, 0, 8;
    %fork TD_tb_spi_slave.spi_xfer_byte, S_0x560d7a908770;
    %join;
    %load/vec4 v0x560d7a9089f0_0;
    %store/vec4 v0x560d7a9094d0_0, 0, 8;
    %pushi/vec4 0, 0, 8;
    %store/vec4 v0x560d7a908a90_0, 0, 8;
    %fork TD_tb_spi_slave.spi_xfer_byte, S_0x560d7a908770;
    %join;
    %load/vec4 v0x560d7a9089f0_0;
    %store/vec4 v0x560d7a909250_0, 0, 8;
    %delay 1000, 0;
    %pushi/vec4 1, 0, 1;
    %store/vec4 v0x560d7a909660_0, 0, 1;
    %delay 2000, 0;
    %load/vec4 v0x560d7a909120_0;
    %cmpi/ne 11, 0, 8;
    %jmp/0xz  T_0.0, 6;
    %vpi_call/w 4 129 "$display", "FAIL mode %0d Tx1 READ Reg1 : expected miso=0x0B, got 0x%02X", v0x560d7a6ea4d0_0, v0x560d7a909120_0 {0 0 0};
    %load/vec4 v0x560d7a908fe0_0;
    %addi 1, 0, 32;
    %store/vec4 v0x560d7a908fe0_0, 0, 32;
T_0.0 ;
    %load/vec4 v0x560d7a908e50_0;
    %pushi/vec4 160, 0, 8;
    %load/vec4 v0x560d7a6ea4d0_0;
    %pad/u 8;
    %or;
    %cmp/ne;
    %jmp/0xz  T_0.2, 6;
    %pushi/vec4 160, 0, 8;
    %load/vec4 v0x560d7a6ea4d0_0;
    %pad/u 8;
    %or;
    %vpi_call/w 4 133 "$display", "FAIL mode %0d parallel Reg3: expected data=0x%02X, got 0x%02X", v0x560d7a6ea4d0_0, S<0,vec4,u8>, v0x560d7a908e50_0 {1 0 0};
    %load/vec4 v0x560d7a908fe0_0;
    %addi 1, 0, 32;
    %store/vec4 v0x560d7a908fe0_0, 0, 32;
T_0.2 ;
    %load/vec4 v0x560d7a909250_0;
    %pushi/vec4 160, 0, 8;
    %load/vec4 v0x560d7a6ea4d0_0;
    %pad/u 8;
    %or;
    %cmp/ne;
    %jmp/0xz  T_0.4, 6;
    %pushi/vec4 160, 0, 8;
    %load/vec4 v0x560d7a6ea4d0_0;
    %pad/u 8;
    %or;
    %vpi_call/w 4 137 "$display", "FAIL mode %0d Tx3 READ Reg3: expected miso=0x%02X, got 0x%02X", v0x560d7a6ea4d0_0, S<0,vec4,u8>, v0x560d7a909250_0 {1 0 0};
    %load/vec4 v0x560d7a908fe0_0;
    %addi 1, 0, 32;
    %store/vec4 v0x560d7a908fe0_0, 0, 32;
T_0.4 ;
    %load/vec4 v0x560d7a908f40_0;
    %cmpi/ne 31, 0, 8;
    %jmp/0xz  T_0.6, 6;
    %vpi_call/w 4 141 "$display", "FAIL mode %0d debug        : expected 0x1F, got 0x%02X", v0x560d7a6ea4d0_0, v0x560d7a908f40_0 {0 0 0};
    %load/vec4 v0x560d7a908fe0_0;
    %addi 1, 0, 32;
    %store/vec4 v0x560d7a908fe0_0, 0, 32;
T_0.6 ;
    %vpi_call/w 4 144 "$display", "MODE %0d (CPOL=%0d CPHA=%0d) %0t: miso_rx1=0x%02X data=0x%02X miso_rx3=0x%02X debug=0x%02X", v0x560d7a6ea4d0_0, &PV<v0x560d7a6ea4d0_0, 1, 1>, &PV<v0x560d7a6ea4d0_0, 0, 1>, $time, v0x560d7a909120_0, v0x560d7a908e50_0, v0x560d7a909250_0, v0x560d7a908f40_0 {0 0 0};
    %end;
S_0x560d7a760c50 .scope module, "spi_slave1" "spi_slave" 4 54, 5 3 0, S_0x560d7a762a80;
 .timescale -9 -11;
    .port_info 0 /INPUT 1 "Clk";
    .port_info 1 /INPUT 1 "iRST_N";
    .port_info 2 /INPUT 1 "CPOL";
    .port_info 3 /INPUT 1 "CPHA";
    .port_info 4 /INPUT 1 "SCK";
    .port_info 5 /INPUT 1 "MOSI";
    .port_info 6 /INPUT 1 "SSEL";
    .port_info 7 /OUTPUT 1 "MISO";
    .port_info 8 /INPUT 8 "Add2_in";
    .port_info 9 /OUTPUT 8 "Data2_out";
    .port_info 10 /OUTPUT 8 "debug";
v0x560d7a8e2f70_0 .net "Add2_in", 7 0, v0x560d7a908b30_0;  1 drivers
v0x560d7a8e3050_0 .net "Add_SPI[0]", 0 0, L_0x560d7a95c840;  1 drivers
v0x560d7a8e3110_0 .net "Add_SPI[1]", 0 0, L_0x560d7a95d400;  1 drivers
v0x560d7a8e31e0_0 .net "Add_SPI[2]", 0 0, L_0x560d7a95dfc0;  1 drivers
v0x560d7a8e3280_0 .net "Add_SPI[3]", 0 0, L_0x560d7a95eb80;  1 drivers
v0x560d7a8e3370_0 .net "Add_SPI[4]", 0 0, L_0x560d7a95f710;  1 drivers
v0x560d7a8e3410_0 .net "Add_SPI[5]", 0 0, L_0x560d7a960270;  1 drivers
v0x560d7a8e34b0_0 .net "Add_SPI[6]", 0 0, L_0x560d7a960dd0;  1 drivers
v0x560d7a8e3550_0 .net "BitCnt[0]", 0 0, L_0x560d7a999280;  1 drivers
v0x560d7a8e35f0_0 .net "BitCnt[1]", 0 0, L_0x560d7a999e80;  1 drivers
v0x560d7a8e3690_0 .net "BitCnt[2]", 0 0, L_0x560d7a99aa80;  1 drivers
v0x560d7a8e3730_0 .net "BitCnt[3]", 0 0, L_0x560d7a99b680;  1 drivers
v0x560d7a8e37d0_0 .net "CPHA", 0 0, v0x560d7a908c70_0;  1 drivers
v0x560d7a8e3870_0 .net "CPHA_delay0", 0 0, L_0x560d7a954830;  1 drivers
v0x560d7a8e3910_0 .net "CPHA_latched", 0 0, L_0x560d7a997ac0;  1 drivers
v0x560d7a8e39b0_0 .net "CPHA_metastable", 0 0, L_0x560d7a950e30;  1 drivers
v0x560d7a8e3aa0_0 .net "CPOL", 0 0, v0x560d7a908d60_0;  1 drivers
v0x560d7a8e3c50_0 .net "CPOL_delay0", 0 0, L_0x560d7a953c70;  1 drivers
v0x560d7a8e3d40_0 .net "CPOL_latched", 0 0, L_0x560d7a996e40;  1 drivers
v0x560d7a8e3de0_0 .net "CPOL_metastable", 0 0, L_0x560d7a950340;  1 drivers
v0x560d7a8e3e80_0 .net "Clk", 0 0, v0x560d7a908bd0_0;  1 drivers
v0x560d7a8e3f20_0 .net "Data2_out", 7 0, L_0x560d7a94d5d0;  alias, 1 drivers
v0x560d7a8e3fc0_0 .net "DataToSend[1]", 0 0, L_0x560d7a957700;  1 drivers
v0x560d7a8e4060_0 .net "DataToSend[2]", 0 0, L_0x560d7a9582a0;  1 drivers
v0x560d7a8e4100_0 .net "DataToSend[3]", 0 0, L_0x560d7a958e40;  1 drivers
v0x560d7a8e41a0_0 .net "DataToSend[4]", 0 0, L_0x560d7a9599e0;  1 drivers
v0x560d7a8e4240_0 .net "DataToSend[5]", 0 0, L_0x560d7a95a580;  1 drivers
v0x560d7a8e42e0_0 .net "DataToSend[6]", 0 0, L_0x560d7a95b120;  1 drivers
v0x560d7a8e4380_0 .net "DataToSend[7]", 0 0, L_0x560d7a95bcc0;  1 drivers
v0x560d7a8e4420_0 .net "Data_fromSPI[0]", 0 0, L_0x560d7a9a4d30;  1 drivers
v0x560d7a8e44c0_0 .net "Data_fromSPI[1]", 0 0, L_0x560d7a9a5860;  1 drivers
v0x560d7a8e4560_0 .net "Data_fromSPI[2]", 0 0, L_0x560d7a9a6390;  1 drivers
v0x560d7a8e4600_0 .net "Data_fromSPI[3]", 0 0, L_0x560d7a9a6f50;  1 drivers
v0x560d7a8e46a0_0 .net "Data_fromSPI[4]", 0 0, L_0x560d7a9a7b10;  1 drivers
v0x560d7a8e4740_0 .net "Data_fromSPI[5]", 0 0, L_0x560d7a9a86d0;  1 drivers
v0x560d7a8e47e0_0 .net "Data_fromSPI[6]", 0 0, L_0x560d7a9a9290;  1 drivers
v0x560d7a8e4880_0 .net "Data_fromSPI[7]", 0 0, L_0x560d7a9a9e50;  1 drivers
v0x560d7a8e4920_0 .net "Data_toSPI[0]", 0 0, L_0x560d7a9aaa10;  1 drivers
v0x560d7a8e49c0_0 .net "Data_toSPI[1]", 0 0, L_0x560d7a9ab610;  1 drivers
v0x560d7a8e4a60_0 .net "Data_toSPI[2]", 0 0, L_0x560d7a9ac210;  1 drivers
v0x560d7a8e4b00_0 .net "Data_toSPI[3]", 0 0, L_0x560d7a9ace10;  1 drivers
v0x560d7a8e4ba0_0 .net "Data_toSPI[4]", 0 0, L_0x560d7a9ada10;  1 drivers
v0x560d7a8e4c40_0 .net "Data_toSPI[5]", 0 0, L_0x560d7a9ae610;  1 drivers
v0x560d7a8e4ce0_0 .net "Data_toSPI[6]", 0 0, L_0x560d7a9af210;  1 drivers
v0x560d7a8e4d80_0 .net "Data_toSPI[7]", 0 0, L_0x560d7a9afe10;  1 drivers
v0x560d7a8e4e20_0 .net "MISO", 0 0, L_0x560d7a9619b0;  alias, 1 drivers
v0x560d7a8e4f10_0 .net "MOSI", 0 0, v0x560d7a909390_0;  1 drivers
v0x560d7a8e4fb0_0 .net "MOSI_delay0", 0 0, L_0x560d7a9524f0;  1 drivers
v0x560d7a8e50a0_0 .net "MOSI_metastable", 0 0, L_0x560d7a94ed60;  1 drivers
v0x560d7a8e5190_0 .net "ReceivedByte[0]", 0 0, L_0x560d7a99c280;  1 drivers
v0x560d7a8e5230_0 .net "ReceivedByte[1]", 0 0, L_0x560d7a8a02b0;  1 drivers
v0x560d7a8e52d0_0 .net "ReceivedByte[2]", 0 0, L_0x560d7a89eed0;  1 drivers
v0x560d7a8e5370_0 .net "ReceivedByte[3]", 0 0, L_0x560d7a89fb10;  1 drivers
v0x560d7a8e5410_0 .net "ReceivedByte[4]", 0 0, L_0x560d7a9a1380;  1 drivers
v0x560d7a8e54b0_0 .net "ReceivedByte[5]", 0 0, L_0x560d7a9a2010;  1 drivers
v0x560d7a8e5550_0 .net "ReceivedByte[6]", 0 0, L_0x560d7a9a2ca0;  1 drivers
v0x560d7a8e55f0_0 .net "ReceivedByte[7]", 0 0, L_0x560d7a9a41b0;  1 drivers
v0x560d7a8e5690_0 .net "Register0[0]", 0 0, L_0x560d7a9668a0;  1 drivers
v0x560d7a8e5730_0 .net "Register0[1]", 0 0, L_0x560d7a9673a0;  1 drivers
v0x560d7a8e57d0_0 .net "Register0[2]", 0 0, L_0x560d7a967ea0;  1 drivers
v0x560d7a8e5870_0 .net "Register0[3]", 0 0, L_0x560d7a968970;  1 drivers
v0x560d7a8e59a0_0 .net "Register0[4]", 0 0, L_0x560d7a969470;  1 drivers
v0x560d7a8e5ad0_0 .net "Register0[5]", 0 0, L_0x560d7a969f40;  1 drivers
v0x560d7a8e5c00_0 .net "Register0[6]", 0 0, L_0x560d7a96aa40;  1 drivers
v0x560d7a8e5d30_0 .net "Register0[7]", 0 0, L_0x560d7a96b510;  1 drivers
v0x560d7a8e5e60_0 .net "Register1[0]", 0 0, L_0x560d7a96c0f0;  1 drivers
v0x560d7a8e5f90_0 .net "Register1[1]", 0 0, L_0x560d7a96cca0;  1 drivers
v0x560d7a8e60c0_0 .net "Register1[2]", 0 0, L_0x560d7a96d8b0;  1 drivers
v0x560d7a8e61f0_0 .net "Register1[3]", 0 0, L_0x560d7a96e490;  1 drivers
v0x560d7a8e6320_0 .net "Register1[4]", 0 0, L_0x560d7a96f0a0;  1 drivers
v0x560d7a8e6450_0 .net "Register1[5]", 0 0, L_0x560d7a96fc80;  1 drivers
v0x560d7a8e6580_0 .net "Register1[6]", 0 0, L_0x560d7a970ca0;  1 drivers
v0x560d7a8e66b0_0 .net "Register1[7]", 0 0, L_0x560d7a971880;  1 drivers
v0x560d7a8e67e0_0 .net "Register2[0]", 0 0, L_0x560d7a972490;  1 drivers
v0x560d7a8e6910_0 .net "Register2[1]", 0 0, L_0x560d7a973070;  1 drivers
v0x560d7a8e6a40_0 .net "Register2[2]", 0 0, L_0x560d7a973c50;  1 drivers
v0x560d7a8e6b70_0 .net "Register2[3]", 0 0, L_0x560d7a974830;  1 drivers
v0x560d7a8e6ca0_0 .net "Register2[4]", 0 0, L_0x560d7a975410;  1 drivers
v0x560d7a8e6dd0_0 .net "Register2[5]", 0 0, L_0x560d7a976050;  1 drivers
v0x560d7a8e6f00_0 .net "Register2[6]", 0 0, L_0x560d7a976c90;  1 drivers
v0x560d7a8e7030_0 .net "Register2[7]", 0 0, L_0x560d7a977870;  1 drivers
v0x560d7a8e7160_0 .net "Register3[0]", 0 0, L_0x560d7a978480;  1 drivers
v0x560d7a8e7290_0 .net "Register3[1]", 0 0, L_0x560d7a9790c0;  1 drivers
v0x560d7a8e73c0_0 .net "Register3[2]", 0 0, L_0x560d7a979d00;  1 drivers
v0x560d7a8e74f0_0 .net "Register3[3]", 0 0, L_0x560d7a97a940;  1 drivers
v0x560d7a8e7620_0 .net "Register3[4]", 0 0, L_0x560d7a97b580;  1 drivers
v0x560d7a8e7750_0 .net "Register3[5]", 0 0, L_0x560d7a97c1c0;  1 drivers
v0x560d7a8e7880_0 .net "Register3[6]", 0 0, L_0x560d7a97ce00;  1 drivers
v0x560d7a8e79b0_0 .net "Register3[7]", 0 0, L_0x560d7a97da40;  1 drivers
v0x560d7a8e7ae0_0 .net "Register4[0]", 0 0, L_0x560d7a97e680;  1 drivers
v0x560d7a8e7c10_0 .net "Register4[1]", 0 0, L_0x560d7a97f2c0;  1 drivers
v0x560d7a8e7d40_0 .net "Register4[2]", 0 0, L_0x560d7a97ff00;  1 drivers
v0x560d7a8e7e70_0 .net "Register4[3]", 0 0, L_0x560d7a980b40;  1 drivers
v0x560d7a8e7fa0_0 .net "Register4[4]", 0 0, L_0x560d7a981780;  1 drivers
v0x560d7a8e80d0_0 .net "Register4[5]", 0 0, L_0x560d7a9823c0;  1 drivers
v0x560d7a8e8200_0 .net "Register4[6]", 0 0, L_0x560d7a983000;  1 drivers
v0x560d7a8e8330_0 .net "Register4[7]", 0 0, L_0x560d7a983c40;  1 drivers
v0x560d7a8e8460_0 .net "Register5[0]", 0 0, L_0x560d7a984880;  1 drivers
v0x560d7a8e8590_0 .net "Register5[1]", 0 0, L_0x560d7a9853b0;  1 drivers
v0x560d7a8e86c0_0 .net "Register5[2]", 0 0, L_0x560d7a985ee0;  1 drivers
v0x560d7a8e87f0_0 .net "Register5[3]", 0 0, L_0x560d7a986a10;  1 drivers
v0x560d7a8e8920_0 .net "Register5[4]", 0 0, L_0x560d7a987750;  1 drivers
v0x560d7a8e8a50_0 .net "Register5[5]", 0 0, L_0x560d7a988490;  1 drivers
v0x560d7a8e8b80_0 .net "Register5[6]", 0 0, L_0x560d7a9891d0;  1 drivers
v0x560d7a8e8cb0_0 .net "Register5[7]", 0 0, L_0x560d7a989f10;  1 drivers
v0x560d7a8e8de0_0 .net "Register6[0]", 0 0, L_0x560d7a98aa40;  1 drivers
v0x560d7a8e8f10_0 .net "Register6[1]", 0 0, L_0x560d7a98b680;  1 drivers
v0x560d7a8e9040_0 .net "Register6[2]", 0 0, L_0x560d7a98c2c0;  1 drivers
v0x560d7a8e9170_0 .net "Register6[3]", 0 0, L_0x560d7a98cf00;  1 drivers
v0x560d7a8e92a0_0 .net "Register6[4]", 0 0, L_0x560d7a98db40;  1 drivers
v0x560d7a8e93d0_0 .net "Register6[5]", 0 0, L_0x560d7a98e780;  1 drivers
v0x560d7a8e9500_0 .net "Register6[6]", 0 0, L_0x560d7a98f3c0;  1 drivers
v0x560d7a8e9630_0 .net "Register6[7]", 0 0, L_0x560d7a990000;  1 drivers
v0x560d7a8e9760_0 .net "Register7[0]", 0 0, L_0x560d7a990c40;  1 drivers
v0x560d7a8e9890_0 .net "Register7[1]", 0 0, L_0x560d7a991880;  1 drivers
v0x560d7a8e99c0_0 .net "Register7[2]", 0 0, L_0x560d7a9924c0;  1 drivers
v0x560d7a8e9af0_0 .net "Register7[3]", 0 0, L_0x560d7a993100;  1 drivers
v0x560d7a8e9c20_0 .net "Register7[4]", 0 0, L_0x560d7a993d40;  1 drivers
v0x560d7a8e9d50_0 .net "Register7[5]", 0 0, L_0x560d7a994980;  1 drivers
v0x560d7a8e9e80_0 .net "Register7[6]", 0 0, L_0x560d7a9955c0;  1 drivers
v0x560d7a8e9fb0_0 .net "Register7[7]", 0 0, L_0x560d7a996200;  1 drivers
v0x560d7a8ea0e0_0 .net "RnW", 0 0, L_0x560d7a998680;  1 drivers
v0x560d7a8ea180_0 .net "SCK", 0 0, v0x560d7a909570_0;  1 drivers
v0x560d7a8ea220_0 .net "SCK_delay0", 0 0, L_0x560d7a951930;  1 drivers
v0x560d7a8ea2c0_0 .net "SCK_delay1", 0 0, L_0x560d7a9553b0;  1 drivers
v0x560d7a8ea360_0 .net "SCK_metastable", 0 0, L_0x560d7a94e270;  1 drivers
v0x560d7a8ea400_0 .net "SPI_State[0]", 0 0, L_0x560d7a9b09d0;  1 drivers
v0x560d7a8ea4a0_0 .net "SPI_State[1]", 0 0, L_0x560d7a9b1590;  1 drivers
v0x560d7a8ea540_0 .net "SPI_State[2]", 0 0, L_0x560d7a9b2360;  1 drivers
v0x560d7a8eaf00_0 .net "SPI_State[3]", 0 0, L_0x560d7a9b3130;  1 drivers
v0x560d7a8eafa0_0 .net "SPI_State[4]", 0 0, L_0x560d7a9b3cf0;  1 drivers
v0x560d7a8eb040_0 .net "SSEL", 0 0, v0x560d7a909660_0;  1 drivers
v0x560d7a8eb0e0_0 .net "SSEL_delay0", 0 0, L_0x560d7a9530b0;  1 drivers
v0x560d7a8eb180_0 .net "SSEL_delay1", 0 0, L_0x560d7a955f70;  1 drivers
v0x560d7a8eb220_0 .net "SSEL_metastable", 0 0, L_0x560d7a94f850;  1 drivers
v0x560d7a8eb2c0_0 .net "WrEn", 0 0, L_0x560d7a956b30;  1 drivers
v0x560d7a8eb360_0 .net "_0000_", 0 0, L_0x560d7a93a830;  1 drivers
v0x560d7a8eb400_0 .net "_0001_", 0 0, L_0x560d7a93b1a0;  1 drivers
v0x560d7a8eb4a0_0 .net "_0002_", 0 0, L_0x560d7a93b870;  1 drivers
v0x560d7a8eb540_0 .net "_0003_", 0 0, L_0x560d7a93c0d0;  1 drivers
v0x560d7a8eb5e0_0 .net "_0004_", 0 0, L_0x560d7a92bc30;  1 drivers
v0x560d7a8eb680_0 .net "_0005_", 0 0, L_0x560d7a92c9c0;  1 drivers
v0x560d7a8eb720_0 .net "_0006_", 0 0, L_0x560d7a92d7f0;  1 drivers
v0x560d7a8eb7c0_0 .net "_0007_", 0 0, L_0x560d7a92e5d0;  1 drivers
v0x560d7a8eb860_0 .net "_0008_", 0 0, L_0x560d7a92f3b0;  1 drivers
v0x560d7a8eb900_0 .net "_0009_", 0 0, L_0x560d7a931020;  1 drivers
v0x560d7a8eb9a0_0 .net "_0010_", 0 0, L_0x560d7a931db0;  1 drivers
v0x560d7a8eba40_0 .net "_0011_", 0 0, L_0x560d7a932b40;  1 drivers
v0x560d7a8ebae0_0 .net "_0012_", 0 0, L_0x560d7a926220;  1 drivers
v0x560d7a8ebb80_0 .net "_0013_", 0 0, L_0x560d7a9236a0;  1 drivers
v0x560d7a8ebc20_0 .net "_0014_", 0 0, L_0x560d7a947150;  1 drivers
v0x560d7a8ebcc0_0 .net "_0015_", 0 0, L_0x560d7a947200;  1 drivers
v0x560d7a8ebd60_0 .net "_0016_", 0 0, L_0x560d7a9472b0;  1 drivers
v0x560d7a8ebe00_0 .net "_0017_", 0 0, L_0x560d7a947360;  1 drivers
v0x560d7a8ebea0_0 .net "_0018_", 0 0, L_0x560d7a927490;  1 drivers
v0x560d7a8ebf40_0 .net "_0019_", 0 0, L_0x560d7a926ea0;  1 drivers
v0x560d7a8ebfe0_0 .net "_0020_", 0 0, L_0x560d7a926cc0;  1 drivers
v0x560d7a8ec080_0 .net "_0021_", 0 0, L_0x560d7a9268e0;  1 drivers
v0x560d7a8ec120_0 .net "_0022_", 0 0, L_0x560d7a9264f0;  1 drivers
v0x560d7a8ec1c0_0 .net "_0023_", 0 0, L_0x560d7a928260;  1 drivers
v0x560d7a8ec260_0 .net "_0024_", 0 0, L_0x560d7a9338d0;  1 drivers
v0x560d7a8ec300_0 .net "_0025_", 0 0, L_0x560d7a934660;  1 drivers
v0x560d7a8ec3a0_0 .net "_0026_", 0 0, L_0x560d7a935470;  1 drivers
v0x560d7a8ec440_0 .net "_0027_", 0 0, L_0x560d7a9363b0;  1 drivers
v0x560d7a8ec4e0_0 .net "_0028_", 0 0, L_0x560d7a937320;  1 drivers
v0x560d7a8ec580_0 .net "_0029_", 0 0, L_0x560d7a9382c0;  1 drivers
v0x560d7a8ec620_0 .net "_0030_", 0 0, L_0x560d7a939260;  1 drivers
v0x560d7a8ec6c0_0 .net "_0031_", 0 0, L_0x560d7a93a200;  1 drivers
v0x560d7a8ec760_0 .net "_0032_", 0 0, L_0x560d7a927680;  1 drivers
v0x560d7a8ec800_0 .net "_0033_", 0 0, L_0x560d7a9276f0;  1 drivers
v0x560d7a8ec8a0_0 .net "_0034_", 0 0, L_0x560d7a927880;  1 drivers
v0x560d7a8ec940_0 .net "_0035_", 0 0, L_0x560d7a927a10;  1 drivers
v0x560d7a8ec9e0_0 .net "_0036_", 0 0, L_0x560d7a927ba0;  1 drivers
v0x560d7a8eca80_0 .net "_0037_", 0 0, L_0x560d7a927d30;  1 drivers
v0x560d7a8ecb20_0 .net "_0038_", 0 0, L_0x560d7a9280d0;  1 drivers
v0x560d7a8ecbc0_0 .net "_0039_", 0 0, L_0x560d7a921900;  1 drivers
v0x560d7a8ecc60_0 .net "_0040_", 0 0, L_0x560d7a921a00;  1 drivers
v0x560d7a8ecd00_0 .net "_0041_", 0 0, L_0x560d7a921a70;  1 drivers
v0x560d7a8ecda0_0 .net "_0042_", 0 0, L_0x560d7a921ae0;  1 drivers
v0x560d7a8ece40_0 .net "_0043_", 0 0, L_0x560d7a921c60;  1 drivers
v0x560d7a8ecee0_0 .net "_0044_", 0 0, L_0x560d7a921d40;  1 drivers
v0x560d7a8ecf80_0 .net "_0045_", 0 0, L_0x560d7a921db0;  1 drivers
v0x560d7a8ed0b0_0 .net "_0046_", 0 0, L_0x560d7a921fa0;  1 drivers
v0x560d7a8ed150_0 .net "_0047_", 0 0, L_0x560d7a922080;  1 drivers
v0x560d7a8ed1f0_0 .net "_0048_", 0 0, L_0x560d7a9221d0;  1 drivers
v0x560d7a8ed290_0 .net "_0049_", 0 0, L_0x560d7a922540;  1 drivers
v0x560d7a8ed330_0 .net "_0050_", 0 0, L_0x560d7a922780;  1 drivers
v0x560d7a8ed460_0 .net "_0051_", 0 0, L_0x560d7a922840;  1 drivers
v0x560d7a8ed500_0 .net "_0052_", 0 0, L_0x560d7a922920;  1 drivers
v0x560d7a8ed630_0 .net "_0053_", 0 0, L_0x560d7a922ac0;  1 drivers
v0x560d7a8ed6d0_0 .net "_0054_", 0 0, L_0x560d7a922b30;  1 drivers
v0x560d7a8ed770_0 .net "_0055_", 0 0, L_0x560d7a922c10;  1 drivers
v0x560d7a8ed810_0 .net "_0056_", 0 0, L_0x560d7a922d40;  1 drivers
v0x560d7a8ed8b0_0 .net "_0057_", 0 0, L_0x560d7a923070;  1 drivers
v0x560d7a8ed950_0 .net "_0058_", 0 0, L_0x560d7a9232d0;  1 drivers
v0x560d7a8ed9f0_0 .net "_0059_", 0 0, L_0x560d7a9238d0;  1 drivers
v0x560d7a8eda90_0 .net "_0060_", 0 0, L_0x560d7a923d00;  1 drivers
v0x560d7a8edb30_0 .net "_0061_", 0 0, L_0x560d7a923d70;  1 drivers
v0x560d7a8edbd0_0 .net "_0062_", 0 0, L_0x560d7a923fa0;  1 drivers
v0x560d7a8edc70_0 .net "_0063_", 0 0, L_0x560d7a9240d0;  1 drivers
v0x560d7a8edd10_0 .net "_0064_", 0 0, L_0x560d7a9243f0;  1 drivers
v0x560d7a8eddb0_0 .net "_0065_", 0 0, L_0x560d7a924520;  1 drivers
v0x560d7a8ede50_0 .net "_0066_", 0 0, L_0x560d7a924780;  1 drivers
v0x560d7a8edef0_0 .net "_0067_", 0 0, L_0x560d7a9248f0;  1 drivers
v0x560d7a8edf90_0 .net "_0068_", 0 0, L_0x560d7a924b50;  1 drivers
v0x560d7a8ee030_0 .net "_0069_", 0 0, L_0x560d7a924ec0;  1 drivers
v0x560d7a8ee0d0_0 .net "_0070_", 0 0, L_0x560d7a925120;  1 drivers
v0x560d7a8ee170_0 .net "_0071_", 0 0, L_0x560d7a925380;  1 drivers
v0x560d7a8ee210_0 .net "_0072_", 0 0, L_0x560d7a9256a0;  1 drivers
v0x560d7a8ee2b0_0 .net "_0073_", 0 0, L_0x560d7a925d10;  1 drivers
v0x560d7a8ee350_0 .net "_0074_", 0 0, L_0x560d7a925f00;  1 drivers
v0x560d7a8ee3f0_0 .net "_0075_", 0 0, L_0x560d7a925f70;  1 drivers
v0x560d7a8ee520_0 .net "_0076_", 0 0, L_0x560d7a926300;  1 drivers
v0x560d7a8ee5c0_0 .net "_0077_", 0 0, L_0x560d7a9265d0;  1 drivers
v0x560d7a8ee660_0 .net "_0078_", 0 0, L_0x560d7a926700;  1 drivers
v0x560d7a8ee700_0 .net "_0079_", 0 0, L_0x560d7a9269c0;  1 drivers
v0x560d7a8ee7a0_0 .net "_0080_", 0 0, L_0x560d7a9272a0;  1 drivers
v0x560d7a8ee840_0 .net "_0081_", 0 0, L_0x560d7a927500;  1 drivers
v0x560d7a8ee8e0_0 .net "_0082_", 0 0, L_0x560d7a928460;  1 drivers
v0x560d7a8ee980_0 .net "_0083_", 0 0, L_0x560d7a9286a0;  1 drivers
v0x560d7a8eea20_0 .net "_0084_", 0 0, L_0x560d7a928b40;  1 drivers
v0x560d7a8eeac0_0 .net "_0085_", 0 0, L_0x560d7a928d60;  1 drivers
v0x560d7a8eeb60_0 .net "_0086_", 0 0, L_0x560d7a928eb0;  1 drivers
v0x560d7a8eec00_0 .net "_0087_", 0 0, L_0x560d7a9291e0;  1 drivers
v0x560d7a8eeca0_0 .net "_0088_", 0 0, L_0x560d7a929380;  1 drivers
v0x560d7a8eed40_0 .net "_0089_", 0 0, L_0x560d7a9296b0;  1 drivers
v0x560d7a8eede0_0 .net "_0090_", 0 0, L_0x560d7a9295d0;  1 drivers
v0x560d7a8eee80_0 .net "_0091_", 0 0, L_0x560d7a929f50;  1 drivers
v0x560d7a8eef20_0 .net "_0092_", 0 0, L_0x560d7a92a280;  1 drivers
v0x560d7a8eefc0_0 .net "_0093_", 0 0, L_0x560d7a92a360;  1 drivers
v0x560d7a8ef060_0 .net "_0094_", 0 0, L_0x560d7a92a6a0;  1 drivers
v0x560d7a8ef100_0 .net "_0095_", 0 0, L_0x560d7a92a920;  1 drivers
v0x560d7a8ef1a0_0 .net "_0096_", 0 0, L_0x560d7a92aa50;  1 drivers
v0x560d7a8ef240_0 .net "_0097_", 0 0, L_0x560d7a92ae20;  1 drivers
v0x560d7a8ef2e0_0 .net "_0098_", 0 0, L_0x560d7a92b010;  1 drivers
v0x560d7a8ef380_0 .net "_0099_", 0 0, L_0x560d7a92b2c0;  1 drivers
v0x560d7a8ef420_0 .net "_0100_", 0 0, L_0x560d7a92b380;  1 drivers
v0x560d7a8ef4c0_0 .net "_0101_", 0 0, L_0x560d7a92b660;  1 drivers
v0x560d7a8ef560_0 .net "_0102_", 0 0, L_0x560d7a92b9a0;  1 drivers
v0x560d7a8ef600_0 .net "_0103_", 0 0, L_0x560d7a92bca0;  1 drivers
v0x560d7a8ef6a0_0 .net "_0104_", 0 0, L_0x560d7a92bdf0;  1 drivers
v0x560d7a8ef740_0 .net "_0105_", 0 0, L_0x560d7a92c050;  1 drivers
v0x560d7a8ef7e0_0 .net "_0106_", 0 0, L_0x560d7a92c110;  1 drivers
v0x560d7a8ef880_0 .net "_0107_", 0 0, L_0x560d7a92c3f0;  1 drivers
v0x560d7a8ef920_0 .net "_0108_", 0 0, L_0x560d7a92c730;  1 drivers
v0x560d7a8ef9c0_0 .net "_0109_", 0 0, L_0x560d7a92cb80;  1 drivers
v0x560d7a8efa60_0 .net "_0110_", 0 0, L_0x560d7a92cc40;  1 drivers
v0x560d7a8efb00_0 .net "_0111_", 0 0, L_0x560d7a92cf30;  1 drivers
v0x560d7a8efba0_0 .net "_0112_", 0 0, L_0x560d7a92d0d0;  1 drivers
v0x560d7a8efc40_0 .net "_0113_", 0 0, L_0x560d7a92d380;  1 drivers
v0x560d7a8efce0_0 .net "_0114_", 0 0, L_0x560d7a92d440;  1 drivers
v0x560d7a8efdd0_0 .net "_0115_", 0 0, L_0x560d7a92d860;  1 drivers
v0x560d7a8efec0_0 .net "_0116_", 0 0, L_0x560d7a92d9b0;  1 drivers
v0x560d7a8effb0_0 .net "_0117_", 0 0, L_0x560d7a92dc60;  1 drivers
v0x560d7a8f00a0_0 .net "_0118_", 0 0, L_0x560d7a92dd20;  1 drivers
v0x560d7a8f0190_0 .net "_0119_", 0 0, L_0x560d7a92e000;  1 drivers
v0x560d7a8f0280_0 .net "_0120_", 0 0, L_0x560d7a92e340;  1 drivers
v0x560d7a8ea5e0_0 .net "_0121_", 0 0, L_0x560d7a92e640;  1 drivers
v0x560d7a8ea6d0_0 .net "_0122_", 0 0, L_0x560d7a92e790;  1 drivers
v0x560d7a8ea7c0_0 .net "_0123_", 0 0, L_0x560d7a92ea40;  1 drivers
v0x560d7a8ea8b0_0 .net "_0124_", 0 0, L_0x560d7a92eb00;  1 drivers
v0x560d7a8ea9a0_0 .net "_0125_", 0 0, L_0x560d7a92ede0;  1 drivers
v0x560d7a8eaa90_0 .net "_0126_", 0 0, L_0x560d7a92f120;  1 drivers
v0x560d7a8eab80_0 .net "_0127_", 0 0, L_0x560d7a92f420;  1 drivers
v0x560d7a8eac70_0 .net "_0128_", 0 0, L_0x560d7a92fba0;  1 drivers
v0x560d7a8f1330_0 .net "_0129_", 0 0, L_0x560d7a930220;  1 drivers
v0x560d7a8f13d0_0 .net "_0130_", 0 0, L_0x560d7a9302e0;  1 drivers
v0x560d7a8f14c0_0 .net "_0131_", 0 0, L_0x560d7a5d9f60;  1 drivers
v0x560d7a8f15b0_0 .net "_0132_", 0 0, L_0x560d7a930d90;  1 drivers
v0x560d7a8f16a0_0 .net "_0133_", 0 0, L_0x560d7a931090;  1 drivers
v0x560d7a8f1790_0 .net "_0134_", 0 0, L_0x560d7a9311e0;  1 drivers
v0x560d7a8f1880_0 .net "_0135_", 0 0, L_0x560d7a931440;  1 drivers
v0x560d7a8f1970_0 .net "_0136_", 0 0, L_0x560d7a931500;  1 drivers
v0x560d7a8f1a60_0 .net "_0137_", 0 0, L_0x560d7a9317e0;  1 drivers
v0x560d7a8f1b50_0 .net "_0138_", 0 0, L_0x560d7a931b20;  1 drivers
v0x560d7a8f1c40_0 .net "_0139_", 0 0, L_0x560d7a931e20;  1 drivers
v0x560d7a8f1d30_0 .net "_0140_", 0 0, L_0x560d7a931f70;  1 drivers
v0x560d7a8f1e20_0 .net "_0141_", 0 0, L_0x560d7a9321d0;  1 drivers
v0x560d7a8f1f10_0 .net "_0142_", 0 0, L_0x560d7a932290;  1 drivers
v0x560d7a8f2000_0 .net "_0143_", 0 0, L_0x560d7a932570;  1 drivers
v0x560d7a8f20f0_0 .net "_0144_", 0 0, L_0x560d7a9328b0;  1 drivers
v0x560d7a8f21e0_0 .net "_0145_", 0 0, L_0x560d7a932bb0;  1 drivers
v0x560d7a8f22d0_0 .net "_0146_", 0 0, L_0x560d7a932d00;  1 drivers
v0x560d7a8f23c0_0 .net "_0147_", 0 0, L_0x560d7a932f60;  1 drivers
v0x560d7a8f24b0_0 .net "_0148_", 0 0, L_0x560d7a933020;  1 drivers
v0x560d7a8f25a0_0 .net "_0149_", 0 0, L_0x560d7a933300;  1 drivers
v0x560d7a8f2690_0 .net "_0150_", 0 0, L_0x560d7a933640;  1 drivers
v0x560d7a8f2780_0 .net "_0151_", 0 0, L_0x560d7a933940;  1 drivers
v0x560d7a8f2870_0 .net "_0152_", 0 0, L_0x560d7a933a90;  1 drivers
v0x560d7a8f2960_0 .net "_0153_", 0 0, L_0x560d7a933cf0;  1 drivers
v0x560d7a8f2a50_0 .net "_0154_", 0 0, L_0x560d7a933db0;  1 drivers
v0x560d7a8f2b40_0 .net "_0155_", 0 0, L_0x560d7a934090;  1 drivers
v0x560d7a8f2c30_0 .net "_0156_", 0 0, L_0x560d7a9343d0;  1 drivers
v0x560d7a8f2d20_0 .net "_0157_", 0 0, L_0x560d7a9346d0;  1 drivers
v0x560d7a8f2e10_0 .net "_0158_", 0 0, L_0x560d7a934820;  1 drivers
v0x560d7a8f2f00_0 .net "_0159_", 0 0, L_0x560d7a934a80;  1 drivers
v0x560d7a8f2ff0_0 .net "_0160_", 0 0, L_0x560d7a934b40;  1 drivers
v0x560d7a8f30e0_0 .net "_0161_", 0 0, L_0x560d7a934e20;  1 drivers
v0x560d7a8f31d0_0 .net "_0162_", 0 0, L_0x560d7a9351b0;  1 drivers
v0x560d7a8f32c0_0 .net "_0163_", 0 0, L_0x560d7a9354e0;  1 drivers
v0x560d7a8f33b0_0 .net "_0164_", 0 0, L_0x560d7a935690;  1 drivers
v0x560d7a8f34a0_0 .net "_0165_", 0 0, L_0x560d7a935930;  1 drivers
v0x560d7a8f3590_0 .net "_0166_", 0 0, L_0x560d7a935a20;  1 drivers
v0x560d7a8f3680_0 .net "_0167_", 0 0, L_0x560d7a935d60;  1 drivers
v0x560d7a8f3770_0 .net "_0168_", 0 0, L_0x560d7a9360f0;  1 drivers
v0x560d7a8f3860_0 .net "_0169_", 0 0, L_0x560d7a936420;  1 drivers
v0x560d7a8f3950_0 .net "_0170_", 0 0, L_0x560d7a9365d0;  1 drivers
v0x560d7a8f3a40_0 .net "_0171_", 0 0, L_0x560d7a936870;  1 drivers
v0x560d7a8f3b30_0 .net "_0172_", 0 0, L_0x560d7a936960;  1 drivers
v0x560d7a8f3c20_0 .net "_0173_", 0 0, L_0x560d7a936ca0;  1 drivers
v0x560d7a8f3d10_0 .net "_0174_", 0 0, L_0x560d7a937060;  1 drivers
v0x560d7a8f3e00_0 .net "_0175_", 0 0, L_0x560d7a937390;  1 drivers
v0x560d7a8f3ef0_0 .net "_0176_", 0 0, L_0x560d7a937540;  1 drivers
v0x560d7a8f3fe0_0 .net "_0177_", 0 0, L_0x560d7a937810;  1 drivers
v0x560d7a8f40d0_0 .net "_0178_", 0 0, L_0x560d7a937900;  1 drivers
v0x560d7a8f41c0_0 .net "_0179_", 0 0, L_0x560d7a937c40;  1 drivers
v0x560d7a8f42b0_0 .net "_0180_", 0 0, L_0x560d7a938000;  1 drivers
v0x560d7a8f43a0_0 .net "_0181_", 0 0, L_0x560d7a938330;  1 drivers
v0x560d7a8f4490_0 .net "_0182_", 0 0, L_0x560d7a9384e0;  1 drivers
v0x560d7a8f4580_0 .net "_0183_", 0 0, L_0x560d7a9387b0;  1 drivers
v0x560d7a8f4670_0 .net "_0184_", 0 0, L_0x560d7a9388a0;  1 drivers
v0x560d7a8f4760_0 .net "_0185_", 0 0, L_0x560d7a938be0;  1 drivers
v0x560d7a8f4850_0 .net "_0186_", 0 0, L_0x560d7a938fa0;  1 drivers
v0x560d7a8f4940_0 .net "_0187_", 0 0, L_0x560d7a9392d0;  1 drivers
v0x560d7a8f4a30_0 .net "_0188_", 0 0, L_0x560d7a939480;  1 drivers
v0x560d7a8f4b20_0 .net "_0189_", 0 0, L_0x560d7a939750;  1 drivers
v0x560d7a8f4c10_0 .net "_0190_", 0 0, L_0x560d7a939840;  1 drivers
v0x560d7a8f4d00_0 .net "_0191_", 0 0, L_0x560d7a939b80;  1 drivers
v0x560d7a8f4df0_0 .net "_0192_", 0 0, L_0x560d7a939f40;  1 drivers
v0x560d7a8f4ee0_0 .net "_0193_", 0 0, L_0x560d7a93a2e0;  1 drivers
v0x560d7a8f4f80_0 .net "_0194_", 0 0, L_0x560d7a93a490;  1 drivers
v0x560d7a8f5020_0 .net "_0195_", 0 0, L_0x560d7a93a5e0;  1 drivers
v0x560d7a8f5110_0 .net "_0196_", 0 0, L_0x560d7a93aa10;  1 drivers
v0x560d7a8f5200_0 .net "_0197_", 0 0, L_0x560d7a93ac80;  1 drivers
v0x560d7a8f52f0_0 .net "_0198_", 0 0, L_0x560d7a93ad40;  1 drivers
v0x560d7a8f5420_0 .net "_0199_", 0 0, L_0x560d7a93ae80;  1 drivers
v0x560d7a8f54c0_0 .net "_0200_", 0 0, L_0x560d7a93b2f0;  1 drivers
v0x560d7a8f55b0_0 .net "_0201_", 0 0, L_0x560d7a93b360;  1 drivers
v0x560d7a8f5650_0 .net "_0202_", 0 0, L_0x560d7a93b4d0;  1 drivers
v0x560d7a8f5740_0 .net "_0203_", 0 0, L_0x560d7a93b620;  1 drivers
v0x560d7a8f5830_0 .net "_0204_", 0 0, L_0x560d7a93b950;  1 drivers
v0x560d7a8f5920_0 .net "_0205_", 0 0, L_0x560d7a93baa0;  1 drivers
v0x560d7a8f5a10_0 .net "_0206_", 0 0, L_0x560d7a93bcf0;  1 drivers
v0x560d7a8f5b00_0 .net "_0207_", 0 0, L_0x560d7a947070;  1 drivers
v0x560d7a8f5bf0_0 .net "_0208_", 0 0, L_0x560d7a946f00;  1 drivers
v0x560d7a8f5ce0_0 .net "_0209_", 0 0, L_0x560d7a946d90;  1 drivers
v0x560d7a8f5dd0_0 .net "_0210_", 0 0, L_0x560d7a946c20;  1 drivers
v0x560d7a8f5ec0_0 .net "_0211_", 0 0, L_0x560d7a10bba0;  1 drivers
v0x560d7a8f5fb0_0 .net "_0212_", 0 0, L_0x560d7a946a40;  1 drivers
v0x560d7a8f6050_0 .net "_0213_", 0 0, L_0x560d7a9468d0;  1 drivers
v0x560d7a8f60f0_0 .net "_0214_", 0 0, L_0x560d7a926160;  1 drivers
v0x560d7a8f6220_0 .net "_0215_", 0 0, L_0x560d7a946760;  1 drivers
v0x560d7a8f62c0_0 .net "_0216_", 0 0, L_0x560d7a946620;  1 drivers
v0x560d7a8f6360_0 .net "_0217_", 0 0, L_0x560d7a946570;  1 drivers
v0x560d7a8f6450_0 .net "_0218_", 0 0, L_0x560d7a9464c0;  1 drivers
v0x560d7a8f6540_0 .net "_0219_", 0 0, L_0x560d7a946410;  1 drivers
v0x560d7a8f6630_0 .net "_0220_", 0 0, L_0x560d7a946360;  1 drivers
v0x560d7a8f6720_0 .net "_0221_", 0 0, L_0x560d7a9462b0;  1 drivers
v0x560d7a8f6810_0 .net "_0222_", 0 0, L_0x560d7a946200;  1 drivers
v0x560d7a8f6900_0 .net "_0223_", 0 0, L_0x560d7a921800;  1 drivers
v0x560d7a8f69a0_0 .net "_0224_", 0 0, L_0x560d7a946120;  1 drivers
v0x560d7a8f6a90_0 .net "_0225_", 0 0, L_0x560d7a945ed0;  1 drivers
v0x560d7a8f6b80_0 .net "_0226_", 0 0, L_0x560d7a945c80;  1 drivers
v0x560d7a8f6c70_0 .net "_0227_", 0 0, L_0x560d7a945a30;  1 drivers
v0x560d7a8f6d60_0 .net "_0228_", 0 0, L_0x560d7a9457e0;  1 drivers
v0x560d7a8f6e50_0 .net "_0229_", 0 0, L_0x560d7a9455b0;  1 drivers
v0x560d7a8f6f40_0 .net "_0230_", 0 0, L_0x560d7a945380;  1 drivers
v0x560d7a8f7030_0 .net "_0231_", 0 0, L_0x560d7a925a10;  1 drivers
v0x560d7a8f70d0_0 .net "_0232_", 0 0, L_0x560d7a945150;  1 drivers
v0x560d7a8f71c0_0 .net "_0233_", 0 0, L_0x560d7a7dd640;  1 drivers
v0x560d7a8f72b0_0 .net "_0234_", 0 0, L_0x560d7a7dd590;  1 drivers
v0x560d7a8f73a0_0 .net "_0235_", 0 0, L_0x560d7a925760;  1 drivers
v0x560d7a8f7490_0 .net "_0236_", 0 0, L_0x560d7a7dd4e0;  1 drivers
v0x560d7a8f7580_0 .net "_0237_", 0 0, L_0x560d7a921700;  1 drivers
v0x560d7a8f7620_0 .net "_0238_", 0 0, L_0x560d7a7dd400;  1 drivers
v0x560d7a8f7710_0 .net "_0239_", 0 0, L_0x560d7a7dd930;  1 drivers
v0x560d7a8f7800_0 .net "_0240_", 0 0, L_0x560d7a7dd7c0;  1 drivers
v0x560d7a8f78f0_0 .net "_0241_", 0 0, L_0x560d7a943fd0;  1 drivers
v0x560d7a8f79e0_0 .net "_0242_", 0 0, L_0x560d7a943e60;  1 drivers
v0x560d7a8f7ad0_0 .net "_0243_", 0 0, L_0x560d7a943cf0;  1 drivers
v0x560d7a8f7bc0_0 .net "_0244_", 0 0, L_0x560d7a943b80;  1 drivers
v0x560d7a8f7cb0_0 .net "_0245_", 0 0, L_0x560d7a9254b0;  1 drivers
v0x560d7a8f7da0_0 .net "_0246_", 0 0, L_0x560d7a943a10;  1 drivers
v0x560d7a8f7e90_0 .net "_0247_", 0 0, L_0x560d7a7db340;  1 drivers
v0x560d7a8f7f80_0 .net "_0248_", 0 0, L_0x560d7a7db1d0;  1 drivers
v0x560d7a8f8070_0 .net "_0249_", 0 0, L_0x560d7a9433b0;  1 drivers
v0x560d7a8f8160_0 .net "_0250_", 0 0, L_0x560d7a943240;  1 drivers
v0x560d7a8f8250_0 .net "_0251_", 0 0, L_0x560d7a9430d0;  1 drivers
v0x560d7a8f8340_0 .net "_0252_", 0 0, L_0x560d7a942f60;  1 drivers
v0x560d7a8f8430_0 .net "_0253_", 0 0, L_0x560d7a925250;  1 drivers
v0x560d7a8f8520_0 .net "_0254_", 0 0, L_0x560d7a942df0;  1 drivers
v0x560d7a8f8610_0 .net "_0255_", 0 0, L_0x560d7a942c80;  1 drivers
v0x560d7a8f8700_0 .net "_0256_", 0 0, L_0x560d7a942b10;  1 drivers
v0x560d7a8f87f0_0 .net "_0257_", 0 0, L_0x560d7a942590;  1 drivers
v0x560d7a8f88e0_0 .net "_0258_", 0 0, L_0x560d7a942420;  1 drivers
v0x560d7a8f89d0_0 .net "_0259_", 0 0, L_0x560d7a9422b0;  1 drivers
v0x560d7a8f8ac0_0 .net "_0260_", 0 0, L_0x560d7a942140;  1 drivers
v0x560d7a8f8bb0_0 .net "_0261_", 0 0, L_0x560d7a924ff0;  1 drivers
v0x560d7a8f8ca0_0 .net "_0262_", 0 0, L_0x560d7a941fd0;  1 drivers
v0x560d7a8f8d90_0 .net "_0263_", 0 0, L_0x560d7a941e60;  1 drivers
v0x560d7a8f8e80_0 .net "_0264_", 0 0, L_0x560d7a941cf0;  1 drivers
v0x560d7a8f8f70_0 .net "_0265_", 0 0, L_0x560d7a941770;  1 drivers
v0x560d7a8f9060_0 .net "_0266_", 0 0, L_0x560d7a941600;  1 drivers
v0x560d7a8f9150_0 .net "_0267_", 0 0, L_0x560d7a941490;  1 drivers
v0x560d7a8f9240_0 .net "_0268_", 0 0, L_0x560d7a941320;  1 drivers
v0x560d7a8f9330_0 .net "_0269_", 0 0, L_0x560d7a924c80;  1 drivers
v0x560d7a8f9420_0 .net "_0270_", 0 0, L_0x560d7a9411b0;  1 drivers
v0x560d7a8f9510_0 .net "_0271_", 0 0, L_0x560d7a941040;  1 drivers
v0x560d7a8f9600_0 .net "_0272_", 0 0, L_0x560d7a940ed0;  1 drivers
v0x560d7a8f96f0_0 .net "_0273_", 0 0, L_0x560d7a940950;  1 drivers
v0x560d7a8f97e0_0 .net "_0274_", 0 0, L_0x560d7a9407e0;  1 drivers
v0x560d7a8f98d0_0 .net "_0275_", 0 0, L_0x560d7a940670;  1 drivers
v0x560d7a8f99c0_0 .net "_0276_", 0 0, L_0x560d7a940500;  1 drivers
v0x560d7a8f9ab0_0 .net "_0277_", 0 0, L_0x560d7a924a20;  1 drivers
v0x560d7a8f9ba0_0 .net "_0278_", 0 0, L_0x560d7a940390;  1 drivers
v0x560d7a8f9c90_0 .net "_0279_", 0 0, L_0x560d7a940220;  1 drivers
v0x560d7a8f9d80_0 .net "_0280_", 0 0, L_0x560d7a9400b0;  1 drivers
v0x560d7a8f9e70_0 .net "_0281_", 0 0, L_0x560d7a93fb30;  1 drivers
v0x560d7a8f9f60_0 .net "_0282_", 0 0, L_0x560d7a93f9c0;  1 drivers
v0x560d7a8fa050_0 .net "_0283_", 0 0, L_0x560d7a93f850;  1 drivers
v0x560d7a8fa140_0 .net "_0284_", 0 0, L_0x560d7a93f6e0;  1 drivers
v0x560d7a8fa230_0 .net "_0285_", 0 0, L_0x560d7a924650;  1 drivers
v0x560d7a8fa320_0 .net "_0286_", 0 0, L_0x560d7a93f570;  1 drivers
v0x560d7a8fa410_0 .net "_0287_", 0 0, L_0x560d7a93f400;  1 drivers
v0x560d7a8fa500_0 .net "_0288_", 0 0, L_0x560d7a93f290;  1 drivers
v0x560d7a8fa5f0_0 .net "_0289_", 0 0, L_0x560d7a93ed10;  1 drivers
v0x560d7a8fa6e0_0 .net "_0290_", 0 0, L_0x560d7a93eba0;  1 drivers
v0x560d7a8fa7d0_0 .net "_0291_", 0 0, L_0x560d7a93ea30;  1 drivers
v0x560d7a8fa8c0_0 .net "_0292_", 0 0, L_0x560d7a93e8c0;  1 drivers
v0x560d7a8fa9b0_0 .net "_0293_", 0 0, L_0x560d7a924200;  1 drivers
v0x560d7a8faaa0_0 .net "_0294_", 0 0, L_0x560d7a93e750;  1 drivers
v0x560d7a8fab90_0 .net "_0295_", 0 0, L_0x560d7a93e5e0;  1 drivers
v0x560d7a8fac80_0 .net "_0296_", 0 0, L_0x560d7a93e470;  1 drivers
v0x560d7a8fad70_0 .net "_0297_", 0 0, L_0x560d7a93def0;  1 drivers
v0x560d7a8fae60_0 .net "_0298_", 0 0, L_0x560d7a93dd80;  1 drivers
v0x560d7a8faf50_0 .net "_0299_", 0 0, L_0x560d7a93dc10;  1 drivers
v0x560d7a8fb040_0 .net "_0300_", 0 0, L_0x560d7a93daa0;  1 drivers
v0x560d7a8fb130_0 .net "_0301_", 0 0, L_0x560d7a923e50;  1 drivers
v0x560d7a8fb220_0 .net "_0302_", 0 0, L_0x560d7a923810;  1 drivers
v0x560d7a8fb310_0 .net "_0303_", 0 0, L_0x560d7a923570;  1 drivers
v0x560d7a8fb400_0 .net "_0304_", 0 0, L_0x560d7a923490;  1 drivers
v0x560d7a8fb4f0_0 .net "_0305_", 0 0, L_0x560d7a9231a0;  1 drivers
v0x560d7a8fb5e0_0 .net "_0306_", 0 0, L_0x560d7a922f90;  1 drivers
v0x560d7a8fb6d0_0 .net "_0307_", 0 0, L_0x560d7a93d930;  1 drivers
v0x560d7a8fb7c0_0 .net "_0308_", 0 0, L_0x560d7a93d7b0;  1 drivers
v0x560d7a8fb8b0_0 .net "_0309_", 0 0, L_0x560d7a93d230;  1 drivers
v0x560d7a8fb9a0_0 .net "_0310_", 0 0, L_0x560d7a93d0c0;  1 drivers
v0x560d7a8fba90_0 .net "_0311_", 0 0, L_0x560d7a93cf50;  1 drivers
v0x560d7a8fbb80_0 .net "_0312_", 0 0, L_0x560d7a93cde0;  1 drivers
v0x560d7a8fbc70_0 .net "_0313_", 0 0, L_0x560d7a93cc70;  1 drivers
v0x560d7a8fbd60_0 .net "_0314_", 0 0, L_0x560d7a922a50;  1 drivers
v0x560d7a8fbe00_0 .net "_0315_", 0 0, L_0x560d7a93cb00;  1 drivers
v0x560d7a8fbef0_0 .net "_0316_", 0 0, L_0x560d7a93c980;  1 drivers
v0x560d7a8fbfe0_0 .net "_0317_", 0 0, L_0x560d7a93c5f0;  1 drivers
v0x560d7a8fc0d0_0 .net "_0318_", 0 0, L_0x560d7a93c470;  1 drivers
v0x560d7a8fc1c0_0 .net "_0319_", 0 0, L_0x560d7a93c310;  1 drivers
v0x560d7a8fc2b0_0 .net "_0320_", 0 0, L_0x560d7a93c1e0;  1 drivers
v0x560d7a8fc3a0_0 .net "_0321_", 0 0, L_0x560d7a922300;  1 drivers
v0x560d7a8fc440_0 .net "_0322_", 0 0, L_0x560d7a9b3db0;  1 drivers
v0x560d7a8fc530_0 .net "_0323_", 0 0, L_0x560d7a9b4060;  1 drivers
v0x560d7a8fc620_0 .net "_0324_", 0 0, L_0x560d7a9b4160;  1 drivers
v0x560d7a8fc710_0 .net "_0325_", 0 0, L_0x560d7a9b4260;  1 drivers
v0x560d7a8fc800_0 .net "_0326_", 0 0, L_0x560d7a9b4360;  1 drivers
v0x560d7a8fc8f0_0 .net "_0327_", 0 0, L_0x560d7a9b4460;  1 drivers
v0x560d7a8fc9e0_0 .net "_0328_", 0 0, L_0x560d7a9b4560;  1 drivers
v0x560d7a8fcad0_0 .net "_0329_", 0 0, L_0x560d7a9b4660;  1 drivers
v0x560d7a8fcbc0_0 .net "_0330_", 0 0, L_0x560d7a9b4760;  1 drivers
v0x560d7a8fccb0_0 .net "_0331_", 0 0, L_0x560d7a9b4860;  1 drivers
v0x560d7a8fcda0_0 .net "_0332_", 0 0, L_0x560d7a9b4960;  1 drivers
v0x560d7a8fce90_0 .net "_0333_", 0 0, L_0x560d7a9b4a60;  1 drivers
v0x560d7a8fcf80_0 .net "_0334_", 0 0, L_0x560d7a9b4b60;  1 drivers
v0x560d7a8fd070_0 .net "_0335_", 0 0, L_0x560d7a9b4c60;  1 drivers
v0x560d7a8fd160_0 .net "_0336_", 0 0, L_0x560d7a9b4d60;  1 drivers
v0x560d7a8fd250_0 .net "_0337_", 0 0, L_0x560d7a9b4e60;  1 drivers
v0x560d7a8fd340_0 .net "_0338_", 0 0, L_0x560d7a9b4f60;  1 drivers
v0x560d7a8fd430_0 .net "_0339_", 0 0, L_0x560d7a9b5060;  1 drivers
v0x560d7a8fd520_0 .net "_0340_", 0 0, L_0x560d7a9b5160;  1 drivers
v0x560d7a8fd610_0 .net "_0341_", 0 0, L_0x560d7a9b5260;  1 drivers
v0x560d7a8fd700_0 .net "_0342_", 0 0, L_0x560d7a9b5360;  1 drivers
v0x560d7a8fd7f0_0 .net "_0343_", 0 0, L_0x560d7a9b5460;  1 drivers
v0x560d7a8fd8e0_0 .net "_0344_", 0 0, L_0x560d7a9b5560;  1 drivers
v0x560d7a8fd9d0_0 .net "_0345_", 0 0, L_0x560d7a9b5660;  1 drivers
v0x560d7a8fdac0_0 .net "_0346_", 0 0, L_0x560d7a9b5760;  1 drivers
v0x560d7a8fdbb0_0 .net "_0347_", 0 0, L_0x560d7a9b5860;  1 drivers
v0x560d7a8fdca0_0 .net "_0348_", 0 0, L_0x560d7a9b5960;  1 drivers
v0x560d7a8fdd90_0 .net "_0349_", 0 0, L_0x560d7a9b5a60;  1 drivers
v0x560d7a8fde80_0 .net "_0350_", 0 0, L_0x560d7a9b5b60;  1 drivers
v0x560d7a8fdf70_0 .net "_0351_", 0 0, L_0x560d7a9b5c60;  1 drivers
v0x560d7a8fe060_0 .net "_0352_", 0 0, L_0x560d7a9b5d60;  1 drivers
v0x560d7a8fe150_0 .net "_0353_", 0 0, L_0x560d7a9b5e60;  1 drivers
v0x560d7a8fe240_0 .net "_0354_", 0 0, L_0x560d7a9b5f60;  1 drivers
v0x560d7a8fe330_0 .net "_0355_", 0 0, L_0x560d7a9b6060;  1 drivers
v0x560d7a8fe420_0 .net "_0356_", 0 0, L_0x560d7a9b6160;  1 drivers
v0x560d7a8fe510_0 .net "_0357_", 0 0, L_0x560d7a9b6260;  1 drivers
v0x560d7a8fe600_0 .net "_0358_", 0 0, L_0x560d7a9b6360;  1 drivers
v0x560d7a8fe6f0_0 .net "_0359_", 0 0, L_0x560d7a9b6460;  1 drivers
v0x560d7a8fe7e0_0 .net "_0360_", 0 0, L_0x560d7a9b6560;  1 drivers
v0x560d7a8fe8d0_0 .net "_0361_", 0 0, L_0x560d7a9b6660;  1 drivers
v0x560d7a8fe9c0_0 .net "_0362_", 0 0, L_0x560d7a9b6760;  1 drivers
v0x560d7a8feab0_0 .net "_0363_", 0 0, L_0x560d7a9b6860;  1 drivers
v0x560d7a8feba0_0 .net "_0364_", 0 0, L_0x560d7a9b6960;  1 drivers
v0x560d7a8fec90_0 .net "_0365_", 0 0, L_0x560d7a9b6a60;  1 drivers
v0x560d7a8fed80_0 .net "_0366_", 0 0, L_0x560d7a9b6b60;  1 drivers
v0x560d7a8fee70_0 .net "_0367_", 0 0, L_0x560d7a9b6c60;  1 drivers
v0x560d7a8fef60_0 .net "_0368_", 0 0, L_0x560d7a9b6d60;  1 drivers
v0x560d7a8ff050_0 .net "_0369_", 0 0, L_0x560d7a9b6e60;  1 drivers
v0x560d7a8ff140_0 .net "_0370_", 0 0, L_0x560d7a9b6f60;  1 drivers
v0x560d7a8ff230_0 .net "_0371_", 0 0, L_0x560d7a9b7060;  1 drivers
v0x560d7a8ff320_0 .net "_0372_", 0 0, L_0x560d7a9b7160;  1 drivers
v0x560d7a8ff410_0 .net "_0373_", 0 0, L_0x560d7a9b7260;  1 drivers
v0x560d7a8ff500_0 .net "_0374_", 0 0, L_0x560d7a9b7360;  1 drivers
v0x560d7a8ff5f0_0 .net "_0375_", 0 0, L_0x560d7a9b7460;  1 drivers
v0x560d7a8ff6e0_0 .net "_0376_", 0 0, L_0x560d7a9b7560;  1 drivers
v0x560d7a8f0320_0 .net "_0377_", 0 0, L_0x560d7a9b76b0;  1 drivers
v0x560d7a8f0410_0 .net "_0378_", 0 0, L_0x560d7a9b77b0;  1 drivers
v0x560d7a8f0500_0 .net "_0379_", 0 0, L_0x560d7a9b78b0;  1 drivers
v0x560d7a8f05f0_0 .net "_0380_", 0 0, L_0x560d7a9b79b0;  1 drivers
v0x560d7a8f06e0_0 .net "_0381_", 0 0, L_0x560d7a9b7ab0;  1 drivers
v0x560d7a8f07d0_0 .net "_0382_", 0 0, L_0x560d7a9b7bb0;  1 drivers
v0x560d7a8f08c0_0 .net "_0383_", 0 0, L_0x560d7a9b7cb0;  1 drivers
v0x560d7a8f09b0_0 .net "_0384_", 0 0, L_0x560d7a9b7db0;  1 drivers
v0x560d7a8f0aa0_0 .net "_0385_", 0 0, L_0x560d7a9b7eb0;  1 drivers
v0x560d7a8f0b90_0 .net "_0386_", 0 0, L_0x560d7a9b7fb0;  1 drivers
v0x560d7a8f0c80_0 .net "_0387_", 0 0, L_0x560d7a9b80b0;  1 drivers
v0x560d7a8f0d70_0 .net "_0388_", 0 0, L_0x560d7a9b81b0;  1 drivers
v0x560d7a8f0e60_0 .net "_0389_", 0 0, L_0x560d7a9b82b0;  1 drivers
v0x560d7a8f0f50_0 .net "_0390_", 0 0, L_0x560d7a9b83b0;  1 drivers
v0x560d7a8f1040_0 .net "_0391_", 0 0, L_0x560d7a9b84b0;  1 drivers
v0x560d7a8f1130_0 .net "_0392_", 0 0, L_0x560d7a9b85b0;  1 drivers
v0x560d7a8f1220_0 .net "_0393_", 0 0, L_0x560d7a9b86b0;  1 drivers
v0x560d7a901790_0 .net "_0394_", 0 0, L_0x560d7a9b8800;  1 drivers
v0x560d7a901830_0 .net "_0395_", 0 0, L_0x560d7a9b8950;  1 drivers
v0x560d7a9018d0_0 .net "_0396_", 0 0, L_0x560d7a9b8aa0;  1 drivers
v0x560d7a901970_0 .net "_0397_", 0 0, L_0x560d7a9b8bf0;  1 drivers
v0x560d7a901a10_0 .net "_0398_", 0 0, L_0x560d7a9b8d40;  1 drivers
v0x560d7a901ab0_0 .net "_0399_", 0 0, L_0x560d7a9b8e90;  1 drivers
v0x560d7a901b50_0 .net "_0400_", 0 0, L_0x560d7a9b8fe0;  1 drivers
v0x560d7a901bf0_0 .net "_0401_", 0 0, L_0x560d7a9b9130;  1 drivers
v0x560d7a901c90_0 .net "_0402_", 0 0, L_0x560d7a9b9230;  1 drivers
v0x560d7a901d30_0 .net "_0403_", 0 0, L_0x560d7a9b9330;  1 drivers
v0x560d7a901e20_0 .net "_0404_", 0 0, L_0x560d7a9b9430;  1 drivers
v0x560d7a901f10_0 .net "_0405_", 0 0, L_0x560d7a9b9530;  1 drivers
v0x560d7a902000_0 .net "_0406_", 0 0, L_0x560d7a9b9630;  1 drivers
v0x560d7a9020f0_0 .net "_0407_", 0 0, L_0x560d7a9b9730;  1 drivers
v0x560d7a9021e0_0 .net "_0408_", 0 0, L_0x560d7a9b9830;  1 drivers
v0x560d7a9022d0_0 .net "_0409_", 0 0, L_0x560d7a9b9930;  1 drivers
v0x560d7a9023c0_0 .net "_0410_", 0 0, L_0x560d7a9b9a30;  1 drivers
v0x560d7a9024b0_0 .net "_0411_", 0 0, L_0x560d7a9b9b30;  1 drivers
v0x560d7a9025a0_0 .net "_0412_", 0 0, L_0x560d7a9b9c30;  1 drivers
v0x560d7a902690_0 .net "_0413_", 0 0, L_0x560d7a9b9d30;  1 drivers
v0x560d7a902780_0 .net "_0414_", 0 0, L_0x560d7a9b9e30;  1 drivers
v0x560d7a902870_0 .net "_0415_", 0 0, L_0x560d7a9b9f30;  1 drivers
v0x560d7a902960_0 .net "_0416_", 0 0, L_0x560d7a9ba030;  1 drivers
v0x560d7a902a50_0 .net "_0417_", 0 0, L_0x560d7a9ba130;  1 drivers
v0x560d7a902b40_0 .net "_0418_", 0 0, L_0x560d7a9ba230;  1 drivers
v0x560d7a902c30_0 .net "_0419_", 0 0, L_0x560d7a9ba330;  1 drivers
v0x560d7a902d20_0 .net "_0420_", 0 0, L_0x560d7a9ba430;  1 drivers
v0x560d7a902e10_0 .net "_0421_", 0 0, L_0x560d7a9ba530;  1 drivers
v0x560d7a902f00_0 .net "_0422_", 0 0, L_0x560d7a9ba630;  1 drivers
v0x560d7a902ff0_0 .net "_0423_", 0 0, L_0x560d7a9ba730;  1 drivers
v0x560d7a9030e0_0 .net "_0424_", 0 0, L_0x560d7a9ba830;  1 drivers
v0x560d7a9031d0_0 .net "_0425_", 0 0, L_0x560d7a9ba930;  1 drivers
v0x560d7a9032c0_0 .net "_0426_", 0 0, L_0x560d7a9baa30;  1 drivers
v0x560d7a9033b0_0 .net "_0427_", 0 0, L_0x560d7a9bab30;  1 drivers
v0x560d7a9034a0_0 .net "_0428_", 0 0, L_0x560d7a9bac30;  1 drivers
v0x560d7a903590_0 .net "_0429_", 0 0, L_0x560d7a9a3840;  1 drivers
v0x560d7a903680_0 .net "_0430_", 0 0, L_0x560d7a9a3940;  1 drivers
v0x560d7a903770_0 .net "_0431_", 0 0, L_0x560d7a9a3a40;  1 drivers
v0x560d7a903860_0 .net "_0432_", 0 0, L_0x560d7a9a3b40;  1 drivers
v0x560d7a903950_0 .net "_0433_", 0 0, L_0x560d7a9a3c40;  1 drivers
v0x560d7a903a40_0 .net "_0434_", 0 0, L_0x560d7a9a3d40;  1 drivers
v0x560d7a903b30_0 .net "_0435_", 0 0, L_0x560d7a9a3e40;  1 drivers
v0x560d7a903c20_0 .net "_0436_", 0 0, L_0x560d7a9a3f40;  1 drivers
v0x560d7a903d10_0 .net "_0437_", 0 0, L_0x560d7a9bbd40;  1 drivers
v0x560d7a903e00_0 .net "_0438_", 0 0, L_0x560d7a9bbe40;  1 drivers
v0x560d7a903ef0_0 .net "_0439_", 0 0, L_0x560d7a9bbf40;  1 drivers
v0x560d7a903fe0_0 .net "_0440_", 0 0, L_0x560d7a9bc040;  1 drivers
v0x560d7a9040d0_0 .net "_0441_", 0 0, L_0x560d7a9bc140;  1 drivers
v0x560d7a9041c0_0 .net "_0442_", 0 0, L_0x560d7a9bc240;  1 drivers
v0x560d7a9042b0_0 .net "_0443_", 0 0, L_0x560d7a9bc340;  1 drivers
v0x560d7a9043a0_0 .net "_0444_", 0 0, L_0x560d7a9bc440;  1 drivers
v0x560d7a904490_0 .net "_0445_", 0 0, L_0x560d7a9bc540;  1 drivers
v0x560d7a904580_0 .net "_0446_", 0 0, L_0x560d7a9bc640;  1 drivers
v0x560d7a904670_0 .net "_0447_", 0 0, L_0x560d7a9bc740;  1 drivers
v0x560d7a904760_0 .net "_0448_", 0 0, L_0x560d7a9bc840;  1 drivers
v0x560d7a904850_0 .net "_0449_", 0 0, L_0x560d7a9bc940;  1 drivers
v0x560d7a904940_0 .net "_0450_", 0 0, L_0x560d7a9bca40;  1 drivers
v0x560d7a904a30_0 .net "_0451_", 0 0, L_0x560d7a9bcb40;  1 drivers
v0x560d7a904b20_0 .net "_0452_", 0 0, L_0x560d7a9bcc40;  1 drivers
v0x560d7a904c10_0 .net "_0453_", 0 0, L_0x560d7a9bcd40;  1 drivers
v0x560d7a904d00_0 .net "_0454_", 0 0, L_0x560d7a9bce40;  1 drivers
v0x560d7a904df0_0 .net "_0455_", 0 0, L_0x560d7a9bcf40;  1 drivers
v0x560d7a904ee0_0 .net "_0456_", 0 0, L_0x560d7a9bd040;  1 drivers
v0x560d7a904fd0_0 .net "_0457_", 0 0, L_0x560d7a9bd140;  1 drivers
v0x560d7a9050c0_0 .net "_0458_", 0 0, L_0x560d7a9bd240;  1 drivers
v0x560d7a9051b0_0 .net "_0459_", 0 0, L_0x560d7a9bd340;  1 drivers
v0x560d7a9052a0_0 .net "_0460_", 0 0, L_0x560d7a9bd440;  1 drivers
v0x560d7a905390_0 .net "_0461_", 0 0, L_0x560d7a9bd540;  1 drivers
v0x560d7a905480_0 .net "_0462_", 0 0, L_0x560d7a9bd640;  1 drivers
v0x560d7a905570_0 .net "_0463_", 0 0, L_0x560d7a9bd740;  1 drivers
v0x560d7a905660_0 .net "_0464_", 0 0, L_0x560d7a9bd840;  1 drivers
v0x560d7a905750_0 .net "_0465_", 0 0, L_0x560d7a9bd940;  1 drivers
v0x560d7a905840_0 .net "_0466_", 0 0, L_0x560d7a9bda40;  1 drivers
v0x560d7a905930_0 .net "_0467_", 0 0, L_0x560d7a9bdb40;  1 drivers
v0x560d7a905a20_0 .net "_0468_", 0 0, L_0x560d7a9bdc40;  1 drivers
v0x560d7a905b10_0 .net "_0469_", 0 0, L_0x560d7a9bdd40;  1 drivers
v0x560d7a905c00_0 .net "_0470_", 0 0, L_0x560d7a9bde40;  1 drivers
v0x560d7a905cf0_0 .net "_0471_", 0 0, L_0x560d7a9bdf40;  1 drivers
v0x560d7a905de0_0 .net "_0472_", 0 0, L_0x560d7a9be040;  1 drivers
v0x560d7a905ed0_0 .net "_0473_", 0 0, L_0x560d7a9be140;  1 drivers
v0x560d7a905fc0_0 .net "_0474_", 0 0, L_0x560d7a9be240;  1 drivers
v0x560d7a9060b0_0 .net "_0475_", 0 0, L_0x560d7a9be340;  1 drivers
v0x560d7a9061a0_0 .net "_0476_", 0 0, L_0x560d7a9be440;  1 drivers
v0x560d7a906290_0 .net "_0477_", 0 0, L_0x560d7a9be540;  1 drivers
v0x560d7a906380_0 .net "_0478_", 0 0, L_0x560d7a9be640;  1 drivers
v0x560d7a906470_0 .net "_0479_", 0 0, L_0x560d7a9be740;  1 drivers
v0x560d7a906560_0 .net "_0480_", 0 0, L_0x560d7a9be840;  1 drivers
v0x560d7a906650_0 .net "_0481_", 0 0, L_0x560d7a9be940;  1 drivers
v0x560d7a906740_0 .net "_0482_", 0 0, L_0x560d7a9bea40;  1 drivers
v0x560d7a906830_0 .net "_0483_", 0 0, L_0x560d7a9beb40;  1 drivers
v0x560d7a906920_0 .net "_0484_", 0 0, L_0x560d7a9bec40;  1 drivers
v0x560d7a906a10_0 .net "_0485_", 0 0, L_0x560d7a9bed40;  1 drivers
v0x560d7a906b00_0 .net "_0486_", 0 0, L_0x560d7a9bee40;  1 drivers
v0x560d7a906bf0_0 .net "_0487_", 0 0, L_0x560d7a9bef40;  1 drivers
v0x560d7a906ce0_0 .net "_0488_", 0 0, L_0x560d7a9bf040;  1 drivers
v0x560d7a906dd0_0 .net "_0489_", 0 0, L_0x560d7a9bf140;  1 drivers
v0x560d7a906ec0_0 .net "_0490_", 0 0, L_0x560d7a9bf240;  1 drivers
v0x560d7a906fb0_0 .net "_0491_", 0 0, L_0x560d7a9bf340;  1 drivers
v0x560d7a9070a0_0 .net "_0492_", 0 0, L_0x560d7a9bf440;  1 drivers
v0x560d7a907190_0 .net "_0493_", 0 0, L_0x560d7a9bf540;  1 drivers
v0x560d7a907280_0 .net "_0494_", 0 0, L_0x560d7a9bf640;  1 drivers
v0x560d7a907370_0 .net "_0495_", 0 0, L_0x560d7a9bf740;  1 drivers
v0x560d7a907460_0 .net "_0496_", 0 0, L_0x560d7a9bf840;  1 drivers
v0x560d7a907550_0 .net "_0497_", 0 0, L_0x560d7a9bf940;  1 drivers
v0x560d7a907640_0 .net "_0498_", 0 0, L_0x560d7a9bfa40;  1 drivers
v0x560d7a907730_0 .net "_0499_", 0 0, L_0x560d7a9bfb40;  1 drivers
v0x560d7a907820_0 .net "_0500_", 0 0, L_0x560d7a9bfc40;  1 drivers
v0x560d7a907910_0 .net "_0501_", 0 0, L_0x560d7a9bfd40;  1 drivers
v0x560d7a907a00_0 .net "_0502_", 0 0, L_0x560d7a9bfe40;  1 drivers
v0x560d7a907af0_0 .net "_0503_", 0 0, L_0x560d7a9bff40;  1 drivers
v0x560d7a907be0_0 .net "_0504_", 0 0, L_0x560d7a9c0040;  1 drivers
v0x560d7a907cd0_0 .net "_0505_", 0 0, L_0x560d7a9c0140;  1 drivers
v0x560d7a907dc0_0 .net "_0506_", 0 0, L_0x560d7a9c0240;  1 drivers
v0x560d7a907eb0_0 .net "_0507_", 0 0, L_0x560d7a9c0340;  1 drivers
v0x560d7a907fa0_0 .net "_0508_", 0 0, L_0x560d7a9c0440;  1 drivers
v0x560d7a908090_0 .net "_0509_", 0 0, L_0x560d7a9c0540;  1 drivers
v0x560d7a908180_0 .net "_0510_", 0 0, L_0x560d7a9c0640;  1 drivers
v0x560d7a908270_0 .net "_0511_", 0 0, L_0x560d7a9c0740;  1 drivers
v0x560d7a908360_0 .net "_0512_", 0 0, L_0x560d7a9c0840;  1 drivers
v0x560d7a908450_0 .net "_0513_", 0 0, L_0x560d7a9c0940;  1 drivers
v0x560d7a908540_0 .net "_0514_", 0 0, L_0x560d7a9c0a40;  1 drivers
v0x560d7a908630_0 .net "debug", 7 0, L_0x560d7a9c0c90;  alias, 1 drivers
v0x560d7a9086d0_0 .net "iRST_N", 0 0, v0x560d7a909430_0;  1 drivers
L_0x560d7a928560 .part v0x560d7a908b30_0, 1, 1;
L_0x560d7a928600 .part v0x560d7a908b30_0, 0, 1;
L_0x560d7a928710 .part v0x560d7a908b30_0, 5, 1;
L_0x560d7a928840 .part v0x560d7a908b30_0, 4, 1;
L_0x560d7a9288e0 .part v0x560d7a908b30_0, 7, 1;
L_0x560d7a928980 .part v0x560d7a908b30_0, 6, 1;
L_0x560d7a928bb0 .part v0x560d7a908b30_0, 3, 1;
L_0x560d7a928c50 .part v0x560d7a908b30_0, 2, 1;
L_0x560d7a928f20 .part v0x560d7a908b30_0, 0, 1;
L_0x560d7a928fc0 .part v0x560d7a908b30_0, 1, 1;
L_0x560d7a9293f0 .part v0x560d7a908b30_0, 1, 1;
L_0x560d7a9294e0 .part v0x560d7a908b30_0, 0, 1;
L_0x560d7a929770 .part v0x560d7a908b30_0, 3, 1;
L_0x560d7a929860 .part v0x560d7a908b30_0, 2, 1;
L_0x560d7a9299d0 .part v0x560d7a908b30_0, 3, 1;
L_0x560d7a92a010 .part v0x560d7a908b30_0, 3, 1;
L_0x560d7a92a190 .part v0x560d7a908b30_0, 2, 1;
L_0x560d7a92a420 .part v0x560d7a908b30_0, 3, 1;
L_0x560d7a92a5b0 .part v0x560d7a908b30_0, 2, 1;
L_0x560d7a92a710 .part v0x560d7a908b30_0, 1, 1;
L_0x560d7a92a510 .part v0x560d7a908b30_0, 0, 1;
L_0x560d7a92ab10 .part v0x560d7a908b30_0, 3, 1;
L_0x560d7a92acc0 .part v0x560d7a908b30_0, 2, 1;
LS_0x560d7a94d5d0_0_0 .concat8 [ 1 1 1 1], L_0x560d7a947f60, L_0x560d7a948b50, L_0x560d7a949740, L_0x560d7a94a330;
LS_0x560d7a94d5d0_0_4 .concat8 [ 1 1 1 1], L_0x560d7a94af20, L_0x560d7a94bb10, L_0x560d7a94c700, L_0x560d7a94d2f0;
L_0x560d7a94d5d0 .concat8 [ 4 4 0 0], LS_0x560d7a94d5d0_0_0, LS_0x560d7a94d5d0_0_4;
L_0x560d7a9628c0 .part L_0x560d7a9c0c90, 3, 1;
L_0x560d7a9635d0 .part L_0x560d7a9c0c90, 1, 1;
L_0x560d7a9643d0 .part L_0x560d7a9c0c90, 2, 1;
L_0x560d7a965130 .part L_0x560d7a9c0c90, 4, 1;
L_0x560d7a965ed0 .part L_0x560d7a9c0c90, 0, 1;
LS_0x560d7a9c0c90_0_0 .concat8 [ 1 1 1 1], L_0x560d7a965bf0, L_0x560d7a9632f0, L_0x560d7a9640f0, L_0x560d7a9625e0;
LS_0x560d7a9c0c90_0_4 .concat8 [ 1 1 1 1], L_0x560d7a964e50, L_0x560d7a9c0b40, L_0x560d7a9c0bb0, L_0x560d7a9c0c20;
L_0x560d7a9c0c90 .concat8 [ 4 4 0 0], LS_0x560d7a9c0c90_0_0, LS_0x560d7a9c0c90_0_4;
S_0x560d7a760890 .scope module, "_0515_" "sg13g2_hv_inv_1" 5 668, 3 1125 1, S_0x560d7a760c50;
 .timescale -9 -11;
    .port_info 0 /OUTPUT 1 "Y";
    .port_info 1 /INPUT 1 "A";
L_0x560d7a921700 .functor NOT 1, L_0x560d7a9b09d0, C4<0>, C4<0>, C4<0>;
v0x560d7a6e5970_0 .net "A", 0 0, L_0x560d7a9b09d0;  alias, 1 drivers
v0x560d7a6e5a30_0 .net "Y", 0 0, L_0x560d7a921700;  alias, 1 drivers
S_0x560d7a7604d0 .scope module, "_0516_" "sg13g2_hv_inv_1" 5 672, 3 1125 1, S_0x560d7a760c50;
 .timescale -9 -11;
    .port_info 0 /OUTPUT 1 "Y";
    .port_info 1 /INPUT 1 "A";
L_0x560d7a921800 .functor NOT 1, L_0x560d7a998680, C4<0>, C4<0>, C4<0>;
v0x560d7a6e33c0_0 .net "A", 0 0, L_0x560d7a998680;  alias, 1 drivers
v0x560d7a6e34a0_0 .net "Y", 0 0, L_0x560d7a921800;  alias, 1 drivers
S_0x560d7a761010 .scope module, "_0517_" "sg13g2_hv_inv_1" 5 676, 3 1125 1, S_0x560d7a760c50;
 .timescale -9 -11;
    .port_info 0 /OUTPUT 1 "Y";
    .port_info 1 /INPUT 1 "A";
L_0x560d7a921900 .functor NOT 1, L_0x560d7a99b680, C4<0>, C4<0>, C4<0>;
v0x560d7a6e0e10_0 .net "A", 0 0, L_0x560d7a99b680;  alias, 1 drivers
v0x560d7a6e0ed0_0 .net "Y", 0 0, L_0x560d7a921900;  alias, 1 drivers
S_0x560d7a75e6a0 .scope module, "_0518_" "sg13g2_hv_inv_1" 5 680, 3 1125 1, S_0x560d7a760c50;
 .timescale -9 -11;
    .port_info 0 /OUTPUT 1 "Y";
    .port_info 1 /INPUT 1 "A";
L_0x560d7a921a00 .functor NOT 1, L_0x560d7a9b3cf0, C4<0>, C4<0>, C4<0>;
v0x560d7a6de860_0 .net "A", 0 0, L_0x560d7a9b3cf0;  alias, 1 drivers
v0x560d7a6de940_0 .net "Y", 0 0, L_0x560d7a921a00;  alias, 1 drivers
S_0x560d7a75e2e0 .scope module, "_0519_" "sg13g2_hv_inv_1" 5 684, 3 1125 1, S_0x560d7a760c50;
 .timescale -9 -11;
    .port_info 0 /OUTPUT 1 "Y";
    .port_info 1 /INPUT 1 "A";
L_0x560d7a921a70 .functor NOT 1, L_0x560d7a9b1590, C4<0>, C4<0>, C4<0>;
v0x560d7a6dc2b0_0 .net "A", 0 0, L_0x560d7a9b1590;  alias, 1 drivers
v0x560d7a6dc370_0 .net "Y", 0 0, L_0x560d7a921a70;  alias, 1 drivers
S_0x560d7a75df20 .scope module, "_0520_" "sg13g2_hv_inv_1" 5 688, 3 1125 1, S_0x560d7a760c50;
 .timescale -9 -11;
    .port_info 0 /OUTPUT 1 "Y";
    .port_info 1 /INPUT 1 "A";
L_0x560d7a921ae0 .functor NOT 1, L_0x560d7a95dfc0, C4<0>, C4<0>, C4<0>;
v0x560d7a6d9d00_0 .net "A", 0 0, L_0x560d7a95dfc0;  alias, 1 drivers
v0x560d7a6d9de0_0 .net "Y", 0 0, L_0x560d7a921ae0;  alias, 1 drivers
S_0x560d7a75ea60 .scope module, "_0521_" "sg13g2_hv_xor2_1" 5 692, 3 2320 1, S_0x560d7a760c50;
 .timescale -9 -11;
    .port_info 0 /OUTPUT 1 "X";
    .port_info 1 /INPUT 1 "A";
    .port_info 2 /INPUT 1 "B";
L_0x560d7a921c60 .functor XOR 1, L_0x560d7a996e40, L_0x560d7a9553b0, C4<0>, C4<0>;
v0x560d7a6d7750_0 .net "A", 0 0, L_0x560d7a996e40;  alias, 1 drivers
v0x560d7a6d7830_0 .net "B", 0 0, L_0x560d7a9553b0;  alias, 1 drivers
v0x560d7a6d51a0_0 .net "X", 0 0, L_0x560d7a921c60;  alias, 1 drivers
S_0x560d7a75c0f0 .scope module, "_0522_" "sg13g2_hv_xnor2_1" 5 697, 3 2292 1, S_0x560d7a760c50;
 .timescale -9 -11;
    .port_info 0 /OUTPUT 1 "Y";
    .port_info 1 /INPUT 1 "A";
    .port_info 2 /INPUT 1 "B";
L_0x560d7a921cd0 .functor XOR 1, L_0x560d7a996e40, L_0x560d7a951930, C4<0>, C4<0>;
L_0x560d7a921d40 .functor NOT 1, L_0x560d7a921cd0, C4<0>, C4<0>, C4<0>;
v0x560d7a6d2bf0_0 .net "A", 0 0, L_0x560d7a996e40;  alias, 1 drivers
v0x560d7a6d0640_0 .net "B", 0 0, L_0x560d7a951930;  alias, 1 drivers
v0x560d7a6d06e0_0 .net "Y", 0 0, L_0x560d7a921d40;  alias, 1 drivers
v0x560d7a6ce090_0 .net "int_fwire_0", 0 0, L_0x560d7a921cd0;  1 drivers
S_0x560d7a75bd30 .scope module, "_0523_" "sg13g2_hv_or2_1" 5 702, 3 1814 1, S_0x560d7a760c50;
 .timescale -9 -11;
    .port_info 0 /OUTPUT 1 "X";
    .port_info 1 /INPUT 1 "A";
    .port_info 2 /INPUT 1 "B";
L_0x560d7a921db0 .functor OR 1, L_0x560d7a921c60, L_0x560d7a921d40, C4<0>, C4<0>;
v0x560d7a6cbae0_0 .net "A", 0 0, L_0x560d7a921c60;  alias, 1 drivers
v0x560d7a6c9530_0 .net "B", 0 0, L_0x560d7a921d40;  alias, 1 drivers
v0x560d7a6c9600_0 .net "X", 0 0, L_0x560d7a921db0;  alias, 1 drivers
S_0x560d7a75b970 .scope module, "_0524_" "sg13g2_hv_nand2_1" 5 707, 3 1360 1, S_0x560d7a760c50;
 .timescale -9 -11;
    .port_info 0 /OUTPUT 1 "Y";
    .port_info 1 /INPUT 1 "A";
    .port_info 2 /INPUT 1 "B";
L_0x560d7a921e20 .functor AND 1, L_0x560d7a997ac0, L_0x560d7a921db0, C4<1>, C4<1>;
L_0x560d7a921fa0 .functor NOT 1, L_0x560d7a921e20, C4<0>, C4<0>, C4<0>;
v0x560d7a6c6f80_0 .net "A", 0 0, L_0x560d7a997ac0;  alias, 1 drivers
v0x560d7a6c7040_0 .net "B", 0 0, L_0x560d7a921db0;  alias, 1 drivers
v0x560d7a6c49d0_0 .net "Y", 0 0, L_0x560d7a921fa0;  alias, 1 drivers
v0x560d7a6c4a70_0 .net "int_fwire_0", 0 0, L_0x560d7a921e20;  1 drivers
S_0x560d7a75c4b0 .scope module, "_0525_" "sg13g2_hv_nand2_1" 5 712, 3 1360 1, S_0x560d7a760c50;
 .timescale -9 -11;
    .port_info 0 /OUTPUT 1 "Y";
    .port_info 1 /INPUT 1 "A";
    .port_info 2 /INPUT 1 "B";
L_0x560d7a922010 .functor AND 1, L_0x560d7a921c60, L_0x560d7a921d40, C4<1>, C4<1>;
L_0x560d7a922080 .functor NOT 1, L_0x560d7a922010, C4<0>, C4<0>, C4<0>;
v0x560d7a6c2420_0 .net "A", 0 0, L_0x560d7a921c60;  alias, 1 drivers
v0x560d7a6bfe70_0 .net "B", 0 0, L_0x560d7a921d40;  alias, 1 drivers
v0x560d7a6bd8c0_0 .net "Y", 0 0, L_0x560d7a922080;  alias, 1 drivers
v0x560d7a6bd960_0 .net "int_fwire_0", 0 0, L_0x560d7a922010;  1 drivers
S_0x560d7a759b40 .scope module, "_0526_" "sg13g2_hv_nand2b_1" 5 717, 3 1416 1, S_0x560d7a760c50;
 .timescale -9 -11;
    .port_info 0 /OUTPUT 1 "Y";
    .port_info 1 /INPUT 1 "A_N";
    .port_info 2 /INPUT 1 "B";
L_0x560d7a9220f0 .functor NOT 1, L_0x560d7a997ac0, C4<0>, C4<0>, C4<0>;
L_0x560d7a922160 .functor AND 1, L_0x560d7a9220f0, L_0x560d7a922080, C4<1>, C4<1>;
L_0x560d7a9221d0 .functor NOT 1, L_0x560d7a922160, C4<0>, C4<0>, C4<0>;
v0x560d7a6bb310_0 .net "A_N", 0 0, L_0x560d7a997ac0;  alias, 1 drivers
v0x560d7a6bb3d0_0 .net "A_N__bar", 0 0, L_0x560d7a9220f0;  1 drivers
v0x560d7a6b8d60_0 .net "B", 0 0, L_0x560d7a922080;  alias, 1 drivers
v0x560d7a6b67b0_0 .net "Y", 0 0, L_0x560d7a9221d0;  alias, 1 drivers
v0x560d7a6b6850_0 .net "int_fwire_0", 0 0, L_0x560d7a922160;  1 drivers
S_0x560d7a759780 .scope module, "_0527_" "sg13g2_hv_nand3_1" 5 722, 3 1474 1, S_0x560d7a760c50;
 .timescale -9 -11;
    .port_info 0 /OUTPUT 1 "Y";
    .port_info 1 /INPUT 1 "A";
    .port_info 2 /INPUT 1 "B";
    .port_info 3 /INPUT 1 "C";
L_0x560d7a922290 .functor AND 1, L_0x560d7a9b3cf0, L_0x560d7a921fa0, L_0x560d7a9221d0, C4<1>;
L_0x560d7a922300 .functor NOT 1, L_0x560d7a922290, C4<0>, C4<0>, C4<0>;
v0x560d7a6b4200_0 .net "A", 0 0, L_0x560d7a9b3cf0;  alias, 1 drivers
v0x560d7a6b42d0_0 .net "B", 0 0, L_0x560d7a921fa0;  alias, 1 drivers
v0x560d7a6b1c50_0 .net "C", 0 0, L_0x560d7a9221d0;  alias, 1 drivers
v0x560d7a6af6a0_0 .net "Y", 0 0, L_0x560d7a922300;  alias, 1 drivers
v0x560d7a6af740_0 .net "int_fwire_0", 0 0, L_0x560d7a922290;  1 drivers
S_0x560d7a7593c0 .scope module, "_0528_" "sg13g2_hv_nor2_1" 5 728, 3 1559 1, S_0x560d7a760c50;
 .timescale -9 -11;
    .port_info 0 /OUTPUT 1 "Y";
    .port_info 1 /INPUT 1 "A";
    .port_info 2 /INPUT 1 "B";
L_0x560d7a9223c0 .functor OR 1, L_0x560d7a999280, L_0x560d7a999e80, C4<0>, C4<0>;
L_0x560d7a922540 .functor NOT 1, L_0x560d7a9223c0, C4<0>, C4<0>, C4<0>;
v0x560d7a6ad0c0_0 .net "A", 0 0, L_0x560d7a999280;  alias, 1 drivers
v0x560d7a6ad1a0_0 .net "B", 0 0, L_0x560d7a999e80;  alias, 1 drivers
v0x560d7a6aaae0_0 .net "Y", 0 0, L_0x560d7a922540;  alias, 1 drivers
v0x560d7a6aab80_0 .net "int_fwire_0", 0 0, L_0x560d7a9223c0;  1 drivers
S_0x560d7a759f00 .scope module, "_0529_" "sg13g2_hv_nor3_1" 5 733, 3 1673 1, S_0x560d7a760c50;
 .timescale -9 -11;
    .port_info 0 /OUTPUT 1 "Y";
    .port_info 1 /INPUT 1 "A";
    .port_info 2 /INPUT 1 "B";
    .port_info 3 /INPUT 1 "C";
L_0x560d7a922600 .functor OR 1, L_0x560d7a99aa80, L_0x560d7a999280, L_0x560d7a999e80, C4<0>;
L_0x560d7a922780 .functor NOT 1, L_0x560d7a922600, C4<0>, C4<0>, C4<0>;
v0x560d7a6a8500_0 .net "A", 0 0, L_0x560d7a99aa80;  alias, 1 drivers
v0x560d7a6a85a0_0 .net "B", 0 0, L_0x560d7a999280;  alias, 1 drivers
v0x560d7a6a5f20_0 .net "C", 0 0, L_0x560d7a999e80;  alias, 1 drivers
v0x560d7a6a5ff0_0 .net "Y", 0 0, L_0x560d7a922780;  alias, 1 drivers
v0x560d7a6a3940_0 .net "int_fwire_0", 0 0, L_0x560d7a922600;  1 drivers
S_0x560d7a757590 .scope module, "_0530_" "sg13g2_hv_and2_1" 5 739, 3 191 1, S_0x560d7a760c50;
 .timescale -9 -11;
    .port_info 0 /OUTPUT 1 "X";
    .port_info 1 /INPUT 1 "A";
    .port_info 2 /INPUT 1 "B";
L_0x560d7a922840 .functor AND 1, L_0x560d7a99b680, L_0x560d7a922780, C4<1>, C4<1>;
v0x560d7a6a1360_0 .net "A", 0 0, L_0x560d7a99b680;  alias, 1 drivers
v0x560d7a6a1420_0 .net "B", 0 0, L_0x560d7a922780;  alias, 1 drivers
v0x560d7a69ed80_0 .net "X", 0 0, L_0x560d7a922840;  alias, 1 drivers
S_0x560d7a7571d0 .scope module, "_0531_" "sg13g2_hv_nand2_1" 5 744, 3 1360 1, S_0x560d7a760c50;
 .timescale -9 -11;
    .port_info 0 /OUTPUT 1 "Y";
    .port_info 1 /INPUT 1 "A";
    .port_info 2 /INPUT 1 "B";
L_0x560d7a9228b0 .functor AND 1, L_0x560d7a99b680, L_0x560d7a922780, C4<1>, C4<1>;
L_0x560d7a922920 .functor NOT 1, L_0x560d7a9228b0, C4<0>, C4<0>, C4<0>;
v0x560d7a69ee40_0 .net "A", 0 0, L_0x560d7a99b680;  alias, 1 drivers
v0x560d7a699b10_0 .net "B", 0 0, L_0x560d7a922780;  alias, 1 drivers
v0x560d7a696df0_0 .net "Y", 0 0, L_0x560d7a922920;  alias, 1 drivers
v0x560d7a696e90_0 .net "int_fwire_0", 0 0, L_0x560d7a9228b0;  1 drivers
S_0x560d7a756e10 .scope module, "_0532_" "sg13g2_hv_nand2_1" 5 749, 3 1360 1, S_0x560d7a760c50;
 .timescale -9 -11;
    .port_info 0 /OUTPUT 1 "Y";
    .port_info 1 /INPUT 1 "A";
    .port_info 2 /INPUT 1 "B";
L_0x560d7a9229e0 .functor AND 1, L_0x560d7a9b3130, L_0x560d7a922840, C4<1>, C4<1>;
L_0x560d7a922a50 .functor NOT 1, L_0x560d7a9229e0, C4<0>, C4<0>, C4<0>;
v0x560d7a6940d0_0 .net "A", 0 0, L_0x560d7a9b3130;  alias, 1 drivers
v0x560d7a694190_0 .net "B", 0 0, L_0x560d7a922840;  alias, 1 drivers
v0x560d7a6913b0_0 .net "Y", 0 0, L_0x560d7a922a50;  alias, 1 drivers
v0x560d7a691450_0 .net "int_fwire_0", 0 0, L_0x560d7a9229e0;  1 drivers
S_0x560d7a757950 .scope module, "_0533_" "sg13g2_hv_or2_1" 5 754, 3 1814 1, S_0x560d7a760c50;
 .timescale -9 -11;
    .port_info 0 /OUTPUT 1 "X";
    .port_info 1 /INPUT 1 "A";
    .port_info 2 /INPUT 1 "B";
L_0x560d7a922ac0 .functor OR 1, L_0x560d7a9b2360, L_0x560d7a9b3130, C4<0>, C4<0>;
v0x560d7a68e5d0_0 .net "A", 0 0, L_0x560d7a9b2360;  alias, 1 drivers
v0x560d7a68e6b0_0 .net "B", 0 0, L_0x560d7a9b3130;  alias, 1 drivers
v0x560d7a68bff0_0 .net "X", 0 0, L_0x560d7a922ac0;  alias, 1 drivers
S_0x560d7a754fe0 .scope module, "_0534_" "sg13g2_hv_inv_1" 5 759, 3 1125 1, S_0x560d7a760c50;
 .timescale -9 -11;
    .port_info 0 /OUTPUT 1 "Y";
    .port_info 1 /INPUT 1 "A";
L_0x560d7a922b30 .functor NOT 1, L_0x560d7a922ac0, C4<0>, C4<0>, C4<0>;
v0x560d7a68c0b0_0 .net "A", 0 0, L_0x560d7a922ac0;  alias, 1 drivers
v0x560d7a689a10_0 .net "Y", 0 0, L_0x560d7a922b30;  alias, 1 drivers
S_0x560d7a754c20 .scope module, "_0535_" "sg13g2_hv_nor2_1" 5 763, 3 1559 1, S_0x560d7a760c50;
 .timescale -9 -11;
    .port_info 0 /OUTPUT 1 "Y";
    .port_info 1 /INPUT 1 "A";
    .port_info 2 /INPUT 1 "B";
L_0x560d7a922ba0 .functor OR 1, L_0x560d7a9b09d0, L_0x560d7a9b1590, C4<0>, C4<0>;
L_0x560d7a922c10 .functor NOT 1, L_0x560d7a922ba0, C4<0>, C4<0>, C4<0>;
v0x560d7a687430_0 .net "A", 0 0, L_0x560d7a9b09d0;  alias, 1 drivers
v0x560d7a6874f0_0 .net "B", 0 0, L_0x560d7a9b1590;  alias, 1 drivers
v0x560d7a684e50_0 .net "Y", 0 0, L_0x560d7a922c10;  alias, 1 drivers
v0x560d7a684ef0_0 .net "int_fwire_0", 0 0, L_0x560d7a922ba0;  1 drivers
S_0x560d7a754860 .scope module, "_0536_" "sg13g2_hv_nor2_1" 5 768, 3 1559 1, S_0x560d7a760c50;
 .timescale -9 -11;
    .port_info 0 /OUTPUT 1 "Y";
    .port_info 1 /INPUT 1 "A";
    .port_info 2 /INPUT 1 "B";
L_0x560d7a922cd0 .functor OR 1, L_0x560d7a9b09d0, L_0x560d7a9b3130, C4<0>, C4<0>;
L_0x560d7a922d40 .functor NOT 1, L_0x560d7a922cd0, C4<0>, C4<0>, C4<0>;
v0x560d7a682870_0 .net "A", 0 0, L_0x560d7a9b09d0;  alias, 1 drivers
v0x560d7a680290_0 .net "B", 0 0, L_0x560d7a9b3130;  alias, 1 drivers
v0x560d7a67dcb0_0 .net "Y", 0 0, L_0x560d7a922d40;  alias, 1 drivers
v0x560d7a67dd50_0 .net "int_fwire_0", 0 0, L_0x560d7a922cd0;  1 drivers
S_0x560d7a7553a0 .scope module, "_0537_" "sg13g2_hv_nand3_1" 5 773, 3 1474 1, S_0x560d7a760c50;
 .timescale -9 -11;
    .port_info 0 /OUTPUT 1 "Y";
    .port_info 1 /INPUT 1 "A";
    .port_info 2 /INPUT 1 "B";
    .port_info 3 /INPUT 1 "C";
L_0x560d7a922e90 .functor AND 1, L_0x560d7a9b3cf0, L_0x560d7a922b30, L_0x560d7a922c10, C4<1>;
L_0x560d7a922f90 .functor NOT 1, L_0x560d7a922e90, C4<0>, C4<0>, C4<0>;
v0x560d7a67b6d0_0 .net "A", 0 0, L_0x560d7a9b3cf0;  alias, 1 drivers
v0x560d7a679120_0 .net "B", 0 0, L_0x560d7a922b30;  alias, 1 drivers
v0x560d7a6791c0_0 .net "C", 0 0, L_0x560d7a922c10;  alias, 1 drivers
v0x560d7a676b70_0 .net "Y", 0 0, L_0x560d7a922f90;  alias, 1 drivers
v0x560d7a676c10_0 .net "int_fwire_0", 0 0, L_0x560d7a922e90;  1 drivers
S_0x560d7a752a30 .scope module, "_0538_" "sg13g2_hv_nor2_1" 5 779, 3 1559 1, S_0x560d7a760c50;
 .timescale -9 -11;
    .port_info 0 /OUTPUT 1 "Y";
    .port_info 1 /INPUT 1 "A";
    .port_info 2 /INPUT 1 "B";
L_0x560d7a923000 .functor OR 1, L_0x560d7a9b2360, L_0x560d7a9b3cf0, C4<0>, C4<0>;
L_0x560d7a923070 .functor NOT 1, L_0x560d7a923000, C4<0>, C4<0>, C4<0>;
v0x560d7a6745c0_0 .net "A", 0 0, L_0x560d7a9b2360;  alias, 1 drivers
v0x560d7a674680_0 .net "B", 0 0, L_0x560d7a9b3cf0;  alias, 1 drivers
v0x560d7a672010_0 .net "Y", 0 0, L_0x560d7a923070;  alias, 1 drivers
v0x560d7a6720e0_0 .net "int_fwire_0", 0 0, L_0x560d7a923000;  1 drivers
S_0x560d7a752670 .scope module, "_0539_" "sg13g2_hv_nand3_1" 5 784, 3 1474 1, S_0x560d7a760c50;
 .timescale -9 -11;
    .port_info 0 /OUTPUT 1 "Y";
    .port_info 1 /INPUT 1 "A";
    .port_info 2 /INPUT 1 "B";
    .port_info 3 /INPUT 1 "C";
L_0x560d7a923130 .functor AND 1, L_0x560d7a9b3130, L_0x560d7a922c10, L_0x560d7a923070, C4<1>;
L_0x560d7a9231a0 .functor NOT 1, L_0x560d7a923130, C4<0>, C4<0>, C4<0>;
v0x560d7a66fa60_0 .net "A", 0 0, L_0x560d7a9b3130;  alias, 1 drivers
v0x560d7a66fb00_0 .net "B", 0 0, L_0x560d7a922c10;  alias, 1 drivers
v0x560d7a66d4b0_0 .net "C", 0 0, L_0x560d7a923070;  alias, 1 drivers
v0x560d7a66d580_0 .net "Y", 0 0, L_0x560d7a9231a0;  alias, 1 drivers
v0x560d7a66af00_0 .net "int_fwire_0", 0 0, L_0x560d7a923130;  1 drivers
S_0x560d7a7522b0 .scope module, "_0540_" "sg13g2_hv_nor2_1" 5 790, 3 1559 1, S_0x560d7a760c50;
 .timescale -9 -11;
    .port_info 0 /OUTPUT 1 "Y";
    .port_info 1 /INPUT 1 "A";
    .port_info 2 /INPUT 1 "B";
L_0x560d7a923260 .functor OR 1, L_0x560d7a9b3cf0, L_0x560d7a9b1590, C4<0>, C4<0>;
L_0x560d7a9232d0 .functor NOT 1, L_0x560d7a923260, C4<0>, C4<0>, C4<0>;
v0x560d7a6688f0_0 .net "A", 0 0, L_0x560d7a9b3cf0;  alias, 1 drivers
v0x560d7a6689b0_0 .net "B", 0 0, L_0x560d7a9b1590;  alias, 1 drivers
v0x560d7a6662e0_0 .net "Y", 0 0, L_0x560d7a9232d0;  alias, 1 drivers
v0x560d7a666380_0 .net "int_fwire_0", 0 0, L_0x560d7a923260;  1 drivers
S_0x560d7a752df0 .scope module, "_0541_" "sg13g2_hv_nand3_1" 5 795, 3 1474 1, S_0x560d7a760c50;
 .timescale -9 -11;
    .port_info 0 /OUTPUT 1 "Y";
    .port_info 1 /INPUT 1 "A";
    .port_info 2 /INPUT 1 "B";
    .port_info 3 /INPUT 1 "C";
L_0x560d7a923390 .functor AND 1, L_0x560d7a9b2360, L_0x560d7a922d40, L_0x560d7a9232d0, C4<1>;
L_0x560d7a923490 .functor NOT 1, L_0x560d7a923390, C4<0>, C4<0>, C4<0>;
v0x560d7a663cd0_0 .net "A", 0 0, L_0x560d7a9b2360;  alias, 1 drivers
v0x560d7a661690_0 .net "B", 0 0, L_0x560d7a922d40;  alias, 1 drivers
v0x560d7a661750_0 .net "C", 0 0, L_0x560d7a9232d0;  alias, 1 drivers
v0x560d7a65f050_0 .net "Y", 0 0, L_0x560d7a923490;  alias, 1 drivers
v0x560d7a65f0f0_0 .net "int_fwire_0", 0 0, L_0x560d7a923390;  1 drivers
S_0x560d7a750480 .scope module, "_0542_" "sg13g2_hv_nand3_1" 5 801, 3 1474 1, S_0x560d7a760c50;
 .timescale -9 -11;
    .port_info 0 /OUTPUT 1 "Y";
    .port_info 1 /INPUT 1 "A";
    .port_info 2 /INPUT 1 "B";
    .port_info 3 /INPUT 1 "C";
L_0x560d7a923500 .functor AND 1, L_0x560d7a9b1590, L_0x560d7a922d40, L_0x560d7a923070, C4<1>;
L_0x560d7a923570 .functor NOT 1, L_0x560d7a923500, C4<0>, C4<0>, C4<0>;
v0x560d7a65ca40_0 .net "A", 0 0, L_0x560d7a9b1590;  alias, 1 drivers
v0x560d7a65cb00_0 .net "B", 0 0, L_0x560d7a922d40;  alias, 1 drivers
v0x560d7a65a400_0 .net "C", 0 0, L_0x560d7a923070;  alias, 1 drivers
v0x560d7a657df0_0 .net "Y", 0 0, L_0x560d7a923570;  alias, 1 drivers
v0x560d7a657e90_0 .net "int_fwire_0", 0 0, L_0x560d7a923500;  1 drivers
S_0x560d7a7500c0 .scope module, "_0543_" "sg13g2_hv_nor3_1" 5 807, 3 1673 1, S_0x560d7a760c50;
 .timescale -9 -11;
    .port_info 0 /OUTPUT 1 "Y";
    .port_info 1 /INPUT 1 "A";
    .port_info 2 /INPUT 1 "B";
    .port_info 3 /INPUT 1 "C";
L_0x560d7a923630 .functor OR 1, L_0x560d7a9b3cf0, L_0x560d7a9b1590, L_0x560d7a922ac0, C4<0>;
L_0x560d7a9236a0 .functor NOT 1, L_0x560d7a923630, C4<0>, C4<0>, C4<0>;
v0x560d7a655780_0 .net "A", 0 0, L_0x560d7a9b3cf0;  alias, 1 drivers
v0x560d7a655840_0 .net "B", 0 0, L_0x560d7a9b1590;  alias, 1 drivers
v0x560d7a653110_0 .net "C", 0 0, L_0x560d7a922ac0;  alias, 1 drivers
v0x560d7a6531b0_0 .net "Y", 0 0, L_0x560d7a9236a0;  alias, 1 drivers
v0x560d7a650aa0_0 .net "int_fwire_0", 0 0, L_0x560d7a923630;  1 drivers
S_0x560d7a74fd00 .scope module, "_0544_" "sg13g2_hv_nand2_1" 5 813, 3 1360 1, S_0x560d7a760c50;
 .timescale -9 -11;
    .port_info 0 /OUTPUT 1 "Y";
    .port_info 1 /INPUT 1 "A";
    .port_info 2 /INPUT 1 "B";
L_0x560d7a9237a0 .functor AND 1, L_0x560d7a9b09d0, L_0x560d7a9236a0, C4<1>, C4<1>;
L_0x560d7a923810 .functor NOT 1, L_0x560d7a9237a0, C4<0>, C4<0>, C4<0>;
v0x560d7a64e430_0 .net "A", 0 0, L_0x560d7a9b09d0;  alias, 1 drivers
v0x560d7a64e4d0_0 .net "B", 0 0, L_0x560d7a9236a0;  alias, 1 drivers
v0x560d7a649b40_0 .net "Y", 0 0, L_0x560d7a923810;  alias, 1 drivers
v0x560d7a649be0_0 .net "int_fwire_0", 0 0, L_0x560d7a9237a0;  1 drivers
S_0x560d7a750840 .scope module, "_0545_" "sg13g2_hv_or4_1" 5 818, 3 1914 1, S_0x560d7a760c50;
 .timescale -9 -11;
    .port_info 0 /OUTPUT 1 "X";
    .port_info 1 /INPUT 1 "A";
    .port_info 2 /INPUT 1 "B";
    .port_info 3 /INPUT 1 "C";
    .port_info 4 /INPUT 1 "D";
L_0x560d7a9238d0 .functor OR 1, L_0x560d7a95eb80, L_0x560d7a960270, L_0x560d7a95f710, L_0x560d7a960dd0;
v0x560d7a647290_0 .net "A", 0 0, L_0x560d7a95eb80;  alias, 1 drivers
v0x560d7a644880_0 .net "B", 0 0, L_0x560d7a960270;  alias, 1 drivers
v0x560d7a644940_0 .net "C", 0 0, L_0x560d7a95f710;  alias, 1 drivers
v0x560d7a641f20_0 .net "D", 0 0, L_0x560d7a960dd0;  alias, 1 drivers
v0x560d7a641fc0_0 .net "X", 0 0, L_0x560d7a9238d0;  alias, 1 drivers
S_0x560d7a74ded0 .scope module, "_0546_" "sg13g2_hv_nor4_1" 5 825, 3 1729 1, S_0x560d7a760c50;
 .timescale -9 -11;
    .port_info 0 /OUTPUT 1 "Y";
    .port_info 1 /INPUT 1 "A";
    .port_info 2 /INPUT 1 "B";
    .port_info 3 /INPUT 1 "C";
    .port_info 4 /INPUT 1 "D";
L_0x560d7a923b80 .functor OR 1, L_0x560d7a95c840, L_0x560d7a95d400, L_0x560d7a95dfc0, L_0x560d7a9238d0;
L_0x560d7a923d00 .functor NOT 1, L_0x560d7a923b80, C4<0>, C4<0>, C4<0>;
v0x560d7a63f670_0 .net "A", 0 0, L_0x560d7a95c840;  alias, 1 drivers
v0x560d7a63cc60_0 .net "B", 0 0, L_0x560d7a95d400;  alias, 1 drivers
v0x560d7a63cd20_0 .net "C", 0 0, L_0x560d7a95dfc0;  alias, 1 drivers
v0x560d7a63a410_0 .net "D", 0 0, L_0x560d7a9238d0;  alias, 1 drivers
v0x560d7a63a4b0_0 .net "Y", 0 0, L_0x560d7a923d00;  alias, 1 drivers
v0x560d7a637a10_0 .net "int_fwire_0", 0 0, L_0x560d7a923b80;  1 drivers
S_0x560d7a74db10 .scope module, "_0547_" "sg13g2_hv_and2_1" 5 832, 3 191 1, S_0x560d7a760c50;
 .timescale -9 -11;
    .port_info 0 /OUTPUT 1 "X";
    .port_info 1 /INPUT 1 "A";
    .port_info 2 /INPUT 1 "B";
L_0x560d7a923d70 .functor AND 1, L_0x560d7a921800, L_0x560d7a956b30, C4<1>, C4<1>;
v0x560d7a0a66f0_0 .net "A", 0 0, L_0x560d7a921800;  alias, 1 drivers
v0x560d7a0a67b0_0 .net "B", 0 0, L_0x560d7a956b30;  alias, 1 drivers
v0x560d7a0a6850_0 .net "X", 0 0, L_0x560d7a923d70;  alias, 1 drivers
S_0x560d7a74d750 .scope module, "_0548_" "sg13g2_hv_nand2_1" 5 837, 3 1360 1, S_0x560d7a760c50;
 .timescale -9 -11;
    .port_info 0 /OUTPUT 1 "Y";
    .port_info 1 /INPUT 1 "A";
    .port_info 2 /INPUT 1 "B";
L_0x560d7a923de0 .functor AND 1, L_0x560d7a923d00, L_0x560d7a923d70, C4<1>, C4<1>;
L_0x560d7a923e50 .functor NOT 1, L_0x560d7a923de0, C4<0>, C4<0>, C4<0>;
v0x560d7a5df350_0 .net "A", 0 0, L_0x560d7a923d00;  alias, 1 drivers
v0x560d7a5df420_0 .net "B", 0 0, L_0x560d7a923d70;  alias, 1 drivers
v0x560d7a5dd520_0 .net "Y", 0 0, L_0x560d7a923e50;  alias, 1 drivers
v0x560d7a5dd5c0_0 .net "int_fwire_0", 0 0, L_0x560d7a923de0;  1 drivers
S_0x560d7a74e290 .scope module, "_0549_" "sg13g2_hv_nand2b_1" 5 842, 3 1416 1, S_0x560d7a760c50;
 .timescale -9 -11;
    .port_info 0 /OUTPUT 1 "Y";
    .port_info 1 /INPUT 1 "A_N";
    .port_info 2 /INPUT 1 "B";
L_0x560d7a923ec0 .functor NOT 1, L_0x560d7a95d400, C4<0>, C4<0>, C4<0>;
L_0x560d7a923f30 .functor AND 1, L_0x560d7a923ec0, L_0x560d7a95c840, C4<1>, C4<1>;
L_0x560d7a923fa0 .functor NOT 1, L_0x560d7a923f30, C4<0>, C4<0>, C4<0>;
v0x560d7a5db4b0_0 .net "A_N", 0 0, L_0x560d7a95d400;  alias, 1 drivers
v0x560d7a5d9480_0 .net "A_N__bar", 0 0, L_0x560d7a923ec0;  1 drivers
v0x560d7a5d9520_0 .net "B", 0 0, L_0x560d7a95c840;  alias, 1 drivers
v0x560d7a5d5b90_0 .net "Y", 0 0, L_0x560d7a923fa0;  alias, 1 drivers
v0x560d7a5d5c30_0 .net "int_fwire_0", 0 0, L_0x560d7a923f30;  1 drivers
S_0x560d7a74b920 .scope module, "_0550_" "sg13g2_hv_nor3_1" 5 847, 3 1673 1, S_0x560d7a760c50;
 .timescale -9 -11;
    .port_info 0 /OUTPUT 1 "Y";
    .port_info 1 /INPUT 1 "A";
    .port_info 2 /INPUT 1 "B";
    .port_info 3 /INPUT 1 "C";
L_0x560d7a924060 .functor OR 1, L_0x560d7a95dfc0, L_0x560d7a9238d0, L_0x560d7a923fa0, C4<0>;
L_0x560d7a9240d0 .functor NOT 1, L_0x560d7a924060, C4<0>, C4<0>, C4<0>;
v0x560d7a5cf320_0 .net "A", 0 0, L_0x560d7a95dfc0;  alias, 1 drivers
v0x560d7a5cddd0_0 .net "B", 0 0, L_0x560d7a9238d0;  alias, 1 drivers
v0x560d7a74b560_0 .net "C", 0 0, L_0x560d7a923fa0;  alias, 1 drivers
v0x560d7a74b600_0 .net "Y", 0 0, L_0x560d7a9240d0;  alias, 1 drivers
v0x560d7a74b1a0_0 .net "int_fwire_0", 0 0, L_0x560d7a924060;  1 drivers
S_0x560d7a74bce0 .scope module, "_0551_" "sg13g2_hv_nand2_1" 5 853, 3 1360 1, S_0x560d7a760c50;
 .timescale -9 -11;
    .port_info 0 /OUTPUT 1 "Y";
    .port_info 1 /INPUT 1 "A";
    .port_info 2 /INPUT 1 "B";
L_0x560d7a924190 .functor AND 1, L_0x560d7a923d70, L_0x560d7a9240d0, C4<1>, C4<1>;
L_0x560d7a924200 .functor NOT 1, L_0x560d7a924190, C4<0>, C4<0>, C4<0>;
v0x560d7a749370_0 .net "A", 0 0, L_0x560d7a923d70;  alias, 1 drivers
v0x560d7a748fb0_0 .net "B", 0 0, L_0x560d7a9240d0;  alias, 1 drivers
v0x560d7a749070_0 .net "Y", 0 0, L_0x560d7a924200;  alias, 1 drivers
v0x560d7a748bf0_0 .net "int_fwire_0", 0 0, L_0x560d7a924190;  1 drivers
S_0x560d7a749730 .scope module, "_0552_" "sg13g2_hv_nand2b_1" 5 858, 3 1416 1, S_0x560d7a760c50;
 .timescale -9 -11;
    .port_info 0 /OUTPUT 1 "Y";
    .port_info 1 /INPUT 1 "A_N";
    .port_info 2 /INPUT 1 "B";
L_0x560d7a9242c0 .functor NOT 1, L_0x560d7a95c840, C4<0>, C4<0>, C4<0>;
L_0x560d7a924330 .functor AND 1, L_0x560d7a9242c0, L_0x560d7a95d400, C4<1>, C4<1>;
L_0x560d7a9243f0 .functor NOT 1, L_0x560d7a924330, C4<0>, C4<0>, C4<0>;
v0x560d7a748cf0_0 .net "A_N", 0 0, L_0x560d7a95c840;  alias, 1 drivers
v0x560d7a746dc0_0 .net "A_N__bar", 0 0, L_0x560d7a9242c0;  1 drivers
v0x560d7a746e80_0 .net "B", 0 0, L_0x560d7a95d400;  alias, 1 drivers
v0x560d7a746a00_0 .net "Y", 0 0, L_0x560d7a9243f0;  alias, 1 drivers
v0x560d7a746aa0_0 .net "int_fwire_0", 0 0, L_0x560d7a924330;  1 drivers
S_0x560d7a746640 .scope module, "_0553_" "sg13g2_hv_nor3_1" 5 863, 3 1673 1, S_0x560d7a760c50;
 .timescale -9 -11;
    .port_info 0 /OUTPUT 1 "Y";
    .port_info 1 /INPUT 1 "A";
    .port_info 2 /INPUT 1 "B";
    .port_info 3 /INPUT 1 "C";
L_0x560d7a9244b0 .functor OR 1, L_0x560d7a95dfc0, L_0x560d7a9238d0, L_0x560d7a9243f0, C4<0>;
L_0x560d7a924520 .functor NOT 1, L_0x560d7a9244b0, C4<0>, C4<0>, C4<0>;
v0x560d7a747180_0 .net "A", 0 0, L_0x560d7a95dfc0;  alias, 1 drivers
v0x560d7a747220_0 .net "B", 0 0, L_0x560d7a9238d0;  alias, 1 drivers
v0x560d7a744810_0 .net "C", 0 0, L_0x560d7a9243f0;  alias, 1 drivers
v0x560d7a7448e0_0 .net "Y", 0 0, L_0x560d7a924520;  alias, 1 drivers
v0x560d7a744450_0 .net "int_fwire_0", 0 0, L_0x560d7a9244b0;  1 drivers
S_0x560d7a744090 .scope module, "_0554_" "sg13g2_hv_nand2_1" 5 869, 3 1360 1, S_0x560d7a760c50;
 .timescale -9 -11;
    .port_info 0 /OUTPUT 1 "Y";
    .port_info 1 /INPUT 1 "A";
    .port_info 2 /INPUT 1 "B";
L_0x560d7a9245e0 .functor AND 1, L_0x560d7a923d70, L_0x560d7a924520, C4<1>, C4<1>;
L_0x560d7a924650 .functor NOT 1, L_0x560d7a9245e0, C4<0>, C4<0>, C4<0>;
v0x560d7a744bd0_0 .net "A", 0 0, L_0x560d7a923d70;  alias, 1 drivers
v0x560d7a744c90_0 .net "B", 0 0, L_0x560d7a924520;  alias, 1 drivers
v0x560d7a742260_0 .net "Y", 0 0, L_0x560d7a924650;  alias, 1 drivers
v0x560d7a742330_0 .net "int_fwire_0", 0 0, L_0x560d7a9245e0;  1 drivers
S_0x560d7a741ea0 .scope module, "_0555_" "sg13g2_hv_nand2_1" 5 874, 3 1360 1, S_0x560d7a760c50;
 .timescale -9 -11;
    .port_info 0 /OUTPUT 1 "Y";
    .port_info 1 /INPUT 1 "A";
    .port_info 2 /INPUT 1 "B";
L_0x560d7a924710 .functor AND 1, L_0x560d7a95c840, L_0x560d7a95d400, C4<1>, C4<1>;
L_0x560d7a924780 .functor NOT 1, L_0x560d7a924710, C4<0>, C4<0>, C4<0>;
v0x560d7a741ae0_0 .net "A", 0 0, L_0x560d7a95c840;  alias, 1 drivers
v0x560d7a741ba0_0 .net "B", 0 0, L_0x560d7a95d400;  alias, 1 drivers
v0x560d7a742620_0 .net "Y", 0 0, L_0x560d7a924780;  alias, 1 drivers
v0x560d7a7426c0_0 .net "int_fwire_0", 0 0, L_0x560d7a924710;  1 drivers
S_0x560d7a73fcb0 .scope module, "_0556_" "sg13g2_hv_nor3_1" 5 879, 3 1673 1, S_0x560d7a760c50;
 .timescale -9 -11;
    .port_info 0 /OUTPUT 1 "Y";
    .port_info 1 /INPUT 1 "A";
    .port_info 2 /INPUT 1 "B";
    .port_info 3 /INPUT 1 "C";
L_0x560d7a924880 .functor OR 1, L_0x560d7a95dfc0, L_0x560d7a9238d0, L_0x560d7a924780, C4<0>;
L_0x560d7a9248f0 .functor NOT 1, L_0x560d7a924880, C4<0>, C4<0>, C4<0>;
v0x560d7a73f8f0_0 .net "A", 0 0, L_0x560d7a95dfc0;  alias, 1 drivers
v0x560d7a73f990_0 .net "B", 0 0, L_0x560d7a9238d0;  alias, 1 drivers
v0x560d7a73f530_0 .net "C", 0 0, L_0x560d7a924780;  alias, 1 drivers
v0x560d7a73f600_0 .net "Y", 0 0, L_0x560d7a9248f0;  alias, 1 drivers
v0x560d7a740070_0 .net "int_fwire_0", 0 0, L_0x560d7a924880;  1 drivers
S_0x560d7a73d700 .scope module, "_0557_" "sg13g2_hv_nand2_1" 5 885, 3 1360 1, S_0x560d7a760c50;
 .timescale -9 -11;
    .port_info 0 /OUTPUT 1 "Y";
    .port_info 1 /INPUT 1 "A";
    .port_info 2 /INPUT 1 "B";
L_0x560d7a9249b0 .functor AND 1, L_0x560d7a923d70, L_0x560d7a9248f0, C4<1>, C4<1>;
L_0x560d7a924a20 .functor NOT 1, L_0x560d7a9249b0, C4<0>, C4<0>, C4<0>;
v0x560d7a740170_0 .net "A", 0 0, L_0x560d7a923d70;  alias, 1 drivers
v0x560d7a73d340_0 .net "B", 0 0, L_0x560d7a9248f0;  alias, 1 drivers
v0x560d7a73d3e0_0 .net "Y", 0 0, L_0x560d7a924a20;  alias, 1 drivers
v0x560d7a73cf80_0 .net "int_fwire_0", 0 0, L_0x560d7a9249b0;  1 drivers
S_0x560d7a73dac0 .scope module, "_0558_" "sg13g2_hv_nor4_1" 5 890, 3 1729 1, S_0x560d7a760c50;
 .timescale -9 -11;
    .port_info 0 /OUTPUT 1 "Y";
    .port_info 1 /INPUT 1 "A";
    .port_info 2 /INPUT 1 "B";
    .port_info 3 /INPUT 1 "C";
    .port_info 4 /INPUT 1 "D";
L_0x560d7a924ae0 .functor OR 1, L_0x560d7a95c840, L_0x560d7a95d400, L_0x560d7a921ae0, L_0x560d7a9238d0;
L_0x560d7a924b50 .functor NOT 1, L_0x560d7a924ae0, C4<0>, C4<0>, C4<0>;
v0x560d7a73d080_0 .net "A", 0 0, L_0x560d7a95c840;  alias, 1 drivers
v0x560d7a73b220_0 .net "B", 0 0, L_0x560d7a95d400;  alias, 1 drivers
v0x560d7a73ad90_0 .net "C", 0 0, L_0x560d7a921ae0;  alias, 1 drivers
v0x560d7a73ae30_0 .net "D", 0 0, L_0x560d7a9238d0;  alias, 1 drivers
v0x560d7a73a9d0_0 .net "Y", 0 0, L_0x560d7a924b50;  alias, 1 drivers
v0x560d7a73aac0_0 .net "int_fwire_0", 0 0, L_0x560d7a924ae0;  1 drivers
S_0x560d7a73b510 .scope module, "_0559_" "sg13g2_hv_nand2_1" 5 897, 3 1360 1, S_0x560d7a760c50;
 .timescale -9 -11;
    .port_info 0 /OUTPUT 1 "Y";
    .port_info 1 /INPUT 1 "A";
    .port_info 2 /INPUT 1 "B";
L_0x560d7a924c10 .functor AND 1, L_0x560d7a923d70, L_0x560d7a924b50, C4<1>, C4<1>;
L_0x560d7a924c80 .functor NOT 1, L_0x560d7a924c10, C4<0>, C4<0>, C4<0>;
v0x560d7a738ba0_0 .net "A", 0 0, L_0x560d7a923d70;  alias, 1 drivers
v0x560d7a738c60_0 .net "B", 0 0, L_0x560d7a924b50;  alias, 1 drivers
v0x560d7a7387e0_0 .net "Y", 0 0, L_0x560d7a924c80;  alias, 1 drivers
v0x560d7a7388b0_0 .net "int_fwire_0", 0 0, L_0x560d7a924c10;  1 drivers
S_0x560d7a738420 .scope module, "_0560_" "sg13g2_hv_nor3_1" 5 902, 3 1673 1, S_0x560d7a760c50;
 .timescale -9 -11;
    .port_info 0 /OUTPUT 1 "Y";
    .port_info 1 /INPUT 1 "A";
    .port_info 2 /INPUT 1 "B";
    .port_info 3 /INPUT 1 "C";
L_0x560d7a924d40 .functor OR 1, L_0x560d7a921ae0, L_0x560d7a9238d0, L_0x560d7a923fa0, C4<0>;
L_0x560d7a924ec0 .functor NOT 1, L_0x560d7a924d40, C4<0>, C4<0>, C4<0>;
v0x560d7a738ff0_0 .net "A", 0 0, L_0x560d7a921ae0;  alias, 1 drivers
v0x560d7a7365f0_0 .net "B", 0 0, L_0x560d7a9238d0;  alias, 1 drivers
v0x560d7a7366b0_0 .net "C", 0 0, L_0x560d7a923fa0;  alias, 1 drivers
v0x560d7a736230_0 .net "Y", 0 0, L_0x560d7a924ec0;  alias, 1 drivers
v0x560d7a7362d0_0 .net "int_fwire_0", 0 0, L_0x560d7a924d40;  1 drivers
S_0x560d7a735e70 .scope module, "_0561_" "sg13g2_hv_nand2_1" 5 908, 3 1360 1, S_0x560d7a760c50;
 .timescale -9 -11;
    .port_info 0 /OUTPUT 1 "Y";
    .port_info 1 /INPUT 1 "A";
    .port_info 2 /INPUT 1 "B";
L_0x560d7a924f80 .functor AND 1, L_0x560d7a923d70, L_0x560d7a924ec0, C4<1>, C4<1>;
L_0x560d7a924ff0 .functor NOT 1, L_0x560d7a924f80, C4<0>, C4<0>, C4<0>;
v0x560d7a7369b0_0 .net "A", 0 0, L_0x560d7a923d70;  alias, 1 drivers
v0x560d7a736a70_0 .net "B", 0 0, L_0x560d7a924ec0;  alias, 1 drivers
v0x560d7a734040_0 .net "Y", 0 0, L_0x560d7a924ff0;  alias, 1 drivers
v0x560d7a734110_0 .net "int_fwire_0", 0 0, L_0x560d7a924f80;  1 drivers
S_0x560d7a733c80 .scope module, "_0562_" "sg13g2_hv_nor3_1" 5 913, 3 1673 1, S_0x560d7a760c50;
 .timescale -9 -11;
    .port_info 0 /OUTPUT 1 "Y";
    .port_info 1 /INPUT 1 "A";
    .port_info 2 /INPUT 1 "B";
    .port_info 3 /INPUT 1 "C";
L_0x560d7a9250b0 .functor OR 1, L_0x560d7a921ae0, L_0x560d7a9238d0, L_0x560d7a9243f0, C4<0>;
L_0x560d7a925120 .functor NOT 1, L_0x560d7a9250b0, C4<0>, C4<0>, C4<0>;
v0x560d7a733950_0 .net "A", 0 0, L_0x560d7a921ae0;  alias, 1 drivers
v0x560d7a734400_0 .net "B", 0 0, L_0x560d7a9238d0;  alias, 1 drivers
v0x560d7a7344c0_0 .net "C", 0 0, L_0x560d7a9243f0;  alias, 1 drivers
v0x560d7a731a90_0 .net "Y", 0 0, L_0x560d7a925120;  alias, 1 drivers
v0x560d7a731b30_0 .net "int_fwire_0", 0 0, L_0x560d7a9250b0;  1 drivers
S_0x560d7a7316d0 .scope module, "_0563_" "sg13g2_hv_nand2_1" 5 919, 3 1360 1, S_0x560d7a760c50;
 .timescale -9 -11;
    .port_info 0 /OUTPUT 1 "Y";
    .port_info 1 /INPUT 1 "A";
    .port_info 2 /INPUT 1 "B";
L_0x560d7a9251e0 .functor AND 1, L_0x560d7a923d70, L_0x560d7a925120, C4<1>, C4<1>;
L_0x560d7a925250 .functor NOT 1, L_0x560d7a9251e0, C4<0>, C4<0>, C4<0>;
v0x560d7a731310_0 .net "A", 0 0, L_0x560d7a923d70;  alias, 1 drivers
v0x560d7a7313b0_0 .net "B", 0 0, L_0x560d7a925120;  alias, 1 drivers
v0x560d7a731e50_0 .net "Y", 0 0, L_0x560d7a925250;  alias, 1 drivers
v0x560d7a731f20_0 .net "int_fwire_0", 0 0, L_0x560d7a9251e0;  1 drivers
S_0x560d7a72f4e0 .scope module, "_0564_" "sg13g2_hv_nor3_1" 5 924, 3 1673 1, S_0x560d7a760c50;
 .timescale -9 -11;
    .port_info 0 /OUTPUT 1 "Y";
    .port_info 1 /INPUT 1 "A";
    .port_info 2 /INPUT 1 "B";
    .port_info 3 /INPUT 1 "C";
L_0x560d7a925310 .functor OR 1, L_0x560d7a921ae0, L_0x560d7a9238d0, L_0x560d7a924780, C4<0>;
L_0x560d7a925380 .functor NOT 1, L_0x560d7a925310, C4<0>, C4<0>, C4<0>;
v0x560d7a72f1b0_0 .net "A", 0 0, L_0x560d7a921ae0;  alias, 1 drivers
v0x560d7a72edf0_0 .net "B", 0 0, L_0x560d7a9238d0;  alias, 1 drivers
v0x560d7a72f8a0_0 .net "C", 0 0, L_0x560d7a924780;  alias, 1 drivers
v0x560d7a72f990_0 .net "Y", 0 0, L_0x560d7a925380;  alias, 1 drivers
v0x560d7a72cf30_0 .net "int_fwire_0", 0 0, L_0x560d7a925310;  1 drivers
S_0x560d7a72cb70 .scope module, "_0565_" "sg13g2_hv_nand2_1" 5 930, 3 1360 1, S_0x560d7a760c50;
 .timescale -9 -11;
    .port_info 0 /OUTPUT 1 "Y";
    .port_info 1 /INPUT 1 "A";
    .port_info 2 /INPUT 1 "B";
L_0x560d7a925440 .functor AND 1, L_0x560d7a923d70, L_0x560d7a925380, C4<1>, C4<1>;
L_0x560d7a9254b0 .functor NOT 1, L_0x560d7a925440, C4<0>, C4<0>, C4<0>;
v0x560d7a72c7b0_0 .net "A", 0 0, L_0x560d7a923d70;  alias, 1 drivers
v0x560d7a72c870_0 .net "B", 0 0, L_0x560d7a925380;  alias, 1 drivers
v0x560d7a72a980_0 .net "Y", 0 0, L_0x560d7a9254b0;  alias, 1 drivers
v0x560d7a72aa20_0 .net "int_fwire_0", 0 0, L_0x560d7a925440;  1 drivers
S_0x560d7a72a5c0 .scope module, "_0566_" "sg13g2_hv_o21ai_1" 5 935, 3 1785 1, S_0x560d7a760c50;
 .timescale -9 -11;
    .port_info 0 /OUTPUT 1 "Y";
    .port_info 1 /INPUT 1 "A1";
    .port_info 2 /INPUT 1 "A2";
    .port_info 3 /INPUT 1 "B1";
L_0x560d7a925570 .functor OR 1, L_0x560d7a9b09d0, L_0x560d7a922ac0, C4<0>, C4<0>;
L_0x560d7a9255e0 .functor AND 1, L_0x560d7a925570, L_0x560d7a921a00, C4<1>, C4<1>;
L_0x560d7a9256a0 .functor NOT 1, L_0x560d7a9255e0, C4<0>, C4<0>, C4<0>;
v0x560d7a72a200_0 .net "A1", 0 0, L_0x560d7a9b09d0;  alias, 1 drivers
v0x560d7a72a2a0_0 .net "A2", 0 0, L_0x560d7a922ac0;  alias, 1 drivers
v0x560d7a72ad40_0 .net "B1", 0 0, L_0x560d7a921a00;  alias, 1 drivers
v0x560d7a72ae40_0 .net "Y", 0 0, L_0x560d7a9256a0;  alias, 1 drivers
v0x560d7a7283d0_0 .net "int_fwire_0", 0 0, L_0x560d7a925570;  1 drivers
v0x560d7a728470_0 .net "int_fwire_1", 0 0, L_0x560d7a9255e0;  1 drivers
S_0x560d7a728010 .scope module, "_0567_" "sg13g2_hv_and2_1" 5 941, 3 191 1, S_0x560d7a760c50;
 .timescale -9 -11;
    .port_info 0 /OUTPUT 1 "X";
    .port_info 1 /INPUT 1 "A";
    .port_info 2 /INPUT 1 "B";
L_0x560d7a925760 .functor AND 1, L_0x560d7a922300, L_0x560d7a9256a0, C4<1>, C4<1>;
v0x560d7a727c50_0 .net "A", 0 0, L_0x560d7a922300;  alias, 1 drivers
v0x560d7a727d10_0 .net "B", 0 0, L_0x560d7a9256a0;  alias, 1 drivers
v0x560d7a728790_0 .net "X", 0 0, L_0x560d7a925760;  alias, 1 drivers
S_0x560d7a725e20 .scope module, "_0568_" "sg13g2_hv_nand2b_1" 5 946, 3 1416 1, S_0x560d7a760c50;
 .timescale -9 -11;
    .port_info 0 /OUTPUT 1 "Y";
    .port_info 1 /INPUT 1 "A_N";
    .port_info 2 /INPUT 1 "B";
L_0x560d7a9258e0 .functor NOT 1, L_0x560d7a923070, C4<0>, C4<0>, C4<0>;
L_0x560d7a925950 .functor AND 1, L_0x560d7a9258e0, L_0x560d7a922840, C4<1>, C4<1>;
L_0x560d7a925a10 .functor NOT 1, L_0x560d7a925950, C4<0>, C4<0>, C4<0>;
v0x560d7a725a60_0 .net "A_N", 0 0, L_0x560d7a923070;  alias, 1 drivers
v0x560d7a725b20_0 .net "A_N__bar", 0 0, L_0x560d7a9258e0;  1 drivers
v0x560d7a7256a0_0 .net "B", 0 0, L_0x560d7a922840;  alias, 1 drivers
v0x560d7a7261e0_0 .net "Y", 0 0, L_0x560d7a925a10;  alias, 1 drivers
v0x560d7a726280_0 .net "int_fwire_0", 0 0, L_0x560d7a925950;  1 drivers
S_0x560d7a723870 .scope module, "_0569_" "sg13g2_hv_nand3_1" 5 951, 3 1474 1, S_0x560d7a760c50;
 .timescale -9 -11;
    .port_info 0 /OUTPUT 1 "Y";
    .port_info 1 /INPUT 1 "A";
    .port_info 2 /INPUT 1 "B";
    .port_info 3 /INPUT 1 "C";
L_0x560d7a925a80 .functor AND 1, L_0x560d7a997ac0, L_0x560d7a921c60, L_0x560d7a921d40, C4<1>;
L_0x560d7a925d10 .functor NOT 1, L_0x560d7a925a80, C4<0>, C4<0>, C4<0>;
v0x560d7a7234b0_0 .net "A", 0 0, L_0x560d7a997ac0;  alias, 1 drivers
v0x560d7a7235a0_0 .net "B", 0 0, L_0x560d7a921c60;  alias, 1 drivers
v0x560d7a7230f0_0 .net "C", 0 0, L_0x560d7a921d40;  alias, 1 drivers
v0x560d7a723190_0 .net "Y", 0 0, L_0x560d7a925d10;  alias, 1 drivers
v0x560d7a723c30_0 .net "int_fwire_0", 0 0, L_0x560d7a925a80;  1 drivers
S_0x560d7a7212c0 .scope module, "_0570_" "sg13g2_hv_o21ai_1" 5 957, 3 1785 1, S_0x560d7a760c50;
 .timescale -9 -11;
    .port_info 0 /OUTPUT 1 "Y";
    .port_info 1 /INPUT 1 "A1";
    .port_info 2 /INPUT 1 "A2";
    .port_info 3 /INPUT 1 "B1";
L_0x560d7a925dd0 .functor OR 1, L_0x560d7a997ac0, L_0x560d7a921db0, C4<0>, C4<0>;
L_0x560d7a925e40 .functor AND 1, L_0x560d7a925dd0, L_0x560d7a925d10, C4<1>, C4<1>;
L_0x560d7a925f00 .functor NOT 1, L_0x560d7a925e40, C4<0>, C4<0>, C4<0>;
v0x560d7a720f00_0 .net "A1", 0 0, L_0x560d7a997ac0;  alias, 1 drivers
v0x560d7a720fc0_0 .net "A2", 0 0, L_0x560d7a921db0;  alias, 1 drivers
v0x560d7a720b40_0 .net "B1", 0 0, L_0x560d7a925d10;  alias, 1 drivers
v0x560d7a720be0_0 .net "Y", 0 0, L_0x560d7a925f00;  alias, 1 drivers
v0x560d7a721680_0 .net "int_fwire_0", 0 0, L_0x560d7a925dd0;  1 drivers
v0x560d7a721770_0 .net "int_fwire_1", 0 0, L_0x560d7a925e40;  1 drivers
S_0x560d7a71ed10 .scope module, "_0571_" "sg13g2_hv_mux2_1" 5 963, 3 1284 1, S_0x560d7a760c50;
 .timescale -9 -11;
    .port_info 0 /OUTPUT 1 "X";
    .port_info 1 /INPUT 1 "A0";
    .port_info 2 /INPUT 1 "A1";
    .port_info 3 /INPUT 1 "S";
L_0x560d7a925f70 .udp UDP_ihp_mux2, L_0x560d7a921db0, L_0x560d7a922080, L_0x560d7a997ac0;
v0x560d7a71e9e0_0 .net "A0", 0 0, L_0x560d7a921db0;  alias, 1 drivers
v0x560d7a71e590_0 .net "A1", 0 0, L_0x560d7a922080;  alias, 1 drivers
v0x560d7a71e650_0 .net "S", 0 0, L_0x560d7a997ac0;  alias, 1 drivers
v0x560d7a71f160_0 .net "X", 0 0, L_0x560d7a925f70;  alias, 1 drivers
S_0x560d7a71c760 .scope module, "_0572_" "sg13g2_hv_nand2_1" 5 969, 3 1360 1, S_0x560d7a760c50;
 .timescale -9 -11;
    .port_info 0 /OUTPUT 1 "Y";
    .port_info 1 /INPUT 1 "A";
    .port_info 2 /INPUT 1 "B";
L_0x560d7a9260f0 .functor AND 1, L_0x560d7a922ac0, L_0x560d7a925f00, C4<1>, C4<1>;
L_0x560d7a926160 .functor NOT 1, L_0x560d7a9260f0, C4<0>, C4<0>, C4<0>;
v0x560d7a71c3a0_0 .net "A", 0 0, L_0x560d7a922ac0;  alias, 1 drivers
v0x560d7a71bfe0_0 .net "B", 0 0, L_0x560d7a925f00;  alias, 1 drivers
v0x560d7a71c0a0_0 .net "Y", 0 0, L_0x560d7a926160;  alias, 1 drivers
v0x560d7a71cb20_0 .net "int_fwire_0", 0 0, L_0x560d7a9260f0;  1 drivers
S_0x560d7a71a1b0 .scope module, "_0573_" "sg13g2_hv_and2_1" 5 974, 3 191 1, S_0x560d7a760c50;
 .timescale -9 -11;
    .port_info 0 /OUTPUT 1 "X";
    .port_info 1 /INPUT 1 "A";
    .port_info 2 /INPUT 1 "B";
L_0x560d7a926220 .functor AND 1, L_0x560d7a9b2360, L_0x560d7a922840, C4<1>, C4<1>;
v0x560d7a71cc20_0 .net "A", 0 0, L_0x560d7a9b2360;  alias, 1 drivers
v0x560d7a719df0_0 .net "B", 0 0, L_0x560d7a922840;  alias, 1 drivers
v0x560d7a719eb0_0 .net "X", 0 0, L_0x560d7a926220;  alias, 1 drivers
S_0x560d7a719a30 .scope module, "_0574_" "sg13g2_hv_nand3_1" 5 979, 3 1474 1, S_0x560d7a760c50;
 .timescale -9 -11;
    .port_info 0 /OUTPUT 1 "Y";
    .port_info 1 /INPUT 1 "A";
    .port_info 2 /INPUT 1 "B";
    .port_info 3 /INPUT 1 "C";
L_0x560d7a926290 .functor AND 1, L_0x560d7a9b3130, L_0x560d7a9a41b0, L_0x560d7a922840, C4<1>;
L_0x560d7a926300 .functor NOT 1, L_0x560d7a926290, C4<0>, C4<0>, C4<0>;
v0x560d7a71a600_0 .net "A", 0 0, L_0x560d7a9b3130;  alias, 1 drivers
v0x560d7a717c90_0 .net "B", 0 0, L_0x560d7a9a41b0;  alias, 1 drivers
v0x560d7a717840_0 .net "C", 0 0, L_0x560d7a922840;  alias, 1 drivers
v0x560d7a717480_0 .net "Y", 0 0, L_0x560d7a926300;  alias, 1 drivers
v0x560d7a717520_0 .net "int_fwire_0", 0 0, L_0x560d7a926290;  1 drivers
S_0x560d7a717fc0 .scope module, "_0575_" "sg13g2_hv_o21ai_1" 5 985, 3 1785 1, S_0x560d7a760c50;
 .timescale -9 -11;
    .port_info 0 /OUTPUT 1 "Y";
    .port_info 1 /INPUT 1 "A1";
    .port_info 2 /INPUT 1 "A2";
    .port_info 3 /INPUT 1 "B1";
L_0x560d7a9263c0 .functor OR 1, L_0x560d7a921a00, L_0x560d7a922840, C4<0>, C4<0>;
L_0x560d7a926430 .functor AND 1, L_0x560d7a9263c0, L_0x560d7a926300, C4<1>, C4<1>;
L_0x560d7a9264f0 .functor NOT 1, L_0x560d7a926430, C4<0>, C4<0>, C4<0>;
v0x560d7a7156e0_0 .net "A1", 0 0, L_0x560d7a921a00;  alias, 1 drivers
v0x560d7a715290_0 .net "A2", 0 0, L_0x560d7a922840;  alias, 1 drivers
v0x560d7a715350_0 .net "B1", 0 0, L_0x560d7a926300;  alias, 1 drivers
v0x560d7a714ed0_0 .net "Y", 0 0, L_0x560d7a9264f0;  alias, 1 drivers
v0x560d7a714f70_0 .net "int_fwire_0", 0 0, L_0x560d7a9263c0;  1 drivers
v0x560d7a715a10_0 .net "int_fwire_1", 0 0, L_0x560d7a926430;  1 drivers
S_0x560d7a7130a0 .scope module, "_0576_" "sg13g2_hv_nand2_1" 5 991, 3 1360 1, S_0x560d7a760c50;
 .timescale -9 -11;
    .port_info 0 /OUTPUT 1 "Y";
    .port_info 1 /INPUT 1 "A";
    .port_info 2 /INPUT 1 "B";
L_0x560d7a926560 .functor AND 1, L_0x560d7a9b3130, L_0x560d7a922920, C4<1>, C4<1>;
L_0x560d7a9265d0 .functor NOT 1, L_0x560d7a926560, C4<0>, C4<0>, C4<0>;
v0x560d7a712ce0_0 .net "A", 0 0, L_0x560d7a9b3130;  alias, 1 drivers
v0x560d7a712da0_0 .net "B", 0 0, L_0x560d7a922920;  alias, 1 drivers
v0x560d7a712920_0 .net "Y", 0 0, L_0x560d7a9265d0;  alias, 1 drivers
v0x560d7a7129f0_0 .net "int_fwire_0", 0 0, L_0x560d7a926560;  1 drivers
S_0x560d7a713460 .scope module, "_0577_" "sg13g2_hv_nand2_1" 5 996, 3 1360 1, S_0x560d7a760c50;
 .timescale -9 -11;
    .port_info 0 /OUTPUT 1 "Y";
    .port_info 1 /INPUT 1 "A";
    .port_info 2 /INPUT 1 "B";
L_0x560d7a926690 .functor AND 1, L_0x560d7a9b09d0, L_0x560d7a955f70, C4<1>, C4<1>;
L_0x560d7a926700 .functor NOT 1, L_0x560d7a926690, C4<0>, C4<0>, C4<0>;
v0x560d7a710af0_0 .net "A", 0 0, L_0x560d7a9b09d0;  alias, 1 drivers
v0x560d7a710b90_0 .net "B", 0 0, L_0x560d7a955f70;  alias, 1 drivers
v0x560d7a710730_0 .net "Y", 0 0, L_0x560d7a926700;  alias, 1 drivers
v0x560d7a710800_0 .net "int_fwire_0", 0 0, L_0x560d7a926690;  1 drivers
S_0x560d7a710370 .scope module, "_0578_" "sg13g2_hv_o21ai_1" 5 1001, 3 1785 1, S_0x560d7a760c50;
 .timescale -9 -11;
    .port_info 0 /OUTPUT 1 "Y";
    .port_info 1 /INPUT 1 "A1";
    .port_info 2 /INPUT 1 "A2";
    .port_info 3 /INPUT 1 "B1";
L_0x560d7a926770 .functor OR 1, L_0x560d7a9530b0, L_0x560d7a926700, C4<0>, C4<0>;
L_0x560d7a9267e0 .functor AND 1, L_0x560d7a926770, L_0x560d7a9265d0, C4<1>, C4<1>;
L_0x560d7a9268e0 .functor NOT 1, L_0x560d7a9267e0, C4<0>, C4<0>, C4<0>;
v0x560d7a710f40_0 .net "A1", 0 0, L_0x560d7a9530b0;  alias, 1 drivers
v0x560d7a70e540_0 .net "A2", 0 0, L_0x560d7a926700;  alias, 1 drivers
v0x560d7a70e600_0 .net "B1", 0 0, L_0x560d7a9265d0;  alias, 1 drivers
v0x560d7a70e180_0 .net "Y", 0 0, L_0x560d7a9268e0;  alias, 1 drivers
v0x560d7a70e220_0 .net "int_fwire_0", 0 0, L_0x560d7a926770;  1 drivers
v0x560d7a70ddc0_0 .net "int_fwire_1", 0 0, L_0x560d7a9267e0;  1 drivers
S_0x560d7a70e900 .scope module, "_0579_" "sg13g2_hv_nand2_1" 5 1007, 3 1360 1, S_0x560d7a760c50;
 .timescale -9 -11;
    .port_info 0 /OUTPUT 1 "Y";
    .port_info 1 /INPUT 1 "A";
    .port_info 2 /INPUT 1 "B";
L_0x560d7a926950 .functor AND 1, L_0x560d7a9b2360, L_0x560d7a922920, C4<1>, C4<1>;
L_0x560d7a9269c0 .functor NOT 1, L_0x560d7a926950, C4<0>, C4<0>, C4<0>;
v0x560d7a70dec0_0 .net "A", 0 0, L_0x560d7a9b2360;  alias, 1 drivers
v0x560d7a70bf90_0 .net "B", 0 0, L_0x560d7a922920;  alias, 1 drivers
v0x560d7a70c050_0 .net "Y", 0 0, L_0x560d7a9269c0;  alias, 1 drivers
v0x560d7a70bbd0_0 .net "int_fwire_0", 0 0, L_0x560d7a926950;  1 drivers
S_0x560d7a70b810 .scope module, "_0580_" "sg13g2_hv_o21ai_1" 5 1012, 3 1785 1, S_0x560d7a760c50;
 .timescale -9 -11;
    .port_info 0 /OUTPUT 1 "Y";
    .port_info 1 /INPUT 1 "A1";
    .port_info 2 /INPUT 1 "A2";
    .port_info 3 /INPUT 1 "B1";
L_0x560d7a926a80 .functor OR 1, L_0x560d7a9a41b0, L_0x560d7a922a50, C4<0>, C4<0>;
L_0x560d7a926c00 .functor AND 1, L_0x560d7a926a80, L_0x560d7a9269c0, C4<1>, C4<1>;
L_0x560d7a926cc0 .functor NOT 1, L_0x560d7a926c00, C4<0>, C4<0>, C4<0>;
v0x560d7a70c3e0_0 .net "A1", 0 0, L_0x560d7a9a41b0;  alias, 1 drivers
v0x560d7a7099e0_0 .net "A2", 0 0, L_0x560d7a922a50;  alias, 1 drivers
v0x560d7a709ab0_0 .net "B1", 0 0, L_0x560d7a9269c0;  alias, 1 drivers
v0x560d7a709620_0 .net "Y", 0 0, L_0x560d7a926cc0;  alias, 1 drivers
v0x560d7a7096c0_0 .net "int_fwire_0", 0 0, L_0x560d7a926a80;  1 drivers
v0x560d7a709260_0 .net "int_fwire_1", 0 0, L_0x560d7a926c00;  1 drivers
S_0x560d7a709da0 .scope module, "_0581_" "sg13g2_hv_o21ai_1" 5 1018, 3 1785 1, S_0x560d7a760c50;
 .timescale -9 -11;
    .port_info 0 /OUTPUT 1 "Y";
    .port_info 1 /INPUT 1 "A1";
    .port_info 2 /INPUT 1 "A2";
    .port_info 3 /INPUT 1 "B1";
L_0x560d7a926d30 .functor OR 1, L_0x560d7a921a70, L_0x560d7a9530b0, C4<0>, C4<0>;
L_0x560d7a926e30 .functor AND 1, L_0x560d7a926d30, L_0x560d7a925a10, C4<1>, C4<1>;
L_0x560d7a926ea0 .functor NOT 1, L_0x560d7a926e30, C4<0>, C4<0>, C4<0>;
v0x560d7a707430_0 .net "A1", 0 0, L_0x560d7a921a70;  alias, 1 drivers
v0x560d7a707520_0 .net "A2", 0 0, L_0x560d7a9530b0;  alias, 1 drivers
v0x560d7a707070_0 .net "B1", 0 0, L_0x560d7a925a10;  alias, 1 drivers
v0x560d7a707170_0 .net "Y", 0 0, L_0x560d7a926ea0;  alias, 1 drivers
v0x560d7a706cb0_0 .net "int_fwire_0", 0 0, L_0x560d7a926d30;  1 drivers
v0x560d7a706da0_0 .net "int_fwire_1", 0 0, L_0x560d7a926e30;  1 drivers
S_0x560d7a7077f0 .scope module, "_0582_" "sg13g2_hv_o21ai_1" 5 1024, 3 1785 1, S_0x560d7a760c50;
 .timescale -9 -11;
    .port_info 0 /OUTPUT 1 "Y";
    .port_info 1 /INPUT 1 "A1";
    .port_info 2 /INPUT 1 "A2";
    .port_info 3 /INPUT 1 "B1";
L_0x560d7a926f60 .functor OR 1, L_0x560d7a9b09d0, L_0x560d7a9b1590, C4<0>, C4<0>;
L_0x560d7a9271e0 .functor AND 1, L_0x560d7a926f60, L_0x560d7a9530b0, C4<1>, C4<1>;
L_0x560d7a9272a0 .functor NOT 1, L_0x560d7a9271e0, C4<0>, C4<0>, C4<0>;
v0x560d7a704f10_0 .net "A1", 0 0, L_0x560d7a9b09d0;  alias, 1 drivers
v0x560d7a704ac0_0 .net "A2", 0 0, L_0x560d7a9b1590;  alias, 1 drivers
v0x560d7a704b80_0 .net "B1", 0 0, L_0x560d7a9530b0;  alias, 1 drivers
v0x560d7a704700_0 .net "Y", 0 0, L_0x560d7a9272a0;  alias, 1 drivers
v0x560d7a7047a0_0 .net "int_fwire_0", 0 0, L_0x560d7a926f60;  1 drivers
v0x560d7a705240_0 .net "int_fwire_1", 0 0, L_0x560d7a9271e0;  1 drivers
S_0x560d7a7028d0 .scope module, "_0583_" "sg13g2_hv_o21ai_1" 5 1030, 3 1785 1, S_0x560d7a760c50;
 .timescale -9 -11;
    .port_info 0 /OUTPUT 1 "Y";
    .port_info 1 /INPUT 1 "A1";
    .port_info 2 /INPUT 1 "A2";
    .port_info 3 /INPUT 1 "B1";
L_0x560d7a927360 .functor OR 1, L_0x560d7a921700, L_0x560d7a955f70, C4<0>, C4<0>;
L_0x560d7a9273d0 .functor AND 1, L_0x560d7a927360, L_0x560d7a9272a0, C4<1>, C4<1>;
L_0x560d7a927490 .functor NOT 1, L_0x560d7a9273d0, C4<0>, C4<0>, C4<0>;
v0x560d7a7025a0_0 .net "A1", 0 0, L_0x560d7a921700;  alias, 1 drivers
v0x560d7a702150_0 .net "A2", 0 0, L_0x560d7a955f70;  alias, 1 drivers
v0x560d7a702220_0 .net "B1", 0 0, L_0x560d7a9272a0;  alias, 1 drivers
v0x560d7a702c90_0 .net "Y", 0 0, L_0x560d7a927490;  alias, 1 drivers
v0x560d7a702d30_0 .net "int_fwire_0", 0 0, L_0x560d7a927360;  1 drivers
v0x560d7a700320_0 .net "int_fwire_1", 0 0, L_0x560d7a9273d0;  1 drivers
S_0x560d7a6fff60 .scope module, "_0584_" "sg13g2_hv_and2_1" 5 1036, 3 191 1, S_0x560d7a760c50;
 .timescale -9 -11;
    .port_info 0 /OUTPUT 1 "X";
    .port_info 1 /INPUT 1 "A";
    .port_info 2 /INPUT 1 "B";
L_0x560d7a927500 .functor AND 1, L_0x560d7a921900, L_0x560d7a922780, C4<1>, C4<1>;
v0x560d7a700420_0 .net "A", 0 0, L_0x560d7a921900;  alias, 1 drivers
v0x560d7a6ffba0_0 .net "B", 0 0, L_0x560d7a922780;  alias, 1 drivers
v0x560d7a6ffc40_0 .net "X", 0 0, L_0x560d7a927500;  alias, 1 drivers
S_0x560d7a7006e0 .scope module, "_0585_" "sg13g2_hv_and2_1" 5 1041, 3 191 1, S_0x560d7a760c50;
 .timescale -9 -11;
    .port_info 0 /OUTPUT 1 "X";
    .port_info 1 /INPUT 1 "A";
    .port_info 2 /INPUT 1 "B";
L_0x560d7a927680 .functor AND 1, L_0x560d7a9aaa10, L_0x560d7a927500, C4<1>, C4<1>;
v0x560d7a6fdd70_0 .net "A", 0 0, L_0x560d7a9aaa10;  alias, 1 drivers
v0x560d7a6fde50_0 .net "B", 0 0, L_0x560d7a927500;  alias, 1 drivers
v0x560d7a6fd9b0_0 .net "X", 0 0, L_0x560d7a927680;  alias, 1 drivers
S_0x560d7a6fd5f0 .scope module, "_0586_" "sg13g2_hv_mux2_1" 5 1046, 3 1284 1, S_0x560d7a760c50;
 .timescale -9 -11;
    .port_info 0 /OUTPUT 1 "X";
    .port_info 1 /INPUT 1 "A0";
    .port_info 2 /INPUT 1 "A1";
    .port_info 3 /INPUT 1 "S";
L_0x560d7a9276f0 .udp UDP_ihp_mux2, L_0x560d7a957700, L_0x560d7a9ab610, L_0x560d7a927500;
v0x560d7a6fe130_0 .net "A0", 0 0, L_0x560d7a957700;  alias, 1 drivers
v0x560d7a6fe1f0_0 .net "A1", 0 0, L_0x560d7a9ab610;  alias, 1 drivers
v0x560d7a6fb7c0_0 .net "S", 0 0, L_0x560d7a927500;  alias, 1 drivers
v0x560d7a6fb400_0 .net "X", 0 0, L_0x560d7a9276f0;  alias, 1 drivers
S_0x560d7a6fb040 .scope module, "_0587_" "sg13g2_hv_mux2_1" 5 1052, 3 1284 1, S_0x560d7a760c50;
 .timescale -9 -11;
    .port_info 0 /OUTPUT 1 "X";
    .port_info 1 /INPUT 1 "A0";
    .port_info 2 /INPUT 1 "A1";
    .port_info 3 /INPUT 1 "S";
L_0x560d7a927880 .udp UDP_ihp_mux2, L_0x560d7a9582a0, L_0x560d7a9ac210, L_0x560d7a927500;
v0x560d7a6fbc10_0 .net "A0", 0 0, L_0x560d7a9582a0;  alias, 1 drivers
v0x560d7a6f9210_0 .net "A1", 0 0, L_0x560d7a9ac210;  alias, 1 drivers
v0x560d7a6f92d0_0 .net "S", 0 0, L_0x560d7a927500;  alias, 1 drivers
v0x560d7a6f8e50_0 .net "X", 0 0, L_0x560d7a927880;  alias, 1 drivers
S_0x560d7a6f8a90 .scope module, "_0588_" "sg13g2_hv_mux2_1" 5 1058, 3 1284 1, S_0x560d7a760c50;
 .timescale -9 -11;
    .port_info 0 /OUTPUT 1 "X";
    .port_info 1 /INPUT 1 "A0";
    .port_info 2 /INPUT 1 "A1";
    .port_info 3 /INPUT 1 "S";
L_0x560d7a927a10 .udp UDP_ihp_mux2, L_0x560d7a958e40, L_0x560d7a9ace10, L_0x560d7a927500;
v0x560d7a6f9660_0 .net "A0", 0 0, L_0x560d7a958e40;  alias, 1 drivers
v0x560d7a6f6c60_0 .net "A1", 0 0, L_0x560d7a9ace10;  alias, 1 drivers
v0x560d7a6f6d20_0 .net "S", 0 0, L_0x560d7a927500;  alias, 1 drivers
v0x560d7a6f6930_0 .net "X", 0 0, L_0x560d7a927a10;  alias, 1 drivers
S_0x560d7a6f64e0 .scope module, "_0589_" "sg13g2_hv_mux2_1" 5 1064, 3 1284 1, S_0x560d7a760c50;
 .timescale -9 -11;
    .port_info 0 /OUTPUT 1 "X";
    .port_info 1 /INPUT 1 "A0";
    .port_info 2 /INPUT 1 "A1";
    .port_info 3 /INPUT 1 "S";
L_0x560d7a927ba0 .udp UDP_ihp_mux2, L_0x560d7a9599e0, L_0x560d7a9ada10, L_0x560d7a927500;
v0x560d7a6f70b0_0 .net "A0", 0 0, L_0x560d7a9599e0;  alias, 1 drivers
v0x560d7a6f46b0_0 .net "A1", 0 0, L_0x560d7a9ada10;  alias, 1 drivers
v0x560d7a6f4770_0 .net "S", 0 0, L_0x560d7a927500;  alias, 1 drivers
v0x560d7a6f42f0_0 .net "X", 0 0, L_0x560d7a927ba0;  alias, 1 drivers
S_0x560d7a6f3f30 .scope module, "_0590_" "sg13g2_hv_mux2_1" 5 1070, 3 1284 1, S_0x560d7a760c50;
 .timescale -9 -11;
    .port_info 0 /OUTPUT 1 "X";
    .port_info 1 /INPUT 1 "A0";
    .port_info 2 /INPUT 1 "A1";
    .port_info 3 /INPUT 1 "S";
L_0x560d7a927d30 .udp UDP_ihp_mux2, L_0x560d7a95a580, L_0x560d7a9ae610, L_0x560d7a927500;
v0x560d7a6f4b00_0 .net "A0", 0 0, L_0x560d7a95a580;  alias, 1 drivers
v0x560d7a6f2100_0 .net "A1", 0 0, L_0x560d7a9ae610;  alias, 1 drivers
v0x560d7a6f21c0_0 .net "S", 0 0, L_0x560d7a927500;  alias, 1 drivers
v0x560d7a6f1d40_0 .net "X", 0 0, L_0x560d7a927d30;  alias, 1 drivers
S_0x560d7a6f1980 .scope module, "_0591_" "sg13g2_hv_mux2_1" 5 1076, 3 1284 1, S_0x560d7a760c50;
 .timescale -9 -11;
    .port_info 0 /OUTPUT 1 "X";
    .port_info 1 /INPUT 1 "A0";
    .port_info 2 /INPUT 1 "A1";
    .port_info 3 /INPUT 1 "S";
L_0x560d7a9280d0 .udp UDP_ihp_mux2, L_0x560d7a95b120, L_0x560d7a9af210, L_0x560d7a927500;
v0x560d7a6f2550_0 .net "A0", 0 0, L_0x560d7a95b120;  alias, 1 drivers
v0x560d7a6efb50_0 .net "A1", 0 0, L_0x560d7a9af210;  alias, 1 drivers
v0x560d7a6efc10_0 .net "S", 0 0, L_0x560d7a927500;  alias, 1 drivers
v0x560d7a6ef790_0 .net "X", 0 0, L_0x560d7a9280d0;  alias, 1 drivers
S_0x560d7a6ef3d0 .scope module, "_0592_" "sg13g2_hv_mux2_1" 5 1082, 3 1284 1, S_0x560d7a760c50;
 .timescale -9 -11;
    .port_info 0 /OUTPUT 1 "X";
    .port_info 1 /INPUT 1 "A0";
    .port_info 2 /INPUT 1 "A1";
    .port_info 3 /INPUT 1 "S";
L_0x560d7a928260 .udp UDP_ihp_mux2, L_0x560d7a95bcc0, L_0x560d7a9afe10, L_0x560d7a927500;
v0x560d7a6effa0_0 .net "A0", 0 0, L_0x560d7a95bcc0;  alias, 1 drivers
v0x560d7a6ed5a0_0 .net "A1", 0 0, L_0x560d7a9afe10;  alias, 1 drivers
v0x560d7a6ed660_0 .net "S", 0 0, L_0x560d7a927500;  alias, 1 drivers
v0x560d7a6ece20_0 .net "X", 0 0, L_0x560d7a928260;  alias, 1 drivers
S_0x560d7a6ed960 .scope module, "_0593_" "sg13g2_hv_nand2_1" 5 1088, 3 1360 1, S_0x560d7a760c50;
 .timescale -9 -11;
    .port_info 0 /OUTPUT 1 "Y";
    .port_info 1 /INPUT 1 "A";
    .port_info 2 /INPUT 1 "B";
L_0x560d7a9283f0 .functor AND 1, L_0x560d7a928560, L_0x560d7a928600, C4<1>, C4<1>;
L_0x560d7a928460 .functor NOT 1, L_0x560d7a9283f0, C4<0>, C4<0>, C4<0>;
v0x560d7a6eaff0_0 .net "A", 0 0, L_0x560d7a928560;  1 drivers
v0x560d7a6eb0b0_0 .net "B", 0 0, L_0x560d7a928600;  1 drivers
v0x560d7a6eac30_0 .net "Y", 0 0, L_0x560d7a928460;  alias, 1 drivers
v0x560d7a6eacd0_0 .net "int_fwire_0", 0 0, L_0x560d7a9283f0;  1 drivers
S_0x560d7a6ea870 .scope module, "_0594_" "sg13g2_hv_or4_1" 5 1093, 3 1914 1, S_0x560d7a760c50;
 .timescale -9 -11;
    .port_info 0 /OUTPUT 1 "X";
    .port_info 1 /INPUT 1 "A";
    .port_info 2 /INPUT 1 "B";
    .port_info 3 /INPUT 1 "C";
    .port_info 4 /INPUT 1 "D";
L_0x560d7a9286a0 .functor OR 1, L_0x560d7a928710, L_0x560d7a928840, L_0x560d7a9288e0, L_0x560d7a928980;
v0x560d7a6eb460_0 .net "A", 0 0, L_0x560d7a928710;  1 drivers
v0x560d7a6e8a40_0 .net "B", 0 0, L_0x560d7a928840;  1 drivers
v0x560d7a6e8b00_0 .net "C", 0 0, L_0x560d7a9288e0;  1 drivers
v0x560d7a6e8680_0 .net "D", 0 0, L_0x560d7a928980;  1 drivers
v0x560d7a6e8740_0 .net "X", 0 0, L_0x560d7a9286a0;  alias, 1 drivers
S_0x560d7a6e82c0 .scope module, "_0595_" "sg13g2_hv_nand2b_1" 5 1100, 3 1416 1, S_0x560d7a760c50;
 .timescale -9 -11;
    .port_info 0 /OUTPUT 1 "Y";
    .port_info 1 /INPUT 1 "A_N";
    .port_info 2 /INPUT 1 "B";
L_0x560d7a928a60 .functor NOT 1, L_0x560d7a928bb0, C4<0>, C4<0>, C4<0>;
L_0x560d7a928ad0 .functor AND 1, L_0x560d7a928a60, L_0x560d7a928c50, C4<1>, C4<1>;
L_0x560d7a928b40 .functor NOT 1, L_0x560d7a928ad0, C4<0>, C4<0>, C4<0>;
v0x560d7a6e8e00_0 .net "A_N", 0 0, L_0x560d7a928bb0;  1 drivers
v0x560d7a6e8ee0_0 .net "A_N__bar", 0 0, L_0x560d7a928a60;  1 drivers
v0x560d7a6e6490_0 .net "B", 0 0, L_0x560d7a928c50;  1 drivers
v0x560d7a6e6560_0 .net "Y", 0 0, L_0x560d7a928b40;  alias, 1 drivers
v0x560d7a6e60d0_0 .net "int_fwire_0", 0 0, L_0x560d7a928ad0;  1 drivers
S_0x560d7a6e5d10 .scope module, "_0596_" "sg13g2_hv_nor3_1" 5 1105, 3 1673 1, S_0x560d7a760c50;
 .timescale -9 -11;
    .port_info 0 /OUTPUT 1 "Y";
    .port_info 1 /INPUT 1 "A";
    .port_info 2 /INPUT 1 "B";
    .port_info 3 /INPUT 1 "C";
L_0x560d7a928cf0 .functor OR 1, L_0x560d7a928460, L_0x560d7a9286a0, L_0x560d7a928b40, C4<0>;
L_0x560d7a928d60 .functor NOT 1, L_0x560d7a928cf0, C4<0>, C4<0>, C4<0>;
v0x560d7a6e6850_0 .net "A", 0 0, L_0x560d7a928460;  alias, 1 drivers
v0x560d7a6e6920_0 .net "B", 0 0, L_0x560d7a9286a0;  alias, 1 drivers
v0x560d7a6e3ee0_0 .net "C", 0 0, L_0x560d7a928b40;  alias, 1 drivers
v0x560d7a6e3fe0_0 .net "Y", 0 0, L_0x560d7a928d60;  alias, 1 drivers
v0x560d7a6e3b20_0 .net "int_fwire_0", 0 0, L_0x560d7a928cf0;  1 drivers
S_0x560d7a6e3760 .scope module, "_0597_" "sg13g2_hv_nand2b_1" 5 1111, 3 1416 1, S_0x560d7a760c50;
 .timescale -9 -11;
    .port_info 0 /OUTPUT 1 "Y";
    .port_info 1 /INPUT 1 "A_N";
    .port_info 2 /INPUT 1 "B";
L_0x560d7a928dd0 .functor NOT 1, L_0x560d7a928f20, C4<0>, C4<0>, C4<0>;
L_0x560d7a928e40 .functor AND 1, L_0x560d7a928dd0, L_0x560d7a928fc0, C4<1>, C4<1>;
L_0x560d7a928eb0 .functor NOT 1, L_0x560d7a928e40, C4<0>, C4<0>, C4<0>;
v0x560d7a6e42a0_0 .net "A_N", 0 0, L_0x560d7a928f20;  1 drivers
v0x560d7a6e4360_0 .net "A_N__bar", 0 0, L_0x560d7a928dd0;  1 drivers
v0x560d7a6e1930_0 .net "B", 0 0, L_0x560d7a928fc0;  1 drivers
v0x560d7a6e19d0_0 .net "Y", 0 0, L_0x560d7a928eb0;  alias, 1 drivers
v0x560d7a6e1570_0 .net "int_fwire_0", 0 0, L_0x560d7a928e40;  1 drivers
S_0x560d7a6e11b0 .scope module, "_0598_" "sg13g2_hv_nor3_1" 5 1116, 3 1673 1, S_0x560d7a760c50;
 .timescale -9 -11;
    .port_info 0 /OUTPUT 1 "Y";
    .port_info 1 /INPUT 1 "A";
    .port_info 2 /INPUT 1 "B";
    .port_info 3 /INPUT 1 "C";
L_0x560d7a929060 .functor OR 1, L_0x560d7a9286a0, L_0x560d7a928b40, L_0x560d7a928eb0, C4<0>;
L_0x560d7a9291e0 .functor NOT 1, L_0x560d7a929060, C4<0>, C4<0>, C4<0>;
v0x560d7a6e1cf0_0 .net "A", 0 0, L_0x560d7a9286a0;  alias, 1 drivers
v0x560d7a6e1de0_0 .net "B", 0 0, L_0x560d7a928b40;  alias, 1 drivers
v0x560d7a6df380_0 .net "C", 0 0, L_0x560d7a928eb0;  alias, 1 drivers
v0x560d7a6df420_0 .net "Y", 0 0, L_0x560d7a9291e0;  alias, 1 drivers
v0x560d7a6defc0_0 .net "int_fwire_0", 0 0, L_0x560d7a929060;  1 drivers
S_0x560d7a6dec00 .scope module, "_0599_" "sg13g2_hv_nand2b_1" 5 1122, 3 1416 1, S_0x560d7a760c50;
 .timescale -9 -11;
    .port_info 0 /OUTPUT 1 "Y";
    .port_info 1 /INPUT 1 "A_N";
    .port_info 2 /INPUT 1 "B";
L_0x560d7a929250 .functor NOT 1, L_0x560d7a9293f0, C4<0>, C4<0>, C4<0>;
L_0x560d7a9292c0 .functor AND 1, L_0x560d7a929250, L_0x560d7a9294e0, C4<1>, C4<1>;
L_0x560d7a929380 .functor NOT 1, L_0x560d7a9292c0, C4<0>, C4<0>, C4<0>;
v0x560d7a6df740_0 .net "A_N", 0 0, L_0x560d7a9293f0;  1 drivers
v0x560d7a6df800_0 .net "A_N__bar", 0 0, L_0x560d7a929250;  1 drivers
v0x560d7a6dcdd0_0 .net "B", 0 0, L_0x560d7a9294e0;  1 drivers
v0x560d7a6dce70_0 .net "Y", 0 0, L_0x560d7a929380;  alias, 1 drivers
v0x560d7a6dca10_0 .net "int_fwire_0", 0 0, L_0x560d7a9292c0;  1 drivers
S_0x560d7a6dc650 .scope module, "_0600_" "sg13g2_hv_nor4_1" 5 1127, 3 1729 1, S_0x560d7a760c50;
 .timescale -9 -11;
    .port_info 0 /OUTPUT 1 "Y";
    .port_info 1 /INPUT 1 "A";
    .port_info 2 /INPUT 1 "B";
    .port_info 3 /INPUT 1 "C";
    .port_info 4 /INPUT 1 "D";
L_0x560d7a929640 .functor OR 1, L_0x560d7a929770, L_0x560d7a929860, L_0x560d7a9286a0, L_0x560d7a929380;
L_0x560d7a9296b0 .functor NOT 1, L_0x560d7a929640, C4<0>, C4<0>, C4<0>;
v0x560d7a6dd240_0 .net "A", 0 0, L_0x560d7a929770;  1 drivers
v0x560d7a6da820_0 .net "B", 0 0, L_0x560d7a929860;  1 drivers
v0x560d7a6da8e0_0 .net "C", 0 0, L_0x560d7a9286a0;  alias, 1 drivers
v0x560d7a6da460_0 .net "D", 0 0, L_0x560d7a929380;  alias, 1 drivers
v0x560d7a6da500_0 .net "Y", 0 0, L_0x560d7a9296b0;  alias, 1 drivers
v0x560d7a6da0a0_0 .net "int_fwire_0", 0 0, L_0x560d7a929640;  1 drivers
S_0x560d7a6dabe0 .scope module, "_0601_" "sg13g2_hv_or2_1" 5 1134, 3 1814 1, S_0x560d7a760c50;
 .timescale -9 -11;
    .port_info 0 /OUTPUT 1 "X";
    .port_info 1 /INPUT 1 "A";
    .port_info 2 /INPUT 1 "B";
L_0x560d7a9295d0 .functor OR 1, L_0x560d7a9299d0, L_0x560d7a9286a0, C4<0>, C4<0>;
v0x560d7a6d8270_0 .net "A", 0 0, L_0x560d7a9299d0;  1 drivers
v0x560d7a6d8330_0 .net "B", 0 0, L_0x560d7a9286a0;  alias, 1 drivers
v0x560d7a6d7f40_0 .net "X", 0 0, L_0x560d7a9295d0;  alias, 1 drivers
S_0x560d7a6d7af0 .scope module, "_0602_" "sg13g2_hv_nor4_1" 5 1139, 3 1729 1, S_0x560d7a760c50;
 .timescale -9 -11;
    .port_info 0 /OUTPUT 1 "Y";
    .port_info 1 /INPUT 1 "A";
    .port_info 2 /INPUT 1 "B";
    .port_info 3 /INPUT 1 "C";
    .port_info 4 /INPUT 1 "D";
L_0x560d7a929cd0 .functor OR 1, L_0x560d7a92a010, L_0x560d7a92a190, L_0x560d7a9286a0, L_0x560d7a928eb0;
L_0x560d7a929f50 .functor NOT 1, L_0x560d7a929cd0, C4<0>, C4<0>, C4<0>;
v0x560d7a6d86e0_0 .net "A", 0 0, L_0x560d7a92a010;  1 drivers
v0x560d7a6d5cc0_0 .net "B", 0 0, L_0x560d7a92a190;  1 drivers
v0x560d7a6d5d80_0 .net "C", 0 0, L_0x560d7a9286a0;  alias, 1 drivers
v0x560d7a6d5900_0 .net "D", 0 0, L_0x560d7a928eb0;  alias, 1 drivers
v0x560d7a6d59f0_0 .net "Y", 0 0, L_0x560d7a929f50;  alias, 1 drivers
v0x560d7a6d5540_0 .net "int_fwire_0", 0 0, L_0x560d7a929cd0;  1 drivers
S_0x560d7a6d6080 .scope module, "_0603_" "sg13g2_hv_and2_1" 5 1146, 3 191 1, S_0x560d7a760c50;
 .timescale -9 -11;
    .port_info 0 /OUTPUT 1 "X";
    .port_info 1 /INPUT 1 "A";
    .port_info 2 /INPUT 1 "B";
L_0x560d7a92a280 .functor AND 1, L_0x560d7a972490, L_0x560d7a929f50, C4<1>, C4<1>;
v0x560d7a6d3710_0 .net "A", 0 0, L_0x560d7a972490;  alias, 1 drivers
v0x560d7a6d37d0_0 .net "B", 0 0, L_0x560d7a929f50;  alias, 1 drivers
v0x560d7a6d3350_0 .net "X", 0 0, L_0x560d7a92a280;  alias, 1 drivers
S_0x560d7a6d2f90 .scope module, "_0604_" "sg13g2_hv_nor4_1" 5 1151, 3 1729 1, S_0x560d7a760c50;
 .timescale -9 -11;
    .port_info 0 /OUTPUT 1 "Y";
    .port_info 1 /INPUT 1 "A";
    .port_info 2 /INPUT 1 "B";
    .port_info 3 /INPUT 1 "C";
    .port_info 4 /INPUT 1 "D";
L_0x560d7a92a2f0 .functor OR 1, L_0x560d7a92a420, L_0x560d7a92a5b0, L_0x560d7a928460, L_0x560d7a9286a0;
L_0x560d7a92a360 .functor NOT 1, L_0x560d7a92a2f0, C4<0>, C4<0>, C4<0>;
v0x560d7a6d3ad0_0 .net "A", 0 0, L_0x560d7a92a420;  1 drivers
v0x560d7a6d3b90_0 .net "B", 0 0, L_0x560d7a92a5b0;  1 drivers
v0x560d7a6d1160_0 .net "C", 0 0, L_0x560d7a928460;  alias, 1 drivers
v0x560d7a6d0da0_0 .net "D", 0 0, L_0x560d7a9286a0;  alias, 1 drivers
v0x560d7a6d0e40_0 .net "Y", 0 0, L_0x560d7a92a360;  alias, 1 drivers
v0x560d7a6d09e0_0 .net "int_fwire_0", 0 0, L_0x560d7a92a2f0;  1 drivers
S_0x560d7a6d1520 .scope module, "_0605_" "sg13g2_hv_or2_1" 5 1158, 3 1814 1, S_0x560d7a760c50;
 .timescale -9 -11;
    .port_info 0 /OUTPUT 1 "X";
    .port_info 1 /INPUT 1 "A";
    .port_info 2 /INPUT 1 "B";
L_0x560d7a92a6a0 .functor OR 1, L_0x560d7a92a710, L_0x560d7a92a510, C4<0>, C4<0>;
v0x560d7a6cebb0_0 .net "A", 0 0, L_0x560d7a92a710;  1 drivers
v0x560d7a6cec90_0 .net "B", 0 0, L_0x560d7a92a510;  1 drivers
v0x560d7a6ce7f0_0 .net "X", 0 0, L_0x560d7a92a6a0;  alias, 1 drivers
S_0x560d7a6ce430 .scope module, "_0606_" "sg13g2_hv_nor3_1" 5 1163, 3 1673 1, S_0x560d7a760c50;
 .timescale -9 -11;
    .port_info 0 /OUTPUT 1 "Y";
    .port_info 1 /INPUT 1 "A";
    .port_info 2 /INPUT 1 "B";
    .port_info 3 /INPUT 1 "C";
L_0x560d7a92a8b0 .functor OR 1, L_0x560d7a9286a0, L_0x560d7a928b40, L_0x560d7a92a6a0, C4<0>;
L_0x560d7a92a920 .functor NOT 1, L_0x560d7a92a8b0, C4<0>, C4<0>, C4<0>;
v0x560d7a6cf000_0 .net "A", 0 0, L_0x560d7a9286a0;  alias, 1 drivers
v0x560d7a6cc600_0 .net "B", 0 0, L_0x560d7a928b40;  alias, 1 drivers
v0x560d7a6cc6c0_0 .net "C", 0 0, L_0x560d7a92a6a0;  alias, 1 drivers
v0x560d7a6cc240_0 .net "Y", 0 0, L_0x560d7a92a920;  alias, 1 drivers
v0x560d7a6cc2e0_0 .net "int_fwire_0", 0 0, L_0x560d7a92a8b0;  1 drivers
S_0x560d7a6cbe80 .scope module, "_0607_" "sg13g2_hv_nor4_1" 5 1169, 3 1729 1, S_0x560d7a760c50;
 .timescale -9 -11;
    .port_info 0 /OUTPUT 1 "Y";
    .port_info 1 /INPUT 1 "A";
    .port_info 2 /INPUT 1 "B";
    .port_info 3 /INPUT 1 "C";
    .port_info 4 /INPUT 1 "D";
L_0x560d7a92a9e0 .functor OR 1, L_0x560d7a92ab10, L_0x560d7a92acc0, L_0x560d7a9286a0, L_0x560d7a92a6a0;
L_0x560d7a92aa50 .functor NOT 1, L_0x560d7a92a9e0, C4<0>, C4<0>, C4<0>;
v0x560d7a6cca70_0 .net "A", 0 0, L_0x560d7a92ab10;  1 drivers
v0x560d7a6ca050_0 .net "B", 0 0, L_0x560d7a92acc0;  1 drivers
v0x560d7a6ca110_0 .net "C", 0 0, L_0x560d7a9286a0;  alias, 1 drivers
v0x560d7a6c98d0_0 .net "D", 0 0, L_0x560d7a92a6a0;  alias, 1 drivers
v0x560d7a6c99c0_0 .net "Y", 0 0, L_0x560d7a92aa50;  alias, 1 drivers
v0x560d7a6ca410_0 .net "int_fwire_0", 0 0, L_0x560d7a92a9e0;  1 drivers
S_0x560d7a6c7aa0 .scope module, "_0608_" "sg13g2_hv_nor3_1" 5 1176, 3 1673 1, S_0x560d7a760c50;
 .timescale -9 -11;
    .port_info 0 /OUTPUT 1 "Y";
    .port_info 1 /INPUT 1 "A";
    .port_info 2 /INPUT 1 "B";
    .port_info 3 /INPUT 1 "C";
L_0x560d7a92adb0 .functor OR 1, L_0x560d7a9286a0, L_0x560d7a928b40, L_0x560d7a929380, C4<0>;
L_0x560d7a92ae20 .functor NOT 1, L_0x560d7a92adb0, C4<0>, C4<0>, C4<0>;
v0x560d7a6c76e0_0 .net "A", 0 0, L_0x560d7a9286a0;  alias, 1 drivers
v0x560d7a6c77a0_0 .net "B", 0 0, L_0x560d7a928b40;  alias, 1 drivers
v0x560d7a6c7320_0 .net "C", 0 0, L_0x560d7a929380;  alias, 1 drivers
v0x560d7a6c7e60_0 .net "Y", 0 0, L_0x560d7a92ae20;  alias, 1 drivers
v0x560d7a6c7f00_0 .net "int_fwire_0", 0 0, L_0x560d7a92adb0;  1 drivers
S_0x560d7a6c54f0 .scope module, "_0609_" "sg13g2_hv_a21oi_1" 5 1182, 3 77 1, S_0x560d7a760c50;
 .timescale -9 -11;
    .port_info 0 /OUTPUT 1 "Y";
    .port_info 1 /INPUT 1 "A1";
    .port_info 2 /INPUT 1 "A2";
    .port_info 3 /INPUT 1 "B1";
L_0x560d7a92aee0 .functor AND 1, L_0x560d7a978480, L_0x560d7a92a360, C4<1>, C4<1>;
L_0x560d7a92af50 .functor OR 1, L_0x560d7a92aee0, L_0x560d7a9295d0, C4<0>, C4<0>;
L_0x560d7a92b010 .functor NOT 1, L_0x560d7a92af50, C4<0>, C4<0>, C4<0>;
v0x560d7a6c51c0_0 .net "A1", 0 0, L_0x560d7a978480;  alias, 1 drivers
v0x560d7a6c4d70_0 .net "A2", 0 0, L_0x560d7a92a360;  alias, 1 drivers
v0x560d7a6c4e30_0 .net "B1", 0 0, L_0x560d7a9295d0;  alias, 1 drivers
v0x560d7a6c58b0_0 .net "Y", 0 0, L_0x560d7a92b010;  alias, 1 drivers
v0x560d7a6c5950_0 .net "int_fwire_0", 0 0, L_0x560d7a92aee0;  1 drivers
v0x560d7a6c2f40_0 .net "int_fwire_1", 0 0, L_0x560d7a92af50;  1 drivers
S_0x560d7a6c2b80 .scope module, "_0610_" "sg13g2_hv_a22oi_1" 5 1188, 3 162 1, S_0x560d7a760c50;
 .timescale -9 -11;
    .port_info 0 /OUTPUT 1 "Y";
    .port_info 1 /INPUT 1 "A1";
    .port_info 2 /INPUT 1 "A2";
    .port_info 3 /INPUT 1 "B1";
    .port_info 4 /INPUT 1 "B2";
L_0x560d7a92b0d0 .functor AND 1, L_0x560d7a92ae20, L_0x560d7a984880, C4<1>, C4<1>;
L_0x560d7a92b140 .functor AND 1, L_0x560d7a98aa40, L_0x560d7a9291e0, C4<1>, C4<1>;
L_0x560d7a92b1b0 .functor OR 1, L_0x560d7a92b140, L_0x560d7a92b0d0, C4<0>, C4<0>;
L_0x560d7a92b2c0 .functor NOT 1, L_0x560d7a92b1b0, C4<0>, C4<0>, C4<0>;
v0x560d7a6c2870_0 .net "A1", 0 0, L_0x560d7a98aa40;  alias, 1 drivers
v0x560d7a6c3300_0 .net "A2", 0 0, L_0x560d7a9291e0;  alias, 1 drivers
v0x560d7a6c33c0_0 .net "B1", 0 0, L_0x560d7a92ae20;  alias, 1 drivers
v0x560d7a6c0990_0 .net "B2", 0 0, L_0x560d7a984880;  alias, 1 drivers
v0x560d7a6c0a30_0 .net "Y", 0 0, L_0x560d7a92b2c0;  alias, 1 drivers
v0x560d7a6c05d0_0 .net "int_fwire_0", 0 0, L_0x560d7a92b0d0;  1 drivers
v0x560d7a6c0670_0 .net "int_fwire_1", 0 0, L_0x560d7a92b140;  1 drivers
v0x560d7a6c0210_0 .net "int_fwire_2", 0 0, L_0x560d7a92b1b0;  1 drivers
S_0x560d7a6c0d50 .scope module, "_0611_" "sg13g2_hv_and2_1" 5 1195, 3 191 1, S_0x560d7a760c50;
 .timescale -9 -11;
    .port_info 0 /OUTPUT 1 "X";
    .port_info 1 /INPUT 1 "A";
    .port_info 2 /INPUT 1 "B";
L_0x560d7a92b380 .functor AND 1, L_0x560d7a92b010, L_0x560d7a92b2c0, C4<1>, C4<1>;
v0x560d7a6be3e0_0 .net "A", 0 0, L_0x560d7a92b010;  alias, 1 drivers
v0x560d7a6be4a0_0 .net "B", 0 0, L_0x560d7a92b2c0;  alias, 1 drivers
v0x560d7a6be020_0 .net "X", 0 0, L_0x560d7a92b380;  alias, 1 drivers
S_0x560d7a6bdc60 .scope module, "_0612_" "sg13g2_hv_a22oi_1" 5 1200, 3 162 1, S_0x560d7a760c50;
 .timescale -9 -11;
    .port_info 0 /OUTPUT 1 "Y";
    .port_info 1 /INPUT 1 "A1";
    .port_info 2 /INPUT 1 "A2";
    .port_info 3 /INPUT 1 "B1";
    .port_info 4 /INPUT 1 "B2";
L_0x560d7a92b510 .functor AND 1, L_0x560d7a92aa50, L_0x560d7a9668a0, C4<1>, C4<1>;
L_0x560d7a92b580 .functor AND 1, L_0x560d7a990c40, L_0x560d7a928d60, C4<1>, C4<1>;
L_0x560d7a92b5f0 .functor OR 1, L_0x560d7a92b580, L_0x560d7a92b510, C4<0>, C4<0>;
L_0x560d7a92b660 .functor NOT 1, L_0x560d7a92b5f0, C4<0>, C4<0>, C4<0>;
v0x560d7a6be850_0 .net "A1", 0 0, L_0x560d7a990c40;  alias, 1 drivers
v0x560d7a6bbe30_0 .net "A2", 0 0, L_0x560d7a928d60;  alias, 1 drivers
v0x560d7a6bbef0_0 .net "B1", 0 0, L_0x560d7a92aa50;  alias, 1 drivers
v0x560d7a6bba70_0 .net "B2", 0 0, L_0x560d7a9668a0;  alias, 1 drivers
v0x560d7a6bbb10_0 .net "Y", 0 0, L_0x560d7a92b660;  alias, 1 drivers
v0x560d7a6bb6b0_0 .net "int_fwire_0", 0 0, L_0x560d7a92b510;  1 drivers
v0x560d7a6bb750_0 .net "int_fwire_1", 0 0, L_0x560d7a92b580;  1 drivers
v0x560d7a6bc1f0_0 .net "int_fwire_2", 0 0, L_0x560d7a92b5f0;  1 drivers
S_0x560d7a6b9880 .scope module, "_0613_" "sg13g2_hv_a221oi_1" 5 1207, 3 133 1, S_0x560d7a760c50;
 .timescale -9 -11;
    .port_info 0 /OUTPUT 1 "Y";
    .port_info 1 /INPUT 1 "A1";
    .port_info 2 /INPUT 1 "A2";
    .port_info 3 /INPUT 1 "B1";
    .port_info 4 /INPUT 1 "B2";
    .port_info 5 /INPUT 1 "C1";
L_0x560d7a92b720 .functor AND 1, L_0x560d7a92a920, L_0x560d7a97e680, C4<1>, C4<1>;
L_0x560d7a92b790 .functor AND 1, L_0x560d7a96c0f0, L_0x560d7a9296b0, C4<1>, C4<1>;
L_0x560d7a92b800 .functor OR 1, L_0x560d7a92b790, L_0x560d7a92b720, L_0x560d7a92a280, C4<0>;
L_0x560d7a92b9a0 .functor NOT 1, L_0x560d7a92b800, C4<0>, C4<0>, C4<0>;
v0x560d7a6b9590_0 .net "A1", 0 0, L_0x560d7a96c0f0;  alias, 1 drivers
v0x560d7a6b9100_0 .net "A2", 0 0, L_0x560d7a9296b0;  alias, 1 drivers
v0x560d7a6b91c0_0 .net "B1", 0 0, L_0x560d7a92a920;  alias, 1 drivers
v0x560d7a6b9c40_0 .net "B2", 0 0, L_0x560d7a97e680;  alias, 1 drivers
v0x560d7a6b9ce0_0 .net "C1", 0 0, L_0x560d7a92a280;  alias, 1 drivers
v0x560d7a6b72d0_0 .net "Y", 0 0, L_0x560d7a92b9a0;  alias, 1 drivers
v0x560d7a6b7370_0 .net "int_fwire_0", 0 0, L_0x560d7a92b720;  1 drivers
v0x560d7a6b6f10_0 .net "int_fwire_1", 0 0, L_0x560d7a92b790;  1 drivers
v0x560d7a6b6fb0_0 .net "int_fwire_2", 0 0, L_0x560d7a92b800;  1 drivers
S_0x560d7a6b6b50 .scope module, "_0614_" "sg13g2_hv_nand3_1" 5 1215, 3 1474 1, S_0x560d7a760c50;
 .timescale -9 -11;
    .port_info 0 /OUTPUT 1 "Y";
    .port_info 1 /INPUT 1 "A";
    .port_info 2 /INPUT 1 "B";
    .port_info 3 /INPUT 1 "C";
L_0x560d7a92ba10 .functor AND 1, L_0x560d7a92b380, L_0x560d7a92b660, L_0x560d7a92b9a0, C4<1>;
L_0x560d7a92bc30 .functor NOT 1, L_0x560d7a92ba10, C4<0>, C4<0>, C4<0>;
v0x560d7a6b7720_0 .net "A", 0 0, L_0x560d7a92b380;  alias, 1 drivers
v0x560d7a6b4d20_0 .net "B", 0 0, L_0x560d7a92b660;  alias, 1 drivers
v0x560d7a6b4df0_0 .net "C", 0 0, L_0x560d7a92b9a0;  alias, 1 drivers
v0x560d7a6b4960_0 .net "Y", 0 0, L_0x560d7a92bc30;  alias, 1 drivers
v0x560d7a6b4a00_0 .net "int_fwire_0", 0 0, L_0x560d7a92ba10;  1 drivers
S_0x560d7a6b45a0 .scope module, "_0615_" "sg13g2_hv_and2_1" 5 1221, 3 191 1, S_0x560d7a760c50;
 .timescale -9 -11;
    .port_info 0 /OUTPUT 1 "X";
    .port_info 1 /INPUT 1 "A";
    .port_info 2 /INPUT 1 "B";
L_0x560d7a92bca0 .functor AND 1, L_0x560d7a96cca0, L_0x560d7a9296b0, C4<1>, C4<1>;
v0x560d7a6b50e0_0 .net "A", 0 0, L_0x560d7a96cca0;  alias, 1 drivers
v0x560d7a6b51a0_0 .net "B", 0 0, L_0x560d7a9296b0;  alias, 1 drivers
v0x560d7a6b2770_0 .net "X", 0 0, L_0x560d7a92bca0;  alias, 1 drivers
S_0x560d7a6b23b0 .scope module, "_0616_" "sg13g2_hv_a21oi_1" 5 1226, 3 77 1, S_0x560d7a760c50;
 .timescale -9 -11;
    .port_info 0 /OUTPUT 1 "Y";
    .port_info 1 /INPUT 1 "A1";
    .port_info 2 /INPUT 1 "A2";
    .port_info 3 /INPUT 1 "B1";
L_0x560d7a92bd10 .functor AND 1, L_0x560d7a9853b0, L_0x560d7a92ae20, C4<1>, C4<1>;
L_0x560d7a92bd80 .functor OR 1, L_0x560d7a92bd10, L_0x560d7a9295d0, C4<0>, C4<0>;
L_0x560d7a92bdf0 .functor NOT 1, L_0x560d7a92bd80, C4<0>, C4<0>, C4<0>;
v0x560d7a6b1ff0_0 .net "A1", 0 0, L_0x560d7a9853b0;  alias, 1 drivers
v0x560d7a6b2090_0 .net "A2", 0 0, L_0x560d7a92ae20;  alias, 1 drivers
v0x560d7a6b2b30_0 .net "B1", 0 0, L_0x560d7a9295d0;  alias, 1 drivers
v0x560d7a6b01c0_0 .net "Y", 0 0, L_0x560d7a92bdf0;  alias, 1 drivers
v0x560d7a6b0260_0 .net "int_fwire_0", 0 0, L_0x560d7a92bd10;  1 drivers
v0x560d7a6afe00_0 .net "int_fwire_1", 0 0, L_0x560d7a92bd80;  1 drivers
S_0x560d7a6afa40 .scope module, "_0617_" "sg13g2_hv_a22oi_1" 5 1232, 3 162 1, S_0x560d7a760c50;
 .timescale -9 -11;
    .port_info 0 /OUTPUT 1 "Y";
    .port_info 1 /INPUT 1 "A1";
    .port_info 2 /INPUT 1 "A2";
    .port_info 3 /INPUT 1 "B1";
    .port_info 4 /INPUT 1 "B2";
L_0x560d7a92be60 .functor AND 1, L_0x560d7a92a360, L_0x560d7a9790c0, C4<1>, C4<1>;
L_0x560d7a92bed0 .functor AND 1, L_0x560d7a973070, L_0x560d7a929f50, C4<1>, C4<1>;
L_0x560d7a92bf40 .functor OR 1, L_0x560d7a92bed0, L_0x560d7a92be60, C4<0>, C4<0>;
L_0x560d7a92c050 .functor NOT 1, L_0x560d7a92bf40, C4<0>, C4<0>, C4<0>;
v0x560d7a6b0630_0 .net "A1", 0 0, L_0x560d7a973070;  alias, 1 drivers
v0x560d7a6adbe0_0 .net "A2", 0 0, L_0x560d7a929f50;  alias, 1 drivers
v0x560d7a6ad820_0 .net "B1", 0 0, L_0x560d7a92a360;  alias, 1 drivers
v0x560d7a6ad910_0 .net "B2", 0 0, L_0x560d7a9790c0;  alias, 1 drivers
v0x560d7a6ad460_0 .net "Y", 0 0, L_0x560d7a92c050;  alias, 1 drivers
v0x560d7a6ad550_0 .net "int_fwire_0", 0 0, L_0x560d7a92be60;  1 drivers
v0x560d7a6adfa0_0 .net "int_fwire_1", 0 0, L_0x560d7a92bed0;  1 drivers
v0x560d7a6ae040_0 .net "int_fwire_2", 0 0, L_0x560d7a92bf40;  1 drivers
S_0x560d7a6ab600 .scope module, "_0618_" "sg13g2_hv_and2_1" 5 1239, 3 191 1, S_0x560d7a760c50;
 .timescale -9 -11;
    .port_info 0 /OUTPUT 1 "X";
    .port_info 1 /INPUT 1 "A";
    .port_info 2 /INPUT 1 "B";
L_0x560d7a92c110 .functor AND 1, L_0x560d7a92bdf0, L_0x560d7a92c050, C4<1>, C4<1>;
v0x560d7a6ab240_0 .net "A", 0 0, L_0x560d7a92bdf0;  alias, 1 drivers
v0x560d7a6ab300_0 .net "B", 0 0, L_0x560d7a92c050;  alias, 1 drivers
v0x560d7a6aae80_0 .net "X", 0 0, L_0x560d7a92c110;  alias, 1 drivers
S_0x560d7a6ab9c0 .scope module, "_0619_" "sg13g2_hv_a22oi_1" 5 1244, 3 162 1, S_0x560d7a760c50;
 .timescale -9 -11;
    .port_info 0 /OUTPUT 1 "Y";
    .port_info 1 /INPUT 1 "A1";
    .port_info 2 /INPUT 1 "A2";
    .port_info 3 /INPUT 1 "B1";
    .port_info 4 /INPUT 1 "B2";
L_0x560d7a92c2a0 .functor AND 1, L_0x560d7a9291e0, L_0x560d7a98b680, C4<1>, C4<1>;
L_0x560d7a92c310 .functor AND 1, L_0x560d7a991880, L_0x560d7a928d60, C4<1>, C4<1>;
L_0x560d7a92c380 .functor OR 1, L_0x560d7a92c310, L_0x560d7a92c2a0, C4<0>, C4<0>;
L_0x560d7a92c3f0 .functor NOT 1, L_0x560d7a92c380, C4<0>, C4<0>, C4<0>;
v0x560d7a6a9020_0 .net "A1", 0 0, L_0x560d7a991880;  alias, 1 drivers
v0x560d7a6a90e0_0 .net "A2", 0 0, L_0x560d7a928d60;  alias, 1 drivers
v0x560d7a6a8c60_0 .net "B1", 0 0, L_0x560d7a9291e0;  alias, 1 drivers
v0x560d7a6a8d50_0 .net "B2", 0 0, L_0x560d7a98b680;  alias, 1 drivers
v0x560d7a6a88a0_0 .net "Y", 0 0, L_0x560d7a92c3f0;  alias, 1 drivers
v0x560d7a6a8990_0 .net "int_fwire_0", 0 0, L_0x560d7a92c2a0;  1 drivers
v0x560d7a6a93e0_0 .net "int_fwire_1", 0 0, L_0x560d7a92c310;  1 drivers
v0x560d7a6a9480_0 .net "int_fwire_2", 0 0, L_0x560d7a92c380;  1 drivers
S_0x560d7a6a6a40 .scope module, "_0620_" "sg13g2_hv_a221oi_1" 5 1251, 3 133 1, S_0x560d7a760c50;
 .timescale -9 -11;
    .port_info 0 /OUTPUT 1 "Y";
    .port_info 1 /INPUT 1 "A1";
    .port_info 2 /INPUT 1 "A2";
    .port_info 3 /INPUT 1 "B1";
    .port_info 4 /INPUT 1 "B2";
    .port_info 5 /INPUT 1 "C1";
L_0x560d7a92c4b0 .functor AND 1, L_0x560d7a92aa50, L_0x560d7a9673a0, C4<1>, C4<1>;
L_0x560d7a92c520 .functor AND 1, L_0x560d7a97f2c0, L_0x560d7a92a920, C4<1>, C4<1>;
L_0x560d7a92c590 .functor OR 1, L_0x560d7a92c520, L_0x560d7a92c4b0, L_0x560d7a92bca0, C4<0>;
L_0x560d7a92c730 .functor NOT 1, L_0x560d7a92c590, C4<0>, C4<0>, C4<0>;
v0x560d7a6a6750_0 .net "A1", 0 0, L_0x560d7a97f2c0;  alias, 1 drivers
v0x560d7a6a62c0_0 .net "A2", 0 0, L_0x560d7a92a920;  alias, 1 drivers
v0x560d7a6a6e00_0 .net "B1", 0 0, L_0x560d7a92aa50;  alias, 1 drivers
v0x560d7a6a6ef0_0 .net "B2", 0 0, L_0x560d7a9673a0;  alias, 1 drivers
v0x560d7a6a4460_0 .net "C1", 0 0, L_0x560d7a92bca0;  alias, 1 drivers
v0x560d7a6a4550_0 .net "Y", 0 0, L_0x560d7a92c730;  alias, 1 drivers
v0x560d7a6a40a0_0 .net "int_fwire_0", 0 0, L_0x560d7a92c4b0;  1 drivers
v0x560d7a6a4140_0 .net "int_fwire_1", 0 0, L_0x560d7a92c520;  1 drivers
v0x560d7a6a3ce0_0 .net "int_fwire_2", 0 0, L_0x560d7a92c590;  1 drivers
S_0x560d7a6a4820 .scope module, "_0621_" "sg13g2_hv_nand3_1" 5 1259, 3 1474 1, S_0x560d7a760c50;
 .timescale -9 -11;
    .port_info 0 /OUTPUT 1 "Y";
    .port_info 1 /INPUT 1 "A";
    .port_info 2 /INPUT 1 "B";
    .port_info 3 /INPUT 1 "C";
L_0x560d7a92c7a0 .functor AND 1, L_0x560d7a92c110, L_0x560d7a92c3f0, L_0x560d7a92c730, C4<1>;
L_0x560d7a92c9c0 .functor NOT 1, L_0x560d7a92c7a0, C4<0>, C4<0>, C4<0>;
v0x560d7a6a1e80_0 .net "A", 0 0, L_0x560d7a92c110;  alias, 1 drivers
v0x560d7a6a1f50_0 .net "B", 0 0, L_0x560d7a92c3f0;  alias, 1 drivers
v0x560d7a6a1ac0_0 .net "C", 0 0, L_0x560d7a92c730;  alias, 1 drivers
v0x560d7a6a1bc0_0 .net "Y", 0 0, L_0x560d7a92c9c0;  alias, 1 drivers
v0x560d7a6a1700_0 .net "int_fwire_0", 0 0, L_0x560d7a92c7a0;  1 drivers
S_0x560d7a6a2240 .scope module, "_0622_" "sg13g2_hv_a22oi_1" 5 1265, 3 162 1, S_0x560d7a760c50;
 .timescale -9 -11;
    .port_info 0 /OUTPUT 1 "Y";
    .port_info 1 /INPUT 1 "A1";
    .port_info 2 /INPUT 1 "A2";
    .port_info 3 /INPUT 1 "B1";
    .port_info 4 /INPUT 1 "B2";
L_0x560d7a92ca30 .functor AND 1, L_0x560d7a92aa50, L_0x560d7a967ea0, C4<1>, C4<1>;
L_0x560d7a92caa0 .functor AND 1, L_0x560d7a98c2c0, L_0x560d7a9291e0, C4<1>, C4<1>;
L_0x560d7a92cb10 .functor OR 1, L_0x560d7a92caa0, L_0x560d7a92ca30, C4<0>, C4<0>;
L_0x560d7a92cb80 .functor NOT 1, L_0x560d7a92cb10, C4<0>, C4<0>, C4<0>;
v0x560d7a69f950_0 .net "A1", 0 0, L_0x560d7a98c2c0;  alias, 1 drivers
v0x560d7a69f4e0_0 .net "A2", 0 0, L_0x560d7a9291e0;  alias, 1 drivers
v0x560d7a69f5a0_0 .net "B1", 0 0, L_0x560d7a92aa50;  alias, 1 drivers
v0x560d7a69f120_0 .net "B2", 0 0, L_0x560d7a967ea0;  alias, 1 drivers
v0x560d7a69f1c0_0 .net "Y", 0 0, L_0x560d7a92cb80;  alias, 1 drivers
v0x560d7a69fc60_0 .net "int_fwire_0", 0 0, L_0x560d7a92ca30;  1 drivers
v0x560d7a69fd20_0 .net "int_fwire_1", 0 0, L_0x560d7a92caa0;  1 drivers
v0x560d7a69d350_0 .net "int_fwire_2", 0 0, L_0x560d7a92cb10;  1 drivers
S_0x560d7a69cf90 .scope module, "_0623_" "sg13g2_hv_and2_1" 5 1272, 3 191 1, S_0x560d7a760c50;
 .timescale -9 -11;
    .port_info 0 /OUTPUT 1 "X";
    .port_info 1 /INPUT 1 "A";
    .port_info 2 /INPUT 1 "B";
L_0x560d7a92cc40 .functor AND 1, L_0x560d7a9924c0, L_0x560d7a928d60, C4<1>, C4<1>;
v0x560d7a69cbd0_0 .net "A", 0 0, L_0x560d7a9924c0;  alias, 1 drivers
v0x560d7a69cc90_0 .net "B", 0 0, L_0x560d7a928d60;  alias, 1 drivers
v0x560d7a69d710_0 .net "X", 0 0, L_0x560d7a92cc40;  alias, 1 drivers
S_0x560d7a69a630 .scope module, "_0624_" "sg13g2_hv_a221oi_1" 5 1277, 3 133 1, S_0x560d7a760c50;
 .timescale -9 -11;
    .port_info 0 /OUTPUT 1 "Y";
    .port_info 1 /INPUT 1 "A1";
    .port_info 2 /INPUT 1 "A2";
    .port_info 3 /INPUT 1 "B1";
    .port_info 4 /INPUT 1 "B2";
    .port_info 5 /INPUT 1 "C1";
L_0x560d7a92ccb0 .functor AND 1, L_0x560d7a92ae20, L_0x560d7a985ee0, C4<1>, C4<1>;
L_0x560d7a92cd20 .functor AND 1, L_0x560d7a979d00, L_0x560d7a92a360, C4<1>, C4<1>;
L_0x560d7a92cd90 .functor OR 1, L_0x560d7a92cd20, L_0x560d7a92ccb0, L_0x560d7a92cc40, C4<0>;
L_0x560d7a92cf30 .functor NOT 1, L_0x560d7a92cd90, C4<0>, C4<0>, C4<0>;
v0x560d7a69a340_0 .net "A1", 0 0, L_0x560d7a979d00;  alias, 1 drivers
v0x560d7a69d7f0_0 .net "A2", 0 0, L_0x560d7a92a360;  alias, 1 drivers
v0x560d7a699eb0_0 .net "B1", 0 0, L_0x560d7a92ae20;  alias, 1 drivers
v0x560d7a699f50_0 .net "B2", 0 0, L_0x560d7a985ee0;  alias, 1 drivers
v0x560d7a69a9f0_0 .net "C1", 0 0, L_0x560d7a92cc40;  alias, 1 drivers
v0x560d7a69aae0_0 .net "Y", 0 0, L_0x560d7a92cf30;  alias, 1 drivers
v0x560d7a697910_0 .net "int_fwire_0", 0 0, L_0x560d7a92ccb0;  1 drivers
v0x560d7a6979b0_0 .net "int_fwire_1", 0 0, L_0x560d7a92cd20;  1 drivers
v0x560d7a697550_0 .net "int_fwire_2", 0 0, L_0x560d7a92cd90;  1 drivers
S_0x560d7a697190 .scope module, "_0625_" "sg13g2_hv_a21oi_1" 5 1285, 3 77 1, S_0x560d7a760c50;
 .timescale -9 -11;
    .port_info 0 /OUTPUT 1 "Y";
    .port_info 1 /INPUT 1 "A1";
    .port_info 2 /INPUT 1 "A2";
    .port_info 3 /INPUT 1 "B1";
L_0x560d7a92cfa0 .functor AND 1, L_0x560d7a96d8b0, L_0x560d7a9296b0, C4<1>, C4<1>;
L_0x560d7a92d010 .functor OR 1, L_0x560d7a92cfa0, L_0x560d7a9295d0, C4<0>, C4<0>;
L_0x560d7a92d0d0 .functor NOT 1, L_0x560d7a92d010, C4<0>, C4<0>, C4<0>;
v0x560d7a697d60_0 .net "A1", 0 0, L_0x560d7a96d8b0;  alias, 1 drivers
v0x560d7a694bf0_0 .net "A2", 0 0, L_0x560d7a9296b0;  alias, 1 drivers
v0x560d7a694cb0_0 .net "B1", 0 0, L_0x560d7a9295d0;  alias, 1 drivers
v0x560d7a694830_0 .net "Y", 0 0, L_0x560d7a92d0d0;  alias, 1 drivers
v0x560d7a6948d0_0 .net "int_fwire_0", 0 0, L_0x560d7a92cfa0;  1 drivers
v0x560d7a694470_0 .net "int_fwire_1", 0 0, L_0x560d7a92d010;  1 drivers
S_0x560d7a694fb0 .scope module, "_0626_" "sg13g2_hv_a22oi_1" 5 1291, 3 162 1, S_0x560d7a760c50;
 .timescale -9 -11;
    .port_info 0 /OUTPUT 1 "Y";
    .port_info 1 /INPUT 1 "A1";
    .port_info 2 /INPUT 1 "A2";
    .port_info 3 /INPUT 1 "B1";
    .port_info 4 /INPUT 1 "B2";
L_0x560d7a92d190 .functor AND 1, L_0x560d7a92a920, L_0x560d7a97ff00, C4<1>, C4<1>;
L_0x560d7a92d200 .functor AND 1, L_0x560d7a973c50, L_0x560d7a929f50, C4<1>, C4<1>;
L_0x560d7a92d270 .functor OR 1, L_0x560d7a92d200, L_0x560d7a92d190, C4<0>, C4<0>;
L_0x560d7a92d380 .functor NOT 1, L_0x560d7a92d270, C4<0>, C4<0>, C4<0>;
v0x560d7a691f80_0 .net "A1", 0 0, L_0x560d7a973c50;  alias, 1 drivers
v0x560d7a691b10_0 .net "A2", 0 0, L_0x560d7a929f50;  alias, 1 drivers
v0x560d7a691bd0_0 .net "B1", 0 0, L_0x560d7a92a920;  alias, 1 drivers
v0x560d7a691750_0 .net "B2", 0 0, L_0x560d7a97ff00;  alias, 1 drivers
v0x560d7a6917f0_0 .net "Y", 0 0, L_0x560d7a92d380;  alias, 1 drivers
v0x560d7a692290_0 .net "int_fwire_0", 0 0, L_0x560d7a92d190;  1 drivers
v0x560d7a692350_0 .net "int_fwire_1", 0 0, L_0x560d7a92d200;  1 drivers
v0x560d7a68f0f0_0 .net "int_fwire_2", 0 0, L_0x560d7a92d270;  1 drivers
S_0x560d7a68ed30 .scope module, "_0627_" "sg13g2_hv_and2_1" 5 1298, 3 191 1, S_0x560d7a760c50;
 .timescale -9 -11;
    .port_info 0 /OUTPUT 1 "X";
    .port_info 1 /INPUT 1 "A";
    .port_info 2 /INPUT 1 "B";
L_0x560d7a92d440 .functor AND 1, L_0x560d7a92cb80, L_0x560d7a92d380, C4<1>, C4<1>;
v0x560d7a68e970_0 .net "A", 0 0, L_0x560d7a92cb80;  alias, 1 drivers
v0x560d7a68ea10_0 .net "B", 0 0, L_0x560d7a92d380;  alias, 1 drivers
v0x560d7a68f4b0_0 .net "X", 0 0, L_0x560d7a92d440;  alias, 1 drivers
S_0x560d7a68cb10 .scope module, "_0628_" "sg13g2_hv_nand3_1" 5 1303, 3 1474 1, S_0x560d7a760c50;
 .timescale -9 -11;
    .port_info 0 /OUTPUT 1 "Y";
    .port_info 1 /INPUT 1 "A";
    .port_info 2 /INPUT 1 "B";
    .port_info 3 /INPUT 1 "C";
L_0x560d7a92d5d0 .functor AND 1, L_0x560d7a92cf30, L_0x560d7a92d0d0, L_0x560d7a92d440, C4<1>;
L_0x560d7a92d7f0 .functor NOT 1, L_0x560d7a92d5d0, C4<0>, C4<0>, C4<0>;
v0x560d7a68c750_0 .net "A", 0 0, L_0x560d7a92cf30;  alias, 1 drivers
v0x560d7a68c7f0_0 .net "B", 0 0, L_0x560d7a92d0d0;  alias, 1 drivers
v0x560d7a68c390_0 .net "C", 0 0, L_0x560d7a92d440;  alias, 1 drivers
v0x560d7a68c460_0 .net "Y", 0 0, L_0x560d7a92d7f0;  alias, 1 drivers
v0x560d7a68ced0_0 .net "int_fwire_0", 0 0, L_0x560d7a92d5d0;  1 drivers
S_0x560d7a68a530 .scope module, "_0629_" "sg13g2_hv_and2_1" 5 1309, 3 191 1, S_0x560d7a760c50;
 .timescale -9 -11;
    .port_info 0 /OUTPUT 1 "X";
    .port_info 1 /INPUT 1 "A";
    .port_info 2 /INPUT 1 "B";
L_0x560d7a92d860 .functor AND 1, L_0x560d7a968970, L_0x560d7a92aa50, C4<1>, C4<1>;
v0x560d7a68a170_0 .net "A", 0 0, L_0x560d7a968970;  alias, 1 drivers
v0x560d7a68a250_0 .net "B", 0 0, L_0x560d7a92aa50;  alias, 1 drivers
v0x560d7a689db0_0 .net "X", 0 0, L_0x560d7a92d860;  alias, 1 drivers
S_0x560d7a68a8f0 .scope module, "_0630_" "sg13g2_hv_a21oi_1" 5 1314, 3 77 1, S_0x560d7a760c50;
 .timescale -9 -11;
    .port_info 0 /OUTPUT 1 "Y";
    .port_info 1 /INPUT 1 "A1";
    .port_info 2 /INPUT 1 "A2";
    .port_info 3 /INPUT 1 "B1";
L_0x560d7a92d8d0 .functor AND 1, L_0x560d7a993100, L_0x560d7a928d60, C4<1>, C4<1>;
L_0x560d7a92d940 .functor OR 1, L_0x560d7a92d8d0, L_0x560d7a9295d0, C4<0>, C4<0>;
L_0x560d7a92d9b0 .functor NOT 1, L_0x560d7a92d940, C4<0>, C4<0>, C4<0>;
v0x560d7a687f50_0 .net "A1", 0 0, L_0x560d7a993100;  alias, 1 drivers
v0x560d7a688010_0 .net "A2", 0 0, L_0x560d7a928d60;  alias, 1 drivers
v0x560d7a687c20_0 .net "B1", 0 0, L_0x560d7a9295d0;  alias, 1 drivers
v0x560d7a687860_0 .net "Y", 0 0, L_0x560d7a92d9b0;  alias, 1 drivers
v0x560d7a688310_0 .net "int_fwire_0", 0 0, L_0x560d7a92d8d0;  1 drivers
v0x560d7a6883b0_0 .net "int_fwire_1", 0 0, L_0x560d7a92d940;  1 drivers
S_0x560d7a685970 .scope module, "_0631_" "sg13g2_hv_a22oi_1" 5 1320, 3 162 1, S_0x560d7a760c50;
 .timescale -9 -11;
    .port_info 0 /OUTPUT 1 "Y";
    .port_info 1 /INPUT 1 "A1";
    .port_info 2 /INPUT 1 "A2";
    .port_info 3 /INPUT 1 "B1";
    .port_info 4 /INPUT 1 "B2";
L_0x560d7a92da70 .functor AND 1, L_0x560d7a92a920, L_0x560d7a980b40, C4<1>, C4<1>;
L_0x560d7a92dae0 .functor AND 1, L_0x560d7a98cf00, L_0x560d7a9291e0, C4<1>, C4<1>;
L_0x560d7a92db50 .functor OR 1, L_0x560d7a92dae0, L_0x560d7a92da70, C4<0>, C4<0>;
L_0x560d7a92dc60 .functor NOT 1, L_0x560d7a92db50, C4<0>, C4<0>, C4<0>;
v0x560d7a685660_0 .net "A1", 0 0, L_0x560d7a98cf00;  alias, 1 drivers
v0x560d7a6851f0_0 .net "A2", 0 0, L_0x560d7a9291e0;  alias, 1 drivers
v0x560d7a685d30_0 .net "B1", 0 0, L_0x560d7a92a920;  alias, 1 drivers
v0x560d7a683390_0 .net "B2", 0 0, L_0x560d7a980b40;  alias, 1 drivers
v0x560d7a683430_0 .net "Y", 0 0, L_0x560d7a92dc60;  alias, 1 drivers
v0x560d7a682fd0_0 .net "int_fwire_0", 0 0, L_0x560d7a92da70;  1 drivers
v0x560d7a683090_0 .net "int_fwire_1", 0 0, L_0x560d7a92dae0;  1 drivers
v0x560d7a682c10_0 .net "int_fwire_2", 0 0, L_0x560d7a92db50;  1 drivers
S_0x560d7a683750 .scope module, "_0632_" "sg13g2_hv_and2_1" 5 1327, 3 191 1, S_0x560d7a760c50;
 .timescale -9 -11;
    .port_info 0 /OUTPUT 1 "X";
    .port_info 1 /INPUT 1 "A";
    .port_info 2 /INPUT 1 "B";
L_0x560d7a92dd20 .functor AND 1, L_0x560d7a92d9b0, L_0x560d7a92dc60, C4<1>, C4<1>;
v0x560d7a680db0_0 .net "A", 0 0, L_0x560d7a92d9b0;  alias, 1 drivers
v0x560d7a680e50_0 .net "B", 0 0, L_0x560d7a92dc60;  alias, 1 drivers
v0x560d7a6809f0_0 .net "X", 0 0, L_0x560d7a92dd20;  alias, 1 drivers
S_0x560d7a680630 .scope module, "_0633_" "sg13g2_hv_a22oi_1" 5 1332, 3 162 1, S_0x560d7a760c50;
 .timescale -9 -11;
    .port_info 0 /OUTPUT 1 "Y";
    .port_info 1 /INPUT 1 "A1";
    .port_info 2 /INPUT 1 "A2";
    .port_info 3 /INPUT 1 "B1";
    .port_info 4 /INPUT 1 "B2";
L_0x560d7a92deb0 .functor AND 1, L_0x560d7a92ae20, L_0x560d7a986a10, C4<1>, C4<1>;
L_0x560d7a92df20 .functor AND 1, L_0x560d7a96e490, L_0x560d7a9296b0, C4<1>, C4<1>;
L_0x560d7a92df90 .functor OR 1, L_0x560d7a92df20, L_0x560d7a92deb0, C4<0>, C4<0>;
L_0x560d7a92e000 .functor NOT 1, L_0x560d7a92df90, C4<0>, C4<0>, C4<0>;
v0x560d7a681170_0 .net "A1", 0 0, L_0x560d7a96e490;  alias, 1 drivers
v0x560d7a681230_0 .net "A2", 0 0, L_0x560d7a9296b0;  alias, 1 drivers
v0x560d7a67e860_0 .net "B1", 0 0, L_0x560d7a92ae20;  alias, 1 drivers
v0x560d7a67e4a0_0 .net "B2", 0 0, L_0x560d7a986a10;  alias, 1 drivers
v0x560d7a67e050_0 .net "Y", 0 0, L_0x560d7a92e000;  alias, 1 drivers
v0x560d7a67e110_0 .net "int_fwire_0", 0 0, L_0x560d7a92deb0;  1 drivers
v0x560d7a67eb90_0 .net "int_fwire_1", 0 0, L_0x560d7a92df20;  1 drivers
v0x560d7a67ec30_0 .net "int_fwire_2", 0 0, L_0x560d7a92df90;  1 drivers
S_0x560d7a67c1f0 .scope module, "_0634_" "sg13g2_hv_a221oi_1" 5 1339, 3 133 1, S_0x560d7a760c50;
 .timescale -9 -11;
    .port_info 0 /OUTPUT 1 "Y";
    .port_info 1 /INPUT 1 "A1";
    .port_info 2 /INPUT 1 "A2";
    .port_info 3 /INPUT 1 "B1";
    .port_info 4 /INPUT 1 "B2";
    .port_info 5 /INPUT 1 "C1";
L_0x560d7a92e0c0 .functor AND 1, L_0x560d7a92a360, L_0x560d7a97a940, C4<1>, C4<1>;
L_0x560d7a92e130 .functor AND 1, L_0x560d7a974830, L_0x560d7a929f50, C4<1>, C4<1>;
L_0x560d7a92e1a0 .functor OR 1, L_0x560d7a92e130, L_0x560d7a92e0c0, L_0x560d7a92d860, C4<0>;
L_0x560d7a92e340 .functor NOT 1, L_0x560d7a92e1a0, C4<0>, C4<0>, C4<0>;
v0x560d7a67bf00_0 .net "A1", 0 0, L_0x560d7a974830;  alias, 1 drivers
v0x560d7a67ba70_0 .net "A2", 0 0, L_0x560d7a929f50;  alias, 1 drivers
v0x560d7a67c5b0_0 .net "B1", 0 0, L_0x560d7a92a360;  alias, 1 drivers
v0x560d7a679c40_0 .net "B2", 0 0, L_0x560d7a97a940;  alias, 1 drivers
v0x560d7a679ce0_0 .net "C1", 0 0, L_0x560d7a92d860;  alias, 1 drivers
v0x560d7a679880_0 .net "Y", 0 0, L_0x560d7a92e340;  alias, 1 drivers
v0x560d7a679920_0 .net "int_fwire_0", 0 0, L_0x560d7a92e0c0;  1 drivers
v0x560d7a6794c0_0 .net "int_fwire_1", 0 0, L_0x560d7a92e130;  1 drivers
v0x560d7a679580_0 .net "int_fwire_2", 0 0, L_0x560d7a92e1a0;  1 drivers
S_0x560d7a677690 .scope module, "_0635_" "sg13g2_hv_nand3_1" 5 1347, 3 1474 1, S_0x560d7a760c50;
 .timescale -9 -11;
    .port_info 0 /OUTPUT 1 "Y";
    .port_info 1 /INPUT 1 "A";
    .port_info 2 /INPUT 1 "B";
    .port_info 3 /INPUT 1 "C";
L_0x560d7a92e3b0 .functor AND 1, L_0x560d7a92dd20, L_0x560d7a92e000, L_0x560d7a92e340, C4<1>;
L_0x560d7a92e5d0 .functor NOT 1, L_0x560d7a92e3b0, C4<0>, C4<0>, C4<0>;
v0x560d7a677360_0 .net "A", 0 0, L_0x560d7a92dd20;  alias, 1 drivers
v0x560d7a676f10_0 .net "B", 0 0, L_0x560d7a92e000;  alias, 1 drivers
v0x560d7a676fe0_0 .net "C", 0 0, L_0x560d7a92e340;  alias, 1 drivers
v0x560d7a677a50_0 .net "Y", 0 0, L_0x560d7a92e5d0;  alias, 1 drivers
v0x560d7a677af0_0 .net "int_fwire_0", 0 0, L_0x560d7a92e3b0;  1 drivers
S_0x560d7a6750e0 .scope module, "_0636_" "sg13g2_hv_and2_1" 5 1353, 3 191 1, S_0x560d7a760c50;
 .timescale -9 -11;
    .port_info 0 /OUTPUT 1 "X";
    .port_info 1 /INPUT 1 "A";
    .port_info 2 /INPUT 1 "B";
L_0x560d7a92e640 .functor AND 1, L_0x560d7a987750, L_0x560d7a92ae20, C4<1>, C4<1>;
v0x560d7a674d20_0 .net "A", 0 0, L_0x560d7a987750;  alias, 1 drivers
v0x560d7a674e00_0 .net "B", 0 0, L_0x560d7a92ae20;  alias, 1 drivers
v0x560d7a674960_0 .net "X", 0 0, L_0x560d7a92e640;  alias, 1 drivers
S_0x560d7a6754a0 .scope module, "_0637_" "sg13g2_hv_a21oi_1" 5 1358, 3 77 1, S_0x560d7a760c50;
 .timescale -9 -11;
    .port_info 0 /OUTPUT 1 "Y";
    .port_info 1 /INPUT 1 "A1";
    .port_info 2 /INPUT 1 "A2";
    .port_info 3 /INPUT 1 "B1";
L_0x560d7a92e6b0 .functor AND 1, L_0x560d7a97b580, L_0x560d7a92a360, C4<1>, C4<1>;
L_0x560d7a92e720 .functor OR 1, L_0x560d7a92e6b0, L_0x560d7a9295d0, C4<0>, C4<0>;
L_0x560d7a92e790 .functor NOT 1, L_0x560d7a92e720, C4<0>, C4<0>, C4<0>;
v0x560d7a672b30_0 .net "A1", 0 0, L_0x560d7a97b580;  alias, 1 drivers
v0x560d7a672bf0_0 .net "A2", 0 0, L_0x560d7a92a360;  alias, 1 drivers
v0x560d7a672770_0 .net "B1", 0 0, L_0x560d7a9295d0;  alias, 1 drivers
v0x560d7a672840_0 .net "Y", 0 0, L_0x560d7a92e790;  alias, 1 drivers
v0x560d7a6723b0_0 .net "int_fwire_0", 0 0, L_0x560d7a92e6b0;  1 drivers
v0x560d7a672ef0_0 .net "int_fwire_1", 0 0, L_0x560d7a92e720;  1 drivers
S_0x560d7a670580 .scope module, "_0638_" "sg13g2_hv_a22oi_1" 5 1364, 3 162 1, S_0x560d7a760c50;
 .timescale -9 -11;
    .port_info 0 /OUTPUT 1 "Y";
    .port_info 1 /INPUT 1 "A1";
    .port_info 2 /INPUT 1 "A2";
    .port_info 3 /INPUT 1 "B1";
    .port_info 4 /INPUT 1 "B2";
L_0x560d7a92e850 .functor AND 1, L_0x560d7a92aa50, L_0x560d7a969470, C4<1>, C4<1>;
L_0x560d7a92e8c0 .functor AND 1, L_0x560d7a993d40, L_0x560d7a928d60, C4<1>, C4<1>;
L_0x560d7a92e930 .functor OR 1, L_0x560d7a92e8c0, L_0x560d7a92e850, C4<0>, C4<0>;
L_0x560d7a92ea40 .functor NOT 1, L_0x560d7a92e930, C4<0>, C4<0>, C4<0>;
v0x560d7a670270_0 .net "A1", 0 0, L_0x560d7a993d40;  alias, 1 drivers
v0x560d7a66fe00_0 .net "A2", 0 0, L_0x560d7a928d60;  alias, 1 drivers
v0x560d7a66fec0_0 .net "B1", 0 0, L_0x560d7a92aa50;  alias, 1 drivers
v0x560d7a670940_0 .net "B2", 0 0, L_0x560d7a969470;  alias, 1 drivers
v0x560d7a6709e0_0 .net "Y", 0 0, L_0x560d7a92ea40;  alias, 1 drivers
v0x560d7a66dfd0_0 .net "int_fwire_0", 0 0, L_0x560d7a92e850;  1 drivers
v0x560d7a66e090_0 .net "int_fwire_1", 0 0, L_0x560d7a92e8c0;  1 drivers
v0x560d7a66dc10_0 .net "int_fwire_2", 0 0, L_0x560d7a92e930;  1 drivers
S_0x560d7a66d850 .scope module, "_0639_" "sg13g2_hv_and2_1" 5 1371, 3 191 1, S_0x560d7a760c50;
 .timescale -9 -11;
    .port_info 0 /OUTPUT 1 "X";
    .port_info 1 /INPUT 1 "A";
    .port_info 2 /INPUT 1 "B";
L_0x560d7a92eb00 .functor AND 1, L_0x560d7a92e790, L_0x560d7a92ea40, C4<1>, C4<1>;
v0x560d7a66e390_0 .net "A", 0 0, L_0x560d7a92e790;  alias, 1 drivers
v0x560d7a66e430_0 .net "B", 0 0, L_0x560d7a92ea40;  alias, 1 drivers
v0x560d7a66ba20_0 .net "X", 0 0, L_0x560d7a92eb00;  alias, 1 drivers
S_0x560d7a66b660 .scope module, "_0640_" "sg13g2_hv_a22oi_1" 5 1376, 3 162 1, S_0x560d7a760c50;
 .timescale -9 -11;
    .port_info 0 /OUTPUT 1 "Y";
    .port_info 1 /INPUT 1 "A1";
    .port_info 2 /INPUT 1 "A2";
    .port_info 3 /INPUT 1 "B1";
    .port_info 4 /INPUT 1 "B2";
L_0x560d7a92ec90 .functor AND 1, L_0x560d7a929f50, L_0x560d7a975410, C4<1>, C4<1>;
L_0x560d7a92ed00 .functor AND 1, L_0x560d7a96f0a0, L_0x560d7a9296b0, C4<1>, C4<1>;
L_0x560d7a92ed70 .functor OR 1, L_0x560d7a92ed00, L_0x560d7a92ec90, C4<0>, C4<0>;
L_0x560d7a92ede0 .functor NOT 1, L_0x560d7a92ed70, C4<0>, C4<0>, C4<0>;
v0x560d7a66b2a0_0 .net "A1", 0 0, L_0x560d7a96f0a0;  alias, 1 drivers
v0x560d7a66b360_0 .net "A2", 0 0, L_0x560d7a9296b0;  alias, 1 drivers
v0x560d7a66bde0_0 .net "B1", 0 0, L_0x560d7a929f50;  alias, 1 drivers
v0x560d7a66beb0_0 .net "B2", 0 0, L_0x560d7a975410;  alias, 1 drivers
v0x560d7a669410_0 .net "Y", 0 0, L_0x560d7a92ede0;  alias, 1 drivers
v0x560d7a669500_0 .net "int_fwire_0", 0 0, L_0x560d7a92ec90;  1 drivers
v0x560d7a669050_0 .net "int_fwire_1", 0 0, L_0x560d7a92ed00;  1 drivers
v0x560d7a669110_0 .net "int_fwire_2", 0 0, L_0x560d7a92ed70;  1 drivers
S_0x560d7a668c90 .scope module, "_0641_" "sg13g2_hv_a221oi_1" 5 1383, 3 133 1, S_0x560d7a760c50;
 .timescale -9 -11;
    .port_info 0 /OUTPUT 1 "Y";
    .port_info 1 /INPUT 1 "A1";
    .port_info 2 /INPUT 1 "A2";
    .port_info 3 /INPUT 1 "B1";
    .port_info 4 /INPUT 1 "B2";
    .port_info 5 /INPUT 1 "C1";
L_0x560d7a92eea0 .functor AND 1, L_0x560d7a92a920, L_0x560d7a981780, C4<1>, C4<1>;
L_0x560d7a92ef10 .functor AND 1, L_0x560d7a98db40, L_0x560d7a9291e0, C4<1>, C4<1>;
L_0x560d7a92ef80 .functor OR 1, L_0x560d7a92ef10, L_0x560d7a92eea0, L_0x560d7a92e640, C4<0>;
L_0x560d7a92f120 .functor NOT 1, L_0x560d7a92ef80, C4<0>, C4<0>, C4<0>;
v0x560d7a6698a0_0 .net "A1", 0 0, L_0x560d7a98db40;  alias, 1 drivers
v0x560d7a666e00_0 .net "A2", 0 0, L_0x560d7a9291e0;  alias, 1 drivers
v0x560d7a666ec0_0 .net "B1", 0 0, L_0x560d7a92a920;  alias, 1 drivers
v0x560d7a666a40_0 .net "B2", 0 0, L_0x560d7a981780;  alias, 1 drivers
v0x560d7a666ae0_0 .net "C1", 0 0, L_0x560d7a92e640;  alias, 1 drivers
v0x560d7a666680_0 .net "Y", 0 0, L_0x560d7a92f120;  alias, 1 drivers
v0x560d7a666720_0 .net "int_fwire_0", 0 0, L_0x560d7a92eea0;  1 drivers
v0x560d7a6671c0_0 .net "int_fwire_1", 0 0, L_0x560d7a92ef10;  1 drivers
v0x560d7a667280_0 .net "int_fwire_2", 0 0, L_0x560d7a92ef80;  1 drivers
S_0x560d7a6647f0 .scope module, "_0642_" "sg13g2_hv_nand3_1" 5 1391, 3 1474 1, S_0x560d7a760c50;
 .timescale -9 -11;
    .port_info 0 /OUTPUT 1 "Y";
    .port_info 1 /INPUT 1 "A";
    .port_info 2 /INPUT 1 "B";
    .port_info 3 /INPUT 1 "C";
L_0x560d7a92f190 .functor AND 1, L_0x560d7a92eb00, L_0x560d7a92ede0, L_0x560d7a92f120, C4<1>;
L_0x560d7a92f3b0 .functor NOT 1, L_0x560d7a92f190, C4<0>, C4<0>, C4<0>;
v0x560d7a6644c0_0 .net "A", 0 0, L_0x560d7a92eb00;  alias, 1 drivers
v0x560d7a664070_0 .net "B", 0 0, L_0x560d7a92ede0;  alias, 1 drivers
v0x560d7a664140_0 .net "C", 0 0, L_0x560d7a92f120;  alias, 1 drivers
v0x560d7a664bb0_0 .net "Y", 0 0, L_0x560d7a92f3b0;  alias, 1 drivers
v0x560d7a664c50_0 .net "int_fwire_0", 0 0, L_0x560d7a92f190;  1 drivers
S_0x560d7a6621b0 .scope module, "_0643_" "sg13g2_hv_and2_1" 5 1397, 3 191 1, S_0x560d7a760c50;
 .timescale -9 -11;
    .port_info 0 /OUTPUT 1 "X";
    .port_info 1 /INPUT 1 "A";
    .port_info 2 /INPUT 1 "B";
L_0x560d7a92f420 .functor AND 1, L_0x560d7a969f40, L_0x560d7a92aa50, C4<1>, C4<1>;
v0x560d7a0a3830_0 .net "A", 0 0, L_0x560d7a969f40;  alias, 1 drivers
v0x560d7a0a3910_0 .net "B", 0 0, L_0x560d7a92aa50;  alias, 1 drivers
v0x560d7a661df0_0 .net "X", 0 0, L_0x560d7a92f420;  alias, 1 drivers
S_0x560d7a661a30 .scope module, "_0644_" "sg13g2_hv_a21oi_1" 5 1402, 3 77 1, S_0x560d7a760c50;
 .timescale -9 -11;
    .port_info 0 /OUTPUT 1 "Y";
    .port_info 1 /INPUT 1 "A1";
    .port_info 2 /INPUT 1 "A2";
    .port_info 3 /INPUT 1 "B1";
L_0x560d7a92f6a0 .functor AND 1, L_0x560d7a96fc80, L_0x560d7a9296b0, C4<1>, C4<1>;
L_0x560d7a92f920 .functor OR 1, L_0x560d7a92f6a0, L_0x560d7a9295d0, C4<0>, C4<0>;
L_0x560d7a92fba0 .functor NOT 1, L_0x560d7a92f920, C4<0>, C4<0>, C4<0>;
v0x560d7a662570_0 .net "A1", 0 0, L_0x560d7a96fc80;  alias, 1 drivers
v0x560d7a662610_0 .net "A2", 0 0, L_0x560d7a9296b0;  alias, 1 drivers
v0x560d7a65fb70_0 .net "B1", 0 0, L_0x560d7a9295d0;  alias, 1 drivers
v0x560d7a65fc10_0 .net "Y", 0 0, L_0x560d7a92fba0;  alias, 1 drivers
v0x560d7a65f7b0_0 .net "int_fwire_0", 0 0, L_0x560d7a92f6a0;  1 drivers
v0x560d7a65f8a0_0 .net "int_fwire_1", 0 0, L_0x560d7a92f920;  1 drivers
S_0x560d7a65f3f0 .scope module, "_0645_" "sg13g2_hv_a22oi_1" 5 1408, 3 162 1, S_0x560d7a760c50;
 .timescale -9 -11;
    .port_info 0 /OUTPUT 1 "Y";
    .port_info 1 /INPUT 1 "A1";
    .port_info 2 /INPUT 1 "A2";
    .port_info 3 /INPUT 1 "B1";
    .port_info 4 /INPUT 1 "B2";
L_0x560d7a92fc10 .functor AND 1, L_0x560d7a92a360, L_0x560d7a97c1c0, C4<1>, C4<1>;
L_0x560d7a92fe90 .functor AND 1, L_0x560d7a976050, L_0x560d7a929f50, C4<1>, C4<1>;
L_0x560d7a930110 .functor OR 1, L_0x560d7a92fe90, L_0x560d7a92fc10, C4<0>, C4<0>;
L_0x560d7a930220 .functor NOT 1, L_0x560d7a930110, C4<0>, C4<0>, C4<0>;
v0x560d7a65ffe0_0 .net "A1", 0 0, L_0x560d7a976050;  alias, 1 drivers
v0x560d7a65d560_0 .net "A2", 0 0, L_0x560d7a929f50;  alias, 1 drivers
v0x560d7a65d620_0 .net "B1", 0 0, L_0x560d7a92a360;  alias, 1 drivers
v0x560d7a65d1a0_0 .net "B2", 0 0, L_0x560d7a97c1c0;  alias, 1 drivers
v0x560d7a65d240_0 .net "Y", 0 0, L_0x560d7a930220;  alias, 1 drivers
v0x560d7a65cde0_0 .net "int_fwire_0", 0 0, L_0x560d7a92fc10;  1 drivers
v0x560d7a65cea0_0 .net "int_fwire_1", 0 0, L_0x560d7a92fe90;  1 drivers
v0x560d7a65d920_0 .net "int_fwire_2", 0 0, L_0x560d7a930110;  1 drivers
S_0x560d7a65af20 .scope module, "_0646_" "sg13g2_hv_and2_1" 5 1415, 3 191 1, S_0x560d7a760c50;
 .timescale -9 -11;
    .port_info 0 /OUTPUT 1 "X";
    .port_info 1 /INPUT 1 "A";
    .port_info 2 /INPUT 1 "B";
L_0x560d7a9302e0 .functor AND 1, L_0x560d7a92fba0, L_0x560d7a930220, C4<1>, C4<1>;
v0x560d7a65ab60_0 .net "A", 0 0, L_0x560d7a92fba0;  alias, 1 drivers
v0x560d7a65ac30_0 .net "B", 0 0, L_0x560d7a930220;  alias, 1 drivers
v0x560d7a65a7a0_0 .net "X", 0 0, L_0x560d7a9302e0;  alias, 1 drivers
S_0x560d7a65b2e0 .scope module, "_0647_" "sg13g2_hv_a22oi_1" 5 1420, 3 162 1, S_0x560d7a760c50;
 .timescale -9 -11;
    .port_info 0 /OUTPUT 1 "Y";
    .port_info 1 /INPUT 1 "A1";
    .port_info 2 /INPUT 1 "A2";
    .port_info 3 /INPUT 1 "B1";
    .port_info 4 /INPUT 1 "B2";
L_0x560d7a930470 .functor AND 1, L_0x560d7a92a920, L_0x560d7a9823c0, C4<1>, C4<1>;
L_0x560d7a5d9ba0 .functor AND 1, L_0x560d7a994980, L_0x560d7a928d60, C4<1>, C4<1>;
L_0x560d7a5d9c30 .functor OR 1, L_0x560d7a5d9ba0, L_0x560d7a930470, C4<0>, C4<0>;
L_0x560d7a5d9f60 .functor NOT 1, L_0x560d7a5d9c30, C4<0>, C4<0>, C4<0>;
v0x560d7a6589c0_0 .net "A1", 0 0, L_0x560d7a994980;  alias, 1 drivers
v0x560d7a658550_0 .net "A2", 0 0, L_0x560d7a928d60;  alias, 1 drivers
v0x560d7a658610_0 .net "B1", 0 0, L_0x560d7a92a920;  alias, 1 drivers
v0x560d7a658190_0 .net "B2", 0 0, L_0x560d7a9823c0;  alias, 1 drivers
v0x560d7a658230_0 .net "Y", 0 0, L_0x560d7a5d9f60;  alias, 1 drivers
v0x560d7a658cd0_0 .net "int_fwire_0", 0 0, L_0x560d7a930470;  1 drivers
v0x560d7a658d90_0 .net "int_fwire_1", 0 0, L_0x560d7a5d9ba0;  1 drivers
v0x560d7a6562a0_0 .net "int_fwire_2", 0 0, L_0x560d7a5d9c30;  1 drivers
S_0x560d7a655ee0 .scope module, "_0648_" "sg13g2_hv_a221oi_1" 5 1427, 3 133 1, S_0x560d7a760c50;
 .timescale -9 -11;
    .port_info 0 /OUTPUT 1 "Y";
    .port_info 1 /INPUT 1 "A1";
    .port_info 2 /INPUT 1 "A2";
    .port_info 3 /INPUT 1 "B1";
    .port_info 4 /INPUT 1 "B2";
    .port_info 5 /INPUT 1 "C1";
L_0x560d7a930900 .functor AND 1, L_0x560d7a92ae20, L_0x560d7a988490, C4<1>, C4<1>;
L_0x560d7a5d2280 .functor AND 1, L_0x560d7a98e780, L_0x560d7a9291e0, C4<1>, C4<1>;
L_0x560d7a5d2310 .functor OR 1, L_0x560d7a5d2280, L_0x560d7a930900, L_0x560d7a92f420, C4<0>;
L_0x560d7a930d90 .functor NOT 1, L_0x560d7a5d2310, C4<0>, C4<0>, C4<0>;
v0x560d7a655bf0_0 .net "A1", 0 0, L_0x560d7a98e780;  alias, 1 drivers
v0x560d7a656660_0 .net "A2", 0 0, L_0x560d7a9291e0;  alias, 1 drivers
v0x560d7a656720_0 .net "B1", 0 0, L_0x560d7a92ae20;  alias, 1 drivers
v0x560d7a653c30_0 .net "B2", 0 0, L_0x560d7a988490;  alias, 1 drivers
v0x560d7a653cd0_0 .net "C1", 0 0, L_0x560d7a92f420;  alias, 1 drivers
v0x560d7a653870_0 .net "Y", 0 0, L_0x560d7a930d90;  alias, 1 drivers
v0x560d7a653910_0 .net "int_fwire_0", 0 0, L_0x560d7a930900;  1 drivers
v0x560d7a6534b0_0 .net "int_fwire_1", 0 0, L_0x560d7a5d2280;  1 drivers
v0x560d7a653570_0 .net "int_fwire_2", 0 0, L_0x560d7a5d2310;  1 drivers
S_0x560d7a653ff0 .scope module, "_0649_" "sg13g2_hv_nand3_1" 5 1435, 3 1474 1, S_0x560d7a760c50;
 .timescale -9 -11;
    .port_info 0 /OUTPUT 1 "Y";
    .port_info 1 /INPUT 1 "A";
    .port_info 2 /INPUT 1 "B";
    .port_info 3 /INPUT 1 "C";
L_0x560d7a930e00 .functor AND 1, L_0x560d7a9302e0, L_0x560d7a5d9f60, L_0x560d7a930d90, C4<1>;
L_0x560d7a931020 .functor NOT 1, L_0x560d7a930e00, C4<0>, C4<0>, C4<0>;
v0x560d7a651650_0 .net "A", 0 0, L_0x560d7a9302e0;  alias, 1 drivers
v0x560d7a651200_0 .net "B", 0 0, L_0x560d7a5d9f60;  alias, 1 drivers
v0x560d7a6512d0_0 .net "C", 0 0, L_0x560d7a930d90;  alias, 1 drivers
v0x560d7a650e40_0 .net "Y", 0 0, L_0x560d7a931020;  alias, 1 drivers
v0x560d7a650ee0_0 .net "int_fwire_0", 0 0, L_0x560d7a930e00;  1 drivers
S_0x560d7a651980 .scope module, "_0650_" "sg13g2_hv_and2_1" 5 1441, 3 191 1, S_0x560d7a760c50;
 .timescale -9 -11;
    .port_info 0 /OUTPUT 1 "X";
    .port_info 1 /INPUT 1 "A";
    .port_info 2 /INPUT 1 "B";
L_0x560d7a931090 .functor AND 1, L_0x560d7a9955c0, L_0x560d7a928d60, C4<1>, C4<1>;
v0x560d7a64ef50_0 .net "A", 0 0, L_0x560d7a9955c0;  alias, 1 drivers
v0x560d7a64f010_0 .net "B", 0 0, L_0x560d7a928d60;  alias, 1 drivers
v0x560d7a64eb90_0 .net "X", 0 0, L_0x560d7a931090;  alias, 1 drivers
S_0x560d7a64e7d0 .scope module, "_0651_" "sg13g2_hv_a21oi_1" 5 1446, 3 77 1, S_0x560d7a760c50;
 .timescale -9 -11;
    .port_info 0 /OUTPUT 1 "Y";
    .port_info 1 /INPUT 1 "A1";
    .port_info 2 /INPUT 1 "A2";
    .port_info 3 /INPUT 1 "B1";
L_0x560d7a931100 .functor AND 1, L_0x560d7a976c90, L_0x560d7a929f50, C4<1>, C4<1>;
L_0x560d7a931170 .functor OR 1, L_0x560d7a931100, L_0x560d7a9295d0, C4<0>, C4<0>;
L_0x560d7a9311e0 .functor NOT 1, L_0x560d7a931170, C4<0>, C4<0>, C4<0>;
v0x560d7a64f310_0 .net "A1", 0 0, L_0x560d7a976c90;  alias, 1 drivers
v0x560d7a64f3b0_0 .net "A2", 0 0, L_0x560d7a929f50;  alias, 1 drivers
v0x560d7a64cba0_0 .net "B1", 0 0, L_0x560d7a9295d0;  alias, 1 drivers
v0x560d7a64cc70_0 .net "Y", 0 0, L_0x560d7a9311e0;  alias, 1 drivers
v0x560d7a64c8d0_0 .net "int_fwire_0", 0 0, L_0x560d7a931100;  1 drivers
v0x560d7a64c9c0_0 .net "int_fwire_1", 0 0, L_0x560d7a931170;  1 drivers
S_0x560d7a64c600 .scope module, "_0652_" "sg13g2_hv_a22oi_1" 5 1452, 3 162 1, S_0x560d7a760c50;
 .timescale -9 -11;
    .port_info 0 /OUTPUT 1 "Y";
    .port_info 1 /INPUT 1 "A1";
    .port_info 2 /INPUT 1 "A2";
    .port_info 3 /INPUT 1 "B1";
    .port_info 4 /INPUT 1 "B2";
L_0x560d7a931250 .functor AND 1, L_0x560d7a92aa50, L_0x560d7a96aa40, C4<1>, C4<1>;
L_0x560d7a9312c0 .functor AND 1, L_0x560d7a983000, L_0x560d7a92a920, C4<1>, C4<1>;
L_0x560d7a931330 .functor OR 1, L_0x560d7a9312c0, L_0x560d7a931250, C4<0>, C4<0>;
L_0x560d7a931440 .functor NOT 1, L_0x560d7a931330, C4<0>, C4<0>, C4<0>;
v0x560d7a64cf20_0 .net "A1", 0 0, L_0x560d7a983000;  alias, 1 drivers
v0x560d7a64a660_0 .net "A2", 0 0, L_0x560d7a92a920;  alias, 1 drivers
v0x560d7a64a720_0 .net "B1", 0 0, L_0x560d7a92aa50;  alias, 1 drivers
v0x560d7a64a2a0_0 .net "B2", 0 0, L_0x560d7a96aa40;  alias, 1 drivers
v0x560d7a64a340_0 .net "Y", 0 0, L_0x560d7a931440;  alias, 1 drivers
v0x560d7a649ee0_0 .net "int_fwire_0", 0 0, L_0x560d7a931250;  1 drivers
v0x560d7a649fa0_0 .net "int_fwire_1", 0 0, L_0x560d7a9312c0;  1 drivers
v0x560d7a64aa20_0 .net "int_fwire_2", 0 0, L_0x560d7a931330;  1 drivers
S_0x560d7a647d00 .scope module, "_0653_" "sg13g2_hv_and2_1" 5 1459, 3 191 1, S_0x560d7a760c50;
 .timescale -9 -11;
    .port_info 0 /OUTPUT 1 "X";
    .port_info 1 /INPUT 1 "A";
    .port_info 2 /INPUT 1 "B";
L_0x560d7a931500 .functor AND 1, L_0x560d7a9311e0, L_0x560d7a931440, C4<1>, C4<1>;
v0x560d7a647940_0 .net "A", 0 0, L_0x560d7a9311e0;  alias, 1 drivers
v0x560d7a647a10_0 .net "B", 0 0, L_0x560d7a931440;  alias, 1 drivers
v0x560d7a647580_0 .net "X", 0 0, L_0x560d7a931500;  alias, 1 drivers
S_0x560d7a6480c0 .scope module, "_0654_" "sg13g2_hv_a22oi_1" 5 1464, 3 162 1, S_0x560d7a760c50;
 .timescale -9 -11;
    .port_info 0 /OUTPUT 1 "Y";
    .port_info 1 /INPUT 1 "A1";
    .port_info 2 /INPUT 1 "A2";
    .port_info 3 /INPUT 1 "B1";
    .port_info 4 /INPUT 1 "B2";
L_0x560d7a931690 .functor AND 1, L_0x560d7a92a360, L_0x560d7a97ce00, C4<1>, C4<1>;
L_0x560d7a931700 .functor AND 1, L_0x560d7a970ca0, L_0x560d7a9296b0, C4<1>, C4<1>;
L_0x560d7a931770 .functor OR 1, L_0x560d7a931700, L_0x560d7a931690, C4<0>, C4<0>;
L_0x560d7a9317e0 .functor NOT 1, L_0x560d7a931770, C4<0>, C4<0>, C4<0>;
v0x560d7a645450_0 .net "A1", 0 0, L_0x560d7a970ca0;  alias, 1 drivers
v0x560d7a644fe0_0 .net "A2", 0 0, L_0x560d7a9296b0;  alias, 1 drivers
v0x560d7a6450a0_0 .net "B1", 0 0, L_0x560d7a92a360;  alias, 1 drivers
v0x560d7a644c20_0 .net "B2", 0 0, L_0x560d7a97ce00;  alias, 1 drivers
v0x560d7a644cc0_0 .net "Y", 0 0, L_0x560d7a9317e0;  alias, 1 drivers
v0x560d7a645760_0 .net "int_fwire_0", 0 0, L_0x560d7a931690;  1 drivers
v0x560d7a645820_0 .net "int_fwire_1", 0 0, L_0x560d7a931700;  1 drivers
v0x560d7a642a40_0 .net "int_fwire_2", 0 0, L_0x560d7a931770;  1 drivers
S_0x560d7a642680 .scope module, "_0655_" "sg13g2_hv_a221oi_1" 5 1471, 3 133 1, S_0x560d7a760c50;
 .timescale -9 -11;
    .port_info 0 /OUTPUT 1 "Y";
    .port_info 1 /INPUT 1 "A1";
    .port_info 2 /INPUT 1 "A2";
    .port_info 3 /INPUT 1 "B1";
    .port_info 4 /INPUT 1 "B2";
    .port_info 5 /INPUT 1 "C1";
L_0x560d7a9318a0 .functor AND 1, L_0x560d7a92ae20, L_0x560d7a9891d0, C4<1>, C4<1>;
L_0x560d7a931910 .functor AND 1, L_0x560d7a98f3c0, L_0x560d7a9291e0, C4<1>, C4<1>;
L_0x560d7a931980 .functor OR 1, L_0x560d7a931910, L_0x560d7a9318a0, L_0x560d7a931090, C4<0>;
L_0x560d7a931b20 .functor NOT 1, L_0x560d7a931980, C4<0>, C4<0>, C4<0>;
v0x560d7a642390_0 .net "A1", 0 0, L_0x560d7a98f3c0;  alias, 1 drivers
v0x560d7a642e00_0 .net "A2", 0 0, L_0x560d7a9291e0;  alias, 1 drivers
v0x560d7a642ec0_0 .net "B1", 0 0, L_0x560d7a92ae20;  alias, 1 drivers
v0x560d7a6400e0_0 .net "B2", 0 0, L_0x560d7a9891d0;  alias, 1 drivers
v0x560d7a640180_0 .net "C1", 0 0, L_0x560d7a931090;  alias, 1 drivers
v0x560d7a63fd20_0 .net "Y", 0 0, L_0x560d7a931b20;  alias, 1 drivers
v0x560d7a63fdc0_0 .net "int_fwire_0", 0 0, L_0x560d7a9318a0;  1 drivers
v0x560d7a63f960_0 .net "int_fwire_1", 0 0, L_0x560d7a931910;  1 drivers
v0x560d7a63fa20_0 .net "int_fwire_2", 0 0, L_0x560d7a931980;  1 drivers
S_0x560d7a6404a0 .scope module, "_0656_" "sg13g2_hv_nand3_1" 5 1479, 3 1474 1, S_0x560d7a760c50;
 .timescale -9 -11;
    .port_info 0 /OUTPUT 1 "Y";
    .port_info 1 /INPUT 1 "A";
    .port_info 2 /INPUT 1 "B";
    .port_info 3 /INPUT 1 "C";
L_0x560d7a931b90 .functor AND 1, L_0x560d7a931500, L_0x560d7a9317e0, L_0x560d7a931b20, C4<1>;
L_0x560d7a931db0 .functor NOT 1, L_0x560d7a931b90, C4<0>, C4<0>, C4<0>;
v0x560d7a63d810_0 .net "A", 0 0, L_0x560d7a931500;  alias, 1 drivers
v0x560d7a63d3c0_0 .net "B", 0 0, L_0x560d7a9317e0;  alias, 1 drivers
v0x560d7a63d490_0 .net "C", 0 0, L_0x560d7a931b20;  alias, 1 drivers
v0x560d7a63d000_0 .net "Y", 0 0, L_0x560d7a931db0;  alias, 1 drivers
v0x560d7a63d0a0_0 .net "int_fwire_0", 0 0, L_0x560d7a931b90;  1 drivers
S_0x560d7a63db40 .scope module, "_0657_" "sg13g2_hv_and2_1" 5 1485, 3 191 1, S_0x560d7a760c50;
 .timescale -9 -11;
    .port_info 0 /OUTPUT 1 "X";
    .port_info 1 /INPUT 1 "A";
    .port_info 2 /INPUT 1 "B";
L_0x560d7a931e20 .functor AND 1, L_0x560d7a97da40, L_0x560d7a92a360, C4<1>, C4<1>;
v0x560d7a63af30_0 .net "A", 0 0, L_0x560d7a97da40;  alias, 1 drivers
v0x560d7a63b010_0 .net "B", 0 0, L_0x560d7a92a360;  alias, 1 drivers
v0x560d7a63a7b0_0 .net "X", 0 0, L_0x560d7a931e20;  alias, 1 drivers
S_0x560d7a63b2f0 .scope module, "_0658_" "sg13g2_hv_a21oi_1" 5 1490, 3 77 1, S_0x560d7a760c50;
 .timescale -9 -11;
    .port_info 0 /OUTPUT 1 "Y";
    .port_info 1 /INPUT 1 "A1";
    .port_info 2 /INPUT 1 "A2";
    .port_info 3 /INPUT 1 "B1";
L_0x560d7a931e90 .functor AND 1, L_0x560d7a96b510, L_0x560d7a92aa50, C4<1>, C4<1>;
L_0x560d7a931f00 .functor OR 1, L_0x560d7a931e90, L_0x560d7a9295d0, C4<0>, C4<0>;
L_0x560d7a931f70 .functor NOT 1, L_0x560d7a931f00, C4<0>, C4<0>, C4<0>;
v0x560d7a638530_0 .net "A1", 0 0, L_0x560d7a96b510;  alias, 1 drivers
v0x560d7a6385f0_0 .net "A2", 0 0, L_0x560d7a92aa50;  alias, 1 drivers
v0x560d7a637db0_0 .net "B1", 0 0, L_0x560d7a9295d0;  alias, 1 drivers
v0x560d7a637e80_0 .net "Y", 0 0, L_0x560d7a931f70;  alias, 1 drivers
v0x560d7a5e1e90_0 .net "int_fwire_0", 0 0, L_0x560d7a931e90;  1 drivers
v0x560d7a5e1f80_0 .net "int_fwire_1", 0 0, L_0x560d7a931f00;  1 drivers
S_0x560d7a5e1ad0 .scope module, "_0659_" "sg13g2_hv_a22oi_1" 5 1496, 3 162 1, S_0x560d7a760c50;
 .timescale -9 -11;
    .port_info 0 /OUTPUT 1 "Y";
    .port_info 1 /INPUT 1 "A1";
    .port_info 2 /INPUT 1 "A2";
    .port_info 3 /INPUT 1 "B1";
    .port_info 4 /INPUT 1 "B2";
L_0x560d7a931fe0 .functor AND 1, L_0x560d7a929f50, L_0x560d7a977870, C4<1>, C4<1>;
L_0x560d7a932050 .functor AND 1, L_0x560d7a990000, L_0x560d7a9291e0, C4<1>, C4<1>;
L_0x560d7a9320c0 .functor OR 1, L_0x560d7a932050, L_0x560d7a931fe0, C4<0>, C4<0>;
L_0x560d7a9321d0 .functor NOT 1, L_0x560d7a9320c0, C4<0>, C4<0>, C4<0>;
v0x560d7a5e02e0_0 .net "A1", 0 0, L_0x560d7a990000;  alias, 1 drivers
v0x560d7a5dfe70_0 .net "A2", 0 0, L_0x560d7a9291e0;  alias, 1 drivers
v0x560d7a5dff30_0 .net "B1", 0 0, L_0x560d7a929f50;  alias, 1 drivers
v0x560d7a5de400_0 .net "B2", 0 0, L_0x560d7a977870;  alias, 1 drivers
v0x560d7a5de4a0_0 .net "Y", 0 0, L_0x560d7a9321d0;  alias, 1 drivers
v0x560d7a5de040_0 .net "int_fwire_0", 0 0, L_0x560d7a931fe0;  1 drivers
v0x560d7a5de100_0 .net "int_fwire_1", 0 0, L_0x560d7a932050;  1 drivers
v0x560d7a5ddc80_0 .net "int_fwire_2", 0 0, L_0x560d7a9320c0;  1 drivers
S_0x560d7a5dd8c0 .scope module, "_0660_" "sg13g2_hv_and2_1" 5 1503, 3 191 1, S_0x560d7a760c50;
 .timescale -9 -11;
    .port_info 0 /OUTPUT 1 "X";
    .port_info 1 /INPUT 1 "A";
    .port_info 2 /INPUT 1 "B";
L_0x560d7a932290 .functor AND 1, L_0x560d7a931f70, L_0x560d7a9321d0, C4<1>, C4<1>;
v0x560d7a5dc390_0 .net "A", 0 0, L_0x560d7a931f70;  alias, 1 drivers
v0x560d7a5dc450_0 .net "B", 0 0, L_0x560d7a9321d0;  alias, 1 drivers
v0x560d7a5dbfd0_0 .net "X", 0 0, L_0x560d7a932290;  alias, 1 drivers
S_0x560d7a5dbc10 .scope module, "_0661_" "sg13g2_hv_a22oi_1" 5 1508, 3 162 1, S_0x560d7a760c50;
 .timescale -9 -11;
    .port_info 0 /OUTPUT 1 "Y";
    .port_info 1 /INPUT 1 "A1";
    .port_info 2 /INPUT 1 "A2";
    .port_info 3 /INPUT 1 "B1";
    .port_info 4 /INPUT 1 "B2";
L_0x560d7a932420 .functor AND 1, L_0x560d7a92a920, L_0x560d7a983c40, C4<1>, C4<1>;
L_0x560d7a932490 .functor AND 1, L_0x560d7a996200, L_0x560d7a928d60, C4<1>, C4<1>;
L_0x560d7a932500 .functor OR 1, L_0x560d7a932490, L_0x560d7a932420, C4<0>, C4<0>;
L_0x560d7a932570 .functor NOT 1, L_0x560d7a932500, C4<0>, C4<0>, C4<0>;
v0x560d7a5db900_0 .net "A1", 0 0, L_0x560d7a996200;  alias, 1 drivers
v0x560d7a5da320_0 .net "A2", 0 0, L_0x560d7a928d60;  alias, 1 drivers
v0x560d7a5da3e0_0 .net "B1", 0 0, L_0x560d7a92a920;  alias, 1 drivers
v0x560d7a5d97e0_0 .net "B2", 0 0, L_0x560d7a983c40;  alias, 1 drivers
v0x560d7a5d9880_0 .net "Y", 0 0, L_0x560d7a932570;  alias, 1 drivers
v0x560d7a5d5f30_0 .net "int_fwire_0", 0 0, L_0x560d7a932420;  1 drivers
v0x560d7a5d5ff0_0 .net "int_fwire_1", 0 0, L_0x560d7a932490;  1 drivers
v0x560d7a5d3e20_0 .net "int_fwire_2", 0 0, L_0x560d7a932500;  1 drivers
S_0x560d7a5d3a60 .scope module, "_0662_" "sg13g2_hv_a221oi_1" 5 1515, 3 133 1, S_0x560d7a760c50;
 .timescale -9 -11;
    .port_info 0 /OUTPUT 1 "Y";
    .port_info 1 /INPUT 1 "A1";
    .port_info 2 /INPUT 1 "A2";
    .port_info 3 /INPUT 1 "B1";
    .port_info 4 /INPUT 1 "B2";
    .port_info 5 /INPUT 1 "C1";
L_0x560d7a932630 .functor AND 1, L_0x560d7a92ae20, L_0x560d7a989f10, C4<1>, C4<1>;
L_0x560d7a9326a0 .functor AND 1, L_0x560d7a971880, L_0x560d7a9296b0, C4<1>, C4<1>;
L_0x560d7a932710 .functor OR 1, L_0x560d7a9326a0, L_0x560d7a932630, L_0x560d7a931e20, C4<0>;
L_0x560d7a9328b0 .functor NOT 1, L_0x560d7a932710, C4<0>, C4<0>, C4<0>;
v0x560d7a5d3770_0 .net "A1", 0 0, L_0x560d7a971880;  alias, 1 drivers
v0x560d7a5d2a00_0 .net "A2", 0 0, L_0x560d7a9296b0;  alias, 1 drivers
v0x560d7a5d2ac0_0 .net "B1", 0 0, L_0x560d7a92ae20;  alias, 1 drivers
v0x560d7a5d1940_0 .net "B2", 0 0, L_0x560d7a989f10;  alias, 1 drivers
v0x560d7a5d19e0_0 .net "C1", 0 0, L_0x560d7a931e20;  alias, 1 drivers
v0x560d7a5d1580_0 .net "Y", 0 0, L_0x560d7a9328b0;  alias, 1 drivers
v0x560d7a5d1620_0 .net "int_fwire_0", 0 0, L_0x560d7a932630;  1 drivers
v0x560d7a5d11c0_0 .net "int_fwire_1", 0 0, L_0x560d7a9326a0;  1 drivers
v0x560d7a5d1280_0 .net "int_fwire_2", 0 0, L_0x560d7a932710;  1 drivers
S_0x560d7a5d0640 .scope module, "_0663_" "sg13g2_hv_nand3_1" 5 1523, 3 1474 1, S_0x560d7a760c50;
 .timescale -9 -11;
    .port_info 0 /OUTPUT 1 "Y";
    .port_info 1 /INPUT 1 "A";
    .port_info 2 /INPUT 1 "B";
    .port_info 3 /INPUT 1 "C";
L_0x560d7a932920 .functor AND 1, L_0x560d7a932290, L_0x560d7a932570, L_0x560d7a9328b0, C4<1>;
L_0x560d7a932b40 .functor NOT 1, L_0x560d7a932920, C4<0>, C4<0>, C4<0>;
v0x560d7a5d0280_0 .net "A", 0 0, L_0x560d7a932290;  alias, 1 drivers
v0x560d7a5d0370_0 .net "B", 0 0, L_0x560d7a932570;  alias, 1 drivers
v0x560d7a5cfec0_0 .net "C", 0 0, L_0x560d7a9328b0;  alias, 1 drivers
v0x560d7a5cffc0_0 .net "Y", 0 0, L_0x560d7a932b40;  alias, 1 drivers
v0x560d7a5cf6c0_0 .net "int_fwire_0", 0 0, L_0x560d7a932920;  1 drivers
S_0x560d7a5ce530 .scope module, "_0664_" "sg13g2_hv_and2_1" 5 1529, 3 191 1, S_0x560d7a760c50;
 .timescale -9 -11;
    .port_info 0 /OUTPUT 1 "X";
    .port_info 1 /INPUT 1 "A";
    .port_info 2 /INPUT 1 "B";
L_0x560d7a932bb0 .functor AND 1, L_0x560d7a97e680, L_0x560d7a924b50, C4<1>, C4<1>;
v0x560d7a5ce170_0 .net "A", 0 0, L_0x560d7a97e680;  alias, 1 drivers
v0x560d7a5ce230_0 .net "B", 0 0, L_0x560d7a924b50;  alias, 1 drivers
v0x560d7a5ccfe0_0 .net "X", 0 0, L_0x560d7a932bb0;  alias, 1 drivers
S_0x560d7a5ccc20 .scope module, "_0665_" "sg13g2_hv_a21oi_1" 5 1534, 3 77 1, S_0x560d7a760c50;
 .timescale -9 -11;
    .port_info 0 /OUTPUT 1 "Y";
    .port_info 1 /INPUT 1 "A1";
    .port_info 2 /INPUT 1 "A2";
    .port_info 3 /INPUT 1 "B1";
L_0x560d7a932c20 .functor AND 1, L_0x560d7a984880, L_0x560d7a924ec0, C4<1>, C4<1>;
L_0x560d7a932c90 .functor OR 1, L_0x560d7a932c20, L_0x560d7a9238d0, C4<0>, C4<0>;
L_0x560d7a932d00 .functor NOT 1, L_0x560d7a932c90, C4<0>, C4<0>, C4<0>;
v0x560d7a5cd0c0_0 .net "A1", 0 0, L_0x560d7a984880;  alias, 1 drivers
v0x560d7a7c0580_0 .net "A2", 0 0, L_0x560d7a924ec0;  alias, 1 drivers
v0x560d7a7c0670_0 .net "B1", 0 0, L_0x560d7a9238d0;  alias, 1 drivers
v0x560d7a7bfda0_0 .net "Y", 0 0, L_0x560d7a932d00;  alias, 1 drivers
v0x560d7a7bfe40_0 .net "int_fwire_0", 0 0, L_0x560d7a932c20;  1 drivers
v0x560d7a7bf5c0_0 .net "int_fwire_1", 0 0, L_0x560d7a932c90;  1 drivers
S_0x560d7a69be00 .scope module, "_0666_" "sg13g2_hv_a22oi_1" 5 1540, 3 162 1, S_0x560d7a760c50;
 .timescale -9 -11;
    .port_info 0 /OUTPUT 1 "Y";
    .port_info 1 /INPUT 1 "A1";
    .port_info 2 /INPUT 1 "A2";
    .port_info 3 /INPUT 1 "B1";
    .port_info 4 /INPUT 1 "B2";
L_0x560d7a932d70 .functor AND 1, L_0x560d7a925380, L_0x560d7a990c40, C4<1>, C4<1>;
L_0x560d7a932de0 .functor AND 1, L_0x560d7a9668a0, L_0x560d7a923d00, C4<1>, C4<1>;
L_0x560d7a932e50 .functor OR 1, L_0x560d7a932de0, L_0x560d7a932d70, C4<0>, C4<0>;
L_0x560d7a932f60 .functor NOT 1, L_0x560d7a932e50, C4<0>, C4<0>, C4<0>;
v0x560d7a6990e0_0 .net "A1", 0 0, L_0x560d7a9668a0;  alias, 1 drivers
v0x560d7a6991b0_0 .net "A2", 0 0, L_0x560d7a923d00;  alias, 1 drivers
v0x560d7a6963c0_0 .net "B1", 0 0, L_0x560d7a925380;  alias, 1 drivers
v0x560d7a6964b0_0 .net "B2", 0 0, L_0x560d7a990c40;  alias, 1 drivers
v0x560d7a6936a0_0 .net "Y", 0 0, L_0x560d7a932f60;  alias, 1 drivers
v0x560d7a693790_0 .net "int_fwire_0", 0 0, L_0x560d7a932d70;  1 drivers
v0x560d7a690950_0 .net "int_fwire_1", 0 0, L_0x560d7a932de0;  1 drivers
v0x560d7a6909f0_0 .net "int_fwire_2", 0 0, L_0x560d7a932e50;  1 drivers
S_0x560d7a64bda0 .scope module, "_0667_" "sg13g2_hv_and2_1" 5 1547, 3 191 1, S_0x560d7a760c50;
 .timescale -9 -11;
    .port_info 0 /OUTPUT 1 "X";
    .port_info 1 /INPUT 1 "A";
    .port_info 2 /INPUT 1 "B";
L_0x560d7a933020 .functor AND 1, L_0x560d7a932d00, L_0x560d7a932f60, C4<1>, C4<1>;
v0x560d7a649440_0 .net "A", 0 0, L_0x560d7a932d00;  alias, 1 drivers
v0x560d7a6494e0_0 .net "B", 0 0, L_0x560d7a932f60;  alias, 1 drivers
v0x560d7a646ae0_0 .net "X", 0 0, L_0x560d7a933020;  alias, 1 drivers
S_0x560d7a644180 .scope module, "_0668_" "sg13g2_hv_a22oi_1" 5 1552, 3 162 1, S_0x560d7a760c50;
 .timescale -9 -11;
    .port_info 0 /OUTPUT 1 "Y";
    .port_info 1 /INPUT 1 "A1";
    .port_info 2 /INPUT 1 "A2";
    .port_info 3 /INPUT 1 "B1";
    .port_info 4 /INPUT 1 "B2";
L_0x560d7a9331b0 .functor AND 1, L_0x560d7a925120, L_0x560d7a98aa40, C4<1>, C4<1>;
L_0x560d7a933220 .functor AND 1, L_0x560d7a972490, L_0x560d7a924520, C4<1>, C4<1>;
L_0x560d7a933290 .functor OR 1, L_0x560d7a933220, L_0x560d7a9331b0, C4<0>, C4<0>;
L_0x560d7a933300 .functor NOT 1, L_0x560d7a933290, C4<0>, C4<0>, C4<0>;
v0x560d7a646bf0_0 .net "A1", 0 0, L_0x560d7a972490;  alias, 1 drivers
v0x560d7a641900_0 .net "A2", 0 0, L_0x560d7a924520;  alias, 1 drivers
v0x560d7a63eec0_0 .net "B1", 0 0, L_0x560d7a925120;  alias, 1 drivers
v0x560d7a63efb0_0 .net "B2", 0 0, L_0x560d7a98aa40;  alias, 1 drivers
v0x560d7a63c560_0 .net "Y", 0 0, L_0x560d7a933300;  alias, 1 drivers
v0x560d7a63c650_0 .net "int_fwire_0", 0 0, L_0x560d7a9331b0;  1 drivers
v0x560d7a639c80_0 .net "int_fwire_1", 0 0, L_0x560d7a933220;  1 drivers
v0x560d7a639d20_0 .net "int_fwire_2", 0 0, L_0x560d7a933290;  1 drivers
S_0x560d7a0aa390 .scope module, "_0669_" "sg13g2_hv_a221oi_1" 5 1559, 3 133 1, S_0x560d7a760c50;
 .timescale -9 -11;
    .port_info 0 /OUTPUT 1 "Y";
    .port_info 1 /INPUT 1 "A1";
    .port_info 2 /INPUT 1 "A2";
    .port_info 3 /INPUT 1 "B1";
    .port_info 4 /INPUT 1 "B2";
    .port_info 5 /INPUT 1 "C1";
L_0x560d7a9333c0 .functor AND 1, L_0x560d7a9248f0, L_0x560d7a978480, C4<1>, C4<1>;
L_0x560d7a933430 .functor AND 1, L_0x560d7a96c0f0, L_0x560d7a9240d0, C4<1>, C4<1>;
L_0x560d7a9334a0 .functor OR 1, L_0x560d7a933430, L_0x560d7a9333c0, L_0x560d7a932bb0, C4<0>;
L_0x560d7a933640 .functor NOT 1, L_0x560d7a9334a0, C4<0>, C4<0>, C4<0>;
v0x560d7a0aa5f0_0 .net "A1", 0 0, L_0x560d7a96c0f0;  alias, 1 drivers
v0x560d7a0aa6e0_0 .net "A2", 0 0, L_0x560d7a9240d0;  alias, 1 drivers
v0x560d7a0ac4b0_0 .net "B1", 0 0, L_0x560d7a9248f0;  alias, 1 drivers
v0x560d7a0ac5a0_0 .net "B2", 0 0, L_0x560d7a978480;  alias, 1 drivers
v0x560d7a0ac640_0 .net "C1", 0 0, L_0x560d7a932bb0;  alias, 1 drivers
v0x560d7a0ac730_0 .net "Y", 0 0, L_0x560d7a933640;  alias, 1 drivers
v0x560d7a0ac7d0_0 .net "int_fwire_0", 0 0, L_0x560d7a9333c0;  1 drivers
v0x560d7a0ac870_0 .net "int_fwire_1", 0 0, L_0x560d7a933430;  1 drivers
v0x560d7a0ad490_0 .net "int_fwire_2", 0 0, L_0x560d7a9334a0;  1 drivers
S_0x560d7a0ad5f0 .scope module, "_0670_" "sg13g2_hv_nand3_1" 5 1567, 3 1474 1, S_0x560d7a760c50;
 .timescale -9 -11;
    .port_info 0 /OUTPUT 1 "Y";
    .port_info 1 /INPUT 1 "A";
    .port_info 2 /INPUT 1 "B";
    .port_info 3 /INPUT 1 "C";
L_0x560d7a9336b0 .functor AND 1, L_0x560d7a933020, L_0x560d7a933300, L_0x560d7a933640, C4<1>;
L_0x560d7a9338d0 .functor NOT 1, L_0x560d7a9336b0, C4<0>, C4<0>, C4<0>;
v0x560d7a0ad7b0_0 .net "A", 0 0, L_0x560d7a933020;  alias, 1 drivers
v0x560d7a0ad8a0_0 .net "B", 0 0, L_0x560d7a933300;  alias, 1 drivers
v0x560d7a0ae450_0 .net "C", 0 0, L_0x560d7a933640;  alias, 1 drivers
v0x560d7a0ae550_0 .net "Y", 0 0, L_0x560d7a9338d0;  alias, 1 drivers
v0x560d7a0ae5f0_0 .net "int_fwire_0", 0 0, L_0x560d7a9336b0;  1 drivers
S_0x560d7a0ae700 .scope module, "_0671_" "sg13g2_hv_and2_1" 5 1573, 3 191 1, S_0x560d7a760c50;
 .timescale -9 -11;
    .port_info 0 /OUTPUT 1 "X";
    .port_info 1 /INPUT 1 "A";
    .port_info 2 /INPUT 1 "B";
L_0x560d7a933940 .functor AND 1, L_0x560d7a991880, L_0x560d7a925380, C4<1>, C4<1>;
v0x560d7a0af710_0 .net "A", 0 0, L_0x560d7a991880;  alias, 1 drivers
v0x560d7a0af7b0_0 .net "B", 0 0, L_0x560d7a925380;  alias, 1 drivers
v0x560d7a0af850_0 .net "X", 0 0, L_0x560d7a933940;  alias, 1 drivers
S_0x560d7a0af980 .scope module, "_0672_" "sg13g2_hv_a21oi_1" 5 1578, 3 77 1, S_0x560d7a760c50;
 .timescale -9 -11;
    .port_info 0 /OUTPUT 1 "Y";
    .port_info 1 /INPUT 1 "A1";
    .port_info 2 /INPUT 1 "A2";
    .port_info 3 /INPUT 1 "B1";
L_0x560d7a9339b0 .functor AND 1, L_0x560d7a9853b0, L_0x560d7a924ec0, C4<1>, C4<1>;
L_0x560d7a933a20 .functor OR 1, L_0x560d7a9339b0, L_0x560d7a9238d0, C4<0>, C4<0>;
L_0x560d7a933a90 .functor NOT 1, L_0x560d7a933a20, C4<0>, C4<0>, C4<0>;
v0x560d7a0b0a10_0 .net "A1", 0 0, L_0x560d7a9853b0;  alias, 1 drivers
v0x560d7a0b0ae0_0 .net "A2", 0 0, L_0x560d7a924ec0;  alias, 1 drivers
v0x560d7a0b0b80_0 .net "B1", 0 0, L_0x560d7a9238d0;  alias, 1 drivers
v0x560d7a0b0c50_0 .net "Y", 0 0, L_0x560d7a933a90;  alias, 1 drivers
v0x560d7a0b0cf0_0 .net "int_fwire_0", 0 0, L_0x560d7a9339b0;  1 drivers
v0x560d7a0b0d90_0 .net "int_fwire_1", 0 0, L_0x560d7a933a20;  1 drivers
S_0x560d7a0b2050 .scope module, "_0673_" "sg13g2_hv_a22oi_1" 5 1584, 3 162 1, S_0x560d7a760c50;
 .timescale -9 -11;
    .port_info 0 /OUTPUT 1 "Y";
    .port_info 1 /INPUT 1 "A1";
    .port_info 2 /INPUT 1 "A2";
    .port_info 3 /INPUT 1 "B1";
    .port_info 4 /INPUT 1 "B2";
L_0x560d7a933b00 .functor AND 1, L_0x560d7a9248f0, L_0x560d7a9790c0, C4<1>, C4<1>;
L_0x560d7a933b70 .functor AND 1, L_0x560d7a9673a0, L_0x560d7a923d00, C4<1>, C4<1>;
L_0x560d7a933be0 .functor OR 1, L_0x560d7a933b70, L_0x560d7a933b00, C4<0>, C4<0>;
L_0x560d7a933cf0 .functor NOT 1, L_0x560d7a933be0, C4<0>, C4<0>, C4<0>;
v0x560d7a0b22e0_0 .net "A1", 0 0, L_0x560d7a9673a0;  alias, 1 drivers
v0x560d7a0b23d0_0 .net "A2", 0 0, L_0x560d7a923d00;  alias, 1 drivers
v0x560d7a0b2470_0 .net "B1", 0 0, L_0x560d7a9248f0;  alias, 1 drivers
v0x560d7a0b3670_0 .net "B2", 0 0, L_0x560d7a9790c0;  alias, 1 drivers
v0x560d7a0b3740_0 .net "Y", 0 0, L_0x560d7a933cf0;  alias, 1 drivers
v0x560d7a0b3830_0 .net "int_fwire_0", 0 0, L_0x560d7a933b00;  1 drivers
v0x560d7a0b38d0_0 .net "int_fwire_1", 0 0, L_0x560d7a933b70;  1 drivers
v0x560d7a0b3970_0 .net "int_fwire_2", 0 0, L_0x560d7a933be0;  1 drivers
S_0x560d7a0b4aa0 .scope module, "_0674_" "sg13g2_hv_and2_1" 5 1591, 3 191 1, S_0x560d7a760c50;
 .timescale -9 -11;
    .port_info 0 /OUTPUT 1 "X";
    .port_info 1 /INPUT 1 "A";
    .port_info 2 /INPUT 1 "B";
L_0x560d7a933db0 .functor AND 1, L_0x560d7a933a90, L_0x560d7a933cf0, C4<1>, C4<1>;
v0x560d7a0b4ca0_0 .net "A", 0 0, L_0x560d7a933a90;  alias, 1 drivers
v0x560d7a0b4d60_0 .net "B", 0 0, L_0x560d7a933cf0;  alias, 1 drivers
v0x560d7a0b4e30_0 .net "X", 0 0, L_0x560d7a933db0;  alias, 1 drivers
S_0x560d7a0b5740 .scope module, "_0675_" "sg13g2_hv_a22oi_1" 5 1596, 3 162 1, S_0x560d7a760c50;
 .timescale -9 -11;
    .port_info 0 /OUTPUT 1 "Y";
    .port_info 1 /INPUT 1 "A1";
    .port_info 2 /INPUT 1 "A2";
    .port_info 3 /INPUT 1 "B1";
    .port_info 4 /INPUT 1 "B2";
L_0x560d7a933f40 .functor AND 1, L_0x560d7a924b50, L_0x560d7a97f2c0, C4<1>, C4<1>;
L_0x560d7a933fb0 .functor AND 1, L_0x560d7a973070, L_0x560d7a924520, C4<1>, C4<1>;
L_0x560d7a934020 .functor OR 1, L_0x560d7a933fb0, L_0x560d7a933f40, C4<0>, C4<0>;
L_0x560d7a934090 .functor NOT 1, L_0x560d7a934020, C4<0>, C4<0>, C4<0>;
v0x560d7a0b59d0_0 .net "A1", 0 0, L_0x560d7a973070;  alias, 1 drivers
v0x560d7a0b5aa0_0 .net "A2", 0 0, L_0x560d7a924520;  alias, 1 drivers
v0x560d7a0b5b60_0 .net "B1", 0 0, L_0x560d7a924b50;  alias, 1 drivers
v0x560d7a0b63e0_0 .net "B2", 0 0, L_0x560d7a97f2c0;  alias, 1 drivers
v0x560d7a0b64b0_0 .net "Y", 0 0, L_0x560d7a934090;  alias, 1 drivers
v0x560d7a0b65a0_0 .net "int_fwire_0", 0 0, L_0x560d7a933f40;  1 drivers
v0x560d7a0b6640_0 .net "int_fwire_1", 0 0, L_0x560d7a933fb0;  1 drivers
v0x560d7a0b6700_0 .net "int_fwire_2", 0 0, L_0x560d7a934020;  1 drivers
S_0x560d7a0b7080 .scope module, "_0676_" "sg13g2_hv_a221oi_1" 5 1603, 3 133 1, S_0x560d7a760c50;
 .timescale -9 -11;
    .port_info 0 /OUTPUT 1 "Y";
    .port_info 1 /INPUT 1 "A1";
    .port_info 2 /INPUT 1 "A2";
    .port_info 3 /INPUT 1 "B1";
    .port_info 4 /INPUT 1 "B2";
    .port_info 5 /INPUT 1 "C1";
L_0x560d7a934150 .functor AND 1, L_0x560d7a925120, L_0x560d7a98b680, C4<1>, C4<1>;
L_0x560d7a9341c0 .functor AND 1, L_0x560d7a96cca0, L_0x560d7a9240d0, C4<1>, C4<1>;
L_0x560d7a934230 .functor OR 1, L_0x560d7a9341c0, L_0x560d7a934150, L_0x560d7a933940, C4<0>;
L_0x560d7a9343d0 .functor NOT 1, L_0x560d7a934230, C4<0>, C4<0>, C4<0>;
v0x560d7a0b72e0_0 .net "A1", 0 0, L_0x560d7a96cca0;  alias, 1 drivers
v0x560d7a0b73a0_0 .net "A2", 0 0, L_0x560d7a9240d0;  alias, 1 drivers
v0x560d7a0b7440_0 .net "B1", 0 0, L_0x560d7a925120;  alias, 1 drivers
v0x560d7a0b7d20_0 .net "B2", 0 0, L_0x560d7a98b680;  alias, 1 drivers
v0x560d7a0b7df0_0 .net "C1", 0 0, L_0x560d7a933940;  alias, 1 drivers
v0x560d7a0b7ee0_0 .net "Y", 0 0, L_0x560d7a9343d0;  alias, 1 drivers
v0x560d7a0b7f80_0 .net "int_fwire_0", 0 0, L_0x560d7a934150;  1 drivers
v0x560d7a0b8020_0 .net "int_fwire_1", 0 0, L_0x560d7a9341c0;  1 drivers
v0x560d7a0b80c0_0 .net "int_fwire_2", 0 0, L_0x560d7a934230;  1 drivers
S_0x560d7a0b8270 .scope module, "_0677_" "sg13g2_hv_nand3_1" 5 1611, 3 1474 1, S_0x560d7a760c50;
 .timescale -9 -11;
    .port_info 0 /OUTPUT 1 "Y";
    .port_info 1 /INPUT 1 "A";
    .port_info 2 /INPUT 1 "B";
    .port_info 3 /INPUT 1 "C";
L_0x560d7a934440 .functor AND 1, L_0x560d7a933db0, L_0x560d7a934090, L_0x560d7a9343d0, C4<1>;
L_0x560d7a934660 .functor NOT 1, L_0x560d7a934440, C4<0>, C4<0>, C4<0>;
v0x560d7a0b8430_0 .net "A", 0 0, L_0x560d7a933db0;  alias, 1 drivers
v0x560d7a0b8520_0 .net "B", 0 0, L_0x560d7a934090;  alias, 1 drivers
v0x560d7a0b85f0_0 .net "C", 0 0, L_0x560d7a9343d0;  alias, 1 drivers
v0x560d7a0b87c0_0 .net "Y", 0 0, L_0x560d7a934660;  alias, 1 drivers
v0x560d7a0b8860_0 .net "int_fwire_0", 0 0, L_0x560d7a934440;  1 drivers
S_0x560d7a0b8940 .scope module, "_0678_" "sg13g2_hv_and2_1" 5 1617, 3 191 1, S_0x560d7a760c50;
 .timescale -9 -11;
    .port_info 0 /OUTPUT 1 "X";
    .port_info 1 /INPUT 1 "A";
    .port_info 2 /INPUT 1 "B";
L_0x560d7a9346d0 .functor AND 1, L_0x560d7a98c2c0, L_0x560d7a925120, C4<1>, C4<1>;
v0x560d7a0b8b40_0 .net "A", 0 0, L_0x560d7a98c2c0;  alias, 1 drivers
v0x560d7a0bc020_0 .net "B", 0 0, L_0x560d7a925120;  alias, 1 drivers
v0x560d7a0bc0c0_0 .net "X", 0 0, L_0x560d7a9346d0;  alias, 1 drivers
S_0x560d7a0bc1f0 .scope module, "_0679_" "sg13g2_hv_a21oi_1" 5 1622, 3 77 1, S_0x560d7a760c50;
 .timescale -9 -11;
    .port_info 0 /OUTPUT 1 "Y";
    .port_info 1 /INPUT 1 "A1";
    .port_info 2 /INPUT 1 "A2";
    .port_info 3 /INPUT 1 "B1";
L_0x560d7a934740 .functor AND 1, L_0x560d7a985ee0, L_0x560d7a924ec0, C4<1>, C4<1>;
L_0x560d7a9347b0 .functor OR 1, L_0x560d7a934740, L_0x560d7a9238d0, C4<0>, C4<0>;
L_0x560d7a934820 .functor NOT 1, L_0x560d7a9347b0, C4<0>, C4<0>, C4<0>;
v0x560d7a0bc3b0_0 .net "A1", 0 0, L_0x560d7a985ee0;  alias, 1 drivers
v0x560d7a0bf850_0 .net "A2", 0 0, L_0x560d7a924ec0;  alias, 1 drivers
v0x560d7a0bf8f0_0 .net "B1", 0 0, L_0x560d7a9238d0;  alias, 1 drivers
v0x560d7a0bf9c0_0 .net "Y", 0 0, L_0x560d7a934820;  alias, 1 drivers
v0x560d7a0bfa60_0 .net "int_fwire_0", 0 0, L_0x560d7a934740;  1 drivers
v0x560d7a0bfb00_0 .net "int_fwire_1", 0 0, L_0x560d7a9347b0;  1 drivers
S_0x560d7a0c2810 .scope module, "_0680_" "sg13g2_hv_a22oi_1" 5 1628, 3 162 1, S_0x560d7a760c50;
 .timescale -9 -11;
    .port_info 0 /OUTPUT 1 "Y";
    .port_info 1 /INPUT 1 "A1";
    .port_info 2 /INPUT 1 "A2";
    .port_info 3 /INPUT 1 "B1";
    .port_info 4 /INPUT 1 "B2";
L_0x560d7a934890 .functor AND 1, L_0x560d7a924520, L_0x560d7a973c50, C4<1>, C4<1>;
L_0x560d7a934900 .functor AND 1, L_0x560d7a96d8b0, L_0x560d7a9240d0, C4<1>, C4<1>;
L_0x560d7a934970 .functor OR 1, L_0x560d7a934900, L_0x560d7a934890, C4<0>, C4<0>;
L_0x560d7a934a80 .functor NOT 1, L_0x560d7a934970, C4<0>, C4<0>, C4<0>;
v0x560d7a0c2aa0_0 .net "A1", 0 0, L_0x560d7a96d8b0;  alias, 1 drivers
v0x560d7a0c2b90_0 .net "A2", 0 0, L_0x560d7a9240d0;  alias, 1 drivers
v0x560d7a0c2c30_0 .net "B1", 0 0, L_0x560d7a924520;  alias, 1 drivers
v0x560d7a0bfc40_0 .net "B2", 0 0, L_0x560d7a973c50;  alias, 1 drivers
v0x560d7a0c5770_0 .net "Y", 0 0, L_0x560d7a934a80;  alias, 1 drivers
v0x560d7a0c5810_0 .net "int_fwire_0", 0 0, L_0x560d7a934890;  1 drivers
v0x560d7a0c58b0_0 .net "int_fwire_1", 0 0, L_0x560d7a934900;  1 drivers
v0x560d7a0c5970_0 .net "int_fwire_2", 0 0, L_0x560d7a934970;  1 drivers
S_0x560d7a0c77d0 .scope module, "_0681_" "sg13g2_hv_and2_1" 5 1635, 3 191 1, S_0x560d7a760c50;
 .timescale -9 -11;
    .port_info 0 /OUTPUT 1 "X";
    .port_info 1 /INPUT 1 "A";
    .port_info 2 /INPUT 1 "B";
L_0x560d7a934b40 .functor AND 1, L_0x560d7a934820, L_0x560d7a934a80, C4<1>, C4<1>;
v0x560d7a0c7980_0 .net "A", 0 0, L_0x560d7a934820;  alias, 1 drivers
v0x560d7a0c7a40_0 .net "B", 0 0, L_0x560d7a934a80;  alias, 1 drivers
v0x560d7a0c7ae0_0 .net "X", 0 0, L_0x560d7a934b40;  alias, 1 drivers
S_0x560d7a0cab30 .scope module, "_0682_" "sg13g2_hv_a22oi_1" 5 1640, 3 162 1, S_0x560d7a760c50;
 .timescale -9 -11;
    .port_info 0 /OUTPUT 1 "Y";
    .port_info 1 /INPUT 1 "A1";
    .port_info 2 /INPUT 1 "A2";
    .port_info 3 /INPUT 1 "B1";
    .port_info 4 /INPUT 1 "B2";
L_0x560d7a934cd0 .functor AND 1, L_0x560d7a925380, L_0x560d7a9924c0, C4<1>, C4<1>;
L_0x560d7a934d40 .functor AND 1, L_0x560d7a967ea0, L_0x560d7a923d00, C4<1>, C4<1>;
L_0x560d7a934db0 .functor OR 1, L_0x560d7a934d40, L_0x560d7a934cd0, C4<0>, C4<0>;
L_0x560d7a934e20 .functor NOT 1, L_0x560d7a934db0, C4<0>, C4<0>, C4<0>;
v0x560d7a0cad40_0 .net "A1", 0 0, L_0x560d7a967ea0;  alias, 1 drivers
v0x560d7a0cae10_0 .net "A2", 0 0, L_0x560d7a923d00;  alias, 1 drivers
v0x560d7a0caeb0_0 .net "B1", 0 0, L_0x560d7a925380;  alias, 1 drivers
v0x560d7a0c5ad0_0 .net "B2", 0 0, L_0x560d7a9924c0;  alias, 1 drivers
v0x560d7a0c5ba0_0 .net "Y", 0 0, L_0x560d7a934e20;  alias, 1 drivers
v0x560d7a0cd6b0_0 .net "int_fwire_0", 0 0, L_0x560d7a934cd0;  1 drivers
v0x560d7a0cd750_0 .net "int_fwire_1", 0 0, L_0x560d7a934d40;  1 drivers
v0x560d7a0cd7f0_0 .net "int_fwire_2", 0 0, L_0x560d7a934db0;  1 drivers
S_0x560d7a0cd950 .scope module, "_0683_" "sg13g2_hv_a221oi_1" 5 1647, 3 133 1, S_0x560d7a760c50;
 .timescale -9 -11;
    .port_info 0 /OUTPUT 1 "Y";
    .port_info 1 /INPUT 1 "A1";
    .port_info 2 /INPUT 1 "A2";
    .port_info 3 /INPUT 1 "B1";
    .port_info 4 /INPUT 1 "B2";
    .port_info 5 /INPUT 1 "C1";
L_0x560d7a934f10 .functor AND 1, L_0x560d7a924b50, L_0x560d7a97ff00, C4<1>, C4<1>;
L_0x560d7a934f80 .functor AND 1, L_0x560d7a979d00, L_0x560d7a9248f0, C4<1>, C4<1>;
L_0x560d7a935010 .functor OR 1, L_0x560d7a934f80, L_0x560d7a934f10, L_0x560d7a9346d0, C4<0>;
L_0x560d7a9351b0 .functor NOT 1, L_0x560d7a935010, C4<0>, C4<0>, C4<0>;
v0x560d7a0cdae0_0 .net "A1", 0 0, L_0x560d7a979d00;  alias, 1 drivers
v0x560d7a0d0f00_0 .net "A2", 0 0, L_0x560d7a9248f0;  alias, 1 drivers
v0x560d7a0d0fa0_0 .net "B1", 0 0, L_0x560d7a924b50;  alias, 1 drivers
v0x560d7a0d1070_0 .net "B2", 0 0, L_0x560d7a97ff00;  alias, 1 drivers
v0x560d7a0d1140_0 .net "C1", 0 0, L_0x560d7a9346d0;  alias, 1 drivers
v0x560d7a0d11e0_0 .net "Y", 0 0, L_0x560d7a9351b0;  alias, 1 drivers
v0x560d7a0d3d20_0 .net "int_fwire_0", 0 0, L_0x560d7a934f10;  1 drivers
v0x560d7a0d3dc0_0 .net "int_fwire_1", 0 0, L_0x560d7a934f80;  1 drivers
v0x560d7a0d3e60_0 .net "int_fwire_2", 0 0, L_0x560d7a935010;  1 drivers
S_0x560d7a0d3fc0 .scope module, "_0684_" "sg13g2_hv_nand3_1" 5 1655, 3 1474 1, S_0x560d7a760c50;
 .timescale -9 -11;
    .port_info 0 /OUTPUT 1 "Y";
    .port_info 1 /INPUT 1 "A";
    .port_info 2 /INPUT 1 "B";
    .port_info 3 /INPUT 1 "C";
L_0x560d7a935250 .functor AND 1, L_0x560d7a934b40, L_0x560d7a934e20, L_0x560d7a9351b0, C4<1>;
L_0x560d7a935470 .functor NOT 1, L_0x560d7a935250, C4<0>, C4<0>, C4<0>;
v0x560d7a0d4980_0 .net "A", 0 0, L_0x560d7a934b40;  alias, 1 drivers
v0x560d7a0d4a70_0 .net "B", 0 0, L_0x560d7a934e20;  alias, 1 drivers
v0x560d7a0d4b40_0 .net "C", 0 0, L_0x560d7a9351b0;  alias, 1 drivers
v0x560d7a0d4c40_0 .net "Y", 0 0, L_0x560d7a935470;  alias, 1 drivers
v0x560d7a0d4ce0_0 .net "int_fwire_0", 0 0, L_0x560d7a935250;  1 drivers
S_0x560d7a0d5620 .scope module, "_0685_" "sg13g2_hv_and2_1" 5 1661, 3 191 1, S_0x560d7a760c50;
 .timescale -9 -11;
    .port_info 0 /OUTPUT 1 "X";
    .port_info 1 /INPUT 1 "A";
    .port_info 2 /INPUT 1 "B";
L_0x560d7a9354e0 .functor AND 1, L_0x560d7a97a940, L_0x560d7a9248f0, C4<1>, C4<1>;
v0x560d7a0d5820_0 .net "A", 0 0, L_0x560d7a97a940;  alias, 1 drivers
v0x560d7a0d58e0_0 .net "B", 0 0, L_0x560d7a9248f0;  alias, 1 drivers
v0x560d7a0d5980_0 .net "X", 0 0, L_0x560d7a9354e0;  alias, 1 drivers
S_0x560d7a0d62c0 .scope module, "_0686_" "sg13g2_hv_a21oi_1" 5 1666, 3 77 1, S_0x560d7a760c50;
 .timescale -9 -11;
    .port_info 0 /OUTPUT 1 "Y";
    .port_info 1 /INPUT 1 "A1";
    .port_info 2 /INPUT 1 "A2";
    .port_info 3 /INPUT 1 "B1";
L_0x560d7a935570 .functor AND 1, L_0x560d7a974830, L_0x560d7a924520, C4<1>, C4<1>;
L_0x560d7a935600 .functor OR 1, L_0x560d7a935570, L_0x560d7a9238d0, C4<0>, C4<0>;
L_0x560d7a935690 .functor NOT 1, L_0x560d7a935600, C4<0>, C4<0>, C4<0>;
v0x560d7a0d64d0_0 .net "A1", 0 0, L_0x560d7a974830;  alias, 1 drivers
v0x560d7a0d65a0_0 .net "A2", 0 0, L_0x560d7a924520;  alias, 1 drivers
v0x560d7a0d6660_0 .net "B1", 0 0, L_0x560d7a9238d0;  alias, 1 drivers
v0x560d7a0d72d0_0 .net "Y", 0 0, L_0x560d7a935690;  alias, 1 drivers
v0x560d7a0d7370_0 .net "int_fwire_0", 0 0, L_0x560d7a935570;  1 drivers
v0x560d7a0d7460_0 .net "int_fwire_1", 0 0, L_0x560d7a935600;  1 drivers
S_0x560d7a0d75a0 .scope module, "_0687_" "sg13g2_hv_a22oi_1" 5 1672, 3 162 1, S_0x560d7a760c50;
 .timescale -9 -11;
    .port_info 0 /OUTPUT 1 "Y";
    .port_info 1 /INPUT 1 "A1";
    .port_info 2 /INPUT 1 "A2";
    .port_info 3 /INPUT 1 "B1";
    .port_info 4 /INPUT 1 "B2";
L_0x560d7a935700 .functor AND 1, L_0x560d7a925120, L_0x560d7a98cf00, C4<1>, C4<1>;
L_0x560d7a935790 .functor AND 1, L_0x560d7a986a10, L_0x560d7a924ec0, C4<1>, C4<1>;
L_0x560d7a935820 .functor OR 1, L_0x560d7a935790, L_0x560d7a935700, C4<0>, C4<0>;
L_0x560d7a935930 .functor NOT 1, L_0x560d7a935820, C4<0>, C4<0>, C4<0>;
v0x560d7a0d8340_0 .net "A1", 0 0, L_0x560d7a986a10;  alias, 1 drivers
v0x560d7a0d8430_0 .net "A2", 0 0, L_0x560d7a924ec0;  alias, 1 drivers
v0x560d7a0d84d0_0 .net "B1", 0 0, L_0x560d7a925120;  alias, 1 drivers
v0x560d7a0d85a0_0 .net "B2", 0 0, L_0x560d7a98cf00;  alias, 1 drivers
v0x560d7a0d8670_0 .net "Y", 0 0, L_0x560d7a935930;  alias, 1 drivers
v0x560d7a0d9250_0 .net "int_fwire_0", 0 0, L_0x560d7a935700;  1 drivers
v0x560d7a0d92f0_0 .net "int_fwire_1", 0 0, L_0x560d7a935790;  1 drivers
v0x560d7a0d9390_0 .net "int_fwire_2", 0 0, L_0x560d7a935820;  1 drivers
S_0x560d7a0d94f0 .scope module, "_0688_" "sg13g2_hv_and2_1" 5 1679, 3 191 1, S_0x560d7a760c50;
 .timescale -9 -11;
    .port_info 0 /OUTPUT 1 "X";
    .port_info 1 /INPUT 1 "A";
    .port_info 2 /INPUT 1 "B";
L_0x560d7a935a20 .functor AND 1, L_0x560d7a935690, L_0x560d7a935930, C4<1>, C4<1>;
v0x560d7a0da210_0 .net "A", 0 0, L_0x560d7a935690;  alias, 1 drivers
v0x560d7a0da2d0_0 .net "B", 0 0, L_0x560d7a935930;  alias, 1 drivers
v0x560d7a0da370_0 .net "X", 0 0, L_0x560d7a935a20;  alias, 1 drivers
S_0x560d7a0da480 .scope module, "_0689_" "sg13g2_hv_a22oi_1" 5 1684, 3 162 1, S_0x560d7a760c50;
 .timescale -9 -11;
    .port_info 0 /OUTPUT 1 "Y";
    .port_info 1 /INPUT 1 "A1";
    .port_info 2 /INPUT 1 "A2";
    .port_info 3 /INPUT 1 "B1";
    .port_info 4 /INPUT 1 "B2";
L_0x560d7a935bd0 .functor AND 1, L_0x560d7a924b50, L_0x560d7a980b40, C4<1>, C4<1>;
L_0x560d7a935c60 .functor AND 1, L_0x560d7a96e490, L_0x560d7a9240d0, C4<1>, C4<1>;
L_0x560d7a935cf0 .functor OR 1, L_0x560d7a935c60, L_0x560d7a935bd0, C4<0>, C4<0>;
L_0x560d7a935d60 .functor NOT 1, L_0x560d7a935cf0, C4<0>, C4<0>, C4<0>;
v0x560d7a0db280_0 .net "A1", 0 0, L_0x560d7a96e490;  alias, 1 drivers
v0x560d7a0db350_0 .net "A2", 0 0, L_0x560d7a9240d0;  alias, 1 drivers
v0x560d7a0db3f0_0 .net "B1", 0 0, L_0x560d7a924b50;  alias, 1 drivers
v0x560d7a0db4c0_0 .net "B2", 0 0, L_0x560d7a980b40;  alias, 1 drivers
v0x560d7a0db590_0 .net "Y", 0 0, L_0x560d7a935d60;  alias, 1 drivers
v0x560d7a0dc190_0 .net "int_fwire_0", 0 0, L_0x560d7a935bd0;  1 drivers
v0x560d7a0dc230_0 .net "int_fwire_1", 0 0, L_0x560d7a935c60;  1 drivers
v0x560d7a0dc2d0_0 .net "int_fwire_2", 0 0, L_0x560d7a935cf0;  1 drivers
S_0x560d7a0dc430 .scope module, "_0690_" "sg13g2_hv_a221oi_1" 5 1691, 3 133 1, S_0x560d7a760c50;
 .timescale -9 -11;
    .port_info 0 /OUTPUT 1 "Y";
    .port_info 1 /INPUT 1 "A1";
    .port_info 2 /INPUT 1 "A2";
    .port_info 3 /INPUT 1 "B1";
    .port_info 4 /INPUT 1 "B2";
    .port_info 5 /INPUT 1 "C1";
L_0x560d7a935e50 .functor AND 1, L_0x560d7a925380, L_0x560d7a993100, C4<1>, C4<1>;
L_0x560d7a935ec0 .functor AND 1, L_0x560d7a968970, L_0x560d7a923d00, C4<1>, C4<1>;
L_0x560d7a935f50 .functor OR 1, L_0x560d7a935ec0, L_0x560d7a935e50, L_0x560d7a9354e0, C4<0>;
L_0x560d7a9360f0 .functor NOT 1, L_0x560d7a935f50, C4<0>, C4<0>, C4<0>;
v0x560d7a0dc7b0_0 .net "A1", 0 0, L_0x560d7a968970;  alias, 1 drivers
v0x560d7a0dc870_0 .net "A2", 0 0, L_0x560d7a923d00;  alias, 1 drivers
v0x560d7a0dc910_0 .net "B1", 0 0, L_0x560d7a925380;  alias, 1 drivers
v0x560d7a0dc9e0_0 .net "B2", 0 0, L_0x560d7a993100;  alias, 1 drivers
v0x560d7a0dcab0_0 .net "C1", 0 0, L_0x560d7a9354e0;  alias, 1 drivers
v0x560d7a0dcc30_0 .net "Y", 0 0, L_0x560d7a9360f0;  alias, 1 drivers
v0x560d7a0dccd0_0 .net "int_fwire_0", 0 0, L_0x560d7a935e50;  1 drivers
v0x560d7a0dcd70_0 .net "int_fwire_1", 0 0, L_0x560d7a935ec0;  1 drivers
v0x560d7a0dce10_0 .net "int_fwire_2", 0 0, L_0x560d7a935f50;  1 drivers
S_0x560d7a0dcf70 .scope module, "_0691_" "sg13g2_hv_nand3_1" 5 1699, 3 1474 1, S_0x560d7a760c50;
 .timescale -9 -11;
    .port_info 0 /OUTPUT 1 "Y";
    .port_info 1 /INPUT 1 "A";
    .port_info 2 /INPUT 1 "B";
    .port_info 3 /INPUT 1 "C";
L_0x560d7a936190 .functor AND 1, L_0x560d7a935a20, L_0x560d7a935d60, L_0x560d7a9360f0, C4<1>;
L_0x560d7a9363b0 .functor NOT 1, L_0x560d7a936190, C4<0>, C4<0>, C4<0>;
v0x560d7a0dd180_0 .net "A", 0 0, L_0x560d7a935a20;  alias, 1 drivers
v0x560d7a0dd270_0 .net "B", 0 0, L_0x560d7a935d60;  alias, 1 drivers
v0x560d7a0dd340_0 .net "C", 0 0, L_0x560d7a9360f0;  alias, 1 drivers
v0x560d7a0dd440_0 .net "Y", 0 0, L_0x560d7a9363b0;  alias, 1 drivers
v0x560d7a0dd4e0_0 .net "int_fwire_0", 0 0, L_0x560d7a936190;  1 drivers
S_0x560d7a0dd6d0 .scope module, "_0692_" "sg13g2_hv_and2_1" 5 1705, 3 191 1, S_0x560d7a760c50;
 .timescale -9 -11;
    .port_info 0 /OUTPUT 1 "X";
    .port_info 1 /INPUT 1 "A";
    .port_info 2 /INPUT 1 "B";
L_0x560d7a936420 .functor AND 1, L_0x560d7a981780, L_0x560d7a924b50, C4<1>, C4<1>;
v0x560d7a0dd8d0_0 .net "A", 0 0, L_0x560d7a981780;  alias, 1 drivers
v0x560d7a0dd9c0_0 .net "B", 0 0, L_0x560d7a924b50;  alias, 1 drivers
v0x560d7a0dda60_0 .net "X", 0 0, L_0x560d7a936420;  alias, 1 drivers
S_0x560d7a0de350 .scope module, "_0693_" "sg13g2_hv_a21oi_1" 5 1710, 3 77 1, S_0x560d7a760c50;
 .timescale -9 -11;
    .port_info 0 /OUTPUT 1 "Y";
    .port_info 1 /INPUT 1 "A1";
    .port_info 2 /INPUT 1 "A2";
    .port_info 3 /INPUT 1 "B1";
L_0x560d7a9364b0 .functor AND 1, L_0x560d7a993d40, L_0x560d7a925380, C4<1>, C4<1>;
L_0x560d7a936540 .functor OR 1, L_0x560d7a9364b0, L_0x560d7a9238d0, C4<0>, C4<0>;
L_0x560d7a9365d0 .functor NOT 1, L_0x560d7a936540, C4<0>, C4<0>, C4<0>;
v0x560d7a0de5f0_0 .net "A1", 0 0, L_0x560d7a993d40;  alias, 1 drivers
v0x560d7a0de6c0_0 .net "A2", 0 0, L_0x560d7a925380;  alias, 1 drivers
v0x560d7a0de780_0 .net "B1", 0 0, L_0x560d7a9238d0;  alias, 1 drivers
v0x560d7a0deff0_0 .net "Y", 0 0, L_0x560d7a9365d0;  alias, 1 drivers
v0x560d7a0df090_0 .net "int_fwire_0", 0 0, L_0x560d7a9364b0;  1 drivers
v0x560d7a0df180_0 .net "int_fwire_1", 0 0, L_0x560d7a936540;  1 drivers
S_0x560d7a0df2c0 .scope module, "_0694_" "sg13g2_hv_a22oi_1" 5 1716, 3 162 1, S_0x560d7a760c50;
 .timescale -9 -11;
    .port_info 0 /OUTPUT 1 "Y";
    .port_info 1 /INPUT 1 "A1";
    .port_info 2 /INPUT 1 "A2";
    .port_info 3 /INPUT 1 "B1";
    .port_info 4 /INPUT 1 "B2";
L_0x560d7a936640 .functor AND 1, L_0x560d7a9248f0, L_0x560d7a97b580, C4<1>, C4<1>;
L_0x560d7a9366d0 .functor AND 1, L_0x560d7a975410, L_0x560d7a924520, C4<1>, C4<1>;
L_0x560d7a936760 .functor OR 1, L_0x560d7a9366d0, L_0x560d7a936640, C4<0>, C4<0>;
L_0x560d7a936870 .functor NOT 1, L_0x560d7a936760, C4<0>, C4<0>, C4<0>;
v0x560d7a0dfd40_0 .net "A1", 0 0, L_0x560d7a975410;  alias, 1 drivers
v0x560d7a0dfe30_0 .net "A2", 0 0, L_0x560d7a924520;  alias, 1 drivers
v0x560d7a0dfed0_0 .net "B1", 0 0, L_0x560d7a9248f0;  alias, 1 drivers
v0x560d7a0dffa0_0 .net "B2", 0 0, L_0x560d7a97b580;  alias, 1 drivers
v0x560d7a0e0070_0 .net "Y", 0 0, L_0x560d7a936870;  alias, 1 drivers
v0x560d7a0e0930_0 .net "int_fwire_0", 0 0, L_0x560d7a936640;  1 drivers
v0x560d7a0e09d0_0 .net "int_fwire_1", 0 0, L_0x560d7a9366d0;  1 drivers
v0x560d7a0e0a70_0 .net "int_fwire_2", 0 0, L_0x560d7a936760;  1 drivers
S_0x560d7a0e0bd0 .scope module, "_0695_" "sg13g2_hv_and2_1" 5 1723, 3 191 1, S_0x560d7a760c50;
 .timescale -9 -11;
    .port_info 0 /OUTPUT 1 "X";
    .port_info 1 /INPUT 1 "A";
    .port_info 2 /INPUT 1 "B";
L_0x560d7a936960 .functor AND 1, L_0x560d7a9365d0, L_0x560d7a936870, C4<1>, C4<1>;
v0x560d7a0e15d0_0 .net "A", 0 0, L_0x560d7a9365d0;  alias, 1 drivers
v0x560d7a0e1690_0 .net "B", 0 0, L_0x560d7a936870;  alias, 1 drivers
v0x560d7a0e1730_0 .net "X", 0 0, L_0x560d7a936960;  alias, 1 drivers
S_0x560d7a0e1840 .scope module, "_0696_" "sg13g2_hv_a22oi_1" 5 1728, 3 162 1, S_0x560d7a760c50;
 .timescale -9 -11;
    .port_info 0 /OUTPUT 1 "Y";
    .port_info 1 /INPUT 1 "A1";
    .port_info 2 /INPUT 1 "A2";
    .port_info 3 /INPUT 1 "B1";
    .port_info 4 /INPUT 1 "B2";
L_0x560d7a936b10 .functor AND 1, L_0x560d7a924ec0, L_0x560d7a987750, C4<1>, C4<1>;
L_0x560d7a936ba0 .functor AND 1, L_0x560d7a969470, L_0x560d7a923d00, C4<1>, C4<1>;
L_0x560d7a936c30 .functor OR 1, L_0x560d7a936ba0, L_0x560d7a936b10, C4<0>, C4<0>;
L_0x560d7a936ca0 .functor NOT 1, L_0x560d7a936c30, C4<0>, C4<0>, C4<0>;
v0x560d7a0e3b70_0 .net "A1", 0 0, L_0x560d7a969470;  alias, 1 drivers
v0x560d7a0e3c40_0 .net "A2", 0 0, L_0x560d7a923d00;  alias, 1 drivers
v0x560d7a0e3ce0_0 .net "B1", 0 0, L_0x560d7a924ec0;  alias, 1 drivers
v0x560d7a0e3db0_0 .net "B2", 0 0, L_0x560d7a987750;  alias, 1 drivers
v0x560d7a0e3e80_0 .net "Y", 0 0, L_0x560d7a936ca0;  alias, 1 drivers
v0x560d7a0e4e30_0 .net "int_fwire_0", 0 0, L_0x560d7a936b10;  1 drivers
v0x560d7a0e4ed0_0 .net "int_fwire_1", 0 0, L_0x560d7a936ba0;  1 drivers
v0x560d7a0e4f70_0 .net "int_fwire_2", 0 0, L_0x560d7a936c30;  1 drivers
S_0x560d7a0e50d0 .scope module, "_0697_" "sg13g2_hv_a221oi_1" 5 1735, 3 133 1, S_0x560d7a760c50;
 .timescale -9 -11;
    .port_info 0 /OUTPUT 1 "Y";
    .port_info 1 /INPUT 1 "A1";
    .port_info 2 /INPUT 1 "A2";
    .port_info 3 /INPUT 1 "B1";
    .port_info 4 /INPUT 1 "B2";
    .port_info 5 /INPUT 1 "C1";
L_0x560d7a936d90 .functor AND 1, L_0x560d7a925120, L_0x560d7a98db40, C4<1>, C4<1>;
L_0x560d7a936e00 .functor AND 1, L_0x560d7a96f0a0, L_0x560d7a9240d0, C4<1>, C4<1>;
L_0x560d7a936e90 .functor OR 1, L_0x560d7a936e00, L_0x560d7a936d90, L_0x560d7a936420, C4<0>;
L_0x560d7a937060 .functor NOT 1, L_0x560d7a936e90, C4<0>, C4<0>, C4<0>;
v0x560d7a0e6230_0 .net "A1", 0 0, L_0x560d7a96f0a0;  alias, 1 drivers
v0x560d7a0e62f0_0 .net "A2", 0 0, L_0x560d7a9240d0;  alias, 1 drivers
v0x560d7a0e6390_0 .net "B1", 0 0, L_0x560d7a925120;  alias, 1 drivers
v0x560d7a0e6460_0 .net "B2", 0 0, L_0x560d7a98db40;  alias, 1 drivers
v0x560d7a0e6530_0 .net "C1", 0 0, L_0x560d7a936420;  alias, 1 drivers
v0x560d7a0e7ea0_0 .net "Y", 0 0, L_0x560d7a937060;  alias, 1 drivers
v0x560d7a0e7f40_0 .net "int_fwire_0", 0 0, L_0x560d7a936d90;  1 drivers
v0x560d7a0e7fe0_0 .net "int_fwire_1", 0 0, L_0x560d7a936e00;  1 drivers
v0x560d7a0e8080_0 .net "int_fwire_2", 0 0, L_0x560d7a936e90;  1 drivers
S_0x560d7a0e91c0 .scope module, "_0698_" "sg13g2_hv_nand3_1" 5 1743, 3 1474 1, S_0x560d7a760c50;
 .timescale -9 -11;
    .port_info 0 /OUTPUT 1 "Y";
    .port_info 1 /INPUT 1 "A";
    .port_info 2 /INPUT 1 "B";
    .port_info 3 /INPUT 1 "C";
L_0x560d7a937100 .functor AND 1, L_0x560d7a936960, L_0x560d7a936ca0, L_0x560d7a937060, C4<1>;
L_0x560d7a937320 .functor NOT 1, L_0x560d7a937100, C4<0>, C4<0>, C4<0>;
v0x560d7a0e9410_0 .net "A", 0 0, L_0x560d7a936960;  alias, 1 drivers
v0x560d7a0e9500_0 .net "B", 0 0, L_0x560d7a936ca0;  alias, 1 drivers
v0x560d7a0e95d0_0 .net "C", 0 0, L_0x560d7a937060;  alias, 1 drivers
v0x560d7a0e8270_0 .net "Y", 0 0, L_0x560d7a937320;  alias, 1 drivers
v0x560d7a0ea5a0_0 .net "int_fwire_0", 0 0, L_0x560d7a937100;  1 drivers
S_0x560d7a0ea6e0 .scope module, "_0699_" "sg13g2_hv_and2_1" 5 1749, 3 191 1, S_0x560d7a760c50;
 .timescale -9 -11;
    .port_info 0 /OUTPUT 1 "X";
    .port_info 1 /INPUT 1 "A";
    .port_info 2 /INPUT 1 "B";
L_0x560d7a937390 .functor AND 1, L_0x560d7a97c1c0, L_0x560d7a9248f0, C4<1>, C4<1>;
v0x560d7a0ea8e0_0 .net "A", 0 0, L_0x560d7a97c1c0;  alias, 1 drivers
v0x560d7a0ea9a0_0 .net "B", 0 0, L_0x560d7a9248f0;  alias, 1 drivers
v0x560d7a0ebd10_0 .net "X", 0 0, L_0x560d7a937390;  alias, 1 drivers
S_0x560d7a0ebe10 .scope module, "_0700_" "sg13g2_hv_a21oi_1" 5 1754, 3 77 1, S_0x560d7a760c50;
 .timescale -9 -11;
    .port_info 0 /OUTPUT 1 "Y";
    .port_info 1 /INPUT 1 "A1";
    .port_info 2 /INPUT 1 "A2";
    .port_info 3 /INPUT 1 "B1";
L_0x560d7a937420 .functor AND 1, L_0x560d7a988490, L_0x560d7a924ec0, C4<1>, C4<1>;
L_0x560d7a9374b0 .functor OR 1, L_0x560d7a937420, L_0x560d7a9238d0, C4<0>, C4<0>;
L_0x560d7a937540 .functor NOT 1, L_0x560d7a9374b0, C4<0>, C4<0>, C4<0>;
v0x560d7a0ec0b0_0 .net "A1", 0 0, L_0x560d7a988490;  alias, 1 drivers
v0x560d7a0ed480_0 .net "A2", 0 0, L_0x560d7a924ec0;  alias, 1 drivers
v0x560d7a0ed520_0 .net "B1", 0 0, L_0x560d7a9238d0;  alias, 1 drivers
v0x560d7a0ed5f0_0 .net "Y", 0 0, L_0x560d7a937540;  alias, 1 drivers
v0x560d7a0ed690_0 .net "int_fwire_0", 0 0, L_0x560d7a937420;  1 drivers
v0x560d7a0ed780_0 .net "int_fwire_1", 0 0, L_0x560d7a9374b0;  1 drivers
S_0x560d7a0eeb70 .scope module, "_0701_" "sg13g2_hv_a22oi_1" 5 1760, 3 162 1, S_0x560d7a760c50;
 .timescale -9 -11;
    .port_info 0 /OUTPUT 1 "Y";
    .port_info 1 /INPUT 1 "A1";
    .port_info 2 /INPUT 1 "A2";
    .port_info 3 /INPUT 1 "B1";
    .port_info 4 /INPUT 1 "B2";
L_0x560d7a9375b0 .functor AND 1, L_0x560d7a925380, L_0x560d7a994980, C4<1>, C4<1>;
L_0x560d7a937640 .functor AND 1, L_0x560d7a98e780, L_0x560d7a925120, C4<1>, C4<1>;
L_0x560d7a9376d0 .functor OR 1, L_0x560d7a937640, L_0x560d7a9375b0, C4<0>, C4<0>;
L_0x560d7a937810 .functor NOT 1, L_0x560d7a9376d0, C4<0>, C4<0>, C4<0>;
v0x560d7a0eee00_0 .net "A1", 0 0, L_0x560d7a98e780;  alias, 1 drivers
v0x560d7a0eeef0_0 .net "A2", 0 0, L_0x560d7a925120;  alias, 1 drivers
v0x560d7a0f0620_0 .net "B1", 0 0, L_0x560d7a925380;  alias, 1 drivers
v0x560d7a0f06c0_0 .net "B2", 0 0, L_0x560d7a994980;  alias, 1 drivers
v0x560d7a0f0790_0 .net "Y", 0 0, L_0x560d7a937810;  alias, 1 drivers
v0x560d7a0f0880_0 .net "int_fwire_0", 0 0, L_0x560d7a9375b0;  1 drivers
v0x560d7a0f0920_0 .net "int_fwire_1", 0 0, L_0x560d7a937640;  1 drivers
v0x560d7a0f09c0_0 .net "int_fwire_2", 0 0, L_0x560d7a9376d0;  1 drivers
S_0x560d7a0f2080 .scope module, "_0702_" "sg13g2_hv_and2_1" 5 1767, 3 191 1, S_0x560d7a760c50;
 .timescale -9 -11;
    .port_info 0 /OUTPUT 1 "X";
    .port_info 1 /INPUT 1 "A";
    .port_info 2 /INPUT 1 "B";
L_0x560d7a937900 .functor AND 1, L_0x560d7a937540, L_0x560d7a937810, C4<1>, C4<1>;
v0x560d7a0f2260_0 .net "A", 0 0, L_0x560d7a937540;  alias, 1 drivers
v0x560d7a0f2320_0 .net "B", 0 0, L_0x560d7a937810;  alias, 1 drivers
v0x560d7a0f23f0_0 .net "X", 0 0, L_0x560d7a937900;  alias, 1 drivers
S_0x560d7a0f3470 .scope module, "_0703_" "sg13g2_hv_a22oi_1" 5 1772, 3 162 1, S_0x560d7a760c50;
 .timescale -9 -11;
    .port_info 0 /OUTPUT 1 "Y";
    .port_info 1 /INPUT 1 "A1";
    .port_info 2 /INPUT 1 "A2";
    .port_info 3 /INPUT 1 "B1";
    .port_info 4 /INPUT 1 "B2";
L_0x560d7a937ab0 .functor AND 1, L_0x560d7a924520, L_0x560d7a976050, C4<1>, C4<1>;
L_0x560d7a937b40 .functor AND 1, L_0x560d7a969f40, L_0x560d7a923d00, C4<1>, C4<1>;
L_0x560d7a937bd0 .functor OR 1, L_0x560d7a937b40, L_0x560d7a937ab0, C4<0>, C4<0>;
L_0x560d7a937c40 .functor NOT 1, L_0x560d7a937bd0, C4<0>, C4<0>, C4<0>;
v0x560d7a0f36e0_0 .net "A1", 0 0, L_0x560d7a969f40;  alias, 1 drivers
v0x560d7a0f37b0_0 .net "A2", 0 0, L_0x560d7a923d00;  alias, 1 drivers
v0x560d7a0f3850_0 .net "B1", 0 0, L_0x560d7a924520;  alias, 1 drivers
v0x560d7a0f4850_0 .net "B2", 0 0, L_0x560d7a976050;  alias, 1 drivers
v0x560d7a0f4920_0 .net "Y", 0 0, L_0x560d7a937c40;  alias, 1 drivers
v0x560d7a0f4a10_0 .net "int_fwire_0", 0 0, L_0x560d7a937ab0;  1 drivers
v0x560d7a0f4ab0_0 .net "int_fwire_1", 0 0, L_0x560d7a937b40;  1 drivers
v0x560d7a0f4b50_0 .net "int_fwire_2", 0 0, L_0x560d7a937bd0;  1 drivers
S_0x560d7a0f5fc0 .scope module, "_0704_" "sg13g2_hv_a221oi_1" 5 1779, 3 133 1, S_0x560d7a760c50;
 .timescale -9 -11;
    .port_info 0 /OUTPUT 1 "Y";
    .port_info 1 /INPUT 1 "A1";
    .port_info 2 /INPUT 1 "A2";
    .port_info 3 /INPUT 1 "B1";
    .port_info 4 /INPUT 1 "B2";
    .port_info 5 /INPUT 1 "C1";
L_0x560d7a937d30 .functor AND 1, L_0x560d7a924b50, L_0x560d7a9823c0, C4<1>, C4<1>;
L_0x560d7a937da0 .functor AND 1, L_0x560d7a96fc80, L_0x560d7a9240d0, C4<1>, C4<1>;
L_0x560d7a937e30 .functor OR 1, L_0x560d7a937da0, L_0x560d7a937d30, L_0x560d7a937390, C4<0>;
L_0x560d7a938000 .functor NOT 1, L_0x560d7a937e30, C4<0>, C4<0>, C4<0>;
v0x560d7a0f6270_0 .net "A1", 0 0, L_0x560d7a96fc80;  alias, 1 drivers
v0x560d7a0f6330_0 .net "A2", 0 0, L_0x560d7a9240d0;  alias, 1 drivers
v0x560d7a0f63d0_0 .net "B1", 0 0, L_0x560d7a924b50;  alias, 1 drivers
v0x560d7a0f7730_0 .net "B2", 0 0, L_0x560d7a9823c0;  alias, 1 drivers
v0x560d7a0f77d0_0 .net "C1", 0 0, L_0x560d7a937390;  alias, 1 drivers
v0x560d7a0f78c0_0 .net "Y", 0 0, L_0x560d7a938000;  alias, 1 drivers
v0x560d7a0f7960_0 .net "int_fwire_0", 0 0, L_0x560d7a937d30;  1 drivers
v0x560d7a0f7a00_0 .net "int_fwire_1", 0 0, L_0x560d7a937da0;  1 drivers
v0x560d7a0f7aa0_0 .net "int_fwire_2", 0 0, L_0x560d7a937e30;  1 drivers
S_0x560d7a0f8e20 .scope module, "_0705_" "sg13g2_hv_nand3_1" 5 1787, 3 1474 1, S_0x560d7a760c50;
 .timescale -9 -11;
    .port_info 0 /OUTPUT 1 "Y";
    .port_info 1 /INPUT 1 "A";
    .port_info 2 /INPUT 1 "B";
    .port_info 3 /INPUT 1 "C";
L_0x560d7a9380a0 .functor AND 1, L_0x560d7a937900, L_0x560d7a937c40, L_0x560d7a938000, C4<1>;
L_0x560d7a9382c0 .functor NOT 1, L_0x560d7a9380a0, C4<0>, C4<0>, C4<0>;
v0x560d7a0f8fe0_0 .net "A", 0 0, L_0x560d7a937900;  alias, 1 drivers
v0x560d7a0f90b0_0 .net "B", 0 0, L_0x560d7a937c40;  alias, 1 drivers
v0x560d7a0f9180_0 .net "C", 0 0, L_0x560d7a938000;  alias, 1 drivers
v0x560d7a0fa540_0 .net "Y", 0 0, L_0x560d7a9382c0;  alias, 1 drivers
v0x560d7a0fa5e0_0 .net "int_fwire_0", 0 0, L_0x560d7a9380a0;  1 drivers
S_0x560d7a0fa710 .scope module, "_0706_" "sg13g2_hv_and2_1" 5 1793, 3 191 1, S_0x560d7a760c50;
 .timescale -9 -11;
    .port_info 0 /OUTPUT 1 "X";
    .port_info 1 /INPUT 1 "A";
    .port_info 2 /INPUT 1 "B";
L_0x560d7a938330 .functor AND 1, L_0x560d7a98f3c0, L_0x560d7a925120, C4<1>, C4<1>;
v0x560d7a0fa910_0 .net "A", 0 0, L_0x560d7a98f3c0;  alias, 1 drivers
v0x560d7a0fbfa0_0 .net "B", 0 0, L_0x560d7a925120;  alias, 1 drivers
v0x560d7a0fc170_0 .net "X", 0 0, L_0x560d7a938330;  alias, 1 drivers
S_0x560d7a0fc270 .scope module, "_0707_" "sg13g2_hv_a21oi_1" 5 1798, 3 77 1, S_0x560d7a760c50;
 .timescale -9 -11;
    .port_info 0 /OUTPUT 1 "Y";
    .port_info 1 /INPUT 1 "A1";
    .port_info 2 /INPUT 1 "A2";
    .port_info 3 /INPUT 1 "B1";
L_0x560d7a9383c0 .functor AND 1, L_0x560d7a9891d0, L_0x560d7a924ec0, C4<1>, C4<1>;
L_0x560d7a938450 .functor OR 1, L_0x560d7a9383c0, L_0x560d7a9238d0, C4<0>, C4<0>;
L_0x560d7a9384e0 .functor NOT 1, L_0x560d7a938450, C4<0>, C4<0>, C4<0>;
v0x560d7a0fd9e0_0 .net "A1", 0 0, L_0x560d7a9891d0;  alias, 1 drivers
v0x560d7a0fdab0_0 .net "A2", 0 0, L_0x560d7a924ec0;  alias, 1 drivers
v0x560d7a0fdc60_0 .net "B1", 0 0, L_0x560d7a9238d0;  alias, 1 drivers
v0x560d7a0fdd30_0 .net "Y", 0 0, L_0x560d7a9384e0;  alias, 1 drivers
v0x560d7a0fddd0_0 .net "int_fwire_0", 0 0, L_0x560d7a9383c0;  1 drivers
v0x560d7a0ff490_0 .net "int_fwire_1", 0 0, L_0x560d7a938450;  1 drivers
S_0x560d7a0ff5b0 .scope module, "_0708_" "sg13g2_hv_a22oi_1" 5 1804, 3 162 1, S_0x560d7a760c50;
 .timescale -9 -11;
    .port_info 0 /OUTPUT 1 "Y";
    .port_info 1 /INPUT 1 "A1";
    .port_info 2 /INPUT 1 "A2";
    .port_info 3 /INPUT 1 "B1";
    .port_info 4 /INPUT 1 "B2";
L_0x560d7a938550 .functor AND 1, L_0x560d7a924520, L_0x560d7a976c90, C4<1>, C4<1>;
L_0x560d7a9385e0 .functor AND 1, L_0x560d7a970ca0, L_0x560d7a9240d0, C4<1>, C4<1>;
L_0x560d7a938670 .functor OR 1, L_0x560d7a9385e0, L_0x560d7a938550, C4<0>, C4<0>;
L_0x560d7a9387b0 .functor NOT 1, L_0x560d7a938670, C4<0>, C4<0>, C4<0>;
v0x560d7a0ff870_0 .net "A1", 0 0, L_0x560d7a970ca0;  alias, 1 drivers
v0x560d7a100470_0 .net "A2", 0 0, L_0x560d7a9240d0;  alias, 1 drivers
v0x560d7a100620_0 .net "B1", 0 0, L_0x560d7a924520;  alias, 1 drivers
v0x560d7a100800_0 .net "B2", 0 0, L_0x560d7a976c90;  alias, 1 drivers
v0x560d7a101430_0 .net "Y", 0 0, L_0x560d7a9387b0;  alias, 1 drivers
v0x560d7a101520_0 .net "int_fwire_0", 0 0, L_0x560d7a938550;  1 drivers
v0x560d7a1015c0_0 .net "int_fwire_1", 0 0, L_0x560d7a9385e0;  1 drivers
v0x560d7a101660_0 .net "int_fwire_2", 0 0, L_0x560d7a938670;  1 drivers
S_0x560d7a102720 .scope module, "_0709_" "sg13g2_hv_and2_1" 5 1811, 3 191 1, S_0x560d7a760c50;
 .timescale -9 -11;
    .port_info 0 /OUTPUT 1 "X";
    .port_info 1 /INPUT 1 "A";
    .port_info 2 /INPUT 1 "B";
L_0x560d7a9388a0 .functor AND 1, L_0x560d7a9384e0, L_0x560d7a9387b0, C4<1>, C4<1>;
v0x560d7a102920_0 .net "A", 0 0, L_0x560d7a9384e0;  alias, 1 drivers
v0x560d7a1029e0_0 .net "B", 0 0, L_0x560d7a9387b0;  alias, 1 drivers
v0x560d7a102ab0_0 .net "X", 0 0, L_0x560d7a9388a0;  alias, 1 drivers
S_0x560d7a103a20 .scope module, "_0710_" "sg13g2_hv_a22oi_1" 5 1816, 3 162 1, S_0x560d7a760c50;
 .timescale -9 -11;
    .port_info 0 /OUTPUT 1 "Y";
    .port_info 1 /INPUT 1 "A1";
    .port_info 2 /INPUT 1 "A2";
    .port_info 3 /INPUT 1 "B1";
    .port_info 4 /INPUT 1 "B2";
L_0x560d7a938a50 .functor AND 1, L_0x560d7a925380, L_0x560d7a9955c0, C4<1>, C4<1>;
L_0x560d7a938ae0 .functor AND 1, L_0x560d7a96aa40, L_0x560d7a923d00, C4<1>, C4<1>;
L_0x560d7a938b70 .functor OR 1, L_0x560d7a938ae0, L_0x560d7a938a50, C4<0>, C4<0>;
L_0x560d7a938be0 .functor NOT 1, L_0x560d7a938b70, C4<0>, C4<0>, C4<0>;
v0x560d7a103cb0_0 .net "A1", 0 0, L_0x560d7a96aa40;  alias, 1 drivers
v0x560d7a103d80_0 .net "A2", 0 0, L_0x560d7a923d00;  alias, 1 drivers
v0x560d7a103e20_0 .net "B1", 0 0, L_0x560d7a925380;  alias, 1 drivers
v0x560d7a105170_0 .net "B2", 0 0, L_0x560d7a9955c0;  alias, 1 drivers
v0x560d7a105210_0 .net "Y", 0 0, L_0x560d7a938be0;  alias, 1 drivers
v0x560d7a105300_0 .net "int_fwire_0", 0 0, L_0x560d7a938a50;  1 drivers
v0x560d7a1053a0_0 .net "int_fwire_1", 0 0, L_0x560d7a938ae0;  1 drivers
v0x560d7a105440_0 .net "int_fwire_2", 0 0, L_0x560d7a938b70;  1 drivers
S_0x560d7a106680 .scope module, "_0711_" "sg13g2_hv_a221oi_1" 5 1823, 3 133 1, S_0x560d7a760c50;
 .timescale -9 -11;
    .port_info 0 /OUTPUT 1 "Y";
    .port_info 1 /INPUT 1 "A1";
    .port_info 2 /INPUT 1 "A2";
    .port_info 3 /INPUT 1 "B1";
    .port_info 4 /INPUT 1 "B2";
    .port_info 5 /INPUT 1 "C1";
L_0x560d7a938cd0 .functor AND 1, L_0x560d7a924b50, L_0x560d7a983000, C4<1>, C4<1>;
L_0x560d7a938d40 .functor AND 1, L_0x560d7a97ce00, L_0x560d7a9248f0, C4<1>, C4<1>;
L_0x560d7a938dd0 .functor OR 1, L_0x560d7a938d40, L_0x560d7a938cd0, L_0x560d7a938330, C4<0>;
L_0x560d7a938fa0 .functor NOT 1, L_0x560d7a938dd0, C4<0>, C4<0>, C4<0>;
v0x560d7a106930_0 .net "A1", 0 0, L_0x560d7a97ce00;  alias, 1 drivers
v0x560d7a1069f0_0 .net "A2", 0 0, L_0x560d7a9248f0;  alias, 1 drivers
v0x560d7a10bb00_0 .net "B1", 0 0, L_0x560d7a924b50;  alias, 1 drivers
v0x560d7a106a90_0 .net "B2", 0 0, L_0x560d7a983000;  alias, 1 drivers
v0x560d7a10bcb0_0 .net "C1", 0 0, L_0x560d7a938330;  alias, 1 drivers
v0x560d7a10bd50_0 .net "Y", 0 0, L_0x560d7a938fa0;  alias, 1 drivers
v0x560d7a10bdf0_0 .net "int_fwire_0", 0 0, L_0x560d7a938cd0;  1 drivers
v0x560d7a1103a0_0 .net "int_fwire_1", 0 0, L_0x560d7a938d40;  1 drivers
v0x560d7a110440_0 .net "int_fwire_2", 0 0, L_0x560d7a938dd0;  1 drivers
S_0x560d7a110580 .scope module, "_0712_" "sg13g2_hv_nand3_1" 5 1831, 3 1474 1, S_0x560d7a760c50;
 .timescale -9 -11;
    .port_info 0 /OUTPUT 1 "Y";
    .port_info 1 /INPUT 1 "A";
    .port_info 2 /INPUT 1 "B";
    .port_info 3 /INPUT 1 "C";
L_0x560d7a939040 .functor AND 1, L_0x560d7a9388a0, L_0x560d7a938be0, L_0x560d7a938fa0, C4<1>;
L_0x560d7a939260 .functor NOT 1, L_0x560d7a939040, C4<0>, C4<0>, C4<0>;
v0x560d7a110710_0 .net "A", 0 0, L_0x560d7a9388a0;  alias, 1 drivers
v0x560d7a114d50_0 .net "B", 0 0, L_0x560d7a938be0;  alias, 1 drivers
v0x560d7a114e20_0 .net "C", 0 0, L_0x560d7a938fa0;  alias, 1 drivers
v0x560d7a114f20_0 .net "Y", 0 0, L_0x560d7a939260;  alias, 1 drivers
v0x560d7a114fc0_0 .net "int_fwire_0", 0 0, L_0x560d7a939040;  1 drivers
S_0x560d7a118f20 .scope module, "_0713_" "sg13g2_hv_and2_1" 5 1837, 3 191 1, S_0x560d7a760c50;
 .timescale -9 -11;
    .port_info 0 /OUTPUT 1 "X";
    .port_info 1 /INPUT 1 "A";
    .port_info 2 /INPUT 1 "B";
L_0x560d7a9392d0 .functor AND 1, L_0x560d7a977870, L_0x560d7a924520, C4<1>, C4<1>;
v0x560d7a119120_0 .net "A", 0 0, L_0x560d7a977870;  alias, 1 drivers
v0x560d7a1191e0_0 .net "B", 0 0, L_0x560d7a924520;  alias, 1 drivers
v0x560d7a119280_0 .net "X", 0 0, L_0x560d7a9392d0;  alias, 1 drivers
S_0x560d7a11ffc0 .scope module, "_0714_" "sg13g2_hv_a21oi_1" 5 1842, 3 77 1, S_0x560d7a760c50;
 .timescale -9 -11;
    .port_info 0 /OUTPUT 1 "Y";
    .port_info 1 /INPUT 1 "A1";
    .port_info 2 /INPUT 1 "A2";
    .port_info 3 /INPUT 1 "B1";
L_0x560d7a939360 .functor AND 1, L_0x560d7a996200, L_0x560d7a925380, C4<1>, C4<1>;
L_0x560d7a9393f0 .functor OR 1, L_0x560d7a939360, L_0x560d7a9238d0, C4<0>, C4<0>;
L_0x560d7a939480 .functor NOT 1, L_0x560d7a9393f0, C4<0>, C4<0>, C4<0>;
v0x560d7a1201d0_0 .net "A1", 0 0, L_0x560d7a996200;  alias, 1 drivers
v0x560d7a1202a0_0 .net "A2", 0 0, L_0x560d7a925380;  alias, 1 drivers
v0x560d7a120340_0 .net "B1", 0 0, L_0x560d7a9238d0;  alias, 1 drivers
v0x560d7a1150f0_0 .net "Y", 0 0, L_0x560d7a939480;  alias, 1 drivers
v0x560d7a11d090_0 .net "int_fwire_0", 0 0, L_0x560d7a939360;  1 drivers
v0x560d7a11d180_0 .net "int_fwire_1", 0 0, L_0x560d7a9393f0;  1 drivers
S_0x560d7a11d2c0 .scope module, "_0715_" "sg13g2_hv_a22oi_1" 5 1848, 3 162 1, S_0x560d7a760c50;
 .timescale -9 -11;
    .port_info 0 /OUTPUT 1 "Y";
    .port_info 1 /INPUT 1 "A1";
    .port_info 2 /INPUT 1 "A2";
    .port_info 3 /INPUT 1 "B1";
    .port_info 4 /INPUT 1 "B2";
L_0x560d7a9394f0 .functor AND 1, L_0x560d7a925120, L_0x560d7a990000, C4<1>, C4<1>;
L_0x560d7a939580 .functor AND 1, L_0x560d7a989f10, L_0x560d7a924ec0, C4<1>, C4<1>;
L_0x560d7a939610 .functor OR 1, L_0x560d7a939580, L_0x560d7a9394f0, C4<0>, C4<0>;
L_0x560d7a939750 .functor NOT 1, L_0x560d7a939610, C4<0>, C4<0>, C4<0>;
v0x560d7a123b80_0 .net "A1", 0 0, L_0x560d7a989f10;  alias, 1 drivers
v0x560d7a123c70_0 .net "A2", 0 0, L_0x560d7a924ec0;  alias, 1 drivers
v0x560d7a123d10_0 .net "B1", 0 0, L_0x560d7a925120;  alias, 1 drivers
v0x560d7a123de0_0 .net "B2", 0 0, L_0x560d7a990000;  alias, 1 drivers
v0x560d7a123eb0_0 .net "Y", 0 0, L_0x560d7a939750;  alias, 1 drivers
v0x560d7a123fa0_0 .net "int_fwire_0", 0 0, L_0x560d7a9394f0;  1 drivers
v0x560d7a123180_0 .net "int_fwire_1", 0 0, L_0x560d7a939580;  1 drivers
v0x560d7a123240_0 .net "int_fwire_2", 0 0, L_0x560d7a939610;  1 drivers
S_0x560d7a1233a0 .scope module, "_0716_" "sg13g2_hv_and2_1" 5 1855, 3 191 1, S_0x560d7a760c50;
 .timescale -9 -11;
    .port_info 0 /OUTPUT 1 "X";
    .port_info 1 /INPUT 1 "A";
    .port_info 2 /INPUT 1 "B";
L_0x560d7a939840 .functor AND 1, L_0x560d7a939480, L_0x560d7a939750, C4<1>, C4<1>;
v0x560d7a1235a0_0 .net "A", 0 0, L_0x560d7a939480;  alias, 1 drivers
v0x560d7a120dd0_0 .net "B", 0 0, L_0x560d7a939750;  alias, 1 drivers
v0x560d7a120e70_0 .net "X", 0 0, L_0x560d7a939840;  alias, 1 drivers
S_0x560d7a120f60 .scope module, "_0717_" "sg13g2_hv_a22oi_1" 5 1860, 3 162 1, S_0x560d7a760c50;
 .timescale -9 -11;
    .port_info 0 /OUTPUT 1 "Y";
    .port_info 1 /INPUT 1 "A1";
    .port_info 2 /INPUT 1 "A2";
    .port_info 3 /INPUT 1 "B1";
    .port_info 4 /INPUT 1 "B2";
L_0x560d7a9399f0 .functor AND 1, L_0x560d7a9240d0, L_0x560d7a971880, C4<1>, C4<1>;
L_0x560d7a939a80 .functor AND 1, L_0x560d7a96b510, L_0x560d7a923d00, C4<1>, C4<1>;
L_0x560d7a939b10 .functor OR 1, L_0x560d7a939a80, L_0x560d7a9399f0, C4<0>, C4<0>;
L_0x560d7a939b80 .functor NOT 1, L_0x560d7a939b10, C4<0>, C4<0>, C4<0>;
v0x560d7a1221a0_0 .net "A1", 0 0, L_0x560d7a96b510;  alias, 1 drivers
v0x560d7a122270_0 .net "A2", 0 0, L_0x560d7a923d00;  alias, 1 drivers
v0x560d7a122310_0 .net "B1", 0 0, L_0x560d7a9240d0;  alias, 1 drivers
v0x560d7a1223e0_0 .net "B2", 0 0, L_0x560d7a971880;  alias, 1 drivers
v0x560d7a1224b0_0 .net "Y", 0 0, L_0x560d7a939b80;  alias, 1 drivers
v0x560d7a1225a0_0 .net "int_fwire_0", 0 0, L_0x560d7a9399f0;  1 drivers
v0x560d7a1245c0_0 .net "int_fwire_1", 0 0, L_0x560d7a939a80;  1 drivers
v0x560d7a124680_0 .net "int_fwire_2", 0 0, L_0x560d7a939b10;  1 drivers
S_0x560d7a1247e0 .scope module, "_0718_" "sg13g2_hv_a221oi_1" 5 1867, 3 133 1, S_0x560d7a760c50;
 .timescale -9 -11;
    .port_info 0 /OUTPUT 1 "Y";
    .port_info 1 /INPUT 1 "A1";
    .port_info 2 /INPUT 1 "A2";
    .port_info 3 /INPUT 1 "B1";
    .port_info 4 /INPUT 1 "B2";
    .port_info 5 /INPUT 1 "C1";
L_0x560d7a939c70 .functor AND 1, L_0x560d7a924b50, L_0x560d7a983c40, C4<1>, C4<1>;
L_0x560d7a939ce0 .functor AND 1, L_0x560d7a97da40, L_0x560d7a9248f0, C4<1>, C4<1>;
L_0x560d7a939d70 .functor OR 1, L_0x560d7a939ce0, L_0x560d7a939c70, L_0x560d7a9392d0, C4<0>;
L_0x560d7a939f40 .functor NOT 1, L_0x560d7a939d70, C4<0>, C4<0>, C4<0>;
v0x560d7a24aa00_0 .net "A1", 0 0, L_0x560d7a97da40;  alias, 1 drivers
v0x560d7a24aac0_0 .net "A2", 0 0, L_0x560d7a9248f0;  alias, 1 drivers
v0x560d7a24ab60_0 .net "B1", 0 0, L_0x560d7a924b50;  alias, 1 drivers
v0x560d7a24ac00_0 .net "B2", 0 0, L_0x560d7a983c40;  alias, 1 drivers
v0x560d7a24aca0_0 .net "C1", 0 0, L_0x560d7a9392d0;  alias, 1 drivers
v0x560d7a24ad90_0 .net "Y", 0 0, L_0x560d7a939f40;  alias, 1 drivers
v0x560d7a24ae30_0 .net "int_fwire_0", 0 0, L_0x560d7a939c70;  1 drivers
v0x560d7a0a4ae0_0 .net "int_fwire_1", 0 0, L_0x560d7a939ce0;  1 drivers
v0x560d7a0a4b80_0 .net "int_fwire_2", 0 0, L_0x560d7a939d70;  1 drivers
S_0x560d7a0a4ce0 .scope module, "_0719_" "sg13g2_hv_nand3_1" 5 1875, 3 1474 1, S_0x560d7a760c50;
 .timescale -9 -11;
    .port_info 0 /OUTPUT 1 "Y";
    .port_info 1 /INPUT 1 "A";
    .port_info 2 /INPUT 1 "B";
    .port_info 3 /INPUT 1 "C";
L_0x560d7a939fe0 .functor AND 1, L_0x560d7a939840, L_0x560d7a939b80, L_0x560d7a939f40, C4<1>;
L_0x560d7a93a200 .functor NOT 1, L_0x560d7a939fe0, C4<0>, C4<0>, C4<0>;
v0x560d7a0a4ea0_0 .net "A", 0 0, L_0x560d7a939840;  alias, 1 drivers
v0x560d7a085fe0_0 .net "B", 0 0, L_0x560d7a939b80;  alias, 1 drivers
v0x560d7a0860b0_0 .net "C", 0 0, L_0x560d7a939f40;  alias, 1 drivers
v0x560d7a0861b0_0 .net "Y", 0 0, L_0x560d7a93a200;  alias, 1 drivers
v0x560d7a086250_0 .net "int_fwire_0", 0 0, L_0x560d7a939fe0;  1 drivers
S_0x560d7a086360 .scope module, "_0720_" "sg13g2_hv_a21o_1" 5 1881, 3 24 1, S_0x560d7a760c50;
 .timescale -9 -11;
    .port_info 0 /OUTPUT 1 "X";
    .port_info 1 /INPUT 1 "A1";
    .port_info 2 /INPUT 1 "A2";
    .port_info 3 /INPUT 1 "B1";
L_0x560d7a93a270 .functor AND 1, L_0x560d7a9b3130, L_0x560d7a922920, C4<1>, C4<1>;
L_0x560d7a93a2e0 .functor OR 1, L_0x560d7a93a270, L_0x560d7a9b2360, C4<0>, C4<0>;
v0x560d7a086540_0 .net "A1", 0 0, L_0x560d7a9b3130;  alias, 1 drivers
v0x560d7a7c32b0_0 .net "A2", 0 0, L_0x560d7a922920;  alias, 1 drivers
v0x560d7a7c3350_0 .net "B1", 0 0, L_0x560d7a9b2360;  alias, 1 drivers
v0x560d7a7c33f0_0 .net "X", 0 0, L_0x560d7a93a2e0;  alias, 1 drivers
v0x560d7a7c3490_0 .net "int_fwire_0", 0 0, L_0x560d7a93a270;  1 drivers
S_0x560d7a7c3530 .scope module, "_0721_" "sg13g2_hv_a21oi_1" 5 1887, 3 77 1, S_0x560d7a760c50;
 .timescale -9 -11;
    .port_info 0 /OUTPUT 1 "Y";
    .port_info 1 /INPUT 1 "A1";
    .port_info 2 /INPUT 1 "A2";
    .port_info 3 /INPUT 1 "B1";
L_0x560d7a93a370 .functor AND 1, L_0x560d7a925f00, L_0x560d7a93a2e0, C4<1>, C4<1>;
L_0x560d7a93a400 .functor OR 1, L_0x560d7a93a370, L_0x560d7a9b3cf0, C4<0>, C4<0>;
L_0x560d7a93a490 .functor NOT 1, L_0x560d7a93a400, C4<0>, C4<0>, C4<0>;
v0x560d7a7c36c0_0 .net "A1", 0 0, L_0x560d7a925f00;  alias, 1 drivers
v0x560d7a7c3760_0 .net "A2", 0 0, L_0x560d7a93a2e0;  alias, 1 drivers
v0x560d7a7c3800_0 .net "B1", 0 0, L_0x560d7a9b3cf0;  alias, 1 drivers
v0x560d7a7c38a0_0 .net "Y", 0 0, L_0x560d7a93a490;  alias, 1 drivers
v0x560d7a7c3940_0 .net "int_fwire_0", 0 0, L_0x560d7a93a370;  1 drivers
v0x560d7a7c39e0_0 .net "int_fwire_1", 0 0, L_0x560d7a93a400;  1 drivers
S_0x560d7a7c3a80 .scope module, "_0722_" "sg13g2_hv_nand3_1" 5 1893, 3 1474 1, S_0x560d7a760c50;
 .timescale -9 -11;
    .port_info 0 /OUTPUT 1 "Y";
    .port_info 1 /INPUT 1 "A";
    .port_info 2 /INPUT 1 "B";
    .port_info 3 /INPUT 1 "C";
L_0x560d7a93a550 .functor AND 1, L_0x560d7a999280, L_0x560d7a925f70, L_0x560d7a93a2e0, C4<1>;
L_0x560d7a93a5e0 .functor NOT 1, L_0x560d7a93a550, C4<0>, C4<0>, C4<0>;
v0x560d7a7c3c10_0 .net "A", 0 0, L_0x560d7a999280;  alias, 1 drivers
v0x560d7a7c3cb0_0 .net "B", 0 0, L_0x560d7a925f70;  alias, 1 drivers
v0x560d7a7c3d50_0 .net "C", 0 0, L_0x560d7a93a2e0;  alias, 1 drivers
v0x560d7a7c3df0_0 .net "Y", 0 0, L_0x560d7a93a5e0;  alias, 1 drivers
v0x560d7a7c3e90_0 .net "int_fwire_0", 0 0, L_0x560d7a93a550;  1 drivers
S_0x560d7a7c3f30 .scope module, "_0723_" "sg13g2_hv_o21ai_1" 5 1899, 3 1785 1, S_0x560d7a760c50;
 .timescale -9 -11;
    .port_info 0 /OUTPUT 1 "Y";
    .port_info 1 /INPUT 1 "A1";
    .port_info 2 /INPUT 1 "A2";
    .port_info 3 /INPUT 1 "B1";
L_0x560d7a93a6c0 .functor OR 1, L_0x560d7a999280, L_0x560d7a93a490, C4<0>, C4<0>;
L_0x560d7a93a750 .functor AND 1, L_0x560d7a93a6c0, L_0x560d7a93a5e0, C4<1>, C4<1>;
L_0x560d7a93a830 .functor NOT 1, L_0x560d7a93a750, C4<0>, C4<0>, C4<0>;
v0x560d7a7c40c0_0 .net "A1", 0 0, L_0x560d7a999280;  alias, 1 drivers
v0x560d7a7c4160_0 .net "A2", 0 0, L_0x560d7a93a490;  alias, 1 drivers
v0x560d7a7c4200_0 .net "B1", 0 0, L_0x560d7a93a5e0;  alias, 1 drivers
v0x560d7a7c42a0_0 .net "Y", 0 0, L_0x560d7a93a830;  alias, 1 drivers
v0x560d7a7c4340_0 .net "int_fwire_0", 0 0, L_0x560d7a93a6c0;  1 drivers
v0x560d7a7c43e0_0 .net "int_fwire_1", 0 0, L_0x560d7a93a750;  1 drivers
S_0x560d7a7c4480 .scope module, "_0724_" "sg13g2_hv_nand2b_1" 5 1905, 3 1416 1, S_0x560d7a760c50;
 .timescale -9 -11;
    .port_info 0 /OUTPUT 1 "Y";
    .port_info 1 /INPUT 1 "A_N";
    .port_info 2 /INPUT 1 "B";
L_0x560d7a93a8a0 .functor NOT 1, L_0x560d7a999e80, C4<0>, C4<0>, C4<0>;
L_0x560d7a93a930 .functor AND 1, L_0x560d7a93a8a0, L_0x560d7a999280, C4<1>, C4<1>;
L_0x560d7a93aa10 .functor NOT 1, L_0x560d7a93a930, C4<0>, C4<0>, C4<0>;
v0x560d7a7c4610_0 .net "A_N", 0 0, L_0x560d7a999e80;  alias, 1 drivers
v0x560d7a7c46b0_0 .net "A_N__bar", 0 0, L_0x560d7a93a8a0;  1 drivers
v0x560d7a7c4750_0 .net "B", 0 0, L_0x560d7a999280;  alias, 1 drivers
v0x560d7a7c4880_0 .net "Y", 0 0, L_0x560d7a93aa10;  alias, 1 drivers
v0x560d7a7c4920_0 .net "int_fwire_0", 0 0, L_0x560d7a93a930;  1 drivers
S_0x560d7a7c49c0 .scope module, "_0725_" "sg13g2_hv_a21oi_1" 5 1910, 3 77 1, S_0x560d7a760c50;
 .timescale -9 -11;
    .port_info 0 /OUTPUT 1 "Y";
    .port_info 1 /INPUT 1 "A1";
    .port_info 2 /INPUT 1 "A2";
    .port_info 3 /INPUT 1 "B1";
L_0x560d7a93aad0 .functor AND 1, L_0x560d7a922ac0, L_0x560d7a93aa10, C4<1>, C4<1>;
L_0x560d7a93abf0 .functor OR 1, L_0x560d7a93aad0, L_0x560d7a9b3cf0, C4<0>, C4<0>;
L_0x560d7a93ac80 .functor NOT 1, L_0x560d7a93abf0, C4<0>, C4<0>, C4<0>;
v0x560d7a7c4be0_0 .net "A1", 0 0, L_0x560d7a922ac0;  alias, 1 drivers
v0x560d7a7c4c80_0 .net "A2", 0 0, L_0x560d7a93aa10;  alias, 1 drivers
v0x560d7a7c4d20_0 .net "B1", 0 0, L_0x560d7a9b3cf0;  alias, 1 drivers
v0x560d7a7c4dc0_0 .net "Y", 0 0, L_0x560d7a93ac80;  alias, 1 drivers
v0x560d7a7c4e60_0 .net "int_fwire_0", 0 0, L_0x560d7a93aad0;  1 drivers
v0x560d7a7c4f00_0 .net "int_fwire_1", 0 0, L_0x560d7a93abf0;  1 drivers
S_0x560d7a7c4fa0 .scope module, "_0726_" "sg13g2_hv_and2_1" 5 1916, 3 191 1, S_0x560d7a760c50;
 .timescale -9 -11;
    .port_info 0 /OUTPUT 1 "X";
    .port_info 1 /INPUT 1 "A";
    .port_info 2 /INPUT 1 "B";
L_0x560d7a93ad40 .functor AND 1, L_0x560d7a999280, L_0x560d7a999e80, C4<1>, C4<1>;
v0x560d7a7c5130_0 .net "A", 0 0, L_0x560d7a999280;  alias, 1 drivers
v0x560d7a7c51d0_0 .net "B", 0 0, L_0x560d7a999e80;  alias, 1 drivers
v0x560d7a7c5270_0 .net "X", 0 0, L_0x560d7a93ad40;  alias, 1 drivers
S_0x560d7a7c5310 .scope module, "_0727_" "sg13g2_hv_nand2_1" 5 1921, 3 1360 1, S_0x560d7a760c50;
 .timescale -9 -11;
    .port_info 0 /OUTPUT 1 "Y";
    .port_info 1 /INPUT 1 "A";
    .port_info 2 /INPUT 1 "B";
L_0x560d7a93adf0 .functor AND 1, L_0x560d7a922ac0, L_0x560d7a925f70, C4<1>, C4<1>;
L_0x560d7a93ae80 .functor NOT 1, L_0x560d7a93adf0, C4<0>, C4<0>, C4<0>;
v0x560d7a7c54a0_0 .net "A", 0 0, L_0x560d7a922ac0;  alias, 1 drivers
v0x560d7a7c5540_0 .net "B", 0 0, L_0x560d7a925f70;  alias, 1 drivers
v0x560d7a7c55e0_0 .net "Y", 0 0, L_0x560d7a93ae80;  alias, 1 drivers
v0x560d7a7c5680_0 .net "int_fwire_0", 0 0, L_0x560d7a93adf0;  1 drivers
S_0x560d7a7c5720 .scope module, "_0728_" "sg13g2_hv_a221oi_1" 5 1926, 3 133 1, S_0x560d7a760c50;
 .timescale -9 -11;
    .port_info 0 /OUTPUT 1 "Y";
    .port_info 1 /INPUT 1 "A1";
    .port_info 2 /INPUT 1 "A2";
    .port_info 3 /INPUT 1 "B1";
    .port_info 4 /INPUT 1 "B2";
    .port_info 5 /INPUT 1 "C1";
L_0x560d7a929950 .functor AND 1, L_0x560d7a93ad40, L_0x560d7a93ae80, C4<1>, C4<1>;
L_0x560d7a93afa0 .functor AND 1, L_0x560d7a926160, L_0x560d7a93ac80, C4<1>, C4<1>;
L_0x560d7a93b0a0 .functor OR 1, L_0x560d7a93afa0, L_0x560d7a929950, L_0x560d7a922540, C4<0>;
L_0x560d7a93b1a0 .functor NOT 1, L_0x560d7a93b0a0, C4<0>, C4<0>, C4<0>;
v0x560d7a7c5980_0 .net "A1", 0 0, L_0x560d7a926160;  alias, 1 drivers
v0x560d7a7c5a20_0 .net "A2", 0 0, L_0x560d7a93ac80;  alias, 1 drivers
v0x560d7a7c5ac0_0 .net "B1", 0 0, L_0x560d7a93ad40;  alias, 1 drivers
v0x560d7a7c5b60_0 .net "B2", 0 0, L_0x560d7a93ae80;  alias, 1 drivers
v0x560d7a7c5c00_0 .net "C1", 0 0, L_0x560d7a922540;  alias, 1 drivers
v0x560d7a7c5ca0_0 .net "Y", 0 0, L_0x560d7a93b1a0;  alias, 1 drivers
v0x560d7a7c5d40_0 .net "int_fwire_0", 0 0, L_0x560d7a929950;  1 drivers
v0x560d7a7c5de0_0 .net "int_fwire_1", 0 0, L_0x560d7a93afa0;  1 drivers
v0x560d7a7c5e80_0 .net "int_fwire_2", 0 0, L_0x560d7a93b0a0;  1 drivers
S_0x560d7a7c5fb0 .scope module, "_0729_" "sg13g2_hv_a21oi_1" 5 1934, 3 77 1, S_0x560d7a760c50;
 .timescale -9 -11;
    .port_info 0 /OUTPUT 1 "Y";
    .port_info 1 /INPUT 1 "A1";
    .port_info 2 /INPUT 1 "A2";
    .port_info 3 /INPUT 1 "B1";
L_0x560d7a93b210 .functor AND 1, L_0x560d7a99aa80, L_0x560d7a922ac0, C4<1>, C4<1>;
L_0x560d7a93b280 .functor OR 1, L_0x560d7a93b210, L_0x560d7a9b3cf0, C4<0>, C4<0>;
L_0x560d7a93b2f0 .functor NOT 1, L_0x560d7a93b280, C4<0>, C4<0>, C4<0>;
v0x560d7a7c61d0_0 .net "A1", 0 0, L_0x560d7a99aa80;  alias, 1 drivers
v0x560d7a7c6270_0 .net "A2", 0 0, L_0x560d7a922ac0;  alias, 1 drivers
v0x560d7a7c6310_0 .net "B1", 0 0, L_0x560d7a9b3cf0;  alias, 1 drivers
v0x560d7a7c63b0_0 .net "Y", 0 0, L_0x560d7a93b2f0;  alias, 1 drivers
v0x560d7a7c6450_0 .net "int_fwire_0", 0 0, L_0x560d7a93b210;  1 drivers
v0x560d7a7c64f0_0 .net "int_fwire_1", 0 0, L_0x560d7a93b280;  1 drivers
S_0x560d7a7c6590 .scope module, "_0730_" "sg13g2_hv_and2_1" 5 1940, 3 191 1, S_0x560d7a760c50;
 .timescale -9 -11;
    .port_info 0 /OUTPUT 1 "X";
    .port_info 1 /INPUT 1 "A";
    .port_info 2 /INPUT 1 "B";
L_0x560d7a93b360 .functor AND 1, L_0x560d7a99aa80, L_0x560d7a93ad40, C4<1>, C4<1>;
v0x560d7a7c6720_0 .net "A", 0 0, L_0x560d7a99aa80;  alias, 1 drivers
v0x560d7a7c67c0_0 .net "B", 0 0, L_0x560d7a93ad40;  alias, 1 drivers
v0x560d7a7c6860_0 .net "X", 0 0, L_0x560d7a93b360;  alias, 1 drivers
S_0x560d7a7c6900 .scope module, "_0731_" "sg13g2_hv_nand2_1" 5 1945, 3 1360 1, S_0x560d7a760c50;
 .timescale -9 -11;
    .port_info 0 /OUTPUT 1 "Y";
    .port_info 1 /INPUT 1 "A";
    .port_info 2 /INPUT 1 "B";
L_0x560d7a93b460 .functor AND 1, L_0x560d7a99aa80, L_0x560d7a93ad40, C4<1>, C4<1>;
L_0x560d7a93b4d0 .functor NOT 1, L_0x560d7a93b460, C4<0>, C4<0>, C4<0>;
v0x560d7a7c6a90_0 .net "A", 0 0, L_0x560d7a99aa80;  alias, 1 drivers
v0x560d7a7c6b30_0 .net "B", 0 0, L_0x560d7a93ad40;  alias, 1 drivers
v0x560d7a7c6bd0_0 .net "Y", 0 0, L_0x560d7a93b4d0;  alias, 1 drivers
v0x560d7a7c6c70_0 .net "int_fwire_0", 0 0, L_0x560d7a93b460;  1 drivers
S_0x560d7a7c6d10 .scope module, "_0732_" "sg13g2_hv_a21oi_1" 5 1950, 3 77 1, S_0x560d7a760c50;
 .timescale -9 -11;
    .port_info 0 /OUTPUT 1 "Y";
    .port_info 1 /INPUT 1 "A1";
    .port_info 2 /INPUT 1 "A2";
    .port_info 3 /INPUT 1 "B1";
L_0x560d7a93b540 .functor AND 1, L_0x560d7a999280, L_0x560d7a999e80, C4<1>, C4<1>;
L_0x560d7a93b5b0 .functor OR 1, L_0x560d7a93b540, L_0x560d7a99aa80, C4<0>, C4<0>;
L_0x560d7a93b620 .functor NOT 1, L_0x560d7a93b5b0, C4<0>, C4<0>, C4<0>;
v0x560d7a7c6ea0_0 .net "A1", 0 0, L_0x560d7a999280;  alias, 1 drivers
v0x560d7a7c6f40_0 .net "A2", 0 0, L_0x560d7a999e80;  alias, 1 drivers
v0x560d7a7c7070_0 .net "B1", 0 0, L_0x560d7a99aa80;  alias, 1 drivers
v0x560d7a7c71a0_0 .net "Y", 0 0, L_0x560d7a93b620;  alias, 1 drivers
v0x560d7a7c7240_0 .net "int_fwire_0", 0 0, L_0x560d7a93b540;  1 drivers
v0x560d7a7c72e0_0 .net "int_fwire_1", 0 0, L_0x560d7a93b5b0;  1 drivers
S_0x560d7a7c7380 .scope module, "_0733_" "sg13g2_hv_a221oi_1" 5 1956, 3 133 1, S_0x560d7a760c50;
 .timescale -9 -11;
    .port_info 0 /OUTPUT 1 "Y";
    .port_info 1 /INPUT 1 "A1";
    .port_info 2 /INPUT 1 "A2";
    .port_info 3 /INPUT 1 "B1";
    .port_info 4 /INPUT 1 "B2";
    .port_info 5 /INPUT 1 "C1";
L_0x560d7a93b690 .functor AND 1, L_0x560d7a93b360, L_0x560d7a93ae80, C4<1>, C4<1>;
L_0x560d7a93b700 .functor AND 1, L_0x560d7a926160, L_0x560d7a93b2f0, C4<1>, C4<1>;
L_0x560d7a93b770 .functor OR 1, L_0x560d7a93b700, L_0x560d7a93b690, L_0x560d7a93b620, C4<0>;
L_0x560d7a93b870 .functor NOT 1, L_0x560d7a93b770, C4<0>, C4<0>, C4<0>;
v0x560d7a7c75e0_0 .net "A1", 0 0, L_0x560d7a926160;  alias, 1 drivers
v0x560d7a7c7680_0 .net "A2", 0 0, L_0x560d7a93b2f0;  alias, 1 drivers
v0x560d7a7c7720_0 .net "B1", 0 0, L_0x560d7a93b360;  alias, 1 drivers
v0x560d7a7c77c0_0 .net "B2", 0 0, L_0x560d7a93ae80;  alias, 1 drivers
v0x560d7a7c7860_0 .net "C1", 0 0, L_0x560d7a93b620;  alias, 1 drivers
v0x560d7a7c7900_0 .net "Y", 0 0, L_0x560d7a93b870;  alias, 1 drivers
v0x560d7a7c79a0_0 .net "int_fwire_0", 0 0, L_0x560d7a93b690;  1 drivers
v0x560d7a7c7a40_0 .net "int_fwire_1", 0 0, L_0x560d7a93b700;  1 drivers
v0x560d7a7c7ae0_0 .net "int_fwire_2", 0 0, L_0x560d7a93b770;  1 drivers
S_0x560d7a7c7c10 .scope module, "_0734_" "sg13g2_hv_nand2_1" 5 1964, 3 1360 1, S_0x560d7a760c50;
 .timescale -9 -11;
    .port_info 0 /OUTPUT 1 "Y";
    .port_info 1 /INPUT 1 "A";
    .port_info 2 /INPUT 1 "B";
L_0x560d7a93b8e0 .functor AND 1, L_0x560d7a99b680, L_0x560d7a93a2e0, C4<1>, C4<1>;
L_0x560d7a93b950 .functor NOT 1, L_0x560d7a93b8e0, C4<0>, C4<0>, C4<0>;
v0x560d7a7c7da0_0 .net "A", 0 0, L_0x560d7a99b680;  alias, 1 drivers
v0x560d7a7c7e40_0 .net "B", 0 0, L_0x560d7a93a2e0;  alias, 1 drivers
v0x560d7a7c7ee0_0 .net "Y", 0 0, L_0x560d7a93b950;  alias, 1 drivers
v0x560d7a7c7f80_0 .net "int_fwire_0", 0 0, L_0x560d7a93b8e0;  1 drivers
S_0x560d7a7c8020 .scope module, "_0735_" "sg13g2_hv_nand2_1" 5 1969, 3 1360 1, S_0x560d7a760c50;
 .timescale -9 -11;
    .port_info 0 /OUTPUT 1 "Y";
    .port_info 1 /INPUT 1 "A";
    .port_info 2 /INPUT 1 "B";
L_0x560d7a93ba10 .functor AND 1, L_0x560d7a99b680, L_0x560d7a93b360, C4<1>, C4<1>;
L_0x560d7a93baa0 .functor NOT 1, L_0x560d7a93ba10, C4<0>, C4<0>, C4<0>;
v0x560d7a7c81b0_0 .net "A", 0 0, L_0x560d7a99b680;  alias, 1 drivers
v0x560d7a7c82e0_0 .net "B", 0 0, L_0x560d7a93b360;  alias, 1 drivers
v0x560d7a7c8380_0 .net "Y", 0 0, L_0x560d7a93baa0;  alias, 1 drivers
v0x560d7a7c8420_0 .net "int_fwire_0", 0 0, L_0x560d7a93ba10;  1 drivers
S_0x560d7a7c84c0 .scope module, "_0736_" "sg13g2_hv_a21oi_1" 5 1974, 3 77 1, S_0x560d7a760c50;
 .timescale -9 -11;
    .port_info 0 /OUTPUT 1 "Y";
    .port_info 1 /INPUT 1 "A1";
    .port_info 2 /INPUT 1 "A2";
    .port_info 3 /INPUT 1 "B1";
L_0x560d7a93bb80 .functor AND 1, L_0x560d7a925f70, L_0x560d7a93a2e0, C4<1>, C4<1>;
L_0x560d7a93bc10 .functor OR 1, L_0x560d7a93bb80, L_0x560d7a93baa0, C4<0>, C4<0>;
L_0x560d7a93bcf0 .functor NOT 1, L_0x560d7a93bc10, C4<0>, C4<0>, C4<0>;
v0x560d7a7c86e0_0 .net "A1", 0 0, L_0x560d7a925f70;  alias, 1 drivers
v0x560d7a7c8780_0 .net "A2", 0 0, L_0x560d7a93a2e0;  alias, 1 drivers
v0x560d7a7c88b0_0 .net "B1", 0 0, L_0x560d7a93baa0;  alias, 1 drivers
v0x560d7a7c8950_0 .net "Y", 0 0, L_0x560d7a93bcf0;  alias, 1 drivers
v0x560d7a7c89f0_0 .net "int_fwire_0", 0 0, L_0x560d7a93bb80;  1 drivers
v0x560d7a7c8a90_0 .net "int_fwire_1", 0 0, L_0x560d7a93bc10;  1 drivers
S_0x560d7a7c8b30 .scope module, "_0737_" "sg13g2_hv_a221oi_1" 5 1980, 3 133 1, S_0x560d7a760c50;
 .timescale -9 -11;
    .port_info 0 /OUTPUT 1 "Y";
    .port_info 1 /INPUT 1 "A1";
    .port_info 2 /INPUT 1 "A2";
    .port_info 3 /INPUT 1 "B1";
    .port_info 4 /INPUT 1 "B2";
    .port_info 5 /INPUT 1 "C1";
L_0x560d7a93bd60 .functor AND 1, L_0x560d7a93b950, L_0x560d7a93a490, C4<1>, C4<1>;
L_0x560d7a93be80 .functor AND 1, L_0x560d7a921900, L_0x560d7a93b4d0, C4<1>, C4<1>;
L_0x560d7a93bfa0 .functor OR 1, L_0x560d7a93be80, L_0x560d7a93bd60, L_0x560d7a93bcf0, C4<0>;
L_0x560d7a93c0d0 .functor NOT 1, L_0x560d7a93bfa0, C4<0>, C4<0>, C4<0>;
v0x560d7a7c8d90_0 .net "A1", 0 0, L_0x560d7a921900;  alias, 1 drivers
v0x560d7a7c8e30_0 .net "A2", 0 0, L_0x560d7a93b4d0;  alias, 1 drivers
v0x560d7a7c8ed0_0 .net "B1", 0 0, L_0x560d7a93b950;  alias, 1 drivers
v0x560d7a7c8f70_0 .net "B2", 0 0, L_0x560d7a93a490;  alias, 1 drivers
v0x560d7a7c9010_0 .net "C1", 0 0, L_0x560d7a93bcf0;  alias, 1 drivers
v0x560d7a7c90b0_0 .net "Y", 0 0, L_0x560d7a93c0d0;  alias, 1 drivers
v0x560d7a7c9150_0 .net "int_fwire_0", 0 0, L_0x560d7a93bd60;  1 drivers
v0x560d7a7c91f0_0 .net "int_fwire_1", 0 0, L_0x560d7a93be80;  1 drivers
v0x560d7a7c9290_0 .net "int_fwire_2", 0 0, L_0x560d7a93bfa0;  1 drivers
S_0x560d7a7c93c0 .scope module, "_0738_" "sg13g2_hv_nand3_1" 5 1988, 3 1474 1, S_0x560d7a760c50;
 .timescale -9 -11;
    .port_info 0 /OUTPUT 1 "Y";
    .port_info 1 /INPUT 1 "A";
    .port_info 2 /INPUT 1 "B";
    .port_info 3 /INPUT 1 "C";
L_0x560d7a93c170 .functor AND 1, L_0x560d7a9b3cf0, L_0x560d7a921fa0, L_0x560d7a9221d0, C4<1>;
L_0x560d7a93c1e0 .functor NOT 1, L_0x560d7a93c170, C4<0>, C4<0>, C4<0>;
v0x560d7a7c95e0_0 .net "A", 0 0, L_0x560d7a9b3cf0;  alias, 1 drivers
v0x560d7a7c9680_0 .net "B", 0 0, L_0x560d7a921fa0;  alias, 1 drivers
v0x560d7a7c9720_0 .net "C", 0 0, L_0x560d7a9221d0;  alias, 1 drivers
v0x560d7a7c97c0_0 .net "Y", 0 0, L_0x560d7a93c1e0;  alias, 1 drivers
v0x560d7a7c9860_0 .net "int_fwire_0", 0 0, L_0x560d7a93c170;  1 drivers
S_0x560d7a7c9900 .scope module, "_0739_" "sg13g2_hv_nand3_1" 5 1994, 3 1474 1, S_0x560d7a760c50;
 .timescale -9 -11;
    .port_info 0 /OUTPUT 1 "Y";
    .port_info 1 /INPUT 1 "A";
    .port_info 2 /INPUT 1 "B";
    .port_info 3 /INPUT 1 "C";
L_0x560d7a93c2a0 .functor AND 1, L_0x560d7a9b3cf0, L_0x560d7a921fa0, L_0x560d7a9221d0, C4<1>;
L_0x560d7a93c310 .functor NOT 1, L_0x560d7a93c2a0, C4<0>, C4<0>, C4<0>;
v0x560d7a7c9b20_0 .net "A", 0 0, L_0x560d7a9b3cf0;  alias, 1 drivers
v0x560d7a7c9bc0_0 .net "B", 0 0, L_0x560d7a921fa0;  alias, 1 drivers
v0x560d7a7c9c60_0 .net "C", 0 0, L_0x560d7a9221d0;  alias, 1 drivers
v0x560d7a7c9d00_0 .net "Y", 0 0, L_0x560d7a93c310;  alias, 1 drivers
v0x560d7a7c9da0_0 .net "int_fwire_0", 0 0, L_0x560d7a93c2a0;  1 drivers
S_0x560d7a7c9e40 .scope module, "_0740_" "sg13g2_hv_nand3_1" 5 2000, 3 1474 1, S_0x560d7a760c50;
 .timescale -9 -11;
    .port_info 0 /OUTPUT 1 "Y";
    .port_info 1 /INPUT 1 "A";
    .port_info 2 /INPUT 1 "B";
    .port_info 3 /INPUT 1 "C";
L_0x560d7a93c3d0 .functor AND 1, L_0x560d7a9b3cf0, L_0x560d7a921fa0, L_0x560d7a9221d0, C4<1>;
L_0x560d7a93c470 .functor NOT 1, L_0x560d7a93c3d0, C4<0>, C4<0>, C4<0>;
v0x560d7a7ca060_0 .net "A", 0 0, L_0x560d7a9b3cf0;  alias, 1 drivers
v0x560d7a7ca100_0 .net "B", 0 0, L_0x560d7a921fa0;  alias, 1 drivers
v0x560d7a7ca230_0 .net "C", 0 0, L_0x560d7a9221d0;  alias, 1 drivers
v0x560d7a7ca360_0 .net "Y", 0 0, L_0x560d7a93c470;  alias, 1 drivers
v0x560d7a7ca400_0 .net "int_fwire_0", 0 0, L_0x560d7a93c3d0;  1 drivers
S_0x560d7a7ca4a0 .scope module, "_0741_" "sg13g2_hv_nand3_1" 5 2006, 3 1474 1, S_0x560d7a760c50;
 .timescale -9 -11;
    .port_info 0 /OUTPUT 1 "Y";
    .port_info 1 /INPUT 1 "A";
    .port_info 2 /INPUT 1 "B";
    .port_info 3 /INPUT 1 "C";
L_0x560d7a93c550 .functor AND 1, L_0x560d7a9b3cf0, L_0x560d7a921fa0, L_0x560d7a9221d0, C4<1>;
L_0x560d7a93c5f0 .functor NOT 1, L_0x560d7a93c550, C4<0>, C4<0>, C4<0>;
v0x560d7a7ca6c0_0 .net "A", 0 0, L_0x560d7a9b3cf0;  alias, 1 drivers
v0x560d7a7ca760_0 .net "B", 0 0, L_0x560d7a921fa0;  alias, 1 drivers
v0x560d7a7ca800_0 .net "C", 0 0, L_0x560d7a9221d0;  alias, 1 drivers
v0x560d7a7ca8a0_0 .net "Y", 0 0, L_0x560d7a93c5f0;  alias, 1 drivers
v0x560d7a7ca940_0 .net "int_fwire_0", 0 0, L_0x560d7a93c550;  1 drivers
S_0x560d7a7ca9e0 .scope module, "_0742_" "sg13g2_hv_nand3_1" 5 2012, 3 1474 1, S_0x560d7a760c50;
 .timescale -9 -11;
    .port_info 0 /OUTPUT 1 "Y";
    .port_info 1 /INPUT 1 "A";
    .port_info 2 /INPUT 1 "B";
    .port_info 3 /INPUT 1 "C";
L_0x560d7a93c6d0 .functor AND 1, L_0x560d7a9b3cf0, L_0x560d7a921fa0, L_0x560d7a9221d0, C4<1>;
L_0x560d7a93c980 .functor NOT 1, L_0x560d7a93c6d0, C4<0>, C4<0>, C4<0>;
v0x560d7a7cac00_0 .net "A", 0 0, L_0x560d7a9b3cf0;  alias, 1 drivers
v0x560d7a7caca0_0 .net "B", 0 0, L_0x560d7a921fa0;  alias, 1 drivers
v0x560d7a7cad40_0 .net "C", 0 0, L_0x560d7a9221d0;  alias, 1 drivers
v0x560d7a7cade0_0 .net "Y", 0 0, L_0x560d7a93c980;  alias, 1 drivers
v0x560d7a7cae80_0 .net "int_fwire_0", 0 0, L_0x560d7a93c6d0;  1 drivers
S_0x560d7a7caf20 .scope module, "_0743_" "sg13g2_hv_nand3_1" 5 2018, 3 1474 1, S_0x560d7a760c50;
 .timescale -9 -11;
    .port_info 0 /OUTPUT 1 "Y";
    .port_info 1 /INPUT 1 "A";
    .port_info 2 /INPUT 1 "B";
    .port_info 3 /INPUT 1 "C";
L_0x560d7a93ca60 .functor AND 1, L_0x560d7a9b3cf0, L_0x560d7a921fa0, L_0x560d7a9221d0, C4<1>;
L_0x560d7a93cb00 .functor NOT 1, L_0x560d7a93ca60, C4<0>, C4<0>, C4<0>;
v0x560d7a7cb140_0 .net "A", 0 0, L_0x560d7a9b3cf0;  alias, 1 drivers
v0x560d7a7cb1e0_0 .net "B", 0 0, L_0x560d7a921fa0;  alias, 1 drivers
v0x560d7a7cb280_0 .net "C", 0 0, L_0x560d7a9221d0;  alias, 1 drivers
v0x560d7a7cb320_0 .net "Y", 0 0, L_0x560d7a93cb00;  alias, 1 drivers
v0x560d7a7cb3c0_0 .net "int_fwire_0", 0 0, L_0x560d7a93ca60;  1 drivers
S_0x560d7a7cb460 .scope module, "_0744_" "sg13g2_hv_nand2_1" 5 2024, 3 1360 1, S_0x560d7a760c50;
 .timescale -9 -11;
    .port_info 0 /OUTPUT 1 "Y";
    .port_info 1 /INPUT 1 "A";
    .port_info 2 /INPUT 1 "B";
L_0x560d7a93cbe0 .functor AND 1, L_0x560d7a9b3130, L_0x560d7a922840, C4<1>, C4<1>;
L_0x560d7a93cc70 .functor NOT 1, L_0x560d7a93cbe0, C4<0>, C4<0>, C4<0>;
v0x560d7a7cb5f0_0 .net "A", 0 0, L_0x560d7a9b3130;  alias, 1 drivers
v0x560d7a7cb690_0 .net "B", 0 0, L_0x560d7a922840;  alias, 1 drivers
v0x560d7a7cb730_0 .net "Y", 0 0, L_0x560d7a93cc70;  alias, 1 drivers
v0x560d7a7cb7d0_0 .net "int_fwire_0", 0 0, L_0x560d7a93cbe0;  1 drivers
S_0x560d7a7cb870 .scope module, "_0745_" "sg13g2_hv_nand2_1" 5 2029, 3 1360 1, S_0x560d7a760c50;
 .timescale -9 -11;
    .port_info 0 /OUTPUT 1 "Y";
    .port_info 1 /INPUT 1 "A";
    .port_info 2 /INPUT 1 "B";
L_0x560d7a93cd50 .functor AND 1, L_0x560d7a9b3130, L_0x560d7a922840, C4<1>, C4<1>;
L_0x560d7a93cde0 .functor NOT 1, L_0x560d7a93cd50, C4<0>, C4<0>, C4<0>;
v0x560d7a7cba00_0 .net "A", 0 0, L_0x560d7a9b3130;  alias, 1 drivers
v0x560d7a7cbbb0_0 .net "B", 0 0, L_0x560d7a922840;  alias, 1 drivers
v0x560d7a7cbc50_0 .net "Y", 0 0, L_0x560d7a93cde0;  alias, 1 drivers
v0x560d7a7cbcf0_0 .net "int_fwire_0", 0 0, L_0x560d7a93cd50;  1 drivers
S_0x560d7a7cbd90 .scope module, "_0746_" "sg13g2_hv_nand2_1" 5 2034, 3 1360 1, S_0x560d7a760c50;
 .timescale -9 -11;
    .port_info 0 /OUTPUT 1 "Y";
    .port_info 1 /INPUT 1 "A";
    .port_info 2 /INPUT 1 "B";
L_0x560d7a93cec0 .functor AND 1, L_0x560d7a9b3130, L_0x560d7a922840, C4<1>, C4<1>;
L_0x560d7a93cf50 .functor NOT 1, L_0x560d7a93cec0, C4<0>, C4<0>, C4<0>;
v0x560d7a7cbf20_0 .net "A", 0 0, L_0x560d7a9b3130;  alias, 1 drivers
v0x560d7a7cbfc0_0 .net "B", 0 0, L_0x560d7a922840;  alias, 1 drivers
v0x560d7a7cc170_0 .net "Y", 0 0, L_0x560d7a93cf50;  alias, 1 drivers
v0x560d7a7cc210_0 .net "int_fwire_0", 0 0, L_0x560d7a93cec0;  1 drivers
S_0x560d7a7cc2b0 .scope module, "_0747_" "sg13g2_hv_nand2_1" 5 2039, 3 1360 1, S_0x560d7a760c50;
 .timescale -9 -11;
    .port_info 0 /OUTPUT 1 "Y";
    .port_info 1 /INPUT 1 "A";
    .port_info 2 /INPUT 1 "B";
L_0x560d7a93d030 .functor AND 1, L_0x560d7a9b3130, L_0x560d7a922840, C4<1>, C4<1>;
L_0x560d7a93d0c0 .functor NOT 1, L_0x560d7a93d030, C4<0>, C4<0>, C4<0>;
v0x560d7a7cc440_0 .net "A", 0 0, L_0x560d7a9b3130;  alias, 1 drivers
v0x560d7a7cc4e0_0 .net "B", 0 0, L_0x560d7a922840;  alias, 1 drivers
v0x560d7a7cc580_0 .net "Y", 0 0, L_0x560d7a93d0c0;  alias, 1 drivers
v0x560d7a7cc620_0 .net "int_fwire_0", 0 0, L_0x560d7a93d030;  1 drivers
S_0x560d7a7cc6c0 .scope module, "_0748_" "sg13g2_hv_nand2_1" 5 2044, 3 1360 1, S_0x560d7a760c50;
 .timescale -9 -11;
    .port_info 0 /OUTPUT 1 "Y";
    .port_info 1 /INPUT 1 "A";
    .port_info 2 /INPUT 1 "B";
L_0x560d7a93d1a0 .functor AND 1, L_0x560d7a9b3130, L_0x560d7a922840, C4<1>, C4<1>;
L_0x560d7a93d230 .functor NOT 1, L_0x560d7a93d1a0, C4<0>, C4<0>, C4<0>;
v0x560d7a7cc850_0 .net "A", 0 0, L_0x560d7a9b3130;  alias, 1 drivers
v0x560d7a7cc8f0_0 .net "B", 0 0, L_0x560d7a922840;  alias, 1 drivers
v0x560d7a7cc990_0 .net "Y", 0 0, L_0x560d7a93d230;  alias, 1 drivers
v0x560d7a7cca30_0 .net "int_fwire_0", 0 0, L_0x560d7a93d1a0;  1 drivers
S_0x560d7a7ccad0 .scope module, "_0749_" "sg13g2_hv_nand2_1" 5 2049, 3 1360 1, S_0x560d7a760c50;
 .timescale -9 -11;
    .port_info 0 /OUTPUT 1 "Y";
    .port_info 1 /INPUT 1 "A";
    .port_info 2 /INPUT 1 "B";
L_0x560d7a93d310 .functor AND 1, L_0x560d7a9b3130, L_0x560d7a922840, C4<1>, C4<1>;
L_0x560d7a93d7b0 .functor NOT 1, L_0x560d7a93d310, C4<0>, C4<0>, C4<0>;
v0x560d7a7ccc60_0 .net "A", 0 0, L_0x560d7a9b3130;  alias, 1 drivers
v0x560d7a7ccd00_0 .net "B", 0 0, L_0x560d7a922840;  alias, 1 drivers
v0x560d7a7ccda0_0 .net "Y", 0 0, L_0x560d7a93d7b0;  alias, 1 drivers
v0x560d7a7cce40_0 .net "int_fwire_0", 0 0, L_0x560d7a93d310;  1 drivers
S_0x560d7a7ccee0 .scope module, "_0750_" "sg13g2_hv_nand3_1" 5 2054, 3 1474 1, S_0x560d7a760c50;
 .timescale -9 -11;
    .port_info 0 /OUTPUT 1 "Y";
    .port_info 1 /INPUT 1 "A";
    .port_info 2 /INPUT 1 "B";
    .port_info 3 /INPUT 1 "C";
L_0x560d7a93d890 .functor AND 1, L_0x560d7a9b3cf0, L_0x560d7a921fa0, L_0x560d7a9221d0, C4<1>;
L_0x560d7a93d930 .functor NOT 1, L_0x560d7a93d890, C4<0>, C4<0>, C4<0>;
v0x560d7a7cd070_0 .net "A", 0 0, L_0x560d7a9b3cf0;  alias, 1 drivers
v0x560d7a7cd110_0 .net "B", 0 0, L_0x560d7a921fa0;  alias, 1 drivers
v0x560d7a7cd2c0_0 .net "C", 0 0, L_0x560d7a9221d0;  alias, 1 drivers
v0x560d7a7cd470_0 .net "Y", 0 0, L_0x560d7a93d930;  alias, 1 drivers
v0x560d7a7cd510_0 .net "int_fwire_0", 0 0, L_0x560d7a93d890;  1 drivers
S_0x560d7a7cd5b0 .scope module, "_0751_" "sg13g2_hv_nand2_1" 5 2060, 3 1360 1, S_0x560d7a760c50;
 .timescale -9 -11;
    .port_info 0 /OUTPUT 1 "Y";
    .port_info 1 /INPUT 1 "A";
    .port_info 2 /INPUT 1 "B";
L_0x560d7a93da10 .functor AND 1, L_0x560d7a923d00, L_0x560d7a923d70, C4<1>, C4<1>;
L_0x560d7a93daa0 .functor NOT 1, L_0x560d7a93da10, C4<0>, C4<0>, C4<0>;
v0x560d7a7cd740_0 .net "A", 0 0, L_0x560d7a923d00;  alias, 1 drivers
v0x560d7a7cd7e0_0 .net "B", 0 0, L_0x560d7a923d70;  alias, 1 drivers
v0x560d7a7cd880_0 .net "Y", 0 0, L_0x560d7a93daa0;  alias, 1 drivers
v0x560d7a7cd920_0 .net "int_fwire_0", 0 0, L_0x560d7a93da10;  1 drivers
S_0x560d7a7cd9c0 .scope module, "_0752_" "sg13g2_hv_nand2_1" 5 2065, 3 1360 1, S_0x560d7a760c50;
 .timescale -9 -11;
    .port_info 0 /OUTPUT 1 "Y";
    .port_info 1 /INPUT 1 "A";
    .port_info 2 /INPUT 1 "B";
L_0x560d7a93db80 .functor AND 1, L_0x560d7a923d00, L_0x560d7a923d70, C4<1>, C4<1>;
L_0x560d7a93dc10 .functor NOT 1, L_0x560d7a93db80, C4<0>, C4<0>, C4<0>;
v0x560d7a7cdb50_0 .net "A", 0 0, L_0x560d7a923d00;  alias, 1 drivers
v0x560d7a7cdbf0_0 .net "B", 0 0, L_0x560d7a923d70;  alias, 1 drivers
v0x560d7a7cdc90_0 .net "Y", 0 0, L_0x560d7a93dc10;  alias, 1 drivers
v0x560d7a7cdd30_0 .net "int_fwire_0", 0 0, L_0x560d7a93db80;  1 drivers
S_0x560d7a7cddd0 .scope module, "_0753_" "sg13g2_hv_nand2_1" 5 2070, 3 1360 1, S_0x560d7a760c50;
 .timescale -9 -11;
    .port_info 0 /OUTPUT 1 "Y";
    .port_info 1 /INPUT 1 "A";
    .port_info 2 /INPUT 1 "B";
L_0x560d7a93dcf0 .functor AND 1, L_0x560d7a923d00, L_0x560d7a923d70, C4<1>, C4<1>;
L_0x560d7a93dd80 .functor NOT 1, L_0x560d7a93dcf0, C4<0>, C4<0>, C4<0>;
v0x560d7a7cdf60_0 .net "A", 0 0, L_0x560d7a923d00;  alias, 1 drivers
v0x560d7a7ce000_0 .net "B", 0 0, L_0x560d7a923d70;  alias, 1 drivers
v0x560d7a7ce0a0_0 .net "Y", 0 0, L_0x560d7a93dd80;  alias, 1 drivers
v0x560d7a7ce140_0 .net "int_fwire_0", 0 0, L_0x560d7a93dcf0;  1 drivers
S_0x560d7a7ce1e0 .scope module, "_0754_" "sg13g2_hv_nand2_1" 5 2075, 3 1360 1, S_0x560d7a760c50;
 .timescale -9 -11;
    .port_info 0 /OUTPUT 1 "Y";
    .port_info 1 /INPUT 1 "A";
    .port_info 2 /INPUT 1 "B";
L_0x560d7a93de60 .functor AND 1, L_0x560d7a923d00, L_0x560d7a923d70, C4<1>, C4<1>;
L_0x560d7a93def0 .functor NOT 1, L_0x560d7a93de60, C4<0>, C4<0>, C4<0>;
v0x560d7a7ce370_0 .net "A", 0 0, L_0x560d7a923d00;  alias, 1 drivers
v0x560d7a7ce410_0 .net "B", 0 0, L_0x560d7a923d70;  alias, 1 drivers
v0x560d7a7ce4b0_0 .net "Y", 0 0, L_0x560d7a93def0;  alias, 1 drivers
v0x560d7a7ce550_0 .net "int_fwire_0", 0 0, L_0x560d7a93de60;  1 drivers
S_0x560d7a7ce5f0 .scope module, "_0755_" "sg13g2_hv_nand2_1" 5 2080, 3 1360 1, S_0x560d7a760c50;
 .timescale -9 -11;
    .port_info 0 /OUTPUT 1 "Y";
    .port_info 1 /INPUT 1 "A";
    .port_info 2 /INPUT 1 "B";
L_0x560d7a93dfd0 .functor AND 1, L_0x560d7a923d00, L_0x560d7a923d70, C4<1>, C4<1>;
L_0x560d7a93e470 .functor NOT 1, L_0x560d7a93dfd0, C4<0>, C4<0>, C4<0>;
v0x560d7a7ce780_0 .net "A", 0 0, L_0x560d7a923d00;  alias, 1 drivers
v0x560d7a7ce820_0 .net "B", 0 0, L_0x560d7a923d70;  alias, 1 drivers
v0x560d7a7ce8c0_0 .net "Y", 0 0, L_0x560d7a93e470;  alias, 1 drivers
v0x560d7a7ce960_0 .net "int_fwire_0", 0 0, L_0x560d7a93dfd0;  1 drivers
S_0x560d7a7cea00 .scope module, "_0756_" "sg13g2_hv_nand2_1" 5 2085, 3 1360 1, S_0x560d7a760c50;
 .timescale -9 -11;
    .port_info 0 /OUTPUT 1 "Y";
    .port_info 1 /INPUT 1 "A";
    .port_info 2 /INPUT 1 "B";
L_0x560d7a93e550 .functor AND 1, L_0x560d7a923d00, L_0x560d7a923d70, C4<1>, C4<1>;
L_0x560d7a93e5e0 .functor NOT 1, L_0x560d7a93e550, C4<0>, C4<0>, C4<0>;
v0x560d7a7ceb90_0 .net "A", 0 0, L_0x560d7a923d00;  alias, 1 drivers
v0x560d7a7cec30_0 .net "B", 0 0, L_0x560d7a923d70;  alias, 1 drivers
v0x560d7a7cecd0_0 .net "Y", 0 0, L_0x560d7a93e5e0;  alias, 1 drivers
v0x560d7a7ced70_0 .net "int_fwire_0", 0 0, L_0x560d7a93e550;  1 drivers
S_0x560d7a7cee10 .scope module, "_0757_" "sg13g2_hv_nand2_1" 5 2090, 3 1360 1, S_0x560d7a760c50;
 .timescale -9 -11;
    .port_info 0 /OUTPUT 1 "Y";
    .port_info 1 /INPUT 1 "A";
    .port_info 2 /INPUT 1 "B";
L_0x560d7a93e6c0 .functor AND 1, L_0x560d7a923d00, L_0x560d7a923d70, C4<1>, C4<1>;
L_0x560d7a93e750 .functor NOT 1, L_0x560d7a93e6c0, C4<0>, C4<0>, C4<0>;
v0x560d7a7cefa0_0 .net "A", 0 0, L_0x560d7a923d00;  alias, 1 drivers
v0x560d7a7cf250_0 .net "B", 0 0, L_0x560d7a923d70;  alias, 1 drivers
v0x560d7a7cf2f0_0 .net "Y", 0 0, L_0x560d7a93e750;  alias, 1 drivers
v0x560d7a7cf390_0 .net "int_fwire_0", 0 0, L_0x560d7a93e6c0;  1 drivers
S_0x560d7a7cf430 .scope module, "_0758_" "sg13g2_hv_nand2_1" 5 2095, 3 1360 1, S_0x560d7a760c50;
 .timescale -9 -11;
    .port_info 0 /OUTPUT 1 "Y";
    .port_info 1 /INPUT 1 "A";
    .port_info 2 /INPUT 1 "B";
L_0x560d7a93e830 .functor AND 1, L_0x560d7a923d70, L_0x560d7a9240d0, C4<1>, C4<1>;
L_0x560d7a93e8c0 .functor NOT 1, L_0x560d7a93e830, C4<0>, C4<0>, C4<0>;
v0x560d7a7cf5c0_0 .net "A", 0 0, L_0x560d7a923d70;  alias, 1 drivers
v0x560d7a7cf870_0 .net "B", 0 0, L_0x560d7a9240d0;  alias, 1 drivers
v0x560d7a7cf910_0 .net "Y", 0 0, L_0x560d7a93e8c0;  alias, 1 drivers
v0x560d7a7cf9b0_0 .net "int_fwire_0", 0 0, L_0x560d7a93e830;  1 drivers
S_0x560d7a7cfa50 .scope module, "_0759_" "sg13g2_hv_nand2_1" 5 2100, 3 1360 1, S_0x560d7a760c50;
 .timescale -9 -11;
    .port_info 0 /OUTPUT 1 "Y";
    .port_info 1 /INPUT 1 "A";
    .port_info 2 /INPUT 1 "B";
L_0x560d7a93e9a0 .functor AND 1, L_0x560d7a923d70, L_0x560d7a9240d0, C4<1>, C4<1>;
L_0x560d7a93ea30 .functor NOT 1, L_0x560d7a93e9a0, C4<0>, C4<0>, C4<0>;
v0x560d7a7cfbe0_0 .net "A", 0 0, L_0x560d7a923d70;  alias, 1 drivers
v0x560d7a7cfc80_0 .net "B", 0 0, L_0x560d7a9240d0;  alias, 1 drivers
v0x560d7a7cfd20_0 .net "Y", 0 0, L_0x560d7a93ea30;  alias, 1 drivers
v0x560d7a7cfdc0_0 .net "int_fwire_0", 0 0, L_0x560d7a93e9a0;  1 drivers
S_0x560d7a7cfe60 .scope module, "_0760_" "sg13g2_hv_nand2_1" 5 2105, 3 1360 1, S_0x560d7a760c50;
 .timescale -9 -11;
    .port_info 0 /OUTPUT 1 "Y";
    .port_info 1 /INPUT 1 "A";
    .port_info 2 /INPUT 1 "B";
L_0x560d7a93eb10 .functor AND 1, L_0x560d7a923d70, L_0x560d7a9240d0, C4<1>, C4<1>;
L_0x560d7a93eba0 .functor NOT 1, L_0x560d7a93eb10, C4<0>, C4<0>, C4<0>;
v0x560d7a7cfff0_0 .net "A", 0 0, L_0x560d7a923d70;  alias, 1 drivers
v0x560d7a7d0090_0 .net "B", 0 0, L_0x560d7a9240d0;  alias, 1 drivers
v0x560d7a7d0130_0 .net "Y", 0 0, L_0x560d7a93eba0;  alias, 1 drivers
v0x560d7a7d01d0_0 .net "int_fwire_0", 0 0, L_0x560d7a93eb10;  1 drivers
S_0x560d7a7d0270 .scope module, "_0761_" "sg13g2_hv_nand2_1" 5 2110, 3 1360 1, S_0x560d7a760c50;
 .timescale -9 -11;
    .port_info 0 /OUTPUT 1 "Y";
    .port_info 1 /INPUT 1 "A";
    .port_info 2 /INPUT 1 "B";
L_0x560d7a93ec80 .functor AND 1, L_0x560d7a923d70, L_0x560d7a9240d0, C4<1>, C4<1>;
L_0x560d7a93ed10 .functor NOT 1, L_0x560d7a93ec80, C4<0>, C4<0>, C4<0>;
v0x560d7a7d0400_0 .net "A", 0 0, L_0x560d7a923d70;  alias, 1 drivers
v0x560d7a7d04a0_0 .net "B", 0 0, L_0x560d7a9240d0;  alias, 1 drivers
v0x560d7a7d0540_0 .net "Y", 0 0, L_0x560d7a93ed10;  alias, 1 drivers
v0x560d7a7d05e0_0 .net "int_fwire_0", 0 0, L_0x560d7a93ec80;  1 drivers
S_0x560d7a7d0680 .scope module, "_0762_" "sg13g2_hv_nand2_1" 5 2115, 3 1360 1, S_0x560d7a760c50;
 .timescale -9 -11;
    .port_info 0 /OUTPUT 1 "Y";
    .port_info 1 /INPUT 1 "A";
    .port_info 2 /INPUT 1 "B";
L_0x560d7a93edf0 .functor AND 1, L_0x560d7a923d70, L_0x560d7a9240d0, C4<1>, C4<1>;
L_0x560d7a93f290 .functor NOT 1, L_0x560d7a93edf0, C4<0>, C4<0>, C4<0>;
v0x560d7a7d0810_0 .net "A", 0 0, L_0x560d7a923d70;  alias, 1 drivers
v0x560d7a7d08b0_0 .net "B", 0 0, L_0x560d7a9240d0;  alias, 1 drivers
v0x560d7a7d0950_0 .net "Y", 0 0, L_0x560d7a93f290;  alias, 1 drivers
v0x560d7a7d09f0_0 .net "int_fwire_0", 0 0, L_0x560d7a93edf0;  1 drivers
S_0x560d7a7d0a90 .scope module, "_0763_" "sg13g2_hv_nand2_1" 5 2120, 3 1360 1, S_0x560d7a760c50;
 .timescale -9 -11;
    .port_info 0 /OUTPUT 1 "Y";
    .port_info 1 /INPUT 1 "A";
    .port_info 2 /INPUT 1 "B";
L_0x560d7a93f370 .functor AND 1, L_0x560d7a923d70, L_0x560d7a9240d0, C4<1>, C4<1>;
L_0x560d7a93f400 .functor NOT 1, L_0x560d7a93f370, C4<0>, C4<0>, C4<0>;
v0x560d7a7d0c20_0 .net "A", 0 0, L_0x560d7a923d70;  alias, 1 drivers
v0x560d7a7d0cc0_0 .net "B", 0 0, L_0x560d7a9240d0;  alias, 1 drivers
v0x560d7a7d0d60_0 .net "Y", 0 0, L_0x560d7a93f400;  alias, 1 drivers
v0x560d7a7d0e00_0 .net "int_fwire_0", 0 0, L_0x560d7a93f370;  1 drivers
S_0x560d7a7d0ea0 .scope module, "_0764_" "sg13g2_hv_nand2_1" 5 2125, 3 1360 1, S_0x560d7a760c50;
 .timescale -9 -11;
    .port_info 0 /OUTPUT 1 "Y";
    .port_info 1 /INPUT 1 "A";
    .port_info 2 /INPUT 1 "B";
L_0x560d7a93f4e0 .functor AND 1, L_0x560d7a923d70, L_0x560d7a9240d0, C4<1>, C4<1>;
L_0x560d7a93f570 .functor NOT 1, L_0x560d7a93f4e0, C4<0>, C4<0>, C4<0>;
v0x560d7a7d1030_0 .net "A", 0 0, L_0x560d7a923d70;  alias, 1 drivers
v0x560d7a7d10d0_0 .net "B", 0 0, L_0x560d7a9240d0;  alias, 1 drivers
v0x560d7a7d1380_0 .net "Y", 0 0, L_0x560d7a93f570;  alias, 1 drivers
v0x560d7a7d1420_0 .net "int_fwire_0", 0 0, L_0x560d7a93f4e0;  1 drivers
S_0x560d7a7d14c0 .scope module, "_0765_" "sg13g2_hv_nand2_1" 5 2130, 3 1360 1, S_0x560d7a760c50;
 .timescale -9 -11;
    .port_info 0 /OUTPUT 1 "Y";
    .port_info 1 /INPUT 1 "A";
    .port_info 2 /INPUT 1 "B";
L_0x560d7a93f650 .functor AND 1, L_0x560d7a923d70, L_0x560d7a924520, C4<1>, C4<1>;
L_0x560d7a93f6e0 .functor NOT 1, L_0x560d7a93f650, C4<0>, C4<0>, C4<0>;
v0x560d7a7d1650_0 .net "A", 0 0, L_0x560d7a923d70;  alias, 1 drivers
v0x560d7a7d16f0_0 .net "B", 0 0, L_0x560d7a924520;  alias, 1 drivers
v0x560d7a7d1790_0 .net "Y", 0 0, L_0x560d7a93f6e0;  alias, 1 drivers
v0x560d7a7d1830_0 .net "int_fwire_0", 0 0, L_0x560d7a93f650;  1 drivers
S_0x560d7a7d18d0 .scope module, "_0766_" "sg13g2_hv_nand2_1" 5 2135, 3 1360 1, S_0x560d7a760c50;
 .timescale -9 -11;
    .port_info 0 /OUTPUT 1 "Y";
    .port_info 1 /INPUT 1 "A";
    .port_info 2 /INPUT 1 "B";
L_0x560d7a93f7c0 .functor AND 1, L_0x560d7a923d70, L_0x560d7a924520, C4<1>, C4<1>;
L_0x560d7a93f850 .functor NOT 1, L_0x560d7a93f7c0, C4<0>, C4<0>, C4<0>;
v0x560d7a7d1a60_0 .net "A", 0 0, L_0x560d7a923d70;  alias, 1 drivers
v0x560d7a7d1b00_0 .net "B", 0 0, L_0x560d7a924520;  alias, 1 drivers
v0x560d7a7d1ba0_0 .net "Y", 0 0, L_0x560d7a93f850;  alias, 1 drivers
v0x560d7a7d1c40_0 .net "int_fwire_0", 0 0, L_0x560d7a93f7c0;  1 drivers
S_0x560d7a7d1ce0 .scope module, "_0767_" "sg13g2_hv_nand2_1" 5 2140, 3 1360 1, S_0x560d7a760c50;
 .timescale -9 -11;
    .port_info 0 /OUTPUT 1 "Y";
    .port_info 1 /INPUT 1 "A";
    .port_info 2 /INPUT 1 "B";
L_0x560d7a93f930 .functor AND 1, L_0x560d7a923d70, L_0x560d7a924520, C4<1>, C4<1>;
L_0x560d7a93f9c0 .functor NOT 1, L_0x560d7a93f930, C4<0>, C4<0>, C4<0>;
v0x560d7a7d1e70_0 .net "A", 0 0, L_0x560d7a923d70;  alias, 1 drivers
v0x560d7a7d1f10_0 .net "B", 0 0, L_0x560d7a924520;  alias, 1 drivers
v0x560d7a7d1fb0_0 .net "Y", 0 0, L_0x560d7a93f9c0;  alias, 1 drivers
v0x560d7a7d2050_0 .net "int_fwire_0", 0 0, L_0x560d7a93f930;  1 drivers
S_0x560d7a7d20f0 .scope module, "_0768_" "sg13g2_hv_nand2_1" 5 2145, 3 1360 1, S_0x560d7a760c50;
 .timescale -9 -11;
    .port_info 0 /OUTPUT 1 "Y";
    .port_info 1 /INPUT 1 "A";
    .port_info 2 /INPUT 1 "B";
L_0x560d7a93faa0 .functor AND 1, L_0x560d7a923d70, L_0x560d7a924520, C4<1>, C4<1>;
L_0x560d7a93fb30 .functor NOT 1, L_0x560d7a93faa0, C4<0>, C4<0>, C4<0>;
v0x560d7a7d2280_0 .net "A", 0 0, L_0x560d7a923d70;  alias, 1 drivers
v0x560d7a7d2320_0 .net "B", 0 0, L_0x560d7a924520;  alias, 1 drivers
v0x560d7a7d23c0_0 .net "Y", 0 0, L_0x560d7a93fb30;  alias, 1 drivers
v0x560d7a7d2460_0 .net "int_fwire_0", 0 0, L_0x560d7a93faa0;  1 drivers
S_0x560d7a7d2500 .scope module, "_0769_" "sg13g2_hv_nand2_1" 5 2150, 3 1360 1, S_0x560d7a760c50;
 .timescale -9 -11;
    .port_info 0 /OUTPUT 1 "Y";
    .port_info 1 /INPUT 1 "A";
    .port_info 2 /INPUT 1 "B";
L_0x560d7a93fc10 .functor AND 1, L_0x560d7a923d70, L_0x560d7a924520, C4<1>, C4<1>;
L_0x560d7a9400b0 .functor NOT 1, L_0x560d7a93fc10, C4<0>, C4<0>, C4<0>;
v0x560d7a7d2690_0 .net "A", 0 0, L_0x560d7a923d70;  alias, 1 drivers
v0x560d7a7d2730_0 .net "B", 0 0, L_0x560d7a924520;  alias, 1 drivers
v0x560d7a7d27d0_0 .net "Y", 0 0, L_0x560d7a9400b0;  alias, 1 drivers
v0x560d7a7d2870_0 .net "int_fwire_0", 0 0, L_0x560d7a93fc10;  1 drivers
S_0x560d7a7d2910 .scope module, "_0770_" "sg13g2_hv_nand2_1" 5 2155, 3 1360 1, S_0x560d7a760c50;
 .timescale -9 -11;
    .port_info 0 /OUTPUT 1 "Y";
    .port_info 1 /INPUT 1 "A";
    .port_info 2 /INPUT 1 "B";
L_0x560d7a940190 .functor AND 1, L_0x560d7a923d70, L_0x560d7a924520, C4<1>, C4<1>;
L_0x560d7a940220 .functor NOT 1, L_0x560d7a940190, C4<0>, C4<0>, C4<0>;
v0x560d7a7d2aa0_0 .net "A", 0 0, L_0x560d7a923d70;  alias, 1 drivers
v0x560d7a7d2b40_0 .net "B", 0 0, L_0x560d7a924520;  alias, 1 drivers
v0x560d7a7d2be0_0 .net "Y", 0 0, L_0x560d7a940220;  alias, 1 drivers
v0x560d7a7d2c80_0 .net "int_fwire_0", 0 0, L_0x560d7a940190;  1 drivers
S_0x560d7a7d2d20 .scope module, "_0771_" "sg13g2_hv_nand2_1" 5 2160, 3 1360 1, S_0x560d7a760c50;
 .timescale -9 -11;
    .port_info 0 /OUTPUT 1 "Y";
    .port_info 1 /INPUT 1 "A";
    .port_info 2 /INPUT 1 "B";
L_0x560d7a940300 .functor AND 1, L_0x560d7a923d70, L_0x560d7a924520, C4<1>, C4<1>;
L_0x560d7a940390 .functor NOT 1, L_0x560d7a940300, C4<0>, C4<0>, C4<0>;
v0x560d7a0a3020_0 .net "A", 0 0, L_0x560d7a923d70;  alias, 1 drivers
v0x560d7a0a30e0_0 .net "B", 0 0, L_0x560d7a924520;  alias, 1 drivers
v0x560d7a0a33b0_0 .net "Y", 0 0, L_0x560d7a940390;  alias, 1 drivers
v0x560d7a0a3450_0 .net "int_fwire_0", 0 0, L_0x560d7a940300;  1 drivers
S_0x560d7a0a3570 .scope module, "_0772_" "sg13g2_hv_nand2_1" 5 2165, 3 1360 1, S_0x560d7a760c50;
 .timescale -9 -11;
    .port_info 0 /OUTPUT 1 "Y";
    .port_info 1 /INPUT 1 "A";
    .port_info 2 /INPUT 1 "B";
L_0x560d7a940470 .functor AND 1, L_0x560d7a923d70, L_0x560d7a9248f0, C4<1>, C4<1>;
L_0x560d7a940500 .functor NOT 1, L_0x560d7a940470, C4<0>, C4<0>, C4<0>;
v0x560d7a7d3ec0_0 .net "A", 0 0, L_0x560d7a923d70;  alias, 1 drivers
v0x560d7a7d3f60_0 .net "B", 0 0, L_0x560d7a9248f0;  alias, 1 drivers
v0x560d7a7d4000_0 .net "Y", 0 0, L_0x560d7a940500;  alias, 1 drivers
v0x560d7a7d40a0_0 .net "int_fwire_0", 0 0, L_0x560d7a940470;  1 drivers
S_0x560d7a7d4140 .scope module, "_0773_" "sg13g2_hv_nand2_1" 5 2170, 3 1360 1, S_0x560d7a760c50;
 .timescale -9 -11;
    .port_info 0 /OUTPUT 1 "Y";
    .port_info 1 /INPUT 1 "A";
    .port_info 2 /INPUT 1 "B";
L_0x560d7a9405e0 .functor AND 1, L_0x560d7a923d70, L_0x560d7a9248f0, C4<1>, C4<1>;
L_0x560d7a940670 .functor NOT 1, L_0x560d7a9405e0, C4<0>, C4<0>, C4<0>;
v0x560d7a7d42d0_0 .net "A", 0 0, L_0x560d7a923d70;  alias, 1 drivers
v0x560d7a7d4370_0 .net "B", 0 0, L_0x560d7a9248f0;  alias, 1 drivers
v0x560d7a7d4410_0 .net "Y", 0 0, L_0x560d7a940670;  alias, 1 drivers
v0x560d7a7d44b0_0 .net "int_fwire_0", 0 0, L_0x560d7a9405e0;  1 drivers
S_0x560d7a7d4550 .scope module, "_0774_" "sg13g2_hv_nand2_1" 5 2175, 3 1360 1, S_0x560d7a760c50;
 .timescale -9 -11;
    .port_info 0 /OUTPUT 1 "Y";
    .port_info 1 /INPUT 1 "A";
    .port_info 2 /INPUT 1 "B";
L_0x560d7a940750 .functor AND 1, L_0x560d7a923d70, L_0x560d7a9248f0, C4<1>, C4<1>;
L_0x560d7a9407e0 .functor NOT 1, L_0x560d7a940750, C4<0>, C4<0>, C4<0>;
v0x560d7a7d46e0_0 .net "A", 0 0, L_0x560d7a923d70;  alias, 1 drivers
v0x560d7a7d4780_0 .net "B", 0 0, L_0x560d7a9248f0;  alias, 1 drivers
v0x560d7a7d4820_0 .net "Y", 0 0, L_0x560d7a9407e0;  alias, 1 drivers
v0x560d7a7d48c0_0 .net "int_fwire_0", 0 0, L_0x560d7a940750;  1 drivers
S_0x560d7a7d4960 .scope module, "_0775_" "sg13g2_hv_nand2_1" 5 2180, 3 1360 1, S_0x560d7a760c50;
 .timescale -9 -11;
    .port_info 0 /OUTPUT 1 "Y";
    .port_info 1 /INPUT 1 "A";
    .port_info 2 /INPUT 1 "B";
L_0x560d7a9408c0 .functor AND 1, L_0x560d7a923d70, L_0x560d7a9248f0, C4<1>, C4<1>;
L_0x560d7a940950 .functor NOT 1, L_0x560d7a9408c0, C4<0>, C4<0>, C4<0>;
v0x560d7a7d4af0_0 .net "A", 0 0, L_0x560d7a923d70;  alias, 1 drivers
v0x560d7a7d4b90_0 .net "B", 0 0, L_0x560d7a9248f0;  alias, 1 drivers
v0x560d7a7d4c30_0 .net "Y", 0 0, L_0x560d7a940950;  alias, 1 drivers
v0x560d7a7d4cd0_0 .net "int_fwire_0", 0 0, L_0x560d7a9408c0;  1 drivers
S_0x560d7a7d4d70 .scope module, "_0776_" "sg13g2_hv_nand2_1" 5 2185, 3 1360 1, S_0x560d7a760c50;
 .timescale -9 -11;
    .port_info 0 /OUTPUT 1 "Y";
    .port_info 1 /INPUT 1 "A";
    .port_info 2 /INPUT 1 "B";
L_0x560d7a940a30 .functor AND 1, L_0x560d7a923d70, L_0x560d7a9248f0, C4<1>, C4<1>;
L_0x560d7a940ed0 .functor NOT 1, L_0x560d7a940a30, C4<0>, C4<0>, C4<0>;
v0x560d7a7d4f00_0 .net "A", 0 0, L_0x560d7a923d70;  alias, 1 drivers
v0x560d7a7d4fa0_0 .net "B", 0 0, L_0x560d7a9248f0;  alias, 1 drivers
v0x560d7a7d5040_0 .net "Y", 0 0, L_0x560d7a940ed0;  alias, 1 drivers
v0x560d7a7d50e0_0 .net "int_fwire_0", 0 0, L_0x560d7a940a30;  1 drivers
S_0x560d7a7d5180 .scope module, "_0777_" "sg13g2_hv_nand2_1" 5 2190, 3 1360 1, S_0x560d7a760c50;
 .timescale -9 -11;
    .port_info 0 /OUTPUT 1 "Y";
    .port_info 1 /INPUT 1 "A";
    .port_info 2 /INPUT 1 "B";
L_0x560d7a940fb0 .functor AND 1, L_0x560d7a923d70, L_0x560d7a9248f0, C4<1>, C4<1>;
L_0x560d7a941040 .functor NOT 1, L_0x560d7a940fb0, C4<0>, C4<0>, C4<0>;
v0x560d7a7d5310_0 .net "A", 0 0, L_0x560d7a923d70;  alias, 1 drivers
v0x560d7a7d53b0_0 .net "B", 0 0, L_0x560d7a9248f0;  alias, 1 drivers
v0x560d7a7d5450_0 .net "Y", 0 0, L_0x560d7a941040;  alias, 1 drivers
v0x560d7a7d54f0_0 .net "int_fwire_0", 0 0, L_0x560d7a940fb0;  1 drivers
S_0x560d7a7d5590 .scope module, "_0778_" "sg13g2_hv_nand2_1" 5 2195, 3 1360 1, S_0x560d7a760c50;
 .timescale -9 -11;
    .port_info 0 /OUTPUT 1 "Y";
    .port_info 1 /INPUT 1 "A";
    .port_info 2 /INPUT 1 "B";
L_0x560d7a941120 .functor AND 1, L_0x560d7a923d70, L_0x560d7a9248f0, C4<1>, C4<1>;
L_0x560d7a9411b0 .functor NOT 1, L_0x560d7a941120, C4<0>, C4<0>, C4<0>;
v0x560d7a7d5720_0 .net "A", 0 0, L_0x560d7a923d70;  alias, 1 drivers
v0x560d7a7d57c0_0 .net "B", 0 0, L_0x560d7a9248f0;  alias, 1 drivers
v0x560d7a7d5860_0 .net "Y", 0 0, L_0x560d7a9411b0;  alias, 1 drivers
v0x560d7a7d5900_0 .net "int_fwire_0", 0 0, L_0x560d7a941120;  1 drivers
S_0x560d7a7d59a0 .scope module, "_0779_" "sg13g2_hv_nand2_1" 5 2200, 3 1360 1, S_0x560d7a760c50;
 .timescale -9 -11;
    .port_info 0 /OUTPUT 1 "Y";
    .port_info 1 /INPUT 1 "A";
    .port_info 2 /INPUT 1 "B";
L_0x560d7a941290 .functor AND 1, L_0x560d7a923d70, L_0x560d7a924b50, C4<1>, C4<1>;
L_0x560d7a941320 .functor NOT 1, L_0x560d7a941290, C4<0>, C4<0>, C4<0>;
v0x560d7a7d5b30_0 .net "A", 0 0, L_0x560d7a923d70;  alias, 1 drivers
v0x560d7a7d5bd0_0 .net "B", 0 0, L_0x560d7a924b50;  alias, 1 drivers
v0x560d7a7d5c70_0 .net "Y", 0 0, L_0x560d7a941320;  alias, 1 drivers
v0x560d7a7d5d10_0 .net "int_fwire_0", 0 0, L_0x560d7a941290;  1 drivers
S_0x560d7a7d5db0 .scope module, "_0780_" "sg13g2_hv_nand2_1" 5 2205, 3 1360 1, S_0x560d7a760c50;
 .timescale -9 -11;
    .port_info 0 /OUTPUT 1 "Y";
    .port_info 1 /INPUT 1 "A";
    .port_info 2 /INPUT 1 "B";
L_0x560d7a941400 .functor AND 1, L_0x560d7a923d70, L_0x560d7a924b50, C4<1>, C4<1>;
L_0x560d7a941490 .functor NOT 1, L_0x560d7a941400, C4<0>, C4<0>, C4<0>;
v0x560d7a7d5f40_0 .net "A", 0 0, L_0x560d7a923d70;  alias, 1 drivers
v0x560d7a7d5fe0_0 .net "B", 0 0, L_0x560d7a924b50;  alias, 1 drivers
v0x560d7a7d6080_0 .net "Y", 0 0, L_0x560d7a941490;  alias, 1 drivers
v0x560d7a7d6120_0 .net "int_fwire_0", 0 0, L_0x560d7a941400;  1 drivers
S_0x560d7a7d61c0 .scope module, "_0781_" "sg13g2_hv_nand2_1" 5 2210, 3 1360 1, S_0x560d7a760c50;
 .timescale -9 -11;
    .port_info 0 /OUTPUT 1 "Y";
    .port_info 1 /INPUT 1 "A";
    .port_info 2 /INPUT 1 "B";
L_0x560d7a941570 .functor AND 1, L_0x560d7a923d70, L_0x560d7a924b50, C4<1>, C4<1>;
L_0x560d7a941600 .functor NOT 1, L_0x560d7a941570, C4<0>, C4<0>, C4<0>;
v0x560d7a7d6350_0 .net "A", 0 0, L_0x560d7a923d70;  alias, 1 drivers
v0x560d7a7d63f0_0 .net "B", 0 0, L_0x560d7a924b50;  alias, 1 drivers
v0x560d7a7d6490_0 .net "Y", 0 0, L_0x560d7a941600;  alias, 1 drivers
v0x560d7a7d6530_0 .net "int_fwire_0", 0 0, L_0x560d7a941570;  1 drivers
S_0x560d7a7d65d0 .scope module, "_0782_" "sg13g2_hv_nand2_1" 5 2215, 3 1360 1, S_0x560d7a760c50;
 .timescale -9 -11;
    .port_info 0 /OUTPUT 1 "Y";
    .port_info 1 /INPUT 1 "A";
    .port_info 2 /INPUT 1 "B";
L_0x560d7a9416e0 .functor AND 1, L_0x560d7a923d70, L_0x560d7a924b50, C4<1>, C4<1>;
L_0x560d7a941770 .functor NOT 1, L_0x560d7a9416e0, C4<0>, C4<0>, C4<0>;
v0x560d7a7d6760_0 .net "A", 0 0, L_0x560d7a923d70;  alias, 1 drivers
v0x560d7a7d6800_0 .net "B", 0 0, L_0x560d7a924b50;  alias, 1 drivers
v0x560d7a7d68a0_0 .net "Y", 0 0, L_0x560d7a941770;  alias, 1 drivers
v0x560d7a7d6940_0 .net "int_fwire_0", 0 0, L_0x560d7a9416e0;  1 drivers
S_0x560d7a7d69e0 .scope module, "_0783_" "sg13g2_hv_nand2_1" 5 2220, 3 1360 1, S_0x560d7a760c50;
 .timescale -9 -11;
    .port_info 0 /OUTPUT 1 "Y";
    .port_info 1 /INPUT 1 "A";
    .port_info 2 /INPUT 1 "B";
L_0x560d7a941850 .functor AND 1, L_0x560d7a923d70, L_0x560d7a924b50, C4<1>, C4<1>;
L_0x560d7a941cf0 .functor NOT 1, L_0x560d7a941850, C4<0>, C4<0>, C4<0>;
v0x560d7a7d6b70_0 .net "A", 0 0, L_0x560d7a923d70;  alias, 1 drivers
v0x560d7a7d6c10_0 .net "B", 0 0, L_0x560d7a924b50;  alias, 1 drivers
v0x560d7a7d6cb0_0 .net "Y", 0 0, L_0x560d7a941cf0;  alias, 1 drivers
v0x560d7a7d6d50_0 .net "int_fwire_0", 0 0, L_0x560d7a941850;  1 drivers
S_0x560d7a7d6df0 .scope module, "_0784_" "sg13g2_hv_nand2_1" 5 2225, 3 1360 1, S_0x560d7a760c50;
 .timescale -9 -11;
    .port_info 0 /OUTPUT 1 "Y";
    .port_info 1 /INPUT 1 "A";
    .port_info 2 /INPUT 1 "B";
L_0x560d7a941dd0 .functor AND 1, L_0x560d7a923d70, L_0x560d7a924b50, C4<1>, C4<1>;
L_0x560d7a941e60 .functor NOT 1, L_0x560d7a941dd0, C4<0>, C4<0>, C4<0>;
v0x560d7a7d6f80_0 .net "A", 0 0, L_0x560d7a923d70;  alias, 1 drivers
v0x560d7a7d7020_0 .net "B", 0 0, L_0x560d7a924b50;  alias, 1 drivers
v0x560d7a7d70c0_0 .net "Y", 0 0, L_0x560d7a941e60;  alias, 1 drivers
v0x560d7a7d7160_0 .net "int_fwire_0", 0 0, L_0x560d7a941dd0;  1 drivers
S_0x560d7a7d7200 .scope module, "_0785_" "sg13g2_hv_nand2_1" 5 2230, 3 1360 1, S_0x560d7a760c50;
 .timescale -9 -11;
    .port_info 0 /OUTPUT 1 "Y";
    .port_info 1 /INPUT 1 "A";
    .port_info 2 /INPUT 1 "B";
L_0x560d7a941f40 .functor AND 1, L_0x560d7a923d70, L_0x560d7a924b50, C4<1>, C4<1>;
L_0x560d7a941fd0 .functor NOT 1, L_0x560d7a941f40, C4<0>, C4<0>, C4<0>;
v0x560d7a7d7390_0 .net "A", 0 0, L_0x560d7a923d70;  alias, 1 drivers
v0x560d7a7d7430_0 .net "B", 0 0, L_0x560d7a924b50;  alias, 1 drivers
v0x560d7a7d76e0_0 .net "Y", 0 0, L_0x560d7a941fd0;  alias, 1 drivers
v0x560d7a7d7780_0 .net "int_fwire_0", 0 0, L_0x560d7a941f40;  1 drivers
S_0x560d7a7d7820 .scope module, "_0786_" "sg13g2_hv_nand2_1" 5 2235, 3 1360 1, S_0x560d7a760c50;
 .timescale -9 -11;
    .port_info 0 /OUTPUT 1 "Y";
    .port_info 1 /INPUT 1 "A";
    .port_info 2 /INPUT 1 "B";
L_0x560d7a9420b0 .functor AND 1, L_0x560d7a923d70, L_0x560d7a924ec0, C4<1>, C4<1>;
L_0x560d7a942140 .functor NOT 1, L_0x560d7a9420b0, C4<0>, C4<0>, C4<0>;
v0x560d7a7d79b0_0 .net "A", 0 0, L_0x560d7a923d70;  alias, 1 drivers
v0x560d7a7d7a50_0 .net "B", 0 0, L_0x560d7a924ec0;  alias, 1 drivers
v0x560d7a7d7af0_0 .net "Y", 0 0, L_0x560d7a942140;  alias, 1 drivers
v0x560d7a7d7b90_0 .net "int_fwire_0", 0 0, L_0x560d7a9420b0;  1 drivers
S_0x560d7a7d7c30 .scope module, "_0787_" "sg13g2_hv_nand2_1" 5 2240, 3 1360 1, S_0x560d7a760c50;
 .timescale -9 -11;
    .port_info 0 /OUTPUT 1 "Y";
    .port_info 1 /INPUT 1 "A";
    .port_info 2 /INPUT 1 "B";
L_0x560d7a942220 .functor AND 1, L_0x560d7a923d70, L_0x560d7a924ec0, C4<1>, C4<1>;
L_0x560d7a9422b0 .functor NOT 1, L_0x560d7a942220, C4<0>, C4<0>, C4<0>;
v0x560d7a7d7dc0_0 .net "A", 0 0, L_0x560d7a923d70;  alias, 1 drivers
v0x560d7a7d7e60_0 .net "B", 0 0, L_0x560d7a924ec0;  alias, 1 drivers
v0x560d7a7d7f00_0 .net "Y", 0 0, L_0x560d7a9422b0;  alias, 1 drivers
v0x560d7a7d7fa0_0 .net "int_fwire_0", 0 0, L_0x560d7a942220;  1 drivers
S_0x560d7a7d8040 .scope module, "_0788_" "sg13g2_hv_nand2_1" 5 2245, 3 1360 1, S_0x560d7a760c50;
 .timescale -9 -11;
    .port_info 0 /OUTPUT 1 "Y";
    .port_info 1 /INPUT 1 "A";
    .port_info 2 /INPUT 1 "B";
L_0x560d7a942390 .functor AND 1, L_0x560d7a923d70, L_0x560d7a924ec0, C4<1>, C4<1>;
L_0x560d7a942420 .functor NOT 1, L_0x560d7a942390, C4<0>, C4<0>, C4<0>;
v0x560d7a7d81d0_0 .net "A", 0 0, L_0x560d7a923d70;  alias, 1 drivers
v0x560d7a7d8270_0 .net "B", 0 0, L_0x560d7a924ec0;  alias, 1 drivers
v0x560d7a7d8310_0 .net "Y", 0 0, L_0x560d7a942420;  alias, 1 drivers
v0x560d7a7d83b0_0 .net "int_fwire_0", 0 0, L_0x560d7a942390;  1 drivers
S_0x560d7a7d8450 .scope module, "_0789_" "sg13g2_hv_nand2_1" 5 2250, 3 1360 1, S_0x560d7a760c50;
 .timescale -9 -11;
    .port_info 0 /OUTPUT 1 "Y";
    .port_info 1 /INPUT 1 "A";
    .port_info 2 /INPUT 1 "B";
L_0x560d7a942500 .functor AND 1, L_0x560d7a923d70, L_0x560d7a924ec0, C4<1>, C4<1>;
L_0x560d7a942590 .functor NOT 1, L_0x560d7a942500, C4<0>, C4<0>, C4<0>;
v0x560d7a7d85e0_0 .net "A", 0 0, L_0x560d7a923d70;  alias, 1 drivers
v0x560d7a7d8680_0 .net "B", 0 0, L_0x560d7a924ec0;  alias, 1 drivers
v0x560d7a7d8720_0 .net "Y", 0 0, L_0x560d7a942590;  alias, 1 drivers
v0x560d7a7d87c0_0 .net "int_fwire_0", 0 0, L_0x560d7a942500;  1 drivers
S_0x560d7a7d8860 .scope module, "_0790_" "sg13g2_hv_nand2_1" 5 2255, 3 1360 1, S_0x560d7a760c50;
 .timescale -9 -11;
    .port_info 0 /OUTPUT 1 "Y";
    .port_info 1 /INPUT 1 "A";
    .port_info 2 /INPUT 1 "B";
L_0x560d7a942670 .functor AND 1, L_0x560d7a923d70, L_0x560d7a924ec0, C4<1>, C4<1>;
L_0x560d7a942b10 .functor NOT 1, L_0x560d7a942670, C4<0>, C4<0>, C4<0>;
v0x560d7a7d89f0_0 .net "A", 0 0, L_0x560d7a923d70;  alias, 1 drivers
v0x560d7a7d8a90_0 .net "B", 0 0, L_0x560d7a924ec0;  alias, 1 drivers
v0x560d7a7d8b30_0 .net "Y", 0 0, L_0x560d7a942b10;  alias, 1 drivers
v0x560d7a7d8bd0_0 .net "int_fwire_0", 0 0, L_0x560d7a942670;  1 drivers
S_0x560d7a7d8c70 .scope module, "_0791_" "sg13g2_hv_nand2_1" 5 2260, 3 1360 1, S_0x560d7a760c50;
 .timescale -9 -11;
    .port_info 0 /OUTPUT 1 "Y";
    .port_info 1 /INPUT 1 "A";
    .port_info 2 /INPUT 1 "B";
L_0x560d7a942bf0 .functor AND 1, L_0x560d7a923d70, L_0x560d7a924ec0, C4<1>, C4<1>;
L_0x560d7a942c80 .functor NOT 1, L_0x560d7a942bf0, C4<0>, C4<0>, C4<0>;
v0x560d7a7d8e00_0 .net "A", 0 0, L_0x560d7a923d70;  alias, 1 drivers
v0x560d7a7d8ea0_0 .net "B", 0 0, L_0x560d7a924ec0;  alias, 1 drivers
v0x560d7a7d8f40_0 .net "Y", 0 0, L_0x560d7a942c80;  alias, 1 drivers
v0x560d7a7d8fe0_0 .net "int_fwire_0", 0 0, L_0x560d7a942bf0;  1 drivers
S_0x560d7a7d9080 .scope module, "_0792_" "sg13g2_hv_nand2_1" 5 2265, 3 1360 1, S_0x560d7a760c50;
 .timescale -9 -11;
    .port_info 0 /OUTPUT 1 "Y";
    .port_info 1 /INPUT 1 "A";
    .port_info 2 /INPUT 1 "B";
L_0x560d7a942d60 .functor AND 1, L_0x560d7a923d70, L_0x560d7a924ec0, C4<1>, C4<1>;
L_0x560d7a942df0 .functor NOT 1, L_0x560d7a942d60, C4<0>, C4<0>, C4<0>;
v0x560d7a7d9210_0 .net "A", 0 0, L_0x560d7a923d70;  alias, 1 drivers
v0x560d7a7d92b0_0 .net "B", 0 0, L_0x560d7a924ec0;  alias, 1 drivers
v0x560d7a7d9560_0 .net "Y", 0 0, L_0x560d7a942df0;  alias, 1 drivers
v0x560d7a7d9600_0 .net "int_fwire_0", 0 0, L_0x560d7a942d60;  1 drivers
S_0x560d7a7d96a0 .scope module, "_0793_" "sg13g2_hv_nand2_1" 5 2270, 3 1360 1, S_0x560d7a760c50;
 .timescale -9 -11;
    .port_info 0 /OUTPUT 1 "Y";
    .port_info 1 /INPUT 1 "A";
    .port_info 2 /INPUT 1 "B";
L_0x560d7a942ed0 .functor AND 1, L_0x560d7a923d70, L_0x560d7a925120, C4<1>, C4<1>;
L_0x560d7a942f60 .functor NOT 1, L_0x560d7a942ed0, C4<0>, C4<0>, C4<0>;
v0x560d7a7d9830_0 .net "A", 0 0, L_0x560d7a923d70;  alias, 1 drivers
v0x560d7a7d98d0_0 .net "B", 0 0, L_0x560d7a925120;  alias, 1 drivers
v0x560d7a7d9970_0 .net "Y", 0 0, L_0x560d7a942f60;  alias, 1 drivers
v0x560d7a7d9a10_0 .net "int_fwire_0", 0 0, L_0x560d7a942ed0;  1 drivers
S_0x560d7a7d9ab0 .scope module, "_0794_" "sg13g2_hv_nand2_1" 5 2275, 3 1360 1, S_0x560d7a760c50;
 .timescale -9 -11;
    .port_info 0 /OUTPUT 1 "Y";
    .port_info 1 /INPUT 1 "A";
    .port_info 2 /INPUT 1 "B";
L_0x560d7a943040 .functor AND 1, L_0x560d7a923d70, L_0x560d7a925120, C4<1>, C4<1>;
L_0x560d7a9430d0 .functor NOT 1, L_0x560d7a943040, C4<0>, C4<0>, C4<0>;
v0x560d7a7d9c40_0 .net "A", 0 0, L_0x560d7a923d70;  alias, 1 drivers
v0x560d7a7d9ce0_0 .net "B", 0 0, L_0x560d7a925120;  alias, 1 drivers
v0x560d7a7d9d80_0 .net "Y", 0 0, L_0x560d7a9430d0;  alias, 1 drivers
v0x560d7a7d9e20_0 .net "int_fwire_0", 0 0, L_0x560d7a943040;  1 drivers
S_0x560d7a7d9ec0 .scope module, "_0795_" "sg13g2_hv_nand2_1" 5 2280, 3 1360 1, S_0x560d7a760c50;
 .timescale -9 -11;
    .port_info 0 /OUTPUT 1 "Y";
    .port_info 1 /INPUT 1 "A";
    .port_info 2 /INPUT 1 "B";
L_0x560d7a9431b0 .functor AND 1, L_0x560d7a923d70, L_0x560d7a925120, C4<1>, C4<1>;
L_0x560d7a943240 .functor NOT 1, L_0x560d7a9431b0, C4<0>, C4<0>, C4<0>;
v0x560d7a7da050_0 .net "A", 0 0, L_0x560d7a923d70;  alias, 1 drivers
v0x560d7a7da0f0_0 .net "B", 0 0, L_0x560d7a925120;  alias, 1 drivers
v0x560d7a7da190_0 .net "Y", 0 0, L_0x560d7a943240;  alias, 1 drivers
v0x560d7a7da230_0 .net "int_fwire_0", 0 0, L_0x560d7a9431b0;  1 drivers
S_0x560d7a7da2d0 .scope module, "_0796_" "sg13g2_hv_nand2_1" 5 2285, 3 1360 1, S_0x560d7a760c50;
 .timescale -9 -11;
    .port_info 0 /OUTPUT 1 "Y";
    .port_info 1 /INPUT 1 "A";
    .port_info 2 /INPUT 1 "B";
L_0x560d7a943320 .functor AND 1, L_0x560d7a923d70, L_0x560d7a925120, C4<1>, C4<1>;
L_0x560d7a9433b0 .functor NOT 1, L_0x560d7a943320, C4<0>, C4<0>, C4<0>;
v0x560d7a7da460_0 .net "A", 0 0, L_0x560d7a923d70;  alias, 1 drivers
v0x560d7a7da500_0 .net "B", 0 0, L_0x560d7a925120;  alias, 1 drivers
v0x560d7a7da5a0_0 .net "Y", 0 0, L_0x560d7a9433b0;  alias, 1 drivers
v0x560d7a7da640_0 .net "int_fwire_0", 0 0, L_0x560d7a943320;  1 drivers
S_0x560d7a7da6e0 .scope module, "_0797_" "sg13g2_hv_nand2_1" 5 2290, 3 1360 1, S_0x560d7a760c50;
 .timescale -9 -11;
    .port_info 0 /OUTPUT 1 "Y";
    .port_info 1 /INPUT 1 "A";
    .port_info 2 /INPUT 1 "B";
L_0x560d7a943490 .functor AND 1, L_0x560d7a923d70, L_0x560d7a925120, C4<1>, C4<1>;
L_0x560d7a7db1d0 .functor NOT 1, L_0x560d7a943490, C4<0>, C4<0>, C4<0>;
v0x560d7a7da870_0 .net "A", 0 0, L_0x560d7a923d70;  alias, 1 drivers
v0x560d7a7da910_0 .net "B", 0 0, L_0x560d7a925120;  alias, 1 drivers
v0x560d7a7da9b0_0 .net "Y", 0 0, L_0x560d7a7db1d0;  alias, 1 drivers
v0x560d7a7daa50_0 .net "int_fwire_0", 0 0, L_0x560d7a943490;  1 drivers
S_0x560d7a7daaf0 .scope module, "_0798_" "sg13g2_hv_nand2_1" 5 2295, 3 1360 1, S_0x560d7a760c50;
 .timescale -9 -11;
    .port_info 0 /OUTPUT 1 "Y";
    .port_info 1 /INPUT 1 "A";
    .port_info 2 /INPUT 1 "B";
L_0x560d7a7db2b0 .functor AND 1, L_0x560d7a923d70, L_0x560d7a925120, C4<1>, C4<1>;
L_0x560d7a7db340 .functor NOT 1, L_0x560d7a7db2b0, C4<0>, C4<0>, C4<0>;
v0x560d7a7dac80_0 .net "A", 0 0, L_0x560d7a923d70;  alias, 1 drivers
v0x560d7a7dad20_0 .net "B", 0 0, L_0x560d7a925120;  alias, 1 drivers
v0x560d7a7dadc0_0 .net "Y", 0 0, L_0x560d7a7db340;  alias, 1 drivers
v0x560d7a7dae60_0 .net "int_fwire_0", 0 0, L_0x560d7a7db2b0;  1 drivers
S_0x560d7a7daf00 .scope module, "_0799_" "sg13g2_hv_nand2_1" 5 2300, 3 1360 1, S_0x560d7a760c50;
 .timescale -9 -11;
    .port_info 0 /OUTPUT 1 "Y";
    .port_info 1 /INPUT 1 "A";
    .port_info 2 /INPUT 1 "B";
L_0x560d7a943980 .functor AND 1, L_0x560d7a923d70, L_0x560d7a925120, C4<1>, C4<1>;
L_0x560d7a943a10 .functor NOT 1, L_0x560d7a943980, C4<0>, C4<0>, C4<0>;
v0x560d7a7db090_0 .net "A", 0 0, L_0x560d7a923d70;  alias, 1 drivers
v0x560d7a7db130_0 .net "B", 0 0, L_0x560d7a925120;  alias, 1 drivers
v0x560d7a0fc060_0 .net "Y", 0 0, L_0x560d7a943a10;  alias, 1 drivers
v0x560d7a7db3e0_0 .net "int_fwire_0", 0 0, L_0x560d7a943980;  1 drivers
S_0x560d7a7db480 .scope module, "_0800_" "sg13g2_hv_nand2_1" 5 2305, 3 1360 1, S_0x560d7a760c50;
 .timescale -9 -11;
    .port_info 0 /OUTPUT 1 "Y";
    .port_info 1 /INPUT 1 "A";
    .port_info 2 /INPUT 1 "B";
L_0x560d7a943af0 .functor AND 1, L_0x560d7a923d70, L_0x560d7a925380, C4<1>, C4<1>;
L_0x560d7a943b80 .functor NOT 1, L_0x560d7a943af0, C4<0>, C4<0>, C4<0>;
v0x560d7a7db610_0 .net "A", 0 0, L_0x560d7a923d70;  alias, 1 drivers
v0x560d7a7db6b0_0 .net "B", 0 0, L_0x560d7a925380;  alias, 1 drivers
v0x560d7a7db750_0 .net "Y", 0 0, L_0x560d7a943b80;  alias, 1 drivers
v0x560d7a7db7f0_0 .net "int_fwire_0", 0 0, L_0x560d7a943af0;  1 drivers
S_0x560d7a7db890 .scope module, "_0801_" "sg13g2_hv_nand2_1" 5 2310, 3 1360 1, S_0x560d7a760c50;
 .timescale -9 -11;
    .port_info 0 /OUTPUT 1 "Y";
    .port_info 1 /INPUT 1 "A";
    .port_info 2 /INPUT 1 "B";
L_0x560d7a943c60 .functor AND 1, L_0x560d7a923d70, L_0x560d7a925380, C4<1>, C4<1>;
L_0x560d7a943cf0 .functor NOT 1, L_0x560d7a943c60, C4<0>, C4<0>, C4<0>;
v0x560d7a7dba20_0 .net "A", 0 0, L_0x560d7a923d70;  alias, 1 drivers
v0x560d7a7dbac0_0 .net "B", 0 0, L_0x560d7a925380;  alias, 1 drivers
v0x560d7a7dbb60_0 .net "Y", 0 0, L_0x560d7a943cf0;  alias, 1 drivers
v0x560d7a7dbc00_0 .net "int_fwire_0", 0 0, L_0x560d7a943c60;  1 drivers
S_0x560d7a7dbca0 .scope module, "_0802_" "sg13g2_hv_nand2_1" 5 2315, 3 1360 1, S_0x560d7a760c50;
 .timescale -9 -11;
    .port_info 0 /OUTPUT 1 "Y";
    .port_info 1 /INPUT 1 "A";
    .port_info 2 /INPUT 1 "B";
L_0x560d7a943dd0 .functor AND 1, L_0x560d7a923d70, L_0x560d7a925380, C4<1>, C4<1>;
L_0x560d7a943e60 .functor NOT 1, L_0x560d7a943dd0, C4<0>, C4<0>, C4<0>;
v0x560d7a7dbe30_0 .net "A", 0 0, L_0x560d7a923d70;  alias, 1 drivers
v0x560d7a7dbed0_0 .net "B", 0 0, L_0x560d7a925380;  alias, 1 drivers
v0x560d7a7dbf70_0 .net "Y", 0 0, L_0x560d7a943e60;  alias, 1 drivers
v0x560d7a7dc010_0 .net "int_fwire_0", 0 0, L_0x560d7a943dd0;  1 drivers
S_0x560d7a7dc0b0 .scope module, "_0803_" "sg13g2_hv_nand2_1" 5 2320, 3 1360 1, S_0x560d7a760c50;
 .timescale -9 -11;
    .port_info 0 /OUTPUT 1 "Y";
    .port_info 1 /INPUT 1 "A";
    .port_info 2 /INPUT 1 "B";
L_0x560d7a943f40 .functor AND 1, L_0x560d7a923d70, L_0x560d7a925380, C4<1>, C4<1>;
L_0x560d7a943fd0 .functor NOT 1, L_0x560d7a943f40, C4<0>, C4<0>, C4<0>;
v0x560d7a7dc240_0 .net "A", 0 0, L_0x560d7a923d70;  alias, 1 drivers
v0x560d7a7dc2e0_0 .net "B", 0 0, L_0x560d7a925380;  alias, 1 drivers
v0x560d7a7dc380_0 .net "Y", 0 0, L_0x560d7a943fd0;  alias, 1 drivers
v0x560d7a7dc420_0 .net "int_fwire_0", 0 0, L_0x560d7a943f40;  1 drivers
S_0x560d7a7dc4c0 .scope module, "_0804_" "sg13g2_hv_nand2_1" 5 2325, 3 1360 1, S_0x560d7a760c50;
 .timescale -9 -11;
    .port_info 0 /OUTPUT 1 "Y";
    .port_info 1 /INPUT 1 "A";
    .port_info 2 /INPUT 1 "B";
L_0x560d7a9440b0 .functor AND 1, L_0x560d7a923d70, L_0x560d7a925380, C4<1>, C4<1>;
L_0x560d7a7dd7c0 .functor NOT 1, L_0x560d7a9440b0, C4<0>, C4<0>, C4<0>;
v0x560d7a7dc650_0 .net "A", 0 0, L_0x560d7a923d70;  alias, 1 drivers
v0x560d7a7dc6f0_0 .net "B", 0 0, L_0x560d7a925380;  alias, 1 drivers
v0x560d7a7dc790_0 .net "Y", 0 0, L_0x560d7a7dd7c0;  alias, 1 drivers
v0x560d7a7dc830_0 .net "int_fwire_0", 0 0, L_0x560d7a9440b0;  1 drivers
S_0x560d7a7dc8d0 .scope module, "_0805_" "sg13g2_hv_nand2_1" 5 2330, 3 1360 1, S_0x560d7a760c50;
 .timescale -9 -11;
    .port_info 0 /OUTPUT 1 "Y";
    .port_info 1 /INPUT 1 "A";
    .port_info 2 /INPUT 1 "B";
L_0x560d7a7dd8a0 .functor AND 1, L_0x560d7a923d70, L_0x560d7a925380, C4<1>, C4<1>;
L_0x560d7a7dd930 .functor NOT 1, L_0x560d7a7dd8a0, C4<0>, C4<0>, C4<0>;
v0x560d7a7dca60_0 .net "A", 0 0, L_0x560d7a923d70;  alias, 1 drivers
v0x560d7a7dcb00_0 .net "B", 0 0, L_0x560d7a925380;  alias, 1 drivers
v0x560d7a7dcba0_0 .net "Y", 0 0, L_0x560d7a7dd930;  alias, 1 drivers
v0x560d7a7dcc40_0 .net "int_fwire_0", 0 0, L_0x560d7a7dd8a0;  1 drivers
S_0x560d7a7dcce0 .scope module, "_0806_" "sg13g2_hv_nand2_1" 5 2335, 3 1360 1, S_0x560d7a760c50;
 .timescale -9 -11;
    .port_info 0 /OUTPUT 1 "Y";
    .port_info 1 /INPUT 1 "A";
    .port_info 2 /INPUT 1 "B";
L_0x560d7a7dd370 .functor AND 1, L_0x560d7a923d70, L_0x560d7a925380, C4<1>, C4<1>;
L_0x560d7a7dd400 .functor NOT 1, L_0x560d7a7dd370, C4<0>, C4<0>, C4<0>;
v0x560d7a7dce70_0 .net "A", 0 0, L_0x560d7a923d70;  alias, 1 drivers
v0x560d7a7dd720_0 .net "B", 0 0, L_0x560d7a925380;  alias, 1 drivers
v0x560d7a105060_0 .net "Y", 0 0, L_0x560d7a7dd400;  alias, 1 drivers
v0x560d7a7dd9d0_0 .net "int_fwire_0", 0 0, L_0x560d7a7dd370;  1 drivers
S_0x560d7a7dda70 .scope module, "_0807_" "sg13g2_hv_inv_1" 5 2340, 3 1125 1, S_0x560d7a760c50;
 .timescale -9 -11;
    .port_info 0 /OUTPUT 1 "Y";
    .port_info 1 /INPUT 1 "A";
L_0x560d7a7dd4e0 .functor NOT 1, L_0x560d7a9b09d0, C4<0>, C4<0>, C4<0>;
v0x560d7a7ddc00_0 .net "A", 0 0, L_0x560d7a9b09d0;  alias, 1 drivers
v0x560d7a7ddca0_0 .net "Y", 0 0, L_0x560d7a7dd4e0;  alias, 1 drivers
S_0x560d7a7ddd40 .scope module, "_0808_" "sg13g2_hv_and2_1" 5 2344, 3 191 1, S_0x560d7a760c50;
 .timescale -9 -11;
    .port_info 0 /OUTPUT 1 "X";
    .port_info 1 /INPUT 1 "A";
    .port_info 2 /INPUT 1 "B";
L_0x560d7a7dd590 .functor AND 1, L_0x560d7a922300, L_0x560d7a9256a0, C4<1>, C4<1>;
v0x560d7a7dded0_0 .net "A", 0 0, L_0x560d7a922300;  alias, 1 drivers
v0x560d7a7ddf70_0 .net "B", 0 0, L_0x560d7a9256a0;  alias, 1 drivers
v0x560d7a7de010_0 .net "X", 0 0, L_0x560d7a7dd590;  alias, 1 drivers
S_0x560d7a7de0b0 .scope module, "_0809_" "sg13g2_hv_and2_1" 5 2349, 3 191 1, S_0x560d7a760c50;
 .timescale -9 -11;
    .port_info 0 /OUTPUT 1 "X";
    .port_info 1 /INPUT 1 "A";
    .port_info 2 /INPUT 1 "B";
L_0x560d7a7dd640 .functor AND 1, L_0x560d7a922300, L_0x560d7a9256a0, C4<1>, C4<1>;
v0x560d7a7de240_0 .net "A", 0 0, L_0x560d7a922300;  alias, 1 drivers
v0x560d7a7de2e0_0 .net "B", 0 0, L_0x560d7a9256a0;  alias, 1 drivers
v0x560d7a7de380_0 .net "X", 0 0, L_0x560d7a7dd640;  alias, 1 drivers
S_0x560d7a7de420 .scope module, "_0810_" "sg13g2_hv_and2_1" 5 2354, 3 191 1, S_0x560d7a760c50;
 .timescale -9 -11;
    .port_info 0 /OUTPUT 1 "X";
    .port_info 1 /INPUT 1 "A";
    .port_info 2 /INPUT 1 "B";
L_0x560d7a945150 .functor AND 1, L_0x560d7a922300, L_0x560d7a9256a0, C4<1>, C4<1>;
v0x560d7a7de5b0_0 .net "A", 0 0, L_0x560d7a922300;  alias, 1 drivers
v0x560d7a7de650_0 .net "B", 0 0, L_0x560d7a9256a0;  alias, 1 drivers
v0x560d7a7de6f0_0 .net "X", 0 0, L_0x560d7a945150;  alias, 1 drivers
S_0x560d7a7de790 .scope module, "_0811_" "sg13g2_hv_nand2b_1" 5 2359, 3 1416 1, S_0x560d7a760c50;
 .timescale -9 -11;
    .port_info 0 /OUTPUT 1 "Y";
    .port_info 1 /INPUT 1 "A_N";
    .port_info 2 /INPUT 1 "B";
L_0x560d7a9451e0 .functor NOT 1, L_0x560d7a923070, C4<0>, C4<0>, C4<0>;
L_0x560d7a945270 .functor AND 1, L_0x560d7a9451e0, L_0x560d7a922840, C4<1>, C4<1>;
L_0x560d7a945380 .functor NOT 1, L_0x560d7a945270, C4<0>, C4<0>, C4<0>;
v0x560d7a7de920_0 .net "A_N", 0 0, L_0x560d7a923070;  alias, 1 drivers
v0x560d7a7de9c0_0 .net "A_N__bar", 0 0, L_0x560d7a9451e0;  1 drivers
v0x560d7a7dea60_0 .net "B", 0 0, L_0x560d7a922840;  alias, 1 drivers
v0x560d7a7deb00_0 .net "Y", 0 0, L_0x560d7a945380;  alias, 1 drivers
v0x560d7a7deba0_0 .net "int_fwire_0", 0 0, L_0x560d7a945270;  1 drivers
S_0x560d7a7dec40 .scope module, "_0812_" "sg13g2_hv_nand2b_1" 5 2364, 3 1416 1, S_0x560d7a760c50;
 .timescale -9 -11;
    .port_info 0 /OUTPUT 1 "Y";
    .port_info 1 /INPUT 1 "A_N";
    .port_info 2 /INPUT 1 "B";
L_0x560d7a945440 .functor NOT 1, L_0x560d7a923070, C4<0>, C4<0>, C4<0>;
L_0x560d7a9454d0 .functor AND 1, L_0x560d7a945440, L_0x560d7a922840, C4<1>, C4<1>;
L_0x560d7a9455b0 .functor NOT 1, L_0x560d7a9454d0, C4<0>, C4<0>, C4<0>;
v0x560d7a7dedd0_0 .net "A_N", 0 0, L_0x560d7a923070;  alias, 1 drivers
v0x560d7a7dee70_0 .net "A_N__bar", 0 0, L_0x560d7a945440;  1 drivers
v0x560d7a7def10_0 .net "B", 0 0, L_0x560d7a922840;  alias, 1 drivers
v0x560d7a7defb0_0 .net "Y", 0 0, L_0x560d7a9455b0;  alias, 1 drivers
v0x560d7a7df050_0 .net "int_fwire_0", 0 0, L_0x560d7a9454d0;  1 drivers
S_0x560d7a7df0f0 .scope module, "_0813_" "sg13g2_hv_nand2b_1" 5 2369, 3 1416 1, S_0x560d7a760c50;
 .timescale -9 -11;
    .port_info 0 /OUTPUT 1 "Y";
    .port_info 1 /INPUT 1 "A_N";
    .port_info 2 /INPUT 1 "B";
L_0x560d7a945670 .functor NOT 1, L_0x560d7a923070, C4<0>, C4<0>, C4<0>;
L_0x560d7a945700 .functor AND 1, L_0x560d7a945670, L_0x560d7a922840, C4<1>, C4<1>;
L_0x560d7a9457e0 .functor NOT 1, L_0x560d7a945700, C4<0>, C4<0>, C4<0>;
v0x560d7a7df280_0 .net "A_N", 0 0, L_0x560d7a923070;  alias, 1 drivers
v0x560d7a7df320_0 .net "A_N__bar", 0 0, L_0x560d7a945670;  1 drivers
v0x560d7a7df3c0_0 .net "B", 0 0, L_0x560d7a922840;  alias, 1 drivers
v0x560d7a7df460_0 .net "Y", 0 0, L_0x560d7a9457e0;  alias, 1 drivers
v0x560d7a7df500_0 .net "int_fwire_0", 0 0, L_0x560d7a945700;  1 drivers
S_0x560d7a7df5a0 .scope module, "_0814_" "sg13g2_hv_nand2b_1" 5 2374, 3 1416 1, S_0x560d7a760c50;
 .timescale -9 -11;
    .port_info 0 /OUTPUT 1 "Y";
    .port_info 1 /INPUT 1 "A_N";
    .port_info 2 /INPUT 1 "B";
L_0x560d7a9458c0 .functor NOT 1, L_0x560d7a923070, C4<0>, C4<0>, C4<0>;
L_0x560d7a945950 .functor AND 1, L_0x560d7a9458c0, L_0x560d7a922840, C4<1>, C4<1>;
L_0x560d7a945a30 .functor NOT 1, L_0x560d7a945950, C4<0>, C4<0>, C4<0>;
v0x560d7a7df730_0 .net "A_N", 0 0, L_0x560d7a923070;  alias, 1 drivers
v0x560d7a7df7d0_0 .net "A_N__bar", 0 0, L_0x560d7a9458c0;  1 drivers
v0x560d7a7df870_0 .net "B", 0 0, L_0x560d7a922840;  alias, 1 drivers
v0x560d7a7df910_0 .net "Y", 0 0, L_0x560d7a945a30;  alias, 1 drivers
v0x560d7a7df9b0_0 .net "int_fwire_0", 0 0, L_0x560d7a945950;  1 drivers
S_0x560d7a7dfa50 .scope module, "_0815_" "sg13g2_hv_nand2b_1" 5 2379, 3 1416 1, S_0x560d7a760c50;
 .timescale -9 -11;
    .port_info 0 /OUTPUT 1 "Y";
    .port_info 1 /INPUT 1 "A_N";
    .port_info 2 /INPUT 1 "B";
L_0x560d7a945b10 .functor NOT 1, L_0x560d7a923070, C4<0>, C4<0>, C4<0>;
L_0x560d7a945ba0 .functor AND 1, L_0x560d7a945b10, L_0x560d7a922840, C4<1>, C4<1>;
L_0x560d7a945c80 .functor NOT 1, L_0x560d7a945ba0, C4<0>, C4<0>, C4<0>;
v0x560d7a7dfbe0_0 .net "A_N", 0 0, L_0x560d7a923070;  alias, 1 drivers
v0x560d7a7dfc80_0 .net "A_N__bar", 0 0, L_0x560d7a945b10;  1 drivers
v0x560d7a7dfd20_0 .net "B", 0 0, L_0x560d7a922840;  alias, 1 drivers
v0x560d7a7dffd0_0 .net "Y", 0 0, L_0x560d7a945c80;  alias, 1 drivers
v0x560d7a7e0070_0 .net "int_fwire_0", 0 0, L_0x560d7a945ba0;  1 drivers
S_0x560d7a7e0110 .scope module, "_0816_" "sg13g2_hv_nand2b_1" 5 2384, 3 1416 1, S_0x560d7a760c50;
 .timescale -9 -11;
    .port_info 0 /OUTPUT 1 "Y";
    .port_info 1 /INPUT 1 "A_N";
    .port_info 2 /INPUT 1 "B";
L_0x560d7a945d60 .functor NOT 1, L_0x560d7a923070, C4<0>, C4<0>, C4<0>;
L_0x560d7a945df0 .functor AND 1, L_0x560d7a945d60, L_0x560d7a922840, C4<1>, C4<1>;
L_0x560d7a945ed0 .functor NOT 1, L_0x560d7a945df0, C4<0>, C4<0>, C4<0>;
v0x560d7a7e02a0_0 .net "A_N", 0 0, L_0x560d7a923070;  alias, 1 drivers
v0x560d7a7e0340_0 .net "A_N__bar", 0 0, L_0x560d7a945d60;  1 drivers
v0x560d7a7e03e0_0 .net "B", 0 0, L_0x560d7a922840;  alias, 1 drivers
v0x560d7a7e0480_0 .net "Y", 0 0, L_0x560d7a945ed0;  alias, 1 drivers
v0x560d7a7e0520_0 .net "int_fwire_0", 0 0, L_0x560d7a945df0;  1 drivers
S_0x560d7a7e05c0 .scope module, "_0817_" "sg13g2_hv_nand2b_1" 5 2389, 3 1416 1, S_0x560d7a760c50;
 .timescale -9 -11;
    .port_info 0 /OUTPUT 1 "Y";
    .port_info 1 /INPUT 1 "A_N";
    .port_info 2 /INPUT 1 "B";
L_0x560d7a945fb0 .functor NOT 1, L_0x560d7a923070, C4<0>, C4<0>, C4<0>;
L_0x560d7a946040 .functor AND 1, L_0x560d7a945fb0, L_0x560d7a922840, C4<1>, C4<1>;
L_0x560d7a946120 .functor NOT 1, L_0x560d7a946040, C4<0>, C4<0>, C4<0>;
v0x560d7a7e0750_0 .net "A_N", 0 0, L_0x560d7a923070;  alias, 1 drivers
v0x560d7a7e07f0_0 .net "A_N__bar", 0 0, L_0x560d7a945fb0;  1 drivers
v0x560d7a7e0890_0 .net "B", 0 0, L_0x560d7a922840;  alias, 1 drivers
v0x560d7a7e0930_0 .net "Y", 0 0, L_0x560d7a946120;  alias, 1 drivers
v0x560d7a7e09d0_0 .net "int_fwire_0", 0 0, L_0x560d7a946040;  1 drivers
S_0x560d7a7e0a70 .scope module, "_0818_" "sg13g2_hv_inv_1" 5 2394, 3 1125 1, S_0x560d7a760c50;
 .timescale -9 -11;
    .port_info 0 /OUTPUT 1 "Y";
    .port_info 1 /INPUT 1 "A";
L_0x560d7a946200 .functor NOT 1, L_0x560d7a998680, C4<0>, C4<0>, C4<0>;
v0x560d7a7e0c00_0 .net "A", 0 0, L_0x560d7a998680;  alias, 1 drivers
v0x560d7a7e0ca0_0 .net "Y", 0 0, L_0x560d7a946200;  alias, 1 drivers
S_0x560d7a7e0d40 .scope module, "_0819_" "sg13g2_hv_inv_1" 5 2398, 3 1125 1, S_0x560d7a760c50;
 .timescale -9 -11;
    .port_info 0 /OUTPUT 1 "Y";
    .port_info 1 /INPUT 1 "A";
L_0x560d7a9462b0 .functor NOT 1, L_0x560d7a998680, C4<0>, C4<0>, C4<0>;
v0x560d7a7e0ed0_0 .net "A", 0 0, L_0x560d7a998680;  alias, 1 drivers
v0x560d7a7e0f70_0 .net "Y", 0 0, L_0x560d7a9462b0;  alias, 1 drivers
S_0x560d7a7e1010 .scope module, "_0820_" "sg13g2_hv_inv_1" 5 2402, 3 1125 1, S_0x560d7a760c50;
 .timescale -9 -11;
    .port_info 0 /OUTPUT 1 "Y";
    .port_info 1 /INPUT 1 "A";
L_0x560d7a946360 .functor NOT 1, L_0x560d7a998680, C4<0>, C4<0>, C4<0>;
v0x560d7a7e11a0_0 .net "A", 0 0, L_0x560d7a998680;  alias, 1 drivers
v0x560d7a7e1240_0 .net "Y", 0 0, L_0x560d7a946360;  alias, 1 drivers
S_0x560d7a7e12e0 .scope module, "_0821_" "sg13g2_hv_inv_1" 5 2406, 3 1125 1, S_0x560d7a760c50;
 .timescale -9 -11;
    .port_info 0 /OUTPUT 1 "Y";
    .port_info 1 /INPUT 1 "A";
L_0x560d7a946410 .functor NOT 1, L_0x560d7a998680, C4<0>, C4<0>, C4<0>;
v0x560d7a7e1470_0 .net "A", 0 0, L_0x560d7a998680;  alias, 1 drivers
v0x560d7a7e1510_0 .net "Y", 0 0, L_0x560d7a946410;  alias, 1 drivers
S_0x560d7a7e15b0 .scope module, "_0822_" "sg13g2_hv_inv_1" 5 2410, 3 1125 1, S_0x560d7a760c50;
 .timescale -9 -11;
    .port_info 0 /OUTPUT 1 "Y";
    .port_info 1 /INPUT 1 "A";
L_0x560d7a9464c0 .functor NOT 1, L_0x560d7a998680, C4<0>, C4<0>, C4<0>;
v0x560d7a7e1740_0 .net "A", 0 0, L_0x560d7a998680;  alias, 1 drivers
v0x560d7a7e17e0_0 .net "Y", 0 0, L_0x560d7a9464c0;  alias, 1 drivers
S_0x560d7a7e1880 .scope module, "_0823_" "sg13g2_hv_inv_1" 5 2414, 3 1125 1, S_0x560d7a760c50;
 .timescale -9 -11;
    .port_info 0 /OUTPUT 1 "Y";
    .port_info 1 /INPUT 1 "A";
L_0x560d7a946570 .functor NOT 1, L_0x560d7a998680, C4<0>, C4<0>, C4<0>;
v0x560d7a7e1a10_0 .net "A", 0 0, L_0x560d7a998680;  alias, 1 drivers
v0x560d7a7e1ab0_0 .net "Y", 0 0, L_0x560d7a946570;  alias, 1 drivers
S_0x560d7a7e1b50 .scope module, "_0824_" "sg13g2_hv_inv_1" 5 2418, 3 1125 1, S_0x560d7a760c50;
 .timescale -9 -11;
    .port_info 0 /OUTPUT 1 "Y";
    .port_info 1 /INPUT 1 "A";
L_0x560d7a946620 .functor NOT 1, L_0x560d7a998680, C4<0>, C4<0>, C4<0>;
v0x560d7a7e1ce0_0 .net "A", 0 0, L_0x560d7a998680;  alias, 1 drivers
v0x560d7a7e1d80_0 .net "Y", 0 0, L_0x560d7a946620;  alias, 1 drivers
S_0x560d7a7e1e20 .scope module, "_0825_" "sg13g2_hv_nand2_1" 5 2422, 3 1360 1, S_0x560d7a760c50;
 .timescale -9 -11;
    .port_info 0 /OUTPUT 1 "Y";
    .port_info 1 /INPUT 1 "A";
    .port_info 2 /INPUT 1 "B";
L_0x560d7a9466d0 .functor AND 1, L_0x560d7a9b3130, L_0x560d7a922840, C4<1>, C4<1>;
L_0x560d7a946760 .functor NOT 1, L_0x560d7a9466d0, C4<0>, C4<0>, C4<0>;
v0x560d7a7e1fb0_0 .net "A", 0 0, L_0x560d7a9b3130;  alias, 1 drivers
v0x560d7a7e2050_0 .net "B", 0 0, L_0x560d7a922840;  alias, 1 drivers
v0x560d7a7e20f0_0 .net "Y", 0 0, L_0x560d7a946760;  alias, 1 drivers
v0x560d7a7e2190_0 .net "int_fwire_0", 0 0, L_0x560d7a9466d0;  1 drivers
S_0x560d7a7e2230 .scope module, "_0826_" "sg13g2_hv_nand2_1" 5 2427, 3 1360 1, S_0x560d7a760c50;
 .timescale -9 -11;
    .port_info 0 /OUTPUT 1 "Y";
    .port_info 1 /INPUT 1 "A";
    .port_info 2 /INPUT 1 "B";
L_0x560d7a946840 .functor AND 1, L_0x560d7a922ac0, L_0x560d7a925f00, C4<1>, C4<1>;
L_0x560d7a9468d0 .functor NOT 1, L_0x560d7a946840, C4<0>, C4<0>, C4<0>;
v0x560d7a7e23c0_0 .net "A", 0 0, L_0x560d7a922ac0;  alias, 1 drivers
v0x560d7a7e2460_0 .net "B", 0 0, L_0x560d7a925f00;  alias, 1 drivers
v0x560d7a7e2500_0 .net "Y", 0 0, L_0x560d7a9468d0;  alias, 1 drivers
v0x560d7a7e25a0_0 .net "int_fwire_0", 0 0, L_0x560d7a946840;  1 drivers
S_0x560d7a7e2640 .scope module, "_0827_" "sg13g2_hv_nand2_1" 5 2432, 3 1360 1, S_0x560d7a760c50;
 .timescale -9 -11;
    .port_info 0 /OUTPUT 1 "Y";
    .port_info 1 /INPUT 1 "A";
    .port_info 2 /INPUT 1 "B";
L_0x560d7a9469b0 .functor AND 1, L_0x560d7a922ac0, L_0x560d7a925f00, C4<1>, C4<1>;
L_0x560d7a946a40 .functor NOT 1, L_0x560d7a9469b0, C4<0>, C4<0>, C4<0>;
v0x560d7a7e27d0_0 .net "A", 0 0, L_0x560d7a922ac0;  alias, 1 drivers
v0x560d7a7e2870_0 .net "B", 0 0, L_0x560d7a925f00;  alias, 1 drivers
v0x560d7a7e2910_0 .net "Y", 0 0, L_0x560d7a946a40;  alias, 1 drivers
v0x560d7a7e29b0_0 .net "int_fwire_0", 0 0, L_0x560d7a9469b0;  1 drivers
S_0x560d7a7e2a50 .scope module, "_0828_" "sg13g2_hv_nand2_1" 5 2437, 3 1360 1, S_0x560d7a760c50;
 .timescale -9 -11;
    .port_info 0 /OUTPUT 1 "Y";
    .port_info 1 /INPUT 1 "A";
    .port_info 2 /INPUT 1 "B";
L_0x560d7a946b20 .functor AND 1, L_0x560d7a922ac0, L_0x560d7a925f00, C4<1>, C4<1>;
L_0x560d7a10bba0 .functor NOT 1, L_0x560d7a946b20, C4<0>, C4<0>, C4<0>;
v0x560d7a7e2be0_0 .net "A", 0 0, L_0x560d7a922ac0;  alias, 1 drivers
v0x560d7a7e2c80_0 .net "B", 0 0, L_0x560d7a925f00;  alias, 1 drivers
v0x560d7a7e2d20_0 .net "Y", 0 0, L_0x560d7a10bba0;  alias, 1 drivers
v0x560d7a7e2dc0_0 .net "int_fwire_0", 0 0, L_0x560d7a946b20;  1 drivers
S_0x560d7a7e2e60 .scope module, "_0829_" "sg13g2_hv_nand2_1" 5 2442, 3 1360 1, S_0x560d7a760c50;
 .timescale -9 -11;
    .port_info 0 /OUTPUT 1 "Y";
    .port_info 1 /INPUT 1 "A";
    .port_info 2 /INPUT 1 "B";
L_0x560d7a946bb0 .functor AND 1, L_0x560d7a922ac0, L_0x560d7a925f00, C4<1>, C4<1>;
L_0x560d7a946c20 .functor NOT 1, L_0x560d7a946bb0, C4<0>, C4<0>, C4<0>;
v0x560d7a7e2ff0_0 .net "A", 0 0, L_0x560d7a922ac0;  alias, 1 drivers
v0x560d7a7e3090_0 .net "B", 0 0, L_0x560d7a925f00;  alias, 1 drivers
v0x560d7a7e3130_0 .net "Y", 0 0, L_0x560d7a946c20;  alias, 1 drivers
v0x560d7a7e31d0_0 .net "int_fwire_0", 0 0, L_0x560d7a946bb0;  1 drivers
S_0x560d7a7e3270 .scope module, "_0830_" "sg13g2_hv_nand2_1" 5 2447, 3 1360 1, S_0x560d7a760c50;
 .timescale -9 -11;
    .port_info 0 /OUTPUT 1 "Y";
    .port_info 1 /INPUT 1 "A";
    .port_info 2 /INPUT 1 "B";
L_0x560d7a946d00 .functor AND 1, L_0x560d7a922ac0, L_0x560d7a925f00, C4<1>, C4<1>;
L_0x560d7a946d90 .functor NOT 1, L_0x560d7a946d00, C4<0>, C4<0>, C4<0>;
v0x560d7a7e3400_0 .net "A", 0 0, L_0x560d7a922ac0;  alias, 1 drivers
v0x560d7a7e34a0_0 .net "B", 0 0, L_0x560d7a925f00;  alias, 1 drivers
v0x560d7a7e3540_0 .net "Y", 0 0, L_0x560d7a946d90;  alias, 1 drivers
v0x560d7a7e35e0_0 .net "int_fwire_0", 0 0, L_0x560d7a946d00;  1 drivers
S_0x560d7a7e3680 .scope module, "_0831_" "sg13g2_hv_nand2_1" 5 2452, 3 1360 1, S_0x560d7a760c50;
 .timescale -9 -11;
    .port_info 0 /OUTPUT 1 "Y";
    .port_info 1 /INPUT 1 "A";
    .port_info 2 /INPUT 1 "B";
L_0x560d7a946e70 .functor AND 1, L_0x560d7a922ac0, L_0x560d7a925f00, C4<1>, C4<1>;
L_0x560d7a946f00 .functor NOT 1, L_0x560d7a946e70, C4<0>, C4<0>, C4<0>;
v0x560d7a7e3810_0 .net "A", 0 0, L_0x560d7a922ac0;  alias, 1 drivers
v0x560d7a7e38b0_0 .net "B", 0 0, L_0x560d7a925f00;  alias, 1 drivers
v0x560d7a7e3950_0 .net "Y", 0 0, L_0x560d7a946f00;  alias, 1 drivers
v0x560d7a7e39f0_0 .net "int_fwire_0", 0 0, L_0x560d7a946e70;  1 drivers
S_0x560d7a7e3a90 .scope module, "_0832_" "sg13g2_hv_nand2_1" 5 2457, 3 1360 1, S_0x560d7a760c50;
 .timescale -9 -11;
    .port_info 0 /OUTPUT 1 "Y";
    .port_info 1 /INPUT 1 "A";
    .port_info 2 /INPUT 1 "B";
L_0x560d7a946fe0 .functor AND 1, L_0x560d7a922ac0, L_0x560d7a925f00, C4<1>, C4<1>;
L_0x560d7a947070 .functor NOT 1, L_0x560d7a946fe0, C4<0>, C4<0>, C4<0>;
v0x560d7a7e3c20_0 .net "A", 0 0, L_0x560d7a922ac0;  alias, 1 drivers
v0x560d7a7e3cc0_0 .net "B", 0 0, L_0x560d7a925f00;  alias, 1 drivers
v0x560d7a7e3d60_0 .net "Y", 0 0, L_0x560d7a947070;  alias, 1 drivers
v0x560d7a7e3e00_0 .net "int_fwire_0", 0 0, L_0x560d7a946fe0;  1 drivers
S_0x560d7a7e3ea0 .scope module, "_0833_" "sg13g2_hv_buf_1" 5 2462, 3 353 1, S_0x560d7a760c50;
 .timescale -9 -11;
    .port_info 0 /OUTPUT 1 "X";
    .port_info 1 /INPUT 1 "A";
L_0x560d7a947150 .functor BUF 1, L_0x560d7a9b3130, C4<0>, C4<0>, C4<0>;
v0x560d7a7e4030_0 .net "A", 0 0, L_0x560d7a9b3130;  alias, 1 drivers
v0x560d7a7e40d0_0 .net "X", 0 0, L_0x560d7a947150;  alias, 1 drivers
S_0x560d7a7e4170 .scope module, "_0834_" "sg13g2_hv_buf_1" 5 2466, 3 353 1, S_0x560d7a760c50;
 .timescale -9 -11;
    .port_info 0 /OUTPUT 1 "X";
    .port_info 1 /INPUT 1 "A";
L_0x560d7a947200 .functor BUF 1, L_0x560d7a9b2360, C4<0>, C4<0>, C4<0>;
v0x560d7a7e4300_0 .net "A", 0 0, L_0x560d7a9b2360;  alias, 1 drivers
v0x560d7a7e43a0_0 .net "X", 0 0, L_0x560d7a947200;  alias, 1 drivers
S_0x560d7a7e4440 .scope module, "_0835_" "sg13g2_hv_buf_1" 5 2470, 3 353 1, S_0x560d7a760c50;
 .timescale -9 -11;
    .port_info 0 /OUTPUT 1 "X";
    .port_info 1 /INPUT 1 "A";
L_0x560d7a9472b0 .functor BUF 1, L_0x560d7a9b3cf0, C4<0>, C4<0>, C4<0>;
v0x560d7a7e45d0_0 .net "A", 0 0, L_0x560d7a9b3cf0;  alias, 1 drivers
v0x560d7a7e4880_0 .net "X", 0 0, L_0x560d7a9472b0;  alias, 1 drivers
S_0x560d7a7e4920 .scope module, "_0836_" "sg13g2_hv_buf_1" 5 2474, 3 353 1, S_0x560d7a760c50;
 .timescale -9 -11;
    .port_info 0 /OUTPUT 1 "X";
    .port_info 1 /INPUT 1 "A";
L_0x560d7a947360 .functor BUF 1, L_0x560d7a9b1590, C4<0>, C4<0>, C4<0>;
v0x560d7a7e4ab0_0 .net "A", 0 0, L_0x560d7a9b1590;  alias, 1 drivers
v0x560d7a7e4b50_0 .net "X", 0 0, L_0x560d7a947360;  alias, 1 drivers
S_0x560d7a7e4bf0 .scope module, "_0837_" "sg13g2_hv_sdfbbp_1" 5 2478, 3 1964 1, S_0x560d7a760c50;
 .timescale -9 -11;
    .port_info 0 /OUTPUT 1 "Q";
    .port_info 1 /OUTPUT 1 "Q_N";
    .port_info 2 /INPUT 1 "CLK";
    .port_info 3 /INPUT 1 "D";
    .port_info 4 /INPUT 1 "RESET_B";
    .port_info 5 /INPUT 1 "SCD";
    .port_info 6 /INPUT 1 "SCE";
    .port_info 7 /INPUT 1 "SET_B";
L_0x560d7a947410 .functor BUFZ 1, L_0x560d7a92bc30, C4<0>, C4<0>, C4<0>;
L_0x560d7a9474a0 .functor BUFZ 1, L_0x560d7a9be140, C4<0>, C4<0>, C4<0>;
L_0x560d7a947530 .functor BUFZ 1, L_0x560d7a9be240, C4<0>, C4<0>, C4<0>;
L_0x560d7a9475a0 .functor BUFZ 1, v0x560d7a909430_0, C4<0>, C4<0>, C4<0>;
L_0x560d7a947640 .functor BUFZ 1, L_0x560d7a9b9630, C4<0>, C4<0>, C4<0>;
L_0x560d7a9476b0 .functor BUFZ 1, v0x560d7a908bd0_0, C4<0>, C4<0>, C4<0>;
L_0x560d7a947760 .udp UDP_ihp_mux2, L_0x560d7a947410, L_0x560d7a9474a0, L_0x560d7a947530;
L_0x560d7a947870 .functor NOT 1, L_0x560d7a947640, C4<0>, C4<0>, C4<0>;
L_0x560d7a947980 .functor NOT 1, L_0x560d7a9475a0, C4<0>, C4<0>, C4<0>;
L_0x7f6fe5f762a0 .functor BUFT 1, C4<0>, C4<0>, C4<0>, C4<0>;
L_0x560d7a947a40 .functor BUF 1, L_0x7f6fe5f762a0, C4<0>, C4<0>, C4<0>;
UDP_ihp_dff_sr_1 .udp/sequ "ihp_dff_sr_1", 6, 2
 ,"?*?????x"
 ,"????01?0"
 ,"????1??1"
 ,"1?b?N0?-"
 ,"1?x1N0?-"
 ,"????f0?-"
 ,"????F0?-"
 ,"1???Q0?-"
 ,"0?b?0N?-"
 ,"0?x00N?-"
 ,"????0f?-"
 ,"????0F?-"
 ,"0???0Q?-"
 ,"??R00?00"
 ,"??R1?001"
 ,"0?R00?10"
 ,"1?R1?011"
 ,"??R??0x-"
 ,"??R?0?x-"
 ,"0?M00??-"
 ,"1?M1?0?-"
 ,"??F00??-"
 ,"??F1?0?-"
 ,"??F?00x-"
 ,"0?Q00??-"
 ,"1?Q1?0?-"
 ,"??r00??0"
 ,"??r1?0?1"
 ,"??f?0??-"
 ,"??f??0?-"
 ,"??b*0??-"
 ,"??b*?0?-"
 ,"??????*-";
L_0x560d7a947b10 .udp UDP_ihp_dff_sr_1, v0x560d7a7e5a00_0, L_0x560d7a9476b0, L_0x560d7a947760, L_0x560d7a947870, L_0x560d7a947980, L_0x560d7a947a40;
L_0x560d7a947f60 .functor BUF 1, L_0x560d7a947b10, C4<0>, C4<0>, C4<0>;
L_0x560d7a948090 .functor NOT 1, L_0x560d7a947b10, C4<0>, C4<0>, C4<0>;
L_0x560d7a948100 .functor BUF 1, L_0x560d7a948090, C4<0>, C4<0>, C4<0>;
v0x560d7a7e4d80_0 .net "CLK", 0 0, v0x560d7a908bd0_0;  alias, 1 drivers
v0x560d7a7e4e20_0 .net "D", 0 0, L_0x560d7a92bc30;  alias, 1 drivers
v0x560d7a7e4ec0_0 .net "Q", 0 0, L_0x560d7a947f60;  1 drivers
v0x560d7a7e4f60_0 .net "Q_N", 0 0, L_0x560d7a948100;  1 drivers
v0x560d7a7e5000_0 .net "RESET_B", 0 0, v0x560d7a909430_0;  alias, 1 drivers
v0x560d7a7e50a0_0 .net "SCD", 0 0, L_0x560d7a9be140;  alias, 1 drivers
v0x560d7a7e5140_0 .net "SCE", 0 0, L_0x560d7a9be240;  alias, 1 drivers
v0x560d7a7e51e0_0 .net "SET_B", 0 0, L_0x560d7a9b9630;  alias, 1 drivers
v0x560d7a7e5280_0 .net/2s *"_ivl_15", 0 0, L_0x7f6fe5f762a0;  1 drivers
v0x560d7a7e5320_0 .net "delayed_CLK", 0 0, L_0x560d7a9476b0;  1 drivers
v0x560d7a7e53c0_0 .net "delayed_D", 0 0, L_0x560d7a947410;  1 drivers
v0x560d7a7e5460_0 .net "delayed_RESET_B", 0 0, L_0x560d7a9475a0;  1 drivers
v0x560d7a7e5500_0 .net "delayed_SCD", 0 0, L_0x560d7a9474a0;  1 drivers
v0x560d7a7e55a0_0 .net "delayed_SCE", 0 0, L_0x560d7a947530;  1 drivers
v0x560d7a7e5640_0 .net "delayed_SET_B", 0 0, L_0x560d7a947640;  1 drivers
v0x560d7a7e56e0_0 .net "int_fwire_IQ", 0 0, L_0x560d7a947b10;  1 drivers
v0x560d7a7e5780_0 .net "int_fwire_IQN", 0 0, L_0x560d7a948090;  1 drivers
v0x560d7a7e5820_0 .net "int_fwire_d", 0 0, L_0x560d7a947760;  1 drivers
v0x560d7a7e58c0_0 .net "int_fwire_r", 0 0, L_0x560d7a947980;  1 drivers
v0x560d7a7e5960_0 .net "int_fwire_s", 0 0, L_0x560d7a947870;  1 drivers
v0x560d7a7e5a00_0 .var "notifier", 0 0;
v0x560d7a7e5aa0_0 .net "xcr_0", 0 0, L_0x560d7a947a40;  1 drivers
S_0x560d7a7e5b40 .scope module, "_0838_" "sg13g2_hv_sdfbbp_1" 5 2487, 3 1964 1, S_0x560d7a760c50;
 .timescale -9 -11;
    .port_info 0 /OUTPUT 1 "Q";
    .port_info 1 /OUTPUT 1 "Q_N";
    .port_info 2 /INPUT 1 "CLK";
    .port_info 3 /INPUT 1 "D";
    .port_info 4 /INPUT 1 "RESET_B";
    .port_info 5 /INPUT 1 "SCD";
    .port_info 6 /INPUT 1 "SCE";
    .port_info 7 /INPUT 1 "SET_B";
L_0x560d7a948020 .functor BUFZ 1, L_0x560d7a92c9c0, C4<0>, C4<0>, C4<0>;
L_0x560d7a9482d0 .functor BUFZ 1, L_0x560d7a9be340, C4<0>, C4<0>, C4<0>;
L_0x560d7a948340 .functor BUFZ 1, L_0x560d7a9be440, C4<0>, C4<0>, C4<0>;
L_0x560d7a9483b0 .functor BUFZ 1, v0x560d7a909430_0, C4<0>, C4<0>, C4<0>;
L_0x560d7a948450 .functor BUFZ 1, L_0x560d7a9b9730, C4<0>, C4<0>, C4<0>;
L_0x560d7a9484f0 .functor BUFZ 1, v0x560d7a908bd0_0, C4<0>, C4<0>, C4<0>;
L_0x560d7a9485d0 .udp UDP_ihp_mux2, L_0x560d7a948020, L_0x560d7a9482d0, L_0x560d7a948340;
L_0x560d7a948710 .functor NOT 1, L_0x560d7a948450, C4<0>, C4<0>, C4<0>;
L_0x560d7a948820 .functor NOT 1, L_0x560d7a9483b0, C4<0>, C4<0>, C4<0>;
L_0x7f6fe5f762e8 .functor BUFT 1, C4<0>, C4<0>, C4<0>, C4<0>;
L_0x560d7a9488e0 .functor BUF 1, L_0x7f6fe5f762e8, C4<0>, C4<0>, C4<0>;
L_0x560d7a948950 .udp UDP_ihp_dff_sr_1, v0x560d7a7e6950_0, L_0x560d7a9484f0, L_0x560d7a9485d0, L_0x560d7a948710, L_0x560d7a948820, L_0x560d7a9488e0;
L_0x560d7a948b50 .functor BUF 1, L_0x560d7a948950, C4<0>, C4<0>, C4<0>;
L_0x560d7a948c80 .functor NOT 1, L_0x560d7a948950, C4<0>, C4<0>, C4<0>;
L_0x560d7a948cf0 .functor BUF 1, L_0x560d7a948c80, C4<0>, C4<0>, C4<0>;
v0x560d7a7e5cd0_0 .net "CLK", 0 0, v0x560d7a908bd0_0;  alias, 1 drivers
v0x560d7a7e5d70_0 .net "D", 0 0, L_0x560d7a92c9c0;  alias, 1 drivers
v0x560d7a7e5e10_0 .net "Q", 0 0, L_0x560d7a948b50;  1 drivers
v0x560d7a7e5eb0_0 .net "Q_N", 0 0, L_0x560d7a948cf0;  1 drivers
v0x560d7a7e5f50_0 .net "RESET_B", 0 0, v0x560d7a909430_0;  alias, 1 drivers
v0x560d7a7e5ff0_0 .net "SCD", 0 0, L_0x560d7a9be340;  alias, 1 drivers
v0x560d7a7e6090_0 .net "SCE", 0 0, L_0x560d7a9be440;  alias, 1 drivers
v0x560d7a7e6130_0 .net "SET_B", 0 0, L_0x560d7a9b9730;  alias, 1 drivers
v0x560d7a7e61d0_0 .net/2s *"_ivl_15", 0 0, L_0x7f6fe5f762e8;  1 drivers
v0x560d7a7e6270_0 .net "delayed_CLK", 0 0, L_0x560d7a9484f0;  1 drivers
v0x560d7a7e6310_0 .net "delayed_D", 0 0, L_0x560d7a948020;  1 drivers
v0x560d7a7e63b0_0 .net "delayed_RESET_B", 0 0, L_0x560d7a9483b0;  1 drivers
v0x560d7a7e6450_0 .net "delayed_SCD", 0 0, L_0x560d7a9482d0;  1 drivers
v0x560d7a7e64f0_0 .net "delayed_SCE", 0 0, L_0x560d7a948340;  1 drivers
v0x560d7a7e6590_0 .net "delayed_SET_B", 0 0, L_0x560d7a948450;  1 drivers
v0x560d7a7e6630_0 .net "int_fwire_IQ", 0 0, L_0x560d7a948950;  1 drivers
v0x560d7a7e66d0_0 .net "int_fwire_IQN", 0 0, L_0x560d7a948c80;  1 drivers
v0x560d7a7e6770_0 .net "int_fwire_d", 0 0, L_0x560d7a9485d0;  1 drivers
v0x560d7a7e6810_0 .net "int_fwire_r", 0 0, L_0x560d7a948820;  1 drivers
v0x560d7a7e68b0_0 .net "int_fwire_s", 0 0, L_0x560d7a948710;  1 drivers
v0x560d7a7e6950_0 .var "notifier", 0 0;
v0x560d7a7e69f0_0 .net "xcr_0", 0 0, L_0x560d7a9488e0;  1 drivers
S_0x560d7a7e6a90 .scope module, "_0839_" "sg13g2_hv_sdfbbp_1" 5 2496, 3 1964 1, S_0x560d7a760c50;
 .timescale -9 -11;
    .port_info 0 /OUTPUT 1 "Q";
    .port_info 1 /OUTPUT 1 "Q_N";
    .port_info 2 /INPUT 1 "CLK";
    .port_info 3 /INPUT 1 "D";
    .port_info 4 /INPUT 1 "RESET_B";
    .port_info 5 /INPUT 1 "SCD";
    .port_info 6 /INPUT 1 "SCE";
    .port_info 7 /INPUT 1 "SET_B";
L_0x560d7a948c10 .functor BUFZ 1, L_0x560d7a92d7f0, C4<0>, C4<0>, C4<0>;
L_0x560d7a948ec0 .functor BUFZ 1, L_0x560d7a9be540, C4<0>, C4<0>, C4<0>;
L_0x560d7a948f30 .functor BUFZ 1, L_0x560d7a9be640, C4<0>, C4<0>, C4<0>;
L_0x560d7a948fa0 .functor BUFZ 1, v0x560d7a909430_0, C4<0>, C4<0>, C4<0>;
L_0x560d7a949040 .functor BUFZ 1, L_0x560d7a9b9830, C4<0>, C4<0>, C4<0>;
L_0x560d7a9490e0 .functor BUFZ 1, v0x560d7a908bd0_0, C4<0>, C4<0>, C4<0>;
L_0x560d7a9491c0 .udp UDP_ihp_mux2, L_0x560d7a948c10, L_0x560d7a948ec0, L_0x560d7a948f30;
L_0x560d7a949300 .functor NOT 1, L_0x560d7a949040, C4<0>, C4<0>, C4<0>;
L_0x560d7a949410 .functor NOT 1, L_0x560d7a948fa0, C4<0>, C4<0>, C4<0>;
L_0x7f6fe5f76330 .functor BUFT 1, C4<0>, C4<0>, C4<0>, C4<0>;
L_0x560d7a9494d0 .functor BUF 1, L_0x7f6fe5f76330, C4<0>, C4<0>, C4<0>;
L_0x560d7a949540 .udp UDP_ihp_dff_sr_1, v0x560d7a7e78a0_0, L_0x560d7a9490e0, L_0x560d7a9491c0, L_0x560d7a949300, L_0x560d7a949410, L_0x560d7a9494d0;
L_0x560d7a949740 .functor BUF 1, L_0x560d7a949540, C4<0>, C4<0>, C4<0>;
L_0x560d7a949870 .functor NOT 1, L_0x560d7a949540, C4<0>, C4<0>, C4<0>;
L_0x560d7a9498e0 .functor BUF 1, L_0x560d7a949870, C4<0>, C4<0>, C4<0>;
v0x560d7a7e6c20_0 .net "CLK", 0 0, v0x560d7a908bd0_0;  alias, 1 drivers
v0x560d7a7e6cc0_0 .net "D", 0 0, L_0x560d7a92d7f0;  alias, 1 drivers
v0x560d7a7e6d60_0 .net "Q", 0 0, L_0x560d7a949740;  1 drivers
v0x560d7a7e6e00_0 .net "Q_N", 0 0, L_0x560d7a9498e0;  1 drivers
v0x560d7a7e6ea0_0 .net "RESET_B", 0 0, v0x560d7a909430_0;  alias, 1 drivers
v0x560d7a7e6f40_0 .net "SCD", 0 0, L_0x560d7a9be540;  alias, 1 drivers
v0x560d7a7e6fe0_0 .net "SCE", 0 0, L_0x560d7a9be640;  alias, 1 drivers
v0x560d7a7e7080_0 .net "SET_B", 0 0, L_0x560d7a9b9830;  alias, 1 drivers
v0x560d7a7e7120_0 .net/2s *"_ivl_15", 0 0, L_0x7f6fe5f76330;  1 drivers
v0x560d7a7e71c0_0 .net "delayed_CLK", 0 0, L_0x560d7a9490e0;  1 drivers
v0x560d7a7e7260_0 .net "delayed_D", 0 0, L_0x560d7a948c10;  1 drivers
v0x560d7a7e7300_0 .net "delayed_RESET_B", 0 0, L_0x560d7a948fa0;  1 drivers
v0x560d7a7e73a0_0 .net "delayed_SCD", 0 0, L_0x560d7a948ec0;  1 drivers
v0x560d7a7e7440_0 .net "delayed_SCE", 0 0, L_0x560d7a948f30;  1 drivers
v0x560d7a7e74e0_0 .net "delayed_SET_B", 0 0, L_0x560d7a949040;  1 drivers
v0x560d7a7e7580_0 .net "int_fwire_IQ", 0 0, L_0x560d7a949540;  1 drivers
v0x560d7a7e7620_0 .net "int_fwire_IQN", 0 0, L_0x560d7a949870;  1 drivers
v0x560d7a7e76c0_0 .net "int_fwire_d", 0 0, L_0x560d7a9491c0;  1 drivers
v0x560d7a7e7760_0 .net "int_fwire_r", 0 0, L_0x560d7a949410;  1 drivers
v0x560d7a7e7800_0 .net "int_fwire_s", 0 0, L_0x560d7a949300;  1 drivers
v0x560d7a7e78a0_0 .var "notifier", 0 0;
v0x560d7a7e7940_0 .net "xcr_0", 0 0, L_0x560d7a9494d0;  1 drivers
S_0x560d7a7e79e0 .scope module, "_0840_" "sg13g2_hv_sdfbbp_1" 5 2505, 3 1964 1, S_0x560d7a760c50;
 .timescale -9 -11;
    .port_info 0 /OUTPUT 1 "Q";
    .port_info 1 /OUTPUT 1 "Q_N";
    .port_info 2 /INPUT 1 "CLK";
    .port_info 3 /INPUT 1 "D";
    .port_info 4 /INPUT 1 "RESET_B";
    .port_info 5 /INPUT 1 "SCD";
    .port_info 6 /INPUT 1 "SCE";
    .port_info 7 /INPUT 1 "SET_B";
L_0x560d7a949800 .functor BUFZ 1, L_0x560d7a92e5d0, C4<0>, C4<0>, C4<0>;
L_0x560d7a949ab0 .functor BUFZ 1, L_0x560d7a9be740, C4<0>, C4<0>, C4<0>;
L_0x560d7a949b20 .functor BUFZ 1, L_0x560d7a9be840, C4<0>, C4<0>, C4<0>;
L_0x560d7a949b90 .functor BUFZ 1, v0x560d7a909430_0, C4<0>, C4<0>, C4<0>;
L_0x560d7a949c30 .functor BUFZ 1, L_0x560d7a9b9930, C4<0>, C4<0>, C4<0>;
L_0x560d7a949cd0 .functor BUFZ 1, v0x560d7a908bd0_0, C4<0>, C4<0>, C4<0>;
L_0x560d7a949db0 .udp UDP_ihp_mux2, L_0x560d7a949800, L_0x560d7a949ab0, L_0x560d7a949b20;
L_0x560d7a949ef0 .functor NOT 1, L_0x560d7a949c30, C4<0>, C4<0>, C4<0>;
L_0x560d7a94a000 .functor NOT 1, L_0x560d7a949b90, C4<0>, C4<0>, C4<0>;
L_0x7f6fe5f76378 .functor BUFT 1, C4<0>, C4<0>, C4<0>, C4<0>;
L_0x560d7a94a0c0 .functor BUF 1, L_0x7f6fe5f76378, C4<0>, C4<0>, C4<0>;
L_0x560d7a94a130 .udp UDP_ihp_dff_sr_1, v0x560d7a7e8a10_0, L_0x560d7a949cd0, L_0x560d7a949db0, L_0x560d7a949ef0, L_0x560d7a94a000, L_0x560d7a94a0c0;
L_0x560d7a94a330 .functor BUF 1, L_0x560d7a94a130, C4<0>, C4<0>, C4<0>;
L_0x560d7a94a460 .functor NOT 1, L_0x560d7a94a130, C4<0>, C4<0>, C4<0>;
L_0x560d7a94a4d0 .functor BUF 1, L_0x560d7a94a460, C4<0>, C4<0>, C4<0>;
v0x560d7a7e7c80_0 .net "CLK", 0 0, v0x560d7a908bd0_0;  alias, 1 drivers
v0x560d7a7e7d20_0 .net "D", 0 0, L_0x560d7a92e5d0;  alias, 1 drivers
v0x560d7a7e7dc0_0 .net "Q", 0 0, L_0x560d7a94a330;  1 drivers
v0x560d7a7e7e60_0 .net "Q_N", 0 0, L_0x560d7a94a4d0;  1 drivers
v0x560d7a7e7f00_0 .net "RESET_B", 0 0, v0x560d7a909430_0;  alias, 1 drivers
v0x560d7a7e7fa0_0 .net "SCD", 0 0, L_0x560d7a9be740;  alias, 1 drivers
v0x560d7a7e8040_0 .net "SCE", 0 0, L_0x560d7a9be840;  alias, 1 drivers
v0x560d7a7e80e0_0 .net "SET_B", 0 0, L_0x560d7a9b9930;  alias, 1 drivers
v0x560d7a7e8180_0 .net/2s *"_ivl_15", 0 0, L_0x7f6fe5f76378;  1 drivers
v0x560d7a7e8220_0 .net "delayed_CLK", 0 0, L_0x560d7a949cd0;  1 drivers
v0x560d7a7e82c0_0 .net "delayed_D", 0 0, L_0x560d7a949800;  1 drivers
v0x560d7a7e8360_0 .net "delayed_RESET_B", 0 0, L_0x560d7a949b90;  1 drivers
v0x560d7a7e8400_0 .net "delayed_SCD", 0 0, L_0x560d7a949ab0;  1 drivers
v0x560d7a7e84a0_0 .net "delayed_SCE", 0 0, L_0x560d7a949b20;  1 drivers
v0x560d7a7e8540_0 .net "delayed_SET_B", 0 0, L_0x560d7a949c30;  1 drivers
v0x560d7a7e85e0_0 .net "int_fwire_IQ", 0 0, L_0x560d7a94a130;  1 drivers
v0x560d7a7e8680_0 .net "int_fwire_IQN", 0 0, L_0x560d7a94a460;  1 drivers
v0x560d7a7e8830_0 .net "int_fwire_d", 0 0, L_0x560d7a949db0;  1 drivers
v0x560d7a7e88d0_0 .net "int_fwire_r", 0 0, L_0x560d7a94a000;  1 drivers
v0x560d7a7e8970_0 .net "int_fwire_s", 0 0, L_0x560d7a949ef0;  1 drivers
v0x560d7a7e8a10_0 .var "notifier", 0 0;
v0x560d7a7e8ab0_0 .net "xcr_0", 0 0, L_0x560d7a94a0c0;  1 drivers
S_0x560d7a7e8b50 .scope module, "_0841_" "sg13g2_hv_sdfbbp_1" 5 2514, 3 1964 1, S_0x560d7a760c50;
 .timescale -9 -11;
    .port_info 0 /OUTPUT 1 "Q";
    .port_info 1 /OUTPUT 1 "Q_N";
    .port_info 2 /INPUT 1 "CLK";
    .port_info 3 /INPUT 1 "D";
    .port_info 4 /INPUT 1 "RESET_B";
    .port_info 5 /INPUT 1 "SCD";
    .port_info 6 /INPUT 1 "SCE";
    .port_info 7 /INPUT 1 "SET_B";
L_0x560d7a94a3f0 .functor BUFZ 1, L_0x560d7a92f3b0, C4<0>, C4<0>, C4<0>;
L_0x560d7a94a6a0 .functor BUFZ 1, L_0x560d7a9be940, C4<0>, C4<0>, C4<0>;
L_0x560d7a94a710 .functor BUFZ 1, L_0x560d7a9bea40, C4<0>, C4<0>, C4<0>;
L_0x560d7a94a780 .functor BUFZ 1, v0x560d7a909430_0, C4<0>, C4<0>, C4<0>;
L_0x560d7a94a820 .functor BUFZ 1, L_0x560d7a9b9a30, C4<0>, C4<0>, C4<0>;
L_0x560d7a94a8c0 .functor BUFZ 1, v0x560d7a908bd0_0, C4<0>, C4<0>, C4<0>;
L_0x560d7a94a9a0 .udp UDP_ihp_mux2, L_0x560d7a94a3f0, L_0x560d7a94a6a0, L_0x560d7a94a710;
L_0x560d7a94aae0 .functor NOT 1, L_0x560d7a94a820, C4<0>, C4<0>, C4<0>;
L_0x560d7a94abf0 .functor NOT 1, L_0x560d7a94a780, C4<0>, C4<0>, C4<0>;
L_0x7f6fe5f763c0 .functor BUFT 1, C4<0>, C4<0>, C4<0>, C4<0>;
L_0x560d7a94acb0 .functor BUF 1, L_0x7f6fe5f763c0, C4<0>, C4<0>, C4<0>;
L_0x560d7a94ad20 .udp UDP_ihp_dff_sr_1, v0x560d7a7e9ca0_0, L_0x560d7a94a8c0, L_0x560d7a94a9a0, L_0x560d7a94aae0, L_0x560d7a94abf0, L_0x560d7a94acb0;
L_0x560d7a94af20 .functor BUF 1, L_0x560d7a94ad20, C4<0>, C4<0>, C4<0>;
L_0x560d7a94b050 .functor NOT 1, L_0x560d7a94ad20, C4<0>, C4<0>, C4<0>;
L_0x560d7a94b0c0 .functor BUF 1, L_0x560d7a94b050, C4<0>, C4<0>, C4<0>;
v0x560d7a7e8df0_0 .net "CLK", 0 0, v0x560d7a908bd0_0;  alias, 1 drivers
v0x560d7a7e8e90_0 .net "D", 0 0, L_0x560d7a92f3b0;  alias, 1 drivers
v0x560d7a7e8f30_0 .net "Q", 0 0, L_0x560d7a94af20;  1 drivers
v0x560d7a7e8fd0_0 .net "Q_N", 0 0, L_0x560d7a94b0c0;  1 drivers
v0x560d7a7e9070_0 .net "RESET_B", 0 0, v0x560d7a909430_0;  alias, 1 drivers
v0x560d7a7e91a0_0 .net "SCD", 0 0, L_0x560d7a9be940;  alias, 1 drivers
v0x560d7a7e9240_0 .net "SCE", 0 0, L_0x560d7a9bea40;  alias, 1 drivers
v0x560d7a7e92e0_0 .net "SET_B", 0 0, L_0x560d7a9b9a30;  alias, 1 drivers
v0x560d7a7e9380_0 .net/2s *"_ivl_15", 0 0, L_0x7f6fe5f763c0;  1 drivers
v0x560d7a7e94b0_0 .net "delayed_CLK", 0 0, L_0x560d7a94a8c0;  1 drivers
v0x560d7a7e9550_0 .net "delayed_D", 0 0, L_0x560d7a94a3f0;  1 drivers
v0x560d7a7e95f0_0 .net "delayed_RESET_B", 0 0, L_0x560d7a94a780;  1 drivers
v0x560d7a7e9690_0 .net "delayed_SCD", 0 0, L_0x560d7a94a6a0;  1 drivers
v0x560d7a7e9730_0 .net "delayed_SCE", 0 0, L_0x560d7a94a710;  1 drivers
v0x560d7a7e97d0_0 .net "delayed_SET_B", 0 0, L_0x560d7a94a820;  1 drivers
v0x560d7a7e9870_0 .net "int_fwire_IQ", 0 0, L_0x560d7a94ad20;  1 drivers
v0x560d7a7e9910_0 .net "int_fwire_IQN", 0 0, L_0x560d7a94b050;  1 drivers
v0x560d7a7e9ac0_0 .net "int_fwire_d", 0 0, L_0x560d7a94a9a0;  1 drivers
v0x560d7a7e9b60_0 .net "int_fwire_r", 0 0, L_0x560d7a94abf0;  1 drivers
v0x560d7a7e9c00_0 .net "int_fwire_s", 0 0, L_0x560d7a94aae0;  1 drivers
v0x560d7a7e9ca0_0 .var "notifier", 0 0;
v0x560d7a7e9d40_0 .net "xcr_0", 0 0, L_0x560d7a94acb0;  1 drivers
S_0x560d7a7e9de0 .scope module, "_0842_" "sg13g2_hv_sdfbbp_1" 5 2523, 3 1964 1, S_0x560d7a760c50;
 .timescale -9 -11;
    .port_info 0 /OUTPUT 1 "Q";
    .port_info 1 /OUTPUT 1 "Q_N";
    .port_info 2 /INPUT 1 "CLK";
    .port_info 3 /INPUT 1 "D";
    .port_info 4 /INPUT 1 "RESET_B";
    .port_info 5 /INPUT 1 "SCD";
    .port_info 6 /INPUT 1 "SCE";
    .port_info 7 /INPUT 1 "SET_B";
L_0x560d7a94afe0 .functor BUFZ 1, L_0x560d7a931020, C4<0>, C4<0>, C4<0>;
L_0x560d7a94b290 .functor BUFZ 1, L_0x560d7a9beb40, C4<0>, C4<0>, C4<0>;
L_0x560d7a94b300 .functor BUFZ 1, L_0x560d7a9bec40, C4<0>, C4<0>, C4<0>;
L_0x560d7a94b370 .functor BUFZ 1, v0x560d7a909430_0, C4<0>, C4<0>, C4<0>;
L_0x560d7a94b410 .functor BUFZ 1, L_0x560d7a9b9b30, C4<0>, C4<0>, C4<0>;
L_0x560d7a94b4b0 .functor BUFZ 1, v0x560d7a908bd0_0, C4<0>, C4<0>, C4<0>;
L_0x560d7a94b590 .udp UDP_ihp_mux2, L_0x560d7a94afe0, L_0x560d7a94b290, L_0x560d7a94b300;
L_0x560d7a94b6d0 .functor NOT 1, L_0x560d7a94b410, C4<0>, C4<0>, C4<0>;
L_0x560d7a94b7e0 .functor NOT 1, L_0x560d7a94b370, C4<0>, C4<0>, C4<0>;
L_0x7f6fe5f76408 .functor BUFT 1, C4<0>, C4<0>, C4<0>, C4<0>;
L_0x560d7a94b8a0 .functor BUF 1, L_0x7f6fe5f76408, C4<0>, C4<0>, C4<0>;
L_0x560d7a94b910 .udp UDP_ihp_dff_sr_1, v0x560d7a7eae10_0, L_0x560d7a94b4b0, L_0x560d7a94b590, L_0x560d7a94b6d0, L_0x560d7a94b7e0, L_0x560d7a94b8a0;
L_0x560d7a94bb10 .functor BUF 1, L_0x560d7a94b910, C4<0>, C4<0>, C4<0>;
L_0x560d7a94bc40 .functor NOT 1, L_0x560d7a94b910, C4<0>, C4<0>, C4<0>;
L_0x560d7a94bcb0 .functor BUF 1, L_0x560d7a94bc40, C4<0>, C4<0>, C4<0>;
v0x560d7a7ea080_0 .net "CLK", 0 0, v0x560d7a908bd0_0;  alias, 1 drivers
v0x560d7a7ea120_0 .net "D", 0 0, L_0x560d7a931020;  alias, 1 drivers
v0x560d7a7ea1c0_0 .net "Q", 0 0, L_0x560d7a94bb10;  1 drivers
v0x560d7a7ea260_0 .net "Q_N", 0 0, L_0x560d7a94bcb0;  1 drivers
v0x560d7a7ea300_0 .net "RESET_B", 0 0, v0x560d7a909430_0;  alias, 1 drivers
v0x560d7a7ea3a0_0 .net "SCD", 0 0, L_0x560d7a9beb40;  alias, 1 drivers
v0x560d7a7ea440_0 .net "SCE", 0 0, L_0x560d7a9bec40;  alias, 1 drivers
v0x560d7a7ea4e0_0 .net "SET_B", 0 0, L_0x560d7a9b9b30;  alias, 1 drivers
v0x560d7a7ea580_0 .net/2s *"_ivl_15", 0 0, L_0x7f6fe5f76408;  1 drivers
v0x560d7a7ea620_0 .net "delayed_CLK", 0 0, L_0x560d7a94b4b0;  1 drivers
v0x560d7a7ea6c0_0 .net "delayed_D", 0 0, L_0x560d7a94afe0;  1 drivers
v0x560d7a7ea760_0 .net "delayed_RESET_B", 0 0, L_0x560d7a94b370;  1 drivers
v0x560d7a7ea800_0 .net "delayed_SCD", 0 0, L_0x560d7a94b290;  1 drivers
v0x560d7a7ea8a0_0 .net "delayed_SCE", 0 0, L_0x560d7a94b300;  1 drivers
v0x560d7a7ea940_0 .net "delayed_SET_B", 0 0, L_0x560d7a94b410;  1 drivers
v0x560d7a7ea9e0_0 .net "int_fwire_IQ", 0 0, L_0x560d7a94b910;  1 drivers
v0x560d7a7eaa80_0 .net "int_fwire_IQN", 0 0, L_0x560d7a94bc40;  1 drivers
v0x560d7a7eac30_0 .net "int_fwire_d", 0 0, L_0x560d7a94b590;  1 drivers
v0x560d7a7eacd0_0 .net "int_fwire_r", 0 0, L_0x560d7a94b7e0;  1 drivers
v0x560d7a7ead70_0 .net "int_fwire_s", 0 0, L_0x560d7a94b6d0;  1 drivers
v0x560d7a7eae10_0 .var "notifier", 0 0;
v0x560d7a7eaeb0_0 .net "xcr_0", 0 0, L_0x560d7a94b8a0;  1 drivers
S_0x560d7a7eaf50 .scope module, "_0843_" "sg13g2_hv_sdfbbp_1" 5 2532, 3 1964 1, S_0x560d7a760c50;
 .timescale -9 -11;
    .port_info 0 /OUTPUT 1 "Q";
    .port_info 1 /OUTPUT 1 "Q_N";
    .port_info 2 /INPUT 1 "CLK";
    .port_info 3 /INPUT 1 "D";
    .port_info 4 /INPUT 1 "RESET_B";
    .port_info 5 /INPUT 1 "SCD";
    .port_info 6 /INPUT 1 "SCE";
    .port_info 7 /INPUT 1 "SET_B";
L_0x560d7a94bbd0 .functor BUFZ 1, L_0x560d7a931db0, C4<0>, C4<0>, C4<0>;
L_0x560d7a94be80 .functor BUFZ 1, L_0x560d7a9bed40, C4<0>, C4<0>, C4<0>;
L_0x560d7a94bef0 .functor BUFZ 1, L_0x560d7a9bee40, C4<0>, C4<0>, C4<0>;
L_0x560d7a94bf60 .functor BUFZ 1, v0x560d7a909430_0, C4<0>, C4<0>, C4<0>;
L_0x560d7a94c000 .functor BUFZ 1, L_0x560d7a9b9c30, C4<0>, C4<0>, C4<0>;
L_0x560d7a94c0a0 .functor BUFZ 1, v0x560d7a908bd0_0, C4<0>, C4<0>, C4<0>;
L_0x560d7a94c180 .udp UDP_ihp_mux2, L_0x560d7a94bbd0, L_0x560d7a94be80, L_0x560d7a94bef0;
L_0x560d7a94c2c0 .functor NOT 1, L_0x560d7a94c000, C4<0>, C4<0>, C4<0>;
L_0x560d7a94c3d0 .functor NOT 1, L_0x560d7a94bf60, C4<0>, C4<0>, C4<0>;
L_0x7f6fe5f76450 .functor BUFT 1, C4<0>, C4<0>, C4<0>, C4<0>;
L_0x560d7a94c490 .functor BUF 1, L_0x7f6fe5f76450, C4<0>, C4<0>, C4<0>;
L_0x560d7a94c500 .udp UDP_ihp_dff_sr_1, v0x560d7a7ebf80_0, L_0x560d7a94c0a0, L_0x560d7a94c180, L_0x560d7a94c2c0, L_0x560d7a94c3d0, L_0x560d7a94c490;
L_0x560d7a94c700 .functor BUF 1, L_0x560d7a94c500, C4<0>, C4<0>, C4<0>;
L_0x560d7a94c830 .functor NOT 1, L_0x560d7a94c500, C4<0>, C4<0>, C4<0>;
L_0x560d7a94c8a0 .functor BUF 1, L_0x560d7a94c830, C4<0>, C4<0>, C4<0>;
v0x560d7a7eb1f0_0 .net "CLK", 0 0, v0x560d7a908bd0_0;  alias, 1 drivers
v0x560d7a7eb290_0 .net "D", 0 0, L_0x560d7a931db0;  alias, 1 drivers
v0x560d7a7eb330_0 .net "Q", 0 0, L_0x560d7a94c700;  1 drivers
v0x560d7a7eb3d0_0 .net "Q_N", 0 0, L_0x560d7a94c8a0;  1 drivers
v0x560d7a7eb470_0 .net "RESET_B", 0 0, v0x560d7a909430_0;  alias, 1 drivers
v0x560d7a7eb510_0 .net "SCD", 0 0, L_0x560d7a9bed40;  alias, 1 drivers
v0x560d7a7eb5b0_0 .net "SCE", 0 0, L_0x560d7a9bee40;  alias, 1 drivers
v0x560d7a7eb650_0 .net "SET_B", 0 0, L_0x560d7a9b9c30;  alias, 1 drivers
v0x560d7a7eb6f0_0 .net/2s *"_ivl_15", 0 0, L_0x7f6fe5f76450;  1 drivers
v0x560d7a7eb790_0 .net "delayed_CLK", 0 0, L_0x560d7a94c0a0;  1 drivers
v0x560d7a7eb830_0 .net "delayed_D", 0 0, L_0x560d7a94bbd0;  1 drivers
v0x560d7a7eb8d0_0 .net "delayed_RESET_B", 0 0, L_0x560d7a94bf60;  1 drivers
v0x560d7a7eb970_0 .net "delayed_SCD", 0 0, L_0x560d7a94be80;  1 drivers
v0x560d7a7eba10_0 .net "delayed_SCE", 0 0, L_0x560d7a94bef0;  1 drivers
v0x560d7a7ebab0_0 .net "delayed_SET_B", 0 0, L_0x560d7a94c000;  1 drivers
v0x560d7a7ebb50_0 .net "int_fwire_IQ", 0 0, L_0x560d7a94c500;  1 drivers
v0x560d7a7ebbf0_0 .net "int_fwire_IQN", 0 0, L_0x560d7a94c830;  1 drivers
v0x560d7a7ebda0_0 .net "int_fwire_d", 0 0, L_0x560d7a94c180;  1 drivers
v0x560d7a7ebe40_0 .net "int_fwire_r", 0 0, L_0x560d7a94c3d0;  1 drivers
v0x560d7a7ebee0_0 .net "int_fwire_s", 0 0, L_0x560d7a94c2c0;  1 drivers
v0x560d7a7ebf80_0 .var "notifier", 0 0;
v0x560d7a7ec020_0 .net "xcr_0", 0 0, L_0x560d7a94c490;  1 drivers
S_0x560d7a7ec0c0 .scope module, "_0844_" "sg13g2_hv_sdfbbp_1" 5 2541, 3 1964 1, S_0x560d7a760c50;
 .timescale -9 -11;
    .port_info 0 /OUTPUT 1 "Q";
    .port_info 1 /OUTPUT 1 "Q_N";
    .port_info 2 /INPUT 1 "CLK";
    .port_info 3 /INPUT 1 "D";
    .port_info 4 /INPUT 1 "RESET_B";
    .port_info 5 /INPUT 1 "SCD";
    .port_info 6 /INPUT 1 "SCE";
    .port_info 7 /INPUT 1 "SET_B";
L_0x560d7a94c7c0 .functor BUFZ 1, L_0x560d7a932b40, C4<0>, C4<0>, C4<0>;
L_0x560d7a94ca70 .functor BUFZ 1, L_0x560d7a9bef40, C4<0>, C4<0>, C4<0>;
L_0x560d7a94cae0 .functor BUFZ 1, L_0x560d7a9bf040, C4<0>, C4<0>, C4<0>;
L_0x560d7a94cb50 .functor BUFZ 1, v0x560d7a909430_0, C4<0>, C4<0>, C4<0>;
L_0x560d7a94cbf0 .functor BUFZ 1, L_0x560d7a9b9d30, C4<0>, C4<0>, C4<0>;
L_0x560d7a94cc90 .functor BUFZ 1, v0x560d7a908bd0_0, C4<0>, C4<0>, C4<0>;
L_0x560d7a94cd70 .udp UDP_ihp_mux2, L_0x560d7a94c7c0, L_0x560d7a94ca70, L_0x560d7a94cae0;
L_0x560d7a94ceb0 .functor NOT 1, L_0x560d7a94cbf0, C4<0>, C4<0>, C4<0>;
L_0x560d7a94cfc0 .functor NOT 1, L_0x560d7a94cb50, C4<0>, C4<0>, C4<0>;
L_0x7f6fe5f76498 .functor BUFT 1, C4<0>, C4<0>, C4<0>, C4<0>;
L_0x560d7a94d080 .functor BUF 1, L_0x7f6fe5f76498, C4<0>, C4<0>, C4<0>;
L_0x560d7a94d0f0 .udp UDP_ihp_dff_sr_1, v0x560d7a7ed0f0_0, L_0x560d7a94cc90, L_0x560d7a94cd70, L_0x560d7a94ceb0, L_0x560d7a94cfc0, L_0x560d7a94d080;
L_0x560d7a94d2f0 .functor BUF 1, L_0x560d7a94d0f0, C4<0>, C4<0>, C4<0>;
L_0x560d7a94d420 .functor NOT 1, L_0x560d7a94d0f0, C4<0>, C4<0>, C4<0>;
L_0x560d7a94d490 .functor BUF 1, L_0x560d7a94d420, C4<0>, C4<0>, C4<0>;
v0x560d7a7ec360_0 .net "CLK", 0 0, v0x560d7a908bd0_0;  alias, 1 drivers
v0x560d7a7ec400_0 .net "D", 0 0, L_0x560d7a932b40;  alias, 1 drivers
v0x560d7a7ec4a0_0 .net "Q", 0 0, L_0x560d7a94d2f0;  1 drivers
v0x560d7a7ec540_0 .net "Q_N", 0 0, L_0x560d7a94d490;  1 drivers
v0x560d7a7ec5e0_0 .net "RESET_B", 0 0, v0x560d7a909430_0;  alias, 1 drivers
v0x560d7a7ec680_0 .net "SCD", 0 0, L_0x560d7a9bef40;  alias, 1 drivers
v0x560d7a7ec720_0 .net "SCE", 0 0, L_0x560d7a9bf040;  alias, 1 drivers
v0x560d7a7ec7c0_0 .net "SET_B", 0 0, L_0x560d7a9b9d30;  alias, 1 drivers
v0x560d7a7ec860_0 .net/2s *"_ivl_15", 0 0, L_0x7f6fe5f76498;  1 drivers
v0x560d7a7ec900_0 .net "delayed_CLK", 0 0, L_0x560d7a94cc90;  1 drivers
v0x560d7a7ec9a0_0 .net "delayed_D", 0 0, L_0x560d7a94c7c0;  1 drivers
v0x560d7a7eca40_0 .net "delayed_RESET_B", 0 0, L_0x560d7a94cb50;  1 drivers
v0x560d7a7ecae0_0 .net "delayed_SCD", 0 0, L_0x560d7a94ca70;  1 drivers
v0x560d7a7ecb80_0 .net "delayed_SCE", 0 0, L_0x560d7a94cae0;  1 drivers
v0x560d7a7ecc20_0 .net "delayed_SET_B", 0 0, L_0x560d7a94cbf0;  1 drivers
v0x560d7a7eccc0_0 .net "int_fwire_IQ", 0 0, L_0x560d7a94d0f0;  1 drivers
v0x560d7a7ecd60_0 .net "int_fwire_IQN", 0 0, L_0x560d7a94d420;  1 drivers
v0x560d7a7ecf10_0 .net "int_fwire_d", 0 0, L_0x560d7a94cd70;  1 drivers
v0x560d7a7ecfb0_0 .net "int_fwire_r", 0 0, L_0x560d7a94cfc0;  1 drivers
v0x560d7a7ed050_0 .net "int_fwire_s", 0 0, L_0x560d7a94ceb0;  1 drivers
v0x560d7a7ed0f0_0 .var "notifier", 0 0;
v0x560d7a7ed190_0 .net "xcr_0", 0 0, L_0x560d7a94d080;  1 drivers
S_0x560d7a7ed230 .scope module, "_0845_" "sg13g2_hv_sdfbbp_1" 5 2550, 3 1964 1, S_0x560d7a760c50;
 .timescale -9 -11;
    .port_info 0 /OUTPUT 1 "Q";
    .port_info 1 /OUTPUT 1 "Q_N";
    .port_info 2 /INPUT 1 "CLK";
    .port_info 3 /INPUT 1 "D";
    .port_info 4 /INPUT 1 "RESET_B";
    .port_info 5 /INPUT 1 "SCD";
    .port_info 6 /INPUT 1 "SCE";
    .port_info 7 /INPUT 1 "SET_B";
L_0x560d7a94d3b0 .functor BUFZ 1, v0x560d7a909570_0, C4<0>, C4<0>, C4<0>;
L_0x560d7a94da60 .functor BUFZ 1, L_0x560d7a9bfd40, C4<0>, C4<0>, C4<0>;
L_0x560d7a94dad0 .functor BUFZ 1, L_0x560d7a9bfe40, C4<0>, C4<0>, C4<0>;
L_0x560d7a94db40 .functor BUFZ 1, v0x560d7a909430_0, C4<0>, C4<0>, C4<0>;
L_0x560d7a94dbb0 .functor BUFZ 1, L_0x560d7a9ba430, C4<0>, C4<0>, C4<0>;
L_0x560d7a94dc20 .functor BUFZ 1, v0x560d7a908bd0_0, C4<0>, C4<0>, C4<0>;
L_0x560d7a94dcd0 .udp UDP_ihp_mux2, L_0x560d7a94d3b0, L_0x560d7a94da60, L_0x560d7a94dad0;
L_0x560d7a94de30 .functor NOT 1, L_0x560d7a94dbb0, C4<0>, C4<0>, C4<0>;
L_0x560d7a94df40 .functor NOT 1, L_0x560d7a94db40, C4<0>, C4<0>, C4<0>;
L_0x7f6fe5f764e0 .functor BUFT 1, C4<0>, C4<0>, C4<0>, C4<0>;
L_0x560d7a94e000 .functor BUF 1, L_0x7f6fe5f764e0, C4<0>, C4<0>, C4<0>;
L_0x560d7a94e070 .udp UDP_ihp_dff_sr_1, v0x560d7a7ee480_0, L_0x560d7a94dc20, L_0x560d7a94dcd0, L_0x560d7a94de30, L_0x560d7a94df40, L_0x560d7a94e000;
L_0x560d7a94e270 .functor BUF 1, L_0x560d7a94e070, C4<0>, C4<0>, C4<0>;
L_0x560d7a94e3a0 .functor NOT 1, L_0x560d7a94e070, C4<0>, C4<0>, C4<0>;
L_0x560d7a94e410 .functor BUF 1, L_0x560d7a94e3a0, C4<0>, C4<0>, C4<0>;
v0x560d7a7ed4d0_0 .net "CLK", 0 0, v0x560d7a908bd0_0;  alias, 1 drivers
v0x560d7a7ed680_0 .net "D", 0 0, v0x560d7a909570_0;  alias, 1 drivers
v0x560d7a7ed720_0 .net "Q", 0 0, L_0x560d7a94e270;  alias, 1 drivers
v0x560d7a7ed7c0_0 .net "Q_N", 0 0, L_0x560d7a94e410;  1 drivers
v0x560d7a7ed860_0 .net "RESET_B", 0 0, v0x560d7a909430_0;  alias, 1 drivers
v0x560d7a7eda10_0 .net "SCD", 0 0, L_0x560d7a9bfd40;  alias, 1 drivers
v0x560d7a7edab0_0 .net "SCE", 0 0, L_0x560d7a9bfe40;  alias, 1 drivers
v0x560d7a7edb50_0 .net "SET_B", 0 0, L_0x560d7a9ba430;  alias, 1 drivers
v0x560d7a7edbf0_0 .net/2s *"_ivl_15", 0 0, L_0x7f6fe5f764e0;  1 drivers
v0x560d7a7edc90_0 .net "delayed_CLK", 0 0, L_0x560d7a94dc20;  1 drivers
v0x560d7a7edd30_0 .net "delayed_D", 0 0, L_0x560d7a94d3b0;  1 drivers
v0x560d7a7eddd0_0 .net "delayed_RESET_B", 0 0, L_0x560d7a94db40;  1 drivers
v0x560d7a7ede70_0 .net "delayed_SCD", 0 0, L_0x560d7a94da60;  1 drivers
v0x560d7a7edf10_0 .net "delayed_SCE", 0 0, L_0x560d7a94dad0;  1 drivers
v0x560d7a7edfb0_0 .net "delayed_SET_B", 0 0, L_0x560d7a94dbb0;  1 drivers
v0x560d7a7ee050_0 .net "int_fwire_IQ", 0 0, L_0x560d7a94e070;  1 drivers
v0x560d7a7ee0f0_0 .net "int_fwire_IQN", 0 0, L_0x560d7a94e3a0;  1 drivers
v0x560d7a7ee2a0_0 .net "int_fwire_d", 0 0, L_0x560d7a94dcd0;  1 drivers
v0x560d7a7ee340_0 .net "int_fwire_r", 0 0, L_0x560d7a94df40;  1 drivers
v0x560d7a7ee3e0_0 .net "int_fwire_s", 0 0, L_0x560d7a94de30;  1 drivers
v0x560d7a7ee480_0 .var "notifier", 0 0;
v0x560d7a7ee520_0 .net "xcr_0", 0 0, L_0x560d7a94e000;  1 drivers
S_0x560d7a7ee5c0 .scope module, "_0846_" "sg13g2_hv_sdfbbp_1" 5 2559, 3 1964 1, S_0x560d7a760c50;
 .timescale -9 -11;
    .port_info 0 /OUTPUT 1 "Q";
    .port_info 1 /OUTPUT 1 "Q_N";
    .port_info 2 /INPUT 1 "CLK";
    .port_info 3 /INPUT 1 "D";
    .port_info 4 /INPUT 1 "RESET_B";
    .port_info 5 /INPUT 1 "SCD";
    .port_info 6 /INPUT 1 "SCE";
    .port_info 7 /INPUT 1 "SET_B";
L_0x560d7a94e330 .functor BUFZ 1, v0x560d7a909390_0, C4<0>, C4<0>, C4<0>;
L_0x560d7a94e550 .functor BUFZ 1, L_0x560d7a9bff40, C4<0>, C4<0>, C4<0>;
L_0x560d7a94e5c0 .functor BUFZ 1, L_0x560d7a9c0040, C4<0>, C4<0>, C4<0>;
L_0x560d7a94e630 .functor BUFZ 1, v0x560d7a909430_0, C4<0>, C4<0>, C4<0>;
L_0x560d7a94e6a0 .functor BUFZ 1, L_0x560d7a9ba530, C4<0>, C4<0>, C4<0>;
L_0x560d7a94e710 .functor BUFZ 1, v0x560d7a908bd0_0, C4<0>, C4<0>, C4<0>;
L_0x560d7a94e7c0 .udp UDP_ihp_mux2, L_0x560d7a94e330, L_0x560d7a94e550, L_0x560d7a94e5c0;
L_0x560d7a94e920 .functor NOT 1, L_0x560d7a94e6a0, C4<0>, C4<0>, C4<0>;
L_0x560d7a94ea30 .functor NOT 1, L_0x560d7a94e630, C4<0>, C4<0>, C4<0>;
L_0x7f6fe5f76528 .functor BUFT 1, C4<0>, C4<0>, C4<0>, C4<0>;
L_0x560d7a94eaf0 .functor BUF 1, L_0x7f6fe5f76528, C4<0>, C4<0>, C4<0>;
L_0x560d7a94eb60 .udp UDP_ihp_dff_sr_1, v0x560d7a7ef5f0_0, L_0x560d7a94e710, L_0x560d7a94e7c0, L_0x560d7a94e920, L_0x560d7a94ea30, L_0x560d7a94eaf0;
L_0x560d7a94ed60 .functor BUF 1, L_0x560d7a94eb60, C4<0>, C4<0>, C4<0>;
L_0x560d7a94ee90 .functor NOT 1, L_0x560d7a94eb60, C4<0>, C4<0>, C4<0>;
L_0x560d7a94ef00 .functor BUF 1, L_0x560d7a94ee90, C4<0>, C4<0>, C4<0>;
v0x560d7a7ee860_0 .net "CLK", 0 0, v0x560d7a908bd0_0;  alias, 1 drivers
v0x560d7a7ee900_0 .net "D", 0 0, v0x560d7a909390_0;  alias, 1 drivers
v0x560d7a7ee9a0_0 .net "Q", 0 0, L_0x560d7a94ed60;  alias, 1 drivers
v0x560d7a7eea40_0 .net "Q_N", 0 0, L_0x560d7a94ef00;  1 drivers
v0x560d7a7eeae0_0 .net "RESET_B", 0 0, v0x560d7a909430_0;  alias, 1 drivers
v0x560d7a7eeb80_0 .net "SCD", 0 0, L_0x560d7a9bff40;  alias, 1 drivers
v0x560d7a7eec20_0 .net "SCE", 0 0, L_0x560d7a9c0040;  alias, 1 drivers
v0x560d7a7eecc0_0 .net "SET_B", 0 0, L_0x560d7a9ba530;  alias, 1 drivers
v0x560d7a7eed60_0 .net/2s *"_ivl_15", 0 0, L_0x7f6fe5f76528;  1 drivers
v0x560d7a7eee00_0 .net "delayed_CLK", 0 0, L_0x560d7a94e710;  1 drivers
v0x560d7a7eeea0_0 .net "delayed_D", 0 0, L_0x560d7a94e330;  1 drivers
v0x560d7a7eef40_0 .net "delayed_RESET_B", 0 0, L_0x560d7a94e630;  1 drivers
v0x560d7a7eefe0_0 .net "delayed_SCD", 0 0, L_0x560d7a94e550;  1 drivers
v0x560d7a7ef080_0 .net "delayed_SCE", 0 0, L_0x560d7a94e5c0;  1 drivers
v0x560d7a7ef120_0 .net "delayed_SET_B", 0 0, L_0x560d7a94e6a0;  1 drivers
v0x560d7a7ef1c0_0 .net "int_fwire_IQ", 0 0, L_0x560d7a94eb60;  1 drivers
v0x560d7a7ef260_0 .net "int_fwire_IQN", 0 0, L_0x560d7a94ee90;  1 drivers
v0x560d7a7ef410_0 .net "int_fwire_d", 0 0, L_0x560d7a94e7c0;  1 drivers
v0x560d7a7ef4b0_0 .net "int_fwire_r", 0 0, L_0x560d7a94ea30;  1 drivers
v0x560d7a7ef550_0 .net "int_fwire_s", 0 0, L_0x560d7a94e920;  1 drivers
v0x560d7a7ef5f0_0 .var "notifier", 0 0;
v0x560d7a7ef690_0 .net "xcr_0", 0 0, L_0x560d7a94eaf0;  1 drivers
S_0x560d7a7ef730 .scope module, "_0847_" "sg13g2_hv_sdfbbp_1" 5 2568, 3 1964 1, S_0x560d7a760c50;
 .timescale -9 -11;
    .port_info 0 /OUTPUT 1 "Q";
    .port_info 1 /OUTPUT 1 "Q_N";
    .port_info 2 /INPUT 1 "CLK";
    .port_info 3 /INPUT 1 "D";
    .port_info 4 /INPUT 1 "RESET_B";
    .port_info 5 /INPUT 1 "SCD";
    .port_info 6 /INPUT 1 "SCE";
    .port_info 7 /INPUT 1 "SET_B";
L_0x560d7a94ee20 .functor BUFZ 1, v0x560d7a909660_0, C4<0>, C4<0>, C4<0>;
L_0x560d7a94f040 .functor BUFZ 1, L_0x560d7a9c0140, C4<0>, C4<0>, C4<0>;
L_0x560d7a94f0b0 .functor BUFZ 1, L_0x560d7a9c0240, C4<0>, C4<0>, C4<0>;
L_0x560d7a94f120 .functor BUFZ 1, v0x560d7a909430_0, C4<0>, C4<0>, C4<0>;
L_0x560d7a94f190 .functor BUFZ 1, L_0x560d7a9ba630, C4<0>, C4<0>, C4<0>;
L_0x560d7a94f200 .functor BUFZ 1, v0x560d7a908bd0_0, C4<0>, C4<0>, C4<0>;
L_0x560d7a94f2b0 .udp UDP_ihp_mux2, L_0x560d7a94ee20, L_0x560d7a94f040, L_0x560d7a94f0b0;
L_0x560d7a94f410 .functor NOT 1, L_0x560d7a94f190, C4<0>, C4<0>, C4<0>;
L_0x560d7a94f520 .functor NOT 1, L_0x560d7a94f120, C4<0>, C4<0>, C4<0>;
L_0x7f6fe5f76570 .functor BUFT 1, C4<0>, C4<0>, C4<0>, C4<0>;
L_0x560d7a94f5e0 .functor BUF 1, L_0x7f6fe5f76570, C4<0>, C4<0>, C4<0>;
L_0x560d7a94f650 .udp UDP_ihp_dff_sr_1, v0x560d7a7f0760_0, L_0x560d7a94f200, L_0x560d7a94f2b0, L_0x560d7a94f410, L_0x560d7a94f520, L_0x560d7a94f5e0;
L_0x560d7a94f850 .functor BUF 1, L_0x560d7a94f650, C4<0>, C4<0>, C4<0>;
L_0x560d7a94f980 .functor NOT 1, L_0x560d7a94f650, C4<0>, C4<0>, C4<0>;
L_0x560d7a94f9f0 .functor BUF 1, L_0x560d7a94f980, C4<0>, C4<0>, C4<0>;
v0x560d7a7ef9d0_0 .net "CLK", 0 0, v0x560d7a908bd0_0;  alias, 1 drivers
v0x560d7a7efa70_0 .net "D", 0 0, v0x560d7a909660_0;  alias, 1 drivers
v0x560d7a7efb10_0 .net "Q", 0 0, L_0x560d7a94f850;  alias, 1 drivers
v0x560d7a7efbb0_0 .net "Q_N", 0 0, L_0x560d7a94f9f0;  1 drivers
v0x560d7a7efc50_0 .net "RESET_B", 0 0, v0x560d7a909430_0;  alias, 1 drivers
v0x560d7a7efcf0_0 .net "SCD", 0 0, L_0x560d7a9c0140;  alias, 1 drivers
v0x560d7a7efd90_0 .net "SCE", 0 0, L_0x560d7a9c0240;  alias, 1 drivers
v0x560d7a7efe30_0 .net "SET_B", 0 0, L_0x560d7a9ba630;  alias, 1 drivers
v0x560d7a7efed0_0 .net/2s *"_ivl_15", 0 0, L_0x7f6fe5f76570;  1 drivers
v0x560d7a7eff70_0 .net "delayed_CLK", 0 0, L_0x560d7a94f200;  1 drivers
v0x560d7a7f0010_0 .net "delayed_D", 0 0, L_0x560d7a94ee20;  1 drivers
v0x560d7a7f00b0_0 .net "delayed_RESET_B", 0 0, L_0x560d7a94f120;  1 drivers
v0x560d7a7f0150_0 .net "delayed_SCD", 0 0, L_0x560d7a94f040;  1 drivers
v0x560d7a7f01f0_0 .net "delayed_SCE", 0 0, L_0x560d7a94f0b0;  1 drivers
v0x560d7a7f0290_0 .net "delayed_SET_B", 0 0, L_0x560d7a94f190;  1 drivers
v0x560d7a7f0330_0 .net "int_fwire_IQ", 0 0, L_0x560d7a94f650;  1 drivers
v0x560d7a7f03d0_0 .net "int_fwire_IQN", 0 0, L_0x560d7a94f980;  1 drivers
v0x560d7a7f0580_0 .net "int_fwire_d", 0 0, L_0x560d7a94f2b0;  1 drivers
v0x560d7a7f0620_0 .net "int_fwire_r", 0 0, L_0x560d7a94f520;  1 drivers
v0x560d7a7f06c0_0 .net "int_fwire_s", 0 0, L_0x560d7a94f410;  1 drivers
v0x560d7a7f0760_0 .var "notifier", 0 0;
v0x560d7a7f0800_0 .net "xcr_0", 0 0, L_0x560d7a94f5e0;  1 drivers
S_0x560d7a7f08a0 .scope module, "_0848_" "sg13g2_hv_sdfbbp_1" 5 2577, 3 1964 1, S_0x560d7a760c50;
 .timescale -9 -11;
    .port_info 0 /OUTPUT 1 "Q";
    .port_info 1 /OUTPUT 1 "Q_N";
    .port_info 2 /INPUT 1 "CLK";
    .port_info 3 /INPUT 1 "D";
    .port_info 4 /INPUT 1 "RESET_B";
    .port_info 5 /INPUT 1 "SCD";
    .port_info 6 /INPUT 1 "SCE";
    .port_info 7 /INPUT 1 "SET_B";
L_0x560d7a94f910 .functor BUFZ 1, v0x560d7a908d60_0, C4<0>, C4<0>, C4<0>;
L_0x560d7a94fb30 .functor BUFZ 1, L_0x560d7a9c0340, C4<0>, C4<0>, C4<0>;
L_0x560d7a94fba0 .functor BUFZ 1, L_0x560d7a9c0440, C4<0>, C4<0>, C4<0>;
L_0x560d7a94fc10 .functor BUFZ 1, v0x560d7a909430_0, C4<0>, C4<0>, C4<0>;
L_0x560d7a94fc80 .functor BUFZ 1, L_0x560d7a9ba730, C4<0>, C4<0>, C4<0>;
L_0x560d7a94fcf0 .functor BUFZ 1, v0x560d7a908bd0_0, C4<0>, C4<0>, C4<0>;
L_0x560d7a94fda0 .udp UDP_ihp_mux2, L_0x560d7a94f910, L_0x560d7a94fb30, L_0x560d7a94fba0;
L_0x560d7a94ff00 .functor NOT 1, L_0x560d7a94fc80, C4<0>, C4<0>, C4<0>;
L_0x560d7a950010 .functor NOT 1, L_0x560d7a94fc10, C4<0>, C4<0>, C4<0>;
L_0x7f6fe5f765b8 .functor BUFT 1, C4<0>, C4<0>, C4<0>, C4<0>;
L_0x560d7a9500d0 .functor BUF 1, L_0x7f6fe5f765b8, C4<0>, C4<0>, C4<0>;
L_0x560d7a950140 .udp UDP_ihp_dff_sr_1, v0x560d7a7f18d0_0, L_0x560d7a94fcf0, L_0x560d7a94fda0, L_0x560d7a94ff00, L_0x560d7a950010, L_0x560d7a9500d0;
L_0x560d7a950340 .functor BUF 1, L_0x560d7a950140, C4<0>, C4<0>, C4<0>;
L_0x560d7a950470 .functor NOT 1, L_0x560d7a950140, C4<0>, C4<0>, C4<0>;
L_0x560d7a9504e0 .functor BUF 1, L_0x560d7a950470, C4<0>, C4<0>, C4<0>;
v0x560d7a7f0b40_0 .net "CLK", 0 0, v0x560d7a908bd0_0;  alias, 1 drivers
v0x560d7a7f0be0_0 .net "D", 0 0, v0x560d7a908d60_0;  alias, 1 drivers
v0x560d7a7f0c80_0 .net "Q", 0 0, L_0x560d7a950340;  alias, 1 drivers
v0x560d7a7f0d20_0 .net "Q_N", 0 0, L_0x560d7a9504e0;  1 drivers
v0x560d7a7f0dc0_0 .net "RESET_B", 0 0, v0x560d7a909430_0;  alias, 1 drivers
v0x560d7a7f0e60_0 .net "SCD", 0 0, L_0x560d7a9c0340;  alias, 1 drivers
v0x560d7a7f0f00_0 .net "SCE", 0 0, L_0x560d7a9c0440;  alias, 1 drivers
v0x560d7a7f0fa0_0 .net "SET_B", 0 0, L_0x560d7a9ba730;  alias, 1 drivers
v0x560d7a7f1040_0 .net/2s *"_ivl_15", 0 0, L_0x7f6fe5f765b8;  1 drivers
v0x560d7a7f10e0_0 .net "delayed_CLK", 0 0, L_0x560d7a94fcf0;  1 drivers
v0x560d7a7f1180_0 .net "delayed_D", 0 0, L_0x560d7a94f910;  1 drivers
v0x560d7a7f1220_0 .net "delayed_RESET_B", 0 0, L_0x560d7a94fc10;  1 drivers
v0x560d7a7f12c0_0 .net "delayed_SCD", 0 0, L_0x560d7a94fb30;  1 drivers
v0x560d7a7f1360_0 .net "delayed_SCE", 0 0, L_0x560d7a94fba0;  1 drivers
v0x560d7a7f1400_0 .net "delayed_SET_B", 0 0, L_0x560d7a94fc80;  1 drivers
v0x560d7a7f14a0_0 .net "int_fwire_IQ", 0 0, L_0x560d7a950140;  1 drivers
v0x560d7a7f1540_0 .net "int_fwire_IQN", 0 0, L_0x560d7a950470;  1 drivers
v0x560d7a7f16f0_0 .net "int_fwire_d", 0 0, L_0x560d7a94fda0;  1 drivers
v0x560d7a7f1790_0 .net "int_fwire_r", 0 0, L_0x560d7a950010;  1 drivers
v0x560d7a7f1830_0 .net "int_fwire_s", 0 0, L_0x560d7a94ff00;  1 drivers
v0x560d7a7f18d0_0 .var "notifier", 0 0;
v0x560d7a7f1970_0 .net "xcr_0", 0 0, L_0x560d7a9500d0;  1 drivers
S_0x560d7a7f1a10 .scope module, "_0849_" "sg13g2_hv_sdfbbp_1" 5 2586, 3 1964 1, S_0x560d7a760c50;
 .timescale -9 -11;
    .port_info 0 /OUTPUT 1 "Q";
    .port_info 1 /OUTPUT 1 "Q_N";
    .port_info 2 /INPUT 1 "CLK";
    .port_info 3 /INPUT 1 "D";
    .port_info 4 /INPUT 1 "RESET_B";
    .port_info 5 /INPUT 1 "SCD";
    .port_info 6 /INPUT 1 "SCE";
    .port_info 7 /INPUT 1 "SET_B";
L_0x560d7a950400 .functor BUFZ 1, v0x560d7a908c70_0, C4<0>, C4<0>, C4<0>;
L_0x560d7a950620 .functor BUFZ 1, L_0x560d7a9c0540, C4<0>, C4<0>, C4<0>;
L_0x560d7a950690 .functor BUFZ 1, L_0x560d7a9c0640, C4<0>, C4<0>, C4<0>;
L_0x560d7a950700 .functor BUFZ 1, v0x560d7a909430_0, C4<0>, C4<0>, C4<0>;
L_0x560d7a950770 .functor BUFZ 1, L_0x560d7a9ba830, C4<0>, C4<0>, C4<0>;
L_0x560d7a9507e0 .functor BUFZ 1, v0x560d7a908bd0_0, C4<0>, C4<0>, C4<0>;
L_0x560d7a950890 .udp UDP_ihp_mux2, L_0x560d7a950400, L_0x560d7a950620, L_0x560d7a950690;
L_0x560d7a9509f0 .functor NOT 1, L_0x560d7a950770, C4<0>, C4<0>, C4<0>;
L_0x560d7a950b00 .functor NOT 1, L_0x560d7a950700, C4<0>, C4<0>, C4<0>;
L_0x7f6fe5f76600 .functor BUFT 1, C4<0>, C4<0>, C4<0>, C4<0>;
L_0x560d7a950bc0 .functor BUF 1, L_0x7f6fe5f76600, C4<0>, C4<0>, C4<0>;
L_0x560d7a950c30 .udp UDP_ihp_dff_sr_1, v0x560d7a7f2a40_0, L_0x560d7a9507e0, L_0x560d7a950890, L_0x560d7a9509f0, L_0x560d7a950b00, L_0x560d7a950bc0;
L_0x560d7a950e30 .functor BUF 1, L_0x560d7a950c30, C4<0>, C4<0>, C4<0>;
L_0x560d7a950f60 .functor NOT 1, L_0x560d7a950c30, C4<0>, C4<0>, C4<0>;
L_0x560d7a950fd0 .functor BUF 1, L_0x560d7a950f60, C4<0>, C4<0>, C4<0>;
v0x560d7a7f1cb0_0 .net "CLK", 0 0, v0x560d7a908bd0_0;  alias, 1 drivers
v0x560d7a7f1d50_0 .net "D", 0 0, v0x560d7a908c70_0;  alias, 1 drivers
v0x560d7a7f1df0_0 .net "Q", 0 0, L_0x560d7a950e30;  alias, 1 drivers
v0x560d7a7f1e90_0 .net "Q_N", 0 0, L_0x560d7a950fd0;  1 drivers
v0x560d7a7f1f30_0 .net "RESET_B", 0 0, v0x560d7a909430_0;  alias, 1 drivers
v0x560d7a7f1fd0_0 .net "SCD", 0 0, L_0x560d7a9c0540;  alias, 1 drivers
v0x560d7a7f2070_0 .net "SCE", 0 0, L_0x560d7a9c0640;  alias, 1 drivers
v0x560d7a7f2110_0 .net "SET_B", 0 0, L_0x560d7a9ba830;  alias, 1 drivers
v0x560d7a7f21b0_0 .net/2s *"_ivl_15", 0 0, L_0x7f6fe5f76600;  1 drivers
v0x560d7a7f2250_0 .net "delayed_CLK", 0 0, L_0x560d7a9507e0;  1 drivers
v0x560d7a7f22f0_0 .net "delayed_D", 0 0, L_0x560d7a950400;  1 drivers
v0x560d7a7f2390_0 .net "delayed_RESET_B", 0 0, L_0x560d7a950700;  1 drivers
v0x560d7a7f2430_0 .net "delayed_SCD", 0 0, L_0x560d7a950620;  1 drivers
v0x560d7a7f24d0_0 .net "delayed_SCE", 0 0, L_0x560d7a950690;  1 drivers
v0x560d7a7f2570_0 .net "delayed_SET_B", 0 0, L_0x560d7a950770;  1 drivers
v0x560d7a7f2610_0 .net "int_fwire_IQ", 0 0, L_0x560d7a950c30;  1 drivers
v0x560d7a7f26b0_0 .net "int_fwire_IQN", 0 0, L_0x560d7a950f60;  1 drivers
v0x560d7a7f2860_0 .net "int_fwire_d", 0 0, L_0x560d7a950890;  1 drivers
v0x560d7a7f2900_0 .net "int_fwire_r", 0 0, L_0x560d7a950b00;  1 drivers
v0x560d7a7f29a0_0 .net "int_fwire_s", 0 0, L_0x560d7a9509f0;  1 drivers
v0x560d7a7f2a40_0 .var "notifier", 0 0;
v0x560d7a7f2ae0_0 .net "xcr_0", 0 0, L_0x560d7a950bc0;  1 drivers
S_0x560d7a7f2b80 .scope module, "_0850_" "sg13g2_hv_sdfbbp_1" 5 2595, 3 1964 1, S_0x560d7a760c50;
 .timescale -9 -11;
    .port_info 0 /OUTPUT 1 "Q";
    .port_info 1 /OUTPUT 1 "Q_N";
    .port_info 2 /INPUT 1 "CLK";
    .port_info 3 /INPUT 1 "D";
    .port_info 4 /INPUT 1 "RESET_B";
    .port_info 5 /INPUT 1 "SCD";
    .port_info 6 /INPUT 1 "SCE";
    .port_info 7 /INPUT 1 "SET_B";
L_0x560d7a950ef0 .functor BUFZ 1, L_0x560d7a94e270, C4<0>, C4<0>, C4<0>;
L_0x560d7a951110 .functor BUFZ 1, L_0x560d7a9c0740, C4<0>, C4<0>, C4<0>;
L_0x560d7a951180 .functor BUFZ 1, L_0x560d7a9c0840, C4<0>, C4<0>, C4<0>;
L_0x560d7a9511f0 .functor BUFZ 1, v0x560d7a909430_0, C4<0>, C4<0>, C4<0>;
L_0x560d7a951290 .functor BUFZ 1, L_0x560d7a9ba930, C4<0>, C4<0>, C4<0>;
L_0x560d7a951300 .functor BUFZ 1, v0x560d7a908bd0_0, C4<0>, C4<0>, C4<0>;
L_0x560d7a9513b0 .udp UDP_ihp_mux2, L_0x560d7a950ef0, L_0x560d7a951110, L_0x560d7a951180;
L_0x560d7a9514f0 .functor NOT 1, L_0x560d7a951290, C4<0>, C4<0>, C4<0>;
L_0x560d7a951600 .functor NOT 1, L_0x560d7a9511f0, C4<0>, C4<0>, C4<0>;
L_0x7f6fe5f76648 .functor BUFT 1, C4<0>, C4<0>, C4<0>, C4<0>;
L_0x560d7a9516c0 .functor BUF 1, L_0x7f6fe5f76648, C4<0>, C4<0>, C4<0>;
L_0x560d7a951730 .udp UDP_ihp_dff_sr_1, v0x560d7a7f3bb0_0, L_0x560d7a951300, L_0x560d7a9513b0, L_0x560d7a9514f0, L_0x560d7a951600, L_0x560d7a9516c0;
L_0x560d7a951930 .functor BUF 1, L_0x560d7a951730, C4<0>, C4<0>, C4<0>;
L_0x560d7a951a60 .functor NOT 1, L_0x560d7a951730, C4<0>, C4<0>, C4<0>;
L_0x560d7a951ad0 .functor BUF 1, L_0x560d7a951a60, C4<0>, C4<0>, C4<0>;
v0x560d7a7f2e20_0 .net "CLK", 0 0, v0x560d7a908bd0_0;  alias, 1 drivers
v0x560d7a7f2ec0_0 .net "D", 0 0, L_0x560d7a94e270;  alias, 1 drivers
v0x560d7a7f2f60_0 .net "Q", 0 0, L_0x560d7a951930;  alias, 1 drivers
v0x560d7a7f3000_0 .net "Q_N", 0 0, L_0x560d7a951ad0;  1 drivers
v0x560d7a7f30a0_0 .net "RESET_B", 0 0, v0x560d7a909430_0;  alias, 1 drivers
v0x560d7a7f3140_0 .net "SCD", 0 0, L_0x560d7a9c0740;  alias, 1 drivers
v0x560d7a7f31e0_0 .net "SCE", 0 0, L_0x560d7a9c0840;  alias, 1 drivers
v0x560d7a7f3280_0 .net "SET_B", 0 0, L_0x560d7a9ba930;  alias, 1 drivers
v0x560d7a7f3320_0 .net/2s *"_ivl_15", 0 0, L_0x7f6fe5f76648;  1 drivers
v0x560d7a7f33c0_0 .net "delayed_CLK", 0 0, L_0x560d7a951300;  1 drivers
v0x560d7a7f3460_0 .net "delayed_D", 0 0, L_0x560d7a950ef0;  1 drivers
v0x560d7a7f3500_0 .net "delayed_RESET_B", 0 0, L_0x560d7a9511f0;  1 drivers
v0x560d7a7f35a0_0 .net "delayed_SCD", 0 0, L_0x560d7a951110;  1 drivers
v0x560d7a7f3640_0 .net "delayed_SCE", 0 0, L_0x560d7a951180;  1 drivers
v0x560d7a7f36e0_0 .net "delayed_SET_B", 0 0, L_0x560d7a951290;  1 drivers
v0x560d7a7f3780_0 .net "int_fwire_IQ", 0 0, L_0x560d7a951730;  1 drivers
v0x560d7a7f3820_0 .net "int_fwire_IQN", 0 0, L_0x560d7a951a60;  1 drivers
v0x560d7a7f39d0_0 .net "int_fwire_d", 0 0, L_0x560d7a9513b0;  1 drivers
v0x560d7a7f3a70_0 .net "int_fwire_r", 0 0, L_0x560d7a951600;  1 drivers
v0x560d7a7f3b10_0 .net "int_fwire_s", 0 0, L_0x560d7a9514f0;  1 drivers
v0x560d7a7f3bb0_0 .var "notifier", 0 0;
v0x560d7a7f3c50_0 .net "xcr_0", 0 0, L_0x560d7a9516c0;  1 drivers
S_0x560d7a7f3cf0 .scope module, "_0851_" "sg13g2_hv_sdfbbp_1" 5 2604, 3 1964 1, S_0x560d7a760c50;
 .timescale -9 -11;
    .port_info 0 /OUTPUT 1 "Q";
    .port_info 1 /OUTPUT 1 "Q_N";
    .port_info 2 /INPUT 1 "CLK";
    .port_info 3 /INPUT 1 "D";
    .port_info 4 /INPUT 1 "RESET_B";
    .port_info 5 /INPUT 1 "SCD";
    .port_info 6 /INPUT 1 "SCE";
    .port_info 7 /INPUT 1 "SET_B";
L_0x560d7a9519f0 .functor BUFZ 1, L_0x560d7a94ed60, C4<0>, C4<0>, C4<0>;
L_0x560d7a951ca0 .functor BUFZ 1, L_0x560d7a9bf140, C4<0>, C4<0>, C4<0>;
L_0x560d7a951d10 .functor BUFZ 1, L_0x560d7a9bf240, C4<0>, C4<0>, C4<0>;
L_0x560d7a951d80 .functor BUFZ 1, v0x560d7a909430_0, C4<0>, C4<0>, C4<0>;
L_0x560d7a951e20 .functor BUFZ 1, L_0x560d7a9b9e30, C4<0>, C4<0>, C4<0>;
L_0x560d7a951e90 .functor BUFZ 1, v0x560d7a908bd0_0, C4<0>, C4<0>, C4<0>;
L_0x560d7a951f70 .udp UDP_ihp_mux2, L_0x560d7a9519f0, L_0x560d7a951ca0, L_0x560d7a951d10;
L_0x560d7a9520b0 .functor NOT 1, L_0x560d7a951e20, C4<0>, C4<0>, C4<0>;
L_0x560d7a9521c0 .functor NOT 1, L_0x560d7a951d80, C4<0>, C4<0>, C4<0>;
L_0x7f6fe5f76690 .functor BUFT 1, C4<0>, C4<0>, C4<0>, C4<0>;
L_0x560d7a952280 .functor BUF 1, L_0x7f6fe5f76690, C4<0>, C4<0>, C4<0>;
L_0x560d7a9522f0 .udp UDP_ihp_dff_sr_1, v0x560d7a7f4d20_0, L_0x560d7a951e90, L_0x560d7a951f70, L_0x560d7a9520b0, L_0x560d7a9521c0, L_0x560d7a952280;
L_0x560d7a9524f0 .functor BUF 1, L_0x560d7a9522f0, C4<0>, C4<0>, C4<0>;
L_0x560d7a952620 .functor NOT 1, L_0x560d7a9522f0, C4<0>, C4<0>, C4<0>;
L_0x560d7a952690 .functor BUF 1, L_0x560d7a952620, C4<0>, C4<0>, C4<0>;
v0x560d7a7f3f90_0 .net "CLK", 0 0, v0x560d7a908bd0_0;  alias, 1 drivers
v0x560d7a7f4030_0 .net "D", 0 0, L_0x560d7a94ed60;  alias, 1 drivers
v0x560d7a7f40d0_0 .net "Q", 0 0, L_0x560d7a9524f0;  alias, 1 drivers
v0x560d7a7f4170_0 .net "Q_N", 0 0, L_0x560d7a952690;  1 drivers
v0x560d7a7f4210_0 .net "RESET_B", 0 0, v0x560d7a909430_0;  alias, 1 drivers
v0x560d7a7f42b0_0 .net "SCD", 0 0, L_0x560d7a9bf140;  alias, 1 drivers
v0x560d7a7f4350_0 .net "SCE", 0 0, L_0x560d7a9bf240;  alias, 1 drivers
v0x560d7a7f43f0_0 .net "SET_B", 0 0, L_0x560d7a9b9e30;  alias, 1 drivers
v0x560d7a7f4490_0 .net/2s *"_ivl_15", 0 0, L_0x7f6fe5f76690;  1 drivers
v0x560d7a7f4530_0 .net "delayed_CLK", 0 0, L_0x560d7a951e90;  1 drivers
v0x560d7a7f45d0_0 .net "delayed_D", 0 0, L_0x560d7a9519f0;  1 drivers
v0x560d7a7f4670_0 .net "delayed_RESET_B", 0 0, L_0x560d7a951d80;  1 drivers
v0x560d7a7f4710_0 .net "delayed_SCD", 0 0, L_0x560d7a951ca0;  1 drivers
v0x560d7a7f47b0_0 .net "delayed_SCE", 0 0, L_0x560d7a951d10;  1 drivers
v0x560d7a7f4850_0 .net "delayed_SET_B", 0 0, L_0x560d7a951e20;  1 drivers
v0x560d7a7f48f0_0 .net "int_fwire_IQ", 0 0, L_0x560d7a9522f0;  1 drivers
v0x560d7a7f4990_0 .net "int_fwire_IQN", 0 0, L_0x560d7a952620;  1 drivers
v0x560d7a7f4b40_0 .net "int_fwire_d", 0 0, L_0x560d7a951f70;  1 drivers
v0x560d7a7f4be0_0 .net "int_fwire_r", 0 0, L_0x560d7a9521c0;  1 drivers
v0x560d7a7f4c80_0 .net "int_fwire_s", 0 0, L_0x560d7a9520b0;  1 drivers
v0x560d7a7f4d20_0 .var "notifier", 0 0;
v0x560d7a7f4dc0_0 .net "xcr_0", 0 0, L_0x560d7a952280;  1 drivers
S_0x560d7a7f4e60 .scope module, "_0852_" "sg13g2_hv_sdfbbp_1" 5 2613, 3 1964 1, S_0x560d7a760c50;
 .timescale -9 -11;
    .port_info 0 /OUTPUT 1 "Q";
    .port_info 1 /OUTPUT 1 "Q_N";
    .port_info 2 /INPUT 1 "CLK";
    .port_info 3 /INPUT 1 "D";
    .port_info 4 /INPUT 1 "RESET_B";
    .port_info 5 /INPUT 1 "SCD";
    .port_info 6 /INPUT 1 "SCE";
    .port_info 7 /INPUT 1 "SET_B";
L_0x560d7a9525b0 .functor BUFZ 1, L_0x560d7a94f850, C4<0>, C4<0>, C4<0>;
L_0x560d7a952860 .functor BUFZ 1, L_0x560d7a9c0940, C4<0>, C4<0>, C4<0>;
L_0x560d7a9528d0 .functor BUFZ 1, L_0x560d7a9c0a40, C4<0>, C4<0>, C4<0>;
L_0x560d7a952940 .functor BUFZ 1, v0x560d7a909430_0, C4<0>, C4<0>, C4<0>;
L_0x560d7a9529e0 .functor BUFZ 1, L_0x560d7a9baa30, C4<0>, C4<0>, C4<0>;
L_0x560d7a952a50 .functor BUFZ 1, v0x560d7a908bd0_0, C4<0>, C4<0>, C4<0>;
L_0x560d7a952b30 .udp UDP_ihp_mux2, L_0x560d7a9525b0, L_0x560d7a952860, L_0x560d7a9528d0;
L_0x560d7a952c70 .functor NOT 1, L_0x560d7a9529e0, C4<0>, C4<0>, C4<0>;
L_0x560d7a952d80 .functor NOT 1, L_0x560d7a952940, C4<0>, C4<0>, C4<0>;
L_0x7f6fe5f766d8 .functor BUFT 1, C4<0>, C4<0>, C4<0>, C4<0>;
L_0x560d7a952e40 .functor BUF 1, L_0x7f6fe5f766d8, C4<0>, C4<0>, C4<0>;
L_0x560d7a952eb0 .udp UDP_ihp_dff_sr_1, v0x560d7a7f5e90_0, L_0x560d7a952a50, L_0x560d7a952b30, L_0x560d7a952c70, L_0x560d7a952d80, L_0x560d7a952e40;
L_0x560d7a9530b0 .functor BUF 1, L_0x560d7a952eb0, C4<0>, C4<0>, C4<0>;
L_0x560d7a9531e0 .functor NOT 1, L_0x560d7a952eb0, C4<0>, C4<0>, C4<0>;
L_0x560d7a953250 .functor BUF 1, L_0x560d7a9531e0, C4<0>, C4<0>, C4<0>;
v0x560d7a7f5100_0 .net "CLK", 0 0, v0x560d7a908bd0_0;  alias, 1 drivers
v0x560d7a7f51a0_0 .net "D", 0 0, L_0x560d7a94f850;  alias, 1 drivers
v0x560d7a7f5240_0 .net "Q", 0 0, L_0x560d7a9530b0;  alias, 1 drivers
v0x560d7a7f52e0_0 .net "Q_N", 0 0, L_0x560d7a953250;  1 drivers
v0x560d7a7f5380_0 .net "RESET_B", 0 0, v0x560d7a909430_0;  alias, 1 drivers
v0x560d7a7f5420_0 .net "SCD", 0 0, L_0x560d7a9c0940;  alias, 1 drivers
v0x560d7a7f54c0_0 .net "SCE", 0 0, L_0x560d7a9c0a40;  alias, 1 drivers
v0x560d7a7f5560_0 .net "SET_B", 0 0, L_0x560d7a9baa30;  alias, 1 drivers
v0x560d7a7f5600_0 .net/2s *"_ivl_15", 0 0, L_0x7f6fe5f766d8;  1 drivers
v0x560d7a7f56a0_0 .net "delayed_CLK", 0 0, L_0x560d7a952a50;  1 drivers
v0x560d7a7f5740_0 .net "delayed_D", 0 0, L_0x560d7a9525b0;  1 drivers
v0x560d7a7f57e0_0 .net "delayed_RESET_B", 0 0, L_0x560d7a952940;  1 drivers
v0x560d7a7f5880_0 .net "delayed_SCD", 0 0, L_0x560d7a952860;  1 drivers
v0x560d7a7f5920_0 .net "delayed_SCE", 0 0, L_0x560d7a9528d0;  1 drivers
v0x560d7a7f59c0_0 .net "delayed_SET_B", 0 0, L_0x560d7a9529e0;  1 drivers
v0x560d7a7f5a60_0 .net "int_fwire_IQ", 0 0, L_0x560d7a952eb0;  1 drivers
v0x560d7a7f5b00_0 .net "int_fwire_IQN", 0 0, L_0x560d7a9531e0;  1 drivers
v0x560d7a7f5cb0_0 .net "int_fwire_d", 0 0, L_0x560d7a952b30;  1 drivers
v0x560d7a7f5d50_0 .net "int_fwire_r", 0 0, L_0x560d7a952d80;  1 drivers
v0x560d7a7f5df0_0 .net "int_fwire_s", 0 0, L_0x560d7a952c70;  1 drivers
v0x560d7a7f5e90_0 .var "notifier", 0 0;
v0x560d7a7f5f30_0 .net "xcr_0", 0 0, L_0x560d7a952e40;  1 drivers
S_0x560d7a7f5fd0 .scope module, "_0853_" "sg13g2_hv_sdfbbp_1" 5 2622, 3 1964 1, S_0x560d7a760c50;
 .timescale -9 -11;
    .port_info 0 /OUTPUT 1 "Q";
    .port_info 1 /OUTPUT 1 "Q_N";
    .port_info 2 /INPUT 1 "CLK";
    .port_info 3 /INPUT 1 "D";
    .port_info 4 /INPUT 1 "RESET_B";
    .port_info 5 /INPUT 1 "SCD";
    .port_info 6 /INPUT 1 "SCE";
    .port_info 7 /INPUT 1 "SET_B";
L_0x560d7a953170 .functor BUFZ 1, L_0x560d7a950340, C4<0>, C4<0>, C4<0>;
L_0x560d7a953420 .functor BUFZ 1, L_0x560d7a9bf540, C4<0>, C4<0>, C4<0>;
L_0x560d7a953490 .functor BUFZ 1, L_0x560d7a9bf640, C4<0>, C4<0>, C4<0>;
L_0x560d7a953500 .functor BUFZ 1, v0x560d7a909430_0, C4<0>, C4<0>, C4<0>;
L_0x560d7a9535a0 .functor BUFZ 1, L_0x560d7a9ba030, C4<0>, C4<0>, C4<0>;
L_0x560d7a953610 .functor BUFZ 1, v0x560d7a908bd0_0, C4<0>, C4<0>, C4<0>;
L_0x560d7a9536f0 .udp UDP_ihp_mux2, L_0x560d7a953170, L_0x560d7a953420, L_0x560d7a953490;
L_0x560d7a953830 .functor NOT 1, L_0x560d7a9535a0, C4<0>, C4<0>, C4<0>;
L_0x560d7a953940 .functor NOT 1, L_0x560d7a953500, C4<0>, C4<0>, C4<0>;
L_0x7f6fe5f76720 .functor BUFT 1, C4<0>, C4<0>, C4<0>, C4<0>;
L_0x560d7a953a00 .functor BUF 1, L_0x7f6fe5f76720, C4<0>, C4<0>, C4<0>;
L_0x560d7a953a70 .udp UDP_ihp_dff_sr_1, v0x560d7a7f7310_0, L_0x560d7a953610, L_0x560d7a9536f0, L_0x560d7a953830, L_0x560d7a953940, L_0x560d7a953a00;
L_0x560d7a953c70 .functor BUF 1, L_0x560d7a953a70, C4<0>, C4<0>, C4<0>;
L_0x560d7a953da0 .functor NOT 1, L_0x560d7a953a70, C4<0>, C4<0>, C4<0>;
L_0x560d7a953e10 .functor BUF 1, L_0x560d7a953da0, C4<0>, C4<0>, C4<0>;
v0x560d7a7f6270_0 .net "CLK", 0 0, v0x560d7a908bd0_0;  alias, 1 drivers
v0x560d7a7f6520_0 .net "D", 0 0, L_0x560d7a950340;  alias, 1 drivers
v0x560d7a7f65c0_0 .net "Q", 0 0, L_0x560d7a953c70;  alias, 1 drivers
v0x560d7a7f6660_0 .net "Q_N", 0 0, L_0x560d7a953e10;  1 drivers
v0x560d7a7f6700_0 .net "RESET_B", 0 0, v0x560d7a909430_0;  alias, 1 drivers
v0x560d7a7f69b0_0 .net "SCD", 0 0, L_0x560d7a9bf540;  alias, 1 drivers
v0x560d7a7f6a50_0 .net "SCE", 0 0, L_0x560d7a9bf640;  alias, 1 drivers
v0x560d7a7f6af0_0 .net "SET_B", 0 0, L_0x560d7a9ba030;  alias, 1 drivers
v0x560d7a7f6b90_0 .net/2s *"_ivl_15", 0 0, L_0x7f6fe5f76720;  1 drivers
v0x560d7a7f6c30_0 .net "delayed_CLK", 0 0, L_0x560d7a953610;  1 drivers
v0x560d7a7f6cd0_0 .net "delayed_D", 0 0, L_0x560d7a953170;  1 drivers
v0x560d7a7f6d70_0 .net "delayed_RESET_B", 0 0, L_0x560d7a953500;  1 drivers
v0x560d7a7f6e10_0 .net "delayed_SCD", 0 0, L_0x560d7a953420;  1 drivers
v0x560d7a7f6eb0_0 .net "delayed_SCE", 0 0, L_0x560d7a953490;  1 drivers
v0x560d7a7f6f50_0 .net "delayed_SET_B", 0 0, L_0x560d7a9535a0;  1 drivers
v0x560d7a7f6ff0_0 .net "int_fwire_IQ", 0 0, L_0x560d7a953a70;  1 drivers
v0x560d7a7f7090_0 .net "int_fwire_IQN", 0 0, L_0x560d7a953da0;  1 drivers
v0x560d7a7f7130_0 .net "int_fwire_d", 0 0, L_0x560d7a9536f0;  1 drivers
v0x560d7a7f71d0_0 .net "int_fwire_r", 0 0, L_0x560d7a953940;  1 drivers
v0x560d7a7f7270_0 .net "int_fwire_s", 0 0, L_0x560d7a953830;  1 drivers
v0x560d7a7f7310_0 .var "notifier", 0 0;
v0x560d7a7f73b0_0 .net "xcr_0", 0 0, L_0x560d7a953a00;  1 drivers
S_0x560d7a7f7450 .scope module, "_0854_" "sg13g2_hv_sdfbbp_1" 5 2631, 3 1964 1, S_0x560d7a760c50;
 .timescale -9 -11;
    .port_info 0 /OUTPUT 1 "Q";
    .port_info 1 /OUTPUT 1 "Q_N";
    .port_info 2 /INPUT 1 "CLK";
    .port_info 3 /INPUT 1 "D";
    .port_info 4 /INPUT 1 "RESET_B";
    .port_info 5 /INPUT 1 "SCD";
    .port_info 6 /INPUT 1 "SCE";
    .port_info 7 /INPUT 1 "SET_B";
L_0x560d7a953d30 .functor BUFZ 1, L_0x560d7a950e30, C4<0>, C4<0>, C4<0>;
L_0x560d7a953fe0 .functor BUFZ 1, L_0x560d7a9bf940, C4<0>, C4<0>, C4<0>;
L_0x560d7a954050 .functor BUFZ 1, L_0x560d7a9bfa40, C4<0>, C4<0>, C4<0>;
L_0x560d7a9540c0 .functor BUFZ 1, v0x560d7a909430_0, C4<0>, C4<0>, C4<0>;
L_0x560d7a954160 .functor BUFZ 1, L_0x560d7a9ba230, C4<0>, C4<0>, C4<0>;
L_0x560d7a9541d0 .functor BUFZ 1, v0x560d7a908bd0_0, C4<0>, C4<0>, C4<0>;
L_0x560d7a9542b0 .udp UDP_ihp_mux2, L_0x560d7a953d30, L_0x560d7a953fe0, L_0x560d7a954050;
L_0x560d7a9543f0 .functor NOT 1, L_0x560d7a954160, C4<0>, C4<0>, C4<0>;
L_0x560d7a954500 .functor NOT 1, L_0x560d7a9540c0, C4<0>, C4<0>, C4<0>;
L_0x7f6fe5f76768 .functor BUFT 1, C4<0>, C4<0>, C4<0>, C4<0>;
L_0x560d7a9545c0 .functor BUF 1, L_0x7f6fe5f76768, C4<0>, C4<0>, C4<0>;
L_0x560d7a954630 .udp UDP_ihp_dff_sr_1, v0x560d7a7f8370_0, L_0x560d7a9541d0, L_0x560d7a9542b0, L_0x560d7a9543f0, L_0x560d7a954500, L_0x560d7a9545c0;
L_0x560d7a954830 .functor BUF 1, L_0x560d7a954630, C4<0>, C4<0>, C4<0>;
L_0x560d7a954960 .functor NOT 1, L_0x560d7a954630, C4<0>, C4<0>, C4<0>;
L_0x560d7a9549d0 .functor BUF 1, L_0x560d7a954960, C4<0>, C4<0>, C4<0>;
v0x560d7a7f75e0_0 .net "CLK", 0 0, v0x560d7a908bd0_0;  alias, 1 drivers
v0x560d7a7f7680_0 .net "D", 0 0, L_0x560d7a950e30;  alias, 1 drivers
v0x560d7a7f7720_0 .net "Q", 0 0, L_0x560d7a954830;  alias, 1 drivers
v0x560d7a7f77c0_0 .net "Q_N", 0 0, L_0x560d7a9549d0;  1 drivers
v0x560d7a7f7860_0 .net "RESET_B", 0 0, v0x560d7a909430_0;  alias, 1 drivers
v0x560d7a7f7900_0 .net "SCD", 0 0, L_0x560d7a9bf940;  alias, 1 drivers
v0x560d7a7f79a0_0 .net "SCE", 0 0, L_0x560d7a9bfa40;  alias, 1 drivers
v0x560d7a7f7a40_0 .net "SET_B", 0 0, L_0x560d7a9ba230;  alias, 1 drivers
v0x560d7a7f7ae0_0 .net/2s *"_ivl_15", 0 0, L_0x7f6fe5f76768;  1 drivers
v0x560d7a7f7b80_0 .net "delayed_CLK", 0 0, L_0x560d7a9541d0;  1 drivers
v0x560d7a7f7c20_0 .net "delayed_D", 0 0, L_0x560d7a953d30;  1 drivers
v0x560d7a7f7cc0_0 .net "delayed_RESET_B", 0 0, L_0x560d7a9540c0;  1 drivers
v0x560d7a7f7d60_0 .net "delayed_SCD", 0 0, L_0x560d7a953fe0;  1 drivers
v0x560d7a7f7e00_0 .net "delayed_SCE", 0 0, L_0x560d7a954050;  1 drivers
v0x560d7a7f7ea0_0 .net "delayed_SET_B", 0 0, L_0x560d7a954160;  1 drivers
v0x560d7a7f7f40_0 .net "int_fwire_IQ", 0 0, L_0x560d7a954630;  1 drivers
v0x560d7a7f7fe0_0 .net "int_fwire_IQN", 0 0, L_0x560d7a954960;  1 drivers
v0x560d7a7f8190_0 .net "int_fwire_d", 0 0, L_0x560d7a9542b0;  1 drivers
v0x560d7a7f8230_0 .net "int_fwire_r", 0 0, L_0x560d7a954500;  1 drivers
v0x560d7a7f82d0_0 .net "int_fwire_s", 0 0, L_0x560d7a9543f0;  1 drivers
v0x560d7a7f8370_0 .var "notifier", 0 0;
v0x560d7a7f8410_0 .net "xcr_0", 0 0, L_0x560d7a9545c0;  1 drivers
S_0x560d7a7f84b0 .scope module, "_0855_" "sg13g2_hv_sdfbbp_1" 5 2640, 3 1964 1, S_0x560d7a760c50;
 .timescale -9 -11;
    .port_info 0 /OUTPUT 1 "Q";
    .port_info 1 /OUTPUT 1 "Q_N";
    .port_info 2 /INPUT 1 "CLK";
    .port_info 3 /INPUT 1 "D";
    .port_info 4 /INPUT 1 "RESET_B";
    .port_info 5 /INPUT 1 "SCD";
    .port_info 6 /INPUT 1 "SCE";
    .port_info 7 /INPUT 1 "SET_B";
L_0x560d7a9548f0 .functor BUFZ 1, L_0x560d7a951930, C4<0>, C4<0>, C4<0>;
L_0x560d7a954b10 .functor BUFZ 1, L_0x560d7a9bfb40, C4<0>, C4<0>, C4<0>;
L_0x560d7a954b80 .functor BUFZ 1, L_0x560d7a9bfc40, C4<0>, C4<0>, C4<0>;
L_0x560d7a954bf0 .functor BUFZ 1, v0x560d7a909430_0, C4<0>, C4<0>, C4<0>;
L_0x560d7a954c90 .functor BUFZ 1, L_0x560d7a9ba330, C4<0>, C4<0>, C4<0>;
L_0x560d7a954d00 .functor BUFZ 1, v0x560d7a908bd0_0, C4<0>, C4<0>, C4<0>;
L_0x560d7a954de0 .udp UDP_ihp_mux2, L_0x560d7a9548f0, L_0x560d7a954b10, L_0x560d7a954b80;
L_0x560d7a954f70 .functor NOT 1, L_0x560d7a954c90, C4<0>, C4<0>, C4<0>;
L_0x560d7a955080 .functor NOT 1, L_0x560d7a954bf0, C4<0>, C4<0>, C4<0>;
L_0x7f6fe5f767b0 .functor BUFT 1, C4<0>, C4<0>, C4<0>, C4<0>;
L_0x560d7a955140 .functor BUF 1, L_0x7f6fe5f767b0, C4<0>, C4<0>, C4<0>;
L_0x560d7a9551b0 .udp UDP_ihp_dff_sr_1, v0x560d7a7f94e0_0, L_0x560d7a954d00, L_0x560d7a954de0, L_0x560d7a954f70, L_0x560d7a955080, L_0x560d7a955140;
L_0x560d7a9553b0 .functor BUF 1, L_0x560d7a9551b0, C4<0>, C4<0>, C4<0>;
L_0x560d7a955520 .functor NOT 1, L_0x560d7a9551b0, C4<0>, C4<0>, C4<0>;
L_0x560d7a955590 .functor BUF 1, L_0x560d7a955520, C4<0>, C4<0>, C4<0>;
v0x560d7a7f8750_0 .net "CLK", 0 0, v0x560d7a908bd0_0;  alias, 1 drivers
v0x560d7a7f87f0_0 .net "D", 0 0, L_0x560d7a951930;  alias, 1 drivers
v0x560d7a7f8890_0 .net "Q", 0 0, L_0x560d7a9553b0;  alias, 1 drivers
v0x560d7a7f8930_0 .net "Q_N", 0 0, L_0x560d7a955590;  1 drivers
v0x560d7a7f89d0_0 .net "RESET_B", 0 0, v0x560d7a909430_0;  alias, 1 drivers
v0x560d7a7f8a70_0 .net "SCD", 0 0, L_0x560d7a9bfb40;  alias, 1 drivers
v0x560d7a7f8b10_0 .net "SCE", 0 0, L_0x560d7a9bfc40;  alias, 1 drivers
v0x560d7a7f8bb0_0 .net "SET_B", 0 0, L_0x560d7a9ba330;  alias, 1 drivers
v0x560d7a7f8c50_0 .net/2s *"_ivl_15", 0 0, L_0x7f6fe5f767b0;  1 drivers
v0x560d7a7f8cf0_0 .net "delayed_CLK", 0 0, L_0x560d7a954d00;  1 drivers
v0x560d7a7f8d90_0 .net "delayed_D", 0 0, L_0x560d7a9548f0;  1 drivers
v0x560d7a7f8e30_0 .net "delayed_RESET_B", 0 0, L_0x560d7a954bf0;  1 drivers
v0x560d7a7f8ed0_0 .net "delayed_SCD", 0 0, L_0x560d7a954b10;  1 drivers
v0x560d7a7f8f70_0 .net "delayed_SCE", 0 0, L_0x560d7a954b80;  1 drivers
v0x560d7a7f9010_0 .net "delayed_SET_B", 0 0, L_0x560d7a954c90;  1 drivers
v0x560d7a7f90b0_0 .net "int_fwire_IQ", 0 0, L_0x560d7a9551b0;  1 drivers
v0x560d7a7f9150_0 .net "int_fwire_IQN", 0 0, L_0x560d7a955520;  1 drivers
v0x560d7a7f9300_0 .net "int_fwire_d", 0 0, L_0x560d7a954de0;  1 drivers
v0x560d7a7f93a0_0 .net "int_fwire_r", 0 0, L_0x560d7a955080;  1 drivers
v0x560d7a7f9440_0 .net "int_fwire_s", 0 0, L_0x560d7a954f70;  1 drivers
v0x560d7a7f94e0_0 .var "notifier", 0 0;
v0x560d7a7f9580_0 .net "xcr_0", 0 0, L_0x560d7a955140;  1 drivers
S_0x560d7a7f9620 .scope module, "_0856_" "sg13g2_hv_sdfbbp_1" 5 2649, 3 1964 1, S_0x560d7a760c50;
 .timescale -9 -11;
    .port_info 0 /OUTPUT 1 "Q";
    .port_info 1 /OUTPUT 1 "Q_N";
    .port_info 2 /INPUT 1 "CLK";
    .port_info 3 /INPUT 1 "D";
    .port_info 4 /INPUT 1 "RESET_B";
    .port_info 5 /INPUT 1 "SCD";
    .port_info 6 /INPUT 1 "SCE";
    .port_info 7 /INPUT 1 "SET_B";
L_0x560d7a9554b0 .functor BUFZ 1, L_0x560d7a9530b0, C4<0>, C4<0>, C4<0>;
L_0x560d7a9556d0 .functor BUFZ 1, L_0x560d7a9bf340, C4<0>, C4<0>, C4<0>;
L_0x560d7a955740 .functor BUFZ 1, L_0x560d7a9bf440, C4<0>, C4<0>, C4<0>;
L_0x560d7a9557b0 .functor BUFZ 1, v0x560d7a909430_0, C4<0>, C4<0>, C4<0>;
L_0x560d7a955850 .functor BUFZ 1, L_0x560d7a9b9f30, C4<0>, C4<0>, C4<0>;
L_0x560d7a9558c0 .functor BUFZ 1, v0x560d7a908bd0_0, C4<0>, C4<0>, C4<0>;
L_0x560d7a9559a0 .udp UDP_ihp_mux2, L_0x560d7a9554b0, L_0x560d7a9556d0, L_0x560d7a955740;
L_0x560d7a955b30 .functor NOT 1, L_0x560d7a955850, C4<0>, C4<0>, C4<0>;
L_0x560d7a955c40 .functor NOT 1, L_0x560d7a9557b0, C4<0>, C4<0>, C4<0>;
L_0x7f6fe5f767f8 .functor BUFT 1, C4<0>, C4<0>, C4<0>, C4<0>;
L_0x560d7a955d00 .functor BUF 1, L_0x7f6fe5f767f8, C4<0>, C4<0>, C4<0>;
L_0x560d7a955d70 .udp UDP_ihp_dff_sr_1, v0x560d7a7fa650_0, L_0x560d7a9558c0, L_0x560d7a9559a0, L_0x560d7a955b30, L_0x560d7a955c40, L_0x560d7a955d00;
L_0x560d7a955f70 .functor BUF 1, L_0x560d7a955d70, C4<0>, C4<0>, C4<0>;
L_0x560d7a9560a0 .functor NOT 1, L_0x560d7a955d70, C4<0>, C4<0>, C4<0>;
L_0x560d7a956110 .functor BUF 1, L_0x560d7a9560a0, C4<0>, C4<0>, C4<0>;
v0x560d7a7f98c0_0 .net "CLK", 0 0, v0x560d7a908bd0_0;  alias, 1 drivers
v0x560d7a7f9960_0 .net "D", 0 0, L_0x560d7a9530b0;  alias, 1 drivers
v0x560d7a7f9a00_0 .net "Q", 0 0, L_0x560d7a955f70;  alias, 1 drivers
v0x560d7a7f9aa0_0 .net "Q_N", 0 0, L_0x560d7a956110;  1 drivers
v0x560d7a7f9b40_0 .net "RESET_B", 0 0, v0x560d7a909430_0;  alias, 1 drivers
v0x560d7a7f9be0_0 .net "SCD", 0 0, L_0x560d7a9bf340;  alias, 1 drivers
v0x560d7a7f9c80_0 .net "SCE", 0 0, L_0x560d7a9bf440;  alias, 1 drivers
v0x560d7a7f9d20_0 .net "SET_B", 0 0, L_0x560d7a9b9f30;  alias, 1 drivers
v0x560d7a7f9dc0_0 .net/2s *"_ivl_15", 0 0, L_0x7f6fe5f767f8;  1 drivers
v0x560d7a7f9e60_0 .net "delayed_CLK", 0 0, L_0x560d7a9558c0;  1 drivers
v0x560d7a7f9f00_0 .net "delayed_D", 0 0, L_0x560d7a9554b0;  1 drivers
v0x560d7a7f9fa0_0 .net "delayed_RESET_B", 0 0, L_0x560d7a9557b0;  1 drivers
v0x560d7a7fa040_0 .net "delayed_SCD", 0 0, L_0x560d7a9556d0;  1 drivers
v0x560d7a7fa0e0_0 .net "delayed_SCE", 0 0, L_0x560d7a955740;  1 drivers
v0x560d7a7fa180_0 .net "delayed_SET_B", 0 0, L_0x560d7a955850;  1 drivers
v0x560d7a7fa220_0 .net "int_fwire_IQ", 0 0, L_0x560d7a955d70;  1 drivers
v0x560d7a7fa2c0_0 .net "int_fwire_IQN", 0 0, L_0x560d7a9560a0;  1 drivers
v0x560d7a7fa470_0 .net "int_fwire_d", 0 0, L_0x560d7a9559a0;  1 drivers
v0x560d7a7fa510_0 .net "int_fwire_r", 0 0, L_0x560d7a955c40;  1 drivers
v0x560d7a7fa5b0_0 .net "int_fwire_s", 0 0, L_0x560d7a955b30;  1 drivers
v0x560d7a7fa650_0 .var "notifier", 0 0;
v0x560d7a7fa6f0_0 .net "xcr_0", 0 0, L_0x560d7a955d00;  1 drivers
S_0x560d7a7fa790 .scope module, "_0857_" "sg13g2_hv_sdfbbp_1" 5 2658, 3 1964 1, S_0x560d7a760c50;
 .timescale -9 -11;
    .port_info 0 /OUTPUT 1 "Q";
    .port_info 1 /OUTPUT 1 "Q_N";
    .port_info 2 /INPUT 1 "CLK";
    .port_info 3 /INPUT 1 "D";
    .port_info 4 /INPUT 1 "RESET_B";
    .port_info 5 /INPUT 1 "SCD";
    .port_info 6 /INPUT 1 "SCE";
    .port_info 7 /INPUT 1 "SET_B";
L_0x560d7a956030 .functor BUFZ 1, L_0x560d7a926220, C4<0>, C4<0>, C4<0>;
L_0x560d7a9562e0 .functor BUFZ 1, L_0x560d7a9bf740, C4<0>, C4<0>, C4<0>;
L_0x560d7a956350 .functor BUFZ 1, L_0x560d7a9bf840, C4<0>, C4<0>, C4<0>;
L_0x560d7a9563c0 .functor BUFZ 1, v0x560d7a909430_0, C4<0>, C4<0>, C4<0>;
L_0x560d7a956460 .functor BUFZ 1, L_0x560d7a9ba130, C4<0>, C4<0>, C4<0>;
L_0x560d7a9564d0 .functor BUFZ 1, v0x560d7a908bd0_0, C4<0>, C4<0>, C4<0>;
L_0x560d7a9565b0 .udp UDP_ihp_mux2, L_0x560d7a956030, L_0x560d7a9562e0, L_0x560d7a956350;
L_0x560d7a9566f0 .functor NOT 1, L_0x560d7a956460, C4<0>, C4<0>, C4<0>;
L_0x560d7a956800 .functor NOT 1, L_0x560d7a9563c0, C4<0>, C4<0>, C4<0>;
L_0x7f6fe5f76840 .functor BUFT 1, C4<0>, C4<0>, C4<0>, C4<0>;
L_0x560d7a9568c0 .functor BUF 1, L_0x7f6fe5f76840, C4<0>, C4<0>, C4<0>;
L_0x560d7a956930 .udp UDP_ihp_dff_sr_1, v0x560d7a7fb7c0_0, L_0x560d7a9564d0, L_0x560d7a9565b0, L_0x560d7a9566f0, L_0x560d7a956800, L_0x560d7a9568c0;
L_0x560d7a956b30 .functor BUF 1, L_0x560d7a956930, C4<0>, C4<0>, C4<0>;
L_0x560d7a956ca0 .functor NOT 1, L_0x560d7a956930, C4<0>, C4<0>, C4<0>;
L_0x560d7a956d10 .functor BUF 1, L_0x560d7a956ca0, C4<0>, C4<0>, C4<0>;
v0x560d7a7faa30_0 .net "CLK", 0 0, v0x560d7a908bd0_0;  alias, 1 drivers
v0x560d7a7faad0_0 .net "D", 0 0, L_0x560d7a926220;  alias, 1 drivers
v0x560d7a7fab70_0 .net "Q", 0 0, L_0x560d7a956b30;  alias, 1 drivers
v0x560d7a7fac10_0 .net "Q_N", 0 0, L_0x560d7a956d10;  1 drivers
v0x560d7a7facb0_0 .net "RESET_B", 0 0, v0x560d7a909430_0;  alias, 1 drivers
v0x560d7a7fad50_0 .net "SCD", 0 0, L_0x560d7a9bf740;  alias, 1 drivers
v0x560d7a7fadf0_0 .net "SCE", 0 0, L_0x560d7a9bf840;  alias, 1 drivers
v0x560d7a7fae90_0 .net "SET_B", 0 0, L_0x560d7a9ba130;  alias, 1 drivers
v0x560d7a7faf30_0 .net/2s *"_ivl_15", 0 0, L_0x7f6fe5f76840;  1 drivers
v0x560d7a7fafd0_0 .net "delayed_CLK", 0 0, L_0x560d7a9564d0;  1 drivers
v0x560d7a7fb070_0 .net "delayed_D", 0 0, L_0x560d7a956030;  1 drivers
v0x560d7a7fb110_0 .net "delayed_RESET_B", 0 0, L_0x560d7a9563c0;  1 drivers
v0x560d7a7fb1b0_0 .net "delayed_SCD", 0 0, L_0x560d7a9562e0;  1 drivers
v0x560d7a7fb250_0 .net "delayed_SCE", 0 0, L_0x560d7a956350;  1 drivers
v0x560d7a7fb2f0_0 .net "delayed_SET_B", 0 0, L_0x560d7a956460;  1 drivers
v0x560d7a7fb390_0 .net "int_fwire_IQ", 0 0, L_0x560d7a956930;  1 drivers
v0x560d7a7fb430_0 .net "int_fwire_IQN", 0 0, L_0x560d7a956ca0;  1 drivers
v0x560d7a7fb5e0_0 .net "int_fwire_d", 0 0, L_0x560d7a9565b0;  1 drivers
v0x560d7a7fb680_0 .net "int_fwire_r", 0 0, L_0x560d7a956800;  1 drivers
v0x560d7a7fb720_0 .net "int_fwire_s", 0 0, L_0x560d7a9566f0;  1 drivers
v0x560d7a7fb7c0_0 .var "notifier", 0 0;
v0x560d7a7fb860_0 .net "xcr_0", 0 0, L_0x560d7a9568c0;  1 drivers
S_0x560d7a7fb900 .scope module, "_0858_" "sg13g2_hv_sdfbbp_1" 5 2667, 3 1964 1, S_0x560d7a760c50;
 .timescale -9 -11;
    .port_info 0 /OUTPUT 1 "Q";
    .port_info 1 /OUTPUT 1 "Q_N";
    .port_info 2 /INPUT 1 "CLK";
    .port_info 3 /INPUT 1 "D";
    .port_info 4 /INPUT 1 "RESET_B";
    .port_info 5 /INPUT 1 "SCD";
    .port_info 6 /INPUT 1 "SCE";
    .port_info 7 /INPUT 1 "SET_B";
L_0x560d7a956c30 .functor BUFZ 1, L_0x560d7a927680, C4<0>, C4<0>, C4<0>;
L_0x560d7a956ee0 .functor BUFZ 1, L_0x560d7a957700, C4<0>, C4<0>, C4<0>;
L_0x560d7a956f50 .functor BUFZ 1, L_0x560d7a922300, C4<0>, C4<0>, C4<0>;
L_0x560d7a956fc0 .functor BUFZ 1, v0x560d7a909430_0, C4<0>, C4<0>, C4<0>;
L_0x560d7a957060 .functor BUFZ 1, L_0x560d7a9bab30, C4<0>, C4<0>, C4<0>;
L_0x560d7a9570d0 .functor BUFZ 1, v0x560d7a908bd0_0, C4<0>, C4<0>, C4<0>;
L_0x560d7a9571b0 .udp UDP_ihp_mux2, L_0x560d7a956c30, L_0x560d7a956ee0, L_0x560d7a956f50;
L_0x560d7a9572c0 .functor NOT 1, L_0x560d7a957060, C4<0>, C4<0>, C4<0>;
L_0x560d7a9573d0 .functor NOT 1, L_0x560d7a956fc0, C4<0>, C4<0>, C4<0>;
L_0x7f6fe5f76888 .functor BUFT 1, C4<0>, C4<0>, C4<0>, C4<0>;
L_0x560d7a957490 .functor BUF 1, L_0x7f6fe5f76888, C4<0>, C4<0>, C4<0>;
L_0x560d7a957500 .udp UDP_ihp_dff_sr_1, v0x560d7a7fc930_0, L_0x560d7a9570d0, L_0x560d7a9571b0, L_0x560d7a9572c0, L_0x560d7a9573d0, L_0x560d7a957490;
L_0x560d7a957700 .functor BUF 1, L_0x560d7a957500, C4<0>, C4<0>, C4<0>;
L_0x560d7a957830 .functor NOT 1, L_0x560d7a957500, C4<0>, C4<0>, C4<0>;
L_0x560d7a9578a0 .functor BUF 1, L_0x560d7a957830, C4<0>, C4<0>, C4<0>;
v0x560d7a7fbba0_0 .net "CLK", 0 0, v0x560d7a908bd0_0;  alias, 1 drivers
v0x560d7a7fbc40_0 .net "D", 0 0, L_0x560d7a927680;  alias, 1 drivers
v0x560d7a7fbce0_0 .net "Q", 0 0, L_0x560d7a957700;  alias, 1 drivers
v0x560d7a7fbd80_0 .net "Q_N", 0 0, L_0x560d7a9578a0;  1 drivers
v0x560d7a7fbe20_0 .net "RESET_B", 0 0, v0x560d7a909430_0;  alias, 1 drivers
v0x560d7a7fbec0_0 .net "SCD", 0 0, L_0x560d7a957700;  alias, 1 drivers
v0x560d7a7fbf60_0 .net "SCE", 0 0, L_0x560d7a922300;  alias, 1 drivers
v0x560d7a7fc000_0 .net "SET_B", 0 0, L_0x560d7a9bab30;  alias, 1 drivers
v0x560d7a7fc0a0_0 .net/2s *"_ivl_15", 0 0, L_0x7f6fe5f76888;  1 drivers
v0x560d7a7fc140_0 .net "delayed_CLK", 0 0, L_0x560d7a9570d0;  1 drivers
v0x560d7a7fc1e0_0 .net "delayed_D", 0 0, L_0x560d7a956c30;  1 drivers
v0x560d7a7fc280_0 .net "delayed_RESET_B", 0 0, L_0x560d7a956fc0;  1 drivers
v0x560d7a7fc320_0 .net "delayed_SCD", 0 0, L_0x560d7a956ee0;  1 drivers
v0x560d7a7fc3c0_0 .net "delayed_SCE", 0 0, L_0x560d7a956f50;  1 drivers
v0x560d7a7fc460_0 .net "delayed_SET_B", 0 0, L_0x560d7a957060;  1 drivers
v0x560d7a7fc500_0 .net "int_fwire_IQ", 0 0, L_0x560d7a957500;  1 drivers
v0x560d7a7fc5a0_0 .net "int_fwire_IQN", 0 0, L_0x560d7a957830;  1 drivers
v0x560d7a7fc750_0 .net "int_fwire_d", 0 0, L_0x560d7a9571b0;  1 drivers
v0x560d7a7fc7f0_0 .net "int_fwire_r", 0 0, L_0x560d7a9573d0;  1 drivers
v0x560d7a7fc890_0 .net "int_fwire_s", 0 0, L_0x560d7a9572c0;  1 drivers
v0x560d7a7fc930_0 .var "notifier", 0 0;
v0x560d7a7fc9d0_0 .net "xcr_0", 0 0, L_0x560d7a957490;  1 drivers
S_0x560d7a7fca70 .scope module, "_0859_" "sg13g2_hv_sdfbbp_1" 5 2676, 3 1964 1, S_0x560d7a760c50;
 .timescale -9 -11;
    .port_info 0 /OUTPUT 1 "Q";
    .port_info 1 /OUTPUT 1 "Q_N";
    .port_info 2 /INPUT 1 "CLK";
    .port_info 3 /INPUT 1 "D";
    .port_info 4 /INPUT 1 "RESET_B";
    .port_info 5 /INPUT 1 "SCD";
    .port_info 6 /INPUT 1 "SCE";
    .port_info 7 /INPUT 1 "SET_B";
L_0x560d7a9577c0 .functor BUFZ 1, L_0x560d7a9276f0, C4<0>, C4<0>, C4<0>;
L_0x560d7a957a70 .functor BUFZ 1, L_0x560d7a9582a0, C4<0>, C4<0>, C4<0>;
L_0x560d7a957ae0 .functor BUFZ 1, L_0x560d7a93c1e0, C4<0>, C4<0>, C4<0>;
L_0x560d7a957be0 .functor BUFZ 1, v0x560d7a909430_0, C4<0>, C4<0>, C4<0>;
L_0x560d7a957c80 .functor BUFZ 1, L_0x560d7a9bac30, C4<0>, C4<0>, C4<0>;
L_0x560d7a957cf0 .functor BUFZ 1, v0x560d7a908bd0_0, C4<0>, C4<0>, C4<0>;
L_0x560d7a957da0 .udp UDP_ihp_mux2, L_0x560d7a9577c0, L_0x560d7a957a70, L_0x560d7a957ae0;
L_0x560d7a957e60 .functor NOT 1, L_0x560d7a957c80, C4<0>, C4<0>, C4<0>;
L_0x560d7a957f70 .functor NOT 1, L_0x560d7a957be0, C4<0>, C4<0>, C4<0>;
L_0x7f6fe5f768d0 .functor BUFT 1, C4<0>, C4<0>, C4<0>, C4<0>;
L_0x560d7a958030 .functor BUF 1, L_0x7f6fe5f768d0, C4<0>, C4<0>, C4<0>;
L_0x560d7a9580a0 .udp UDP_ihp_dff_sr_1, v0x560d7a7fdaa0_0, L_0x560d7a957cf0, L_0x560d7a957da0, L_0x560d7a957e60, L_0x560d7a957f70, L_0x560d7a958030;
L_0x560d7a9582a0 .functor BUF 1, L_0x560d7a9580a0, C4<0>, C4<0>, C4<0>;
L_0x560d7a9583d0 .functor NOT 1, L_0x560d7a9580a0, C4<0>, C4<0>, C4<0>;
L_0x560d7a958440 .functor BUF 1, L_0x560d7a9583d0, C4<0>, C4<0>, C4<0>;
v0x560d7a7fcd10_0 .net "CLK", 0 0, v0x560d7a908bd0_0;  alias, 1 drivers
v0x560d7a7fcdb0_0 .net "D", 0 0, L_0x560d7a9276f0;  alias, 1 drivers
v0x560d7a7fce50_0 .net "Q", 0 0, L_0x560d7a9582a0;  alias, 1 drivers
v0x560d7a7fcef0_0 .net "Q_N", 0 0, L_0x560d7a958440;  1 drivers
v0x560d7a7fcf90_0 .net "RESET_B", 0 0, v0x560d7a909430_0;  alias, 1 drivers
v0x560d7a7fd030_0 .net "SCD", 0 0, L_0x560d7a9582a0;  alias, 1 drivers
v0x560d7a7fd0d0_0 .net "SCE", 0 0, L_0x560d7a93c1e0;  alias, 1 drivers
v0x560d7a7fd170_0 .net "SET_B", 0 0, L_0x560d7a9bac30;  alias, 1 drivers
v0x560d7a7fd210_0 .net/2s *"_ivl_15", 0 0, L_0x7f6fe5f768d0;  1 drivers
v0x560d7a7fd2b0_0 .net "delayed_CLK", 0 0, L_0x560d7a957cf0;  1 drivers
v0x560d7a7fd350_0 .net "delayed_D", 0 0, L_0x560d7a9577c0;  1 drivers
v0x560d7a7fd3f0_0 .net "delayed_RESET_B", 0 0, L_0x560d7a957be0;  1 drivers
v0x560d7a7fd490_0 .net "delayed_SCD", 0 0, L_0x560d7a957a70;  1 drivers
v0x560d7a7fd530_0 .net "delayed_SCE", 0 0, L_0x560d7a957ae0;  1 drivers
v0x560d7a7fd5d0_0 .net "delayed_SET_B", 0 0, L_0x560d7a957c80;  1 drivers
v0x560d7a7fd670_0 .net "int_fwire_IQ", 0 0, L_0x560d7a9580a0;  1 drivers
v0x560d7a7fd710_0 .net "int_fwire_IQN", 0 0, L_0x560d7a9583d0;  1 drivers
v0x560d7a7fd8c0_0 .net "int_fwire_d", 0 0, L_0x560d7a957da0;  1 drivers
v0x560d7a7fd960_0 .net "int_fwire_r", 0 0, L_0x560d7a957f70;  1 drivers
v0x560d7a7fda00_0 .net "int_fwire_s", 0 0, L_0x560d7a957e60;  1 drivers
v0x560d7a7fdaa0_0 .var "notifier", 0 0;
v0x560d7a7fdb40_0 .net "xcr_0", 0 0, L_0x560d7a958030;  1 drivers
S_0x560d7a7fdbe0 .scope module, "_0860_" "sg13g2_hv_sdfbbp_1" 5 2685, 3 1964 1, S_0x560d7a760c50;
 .timescale -9 -11;
    .port_info 0 /OUTPUT 1 "Q";
    .port_info 1 /OUTPUT 1 "Q_N";
    .port_info 2 /INPUT 1 "CLK";
    .port_info 3 /INPUT 1 "D";
    .port_info 4 /INPUT 1 "RESET_B";
    .port_info 5 /INPUT 1 "SCD";
    .port_info 6 /INPUT 1 "SCE";
    .port_info 7 /INPUT 1 "SET_B";
L_0x560d7a958360 .functor BUFZ 1, L_0x560d7a927880, C4<0>, C4<0>, C4<0>;
L_0x560d7a958610 .functor BUFZ 1, L_0x560d7a958e40, C4<0>, C4<0>, C4<0>;
L_0x560d7a958680 .functor BUFZ 1, L_0x560d7a93c310, C4<0>, C4<0>, C4<0>;
L_0x560d7a958780 .functor BUFZ 1, v0x560d7a909430_0, C4<0>, C4<0>, C4<0>;
L_0x560d7a958820 .functor BUFZ 1, L_0x560d7a9a3840, C4<0>, C4<0>, C4<0>;
L_0x560d7a958890 .functor BUFZ 1, v0x560d7a908bd0_0, C4<0>, C4<0>, C4<0>;
L_0x560d7a958940 .udp UDP_ihp_mux2, L_0x560d7a958360, L_0x560d7a958610, L_0x560d7a958680;
L_0x560d7a958a00 .functor NOT 1, L_0x560d7a958820, C4<0>, C4<0>, C4<0>;
L_0x560d7a958b10 .functor NOT 1, L_0x560d7a958780, C4<0>, C4<0>, C4<0>;
L_0x7f6fe5f76918 .functor BUFT 1, C4<0>, C4<0>, C4<0>, C4<0>;
L_0x560d7a958bd0 .functor BUF 1, L_0x7f6fe5f76918, C4<0>, C4<0>, C4<0>;
L_0x560d7a958c40 .udp UDP_ihp_dff_sr_1, v0x560d7a7fec10_0, L_0x560d7a958890, L_0x560d7a958940, L_0x560d7a958a00, L_0x560d7a958b10, L_0x560d7a958bd0;
L_0x560d7a958e40 .functor BUF 1, L_0x560d7a958c40, C4<0>, C4<0>, C4<0>;
L_0x560d7a958f70 .functor NOT 1, L_0x560d7a958c40, C4<0>, C4<0>, C4<0>;
L_0x560d7a958fe0 .functor BUF 1, L_0x560d7a958f70, C4<0>, C4<0>, C4<0>;
v0x560d7a7fde80_0 .net "CLK", 0 0, v0x560d7a908bd0_0;  alias, 1 drivers
v0x560d7a7fdf20_0 .net "D", 0 0, L_0x560d7a927880;  alias, 1 drivers
v0x560d7a7fdfc0_0 .net "Q", 0 0, L_0x560d7a958e40;  alias, 1 drivers
v0x560d7a7fe060_0 .net "Q_N", 0 0, L_0x560d7a958fe0;  1 drivers
v0x560d7a7fe100_0 .net "RESET_B", 0 0, v0x560d7a909430_0;  alias, 1 drivers
v0x560d7a7fe1a0_0 .net "SCD", 0 0, L_0x560d7a958e40;  alias, 1 drivers
v0x560d7a7fe240_0 .net "SCE", 0 0, L_0x560d7a93c310;  alias, 1 drivers
v0x560d7a7fe2e0_0 .net "SET_B", 0 0, L_0x560d7a9a3840;  alias, 1 drivers
v0x560d7a7fe380_0 .net/2s *"_ivl_15", 0 0, L_0x7f6fe5f76918;  1 drivers
v0x560d7a7fe420_0 .net "delayed_CLK", 0 0, L_0x560d7a958890;  1 drivers
v0x560d7a7fe4c0_0 .net "delayed_D", 0 0, L_0x560d7a958360;  1 drivers
v0x560d7a7fe560_0 .net "delayed_RESET_B", 0 0, L_0x560d7a958780;  1 drivers
v0x560d7a7fe600_0 .net "delayed_SCD", 0 0, L_0x560d7a958610;  1 drivers
v0x560d7a7fe6a0_0 .net "delayed_SCE", 0 0, L_0x560d7a958680;  1 drivers
v0x560d7a7fe740_0 .net "delayed_SET_B", 0 0, L_0x560d7a958820;  1 drivers
v0x560d7a7fe7e0_0 .net "int_fwire_IQ", 0 0, L_0x560d7a958c40;  1 drivers
v0x560d7a7fe880_0 .net "int_fwire_IQN", 0 0, L_0x560d7a958f70;  1 drivers
v0x560d7a7fea30_0 .net "int_fwire_d", 0 0, L_0x560d7a958940;  1 drivers
v0x560d7a7fead0_0 .net "int_fwire_r", 0 0, L_0x560d7a958b10;  1 drivers
v0x560d7a7feb70_0 .net "int_fwire_s", 0 0, L_0x560d7a958a00;  1 drivers
v0x560d7a7fec10_0 .var "notifier", 0 0;
v0x560d7a7fecb0_0 .net "xcr_0", 0 0, L_0x560d7a958bd0;  1 drivers
S_0x560d7a7fed50 .scope module, "_0861_" "sg13g2_hv_sdfbbp_1" 5 2694, 3 1964 1, S_0x560d7a760c50;
 .timescale -9 -11;
    .port_info 0 /OUTPUT 1 "Q";
    .port_info 1 /OUTPUT 1 "Q_N";
    .port_info 2 /INPUT 1 "CLK";
    .port_info 3 /INPUT 1 "D";
    .port_info 4 /INPUT 1 "RESET_B";
    .port_info 5 /INPUT 1 "SCD";
    .port_info 6 /INPUT 1 "SCE";
    .port_info 7 /INPUT 1 "SET_B";
L_0x560d7a958f00 .functor BUFZ 1, L_0x560d7a927a10, C4<0>, C4<0>, C4<0>;
L_0x560d7a9591b0 .functor BUFZ 1, L_0x560d7a9599e0, C4<0>, C4<0>, C4<0>;
L_0x560d7a959220 .functor BUFZ 1, L_0x560d7a93c470, C4<0>, C4<0>, C4<0>;
L_0x560d7a959320 .functor BUFZ 1, v0x560d7a909430_0, C4<0>, C4<0>, C4<0>;
L_0x560d7a9593c0 .functor BUFZ 1, L_0x560d7a9a3940, C4<0>, C4<0>, C4<0>;
L_0x560d7a959430 .functor BUFZ 1, v0x560d7a908bd0_0, C4<0>, C4<0>, C4<0>;
L_0x560d7a9594e0 .udp UDP_ihp_mux2, L_0x560d7a958f00, L_0x560d7a9591b0, L_0x560d7a959220;
L_0x560d7a9595a0 .functor NOT 1, L_0x560d7a9593c0, C4<0>, C4<0>, C4<0>;
L_0x560d7a9596b0 .functor NOT 1, L_0x560d7a959320, C4<0>, C4<0>, C4<0>;
L_0x7f6fe5f76960 .functor BUFT 1, C4<0>, C4<0>, C4<0>, C4<0>;
L_0x560d7a959770 .functor BUF 1, L_0x7f6fe5f76960, C4<0>, C4<0>, C4<0>;
L_0x560d7a9597e0 .udp UDP_ihp_dff_sr_1, v0x560d7a7ffd80_0, L_0x560d7a959430, L_0x560d7a9594e0, L_0x560d7a9595a0, L_0x560d7a9596b0, L_0x560d7a959770;
L_0x560d7a9599e0 .functor BUF 1, L_0x560d7a9597e0, C4<0>, C4<0>, C4<0>;
L_0x560d7a959b10 .functor NOT 1, L_0x560d7a9597e0, C4<0>, C4<0>, C4<0>;
L_0x560d7a959b80 .functor BUF 1, L_0x560d7a959b10, C4<0>, C4<0>, C4<0>;
v0x560d7a7feff0_0 .net "CLK", 0 0, v0x560d7a908bd0_0;  alias, 1 drivers
v0x560d7a7ff090_0 .net "D", 0 0, L_0x560d7a927a10;  alias, 1 drivers
v0x560d7a7ff130_0 .net "Q", 0 0, L_0x560d7a9599e0;  alias, 1 drivers
v0x560d7a7ff1d0_0 .net "Q_N", 0 0, L_0x560d7a959b80;  1 drivers
v0x560d7a7ff270_0 .net "RESET_B", 0 0, v0x560d7a909430_0;  alias, 1 drivers
v0x560d7a7ff310_0 .net "SCD", 0 0, L_0x560d7a9599e0;  alias, 1 drivers
v0x560d7a7ff3b0_0 .net "SCE", 0 0, L_0x560d7a93c470;  alias, 1 drivers
v0x560d7a7ff450_0 .net "SET_B", 0 0, L_0x560d7a9a3940;  alias, 1 drivers
v0x560d7a7ff4f0_0 .net/2s *"_ivl_15", 0 0, L_0x7f6fe5f76960;  1 drivers
v0x560d7a7ff590_0 .net "delayed_CLK", 0 0, L_0x560d7a959430;  1 drivers
v0x560d7a7ff630_0 .net "delayed_D", 0 0, L_0x560d7a958f00;  1 drivers
v0x560d7a7ff6d0_0 .net "delayed_RESET_B", 0 0, L_0x560d7a959320;  1 drivers
v0x560d7a7ff770_0 .net "delayed_SCD", 0 0, L_0x560d7a9591b0;  1 drivers
v0x560d7a7ff810_0 .net "delayed_SCE", 0 0, L_0x560d7a959220;  1 drivers
v0x560d7a7ff8b0_0 .net "delayed_SET_B", 0 0, L_0x560d7a9593c0;  1 drivers
v0x560d7a7ff950_0 .net "int_fwire_IQ", 0 0, L_0x560d7a9597e0;  1 drivers
v0x560d7a7ff9f0_0 .net "int_fwire_IQN", 0 0, L_0x560d7a959b10;  1 drivers
v0x560d7a7ffba0_0 .net "int_fwire_d", 0 0, L_0x560d7a9594e0;  1 drivers
v0x560d7a7ffc40_0 .net "int_fwire_r", 0 0, L_0x560d7a9596b0;  1 drivers
v0x560d7a7ffce0_0 .net "int_fwire_s", 0 0, L_0x560d7a9595a0;  1 drivers
v0x560d7a7ffd80_0 .var "notifier", 0 0;
v0x560d7a7ffe20_0 .net "xcr_0", 0 0, L_0x560d7a959770;  1 drivers
S_0x560d7a7ffec0 .scope module, "_0862_" "sg13g2_hv_sdfbbp_1" 5 2703, 3 1964 1, S_0x560d7a760c50;
 .timescale -9 -11;
    .port_info 0 /OUTPUT 1 "Q";
    .port_info 1 /OUTPUT 1 "Q_N";
    .port_info 2 /INPUT 1 "CLK";
    .port_info 3 /INPUT 1 "D";
    .port_info 4 /INPUT 1 "RESET_B";
    .port_info 5 /INPUT 1 "SCD";
    .port_info 6 /INPUT 1 "SCE";
    .port_info 7 /INPUT 1 "SET_B";
L_0x560d7a959aa0 .functor BUFZ 1, L_0x560d7a927ba0, C4<0>, C4<0>, C4<0>;
L_0x560d7a959d50 .functor BUFZ 1, L_0x560d7a95a580, C4<0>, C4<0>, C4<0>;
L_0x560d7a959dc0 .functor BUFZ 1, L_0x560d7a93c5f0, C4<0>, C4<0>, C4<0>;
L_0x560d7a959ec0 .functor BUFZ 1, v0x560d7a909430_0, C4<0>, C4<0>, C4<0>;
L_0x560d7a959f60 .functor BUFZ 1, L_0x560d7a9a3a40, C4<0>, C4<0>, C4<0>;
L_0x560d7a959fd0 .functor BUFZ 1, v0x560d7a908bd0_0, C4<0>, C4<0>, C4<0>;
L_0x560d7a95a080 .udp UDP_ihp_mux2, L_0x560d7a959aa0, L_0x560d7a959d50, L_0x560d7a959dc0;
L_0x560d7a95a140 .functor NOT 1, L_0x560d7a959f60, C4<0>, C4<0>, C4<0>;
L_0x560d7a95a250 .functor NOT 1, L_0x560d7a959ec0, C4<0>, C4<0>, C4<0>;
L_0x7f6fe5f769a8 .functor BUFT 1, C4<0>, C4<0>, C4<0>, C4<0>;
L_0x560d7a95a310 .functor BUF 1, L_0x7f6fe5f769a8, C4<0>, C4<0>, C4<0>;
L_0x560d7a95a380 .udp UDP_ihp_dff_sr_1, v0x560d7a800ef0_0, L_0x560d7a959fd0, L_0x560d7a95a080, L_0x560d7a95a140, L_0x560d7a95a250, L_0x560d7a95a310;
L_0x560d7a95a580 .functor BUF 1, L_0x560d7a95a380, C4<0>, C4<0>, C4<0>;
L_0x560d7a95a6b0 .functor NOT 1, L_0x560d7a95a380, C4<0>, C4<0>, C4<0>;
L_0x560d7a95a720 .functor BUF 1, L_0x560d7a95a6b0, C4<0>, C4<0>, C4<0>;
v0x560d7a800160_0 .net "CLK", 0 0, v0x560d7a908bd0_0;  alias, 1 drivers
v0x560d7a800200_0 .net "D", 0 0, L_0x560d7a927ba0;  alias, 1 drivers
v0x560d7a8002a0_0 .net "Q", 0 0, L_0x560d7a95a580;  alias, 1 drivers
v0x560d7a800340_0 .net "Q_N", 0 0, L_0x560d7a95a720;  1 drivers
v0x560d7a8003e0_0 .net "RESET_B", 0 0, v0x560d7a909430_0;  alias, 1 drivers
v0x560d7a800480_0 .net "SCD", 0 0, L_0x560d7a95a580;  alias, 1 drivers
v0x560d7a800520_0 .net "SCE", 0 0, L_0x560d7a93c5f0;  alias, 1 drivers
v0x560d7a8005c0_0 .net "SET_B", 0 0, L_0x560d7a9a3a40;  alias, 1 drivers
v0x560d7a800660_0 .net/2s *"_ivl_15", 0 0, L_0x7f6fe5f769a8;  1 drivers
v0x560d7a800700_0 .net "delayed_CLK", 0 0, L_0x560d7a959fd0;  1 drivers
v0x560d7a8007a0_0 .net "delayed_D", 0 0, L_0x560d7a959aa0;  1 drivers
v0x560d7a800840_0 .net "delayed_RESET_B", 0 0, L_0x560d7a959ec0;  1 drivers
v0x560d7a8008e0_0 .net "delayed_SCD", 0 0, L_0x560d7a959d50;  1 drivers
v0x560d7a800980_0 .net "delayed_SCE", 0 0, L_0x560d7a959dc0;  1 drivers
v0x560d7a800a20_0 .net "delayed_SET_B", 0 0, L_0x560d7a959f60;  1 drivers
v0x560d7a800ac0_0 .net "int_fwire_IQ", 0 0, L_0x560d7a95a380;  1 drivers
v0x560d7a800b60_0 .net "int_fwire_IQN", 0 0, L_0x560d7a95a6b0;  1 drivers
v0x560d7a800d10_0 .net "int_fwire_d", 0 0, L_0x560d7a95a080;  1 drivers
v0x560d7a800db0_0 .net "int_fwire_r", 0 0, L_0x560d7a95a250;  1 drivers
v0x560d7a800e50_0 .net "int_fwire_s", 0 0, L_0x560d7a95a140;  1 drivers
v0x560d7a800ef0_0 .var "notifier", 0 0;
v0x560d7a800f90_0 .net "xcr_0", 0 0, L_0x560d7a95a310;  1 drivers
S_0x560d7a801030 .scope module, "_0863_" "sg13g2_hv_sdfbbp_1" 5 2712, 3 1964 1, S_0x560d7a760c50;
 .timescale -9 -11;
    .port_info 0 /OUTPUT 1 "Q";
    .port_info 1 /OUTPUT 1 "Q_N";
    .port_info 2 /INPUT 1 "CLK";
    .port_info 3 /INPUT 1 "D";
    .port_info 4 /INPUT 1 "RESET_B";
    .port_info 5 /INPUT 1 "SCD";
    .port_info 6 /INPUT 1 "SCE";
    .port_info 7 /INPUT 1 "SET_B";
L_0x560d7a95a640 .functor BUFZ 1, L_0x560d7a927d30, C4<0>, C4<0>, C4<0>;
L_0x560d7a95a8f0 .functor BUFZ 1, L_0x560d7a95b120, C4<0>, C4<0>, C4<0>;
L_0x560d7a95a960 .functor BUFZ 1, L_0x560d7a93c980, C4<0>, C4<0>, C4<0>;
L_0x560d7a95aa60 .functor BUFZ 1, v0x560d7a909430_0, C4<0>, C4<0>, C4<0>;
L_0x560d7a95ab00 .functor BUFZ 1, L_0x560d7a9a3b40, C4<0>, C4<0>, C4<0>;
L_0x560d7a95ab70 .functor BUFZ 1, v0x560d7a908bd0_0, C4<0>, C4<0>, C4<0>;
L_0x560d7a95ac20 .udp UDP_ihp_mux2, L_0x560d7a95a640, L_0x560d7a95a8f0, L_0x560d7a95a960;
L_0x560d7a95ace0 .functor NOT 1, L_0x560d7a95ab00, C4<0>, C4<0>, C4<0>;
L_0x560d7a95adf0 .functor NOT 1, L_0x560d7a95aa60, C4<0>, C4<0>, C4<0>;
L_0x7f6fe5f769f0 .functor BUFT 1, C4<0>, C4<0>, C4<0>, C4<0>;
L_0x560d7a95aeb0 .functor BUF 1, L_0x7f6fe5f769f0, C4<0>, C4<0>, C4<0>;
L_0x560d7a95af20 .udp UDP_ihp_dff_sr_1, v0x560d7a802060_0, L_0x560d7a95ab70, L_0x560d7a95ac20, L_0x560d7a95ace0, L_0x560d7a95adf0, L_0x560d7a95aeb0;
L_0x560d7a95b120 .functor BUF 1, L_0x560d7a95af20, C4<0>, C4<0>, C4<0>;
L_0x560d7a95b250 .functor NOT 1, L_0x560d7a95af20, C4<0>, C4<0>, C4<0>;
L_0x560d7a95b2c0 .functor BUF 1, L_0x560d7a95b250, C4<0>, C4<0>, C4<0>;
v0x560d7a8012d0_0 .net "CLK", 0 0, v0x560d7a908bd0_0;  alias, 1 drivers
v0x560d7a801370_0 .net "D", 0 0, L_0x560d7a927d30;  alias, 1 drivers
v0x560d7a801410_0 .net "Q", 0 0, L_0x560d7a95b120;  alias, 1 drivers
v0x560d7a8014b0_0 .net "Q_N", 0 0, L_0x560d7a95b2c0;  1 drivers
v0x560d7a801550_0 .net "RESET_B", 0 0, v0x560d7a909430_0;  alias, 1 drivers
v0x560d7a8015f0_0 .net "SCD", 0 0, L_0x560d7a95b120;  alias, 1 drivers
v0x560d7a801690_0 .net "SCE", 0 0, L_0x560d7a93c980;  alias, 1 drivers
v0x560d7a801730_0 .net "SET_B", 0 0, L_0x560d7a9a3b40;  alias, 1 drivers
v0x560d7a8017d0_0 .net/2s *"_ivl_15", 0 0, L_0x7f6fe5f769f0;  1 drivers
v0x560d7a801870_0 .net "delayed_CLK", 0 0, L_0x560d7a95ab70;  1 drivers
v0x560d7a801910_0 .net "delayed_D", 0 0, L_0x560d7a95a640;  1 drivers
v0x560d7a8019b0_0 .net "delayed_RESET_B", 0 0, L_0x560d7a95aa60;  1 drivers
v0x560d7a801a50_0 .net "delayed_SCD", 0 0, L_0x560d7a95a8f0;  1 drivers
v0x560d7a801af0_0 .net "delayed_SCE", 0 0, L_0x560d7a95a960;  1 drivers
v0x560d7a801b90_0 .net "delayed_SET_B", 0 0, L_0x560d7a95ab00;  1 drivers
v0x560d7a801c30_0 .net "int_fwire_IQ", 0 0, L_0x560d7a95af20;  1 drivers
v0x560d7a801cd0_0 .net "int_fwire_IQN", 0 0, L_0x560d7a95b250;  1 drivers
v0x560d7a801e80_0 .net "int_fwire_d", 0 0, L_0x560d7a95ac20;  1 drivers
v0x560d7a801f20_0 .net "int_fwire_r", 0 0, L_0x560d7a95adf0;  1 drivers
v0x560d7a801fc0_0 .net "int_fwire_s", 0 0, L_0x560d7a95ace0;  1 drivers
v0x560d7a802060_0 .var "notifier", 0 0;
v0x560d7a802100_0 .net "xcr_0", 0 0, L_0x560d7a95aeb0;  1 drivers
S_0x560d7a8021a0 .scope module, "_0864_" "sg13g2_hv_sdfbbp_1" 5 2721, 3 1964 1, S_0x560d7a760c50;
 .timescale -9 -11;
    .port_info 0 /OUTPUT 1 "Q";
    .port_info 1 /OUTPUT 1 "Q_N";
    .port_info 2 /INPUT 1 "CLK";
    .port_info 3 /INPUT 1 "D";
    .port_info 4 /INPUT 1 "RESET_B";
    .port_info 5 /INPUT 1 "SCD";
    .port_info 6 /INPUT 1 "SCE";
    .port_info 7 /INPUT 1 "SET_B";
L_0x560d7a95b1e0 .functor BUFZ 1, L_0x560d7a9280d0, C4<0>, C4<0>, C4<0>;
L_0x560d7a95b490 .functor BUFZ 1, L_0x560d7a95bcc0, C4<0>, C4<0>, C4<0>;
L_0x560d7a95b500 .functor BUFZ 1, L_0x560d7a93cb00, C4<0>, C4<0>, C4<0>;
L_0x560d7a95b600 .functor BUFZ 1, v0x560d7a909430_0, C4<0>, C4<0>, C4<0>;
L_0x560d7a95b6a0 .functor BUFZ 1, L_0x560d7a9a3c40, C4<0>, C4<0>, C4<0>;
L_0x560d7a95b710 .functor BUFZ 1, v0x560d7a908bd0_0, C4<0>, C4<0>, C4<0>;
L_0x560d7a95b7c0 .udp UDP_ihp_mux2, L_0x560d7a95b1e0, L_0x560d7a95b490, L_0x560d7a95b500;
L_0x560d7a95b880 .functor NOT 1, L_0x560d7a95b6a0, C4<0>, C4<0>, C4<0>;
L_0x560d7a95b990 .functor NOT 1, L_0x560d7a95b600, C4<0>, C4<0>, C4<0>;
L_0x7f6fe5f76a38 .functor BUFT 1, C4<0>, C4<0>, C4<0>, C4<0>;
L_0x560d7a95ba50 .functor BUF 1, L_0x7f6fe5f76a38, C4<0>, C4<0>, C4<0>;
L_0x560d7a95bac0 .udp UDP_ihp_dff_sr_1, v0x560d7a8031d0_0, L_0x560d7a95b710, L_0x560d7a95b7c0, L_0x560d7a95b880, L_0x560d7a95b990, L_0x560d7a95ba50;
L_0x560d7a95bcc0 .functor BUF 1, L_0x560d7a95bac0, C4<0>, C4<0>, C4<0>;
L_0x560d7a95bdf0 .functor NOT 1, L_0x560d7a95bac0, C4<0>, C4<0>, C4<0>;
L_0x560d7a95be60 .functor BUF 1, L_0x560d7a95bdf0, C4<0>, C4<0>, C4<0>;
v0x560d7a802440_0 .net "CLK", 0 0, v0x560d7a908bd0_0;  alias, 1 drivers
v0x560d7a8024e0_0 .net "D", 0 0, L_0x560d7a9280d0;  alias, 1 drivers
v0x560d7a802580_0 .net "Q", 0 0, L_0x560d7a95bcc0;  alias, 1 drivers
v0x560d7a802620_0 .net "Q_N", 0 0, L_0x560d7a95be60;  1 drivers
v0x560d7a8026c0_0 .net "RESET_B", 0 0, v0x560d7a909430_0;  alias, 1 drivers
v0x560d7a802760_0 .net "SCD", 0 0, L_0x560d7a95bcc0;  alias, 1 drivers
v0x560d7a802800_0 .net "SCE", 0 0, L_0x560d7a93cb00;  alias, 1 drivers
v0x560d7a8028a0_0 .net "SET_B", 0 0, L_0x560d7a9a3c40;  alias, 1 drivers
v0x560d7a802940_0 .net/2s *"_ivl_15", 0 0, L_0x7f6fe5f76a38;  1 drivers
v0x560d7a8029e0_0 .net "delayed_CLK", 0 0, L_0x560d7a95b710;  1 drivers
v0x560d7a802a80_0 .net "delayed_D", 0 0, L_0x560d7a95b1e0;  1 drivers
v0x560d7a802b20_0 .net "delayed_RESET_B", 0 0, L_0x560d7a95b600;  1 drivers
v0x560d7a802bc0_0 .net "delayed_SCD", 0 0, L_0x560d7a95b490;  1 drivers
v0x560d7a802c60_0 .net "delayed_SCE", 0 0, L_0x560d7a95b500;  1 drivers
v0x560d7a802d00_0 .net "delayed_SET_B", 0 0, L_0x560d7a95b6a0;  1 drivers
v0x560d7a802da0_0 .net "int_fwire_IQ", 0 0, L_0x560d7a95bac0;  1 drivers
v0x560d7a802e40_0 .net "int_fwire_IQN", 0 0, L_0x560d7a95bdf0;  1 drivers
v0x560d7a802ff0_0 .net "int_fwire_d", 0 0, L_0x560d7a95b7c0;  1 drivers
v0x560d7a803090_0 .net "int_fwire_r", 0 0, L_0x560d7a95b990;  1 drivers
v0x560d7a803130_0 .net "int_fwire_s", 0 0, L_0x560d7a95b880;  1 drivers
v0x560d7a8031d0_0 .var "notifier", 0 0;
v0x560d7a803270_0 .net "xcr_0", 0 0, L_0x560d7a95ba50;  1 drivers
S_0x560d7a803310 .scope module, "_0865_" "sg13g2_hv_sdfbbp_1" 5 2730, 3 1964 1, S_0x560d7a760c50;
 .timescale -9 -11;
    .port_info 0 /OUTPUT 1 "Q";
    .port_info 1 /OUTPUT 1 "Q_N";
    .port_info 2 /INPUT 1 "CLK";
    .port_info 3 /INPUT 1 "D";
    .port_info 4 /INPUT 1 "RESET_B";
    .port_info 5 /INPUT 1 "SCD";
    .port_info 6 /INPUT 1 "SCE";
    .port_info 7 /INPUT 1 "SET_B";
L_0x560d7a95bd80 .functor BUFZ 1, L_0x560d7a99c280, C4<0>, C4<0>, C4<0>;
L_0x560d7a95bfa0 .functor BUFZ 1, L_0x560d7a95c840, C4<0>, C4<0>, C4<0>;
L_0x560d7a95c010 .functor BUFZ 1, L_0x560d7a922a50, C4<0>, C4<0>, C4<0>;
L_0x560d7a95c080 .functor BUFZ 1, v0x560d7a909430_0, C4<0>, C4<0>, C4<0>;
L_0x560d7a95c0f0 .functor BUFZ 1, L_0x560d7a9a3d40, C4<0>, C4<0>, C4<0>;
L_0x560d7a95c160 .functor BUFZ 1, v0x560d7a908bd0_0, C4<0>, C4<0>, C4<0>;
L_0x560d7a95c210 .udp UDP_ihp_mux2, L_0x560d7a95bd80, L_0x560d7a95bfa0, L_0x560d7a95c010;
L_0x560d7a95c3a0 .functor NOT 1, L_0x560d7a95c0f0, C4<0>, C4<0>, C4<0>;
L_0x560d7a95c4b0 .functor NOT 1, L_0x560d7a95c080, C4<0>, C4<0>, C4<0>;
L_0x7f6fe5f76a80 .functor BUFT 1, C4<0>, C4<0>, C4<0>, C4<0>;
L_0x560d7a95c570 .functor BUF 1, L_0x7f6fe5f76a80, C4<0>, C4<0>, C4<0>;
L_0x560d7a95c640 .udp UDP_ihp_dff_sr_1, v0x560d7a804340_0, L_0x560d7a95c160, L_0x560d7a95c210, L_0x560d7a95c3a0, L_0x560d7a95c4b0, L_0x560d7a95c570;
L_0x560d7a95c840 .functor BUF 1, L_0x560d7a95c640, C4<0>, C4<0>, C4<0>;
L_0x560d7a95c970 .functor NOT 1, L_0x560d7a95c640, C4<0>, C4<0>, C4<0>;
L_0x560d7a95c9e0 .functor BUF 1, L_0x560d7a95c970, C4<0>, C4<0>, C4<0>;
v0x560d7a8035b0_0 .net "CLK", 0 0, v0x560d7a908bd0_0;  alias, 1 drivers
v0x560d7a803650_0 .net "D", 0 0, L_0x560d7a99c280;  alias, 1 drivers
v0x560d7a8036f0_0 .net "Q", 0 0, L_0x560d7a95c840;  alias, 1 drivers
v0x560d7a803790_0 .net "Q_N", 0 0, L_0x560d7a95c9e0;  1 drivers
v0x560d7a803830_0 .net "RESET_B", 0 0, v0x560d7a909430_0;  alias, 1 drivers
v0x560d7a8038d0_0 .net "SCD", 0 0, L_0x560d7a95c840;  alias, 1 drivers
v0x560d7a803970_0 .net "SCE", 0 0, L_0x560d7a922a50;  alias, 1 drivers
v0x560d7a803a10_0 .net "SET_B", 0 0, L_0x560d7a9a3d40;  alias, 1 drivers
v0x560d7a803ab0_0 .net/2s *"_ivl_15", 0 0, L_0x7f6fe5f76a80;  1 drivers
v0x560d7a803b50_0 .net "delayed_CLK", 0 0, L_0x560d7a95c160;  1 drivers
v0x560d7a803bf0_0 .net "delayed_D", 0 0, L_0x560d7a95bd80;  1 drivers
v0x560d7a803c90_0 .net "delayed_RESET_B", 0 0, L_0x560d7a95c080;  1 drivers
v0x560d7a803d30_0 .net "delayed_SCD", 0 0, L_0x560d7a95bfa0;  1 drivers
v0x560d7a803dd0_0 .net "delayed_SCE", 0 0, L_0x560d7a95c010;  1 drivers
v0x560d7a803e70_0 .net "delayed_SET_B", 0 0, L_0x560d7a95c0f0;  1 drivers
v0x560d7a803f10_0 .net "int_fwire_IQ", 0 0, L_0x560d7a95c640;  1 drivers
v0x560d7a803fb0_0 .net "int_fwire_IQN", 0 0, L_0x560d7a95c970;  1 drivers
v0x560d7a804160_0 .net "int_fwire_d", 0 0, L_0x560d7a95c210;  1 drivers
v0x560d7a804200_0 .net "int_fwire_r", 0 0, L_0x560d7a95c4b0;  1 drivers
v0x560d7a8042a0_0 .net "int_fwire_s", 0 0, L_0x560d7a95c3a0;  1 drivers
v0x560d7a804340_0 .var "notifier", 0 0;
v0x560d7a8043e0_0 .net "xcr_0", 0 0, L_0x560d7a95c570;  1 drivers
S_0x560d7a804480 .scope module, "_0866_" "sg13g2_hv_sdfbbp_1" 5 2739, 3 1964 1, S_0x560d7a760c50;
 .timescale -9 -11;
    .port_info 0 /OUTPUT 1 "Q";
    .port_info 1 /OUTPUT 1 "Q_N";
    .port_info 2 /INPUT 1 "CLK";
    .port_info 3 /INPUT 1 "D";
    .port_info 4 /INPUT 1 "RESET_B";
    .port_info 5 /INPUT 1 "SCD";
    .port_info 6 /INPUT 1 "SCE";
    .port_info 7 /INPUT 1 "SET_B";
L_0x560d7a95c900 .functor BUFZ 1, L_0x560d7a8a02b0, C4<0>, C4<0>, C4<0>;
L_0x560d7a95cb20 .functor BUFZ 1, L_0x560d7a95d400, C4<0>, C4<0>, C4<0>;
L_0x560d7a95cb90 .functor BUFZ 1, L_0x560d7a93cc70, C4<0>, C4<0>, C4<0>;
L_0x560d7a95cc90 .functor BUFZ 1, v0x560d7a909430_0, C4<0>, C4<0>, C4<0>;
L_0x560d7a95cd30 .functor BUFZ 1, L_0x560d7a9a3e40, C4<0>, C4<0>, C4<0>;
L_0x560d7a95cda0 .functor BUFZ 1, v0x560d7a908bd0_0, C4<0>, C4<0>, C4<0>;
L_0x560d7a95ce80 .udp UDP_ihp_mux2, L_0x560d7a95c900, L_0x560d7a95cb20, L_0x560d7a95cb90;
L_0x560d7a95cfc0 .functor NOT 1, L_0x560d7a95cd30, C4<0>, C4<0>, C4<0>;
L_0x560d7a95d0d0 .functor NOT 1, L_0x560d7a95cc90, C4<0>, C4<0>, C4<0>;
L_0x7f6fe5f76ac8 .functor BUFT 1, C4<0>, C4<0>, C4<0>, C4<0>;
L_0x560d7a95d190 .functor BUF 1, L_0x7f6fe5f76ac8, C4<0>, C4<0>, C4<0>;
L_0x560d7a95d200 .udp UDP_ihp_dff_sr_1, v0x560d7a8054b0_0, L_0x560d7a95cda0, L_0x560d7a95ce80, L_0x560d7a95cfc0, L_0x560d7a95d0d0, L_0x560d7a95d190;
L_0x560d7a95d400 .functor BUF 1, L_0x560d7a95d200, C4<0>, C4<0>, C4<0>;
L_0x560d7a95d530 .functor NOT 1, L_0x560d7a95d200, C4<0>, C4<0>, C4<0>;
L_0x560d7a95d5a0 .functor BUF 1, L_0x560d7a95d530, C4<0>, C4<0>, C4<0>;
v0x560d7a804720_0 .net "CLK", 0 0, v0x560d7a908bd0_0;  alias, 1 drivers
v0x560d7a8047c0_0 .net "D", 0 0, L_0x560d7a8a02b0;  alias, 1 drivers
v0x560d7a804860_0 .net "Q", 0 0, L_0x560d7a95d400;  alias, 1 drivers
v0x560d7a804900_0 .net "Q_N", 0 0, L_0x560d7a95d5a0;  1 drivers
v0x560d7a8049a0_0 .net "RESET_B", 0 0, v0x560d7a909430_0;  alias, 1 drivers
v0x560d7a804a40_0 .net "SCD", 0 0, L_0x560d7a95d400;  alias, 1 drivers
v0x560d7a804ae0_0 .net "SCE", 0 0, L_0x560d7a93cc70;  alias, 1 drivers
v0x560d7a804b80_0 .net "SET_B", 0 0, L_0x560d7a9a3e40;  alias, 1 drivers
v0x560d7a804c20_0 .net/2s *"_ivl_15", 0 0, L_0x7f6fe5f76ac8;  1 drivers
v0x560d7a804cc0_0 .net "delayed_CLK", 0 0, L_0x560d7a95cda0;  1 drivers
v0x560d7a804d60_0 .net "delayed_D", 0 0, L_0x560d7a95c900;  1 drivers
v0x560d7a804e00_0 .net "delayed_RESET_B", 0 0, L_0x560d7a95cc90;  1 drivers
v0x560d7a804ea0_0 .net "delayed_SCD", 0 0, L_0x560d7a95cb20;  1 drivers
v0x560d7a804f40_0 .net "delayed_SCE", 0 0, L_0x560d7a95cb90;  1 drivers
v0x560d7a804fe0_0 .net "delayed_SET_B", 0 0, L_0x560d7a95cd30;  1 drivers
v0x560d7a805080_0 .net "int_fwire_IQ", 0 0, L_0x560d7a95d200;  1 drivers
v0x560d7a805120_0 .net "int_fwire_IQN", 0 0, L_0x560d7a95d530;  1 drivers
v0x560d7a8052d0_0 .net "int_fwire_d", 0 0, L_0x560d7a95ce80;  1 drivers
v0x560d7a805370_0 .net "int_fwire_r", 0 0, L_0x560d7a95d0d0;  1 drivers
v0x560d7a805410_0 .net "int_fwire_s", 0 0, L_0x560d7a95cfc0;  1 drivers
v0x560d7a8054b0_0 .var "notifier", 0 0;
v0x560d7a805550_0 .net "xcr_0", 0 0, L_0x560d7a95d190;  1 drivers
S_0x560d7a8055f0 .scope module, "_0867_" "sg13g2_hv_sdfbbp_1" 5 2748, 3 1964 1, S_0x560d7a760c50;
 .timescale -9 -11;
    .port_info 0 /OUTPUT 1 "Q";
    .port_info 1 /OUTPUT 1 "Q_N";
    .port_info 2 /INPUT 1 "CLK";
    .port_info 3 /INPUT 1 "D";
    .port_info 4 /INPUT 1 "RESET_B";
    .port_info 5 /INPUT 1 "SCD";
    .port_info 6 /INPUT 1 "SCE";
    .port_info 7 /INPUT 1 "SET_B";
L_0x560d7a95d4c0 .functor BUFZ 1, L_0x560d7a89eed0, C4<0>, C4<0>, C4<0>;
L_0x560d7a95d6e0 .functor BUFZ 1, L_0x560d7a95dfc0, C4<0>, C4<0>, C4<0>;
L_0x560d7a95d750 .functor BUFZ 1, L_0x560d7a93cde0, C4<0>, C4<0>, C4<0>;
L_0x560d7a95d850 .functor BUFZ 1, v0x560d7a909430_0, C4<0>, C4<0>, C4<0>;
L_0x560d7a95d8f0 .functor BUFZ 1, L_0x560d7a9a3f40, C4<0>, C4<0>, C4<0>;
L_0x560d7a95d960 .functor BUFZ 1, v0x560d7a908bd0_0, C4<0>, C4<0>, C4<0>;
L_0x560d7a95da40 .udp UDP_ihp_mux2, L_0x560d7a95d4c0, L_0x560d7a95d6e0, L_0x560d7a95d750;
L_0x560d7a95db80 .functor NOT 1, L_0x560d7a95d8f0, C4<0>, C4<0>, C4<0>;
L_0x560d7a95dc90 .functor NOT 1, L_0x560d7a95d850, C4<0>, C4<0>, C4<0>;
L_0x7f6fe5f76b10 .functor BUFT 1, C4<0>, C4<0>, C4<0>, C4<0>;
L_0x560d7a95dd50 .functor BUF 1, L_0x7f6fe5f76b10, C4<0>, C4<0>, C4<0>;
L_0x560d7a95ddc0 .udp UDP_ihp_dff_sr_1, v0x560d7a806620_0, L_0x560d7a95d960, L_0x560d7a95da40, L_0x560d7a95db80, L_0x560d7a95dc90, L_0x560d7a95dd50;
L_0x560d7a95dfc0 .functor BUF 1, L_0x560d7a95ddc0, C4<0>, C4<0>, C4<0>;
L_0x560d7a95e0f0 .functor NOT 1, L_0x560d7a95ddc0, C4<0>, C4<0>, C4<0>;
L_0x560d7a95e160 .functor BUF 1, L_0x560d7a95e0f0, C4<0>, C4<0>, C4<0>;
v0x560d7a805890_0 .net "CLK", 0 0, v0x560d7a908bd0_0;  alias, 1 drivers
v0x560d7a805930_0 .net "D", 0 0, L_0x560d7a89eed0;  alias, 1 drivers
v0x560d7a8059d0_0 .net "Q", 0 0, L_0x560d7a95dfc0;  alias, 1 drivers
v0x560d7a805a70_0 .net "Q_N", 0 0, L_0x560d7a95e160;  1 drivers
v0x560d7a805b10_0 .net "RESET_B", 0 0, v0x560d7a909430_0;  alias, 1 drivers
v0x560d7a805bb0_0 .net "SCD", 0 0, L_0x560d7a95dfc0;  alias, 1 drivers
v0x560d7a805c50_0 .net "SCE", 0 0, L_0x560d7a93cde0;  alias, 1 drivers
v0x560d7a805cf0_0 .net "SET_B", 0 0, L_0x560d7a9a3f40;  alias, 1 drivers
v0x560d7a805d90_0 .net/2s *"_ivl_15", 0 0, L_0x7f6fe5f76b10;  1 drivers
v0x560d7a805e30_0 .net "delayed_CLK", 0 0, L_0x560d7a95d960;  1 drivers
v0x560d7a805ed0_0 .net "delayed_D", 0 0, L_0x560d7a95d4c0;  1 drivers
v0x560d7a805f70_0 .net "delayed_RESET_B", 0 0, L_0x560d7a95d850;  1 drivers
v0x560d7a806010_0 .net "delayed_SCD", 0 0, L_0x560d7a95d6e0;  1 drivers
v0x560d7a8060b0_0 .net "delayed_SCE", 0 0, L_0x560d7a95d750;  1 drivers
v0x560d7a806150_0 .net "delayed_SET_B", 0 0, L_0x560d7a95d8f0;  1 drivers
v0x560d7a8061f0_0 .net "int_fwire_IQ", 0 0, L_0x560d7a95ddc0;  1 drivers
v0x560d7a806290_0 .net "int_fwire_IQN", 0 0, L_0x560d7a95e0f0;  1 drivers
v0x560d7a806440_0 .net "int_fwire_d", 0 0, L_0x560d7a95da40;  1 drivers
v0x560d7a8064e0_0 .net "int_fwire_r", 0 0, L_0x560d7a95dc90;  1 drivers
v0x560d7a806580_0 .net "int_fwire_s", 0 0, L_0x560d7a95db80;  1 drivers
v0x560d7a806620_0 .var "notifier", 0 0;
v0x560d7a8066c0_0 .net "xcr_0", 0 0, L_0x560d7a95dd50;  1 drivers
S_0x560d7a806760 .scope module, "_0868_" "sg13g2_hv_sdfbbp_1" 5 2757, 3 1964 1, S_0x560d7a760c50;
 .timescale -9 -11;
    .port_info 0 /OUTPUT 1 "Q";
    .port_info 1 /OUTPUT 1 "Q_N";
    .port_info 2 /INPUT 1 "CLK";
    .port_info 3 /INPUT 1 "D";
    .port_info 4 /INPUT 1 "RESET_B";
    .port_info 5 /INPUT 1 "SCD";
    .port_info 6 /INPUT 1 "SCE";
    .port_info 7 /INPUT 1 "SET_B";
L_0x560d7a95e080 .functor BUFZ 1, L_0x560d7a89fb10, C4<0>, C4<0>, C4<0>;
L_0x560d7a95e2a0 .functor BUFZ 1, L_0x560d7a95eb80, C4<0>, C4<0>, C4<0>;
L_0x560d7a95e310 .functor BUFZ 1, L_0x560d7a93cf50, C4<0>, C4<0>, C4<0>;
L_0x560d7a95e410 .functor BUFZ 1, v0x560d7a909430_0, C4<0>, C4<0>, C4<0>;
L_0x560d7a95e4b0 .functor BUFZ 1, L_0x560d7a9bbd40, C4<0>, C4<0>, C4<0>;
L_0x560d7a95e520 .functor BUFZ 1, v0x560d7a908bd0_0, C4<0>, C4<0>, C4<0>;
L_0x560d7a95e600 .udp UDP_ihp_mux2, L_0x560d7a95e080, L_0x560d7a95e2a0, L_0x560d7a95e310;
L_0x560d7a95e740 .functor NOT 1, L_0x560d7a95e4b0, C4<0>, C4<0>, C4<0>;
L_0x560d7a95e850 .functor NOT 1, L_0x560d7a95e410, C4<0>, C4<0>, C4<0>;
L_0x7f6fe5f76b58 .functor BUFT 1, C4<0>, C4<0>, C4<0>, C4<0>;
L_0x560d7a95e910 .functor BUF 1, L_0x7f6fe5f76b58, C4<0>, C4<0>, C4<0>;
L_0x560d7a95e980 .udp UDP_ihp_dff_sr_1, v0x560d7a807790_0, L_0x560d7a95e520, L_0x560d7a95e600, L_0x560d7a95e740, L_0x560d7a95e850, L_0x560d7a95e910;
L_0x560d7a95eb80 .functor BUF 1, L_0x560d7a95e980, C4<0>, C4<0>, C4<0>;
L_0x560d7a95ecb0 .functor NOT 1, L_0x560d7a95e980, C4<0>, C4<0>, C4<0>;
L_0x560d7a95ed20 .functor BUF 1, L_0x560d7a95ecb0, C4<0>, C4<0>, C4<0>;
v0x560d7a806a00_0 .net "CLK", 0 0, v0x560d7a908bd0_0;  alias, 1 drivers
v0x560d7a806aa0_0 .net "D", 0 0, L_0x560d7a89fb10;  alias, 1 drivers
v0x560d7a806b40_0 .net "Q", 0 0, L_0x560d7a95eb80;  alias, 1 drivers
v0x560d7a806be0_0 .net "Q_N", 0 0, L_0x560d7a95ed20;  1 drivers
v0x560d7a806c80_0 .net "RESET_B", 0 0, v0x560d7a909430_0;  alias, 1 drivers
v0x560d7a806d20_0 .net "SCD", 0 0, L_0x560d7a95eb80;  alias, 1 drivers
v0x560d7a806dc0_0 .net "SCE", 0 0, L_0x560d7a93cf50;  alias, 1 drivers
v0x560d7a806e60_0 .net "SET_B", 0 0, L_0x560d7a9bbd40;  alias, 1 drivers
v0x560d7a806f00_0 .net/2s *"_ivl_15", 0 0, L_0x7f6fe5f76b58;  1 drivers
v0x560d7a806fa0_0 .net "delayed_CLK", 0 0, L_0x560d7a95e520;  1 drivers
v0x560d7a807040_0 .net "delayed_D", 0 0, L_0x560d7a95e080;  1 drivers
v0x560d7a8070e0_0 .net "delayed_RESET_B", 0 0, L_0x560d7a95e410;  1 drivers
v0x560d7a807180_0 .net "delayed_SCD", 0 0, L_0x560d7a95e2a0;  1 drivers
v0x560d7a807220_0 .net "delayed_SCE", 0 0, L_0x560d7a95e310;  1 drivers
v0x560d7a8072c0_0 .net "delayed_SET_B", 0 0, L_0x560d7a95e4b0;  1 drivers
v0x560d7a807360_0 .net "int_fwire_IQ", 0 0, L_0x560d7a95e980;  1 drivers
v0x560d7a807400_0 .net "int_fwire_IQN", 0 0, L_0x560d7a95ecb0;  1 drivers
v0x560d7a8075b0_0 .net "int_fwire_d", 0 0, L_0x560d7a95e600;  1 drivers
v0x560d7a807650_0 .net "int_fwire_r", 0 0, L_0x560d7a95e850;  1 drivers
v0x560d7a8076f0_0 .net "int_fwire_s", 0 0, L_0x560d7a95e740;  1 drivers
v0x560d7a807790_0 .var "notifier", 0 0;
v0x560d7a807830_0 .net "xcr_0", 0 0, L_0x560d7a95e910;  1 drivers
S_0x560d7a8078d0 .scope module, "_0869_" "sg13g2_hv_sdfbbp_1" 5 2766, 3 1964 1, S_0x560d7a760c50;
 .timescale -9 -11;
    .port_info 0 /OUTPUT 1 "Q";
    .port_info 1 /OUTPUT 1 "Q_N";
    .port_info 2 /INPUT 1 "CLK";
    .port_info 3 /INPUT 1 "D";
    .port_info 4 /INPUT 1 "RESET_B";
    .port_info 5 /INPUT 1 "SCD";
    .port_info 6 /INPUT 1 "SCE";
    .port_info 7 /INPUT 1 "SET_B";
L_0x560d7a95ec40 .functor BUFZ 1, L_0x560d7a9a1380, C4<0>, C4<0>, C4<0>;
L_0x560d7a95ee60 .functor BUFZ 1, L_0x560d7a95f710, C4<0>, C4<0>, C4<0>;
L_0x560d7a95eed0 .functor BUFZ 1, L_0x560d7a93d0c0, C4<0>, C4<0>, C4<0>;
L_0x560d7a95efd0 .functor BUFZ 1, v0x560d7a909430_0, C4<0>, C4<0>, C4<0>;
L_0x560d7a95f070 .functor BUFZ 1, L_0x560d7a9bbe40, C4<0>, C4<0>, C4<0>;
L_0x560d7a95f0e0 .functor BUFZ 1, v0x560d7a908bd0_0, C4<0>, C4<0>, C4<0>;
L_0x560d7a95f190 .udp UDP_ihp_mux2, L_0x560d7a95ec40, L_0x560d7a95ee60, L_0x560d7a95eed0;
L_0x560d7a95f2d0 .functor NOT 1, L_0x560d7a95f070, C4<0>, C4<0>, C4<0>;
L_0x560d7a95f3e0 .functor NOT 1, L_0x560d7a95efd0, C4<0>, C4<0>, C4<0>;
L_0x7f6fe5f76ba0 .functor BUFT 1, C4<0>, C4<0>, C4<0>, C4<0>;
L_0x560d7a95f4a0 .functor BUF 1, L_0x7f6fe5f76ba0, C4<0>, C4<0>, C4<0>;
L_0x560d7a95f510 .udp UDP_ihp_dff_sr_1, v0x560d7a808d10_0, L_0x560d7a95f0e0, L_0x560d7a95f190, L_0x560d7a95f2d0, L_0x560d7a95f3e0, L_0x560d7a95f4a0;
L_0x560d7a95f710 .functor BUF 1, L_0x560d7a95f510, C4<0>, C4<0>, C4<0>;
L_0x560d7a95f840 .functor NOT 1, L_0x560d7a95f510, C4<0>, C4<0>, C4<0>;
L_0x560d7a95f8b0 .functor BUF 1, L_0x560d7a95f840, C4<0>, C4<0>, C4<0>;
v0x560d7a807b70_0 .net "CLK", 0 0, v0x560d7a908bd0_0;  alias, 1 drivers
v0x560d7a807c10_0 .net "D", 0 0, L_0x560d7a9a1380;  alias, 1 drivers
v0x560d7a807cb0_0 .net "Q", 0 0, L_0x560d7a95f710;  alias, 1 drivers
v0x560d7a807d50_0 .net "Q_N", 0 0, L_0x560d7a95f8b0;  1 drivers
v0x560d7a807df0_0 .net "RESET_B", 0 0, v0x560d7a909430_0;  alias, 1 drivers
v0x560d7a8082a0_0 .net "SCD", 0 0, L_0x560d7a95f710;  alias, 1 drivers
v0x560d7a808340_0 .net "SCE", 0 0, L_0x560d7a93d0c0;  alias, 1 drivers
v0x560d7a8083e0_0 .net "SET_B", 0 0, L_0x560d7a9bbe40;  alias, 1 drivers
v0x560d7a808480_0 .net/2s *"_ivl_15", 0 0, L_0x7f6fe5f76ba0;  1 drivers
v0x560d7a808520_0 .net "delayed_CLK", 0 0, L_0x560d7a95f0e0;  1 drivers
v0x560d7a8085c0_0 .net "delayed_D", 0 0, L_0x560d7a95ec40;  1 drivers
v0x560d7a808660_0 .net "delayed_RESET_B", 0 0, L_0x560d7a95efd0;  1 drivers
v0x560d7a808700_0 .net "delayed_SCD", 0 0, L_0x560d7a95ee60;  1 drivers
v0x560d7a8087a0_0 .net "delayed_SCE", 0 0, L_0x560d7a95eed0;  1 drivers
v0x560d7a808840_0 .net "delayed_SET_B", 0 0, L_0x560d7a95f070;  1 drivers
v0x560d7a8088e0_0 .net "int_fwire_IQ", 0 0, L_0x560d7a95f510;  1 drivers
v0x560d7a808980_0 .net "int_fwire_IQN", 0 0, L_0x560d7a95f840;  1 drivers
v0x560d7a808b30_0 .net "int_fwire_d", 0 0, L_0x560d7a95f190;  1 drivers
v0x560d7a808bd0_0 .net "int_fwire_r", 0 0, L_0x560d7a95f3e0;  1 drivers
v0x560d7a808c70_0 .net "int_fwire_s", 0 0, L_0x560d7a95f2d0;  1 drivers
v0x560d7a808d10_0 .var "notifier", 0 0;
v0x560d7a808db0_0 .net "xcr_0", 0 0, L_0x560d7a95f4a0;  1 drivers
S_0x560d7a808e50 .scope module, "_0870_" "sg13g2_hv_sdfbbp_1" 5 2775, 3 1964 1, S_0x560d7a760c50;
 .timescale -9 -11;
    .port_info 0 /OUTPUT 1 "Q";
    .port_info 1 /OUTPUT 1 "Q_N";
    .port_info 2 /INPUT 1 "CLK";
    .port_info 3 /INPUT 1 "D";
    .port_info 4 /INPUT 1 "RESET_B";
    .port_info 5 /INPUT 1 "SCD";
    .port_info 6 /INPUT 1 "SCE";
    .port_info 7 /INPUT 1 "SET_B";
L_0x560d7a95f7d0 .functor BUFZ 1, L_0x560d7a9a2010, C4<0>, C4<0>, C4<0>;
L_0x560d7a95f9f0 .functor BUFZ 1, L_0x560d7a960270, C4<0>, C4<0>, C4<0>;
L_0x560d7a95fa60 .functor BUFZ 1, L_0x560d7a93d230, C4<0>, C4<0>, C4<0>;
L_0x560d7a95fb60 .functor BUFZ 1, v0x560d7a909430_0, C4<0>, C4<0>, C4<0>;
L_0x560d7a95fc00 .functor BUFZ 1, L_0x560d7a9bbf40, C4<0>, C4<0>, C4<0>;
L_0x560d7a95fc70 .functor BUFZ 1, v0x560d7a908bd0_0, C4<0>, C4<0>, C4<0>;
L_0x560d7a95fd20 .udp UDP_ihp_mux2, L_0x560d7a95f7d0, L_0x560d7a95f9f0, L_0x560d7a95fa60;
L_0x560d7a95fe30 .functor NOT 1, L_0x560d7a95fc00, C4<0>, C4<0>, C4<0>;
L_0x560d7a95ff40 .functor NOT 1, L_0x560d7a95fb60, C4<0>, C4<0>, C4<0>;
L_0x7f6fe5f76be8 .functor BUFT 1, C4<0>, C4<0>, C4<0>, C4<0>;
L_0x560d7a960000 .functor BUF 1, L_0x7f6fe5f76be8, C4<0>, C4<0>, C4<0>;
L_0x560d7a960070 .udp UDP_ihp_dff_sr_1, v0x560d7a809e80_0, L_0x560d7a95fc70, L_0x560d7a95fd20, L_0x560d7a95fe30, L_0x560d7a95ff40, L_0x560d7a960000;
L_0x560d7a960270 .functor BUF 1, L_0x560d7a960070, C4<0>, C4<0>, C4<0>;
L_0x560d7a9603a0 .functor NOT 1, L_0x560d7a960070, C4<0>, C4<0>, C4<0>;
L_0x560d7a960410 .functor BUF 1, L_0x560d7a9603a0, C4<0>, C4<0>, C4<0>;
v0x560d7a8090f0_0 .net "CLK", 0 0, v0x560d7a908bd0_0;  alias, 1 drivers
v0x560d7a809190_0 .net "D", 0 0, L_0x560d7a9a2010;  alias, 1 drivers
v0x560d7a809230_0 .net "Q", 0 0, L_0x560d7a960270;  alias, 1 drivers
v0x560d7a8092d0_0 .net "Q_N", 0 0, L_0x560d7a960410;  1 drivers
v0x560d7a809370_0 .net "RESET_B", 0 0, v0x560d7a909430_0;  alias, 1 drivers
v0x560d7a809410_0 .net "SCD", 0 0, L_0x560d7a960270;  alias, 1 drivers
v0x560d7a8094b0_0 .net "SCE", 0 0, L_0x560d7a93d230;  alias, 1 drivers
v0x560d7a809550_0 .net "SET_B", 0 0, L_0x560d7a9bbf40;  alias, 1 drivers
v0x560d7a8095f0_0 .net/2s *"_ivl_15", 0 0, L_0x7f6fe5f76be8;  1 drivers
v0x560d7a809690_0 .net "delayed_CLK", 0 0, L_0x560d7a95fc70;  1 drivers
v0x560d7a809730_0 .net "delayed_D", 0 0, L_0x560d7a95f7d0;  1 drivers
v0x560d7a8097d0_0 .net "delayed_RESET_B", 0 0, L_0x560d7a95fb60;  1 drivers
v0x560d7a809870_0 .net "delayed_SCD", 0 0, L_0x560d7a95f9f0;  1 drivers
v0x560d7a809910_0 .net "delayed_SCE", 0 0, L_0x560d7a95fa60;  1 drivers
v0x560d7a8099b0_0 .net "delayed_SET_B", 0 0, L_0x560d7a95fc00;  1 drivers
v0x560d7a809a50_0 .net "int_fwire_IQ", 0 0, L_0x560d7a960070;  1 drivers
v0x560d7a809af0_0 .net "int_fwire_IQN", 0 0, L_0x560d7a9603a0;  1 drivers
v0x560d7a809ca0_0 .net "int_fwire_d", 0 0, L_0x560d7a95fd20;  1 drivers
v0x560d7a809d40_0 .net "int_fwire_r", 0 0, L_0x560d7a95ff40;  1 drivers
v0x560d7a809de0_0 .net "int_fwire_s", 0 0, L_0x560d7a95fe30;  1 drivers
v0x560d7a809e80_0 .var "notifier", 0 0;
v0x560d7a809f20_0 .net "xcr_0", 0 0, L_0x560d7a960000;  1 drivers
S_0x560d7a809fc0 .scope module, "_0871_" "sg13g2_hv_sdfbbp_1" 5 2784, 3 1964 1, S_0x560d7a760c50;
 .timescale -9 -11;
    .port_info 0 /OUTPUT 1 "Q";
    .port_info 1 /OUTPUT 1 "Q_N";
    .port_info 2 /INPUT 1 "CLK";
    .port_info 3 /INPUT 1 "D";
    .port_info 4 /INPUT 1 "RESET_B";
    .port_info 5 /INPUT 1 "SCD";
    .port_info 6 /INPUT 1 "SCE";
    .port_info 7 /INPUT 1 "SET_B";
L_0x560d7a960330 .functor BUFZ 1, L_0x560d7a9a2ca0, C4<0>, C4<0>, C4<0>;
L_0x560d7a960550 .functor BUFZ 1, L_0x560d7a960dd0, C4<0>, C4<0>, C4<0>;
L_0x560d7a9605c0 .functor BUFZ 1, L_0x560d7a93d7b0, C4<0>, C4<0>, C4<0>;
L_0x560d7a9606c0 .functor BUFZ 1, v0x560d7a909430_0, C4<0>, C4<0>, C4<0>;
L_0x560d7a960760 .functor BUFZ 1, L_0x560d7a9bc040, C4<0>, C4<0>, C4<0>;
L_0x560d7a9607d0 .functor BUFZ 1, v0x560d7a908bd0_0, C4<0>, C4<0>, C4<0>;
L_0x560d7a960880 .udp UDP_ihp_mux2, L_0x560d7a960330, L_0x560d7a960550, L_0x560d7a9605c0;
L_0x560d7a960990 .functor NOT 1, L_0x560d7a960760, C4<0>, C4<0>, C4<0>;
L_0x560d7a960aa0 .functor NOT 1, L_0x560d7a9606c0, C4<0>, C4<0>, C4<0>;
L_0x7f6fe5f76c30 .functor BUFT 1, C4<0>, C4<0>, C4<0>, C4<0>;
L_0x560d7a960b60 .functor BUF 1, L_0x7f6fe5f76c30, C4<0>, C4<0>, C4<0>;
L_0x560d7a960bd0 .udp UDP_ihp_dff_sr_1, v0x560d7a80aff0_0, L_0x560d7a9607d0, L_0x560d7a960880, L_0x560d7a960990, L_0x560d7a960aa0, L_0x560d7a960b60;
L_0x560d7a960dd0 .functor BUF 1, L_0x560d7a960bd0, C4<0>, C4<0>, C4<0>;
L_0x560d7a960f00 .functor NOT 1, L_0x560d7a960bd0, C4<0>, C4<0>, C4<0>;
L_0x560d7a960f70 .functor BUF 1, L_0x560d7a960f00, C4<0>, C4<0>, C4<0>;
v0x560d7a80a260_0 .net "CLK", 0 0, v0x560d7a908bd0_0;  alias, 1 drivers
v0x560d7a80a300_0 .net "D", 0 0, L_0x560d7a9a2ca0;  alias, 1 drivers
v0x560d7a80a3a0_0 .net "Q", 0 0, L_0x560d7a960dd0;  alias, 1 drivers
v0x560d7a80a440_0 .net "Q_N", 0 0, L_0x560d7a960f70;  1 drivers
v0x560d7a80a4e0_0 .net "RESET_B", 0 0, v0x560d7a909430_0;  alias, 1 drivers
v0x560d7a80a580_0 .net "SCD", 0 0, L_0x560d7a960dd0;  alias, 1 drivers
v0x560d7a80a620_0 .net "SCE", 0 0, L_0x560d7a93d7b0;  alias, 1 drivers
v0x560d7a80a6c0_0 .net "SET_B", 0 0, L_0x560d7a9bc040;  alias, 1 drivers
v0x560d7a80a760_0 .net/2s *"_ivl_15", 0 0, L_0x7f6fe5f76c30;  1 drivers
v0x560d7a80a800_0 .net "delayed_CLK", 0 0, L_0x560d7a9607d0;  1 drivers
v0x560d7a80a8a0_0 .net "delayed_D", 0 0, L_0x560d7a960330;  1 drivers
v0x560d7a80a940_0 .net "delayed_RESET_B", 0 0, L_0x560d7a9606c0;  1 drivers
v0x560d7a80a9e0_0 .net "delayed_SCD", 0 0, L_0x560d7a960550;  1 drivers
v0x560d7a80aa80_0 .net "delayed_SCE", 0 0, L_0x560d7a9605c0;  1 drivers
v0x560d7a80ab20_0 .net "delayed_SET_B", 0 0, L_0x560d7a960760;  1 drivers
v0x560d7a80abc0_0 .net "int_fwire_IQ", 0 0, L_0x560d7a960bd0;  1 drivers
v0x560d7a80ac60_0 .net "int_fwire_IQN", 0 0, L_0x560d7a960f00;  1 drivers
v0x560d7a80ae10_0 .net "int_fwire_d", 0 0, L_0x560d7a960880;  1 drivers
v0x560d7a80aeb0_0 .net "int_fwire_r", 0 0, L_0x560d7a960aa0;  1 drivers
v0x560d7a80af50_0 .net "int_fwire_s", 0 0, L_0x560d7a960990;  1 drivers
v0x560d7a80aff0_0 .var "notifier", 0 0;
v0x560d7a80b090_0 .net "xcr_0", 0 0, L_0x560d7a960b60;  1 drivers
S_0x560d7a80b130 .scope module, "_0872_" "sg13g2_hv_sdfbbp_1" 5 2793, 3 1964 1, S_0x560d7a760c50;
 .timescale -9 -11;
    .port_info 0 /OUTPUT 1 "Q";
    .port_info 1 /OUTPUT 1 "Q_N";
    .port_info 2 /INPUT 1 "CLK";
    .port_info 3 /INPUT 1 "D";
    .port_info 4 /INPUT 1 "RESET_B";
    .port_info 5 /INPUT 1 "SCD";
    .port_info 6 /INPUT 1 "SCE";
    .port_info 7 /INPUT 1 "SET_B";
L_0x560d7a960e90 .functor BUFZ 1, L_0x560d7a928260, C4<0>, C4<0>, C4<0>;
L_0x560d7a961140 .functor BUFZ 1, L_0x560d7a9619b0, C4<0>, C4<0>, C4<0>;
L_0x560d7a961240 .functor BUFZ 1, L_0x560d7a93d930, C4<0>, C4<0>, C4<0>;
L_0x560d7a961340 .functor BUFZ 1, v0x560d7a909430_0, C4<0>, C4<0>, C4<0>;
L_0x560d7a9613e0 .functor BUFZ 1, L_0x560d7a9bc140, C4<0>, C4<0>, C4<0>;
L_0x560d7a961450 .functor BUFZ 1, v0x560d7a908bd0_0, C4<0>, C4<0>, C4<0>;
L_0x560d7a961500 .udp UDP_ihp_mux2, L_0x560d7a960e90, L_0x560d7a961140, L_0x560d7a961240;
L_0x560d7a961570 .functor NOT 1, L_0x560d7a9613e0, C4<0>, C4<0>, C4<0>;
L_0x560d7a961680 .functor NOT 1, L_0x560d7a961340, C4<0>, C4<0>, C4<0>;
L_0x7f6fe5f76c78 .functor BUFT 1, C4<0>, C4<0>, C4<0>, C4<0>;
L_0x560d7a961740 .functor BUF 1, L_0x7f6fe5f76c78, C4<0>, C4<0>, C4<0>;
L_0x560d7a9617b0 .udp UDP_ihp_dff_sr_1, v0x560d7a80c160_0, L_0x560d7a961450, L_0x560d7a961500, L_0x560d7a961570, L_0x560d7a961680, L_0x560d7a961740;
L_0x560d7a9619b0 .functor BUF 1, L_0x560d7a9617b0, C4<0>, C4<0>, C4<0>;
L_0x560d7a961ae0 .functor NOT 1, L_0x560d7a9617b0, C4<0>, C4<0>, C4<0>;
L_0x560d7a961b50 .functor BUF 1, L_0x560d7a961ae0, C4<0>, C4<0>, C4<0>;
v0x560d7a80b3d0_0 .net "CLK", 0 0, v0x560d7a908bd0_0;  alias, 1 drivers
v0x560d7a80b470_0 .net "D", 0 0, L_0x560d7a928260;  alias, 1 drivers
v0x560d7a80b510_0 .net "Q", 0 0, L_0x560d7a9619b0;  alias, 1 drivers
v0x560d7a80b5b0_0 .net "Q_N", 0 0, L_0x560d7a961b50;  1 drivers
v0x560d7a80b650_0 .net "RESET_B", 0 0, v0x560d7a909430_0;  alias, 1 drivers
v0x560d7a80b6f0_0 .net "SCD", 0 0, L_0x560d7a9619b0;  alias, 1 drivers
v0x560d7a80b790_0 .net "SCE", 0 0, L_0x560d7a93d930;  alias, 1 drivers
v0x560d7a80b830_0 .net "SET_B", 0 0, L_0x560d7a9bc140;  alias, 1 drivers
v0x560d7a80b8d0_0 .net/2s *"_ivl_15", 0 0, L_0x7f6fe5f76c78;  1 drivers
v0x560d7a80b970_0 .net "delayed_CLK", 0 0, L_0x560d7a961450;  1 drivers
v0x560d7a80ba10_0 .net "delayed_D", 0 0, L_0x560d7a960e90;  1 drivers
v0x560d7a80bab0_0 .net "delayed_RESET_B", 0 0, L_0x560d7a961340;  1 drivers
v0x560d7a80bb50_0 .net "delayed_SCD", 0 0, L_0x560d7a961140;  1 drivers
v0x560d7a80bbf0_0 .net "delayed_SCE", 0 0, L_0x560d7a961240;  1 drivers
v0x560d7a80bc90_0 .net "delayed_SET_B", 0 0, L_0x560d7a9613e0;  1 drivers
v0x560d7a80bd30_0 .net "int_fwire_IQ", 0 0, L_0x560d7a9617b0;  1 drivers
v0x560d7a80bdd0_0 .net "int_fwire_IQN", 0 0, L_0x560d7a961ae0;  1 drivers
v0x560d7a80bf80_0 .net "int_fwire_d", 0 0, L_0x560d7a961500;  1 drivers
v0x560d7a80c020_0 .net "int_fwire_r", 0 0, L_0x560d7a961680;  1 drivers
v0x560d7a80c0c0_0 .net "int_fwire_s", 0 0, L_0x560d7a961570;  1 drivers
v0x560d7a80c160_0 .var "notifier", 0 0;
v0x560d7a80c200_0 .net "xcr_0", 0 0, L_0x560d7a961740;  1 drivers
S_0x560d7a80c2a0 .scope module, "_0873_" "sg13g2_hv_sdfbbp_1" 5 2802, 3 1964 1, S_0x560d7a760c50;
 .timescale -9 -11;
    .port_info 0 /OUTPUT 1 "Q";
    .port_info 1 /OUTPUT 1 "Q_N";
    .port_info 2 /INPUT 1 "CLK";
    .port_info 3 /INPUT 1 "D";
    .port_info 4 /INPUT 1 "RESET_B";
    .port_info 5 /INPUT 1 "SCD";
    .port_info 6 /INPUT 1 "SCE";
    .port_info 7 /INPUT 1 "SET_B";
L_0x560d7a961a70 .functor BUFZ 1, L_0x560d7a9472b0, C4<0>, C4<0>, C4<0>;
L_0x560d7a961d20 .functor BUFZ 1, L_0x560d7a9628c0, C4<0>, C4<0>, C4<0>;
L_0x560d7a961d90 .functor BUFZ 1, L_0x560d7a922f90, C4<0>, C4<0>, C4<0>;
L_0x560d7a961e90 .functor BUFZ 1, v0x560d7a909430_0, C4<0>, C4<0>, C4<0>;
L_0x560d7a961f30 .functor BUFZ 1, L_0x560d7a9bc240, C4<0>, C4<0>, C4<0>;
L_0x560d7a961fd0 .functor BUFZ 1, v0x560d7a908bd0_0, C4<0>, C4<0>, C4<0>;
L_0x560d7a9620b0 .udp UDP_ihp_mux2, L_0x560d7a961a70, L_0x560d7a961d20, L_0x560d7a961d90;
L_0x560d7a9621a0 .functor NOT 1, L_0x560d7a961f30, C4<0>, C4<0>, C4<0>;
L_0x560d7a9622b0 .functor NOT 1, L_0x560d7a961e90, C4<0>, C4<0>, C4<0>;
L_0x7f6fe5f76cc0 .functor BUFT 1, C4<0>, C4<0>, C4<0>, C4<0>;
L_0x560d7a962370 .functor BUF 1, L_0x7f6fe5f76cc0, C4<0>, C4<0>, C4<0>;
L_0x560d7a9623e0 .udp UDP_ihp_dff_sr_1, v0x560d7a80d2d0_0, L_0x560d7a961fd0, L_0x560d7a9620b0, L_0x560d7a9621a0, L_0x560d7a9622b0, L_0x560d7a962370;
L_0x560d7a9625e0 .functor BUF 1, L_0x560d7a9623e0, C4<0>, C4<0>, C4<0>;
L_0x560d7a962710 .functor NOT 1, L_0x560d7a9623e0, C4<0>, C4<0>, C4<0>;
L_0x560d7a962780 .functor BUF 1, L_0x560d7a962710, C4<0>, C4<0>, C4<0>;
v0x560d7a80c540_0 .net "CLK", 0 0, v0x560d7a908bd0_0;  alias, 1 drivers
v0x560d7a80c5e0_0 .net "D", 0 0, L_0x560d7a9472b0;  alias, 1 drivers
v0x560d7a80c680_0 .net "Q", 0 0, L_0x560d7a9625e0;  1 drivers
v0x560d7a80c720_0 .net "Q_N", 0 0, L_0x560d7a962780;  1 drivers
v0x560d7a80c7c0_0 .net "RESET_B", 0 0, v0x560d7a909430_0;  alias, 1 drivers
v0x560d7a80c860_0 .net "SCD", 0 0, L_0x560d7a9628c0;  1 drivers
v0x560d7a80c900_0 .net "SCE", 0 0, L_0x560d7a922f90;  alias, 1 drivers
v0x560d7a80c9a0_0 .net "SET_B", 0 0, L_0x560d7a9bc240;  alias, 1 drivers
v0x560d7a80ca40_0 .net/2s *"_ivl_15", 0 0, L_0x7f6fe5f76cc0;  1 drivers
v0x560d7a80cae0_0 .net "delayed_CLK", 0 0, L_0x560d7a961fd0;  1 drivers
v0x560d7a80cb80_0 .net "delayed_D", 0 0, L_0x560d7a961a70;  1 drivers
v0x560d7a80cc20_0 .net "delayed_RESET_B", 0 0, L_0x560d7a961e90;  1 drivers
v0x560d7a80ccc0_0 .net "delayed_SCD", 0 0, L_0x560d7a961d20;  1 drivers
v0x560d7a80cd60_0 .net "delayed_SCE", 0 0, L_0x560d7a961d90;  1 drivers
v0x560d7a80ce00_0 .net "delayed_SET_B", 0 0, L_0x560d7a961f30;  1 drivers
v0x560d7a80cea0_0 .net "int_fwire_IQ", 0 0, L_0x560d7a9623e0;  1 drivers
v0x560d7a80cf40_0 .net "int_fwire_IQN", 0 0, L_0x560d7a962710;  1 drivers
v0x560d7a80d0f0_0 .net "int_fwire_d", 0 0, L_0x560d7a9620b0;  1 drivers
v0x560d7a80d190_0 .net "int_fwire_r", 0 0, L_0x560d7a9622b0;  1 drivers
v0x560d7a80d230_0 .net "int_fwire_s", 0 0, L_0x560d7a9621a0;  1 drivers
v0x560d7a80d2d0_0 .var "notifier", 0 0;
v0x560d7a80d370_0 .net "xcr_0", 0 0, L_0x560d7a962370;  1 drivers
S_0x560d7a80d410 .scope module, "_0874_" "sg13g2_hv_sdfbbp_1" 5 2811, 3 1964 1, S_0x560d7a760c50;
 .timescale -9 -11;
    .port_info 0 /OUTPUT 1 "Q";
    .port_info 1 /OUTPUT 1 "Q_N";
    .port_info 2 /INPUT 1 "CLK";
    .port_info 3 /INPUT 1 "D";
    .port_info 4 /INPUT 1 "RESET_B";
    .port_info 5 /INPUT 1 "SCD";
    .port_info 6 /INPUT 1 "SCE";
    .port_info 7 /INPUT 1 "SET_B";
L_0x560d7a9626a0 .functor BUFZ 1, L_0x560d7a947150, C4<0>, C4<0>, C4<0>;
L_0x560d7a962a90 .functor BUFZ 1, L_0x560d7a9635d0, C4<0>, C4<0>, C4<0>;
L_0x560d7a962b00 .functor BUFZ 1, L_0x560d7a9231a0, C4<0>, C4<0>, C4<0>;
L_0x560d7a962c00 .functor BUFZ 1, v0x560d7a909430_0, C4<0>, C4<0>, C4<0>;
L_0x560d7a962ca0 .functor BUFZ 1, L_0x560d7a9bc340, C4<0>, C4<0>, C4<0>;
L_0x560d7a962d10 .functor BUFZ 1, v0x560d7a908bd0_0, C4<0>, C4<0>, C4<0>;
L_0x560d7a962dc0 .udp UDP_ihp_mux2, L_0x560d7a9626a0, L_0x560d7a962a90, L_0x560d7a962b00;
L_0x560d7a962eb0 .functor NOT 1, L_0x560d7a962ca0, C4<0>, C4<0>, C4<0>;
L_0x560d7a962fc0 .functor NOT 1, L_0x560d7a962c00, C4<0>, C4<0>, C4<0>;
L_0x7f6fe5f76d08 .functor BUFT 1, C4<0>, C4<0>, C4<0>, C4<0>;
L_0x560d7a963080 .functor BUF 1, L_0x7f6fe5f76d08, C4<0>, C4<0>, C4<0>;
L_0x560d7a9630f0 .udp UDP_ihp_dff_sr_1, v0x560d7a80e440_0, L_0x560d7a962d10, L_0x560d7a962dc0, L_0x560d7a962eb0, L_0x560d7a962fc0, L_0x560d7a963080;
L_0x560d7a9632f0 .functor BUF 1, L_0x560d7a9630f0, C4<0>, C4<0>, C4<0>;
L_0x560d7a963420 .functor NOT 1, L_0x560d7a9630f0, C4<0>, C4<0>, C4<0>;
L_0x560d7a963490 .functor BUF 1, L_0x560d7a963420, C4<0>, C4<0>, C4<0>;
v0x560d7a80d6b0_0 .net "CLK", 0 0, v0x560d7a908bd0_0;  alias, 1 drivers
v0x560d7a80d750_0 .net "D", 0 0, L_0x560d7a947150;  alias, 1 drivers
v0x560d7a80d7f0_0 .net "Q", 0 0, L_0x560d7a9632f0;  1 drivers
v0x560d7a80d890_0 .net "Q_N", 0 0, L_0x560d7a963490;  1 drivers
v0x560d7a80d930_0 .net "RESET_B", 0 0, v0x560d7a909430_0;  alias, 1 drivers
v0x560d7a80d9d0_0 .net "SCD", 0 0, L_0x560d7a9635d0;  1 drivers
v0x560d7a80da70_0 .net "SCE", 0 0, L_0x560d7a9231a0;  alias, 1 drivers
v0x560d7a80db10_0 .net "SET_B", 0 0, L_0x560d7a9bc340;  alias, 1 drivers
v0x560d7a80dbb0_0 .net/2s *"_ivl_15", 0 0, L_0x7f6fe5f76d08;  1 drivers
v0x560d7a80dc50_0 .net "delayed_CLK", 0 0, L_0x560d7a962d10;  1 drivers
v0x560d7a80dcf0_0 .net "delayed_D", 0 0, L_0x560d7a9626a0;  1 drivers
v0x560d7a80dd90_0 .net "delayed_RESET_B", 0 0, L_0x560d7a962c00;  1 drivers
v0x560d7a80de30_0 .net "delayed_SCD", 0 0, L_0x560d7a962a90;  1 drivers
v0x560d7a80ded0_0 .net "delayed_SCE", 0 0, L_0x560d7a962b00;  1 drivers
v0x560d7a80df70_0 .net "delayed_SET_B", 0 0, L_0x560d7a962ca0;  1 drivers
v0x560d7a80e010_0 .net "int_fwire_IQ", 0 0, L_0x560d7a9630f0;  1 drivers
v0x560d7a80e0b0_0 .net "int_fwire_IQN", 0 0, L_0x560d7a963420;  1 drivers
v0x560d7a80e260_0 .net "int_fwire_d", 0 0, L_0x560d7a962dc0;  1 drivers
v0x560d7a80e300_0 .net "int_fwire_r", 0 0, L_0x560d7a962fc0;  1 drivers
v0x560d7a80e3a0_0 .net "int_fwire_s", 0 0, L_0x560d7a962eb0;  1 drivers
v0x560d7a80e440_0 .var "notifier", 0 0;
v0x560d7a80e4e0_0 .net "xcr_0", 0 0, L_0x560d7a963080;  1 drivers
S_0x560d7a80e580 .scope module, "_0875_" "sg13g2_hv_sdfbbp_1" 5 2820, 3 1964 1, S_0x560d7a760c50;
 .timescale -9 -11;
    .port_info 0 /OUTPUT 1 "Q";
    .port_info 1 /OUTPUT 1 "Q_N";
    .port_info 2 /INPUT 1 "CLK";
    .port_info 3 /INPUT 1 "D";
    .port_info 4 /INPUT 1 "RESET_B";
    .port_info 5 /INPUT 1 "SCD";
    .port_info 6 /INPUT 1 "SCE";
    .port_info 7 /INPUT 1 "SET_B";
L_0x560d7a9633b0 .functor BUFZ 1, L_0x560d7a947200, C4<0>, C4<0>, C4<0>;
L_0x560d7a963830 .functor BUFZ 1, L_0x560d7a9643d0, C4<0>, C4<0>, C4<0>;
L_0x560d7a9638a0 .functor BUFZ 1, L_0x560d7a923490, C4<0>, C4<0>, C4<0>;
L_0x560d7a9639a0 .functor BUFZ 1, v0x560d7a909430_0, C4<0>, C4<0>, C4<0>;
L_0x560d7a963a40 .functor BUFZ 1, L_0x560d7a9bc440, C4<0>, C4<0>, C4<0>;
L_0x560d7a963ae0 .functor BUFZ 1, v0x560d7a908bd0_0, C4<0>, C4<0>, C4<0>;
L_0x560d7a963bc0 .udp UDP_ihp_mux2, L_0x560d7a9633b0, L_0x560d7a963830, L_0x560d7a9638a0;
L_0x560d7a963cb0 .functor NOT 1, L_0x560d7a963a40, C4<0>, C4<0>, C4<0>;
L_0x560d7a963dc0 .functor NOT 1, L_0x560d7a9639a0, C4<0>, C4<0>, C4<0>;
L_0x7f6fe5f76d50 .functor BUFT 1, C4<0>, C4<0>, C4<0>, C4<0>;
L_0x560d7a963e80 .functor BUF 1, L_0x7f6fe5f76d50, C4<0>, C4<0>, C4<0>;
L_0x560d7a963ef0 .udp UDP_ihp_dff_sr_1, v0x560d7a80f5b0_0, L_0x560d7a963ae0, L_0x560d7a963bc0, L_0x560d7a963cb0, L_0x560d7a963dc0, L_0x560d7a963e80;
L_0x560d7a9640f0 .functor BUF 1, L_0x560d7a963ef0, C4<0>, C4<0>, C4<0>;
L_0x560d7a964220 .functor NOT 1, L_0x560d7a963ef0, C4<0>, C4<0>, C4<0>;
L_0x560d7a964290 .functor BUF 1, L_0x560d7a964220, C4<0>, C4<0>, C4<0>;
v0x560d7a80e820_0 .net "CLK", 0 0, v0x560d7a908bd0_0;  alias, 1 drivers
v0x560d7a80e8c0_0 .net "D", 0 0, L_0x560d7a947200;  alias, 1 drivers
v0x560d7a80e960_0 .net "Q", 0 0, L_0x560d7a9640f0;  1 drivers
v0x560d7a80ea00_0 .net "Q_N", 0 0, L_0x560d7a964290;  1 drivers
v0x560d7a80eaa0_0 .net "RESET_B", 0 0, v0x560d7a909430_0;  alias, 1 drivers
v0x560d7a80eb40_0 .net "SCD", 0 0, L_0x560d7a9643d0;  1 drivers
v0x560d7a80ebe0_0 .net "SCE", 0 0, L_0x560d7a923490;  alias, 1 drivers
v0x560d7a80ec80_0 .net "SET_B", 0 0, L_0x560d7a9bc440;  alias, 1 drivers
v0x560d7a80ed20_0 .net/2s *"_ivl_15", 0 0, L_0x7f6fe5f76d50;  1 drivers
v0x560d7a80edc0_0 .net "delayed_CLK", 0 0, L_0x560d7a963ae0;  1 drivers
v0x560d7a80ee60_0 .net "delayed_D", 0 0, L_0x560d7a9633b0;  1 drivers
v0x560d7a80ef00_0 .net "delayed_RESET_B", 0 0, L_0x560d7a9639a0;  1 drivers
v0x560d7a80efa0_0 .net "delayed_SCD", 0 0, L_0x560d7a963830;  1 drivers
v0x560d7a80f040_0 .net "delayed_SCE", 0 0, L_0x560d7a9638a0;  1 drivers
v0x560d7a80f0e0_0 .net "delayed_SET_B", 0 0, L_0x560d7a963a40;  1 drivers
v0x560d7a80f180_0 .net "int_fwire_IQ", 0 0, L_0x560d7a963ef0;  1 drivers
v0x560d7a80f220_0 .net "int_fwire_IQN", 0 0, L_0x560d7a964220;  1 drivers
v0x560d7a80f3d0_0 .net "int_fwire_d", 0 0, L_0x560d7a963bc0;  1 drivers
v0x560d7a80f470_0 .net "int_fwire_r", 0 0, L_0x560d7a963dc0;  1 drivers
v0x560d7a80f510_0 .net "int_fwire_s", 0 0, L_0x560d7a963cb0;  1 drivers
v0x560d7a80f5b0_0 .var "notifier", 0 0;
v0x560d7a80f650_0 .net "xcr_0", 0 0, L_0x560d7a963e80;  1 drivers
S_0x560d7a80f6f0 .scope module, "_0876_" "sg13g2_hv_sdfbbp_1" 5 2829, 3 1964 1, S_0x560d7a760c50;
 .timescale -9 -11;
    .port_info 0 /OUTPUT 1 "Q";
    .port_info 1 /OUTPUT 1 "Q_N";
    .port_info 2 /INPUT 1 "CLK";
    .port_info 3 /INPUT 1 "D";
    .port_info 4 /INPUT 1 "RESET_B";
    .port_info 5 /INPUT 1 "SCD";
    .port_info 6 /INPUT 1 "SCE";
    .port_info 7 /INPUT 1 "SET_B";
L_0x560d7a9641b0 .functor BUFZ 1, L_0x560d7a947360, C4<0>, C4<0>, C4<0>;
L_0x560d7a9645e0 .functor BUFZ 1, L_0x560d7a965130, C4<0>, C4<0>, C4<0>;
L_0x560d7a964650 .functor BUFZ 1, L_0x560d7a923570, C4<0>, C4<0>, C4<0>;
L_0x560d7a964750 .functor BUFZ 1, v0x560d7a909430_0, C4<0>, C4<0>, C4<0>;
L_0x560d7a9647f0 .functor BUFZ 1, L_0x560d7a9bc540, C4<0>, C4<0>, C4<0>;
L_0x560d7a964890 .functor BUFZ 1, v0x560d7a908bd0_0, C4<0>, C4<0>, C4<0>;
L_0x560d7a964970 .udp UDP_ihp_mux2, L_0x560d7a9641b0, L_0x560d7a9645e0, L_0x560d7a964650;
L_0x560d7a964a10 .functor NOT 1, L_0x560d7a9647f0, C4<0>, C4<0>, C4<0>;
L_0x560d7a964b20 .functor NOT 1, L_0x560d7a964750, C4<0>, C4<0>, C4<0>;
L_0x7f6fe5f76d98 .functor BUFT 1, C4<0>, C4<0>, C4<0>, C4<0>;
L_0x560d7a964be0 .functor BUF 1, L_0x7f6fe5f76d98, C4<0>, C4<0>, C4<0>;
L_0x560d7a964c50 .udp UDP_ihp_dff_sr_1, v0x560d7a810720_0, L_0x560d7a964890, L_0x560d7a964970, L_0x560d7a964a10, L_0x560d7a964b20, L_0x560d7a964be0;
L_0x560d7a964e50 .functor BUF 1, L_0x560d7a964c50, C4<0>, C4<0>, C4<0>;
L_0x560d7a964f80 .functor NOT 1, L_0x560d7a964c50, C4<0>, C4<0>, C4<0>;
L_0x560d7a964ff0 .functor BUF 1, L_0x560d7a964f80, C4<0>, C4<0>, C4<0>;
v0x560d7a80f990_0 .net "CLK", 0 0, v0x560d7a908bd0_0;  alias, 1 drivers
v0x560d7a80fa30_0 .net "D", 0 0, L_0x560d7a947360;  alias, 1 drivers
v0x560d7a80fad0_0 .net "Q", 0 0, L_0x560d7a964e50;  1 drivers
v0x560d7a80fb70_0 .net "Q_N", 0 0, L_0x560d7a964ff0;  1 drivers
v0x560d7a80fc10_0 .net "RESET_B", 0 0, v0x560d7a909430_0;  alias, 1 drivers
v0x560d7a80fcb0_0 .net "SCD", 0 0, L_0x560d7a965130;  1 drivers
v0x560d7a80fd50_0 .net "SCE", 0 0, L_0x560d7a923570;  alias, 1 drivers
v0x560d7a80fdf0_0 .net "SET_B", 0 0, L_0x560d7a9bc540;  alias, 1 drivers
v0x560d7a80fe90_0 .net/2s *"_ivl_15", 0 0, L_0x7f6fe5f76d98;  1 drivers
v0x560d7a80ff30_0 .net "delayed_CLK", 0 0, L_0x560d7a964890;  1 drivers
v0x560d7a80ffd0_0 .net "delayed_D", 0 0, L_0x560d7a9641b0;  1 drivers
v0x560d7a810070_0 .net "delayed_RESET_B", 0 0, L_0x560d7a964750;  1 drivers
v0x560d7a810110_0 .net "delayed_SCD", 0 0, L_0x560d7a9645e0;  1 drivers
v0x560d7a8101b0_0 .net "delayed_SCE", 0 0, L_0x560d7a964650;  1 drivers
v0x560d7a810250_0 .net "delayed_SET_B", 0 0, L_0x560d7a9647f0;  1 drivers
v0x560d7a8102f0_0 .net "int_fwire_IQ", 0 0, L_0x560d7a964c50;  1 drivers
v0x560d7a810390_0 .net "int_fwire_IQN", 0 0, L_0x560d7a964f80;  1 drivers
v0x560d7a810540_0 .net "int_fwire_d", 0 0, L_0x560d7a964970;  1 drivers
v0x560d7a8105e0_0 .net "int_fwire_r", 0 0, L_0x560d7a964b20;  1 drivers
v0x560d7a810680_0 .net "int_fwire_s", 0 0, L_0x560d7a964a10;  1 drivers
v0x560d7a810720_0 .var "notifier", 0 0;
v0x560d7a8107c0_0 .net "xcr_0", 0 0, L_0x560d7a964be0;  1 drivers
S_0x560d7a810860 .scope module, "_0877_" "sg13g2_hv_sdfbbp_1" 5 2838, 3 1964 1, S_0x560d7a760c50;
 .timescale -9 -11;
    .port_info 0 /OUTPUT 1 "Q";
    .port_info 1 /OUTPUT 1 "Q_N";
    .port_info 2 /INPUT 1 "CLK";
    .port_info 3 /INPUT 1 "D";
    .port_info 4 /INPUT 1 "RESET_B";
    .port_info 5 /INPUT 1 "SCD";
    .port_info 6 /INPUT 1 "SCE";
    .port_info 7 /INPUT 1 "SET_B";
L_0x560d7a964f10 .functor BUFZ 1, L_0x560d7a9236a0, C4<0>, C4<0>, C4<0>;
L_0x560d7a965310 .functor BUFZ 1, L_0x560d7a965ed0, C4<0>, C4<0>, C4<0>;
L_0x560d7a965380 .functor BUFZ 1, L_0x560d7a923810, C4<0>, C4<0>, C4<0>;
L_0x560d7a965480 .functor BUFZ 1, v0x560d7a909430_0, C4<0>, C4<0>, C4<0>;
L_0x560d7a965520 .functor BUFZ 1, L_0x560d7a9bc640, C4<0>, C4<0>, C4<0>;
L_0x560d7a965590 .functor BUFZ 1, v0x560d7a908bd0_0, C4<0>, C4<0>, C4<0>;
L_0x560d7a965670 .udp UDP_ihp_mux2, L_0x560d7a964f10, L_0x560d7a965310, L_0x560d7a965380;
L_0x560d7a9657b0 .functor NOT 1, L_0x560d7a965520, C4<0>, C4<0>, C4<0>;
L_0x560d7a9658c0 .functor NOT 1, L_0x560d7a965480, C4<0>, C4<0>, C4<0>;
L_0x7f6fe5f76de0 .functor BUFT 1, C4<0>, C4<0>, C4<0>, C4<0>;
L_0x560d7a965980 .functor BUF 1, L_0x7f6fe5f76de0, C4<0>, C4<0>, C4<0>;
L_0x560d7a9659f0 .udp UDP_ihp_dff_sr_1, v0x560d7a811890_0, L_0x560d7a965590, L_0x560d7a965670, L_0x560d7a9657b0, L_0x560d7a9658c0, L_0x560d7a965980;
L_0x560d7a965bf0 .functor BUF 1, L_0x560d7a9659f0, C4<0>, C4<0>, C4<0>;
L_0x560d7a965d20 .functor NOT 1, L_0x560d7a9659f0, C4<0>, C4<0>, C4<0>;
L_0x560d7a965d90 .functor BUF 1, L_0x560d7a965d20, C4<0>, C4<0>, C4<0>;
v0x560d7a810b00_0 .net "CLK", 0 0, v0x560d7a908bd0_0;  alias, 1 drivers
v0x560d7a810ba0_0 .net "D", 0 0, L_0x560d7a9236a0;  alias, 1 drivers
v0x560d7a810c40_0 .net "Q", 0 0, L_0x560d7a965bf0;  1 drivers
v0x560d7a810ce0_0 .net "Q_N", 0 0, L_0x560d7a965d90;  1 drivers
v0x560d7a810d80_0 .net "RESET_B", 0 0, v0x560d7a909430_0;  alias, 1 drivers
v0x560d7a810e20_0 .net "SCD", 0 0, L_0x560d7a965ed0;  1 drivers
v0x560d7a810ec0_0 .net "SCE", 0 0, L_0x560d7a923810;  alias, 1 drivers
v0x560d7a810f60_0 .net "SET_B", 0 0, L_0x560d7a9bc640;  alias, 1 drivers
v0x560d7a811000_0 .net/2s *"_ivl_15", 0 0, L_0x7f6fe5f76de0;  1 drivers
v0x560d7a8110a0_0 .net "delayed_CLK", 0 0, L_0x560d7a965590;  1 drivers
v0x560d7a811140_0 .net "delayed_D", 0 0, L_0x560d7a964f10;  1 drivers
v0x560d7a8111e0_0 .net "delayed_RESET_B", 0 0, L_0x560d7a965480;  1 drivers
v0x560d7a811280_0 .net "delayed_SCD", 0 0, L_0x560d7a965310;  1 drivers
v0x560d7a811320_0 .net "delayed_SCE", 0 0, L_0x560d7a965380;  1 drivers
v0x560d7a8113c0_0 .net "delayed_SET_B", 0 0, L_0x560d7a965520;  1 drivers
v0x560d7a811460_0 .net "int_fwire_IQ", 0 0, L_0x560d7a9659f0;  1 drivers
v0x560d7a811500_0 .net "int_fwire_IQN", 0 0, L_0x560d7a965d20;  1 drivers
v0x560d7a8116b0_0 .net "int_fwire_d", 0 0, L_0x560d7a965670;  1 drivers
v0x560d7a811750_0 .net "int_fwire_r", 0 0, L_0x560d7a9658c0;  1 drivers
v0x560d7a8117f0_0 .net "int_fwire_s", 0 0, L_0x560d7a9657b0;  1 drivers
v0x560d7a811890_0 .var "notifier", 0 0;
v0x560d7a811930_0 .net "xcr_0", 0 0, L_0x560d7a965980;  1 drivers
S_0x560d7a8119d0 .scope module, "_0878_" "sg13g2_hv_sdfbbp_1" 5 2847, 3 1964 1, S_0x560d7a760c50;
 .timescale -9 -11;
    .port_info 0 /OUTPUT 1 "Q";
    .port_info 1 /OUTPUT 1 "Q_N";
    .port_info 2 /INPUT 1 "CLK";
    .port_info 3 /INPUT 1 "D";
    .port_info 4 /INPUT 1 "RESET_B";
    .port_info 5 /INPUT 1 "SCD";
    .port_info 6 /INPUT 1 "SCE";
    .port_info 7 /INPUT 1 "SET_B";
L_0x560d7a965cb0 .functor BUFZ 1, L_0x560d7a9a4d30, C4<0>, C4<0>, C4<0>;
L_0x560d7a965fc0 .functor BUFZ 1, L_0x560d7a9668a0, C4<0>, C4<0>, C4<0>;
L_0x560d7a966030 .functor BUFZ 1, L_0x560d7a923e50, C4<0>, C4<0>, C4<0>;
L_0x560d7a966130 .functor BUFZ 1, v0x560d7a909430_0, C4<0>, C4<0>, C4<0>;
L_0x560d7a9661d0 .functor BUFZ 1, L_0x560d7a9bc740, C4<0>, C4<0>, C4<0>;
L_0x560d7a966240 .functor BUFZ 1, v0x560d7a908bd0_0, C4<0>, C4<0>, C4<0>;
L_0x560d7a966320 .udp UDP_ihp_mux2, L_0x560d7a965cb0, L_0x560d7a965fc0, L_0x560d7a966030;
L_0x560d7a966460 .functor NOT 1, L_0x560d7a9661d0, C4<0>, C4<0>, C4<0>;
L_0x560d7a966570 .functor NOT 1, L_0x560d7a966130, C4<0>, C4<0>, C4<0>;
L_0x7f6fe5f76e28 .functor BUFT 1, C4<0>, C4<0>, C4<0>, C4<0>;
L_0x560d7a966630 .functor BUF 1, L_0x7f6fe5f76e28, C4<0>, C4<0>, C4<0>;
L_0x560d7a9666a0 .udp UDP_ihp_dff_sr_1, v0x560d7a812a00_0, L_0x560d7a966240, L_0x560d7a966320, L_0x560d7a966460, L_0x560d7a966570, L_0x560d7a966630;
L_0x560d7a9668a0 .functor BUF 1, L_0x560d7a9666a0, C4<0>, C4<0>, C4<0>;
L_0x560d7a9669d0 .functor NOT 1, L_0x560d7a9666a0, C4<0>, C4<0>, C4<0>;
L_0x560d7a966a40 .functor BUF 1, L_0x560d7a9669d0, C4<0>, C4<0>, C4<0>;
v0x560d7a811c70_0 .net "CLK", 0 0, v0x560d7a908bd0_0;  alias, 1 drivers
v0x560d7a811d10_0 .net "D", 0 0, L_0x560d7a9a4d30;  alias, 1 drivers
v0x560d7a811db0_0 .net "Q", 0 0, L_0x560d7a9668a0;  alias, 1 drivers
v0x560d7a811e50_0 .net "Q_N", 0 0, L_0x560d7a966a40;  1 drivers
v0x560d7a811ef0_0 .net "RESET_B", 0 0, v0x560d7a909430_0;  alias, 1 drivers
v0x560d7a811f90_0 .net "SCD", 0 0, L_0x560d7a9668a0;  alias, 1 drivers
v0x560d7a812030_0 .net "SCE", 0 0, L_0x560d7a923e50;  alias, 1 drivers
v0x560d7a8120d0_0 .net "SET_B", 0 0, L_0x560d7a9bc740;  alias, 1 drivers
v0x560d7a812170_0 .net/2s *"_ivl_15", 0 0, L_0x7f6fe5f76e28;  1 drivers
v0x560d7a812210_0 .net "delayed_CLK", 0 0, L_0x560d7a966240;  1 drivers
v0x560d7a8122b0_0 .net "delayed_D", 0 0, L_0x560d7a965cb0;  1 drivers
v0x560d7a812350_0 .net "delayed_RESET_B", 0 0, L_0x560d7a966130;  1 drivers
v0x560d7a8123f0_0 .net "delayed_SCD", 0 0, L_0x560d7a965fc0;  1 drivers
v0x560d7a812490_0 .net "delayed_SCE", 0 0, L_0x560d7a966030;  1 drivers
v0x560d7a812530_0 .net "delayed_SET_B", 0 0, L_0x560d7a9661d0;  1 drivers
v0x560d7a8125d0_0 .net "int_fwire_IQ", 0 0, L_0x560d7a9666a0;  1 drivers
v0x560d7a812670_0 .net "int_fwire_IQN", 0 0, L_0x560d7a9669d0;  1 drivers
v0x560d7a812820_0 .net "int_fwire_d", 0 0, L_0x560d7a966320;  1 drivers
v0x560d7a8128c0_0 .net "int_fwire_r", 0 0, L_0x560d7a966570;  1 drivers
v0x560d7a812960_0 .net "int_fwire_s", 0 0, L_0x560d7a966460;  1 drivers
v0x560d7a812a00_0 .var "notifier", 0 0;
v0x560d7a812aa0_0 .net "xcr_0", 0 0, L_0x560d7a966630;  1 drivers
S_0x560d7a812b40 .scope module, "_0879_" "sg13g2_hv_sdfbbp_1" 5 2856, 3 1964 1, S_0x560d7a760c50;
 .timescale -9 -11;
    .port_info 0 /OUTPUT 1 "Q";
    .port_info 1 /OUTPUT 1 "Q_N";
    .port_info 2 /INPUT 1 "CLK";
    .port_info 3 /INPUT 1 "D";
    .port_info 4 /INPUT 1 "RESET_B";
    .port_info 5 /INPUT 1 "SCD";
    .port_info 6 /INPUT 1 "SCE";
    .port_info 7 /INPUT 1 "SET_B";
L_0x560d7a966960 .functor BUFZ 1, L_0x560d7a9a5860, C4<0>, C4<0>, C4<0>;
L_0x560d7a966b80 .functor BUFZ 1, L_0x560d7a9673a0, C4<0>, C4<0>, C4<0>;
L_0x560d7a966bf0 .functor BUFZ 1, L_0x560d7a93daa0, C4<0>, C4<0>, C4<0>;
L_0x560d7a966c60 .functor BUFZ 1, L_0x560d7a9bc840, C4<0>, C4<0>, C4<0>;
L_0x560d7a966d00 .functor BUFZ 1, v0x560d7a909430_0, C4<0>, C4<0>, C4<0>;
L_0x560d7a966d70 .functor BUFZ 1, v0x560d7a908bd0_0, C4<0>, C4<0>, C4<0>;
L_0x560d7a966e20 .udp UDP_ihp_mux2, L_0x560d7a966960, L_0x560d7a966b80, L_0x560d7a966bf0;
L_0x560d7a966f60 .functor NOT 1, L_0x560d7a966d00, C4<0>, C4<0>, C4<0>;
L_0x560d7a967070 .functor NOT 1, L_0x560d7a966c60, C4<0>, C4<0>, C4<0>;
L_0x7f6fe5f76e70 .functor BUFT 1, C4<0>, C4<0>, C4<0>, C4<0>;
L_0x560d7a967130 .functor BUF 1, L_0x7f6fe5f76e70, C4<0>, C4<0>, C4<0>;
L_0x560d7a9671a0 .udp UDP_ihp_dff_sr_1, v0x560d7a813b70_0, L_0x560d7a966d70, L_0x560d7a966e20, L_0x560d7a966f60, L_0x560d7a967070, L_0x560d7a967130;
L_0x560d7a9673a0 .functor BUF 1, L_0x560d7a9671a0, C4<0>, C4<0>, C4<0>;
L_0x560d7a9674d0 .functor NOT 1, L_0x560d7a9671a0, C4<0>, C4<0>, C4<0>;
L_0x560d7a967540 .functor BUF 1, L_0x560d7a9674d0, C4<0>, C4<0>, C4<0>;
v0x560d7a812de0_0 .net "CLK", 0 0, v0x560d7a908bd0_0;  alias, 1 drivers
v0x560d7a812e80_0 .net "D", 0 0, L_0x560d7a9a5860;  alias, 1 drivers
v0x560d7a812f20_0 .net "Q", 0 0, L_0x560d7a9673a0;  alias, 1 drivers
v0x560d7a812fc0_0 .net "Q_N", 0 0, L_0x560d7a967540;  1 drivers
v0x560d7a813060_0 .net "RESET_B", 0 0, L_0x560d7a9bc840;  alias, 1 drivers
v0x560d7a813100_0 .net "SCD", 0 0, L_0x560d7a9673a0;  alias, 1 drivers
v0x560d7a8131a0_0 .net "SCE", 0 0, L_0x560d7a93daa0;  alias, 1 drivers
v0x560d7a813240_0 .net "SET_B", 0 0, v0x560d7a909430_0;  alias, 1 drivers
v0x560d7a8132e0_0 .net/2s *"_ivl_15", 0 0, L_0x7f6fe5f76e70;  1 drivers
v0x560d7a813380_0 .net "delayed_CLK", 0 0, L_0x560d7a966d70;  1 drivers
v0x560d7a813420_0 .net "delayed_D", 0 0, L_0x560d7a966960;  1 drivers
v0x560d7a8134c0_0 .net "delayed_RESET_B", 0 0, L_0x560d7a966c60;  1 drivers
v0x560d7a813560_0 .net "delayed_SCD", 0 0, L_0x560d7a966b80;  1 drivers
v0x560d7a813600_0 .net "delayed_SCE", 0 0, L_0x560d7a966bf0;  1 drivers
v0x560d7a8136a0_0 .net "delayed_SET_B", 0 0, L_0x560d7a966d00;  1 drivers
v0x560d7a813740_0 .net "int_fwire_IQ", 0 0, L_0x560d7a9671a0;  1 drivers
v0x560d7a8137e0_0 .net "int_fwire_IQN", 0 0, L_0x560d7a9674d0;  1 drivers
v0x560d7a813990_0 .net "int_fwire_d", 0 0, L_0x560d7a966e20;  1 drivers
v0x560d7a813a30_0 .net "int_fwire_r", 0 0, L_0x560d7a967070;  1 drivers
v0x560d7a813ad0_0 .net "int_fwire_s", 0 0, L_0x560d7a966f60;  1 drivers
v0x560d7a813b70_0 .var "notifier", 0 0;
v0x560d7a813c10_0 .net "xcr_0", 0 0, L_0x560d7a967130;  1 drivers
S_0x560d7a813cb0 .scope module, "_0880_" "sg13g2_hv_sdfbbp_1" 5 2865, 3 1964 1, S_0x560d7a760c50;
 .timescale -9 -11;
    .port_info 0 /OUTPUT 1 "Q";
    .port_info 1 /OUTPUT 1 "Q_N";
    .port_info 2 /INPUT 1 "CLK";
    .port_info 3 /INPUT 1 "D";
    .port_info 4 /INPUT 1 "RESET_B";
    .port_info 5 /INPUT 1 "SCD";
    .port_info 6 /INPUT 1 "SCE";
    .port_info 7 /INPUT 1 "SET_B";
L_0x560d7a967460 .functor BUFZ 1, L_0x560d7a9a6390, C4<0>, C4<0>, C4<0>;
L_0x560d7a967680 .functor BUFZ 1, L_0x560d7a967ea0, C4<0>, C4<0>, C4<0>;
L_0x560d7a9676f0 .functor BUFZ 1, L_0x560d7a93dc10, C4<0>, C4<0>, C4<0>;
L_0x560d7a967760 .functor BUFZ 1, v0x560d7a909430_0, C4<0>, C4<0>, C4<0>;
L_0x560d7a967800 .functor BUFZ 1, L_0x560d7a9bc940, C4<0>, C4<0>, C4<0>;
L_0x560d7a967870 .functor BUFZ 1, v0x560d7a908bd0_0, C4<0>, C4<0>, C4<0>;
L_0x560d7a967920 .udp UDP_ihp_mux2, L_0x560d7a967460, L_0x560d7a967680, L_0x560d7a9676f0;
L_0x560d7a967a60 .functor NOT 1, L_0x560d7a967800, C4<0>, C4<0>, C4<0>;
L_0x560d7a967b70 .functor NOT 1, L_0x560d7a967760, C4<0>, C4<0>, C4<0>;
L_0x7f6fe5f76eb8 .functor BUFT 1, C4<0>, C4<0>, C4<0>, C4<0>;
L_0x560d7a967c30 .functor BUF 1, L_0x7f6fe5f76eb8, C4<0>, C4<0>, C4<0>;
L_0x560d7a967ca0 .udp UDP_ihp_dff_sr_1, v0x560d7a814ce0_0, L_0x560d7a967870, L_0x560d7a967920, L_0x560d7a967a60, L_0x560d7a967b70, L_0x560d7a967c30;
L_0x560d7a967ea0 .functor BUF 1, L_0x560d7a967ca0, C4<0>, C4<0>, C4<0>;
L_0x560d7a967fd0 .functor NOT 1, L_0x560d7a967ca0, C4<0>, C4<0>, C4<0>;
L_0x560d7a968040 .functor BUF 1, L_0x560d7a967fd0, C4<0>, C4<0>, C4<0>;
v0x560d7a813f50_0 .net "CLK", 0 0, v0x560d7a908bd0_0;  alias, 1 drivers
v0x560d7a813ff0_0 .net "D", 0 0, L_0x560d7a9a6390;  alias, 1 drivers
v0x560d7a814090_0 .net "Q", 0 0, L_0x560d7a967ea0;  alias, 1 drivers
v0x560d7a814130_0 .net "Q_N", 0 0, L_0x560d7a968040;  1 drivers
v0x560d7a8141d0_0 .net "RESET_B", 0 0, v0x560d7a909430_0;  alias, 1 drivers
v0x560d7a814270_0 .net "SCD", 0 0, L_0x560d7a967ea0;  alias, 1 drivers
v0x560d7a814310_0 .net "SCE", 0 0, L_0x560d7a93dc10;  alias, 1 drivers
v0x560d7a8143b0_0 .net "SET_B", 0 0, L_0x560d7a9bc940;  alias, 1 drivers
v0x560d7a814450_0 .net/2s *"_ivl_15", 0 0, L_0x7f6fe5f76eb8;  1 drivers
v0x560d7a8144f0_0 .net "delayed_CLK", 0 0, L_0x560d7a967870;  1 drivers
v0x560d7a814590_0 .net "delayed_D", 0 0, L_0x560d7a967460;  1 drivers
v0x560d7a814630_0 .net "delayed_RESET_B", 0 0, L_0x560d7a967760;  1 drivers
v0x560d7a8146d0_0 .net "delayed_SCD", 0 0, L_0x560d7a967680;  1 drivers
v0x560d7a814770_0 .net "delayed_SCE", 0 0, L_0x560d7a9676f0;  1 drivers
v0x560d7a814810_0 .net "delayed_SET_B", 0 0, L_0x560d7a967800;  1 drivers
v0x560d7a8148b0_0 .net "int_fwire_IQ", 0 0, L_0x560d7a967ca0;  1 drivers
v0x560d7a814950_0 .net "int_fwire_IQN", 0 0, L_0x560d7a967fd0;  1 drivers
v0x560d7a814b00_0 .net "int_fwire_d", 0 0, L_0x560d7a967920;  1 drivers
v0x560d7a814ba0_0 .net "int_fwire_r", 0 0, L_0x560d7a967b70;  1 drivers
v0x560d7a814c40_0 .net "int_fwire_s", 0 0, L_0x560d7a967a60;  1 drivers
v0x560d7a814ce0_0 .var "notifier", 0 0;
v0x560d7a814d80_0 .net "xcr_0", 0 0, L_0x560d7a967c30;  1 drivers
S_0x560d7a814e20 .scope module, "_0881_" "sg13g2_hv_sdfbbp_1" 5 2874, 3 1964 1, S_0x560d7a760c50;
 .timescale -9 -11;
    .port_info 0 /OUTPUT 1 "Q";
    .port_info 1 /OUTPUT 1 "Q_N";
    .port_info 2 /INPUT 1 "CLK";
    .port_info 3 /INPUT 1 "D";
    .port_info 4 /INPUT 1 "RESET_B";
    .port_info 5 /INPUT 1 "SCD";
    .port_info 6 /INPUT 1 "SCE";
    .port_info 7 /INPUT 1 "SET_B";
L_0x560d7a967f60 .functor BUFZ 1, L_0x560d7a9a6f50, C4<0>, C4<0>, C4<0>;
L_0x560d7a968180 .functor BUFZ 1, L_0x560d7a968970, C4<0>, C4<0>, C4<0>;
L_0x560d7a9681f0 .functor BUFZ 1, L_0x560d7a93dd80, C4<0>, C4<0>, C4<0>;
L_0x560d7a968260 .functor BUFZ 1, L_0x560d7a9bca40, C4<0>, C4<0>, C4<0>;
L_0x560d7a968300 .functor BUFZ 1, v0x560d7a909430_0, C4<0>, C4<0>, C4<0>;
L_0x560d7a968370 .functor BUFZ 1, v0x560d7a908bd0_0, C4<0>, C4<0>, C4<0>;
L_0x560d7a968420 .udp UDP_ihp_mux2, L_0x560d7a967f60, L_0x560d7a968180, L_0x560d7a9681f0;
L_0x560d7a968530 .functor NOT 1, L_0x560d7a968300, C4<0>, C4<0>, C4<0>;
L_0x560d7a968640 .functor NOT 1, L_0x560d7a968260, C4<0>, C4<0>, C4<0>;
L_0x7f6fe5f76f00 .functor BUFT 1, C4<0>, C4<0>, C4<0>, C4<0>;
L_0x560d7a968700 .functor BUF 1, L_0x7f6fe5f76f00, C4<0>, C4<0>, C4<0>;
L_0x560d7a968770 .udp UDP_ihp_dff_sr_1, v0x560d7a815e50_0, L_0x560d7a968370, L_0x560d7a968420, L_0x560d7a968530, L_0x560d7a968640, L_0x560d7a968700;
L_0x560d7a968970 .functor BUF 1, L_0x560d7a968770, C4<0>, C4<0>, C4<0>;
L_0x560d7a968aa0 .functor NOT 1, L_0x560d7a968770, C4<0>, C4<0>, C4<0>;
L_0x560d7a968b10 .functor BUF 1, L_0x560d7a968aa0, C4<0>, C4<0>, C4<0>;
v0x560d7a8150c0_0 .net "CLK", 0 0, v0x560d7a908bd0_0;  alias, 1 drivers
v0x560d7a815160_0 .net "D", 0 0, L_0x560d7a9a6f50;  alias, 1 drivers
v0x560d7a815200_0 .net "Q", 0 0, L_0x560d7a968970;  alias, 1 drivers
v0x560d7a8152a0_0 .net "Q_N", 0 0, L_0x560d7a968b10;  1 drivers
v0x560d7a815340_0 .net "RESET_B", 0 0, L_0x560d7a9bca40;  alias, 1 drivers
v0x560d7a8153e0_0 .net "SCD", 0 0, L_0x560d7a968970;  alias, 1 drivers
v0x560d7a815480_0 .net "SCE", 0 0, L_0x560d7a93dd80;  alias, 1 drivers
v0x560d7a815520_0 .net "SET_B", 0 0, v0x560d7a909430_0;  alias, 1 drivers
v0x560d7a8155c0_0 .net/2s *"_ivl_15", 0 0, L_0x7f6fe5f76f00;  1 drivers
v0x560d7a815660_0 .net "delayed_CLK", 0 0, L_0x560d7a968370;  1 drivers
v0x560d7a815700_0 .net "delayed_D", 0 0, L_0x560d7a967f60;  1 drivers
v0x560d7a8157a0_0 .net "delayed_RESET_B", 0 0, L_0x560d7a968260;  1 drivers
v0x560d7a815840_0 .net "delayed_SCD", 0 0, L_0x560d7a968180;  1 drivers
v0x560d7a8158e0_0 .net "delayed_SCE", 0 0, L_0x560d7a9681f0;  1 drivers
v0x560d7a815980_0 .net "delayed_SET_B", 0 0, L_0x560d7a968300;  1 drivers
v0x560d7a815a20_0 .net "int_fwire_IQ", 0 0, L_0x560d7a968770;  1 drivers
v0x560d7a815ac0_0 .net "int_fwire_IQN", 0 0, L_0x560d7a968aa0;  1 drivers
v0x560d7a815c70_0 .net "int_fwire_d", 0 0, L_0x560d7a968420;  1 drivers
v0x560d7a815d10_0 .net "int_fwire_r", 0 0, L_0x560d7a968640;  1 drivers
v0x560d7a815db0_0 .net "int_fwire_s", 0 0, L_0x560d7a968530;  1 drivers
v0x560d7a815e50_0 .var "notifier", 0 0;
v0x560d7a815ef0_0 .net "xcr_0", 0 0, L_0x560d7a968700;  1 drivers
S_0x560d7a815f90 .scope module, "_0882_" "sg13g2_hv_sdfbbp_1" 5 2883, 3 1964 1, S_0x560d7a760c50;
 .timescale -9 -11;
    .port_info 0 /OUTPUT 1 "Q";
    .port_info 1 /OUTPUT 1 "Q_N";
    .port_info 2 /INPUT 1 "CLK";
    .port_info 3 /INPUT 1 "D";
    .port_info 4 /INPUT 1 "RESET_B";
    .port_info 5 /INPUT 1 "SCD";
    .port_info 6 /INPUT 1 "SCE";
    .port_info 7 /INPUT 1 "SET_B";
L_0x560d7a968a30 .functor BUFZ 1, L_0x560d7a9a7b10, C4<0>, C4<0>, C4<0>;
L_0x560d7a968c50 .functor BUFZ 1, L_0x560d7a969470, C4<0>, C4<0>, C4<0>;
L_0x560d7a968cc0 .functor BUFZ 1, L_0x560d7a93def0, C4<0>, C4<0>, C4<0>;
L_0x560d7a968d30 .functor BUFZ 1, v0x560d7a909430_0, C4<0>, C4<0>, C4<0>;
L_0x560d7a968dd0 .functor BUFZ 1, L_0x560d7a9bcb40, C4<0>, C4<0>, C4<0>;
L_0x560d7a968e40 .functor BUFZ 1, v0x560d7a908bd0_0, C4<0>, C4<0>, C4<0>;
L_0x560d7a968ef0 .udp UDP_ihp_mux2, L_0x560d7a968a30, L_0x560d7a968c50, L_0x560d7a968cc0;
L_0x560d7a969030 .functor NOT 1, L_0x560d7a968dd0, C4<0>, C4<0>, C4<0>;
L_0x560d7a969140 .functor NOT 1, L_0x560d7a968d30, C4<0>, C4<0>, C4<0>;
L_0x7f6fe5f76f48 .functor BUFT 1, C4<0>, C4<0>, C4<0>, C4<0>;
L_0x560d7a969200 .functor BUF 1, L_0x7f6fe5f76f48, C4<0>, C4<0>, C4<0>;
L_0x560d7a969270 .udp UDP_ihp_dff_sr_1, v0x560d7a816fc0_0, L_0x560d7a968e40, L_0x560d7a968ef0, L_0x560d7a969030, L_0x560d7a969140, L_0x560d7a969200;
L_0x560d7a969470 .functor BUF 1, L_0x560d7a969270, C4<0>, C4<0>, C4<0>;
L_0x560d7a9695a0 .functor NOT 1, L_0x560d7a969270, C4<0>, C4<0>, C4<0>;
L_0x560d7a969610 .functor BUF 1, L_0x560d7a9695a0, C4<0>, C4<0>, C4<0>;
v0x560d7a816230_0 .net "CLK", 0 0, v0x560d7a908bd0_0;  alias, 1 drivers
v0x560d7a8162d0_0 .net "D", 0 0, L_0x560d7a9a7b10;  alias, 1 drivers
v0x560d7a816370_0 .net "Q", 0 0, L_0x560d7a969470;  alias, 1 drivers
v0x560d7a816410_0 .net "Q_N", 0 0, L_0x560d7a969610;  1 drivers
v0x560d7a8164b0_0 .net "RESET_B", 0 0, v0x560d7a909430_0;  alias, 1 drivers
v0x560d7a816550_0 .net "SCD", 0 0, L_0x560d7a969470;  alias, 1 drivers
v0x560d7a8165f0_0 .net "SCE", 0 0, L_0x560d7a93def0;  alias, 1 drivers
v0x560d7a816690_0 .net "SET_B", 0 0, L_0x560d7a9bcb40;  alias, 1 drivers
v0x560d7a816730_0 .net/2s *"_ivl_15", 0 0, L_0x7f6fe5f76f48;  1 drivers
v0x560d7a8167d0_0 .net "delayed_CLK", 0 0, L_0x560d7a968e40;  1 drivers
v0x560d7a816870_0 .net "delayed_D", 0 0, L_0x560d7a968a30;  1 drivers
v0x560d7a816910_0 .net "delayed_RESET_B", 0 0, L_0x560d7a968d30;  1 drivers
v0x560d7a8169b0_0 .net "delayed_SCD", 0 0, L_0x560d7a968c50;  1 drivers
v0x560d7a816a50_0 .net "delayed_SCE", 0 0, L_0x560d7a968cc0;  1 drivers
v0x560d7a816af0_0 .net "delayed_SET_B", 0 0, L_0x560d7a968dd0;  1 drivers
v0x560d7a816b90_0 .net "int_fwire_IQ", 0 0, L_0x560d7a969270;  1 drivers
v0x560d7a816c30_0 .net "int_fwire_IQN", 0 0, L_0x560d7a9695a0;  1 drivers
v0x560d7a816de0_0 .net "int_fwire_d", 0 0, L_0x560d7a968ef0;  1 drivers
v0x560d7a816e80_0 .net "int_fwire_r", 0 0, L_0x560d7a969140;  1 drivers
v0x560d7a816f20_0 .net "int_fwire_s", 0 0, L_0x560d7a969030;  1 drivers
v0x560d7a816fc0_0 .var "notifier", 0 0;
v0x560d7a817060_0 .net "xcr_0", 0 0, L_0x560d7a969200;  1 drivers
S_0x560d7a817100 .scope module, "_0883_" "sg13g2_hv_sdfbbp_1" 5 2892, 3 1964 1, S_0x560d7a760c50;
 .timescale -9 -11;
    .port_info 0 /OUTPUT 1 "Q";
    .port_info 1 /OUTPUT 1 "Q_N";
    .port_info 2 /INPUT 1 "CLK";
    .port_info 3 /INPUT 1 "D";
    .port_info 4 /INPUT 1 "RESET_B";
    .port_info 5 /INPUT 1 "SCD";
    .port_info 6 /INPUT 1 "SCE";
    .port_info 7 /INPUT 1 "SET_B";
L_0x560d7a969530 .functor BUFZ 1, L_0x560d7a9a86d0, C4<0>, C4<0>, C4<0>;
L_0x560d7a969750 .functor BUFZ 1, L_0x560d7a969f40, C4<0>, C4<0>, C4<0>;
L_0x560d7a9697c0 .functor BUFZ 1, L_0x560d7a93e470, C4<0>, C4<0>, C4<0>;
L_0x560d7a969830 .functor BUFZ 1, v0x560d7a909430_0, C4<0>, C4<0>, C4<0>;
L_0x560d7a9698d0 .functor BUFZ 1, L_0x560d7a9bcc40, C4<0>, C4<0>, C4<0>;
L_0x560d7a969940 .functor BUFZ 1, v0x560d7a908bd0_0, C4<0>, C4<0>, C4<0>;
L_0x560d7a9699f0 .udp UDP_ihp_mux2, L_0x560d7a969530, L_0x560d7a969750, L_0x560d7a9697c0;
L_0x560d7a969b00 .functor NOT 1, L_0x560d7a9698d0, C4<0>, C4<0>, C4<0>;
L_0x560d7a969c10 .functor NOT 1, L_0x560d7a969830, C4<0>, C4<0>, C4<0>;
L_0x7f6fe5f76f90 .functor BUFT 1, C4<0>, C4<0>, C4<0>, C4<0>;
L_0x560d7a969cd0 .functor BUF 1, L_0x7f6fe5f76f90, C4<0>, C4<0>, C4<0>;
L_0x560d7a969d40 .udp UDP_ihp_dff_sr_1, v0x560d7a818130_0, L_0x560d7a969940, L_0x560d7a9699f0, L_0x560d7a969b00, L_0x560d7a969c10, L_0x560d7a969cd0;
L_0x560d7a969f40 .functor BUF 1, L_0x560d7a969d40, C4<0>, C4<0>, C4<0>;
L_0x560d7a96a070 .functor NOT 1, L_0x560d7a969d40, C4<0>, C4<0>, C4<0>;
L_0x560d7a96a0e0 .functor BUF 1, L_0x560d7a96a070, C4<0>, C4<0>, C4<0>;
v0x560d7a8173a0_0 .net "CLK", 0 0, v0x560d7a908bd0_0;  alias, 1 drivers
v0x560d7a817440_0 .net "D", 0 0, L_0x560d7a9a86d0;  alias, 1 drivers
v0x560d7a8174e0_0 .net "Q", 0 0, L_0x560d7a969f40;  alias, 1 drivers
v0x560d7a817580_0 .net "Q_N", 0 0, L_0x560d7a96a0e0;  1 drivers
v0x560d7a817620_0 .net "RESET_B", 0 0, v0x560d7a909430_0;  alias, 1 drivers
v0x560d7a8176c0_0 .net "SCD", 0 0, L_0x560d7a969f40;  alias, 1 drivers
v0x560d7a817760_0 .net "SCE", 0 0, L_0x560d7a93e470;  alias, 1 drivers
v0x560d7a817800_0 .net "SET_B", 0 0, L_0x560d7a9bcc40;  alias, 1 drivers
v0x560d7a8178a0_0 .net/2s *"_ivl_15", 0 0, L_0x7f6fe5f76f90;  1 drivers
v0x560d7a817940_0 .net "delayed_CLK", 0 0, L_0x560d7a969940;  1 drivers
v0x560d7a8179e0_0 .net "delayed_D", 0 0, L_0x560d7a969530;  1 drivers
v0x560d7a817a80_0 .net "delayed_RESET_B", 0 0, L_0x560d7a969830;  1 drivers
v0x560d7a817b20_0 .net "delayed_SCD", 0 0, L_0x560d7a969750;  1 drivers
v0x560d7a817bc0_0 .net "delayed_SCE", 0 0, L_0x560d7a9697c0;  1 drivers
v0x560d7a817c60_0 .net "delayed_SET_B", 0 0, L_0x560d7a9698d0;  1 drivers
v0x560d7a817d00_0 .net "int_fwire_IQ", 0 0, L_0x560d7a969d40;  1 drivers
v0x560d7a817da0_0 .net "int_fwire_IQN", 0 0, L_0x560d7a96a070;  1 drivers
v0x560d7a817f50_0 .net "int_fwire_d", 0 0, L_0x560d7a9699f0;  1 drivers
v0x560d7a817ff0_0 .net "int_fwire_r", 0 0, L_0x560d7a969c10;  1 drivers
v0x560d7a818090_0 .net "int_fwire_s", 0 0, L_0x560d7a969b00;  1 drivers
v0x560d7a818130_0 .var "notifier", 0 0;
v0x560d7a8181d0_0 .net "xcr_0", 0 0, L_0x560d7a969cd0;  1 drivers
S_0x560d7a818270 .scope module, "_0884_" "sg13g2_hv_sdfbbp_1" 5 2901, 3 1964 1, S_0x560d7a760c50;
 .timescale -9 -11;
    .port_info 0 /OUTPUT 1 "Q";
    .port_info 1 /OUTPUT 1 "Q_N";
    .port_info 2 /INPUT 1 "CLK";
    .port_info 3 /INPUT 1 "D";
    .port_info 4 /INPUT 1 "RESET_B";
    .port_info 5 /INPUT 1 "SCD";
    .port_info 6 /INPUT 1 "SCE";
    .port_info 7 /INPUT 1 "SET_B";
L_0x560d7a96a000 .functor BUFZ 1, L_0x560d7a9a9290, C4<0>, C4<0>, C4<0>;
L_0x560d7a96a220 .functor BUFZ 1, L_0x560d7a96aa40, C4<0>, C4<0>, C4<0>;
L_0x560d7a96a290 .functor BUFZ 1, L_0x560d7a93e5e0, C4<0>, C4<0>, C4<0>;
L_0x560d7a96a300 .functor BUFZ 1, v0x560d7a909430_0, C4<0>, C4<0>, C4<0>;
L_0x560d7a96a3a0 .functor BUFZ 1, L_0x560d7a9bcd40, C4<0>, C4<0>, C4<0>;
L_0x560d7a96a410 .functor BUFZ 1, v0x560d7a908bd0_0, C4<0>, C4<0>, C4<0>;
L_0x560d7a96a4c0 .udp UDP_ihp_mux2, L_0x560d7a96a000, L_0x560d7a96a220, L_0x560d7a96a290;
L_0x560d7a96a600 .functor NOT 1, L_0x560d7a96a3a0, C4<0>, C4<0>, C4<0>;
L_0x560d7a96a710 .functor NOT 1, L_0x560d7a96a300, C4<0>, C4<0>, C4<0>;
L_0x7f6fe5f76fd8 .functor BUFT 1, C4<0>, C4<0>, C4<0>, C4<0>;
L_0x560d7a96a7d0 .functor BUF 1, L_0x7f6fe5f76fd8, C4<0>, C4<0>, C4<0>;
L_0x560d7a96a840 .udp UDP_ihp_dff_sr_1, v0x560d7a8192a0_0, L_0x560d7a96a410, L_0x560d7a96a4c0, L_0x560d7a96a600, L_0x560d7a96a710, L_0x560d7a96a7d0;
L_0x560d7a96aa40 .functor BUF 1, L_0x560d7a96a840, C4<0>, C4<0>, C4<0>;
L_0x560d7a96ab70 .functor NOT 1, L_0x560d7a96a840, C4<0>, C4<0>, C4<0>;
L_0x560d7a96abe0 .functor BUF 1, L_0x560d7a96ab70, C4<0>, C4<0>, C4<0>;
v0x560d7a818510_0 .net "CLK", 0 0, v0x560d7a908bd0_0;  alias, 1 drivers
v0x560d7a8185b0_0 .net "D", 0 0, L_0x560d7a9a9290;  alias, 1 drivers
v0x560d7a818650_0 .net "Q", 0 0, L_0x560d7a96aa40;  alias, 1 drivers
v0x560d7a8186f0_0 .net "Q_N", 0 0, L_0x560d7a96abe0;  1 drivers
v0x560d7a818790_0 .net "RESET_B", 0 0, v0x560d7a909430_0;  alias, 1 drivers
v0x560d7a818830_0 .net "SCD", 0 0, L_0x560d7a96aa40;  alias, 1 drivers
v0x560d7a8188d0_0 .net "SCE", 0 0, L_0x560d7a93e5e0;  alias, 1 drivers
v0x560d7a818970_0 .net "SET_B", 0 0, L_0x560d7a9bcd40;  alias, 1 drivers
v0x560d7a818a10_0 .net/2s *"_ivl_15", 0 0, L_0x7f6fe5f76fd8;  1 drivers
v0x560d7a818ab0_0 .net "delayed_CLK", 0 0, L_0x560d7a96a410;  1 drivers
v0x560d7a818b50_0 .net "delayed_D", 0 0, L_0x560d7a96a000;  1 drivers
v0x560d7a818bf0_0 .net "delayed_RESET_B", 0 0, L_0x560d7a96a300;  1 drivers
v0x560d7a818c90_0 .net "delayed_SCD", 0 0, L_0x560d7a96a220;  1 drivers
v0x560d7a818d30_0 .net "delayed_SCE", 0 0, L_0x560d7a96a290;  1 drivers
v0x560d7a818dd0_0 .net "delayed_SET_B", 0 0, L_0x560d7a96a3a0;  1 drivers
v0x560d7a818e70_0 .net "int_fwire_IQ", 0 0, L_0x560d7a96a840;  1 drivers
v0x560d7a818f10_0 .net "int_fwire_IQN", 0 0, L_0x560d7a96ab70;  1 drivers
v0x560d7a8190c0_0 .net "int_fwire_d", 0 0, L_0x560d7a96a4c0;  1 drivers
v0x560d7a819160_0 .net "int_fwire_r", 0 0, L_0x560d7a96a710;  1 drivers
v0x560d7a819200_0 .net "int_fwire_s", 0 0, L_0x560d7a96a600;  1 drivers
v0x560d7a8192a0_0 .var "notifier", 0 0;
v0x560d7a819340_0 .net "xcr_0", 0 0, L_0x560d7a96a7d0;  1 drivers
S_0x560d7a8193e0 .scope module, "_0885_" "sg13g2_hv_sdfbbp_1" 5 2910, 3 1964 1, S_0x560d7a760c50;
 .timescale -9 -11;
    .port_info 0 /OUTPUT 1 "Q";
    .port_info 1 /OUTPUT 1 "Q_N";
    .port_info 2 /INPUT 1 "CLK";
    .port_info 3 /INPUT 1 "D";
    .port_info 4 /INPUT 1 "RESET_B";
    .port_info 5 /INPUT 1 "SCD";
    .port_info 6 /INPUT 1 "SCE";
    .port_info 7 /INPUT 1 "SET_B";
L_0x560d7a96ab00 .functor BUFZ 1, L_0x560d7a9a9e50, C4<0>, C4<0>, C4<0>;
L_0x560d7a96ad20 .functor BUFZ 1, L_0x560d7a96b510, C4<0>, C4<0>, C4<0>;
L_0x560d7a96ad90 .functor BUFZ 1, L_0x560d7a93e750, C4<0>, C4<0>, C4<0>;
L_0x560d7a96ae00 .functor BUFZ 1, v0x560d7a909430_0, C4<0>, C4<0>, C4<0>;
L_0x560d7a96aea0 .functor BUFZ 1, L_0x560d7a9bce40, C4<0>, C4<0>, C4<0>;
L_0x560d7a96af10 .functor BUFZ 1, v0x560d7a908bd0_0, C4<0>, C4<0>, C4<0>;
L_0x560d7a96afc0 .udp UDP_ihp_mux2, L_0x560d7a96ab00, L_0x560d7a96ad20, L_0x560d7a96ad90;
L_0x560d7a96b0d0 .functor NOT 1, L_0x560d7a96aea0, C4<0>, C4<0>, C4<0>;
L_0x560d7a96b1e0 .functor NOT 1, L_0x560d7a96ae00, C4<0>, C4<0>, C4<0>;
L_0x7f6fe5f77020 .functor BUFT 1, C4<0>, C4<0>, C4<0>, C4<0>;
L_0x560d7a96b2a0 .functor BUF 1, L_0x7f6fe5f77020, C4<0>, C4<0>, C4<0>;
L_0x560d7a96b310 .udp UDP_ihp_dff_sr_1, v0x560d7a81a410_0, L_0x560d7a96af10, L_0x560d7a96afc0, L_0x560d7a96b0d0, L_0x560d7a96b1e0, L_0x560d7a96b2a0;
L_0x560d7a96b510 .functor BUF 1, L_0x560d7a96b310, C4<0>, C4<0>, C4<0>;
L_0x560d7a96b750 .functor NOT 1, L_0x560d7a96b310, C4<0>, C4<0>, C4<0>;
L_0x560d7a96b7c0 .functor BUF 1, L_0x560d7a96b750, C4<0>, C4<0>, C4<0>;
v0x560d7a819680_0 .net "CLK", 0 0, v0x560d7a908bd0_0;  alias, 1 drivers
v0x560d7a819720_0 .net "D", 0 0, L_0x560d7a9a9e50;  alias, 1 drivers
v0x560d7a8197c0_0 .net "Q", 0 0, L_0x560d7a96b510;  alias, 1 drivers
v0x560d7a819860_0 .net "Q_N", 0 0, L_0x560d7a96b7c0;  1 drivers
v0x560d7a819900_0 .net "RESET_B", 0 0, v0x560d7a909430_0;  alias, 1 drivers
v0x560d7a8199a0_0 .net "SCD", 0 0, L_0x560d7a96b510;  alias, 1 drivers
v0x560d7a819a40_0 .net "SCE", 0 0, L_0x560d7a93e750;  alias, 1 drivers
v0x560d7a819ae0_0 .net "SET_B", 0 0, L_0x560d7a9bce40;  alias, 1 drivers
v0x560d7a819b80_0 .net/2s *"_ivl_15", 0 0, L_0x7f6fe5f77020;  1 drivers
v0x560d7a819c20_0 .net "delayed_CLK", 0 0, L_0x560d7a96af10;  1 drivers
v0x560d7a819cc0_0 .net "delayed_D", 0 0, L_0x560d7a96ab00;  1 drivers
v0x560d7a819d60_0 .net "delayed_RESET_B", 0 0, L_0x560d7a96ae00;  1 drivers
v0x560d7a819e00_0 .net "delayed_SCD", 0 0, L_0x560d7a96ad20;  1 drivers
v0x560d7a819ea0_0 .net "delayed_SCE", 0 0, L_0x560d7a96ad90;  1 drivers
v0x560d7a819f40_0 .net "delayed_SET_B", 0 0, L_0x560d7a96aea0;  1 drivers
v0x560d7a819fe0_0 .net "int_fwire_IQ", 0 0, L_0x560d7a96b310;  1 drivers
v0x560d7a81a080_0 .net "int_fwire_IQN", 0 0, L_0x560d7a96b750;  1 drivers
v0x560d7a81a230_0 .net "int_fwire_d", 0 0, L_0x560d7a96afc0;  1 drivers
v0x560d7a81a2d0_0 .net "int_fwire_r", 0 0, L_0x560d7a96b1e0;  1 drivers
v0x560d7a81a370_0 .net "int_fwire_s", 0 0, L_0x560d7a96b0d0;  1 drivers
v0x560d7a81a410_0 .var "notifier", 0 0;
v0x560d7a81a4b0_0 .net "xcr_0", 0 0, L_0x560d7a96b2a0;  1 drivers
S_0x560d7a81a550 .scope module, "_0886_" "sg13g2_hv_sdfbbp_1" 5 2919, 3 1964 1, S_0x560d7a760c50;
 .timescale -9 -11;
    .port_info 0 /OUTPUT 1 "Q";
    .port_info 1 /OUTPUT 1 "Q_N";
    .port_info 2 /INPUT 1 "CLK";
    .port_info 3 /INPUT 1 "D";
    .port_info 4 /INPUT 1 "RESET_B";
    .port_info 5 /INPUT 1 "SCD";
    .port_info 6 /INPUT 1 "SCE";
    .port_info 7 /INPUT 1 "SET_B";
L_0x560d7a96b6e0 .functor BUFZ 1, L_0x560d7a9a4d30, C4<0>, C4<0>, C4<0>;
L_0x560d7a96b900 .functor BUFZ 1, L_0x560d7a96c0f0, C4<0>, C4<0>, C4<0>;
L_0x560d7a96b970 .functor BUFZ 1, L_0x560d7a924200, C4<0>, C4<0>, C4<0>;
L_0x560d7a96b9e0 .functor BUFZ 1, L_0x560d7a9bcf40, C4<0>, C4<0>, C4<0>;
L_0x560d7a96ba80 .functor BUFZ 1, v0x560d7a909430_0, C4<0>, C4<0>, C4<0>;
L_0x560d7a96baf0 .functor BUFZ 1, v0x560d7a908bd0_0, C4<0>, C4<0>, C4<0>;
L_0x560d7a96bba0 .udp UDP_ihp_mux2, L_0x560d7a96b6e0, L_0x560d7a96b900, L_0x560d7a96b970;
L_0x560d7a96bcb0 .functor NOT 1, L_0x560d7a96ba80, C4<0>, C4<0>, C4<0>;
L_0x560d7a96bdc0 .functor NOT 1, L_0x560d7a96b9e0, C4<0>, C4<0>, C4<0>;
L_0x7f6fe5f77068 .functor BUFT 1, C4<0>, C4<0>, C4<0>, C4<0>;
L_0x560d7a96be80 .functor BUF 1, L_0x7f6fe5f77068, C4<0>, C4<0>, C4<0>;
L_0x560d7a96bef0 .udp UDP_ihp_dff_sr_1, v0x560d7a81b580_0, L_0x560d7a96baf0, L_0x560d7a96bba0, L_0x560d7a96bcb0, L_0x560d7a96bdc0, L_0x560d7a96be80;
L_0x560d7a96c0f0 .functor BUF 1, L_0x560d7a96bef0, C4<0>, C4<0>, C4<0>;
L_0x560d7a96c330 .functor NOT 1, L_0x560d7a96bef0, C4<0>, C4<0>, C4<0>;
L_0x560d7a96c3a0 .functor BUF 1, L_0x560d7a96c330, C4<0>, C4<0>, C4<0>;
v0x560d7a81a7f0_0 .net "CLK", 0 0, v0x560d7a908bd0_0;  alias, 1 drivers
v0x560d7a81a890_0 .net "D", 0 0, L_0x560d7a9a4d30;  alias, 1 drivers
v0x560d7a81a930_0 .net "Q", 0 0, L_0x560d7a96c0f0;  alias, 1 drivers
v0x560d7a81a9d0_0 .net "Q_N", 0 0, L_0x560d7a96c3a0;  1 drivers
v0x560d7a81aa70_0 .net "RESET_B", 0 0, L_0x560d7a9bcf40;  alias, 1 drivers
v0x560d7a81ab10_0 .net "SCD", 0 0, L_0x560d7a96c0f0;  alias, 1 drivers
v0x560d7a81abb0_0 .net "SCE", 0 0, L_0x560d7a924200;  alias, 1 drivers
v0x560d7a81ac50_0 .net "SET_B", 0 0, v0x560d7a909430_0;  alias, 1 drivers
v0x560d7a81acf0_0 .net/2s *"_ivl_15", 0 0, L_0x7f6fe5f77068;  1 drivers
v0x560d7a81ad90_0 .net "delayed_CLK", 0 0, L_0x560d7a96baf0;  1 drivers
v0x560d7a81ae30_0 .net "delayed_D", 0 0, L_0x560d7a96b6e0;  1 drivers
v0x560d7a81aed0_0 .net "delayed_RESET_B", 0 0, L_0x560d7a96b9e0;  1 drivers
v0x560d7a81af70_0 .net "delayed_SCD", 0 0, L_0x560d7a96b900;  1 drivers
v0x560d7a81b010_0 .net "delayed_SCE", 0 0, L_0x560d7a96b970;  1 drivers
v0x560d7a81b0b0_0 .net "delayed_SET_B", 0 0, L_0x560d7a96ba80;  1 drivers
v0x560d7a81b150_0 .net "int_fwire_IQ", 0 0, L_0x560d7a96bef0;  1 drivers
v0x560d7a81b1f0_0 .net "int_fwire_IQN", 0 0, L_0x560d7a96c330;  1 drivers
v0x560d7a81b3a0_0 .net "int_fwire_d", 0 0, L_0x560d7a96bba0;  1 drivers
v0x560d7a81b440_0 .net "int_fwire_r", 0 0, L_0x560d7a96bdc0;  1 drivers
v0x560d7a81b4e0_0 .net "int_fwire_s", 0 0, L_0x560d7a96bcb0;  1 drivers
v0x560d7a81b580_0 .var "notifier", 0 0;
v0x560d7a81b620_0 .net "xcr_0", 0 0, L_0x560d7a96be80;  1 drivers
S_0x560d7a81b6c0 .scope module, "_0887_" "sg13g2_hv_sdfbbp_1" 5 2928, 3 1964 1, S_0x560d7a760c50;
 .timescale -9 -11;
    .port_info 0 /OUTPUT 1 "Q";
    .port_info 1 /OUTPUT 1 "Q_N";
    .port_info 2 /INPUT 1 "CLK";
    .port_info 3 /INPUT 1 "D";
    .port_info 4 /INPUT 1 "RESET_B";
    .port_info 5 /INPUT 1 "SCD";
    .port_info 6 /INPUT 1 "SCE";
    .port_info 7 /INPUT 1 "SET_B";
L_0x560d7a96c2c0 .functor BUFZ 1, L_0x560d7a9a5860, C4<0>, C4<0>, C4<0>;
L_0x560d7a96c4e0 .functor BUFZ 1, L_0x560d7a96cca0, C4<0>, C4<0>, C4<0>;
L_0x560d7a96c550 .functor BUFZ 1, L_0x560d7a93e8c0, C4<0>, C4<0>, C4<0>;
L_0x560d7a96c5c0 .functor BUFZ 1, L_0x560d7a9bd040, C4<0>, C4<0>, C4<0>;
L_0x560d7a96c630 .functor BUFZ 1, v0x560d7a909430_0, C4<0>, C4<0>, C4<0>;
L_0x560d7a96c6a0 .functor BUFZ 1, v0x560d7a908bd0_0, C4<0>, C4<0>, C4<0>;
L_0x560d7a96c750 .udp UDP_ihp_mux2, L_0x560d7a96c2c0, L_0x560d7a96c4e0, L_0x560d7a96c550;
L_0x560d7a96c860 .functor NOT 1, L_0x560d7a96c630, C4<0>, C4<0>, C4<0>;
L_0x560d7a96c970 .functor NOT 1, L_0x560d7a96c5c0, C4<0>, C4<0>, C4<0>;
L_0x7f6fe5f770b0 .functor BUFT 1, C4<0>, C4<0>, C4<0>, C4<0>;
L_0x560d7a96ca30 .functor BUF 1, L_0x7f6fe5f770b0, C4<0>, C4<0>, C4<0>;
L_0x560d7a96caa0 .udp UDP_ihp_dff_sr_1, v0x560d7a81c6f0_0, L_0x560d7a96c6a0, L_0x560d7a96c750, L_0x560d7a96c860, L_0x560d7a96c970, L_0x560d7a96ca30;
L_0x560d7a96cca0 .functor BUF 1, L_0x560d7a96caa0, C4<0>, C4<0>, C4<0>;
L_0x560d7a96cee0 .functor NOT 1, L_0x560d7a96caa0, C4<0>, C4<0>, C4<0>;
L_0x560d7a96cf50 .functor BUF 1, L_0x560d7a96cee0, C4<0>, C4<0>, C4<0>;
v0x560d7a81b960_0 .net "CLK", 0 0, v0x560d7a908bd0_0;  alias, 1 drivers
v0x560d7a81ba00_0 .net "D", 0 0, L_0x560d7a9a5860;  alias, 1 drivers
v0x560d7a81baa0_0 .net "Q", 0 0, L_0x560d7a96cca0;  alias, 1 drivers
v0x560d7a81bb40_0 .net "Q_N", 0 0, L_0x560d7a96cf50;  1 drivers
v0x560d7a81bbe0_0 .net "RESET_B", 0 0, L_0x560d7a9bd040;  alias, 1 drivers
v0x560d7a81bc80_0 .net "SCD", 0 0, L_0x560d7a96cca0;  alias, 1 drivers
v0x560d7a81bd20_0 .net "SCE", 0 0, L_0x560d7a93e8c0;  alias, 1 drivers
v0x560d7a81bdc0_0 .net "SET_B", 0 0, v0x560d7a909430_0;  alias, 1 drivers
v0x560d7a81be60_0 .net/2s *"_ivl_15", 0 0, L_0x7f6fe5f770b0;  1 drivers
v0x560d7a81bf00_0 .net "delayed_CLK", 0 0, L_0x560d7a96c6a0;  1 drivers
v0x560d7a81bfa0_0 .net "delayed_D", 0 0, L_0x560d7a96c2c0;  1 drivers
v0x560d7a81c040_0 .net "delayed_RESET_B", 0 0, L_0x560d7a96c5c0;  1 drivers
v0x560d7a81c0e0_0 .net "delayed_SCD", 0 0, L_0x560d7a96c4e0;  1 drivers
v0x560d7a81c180_0 .net "delayed_SCE", 0 0, L_0x560d7a96c550;  1 drivers
v0x560d7a81c220_0 .net "delayed_SET_B", 0 0, L_0x560d7a96c630;  1 drivers
v0x560d7a81c2c0_0 .net "int_fwire_IQ", 0 0, L_0x560d7a96caa0;  1 drivers
v0x560d7a81c360_0 .net "int_fwire_IQN", 0 0, L_0x560d7a96cee0;  1 drivers
v0x560d7a81c510_0 .net "int_fwire_d", 0 0, L_0x560d7a96c750;  1 drivers
v0x560d7a81c5b0_0 .net "int_fwire_r", 0 0, L_0x560d7a96c970;  1 drivers
v0x560d7a81c650_0 .net "int_fwire_s", 0 0, L_0x560d7a96c860;  1 drivers
v0x560d7a81c6f0_0 .var "notifier", 0 0;
v0x560d7a81c790_0 .net "xcr_0", 0 0, L_0x560d7a96ca30;  1 drivers
S_0x560d7a81c830 .scope module, "_0888_" "sg13g2_hv_sdfbbp_1" 5 2937, 3 1964 1, S_0x560d7a760c50;
 .timescale -9 -11;
    .port_info 0 /OUTPUT 1 "Q";
    .port_info 1 /OUTPUT 1 "Q_N";
    .port_info 2 /INPUT 1 "CLK";
    .port_info 3 /INPUT 1 "D";
    .port_info 4 /INPUT 1 "RESET_B";
    .port_info 5 /INPUT 1 "SCD";
    .port_info 6 /INPUT 1 "SCE";
    .port_info 7 /INPUT 1 "SET_B";
L_0x560d7a96ce70 .functor BUFZ 1, L_0x560d7a9a6390, C4<0>, C4<0>, C4<0>;
L_0x560d7a96d090 .functor BUFZ 1, L_0x560d7a96d8b0, C4<0>, C4<0>, C4<0>;
L_0x560d7a96d100 .functor BUFZ 1, L_0x560d7a93ea30, C4<0>, C4<0>, C4<0>;
L_0x560d7a96d170 .functor BUFZ 1, v0x560d7a909430_0, C4<0>, C4<0>, C4<0>;
L_0x560d7a96d210 .functor BUFZ 1, L_0x560d7a9bd140, C4<0>, C4<0>, C4<0>;
L_0x560d7a96d280 .functor BUFZ 1, v0x560d7a908bd0_0, C4<0>, C4<0>, C4<0>;
L_0x560d7a96d330 .udp UDP_ihp_mux2, L_0x560d7a96ce70, L_0x560d7a96d090, L_0x560d7a96d100;
L_0x560d7a96d470 .functor NOT 1, L_0x560d7a96d210, C4<0>, C4<0>, C4<0>;
L_0x560d7a96d580 .functor NOT 1, L_0x560d7a96d170, C4<0>, C4<0>, C4<0>;
L_0x7f6fe5f770f8 .functor BUFT 1, C4<0>, C4<0>, C4<0>, C4<0>;
L_0x560d7a96d640 .functor BUF 1, L_0x7f6fe5f770f8, C4<0>, C4<0>, C4<0>;
L_0x560d7a96d6b0 .udp UDP_ihp_dff_sr_1, v0x560d7a81d860_0, L_0x560d7a96d280, L_0x560d7a96d330, L_0x560d7a96d470, L_0x560d7a96d580, L_0x560d7a96d640;
L_0x560d7a96d8b0 .functor BUF 1, L_0x560d7a96d6b0, C4<0>, C4<0>, C4<0>;
L_0x560d7a96daf0 .functor NOT 1, L_0x560d7a96d6b0, C4<0>, C4<0>, C4<0>;
L_0x560d7a96db60 .functor BUF 1, L_0x560d7a96daf0, C4<0>, C4<0>, C4<0>;
v0x560d7a81cad0_0 .net "CLK", 0 0, v0x560d7a908bd0_0;  alias, 1 drivers
v0x560d7a81cb70_0 .net "D", 0 0, L_0x560d7a9a6390;  alias, 1 drivers
v0x560d7a81cc10_0 .net "Q", 0 0, L_0x560d7a96d8b0;  alias, 1 drivers
v0x560d7a81ccb0_0 .net "Q_N", 0 0, L_0x560d7a96db60;  1 drivers
v0x560d7a81cd50_0 .net "RESET_B", 0 0, v0x560d7a909430_0;  alias, 1 drivers
v0x560d7a81cdf0_0 .net "SCD", 0 0, L_0x560d7a96d8b0;  alias, 1 drivers
v0x560d7a81ce90_0 .net "SCE", 0 0, L_0x560d7a93ea30;  alias, 1 drivers
v0x560d7a81cf30_0 .net "SET_B", 0 0, L_0x560d7a9bd140;  alias, 1 drivers
v0x560d7a81cfd0_0 .net/2s *"_ivl_15", 0 0, L_0x7f6fe5f770f8;  1 drivers
v0x560d7a81d070_0 .net "delayed_CLK", 0 0, L_0x560d7a96d280;  1 drivers
v0x560d7a81d110_0 .net "delayed_D", 0 0, L_0x560d7a96ce70;  1 drivers
v0x560d7a81d1b0_0 .net "delayed_RESET_B", 0 0, L_0x560d7a96d170;  1 drivers
v0x560d7a81d250_0 .net "delayed_SCD", 0 0, L_0x560d7a96d090;  1 drivers
v0x560d7a81d2f0_0 .net "delayed_SCE", 0 0, L_0x560d7a96d100;  1 drivers
v0x560d7a81d390_0 .net "delayed_SET_B", 0 0, L_0x560d7a96d210;  1 drivers
v0x560d7a81d430_0 .net "int_fwire_IQ", 0 0, L_0x560d7a96d6b0;  1 drivers
v0x560d7a81d4d0_0 .net "int_fwire_IQN", 0 0, L_0x560d7a96daf0;  1 drivers
v0x560d7a81d680_0 .net "int_fwire_d", 0 0, L_0x560d7a96d330;  1 drivers
v0x560d7a81d720_0 .net "int_fwire_r", 0 0, L_0x560d7a96d580;  1 drivers
v0x560d7a81d7c0_0 .net "int_fwire_s", 0 0, L_0x560d7a96d470;  1 drivers
v0x560d7a81d860_0 .var "notifier", 0 0;
v0x560d7a81d900_0 .net "xcr_0", 0 0, L_0x560d7a96d640;  1 drivers
S_0x560d7a81d9a0 .scope module, "_0889_" "sg13g2_hv_sdfbbp_1" 5 2946, 3 1964 1, S_0x560d7a760c50;
 .timescale -9 -11;
    .port_info 0 /OUTPUT 1 "Q";
    .port_info 1 /OUTPUT 1 "Q_N";
    .port_info 2 /INPUT 1 "CLK";
    .port_info 3 /INPUT 1 "D";
    .port_info 4 /INPUT 1 "RESET_B";
    .port_info 5 /INPUT 1 "SCD";
    .port_info 6 /INPUT 1 "SCE";
    .port_info 7 /INPUT 1 "SET_B";
L_0x560d7a96da80 .functor BUFZ 1, L_0x560d7a9a6f50, C4<0>, C4<0>, C4<0>;
L_0x560d7a96dca0 .functor BUFZ 1, L_0x560d7a96e490, C4<0>, C4<0>, C4<0>;
L_0x560d7a96dd10 .functor BUFZ 1, L_0x560d7a93eba0, C4<0>, C4<0>, C4<0>;
L_0x560d7a96dd80 .functor BUFZ 1, L_0x560d7a9bd240, C4<0>, C4<0>, C4<0>;
L_0x560d7a96de20 .functor BUFZ 1, v0x560d7a909430_0, C4<0>, C4<0>, C4<0>;
L_0x560d7a96de90 .functor BUFZ 1, v0x560d7a908bd0_0, C4<0>, C4<0>, C4<0>;
L_0x560d7a96df40 .udp UDP_ihp_mux2, L_0x560d7a96da80, L_0x560d7a96dca0, L_0x560d7a96dd10;
L_0x560d7a96e050 .functor NOT 1, L_0x560d7a96de20, C4<0>, C4<0>, C4<0>;
L_0x560d7a96e160 .functor NOT 1, L_0x560d7a96dd80, C4<0>, C4<0>, C4<0>;
L_0x7f6fe5f77140 .functor BUFT 1, C4<0>, C4<0>, C4<0>, C4<0>;
L_0x560d7a96e220 .functor BUF 1, L_0x7f6fe5f77140, C4<0>, C4<0>, C4<0>;
L_0x560d7a96e290 .udp UDP_ihp_dff_sr_1, v0x560d7a81e9d0_0, L_0x560d7a96de90, L_0x560d7a96df40, L_0x560d7a96e050, L_0x560d7a96e160, L_0x560d7a96e220;
L_0x560d7a96e490 .functor BUF 1, L_0x560d7a96e290, C4<0>, C4<0>, C4<0>;
L_0x560d7a96e6d0 .functor NOT 1, L_0x560d7a96e290, C4<0>, C4<0>, C4<0>;
L_0x560d7a96e740 .functor BUF 1, L_0x560d7a96e6d0, C4<0>, C4<0>, C4<0>;
v0x560d7a81dc40_0 .net "CLK", 0 0, v0x560d7a908bd0_0;  alias, 1 drivers
v0x560d7a81dce0_0 .net "D", 0 0, L_0x560d7a9a6f50;  alias, 1 drivers
v0x560d7a81dd80_0 .net "Q", 0 0, L_0x560d7a96e490;  alias, 1 drivers
v0x560d7a81de20_0 .net "Q_N", 0 0, L_0x560d7a96e740;  1 drivers
v0x560d7a81dec0_0 .net "RESET_B", 0 0, L_0x560d7a9bd240;  alias, 1 drivers
v0x560d7a81df60_0 .net "SCD", 0 0, L_0x560d7a96e490;  alias, 1 drivers
v0x560d7a81e000_0 .net "SCE", 0 0, L_0x560d7a93eba0;  alias, 1 drivers
v0x560d7a81e0a0_0 .net "SET_B", 0 0, v0x560d7a909430_0;  alias, 1 drivers
v0x560d7a81e140_0 .net/2s *"_ivl_15", 0 0, L_0x7f6fe5f77140;  1 drivers
v0x560d7a81e1e0_0 .net "delayed_CLK", 0 0, L_0x560d7a96de90;  1 drivers
v0x560d7a81e280_0 .net "delayed_D", 0 0, L_0x560d7a96da80;  1 drivers
v0x560d7a81e320_0 .net "delayed_RESET_B", 0 0, L_0x560d7a96dd80;  1 drivers
v0x560d7a81e3c0_0 .net "delayed_SCD", 0 0, L_0x560d7a96dca0;  1 drivers
v0x560d7a81e460_0 .net "delayed_SCE", 0 0, L_0x560d7a96dd10;  1 drivers
v0x560d7a81e500_0 .net "delayed_SET_B", 0 0, L_0x560d7a96de20;  1 drivers
v0x560d7a81e5a0_0 .net "int_fwire_IQ", 0 0, L_0x560d7a96e290;  1 drivers
v0x560d7a81e640_0 .net "int_fwire_IQN", 0 0, L_0x560d7a96e6d0;  1 drivers
v0x560d7a81e7f0_0 .net "int_fwire_d", 0 0, L_0x560d7a96df40;  1 drivers
v0x560d7a81e890_0 .net "int_fwire_r", 0 0, L_0x560d7a96e160;  1 drivers
v0x560d7a81e930_0 .net "int_fwire_s", 0 0, L_0x560d7a96e050;  1 drivers
v0x560d7a81e9d0_0 .var "notifier", 0 0;
v0x560d7a81ea70_0 .net "xcr_0", 0 0, L_0x560d7a96e220;  1 drivers
S_0x560d7a81eb10 .scope module, "_0890_" "sg13g2_hv_sdfbbp_1" 5 2955, 3 1964 1, S_0x560d7a760c50;
 .timescale -9 -11;
    .port_info 0 /OUTPUT 1 "Q";
    .port_info 1 /OUTPUT 1 "Q_N";
    .port_info 2 /INPUT 1 "CLK";
    .port_info 3 /INPUT 1 "D";
    .port_info 4 /INPUT 1 "RESET_B";
    .port_info 5 /INPUT 1 "SCD";
    .port_info 6 /INPUT 1 "SCE";
    .port_info 7 /INPUT 1 "SET_B";
L_0x560d7a96e660 .functor BUFZ 1, L_0x560d7a9a7b10, C4<0>, C4<0>, C4<0>;
L_0x560d7a96e880 .functor BUFZ 1, L_0x560d7a96f0a0, C4<0>, C4<0>, C4<0>;
L_0x560d7a96e8f0 .functor BUFZ 1, L_0x560d7a93ed10, C4<0>, C4<0>, C4<0>;
L_0x560d7a96e960 .functor BUFZ 1, v0x560d7a909430_0, C4<0>, C4<0>, C4<0>;
L_0x560d7a96ea00 .functor BUFZ 1, L_0x560d7a9bd340, C4<0>, C4<0>, C4<0>;
L_0x560d7a96ea70 .functor BUFZ 1, v0x560d7a908bd0_0, C4<0>, C4<0>, C4<0>;
L_0x560d7a96eb20 .udp UDP_ihp_mux2, L_0x560d7a96e660, L_0x560d7a96e880, L_0x560d7a96e8f0;
L_0x560d7a96ec60 .functor NOT 1, L_0x560d7a96ea00, C4<0>, C4<0>, C4<0>;
L_0x560d7a96ed70 .functor NOT 1, L_0x560d7a96e960, C4<0>, C4<0>, C4<0>;
L_0x7f6fe5f77188 .functor BUFT 1, C4<0>, C4<0>, C4<0>, C4<0>;
L_0x560d7a96ee30 .functor BUF 1, L_0x7f6fe5f77188, C4<0>, C4<0>, C4<0>;
L_0x560d7a96eea0 .udp UDP_ihp_dff_sr_1, v0x560d7a81fb40_0, L_0x560d7a96ea70, L_0x560d7a96eb20, L_0x560d7a96ec60, L_0x560d7a96ed70, L_0x560d7a96ee30;
L_0x560d7a96f0a0 .functor BUF 1, L_0x560d7a96eea0, C4<0>, C4<0>, C4<0>;
L_0x560d7a96f2e0 .functor NOT 1, L_0x560d7a96eea0, C4<0>, C4<0>, C4<0>;
L_0x560d7a96f350 .functor BUF 1, L_0x560d7a96f2e0, C4<0>, C4<0>, C4<0>;
v0x560d7a81edb0_0 .net "CLK", 0 0, v0x560d7a908bd0_0;  alias, 1 drivers
v0x560d7a81ee50_0 .net "D", 0 0, L_0x560d7a9a7b10;  alias, 1 drivers
v0x560d7a81eef0_0 .net "Q", 0 0, L_0x560d7a96f0a0;  alias, 1 drivers
v0x560d7a81ef90_0 .net "Q_N", 0 0, L_0x560d7a96f350;  1 drivers
v0x560d7a81f030_0 .net "RESET_B", 0 0, v0x560d7a909430_0;  alias, 1 drivers
v0x560d7a81f0d0_0 .net "SCD", 0 0, L_0x560d7a96f0a0;  alias, 1 drivers
v0x560d7a81f170_0 .net "SCE", 0 0, L_0x560d7a93ed10;  alias, 1 drivers
v0x560d7a81f210_0 .net "SET_B", 0 0, L_0x560d7a9bd340;  alias, 1 drivers
v0x560d7a81f2b0_0 .net/2s *"_ivl_15", 0 0, L_0x7f6fe5f77188;  1 drivers
v0x560d7a81f350_0 .net "delayed_CLK", 0 0, L_0x560d7a96ea70;  1 drivers
v0x560d7a81f3f0_0 .net "delayed_D", 0 0, L_0x560d7a96e660;  1 drivers
v0x560d7a81f490_0 .net "delayed_RESET_B", 0 0, L_0x560d7a96e960;  1 drivers
v0x560d7a81f530_0 .net "delayed_SCD", 0 0, L_0x560d7a96e880;  1 drivers
v0x560d7a81f5d0_0 .net "delayed_SCE", 0 0, L_0x560d7a96e8f0;  1 drivers
v0x560d7a81f670_0 .net "delayed_SET_B", 0 0, L_0x560d7a96ea00;  1 drivers
v0x560d7a81f710_0 .net "int_fwire_IQ", 0 0, L_0x560d7a96eea0;  1 drivers
v0x560d7a81f7b0_0 .net "int_fwire_IQN", 0 0, L_0x560d7a96f2e0;  1 drivers
v0x560d7a81f960_0 .net "int_fwire_d", 0 0, L_0x560d7a96eb20;  1 drivers
v0x560d7a81fa00_0 .net "int_fwire_r", 0 0, L_0x560d7a96ed70;  1 drivers
v0x560d7a81faa0_0 .net "int_fwire_s", 0 0, L_0x560d7a96ec60;  1 drivers
v0x560d7a81fb40_0 .var "notifier", 0 0;
v0x560d7a81fbe0_0 .net "xcr_0", 0 0, L_0x560d7a96ee30;  1 drivers
S_0x560d7a81fc80 .scope module, "_0891_" "sg13g2_hv_sdfbbp_1" 5 2964, 3 1964 1, S_0x560d7a760c50;
 .timescale -9 -11;
    .port_info 0 /OUTPUT 1 "Q";
    .port_info 1 /OUTPUT 1 "Q_N";
    .port_info 2 /INPUT 1 "CLK";
    .port_info 3 /INPUT 1 "D";
    .port_info 4 /INPUT 1 "RESET_B";
    .port_info 5 /INPUT 1 "SCD";
    .port_info 6 /INPUT 1 "SCE";
    .port_info 7 /INPUT 1 "SET_B";
L_0x560d7a96f270 .functor BUFZ 1, L_0x560d7a9a86d0, C4<0>, C4<0>, C4<0>;
L_0x560d7a96f490 .functor BUFZ 1, L_0x560d7a96fc80, C4<0>, C4<0>, C4<0>;
L_0x560d7a96f500 .functor BUFZ 1, L_0x560d7a93f290, C4<0>, C4<0>, C4<0>;
L_0x560d7a96f570 .functor BUFZ 1, v0x560d7a909430_0, C4<0>, C4<0>, C4<0>;
L_0x560d7a96f610 .functor BUFZ 1, L_0x560d7a9bd440, C4<0>, C4<0>, C4<0>;
L_0x560d7a96f680 .functor BUFZ 1, v0x560d7a908bd0_0, C4<0>, C4<0>, C4<0>;
L_0x560d7a96f730 .udp UDP_ihp_mux2, L_0x560d7a96f270, L_0x560d7a96f490, L_0x560d7a96f500;
L_0x560d7a96f840 .functor NOT 1, L_0x560d7a96f610, C4<0>, C4<0>, C4<0>;
L_0x560d7a96f950 .functor NOT 1, L_0x560d7a96f570, C4<0>, C4<0>, C4<0>;
L_0x7f6fe5f771d0 .functor BUFT 1, C4<0>, C4<0>, C4<0>, C4<0>;
L_0x560d7a96fa10 .functor BUF 1, L_0x7f6fe5f771d0, C4<0>, C4<0>, C4<0>;
L_0x560d7a96fa80 .udp UDP_ihp_dff_sr_1, v0x560d7a820cb0_0, L_0x560d7a96f680, L_0x560d7a96f730, L_0x560d7a96f840, L_0x560d7a96f950, L_0x560d7a96fa10;
L_0x560d7a96fc80 .functor BUF 1, L_0x560d7a96fa80, C4<0>, C4<0>, C4<0>;
L_0x560d7a96fec0 .functor NOT 1, L_0x560d7a96fa80, C4<0>, C4<0>, C4<0>;
L_0x560d7a96ff30 .functor BUF 1, L_0x560d7a96fec0, C4<0>, C4<0>, C4<0>;
v0x560d7a81ff20_0 .net "CLK", 0 0, v0x560d7a908bd0_0;  alias, 1 drivers
v0x560d7a81ffc0_0 .net "D", 0 0, L_0x560d7a9a86d0;  alias, 1 drivers
v0x560d7a820060_0 .net "Q", 0 0, L_0x560d7a96fc80;  alias, 1 drivers
v0x560d7a820100_0 .net "Q_N", 0 0, L_0x560d7a96ff30;  1 drivers
v0x560d7a8201a0_0 .net "RESET_B", 0 0, v0x560d7a909430_0;  alias, 1 drivers
v0x560d7a820240_0 .net "SCD", 0 0, L_0x560d7a96fc80;  alias, 1 drivers
v0x560d7a8202e0_0 .net "SCE", 0 0, L_0x560d7a93f290;  alias, 1 drivers
v0x560d7a820380_0 .net "SET_B", 0 0, L_0x560d7a9bd440;  alias, 1 drivers
v0x560d7a820420_0 .net/2s *"_ivl_15", 0 0, L_0x7f6fe5f771d0;  1 drivers
v0x560d7a8204c0_0 .net "delayed_CLK", 0 0, L_0x560d7a96f680;  1 drivers
v0x560d7a820560_0 .net "delayed_D", 0 0, L_0x560d7a96f270;  1 drivers
v0x560d7a820600_0 .net "delayed_RESET_B", 0 0, L_0x560d7a96f570;  1 drivers
v0x560d7a8206a0_0 .net "delayed_SCD", 0 0, L_0x560d7a96f490;  1 drivers
v0x560d7a820740_0 .net "delayed_SCE", 0 0, L_0x560d7a96f500;  1 drivers
v0x560d7a8207e0_0 .net "delayed_SET_B", 0 0, L_0x560d7a96f610;  1 drivers
v0x560d7a820880_0 .net "int_fwire_IQ", 0 0, L_0x560d7a96fa80;  1 drivers
v0x560d7a820920_0 .net "int_fwire_IQN", 0 0, L_0x560d7a96fec0;  1 drivers
v0x560d7a820ad0_0 .net "int_fwire_d", 0 0, L_0x560d7a96f730;  1 drivers
v0x560d7a820b70_0 .net "int_fwire_r", 0 0, L_0x560d7a96f950;  1 drivers
v0x560d7a820c10_0 .net "int_fwire_s", 0 0, L_0x560d7a96f840;  1 drivers
v0x560d7a820cb0_0 .var "notifier", 0 0;
v0x560d7a820d50_0 .net "xcr_0", 0 0, L_0x560d7a96fa10;  1 drivers
S_0x560d7a820df0 .scope module, "_0892_" "sg13g2_hv_sdfbbp_1" 5 2973, 3 1964 1, S_0x560d7a760c50;
 .timescale -9 -11;
    .port_info 0 /OUTPUT 1 "Q";
    .port_info 1 /OUTPUT 1 "Q_N";
    .port_info 2 /INPUT 1 "CLK";
    .port_info 3 /INPUT 1 "D";
    .port_info 4 /INPUT 1 "RESET_B";
    .port_info 5 /INPUT 1 "SCD";
    .port_info 6 /INPUT 1 "SCE";
    .port_info 7 /INPUT 1 "SET_B";
L_0x560d7a96fe50 .functor BUFZ 1, L_0x560d7a9a9290, C4<0>, C4<0>, C4<0>;
L_0x560d7a970070 .functor BUFZ 1, L_0x560d7a970ca0, C4<0>, C4<0>, C4<0>;
L_0x560d7a9700e0 .functor BUFZ 1, L_0x560d7a93f400, C4<0>, C4<0>, C4<0>;
L_0x560d7a970150 .functor BUFZ 1, v0x560d7a909430_0, C4<0>, C4<0>, C4<0>;
L_0x560d7a9701f0 .functor BUFZ 1, L_0x560d7a9bd540, C4<0>, C4<0>, C4<0>;
L_0x560d7a970260 .functor BUFZ 1, v0x560d7a908bd0_0, C4<0>, C4<0>, C4<0>;
L_0x560d7a970310 .udp UDP_ihp_mux2, L_0x560d7a96fe50, L_0x560d7a970070, L_0x560d7a9700e0;
L_0x560d7a970450 .functor NOT 1, L_0x560d7a9701f0, C4<0>, C4<0>, C4<0>;
L_0x560d7a970560 .functor NOT 1, L_0x560d7a970150, C4<0>, C4<0>, C4<0>;
L_0x7f6fe5f77218 .functor BUFT 1, C4<0>, C4<0>, C4<0>, C4<0>;
L_0x560d7a970620 .functor BUF 1, L_0x7f6fe5f77218, C4<0>, C4<0>, C4<0>;
L_0x560d7a970aa0 .udp UDP_ihp_dff_sr_1, v0x560d7a821e20_0, L_0x560d7a970260, L_0x560d7a970310, L_0x560d7a970450, L_0x560d7a970560, L_0x560d7a970620;
L_0x560d7a970ca0 .functor BUF 1, L_0x560d7a970aa0, C4<0>, C4<0>, C4<0>;
L_0x560d7a970ee0 .functor NOT 1, L_0x560d7a970aa0, C4<0>, C4<0>, C4<0>;
L_0x560d7a970f50 .functor BUF 1, L_0x560d7a970ee0, C4<0>, C4<0>, C4<0>;
v0x560d7a821090_0 .net "CLK", 0 0, v0x560d7a908bd0_0;  alias, 1 drivers
v0x560d7a821130_0 .net "D", 0 0, L_0x560d7a9a9290;  alias, 1 drivers
v0x560d7a8211d0_0 .net "Q", 0 0, L_0x560d7a970ca0;  alias, 1 drivers
v0x560d7a821270_0 .net "Q_N", 0 0, L_0x560d7a970f50;  1 drivers
v0x560d7a821310_0 .net "RESET_B", 0 0, v0x560d7a909430_0;  alias, 1 drivers
v0x560d7a8213b0_0 .net "SCD", 0 0, L_0x560d7a970ca0;  alias, 1 drivers
v0x560d7a821450_0 .net "SCE", 0 0, L_0x560d7a93f400;  alias, 1 drivers
v0x560d7a8214f0_0 .net "SET_B", 0 0, L_0x560d7a9bd540;  alias, 1 drivers
v0x560d7a821590_0 .net/2s *"_ivl_15", 0 0, L_0x7f6fe5f77218;  1 drivers
v0x560d7a821630_0 .net "delayed_CLK", 0 0, L_0x560d7a970260;  1 drivers
v0x560d7a8216d0_0 .net "delayed_D", 0 0, L_0x560d7a96fe50;  1 drivers
v0x560d7a821770_0 .net "delayed_RESET_B", 0 0, L_0x560d7a970150;  1 drivers
v0x560d7a821810_0 .net "delayed_SCD", 0 0, L_0x560d7a970070;  1 drivers
v0x560d7a8218b0_0 .net "delayed_SCE", 0 0, L_0x560d7a9700e0;  1 drivers
v0x560d7a821950_0 .net "delayed_SET_B", 0 0, L_0x560d7a9701f0;  1 drivers
v0x560d7a8219f0_0 .net "int_fwire_IQ", 0 0, L_0x560d7a970aa0;  1 drivers
v0x560d7a821a90_0 .net "int_fwire_IQN", 0 0, L_0x560d7a970ee0;  1 drivers
v0x560d7a821c40_0 .net "int_fwire_d", 0 0, L_0x560d7a970310;  1 drivers
v0x560d7a821ce0_0 .net "int_fwire_r", 0 0, L_0x560d7a970560;  1 drivers
v0x560d7a821d80_0 .net "int_fwire_s", 0 0, L_0x560d7a970450;  1 drivers
v0x560d7a821e20_0 .var "notifier", 0 0;
v0x560d7a821ec0_0 .net "xcr_0", 0 0, L_0x560d7a970620;  1 drivers
S_0x560d7a821f60 .scope module, "_0893_" "sg13g2_hv_sdfbbp_1" 5 2982, 3 1964 1, S_0x560d7a760c50;
 .timescale -9 -11;
    .port_info 0 /OUTPUT 1 "Q";
    .port_info 1 /OUTPUT 1 "Q_N";
    .port_info 2 /INPUT 1 "CLK";
    .port_info 3 /INPUT 1 "D";
    .port_info 4 /INPUT 1 "RESET_B";
    .port_info 5 /INPUT 1 "SCD";
    .port_info 6 /INPUT 1 "SCE";
    .port_info 7 /INPUT 1 "SET_B";
L_0x560d7a970e70 .functor BUFZ 1, L_0x560d7a9a9e50, C4<0>, C4<0>, C4<0>;
L_0x560d7a971090 .functor BUFZ 1, L_0x560d7a971880, C4<0>, C4<0>, C4<0>;
L_0x560d7a971100 .functor BUFZ 1, L_0x560d7a93f570, C4<0>, C4<0>, C4<0>;
L_0x560d7a971170 .functor BUFZ 1, v0x560d7a909430_0, C4<0>, C4<0>, C4<0>;
L_0x560d7a971210 .functor BUFZ 1, L_0x560d7a9bd640, C4<0>, C4<0>, C4<0>;
L_0x560d7a971280 .functor BUFZ 1, v0x560d7a908bd0_0, C4<0>, C4<0>, C4<0>;
L_0x560d7a971330 .udp UDP_ihp_mux2, L_0x560d7a970e70, L_0x560d7a971090, L_0x560d7a971100;
L_0x560d7a971440 .functor NOT 1, L_0x560d7a971210, C4<0>, C4<0>, C4<0>;
L_0x560d7a971550 .functor NOT 1, L_0x560d7a971170, C4<0>, C4<0>, C4<0>;
L_0x7f6fe5f77260 .functor BUFT 1, C4<0>, C4<0>, C4<0>, C4<0>;
L_0x560d7a971610 .functor BUF 1, L_0x7f6fe5f77260, C4<0>, C4<0>, C4<0>;
L_0x560d7a971680 .udp UDP_ihp_dff_sr_1, v0x560d7a822f90_0, L_0x560d7a971280, L_0x560d7a971330, L_0x560d7a971440, L_0x560d7a971550, L_0x560d7a971610;
L_0x560d7a971880 .functor BUF 1, L_0x560d7a971680, C4<0>, C4<0>, C4<0>;
L_0x560d7a971ac0 .functor NOT 1, L_0x560d7a971680, C4<0>, C4<0>, C4<0>;
L_0x560d7a971b30 .functor BUF 1, L_0x560d7a971ac0, C4<0>, C4<0>, C4<0>;
v0x560d7a822200_0 .net "CLK", 0 0, v0x560d7a908bd0_0;  alias, 1 drivers
v0x560d7a8222a0_0 .net "D", 0 0, L_0x560d7a9a9e50;  alias, 1 drivers
v0x560d7a822340_0 .net "Q", 0 0, L_0x560d7a971880;  alias, 1 drivers
v0x560d7a8223e0_0 .net "Q_N", 0 0, L_0x560d7a971b30;  1 drivers
v0x560d7a822480_0 .net "RESET_B", 0 0, v0x560d7a909430_0;  alias, 1 drivers
v0x560d7a822520_0 .net "SCD", 0 0, L_0x560d7a971880;  alias, 1 drivers
v0x560d7a8225c0_0 .net "SCE", 0 0, L_0x560d7a93f570;  alias, 1 drivers
v0x560d7a822660_0 .net "SET_B", 0 0, L_0x560d7a9bd640;  alias, 1 drivers
v0x560d7a822700_0 .net/2s *"_ivl_15", 0 0, L_0x7f6fe5f77260;  1 drivers
v0x560d7a8227a0_0 .net "delayed_CLK", 0 0, L_0x560d7a971280;  1 drivers
v0x560d7a822840_0 .net "delayed_D", 0 0, L_0x560d7a970e70;  1 drivers
v0x560d7a8228e0_0 .net "delayed_RESET_B", 0 0, L_0x560d7a971170;  1 drivers
v0x560d7a822980_0 .net "delayed_SCD", 0 0, L_0x560d7a971090;  1 drivers
v0x560d7a822a20_0 .net "delayed_SCE", 0 0, L_0x560d7a971100;  1 drivers
v0x560d7a822ac0_0 .net "delayed_SET_B", 0 0, L_0x560d7a971210;  1 drivers
v0x560d7a822b60_0 .net "int_fwire_IQ", 0 0, L_0x560d7a971680;  1 drivers
v0x560d7a822c00_0 .net "int_fwire_IQN", 0 0, L_0x560d7a971ac0;  1 drivers
v0x560d7a822db0_0 .net "int_fwire_d", 0 0, L_0x560d7a971330;  1 drivers
v0x560d7a822e50_0 .net "int_fwire_r", 0 0, L_0x560d7a971550;  1 drivers
v0x560d7a822ef0_0 .net "int_fwire_s", 0 0, L_0x560d7a971440;  1 drivers
v0x560d7a822f90_0 .var "notifier", 0 0;
v0x560d7a823030_0 .net "xcr_0", 0 0, L_0x560d7a971610;  1 drivers
S_0x560d7a8230d0 .scope module, "_0894_" "sg13g2_hv_sdfbbp_1" 5 2991, 3 1964 1, S_0x560d7a760c50;
 .timescale -9 -11;
    .port_info 0 /OUTPUT 1 "Q";
    .port_info 1 /OUTPUT 1 "Q_N";
    .port_info 2 /INPUT 1 "CLK";
    .port_info 3 /INPUT 1 "D";
    .port_info 4 /INPUT 1 "RESET_B";
    .port_info 5 /INPUT 1 "SCD";
    .port_info 6 /INPUT 1 "SCE";
    .port_info 7 /INPUT 1 "SET_B";
L_0x560d7a971a50 .functor BUFZ 1, L_0x560d7a9a4d30, C4<0>, C4<0>, C4<0>;
L_0x560d7a971c70 .functor BUFZ 1, L_0x560d7a972490, C4<0>, C4<0>, C4<0>;
L_0x560d7a971ce0 .functor BUFZ 1, L_0x560d7a924650, C4<0>, C4<0>, C4<0>;
L_0x560d7a971d50 .functor BUFZ 1, v0x560d7a909430_0, C4<0>, C4<0>, C4<0>;
L_0x560d7a971df0 .functor BUFZ 1, L_0x560d7a9b3db0, C4<0>, C4<0>, C4<0>;
L_0x560d7a971e60 .functor BUFZ 1, v0x560d7a908bd0_0, C4<0>, C4<0>, C4<0>;
L_0x560d7a971f10 .udp UDP_ihp_mux2, L_0x560d7a971a50, L_0x560d7a971c70, L_0x560d7a971ce0;
L_0x560d7a972050 .functor NOT 1, L_0x560d7a971df0, C4<0>, C4<0>, C4<0>;
L_0x560d7a972160 .functor NOT 1, L_0x560d7a971d50, C4<0>, C4<0>, C4<0>;
L_0x7f6fe5f772a8 .functor BUFT 1, C4<0>, C4<0>, C4<0>, C4<0>;
L_0x560d7a972220 .functor BUF 1, L_0x7f6fe5f772a8, C4<0>, C4<0>, C4<0>;
L_0x560d7a972290 .udp UDP_ihp_dff_sr_1, v0x560d7a824100_0, L_0x560d7a971e60, L_0x560d7a971f10, L_0x560d7a972050, L_0x560d7a972160, L_0x560d7a972220;
L_0x560d7a972490 .functor BUF 1, L_0x560d7a972290, C4<0>, C4<0>, C4<0>;
L_0x560d7a9726d0 .functor NOT 1, L_0x560d7a972290, C4<0>, C4<0>, C4<0>;
L_0x560d7a972740 .functor BUF 1, L_0x560d7a9726d0, C4<0>, C4<0>, C4<0>;
v0x560d7a823370_0 .net "CLK", 0 0, v0x560d7a908bd0_0;  alias, 1 drivers
v0x560d7a823410_0 .net "D", 0 0, L_0x560d7a9a4d30;  alias, 1 drivers
v0x560d7a8234b0_0 .net "Q", 0 0, L_0x560d7a972490;  alias, 1 drivers
v0x560d7a823550_0 .net "Q_N", 0 0, L_0x560d7a972740;  1 drivers
v0x560d7a8235f0_0 .net "RESET_B", 0 0, v0x560d7a909430_0;  alias, 1 drivers
v0x560d7a823690_0 .net "SCD", 0 0, L_0x560d7a972490;  alias, 1 drivers
v0x560d7a823730_0 .net "SCE", 0 0, L_0x560d7a924650;  alias, 1 drivers
v0x560d7a8237d0_0 .net "SET_B", 0 0, L_0x560d7a9b3db0;  alias, 1 drivers
v0x560d7a823870_0 .net/2s *"_ivl_15", 0 0, L_0x7f6fe5f772a8;  1 drivers
v0x560d7a823910_0 .net "delayed_CLK", 0 0, L_0x560d7a971e60;  1 drivers
v0x560d7a8239b0_0 .net "delayed_D", 0 0, L_0x560d7a971a50;  1 drivers
v0x560d7a823a50_0 .net "delayed_RESET_B", 0 0, L_0x560d7a971d50;  1 drivers
v0x560d7a823af0_0 .net "delayed_SCD", 0 0, L_0x560d7a971c70;  1 drivers
v0x560d7a823b90_0 .net "delayed_SCE", 0 0, L_0x560d7a971ce0;  1 drivers
v0x560d7a823c30_0 .net "delayed_SET_B", 0 0, L_0x560d7a971df0;  1 drivers
v0x560d7a823cd0_0 .net "int_fwire_IQ", 0 0, L_0x560d7a972290;  1 drivers
v0x560d7a823d70_0 .net "int_fwire_IQN", 0 0, L_0x560d7a9726d0;  1 drivers
v0x560d7a823f20_0 .net "int_fwire_d", 0 0, L_0x560d7a971f10;  1 drivers
v0x560d7a823fc0_0 .net "int_fwire_r", 0 0, L_0x560d7a972160;  1 drivers
v0x560d7a824060_0 .net "int_fwire_s", 0 0, L_0x560d7a972050;  1 drivers
v0x560d7a824100_0 .var "notifier", 0 0;
v0x560d7a8241a0_0 .net "xcr_0", 0 0, L_0x560d7a972220;  1 drivers
S_0x560d7a824240 .scope module, "_0895_" "sg13g2_hv_sdfbbp_1" 5 3000, 3 1964 1, S_0x560d7a760c50;
 .timescale -9 -11;
    .port_info 0 /OUTPUT 1 "Q";
    .port_info 1 /OUTPUT 1 "Q_N";
    .port_info 2 /INPUT 1 "CLK";
    .port_info 3 /INPUT 1 "D";
    .port_info 4 /INPUT 1 "RESET_B";
    .port_info 5 /INPUT 1 "SCD";
    .port_info 6 /INPUT 1 "SCE";
    .port_info 7 /INPUT 1 "SET_B";
L_0x560d7a972660 .functor BUFZ 1, L_0x560d7a9a5860, C4<0>, C4<0>, C4<0>;
L_0x560d7a972880 .functor BUFZ 1, L_0x560d7a973070, C4<0>, C4<0>, C4<0>;
L_0x560d7a9728f0 .functor BUFZ 1, L_0x560d7a93f6e0, C4<0>, C4<0>, C4<0>;
L_0x560d7a972960 .functor BUFZ 1, v0x560d7a909430_0, C4<0>, C4<0>, C4<0>;
L_0x560d7a972a00 .functor BUFZ 1, L_0x560d7a9b4060, C4<0>, C4<0>, C4<0>;
L_0x560d7a972a70 .functor BUFZ 1, v0x560d7a908bd0_0, C4<0>, C4<0>, C4<0>;
L_0x560d7a972b20 .udp UDP_ihp_mux2, L_0x560d7a972660, L_0x560d7a972880, L_0x560d7a9728f0;
L_0x560d7a972c30 .functor NOT 1, L_0x560d7a972a00, C4<0>, C4<0>, C4<0>;
L_0x560d7a972d40 .functor NOT 1, L_0x560d7a972960, C4<0>, C4<0>, C4<0>;
L_0x7f6fe5f772f0 .functor BUFT 1, C4<0>, C4<0>, C4<0>, C4<0>;
L_0x560d7a972e00 .functor BUF 1, L_0x7f6fe5f772f0, C4<0>, C4<0>, C4<0>;
L_0x560d7a972e70 .udp UDP_ihp_dff_sr_1, v0x560d7a825270_0, L_0x560d7a972a70, L_0x560d7a972b20, L_0x560d7a972c30, L_0x560d7a972d40, L_0x560d7a972e00;
L_0x560d7a973070 .functor BUF 1, L_0x560d7a972e70, C4<0>, C4<0>, C4<0>;
L_0x560d7a9732b0 .functor NOT 1, L_0x560d7a972e70, C4<0>, C4<0>, C4<0>;
L_0x560d7a973320 .functor BUF 1, L_0x560d7a9732b0, C4<0>, C4<0>, C4<0>;
v0x560d7a8244e0_0 .net "CLK", 0 0, v0x560d7a908bd0_0;  alias, 1 drivers
v0x560d7a824580_0 .net "D", 0 0, L_0x560d7a9a5860;  alias, 1 drivers
v0x560d7a824620_0 .net "Q", 0 0, L_0x560d7a973070;  alias, 1 drivers
v0x560d7a8246c0_0 .net "Q_N", 0 0, L_0x560d7a973320;  1 drivers
v0x560d7a824760_0 .net "RESET_B", 0 0, v0x560d7a909430_0;  alias, 1 drivers
v0x560d7a824800_0 .net "SCD", 0 0, L_0x560d7a973070;  alias, 1 drivers
v0x560d7a8248a0_0 .net "SCE", 0 0, L_0x560d7a93f6e0;  alias, 1 drivers
v0x560d7a824940_0 .net "SET_B", 0 0, L_0x560d7a9b4060;  alias, 1 drivers
v0x560d7a8249e0_0 .net/2s *"_ivl_15", 0 0, L_0x7f6fe5f772f0;  1 drivers
v0x560d7a824a80_0 .net "delayed_CLK", 0 0, L_0x560d7a972a70;  1 drivers
v0x560d7a824b20_0 .net "delayed_D", 0 0, L_0x560d7a972660;  1 drivers
v0x560d7a824bc0_0 .net "delayed_RESET_B", 0 0, L_0x560d7a972960;  1 drivers
v0x560d7a824c60_0 .net "delayed_SCD", 0 0, L_0x560d7a972880;  1 drivers
v0x560d7a824d00_0 .net "delayed_SCE", 0 0, L_0x560d7a9728f0;  1 drivers
v0x560d7a824da0_0 .net "delayed_SET_B", 0 0, L_0x560d7a972a00;  1 drivers
v0x560d7a824e40_0 .net "int_fwire_IQ", 0 0, L_0x560d7a972e70;  1 drivers
v0x560d7a824ee0_0 .net "int_fwire_IQN", 0 0, L_0x560d7a9732b0;  1 drivers
v0x560d7a825090_0 .net "int_fwire_d", 0 0, L_0x560d7a972b20;  1 drivers
v0x560d7a825130_0 .net "int_fwire_r", 0 0, L_0x560d7a972d40;  1 drivers
v0x560d7a8251d0_0 .net "int_fwire_s", 0 0, L_0x560d7a972c30;  1 drivers
v0x560d7a825270_0 .var "notifier", 0 0;
v0x560d7a825310_0 .net "xcr_0", 0 0, L_0x560d7a972e00;  1 drivers
S_0x560d7a8253b0 .scope module, "_0896_" "sg13g2_hv_sdfbbp_1" 5 3009, 3 1964 1, S_0x560d7a760c50;
 .timescale -9 -11;
    .port_info 0 /OUTPUT 1 "Q";
    .port_info 1 /OUTPUT 1 "Q_N";
    .port_info 2 /INPUT 1 "CLK";
    .port_info 3 /INPUT 1 "D";
    .port_info 4 /INPUT 1 "RESET_B";
    .port_info 5 /INPUT 1 "SCD";
    .port_info 6 /INPUT 1 "SCE";
    .port_info 7 /INPUT 1 "SET_B";
L_0x560d7a973240 .functor BUFZ 1, L_0x560d7a9a6390, C4<0>, C4<0>, C4<0>;
L_0x560d7a973460 .functor BUFZ 1, L_0x560d7a973c50, C4<0>, C4<0>, C4<0>;
L_0x560d7a9734d0 .functor BUFZ 1, L_0x560d7a93f850, C4<0>, C4<0>, C4<0>;
L_0x560d7a973540 .functor BUFZ 1, L_0x560d7a9b4160, C4<0>, C4<0>, C4<0>;
L_0x560d7a9735b0 .functor BUFZ 1, v0x560d7a909430_0, C4<0>, C4<0>, C4<0>;
L_0x560d7a973620 .functor BUFZ 1, v0x560d7a908bd0_0, C4<0>, C4<0>, C4<0>;
L_0x560d7a9736d0 .udp UDP_ihp_mux2, L_0x560d7a973240, L_0x560d7a973460, L_0x560d7a9734d0;
L_0x560d7a973810 .functor NOT 1, L_0x560d7a9735b0, C4<0>, C4<0>, C4<0>;
L_0x560d7a973920 .functor NOT 1, L_0x560d7a973540, C4<0>, C4<0>, C4<0>;
L_0x7f6fe5f77338 .functor BUFT 1, C4<0>, C4<0>, C4<0>, C4<0>;
L_0x560d7a9739e0 .functor BUF 1, L_0x7f6fe5f77338, C4<0>, C4<0>, C4<0>;
L_0x560d7a973a50 .udp UDP_ihp_dff_sr_1, v0x560d7a8263e0_0, L_0x560d7a973620, L_0x560d7a9736d0, L_0x560d7a973810, L_0x560d7a973920, L_0x560d7a9739e0;
L_0x560d7a973c50 .functor BUF 1, L_0x560d7a973a50, C4<0>, C4<0>, C4<0>;
L_0x560d7a973e90 .functor NOT 1, L_0x560d7a973a50, C4<0>, C4<0>, C4<0>;
L_0x560d7a973f00 .functor BUF 1, L_0x560d7a973e90, C4<0>, C4<0>, C4<0>;
v0x560d7a825650_0 .net "CLK", 0 0, v0x560d7a908bd0_0;  alias, 1 drivers
v0x560d7a8256f0_0 .net "D", 0 0, L_0x560d7a9a6390;  alias, 1 drivers
v0x560d7a825790_0 .net "Q", 0 0, L_0x560d7a973c50;  alias, 1 drivers
v0x560d7a825830_0 .net "Q_N", 0 0, L_0x560d7a973f00;  1 drivers
v0x560d7a8258d0_0 .net "RESET_B", 0 0, L_0x560d7a9b4160;  alias, 1 drivers
v0x560d7a825970_0 .net "SCD", 0 0, L_0x560d7a973c50;  alias, 1 drivers
v0x560d7a825a10_0 .net "SCE", 0 0, L_0x560d7a93f850;  alias, 1 drivers
v0x560d7a825ab0_0 .net "SET_B", 0 0, v0x560d7a909430_0;  alias, 1 drivers
v0x560d7a825b50_0 .net/2s *"_ivl_15", 0 0, L_0x7f6fe5f77338;  1 drivers
v0x560d7a825bf0_0 .net "delayed_CLK", 0 0, L_0x560d7a973620;  1 drivers
v0x560d7a825c90_0 .net "delayed_D", 0 0, L_0x560d7a973240;  1 drivers
v0x560d7a825d30_0 .net "delayed_RESET_B", 0 0, L_0x560d7a973540;  1 drivers
v0x560d7a825dd0_0 .net "delayed_SCD", 0 0, L_0x560d7a973460;  1 drivers
v0x560d7a825e70_0 .net "delayed_SCE", 0 0, L_0x560d7a9734d0;  1 drivers
v0x560d7a825f10_0 .net "delayed_SET_B", 0 0, L_0x560d7a9735b0;  1 drivers
v0x560d7a825fb0_0 .net "int_fwire_IQ", 0 0, L_0x560d7a973a50;  1 drivers
v0x560d7a826050_0 .net "int_fwire_IQN", 0 0, L_0x560d7a973e90;  1 drivers
v0x560d7a826200_0 .net "int_fwire_d", 0 0, L_0x560d7a9736d0;  1 drivers
v0x560d7a8262a0_0 .net "int_fwire_r", 0 0, L_0x560d7a973920;  1 drivers
v0x560d7a826340_0 .net "int_fwire_s", 0 0, L_0x560d7a973810;  1 drivers
v0x560d7a8263e0_0 .var "notifier", 0 0;
v0x560d7a826480_0 .net "xcr_0", 0 0, L_0x560d7a9739e0;  1 drivers
S_0x560d7a826520 .scope module, "_0897_" "sg13g2_hv_sdfbbp_1" 5 3018, 3 1964 1, S_0x560d7a760c50;
 .timescale -9 -11;
    .port_info 0 /OUTPUT 1 "Q";
    .port_info 1 /OUTPUT 1 "Q_N";
    .port_info 2 /INPUT 1 "CLK";
    .port_info 3 /INPUT 1 "D";
    .port_info 4 /INPUT 1 "RESET_B";
    .port_info 5 /INPUT 1 "SCD";
    .port_info 6 /INPUT 1 "SCE";
    .port_info 7 /INPUT 1 "SET_B";
L_0x560d7a973e20 .functor BUFZ 1, L_0x560d7a9a6f50, C4<0>, C4<0>, C4<0>;
L_0x560d7a974040 .functor BUFZ 1, L_0x560d7a974830, C4<0>, C4<0>, C4<0>;
L_0x560d7a9740b0 .functor BUFZ 1, L_0x560d7a93f9c0, C4<0>, C4<0>, C4<0>;
L_0x560d7a974120 .functor BUFZ 1, L_0x560d7a9b4260, C4<0>, C4<0>, C4<0>;
L_0x560d7a9741c0 .functor BUFZ 1, v0x560d7a909430_0, C4<0>, C4<0>, C4<0>;
L_0x560d7a974230 .functor BUFZ 1, v0x560d7a908bd0_0, C4<0>, C4<0>, C4<0>;
L_0x560d7a9742e0 .udp UDP_ihp_mux2, L_0x560d7a973e20, L_0x560d7a974040, L_0x560d7a9740b0;
L_0x560d7a9743f0 .functor NOT 1, L_0x560d7a9741c0, C4<0>, C4<0>, C4<0>;
L_0x560d7a974500 .functor NOT 1, L_0x560d7a974120, C4<0>, C4<0>, C4<0>;
L_0x7f6fe5f77380 .functor BUFT 1, C4<0>, C4<0>, C4<0>, C4<0>;
L_0x560d7a9745c0 .functor BUF 1, L_0x7f6fe5f77380, C4<0>, C4<0>, C4<0>;
L_0x560d7a974630 .udp UDP_ihp_dff_sr_1, v0x560d7a843510_0, L_0x560d7a974230, L_0x560d7a9742e0, L_0x560d7a9743f0, L_0x560d7a974500, L_0x560d7a9745c0;
L_0x560d7a974830 .functor BUF 1, L_0x560d7a974630, C4<0>, C4<0>, C4<0>;
L_0x560d7a974a70 .functor NOT 1, L_0x560d7a974630, C4<0>, C4<0>, C4<0>;
L_0x560d7a974ae0 .functor BUF 1, L_0x560d7a974a70, C4<0>, C4<0>, C4<0>;
v0x560d7a8267c0_0 .net "CLK", 0 0, v0x560d7a908bd0_0;  alias, 1 drivers
v0x560d7a826860_0 .net "D", 0 0, L_0x560d7a9a6f50;  alias, 1 drivers
v0x560d7a826900_0 .net "Q", 0 0, L_0x560d7a974830;  alias, 1 drivers
v0x560d7a8269a0_0 .net "Q_N", 0 0, L_0x560d7a974ae0;  1 drivers
v0x560d7a826a40_0 .net "RESET_B", 0 0, L_0x560d7a9b4260;  alias, 1 drivers
v0x560d7a826ae0_0 .net "SCD", 0 0, L_0x560d7a974830;  alias, 1 drivers
v0x560d7a826b80_0 .net "SCE", 0 0, L_0x560d7a93f9c0;  alias, 1 drivers
v0x560d7a826c20_0 .net "SET_B", 0 0, v0x560d7a909430_0;  alias, 1 drivers
v0x560d7a826cc0_0 .net/2s *"_ivl_15", 0 0, L_0x7f6fe5f77380;  1 drivers
v0x560d7a826d60_0 .net "delayed_CLK", 0 0, L_0x560d7a974230;  1 drivers
v0x560d7a826e00_0 .net "delayed_D", 0 0, L_0x560d7a973e20;  1 drivers
v0x560d7a826ea0_0 .net "delayed_RESET_B", 0 0, L_0x560d7a974120;  1 drivers
v0x560d7a826f40_0 .net "delayed_SCD", 0 0, L_0x560d7a974040;  1 drivers
v0x560d7a826fe0_0 .net "delayed_SCE", 0 0, L_0x560d7a9740b0;  1 drivers
v0x560d7a827080_0 .net "delayed_SET_B", 0 0, L_0x560d7a9741c0;  1 drivers
v0x560d7a827120_0 .net "int_fwire_IQ", 0 0, L_0x560d7a974630;  1 drivers
v0x560d7a843100_0 .net "int_fwire_IQN", 0 0, L_0x560d7a974a70;  1 drivers
v0x560d7a8432d0_0 .net "int_fwire_d", 0 0, L_0x560d7a9742e0;  1 drivers
v0x560d7a843390_0 .net "int_fwire_r", 0 0, L_0x560d7a974500;  1 drivers
v0x560d7a843450_0 .net "int_fwire_s", 0 0, L_0x560d7a9743f0;  1 drivers
v0x560d7a843510_0 .var "notifier", 0 0;
v0x560d7a8435d0_0 .net "xcr_0", 0 0, L_0x560d7a9745c0;  1 drivers
S_0x560d7a843790 .scope module, "_0898_" "sg13g2_hv_sdfbbp_1" 5 3027, 3 1964 1, S_0x560d7a760c50;
 .timescale -9 -11;
    .port_info 0 /OUTPUT 1 "Q";
    .port_info 1 /OUTPUT 1 "Q_N";
    .port_info 2 /INPUT 1 "CLK";
    .port_info 3 /INPUT 1 "D";
    .port_info 4 /INPUT 1 "RESET_B";
    .port_info 5 /INPUT 1 "SCD";
    .port_info 6 /INPUT 1 "SCE";
    .port_info 7 /INPUT 1 "SET_B";
L_0x560d7a974a00 .functor BUFZ 1, L_0x560d7a9a7b10, C4<0>, C4<0>, C4<0>;
L_0x560d7a974c20 .functor BUFZ 1, L_0x560d7a975410, C4<0>, C4<0>, C4<0>;
L_0x560d7a974c90 .functor BUFZ 1, L_0x560d7a93fb30, C4<0>, C4<0>, C4<0>;
L_0x560d7a974d00 .functor BUFZ 1, v0x560d7a909430_0, C4<0>, C4<0>, C4<0>;
L_0x560d7a974d70 .functor BUFZ 1, L_0x560d7a9b4360, C4<0>, C4<0>, C4<0>;
L_0x560d7a974de0 .functor BUFZ 1, v0x560d7a908bd0_0, C4<0>, C4<0>, C4<0>;
L_0x560d7a974e90 .udp UDP_ihp_mux2, L_0x560d7a974a00, L_0x560d7a974c20, L_0x560d7a974c90;
L_0x560d7a974fd0 .functor NOT 1, L_0x560d7a974d70, C4<0>, C4<0>, C4<0>;
L_0x560d7a9750e0 .functor NOT 1, L_0x560d7a974d00, C4<0>, C4<0>, C4<0>;
L_0x7f6fe5f773c8 .functor BUFT 1, C4<0>, C4<0>, C4<0>, C4<0>;
L_0x560d7a9751a0 .functor BUF 1, L_0x7f6fe5f773c8, C4<0>, C4<0>, C4<0>;
L_0x560d7a975210 .udp UDP_ihp_dff_sr_1, v0x560d7a844b10_0, L_0x560d7a974de0, L_0x560d7a974e90, L_0x560d7a974fd0, L_0x560d7a9750e0, L_0x560d7a9751a0;
L_0x560d7a975410 .functor BUF 1, L_0x560d7a975210, C4<0>, C4<0>, C4<0>;
L_0x560d7a975650 .functor NOT 1, L_0x560d7a975210, C4<0>, C4<0>, C4<0>;
L_0x560d7a9756c0 .functor BUF 1, L_0x560d7a975650, C4<0>, C4<0>, C4<0>;
v0x560d7a843ad0_0 .net "CLK", 0 0, v0x560d7a908bd0_0;  alias, 1 drivers
v0x560d7a843b90_0 .net "D", 0 0, L_0x560d7a9a7b10;  alias, 1 drivers
v0x560d7a843ca0_0 .net "Q", 0 0, L_0x560d7a975410;  alias, 1 drivers
v0x560d7a843d90_0 .net "Q_N", 0 0, L_0x560d7a9756c0;  1 drivers
v0x560d7a843e30_0 .net "RESET_B", 0 0, v0x560d7a909430_0;  alias, 1 drivers
v0x560d7a843f20_0 .net "SCD", 0 0, L_0x560d7a975410;  alias, 1 drivers
v0x560d7a843fc0_0 .net "SCE", 0 0, L_0x560d7a93fb30;  alias, 1 drivers
v0x560d7a844060_0 .net "SET_B", 0 0, L_0x560d7a9b4360;  alias, 1 drivers
v0x560d7a844100_0 .net/2s *"_ivl_15", 0 0, L_0x7f6fe5f773c8;  1 drivers
v0x560d7a8441c0_0 .net "delayed_CLK", 0 0, L_0x560d7a974de0;  1 drivers
v0x560d7a844280_0 .net "delayed_D", 0 0, L_0x560d7a974a00;  1 drivers
v0x560d7a844340_0 .net "delayed_RESET_B", 0 0, L_0x560d7a974d00;  1 drivers
v0x560d7a844400_0 .net "delayed_SCD", 0 0, L_0x560d7a974c20;  1 drivers
v0x560d7a8444c0_0 .net "delayed_SCE", 0 0, L_0x560d7a974c90;  1 drivers
v0x560d7a844580_0 .net "delayed_SET_B", 0 0, L_0x560d7a974d70;  1 drivers
v0x560d7a844640_0 .net "int_fwire_IQ", 0 0, L_0x560d7a975210;  1 drivers
v0x560d7a844700_0 .net "int_fwire_IQN", 0 0, L_0x560d7a975650;  1 drivers
v0x560d7a8448d0_0 .net "int_fwire_d", 0 0, L_0x560d7a974e90;  1 drivers
v0x560d7a844990_0 .net "int_fwire_r", 0 0, L_0x560d7a9750e0;  1 drivers
v0x560d7a844a50_0 .net "int_fwire_s", 0 0, L_0x560d7a974fd0;  1 drivers
v0x560d7a844b10_0 .var "notifier", 0 0;
v0x560d7a844bd0_0 .net "xcr_0", 0 0, L_0x560d7a9751a0;  1 drivers
S_0x560d7a844d90 .scope module, "_0899_" "sg13g2_hv_sdfbbp_1" 5 3036, 3 1964 1, S_0x560d7a760c50;
 .timescale -9 -11;
    .port_info 0 /OUTPUT 1 "Q";
    .port_info 1 /OUTPUT 1 "Q_N";
    .port_info 2 /INPUT 1 "CLK";
    .port_info 3 /INPUT 1 "D";
    .port_info 4 /INPUT 1 "RESET_B";
    .port_info 5 /INPUT 1 "SCD";
    .port_info 6 /INPUT 1 "SCE";
    .port_info 7 /INPUT 1 "SET_B";
L_0x560d7a9755e0 .functor BUFZ 1, L_0x560d7a9a86d0, C4<0>, C4<0>, C4<0>;
L_0x560d7a975800 .functor BUFZ 1, L_0x560d7a976050, C4<0>, C4<0>, C4<0>;
L_0x560d7a975870 .functor BUFZ 1, L_0x560d7a9400b0, C4<0>, C4<0>, C4<0>;
L_0x560d7a9758e0 .functor BUFZ 1, v0x560d7a909430_0, C4<0>, C4<0>, C4<0>;
L_0x560d7a975980 .functor BUFZ 1, L_0x560d7a9b4460, C4<0>, C4<0>, C4<0>;
L_0x560d7a9759f0 .functor BUFZ 1, v0x560d7a908bd0_0, C4<0>, C4<0>, C4<0>;
L_0x560d7a975ad0 .udp UDP_ihp_mux2, L_0x560d7a9755e0, L_0x560d7a975800, L_0x560d7a975870;
L_0x560d7a975c10 .functor NOT 1, L_0x560d7a975980, C4<0>, C4<0>, C4<0>;
L_0x560d7a975d20 .functor NOT 1, L_0x560d7a9758e0, C4<0>, C4<0>, C4<0>;
L_0x7f6fe5f77410 .functor BUFT 1, C4<0>, C4<0>, C4<0>, C4<0>;
L_0x560d7a975de0 .functor BUF 1, L_0x7f6fe5f77410, C4<0>, C4<0>, C4<0>;
L_0x560d7a975e50 .udp UDP_ihp_dff_sr_1, v0x560d7a8460c0_0, L_0x560d7a9759f0, L_0x560d7a975ad0, L_0x560d7a975c10, L_0x560d7a975d20, L_0x560d7a975de0;
L_0x560d7a976050 .functor BUF 1, L_0x560d7a975e50, C4<0>, C4<0>, C4<0>;
L_0x560d7a976290 .functor NOT 1, L_0x560d7a975e50, C4<0>, C4<0>, C4<0>;
L_0x560d7a976300 .functor BUF 1, L_0x560d7a976290, C4<0>, C4<0>, C4<0>;
v0x560d7a845080_0 .net "CLK", 0 0, v0x560d7a908bd0_0;  alias, 1 drivers
v0x560d7a845140_0 .net "D", 0 0, L_0x560d7a9a86d0;  alias, 1 drivers
v0x560d7a845250_0 .net "Q", 0 0, L_0x560d7a976050;  alias, 1 drivers
v0x560d7a845340_0 .net "Q_N", 0 0, L_0x560d7a976300;  1 drivers
v0x560d7a8453e0_0 .net "RESET_B", 0 0, v0x560d7a909430_0;  alias, 1 drivers
v0x560d7a8454d0_0 .net "SCD", 0 0, L_0x560d7a976050;  alias, 1 drivers
v0x560d7a845570_0 .net "SCE", 0 0, L_0x560d7a9400b0;  alias, 1 drivers
v0x560d7a845610_0 .net "SET_B", 0 0, L_0x560d7a9b4460;  alias, 1 drivers
v0x560d7a8456b0_0 .net/2s *"_ivl_15", 0 0, L_0x7f6fe5f77410;  1 drivers
v0x560d7a845770_0 .net "delayed_CLK", 0 0, L_0x560d7a9759f0;  1 drivers
v0x560d7a845830_0 .net "delayed_D", 0 0, L_0x560d7a9755e0;  1 drivers
v0x560d7a8458f0_0 .net "delayed_RESET_B", 0 0, L_0x560d7a9758e0;  1 drivers
v0x560d7a8459b0_0 .net "delayed_SCD", 0 0, L_0x560d7a975800;  1 drivers
v0x560d7a845a70_0 .net "delayed_SCE", 0 0, L_0x560d7a975870;  1 drivers
v0x560d7a845b30_0 .net "delayed_SET_B", 0 0, L_0x560d7a975980;  1 drivers
v0x560d7a845bf0_0 .net "int_fwire_IQ", 0 0, L_0x560d7a975e50;  1 drivers
v0x560d7a845cb0_0 .net "int_fwire_IQN", 0 0, L_0x560d7a976290;  1 drivers
v0x560d7a845e80_0 .net "int_fwire_d", 0 0, L_0x560d7a975ad0;  1 drivers
v0x560d7a845f40_0 .net "int_fwire_r", 0 0, L_0x560d7a975d20;  1 drivers
v0x560d7a846000_0 .net "int_fwire_s", 0 0, L_0x560d7a975c10;  1 drivers
v0x560d7a8460c0_0 .var "notifier", 0 0;
v0x560d7a846180_0 .net "xcr_0", 0 0, L_0x560d7a975de0;  1 drivers
S_0x560d7a846340 .scope module, "_0900_" "sg13g2_hv_sdfbbp_1" 5 3045, 3 1964 1, S_0x560d7a760c50;
 .timescale -9 -11;
    .port_info 0 /OUTPUT 1 "Q";
    .port_info 1 /OUTPUT 1 "Q_N";
    .port_info 2 /INPUT 1 "CLK";
    .port_info 3 /INPUT 1 "D";
    .port_info 4 /INPUT 1 "RESET_B";
    .port_info 5 /INPUT 1 "SCD";
    .port_info 6 /INPUT 1 "SCE";
    .port_info 7 /INPUT 1 "SET_B";
L_0x560d7a976220 .functor BUFZ 1, L_0x560d7a9a9290, C4<0>, C4<0>, C4<0>;
L_0x560d7a976440 .functor BUFZ 1, L_0x560d7a976c90, C4<0>, C4<0>, C4<0>;
L_0x560d7a9764b0 .functor BUFZ 1, L_0x560d7a940220, C4<0>, C4<0>, C4<0>;
L_0x560d7a976520 .functor BUFZ 1, v0x560d7a909430_0, C4<0>, C4<0>, C4<0>;
L_0x560d7a9765c0 .functor BUFZ 1, L_0x560d7a9b4560, C4<0>, C4<0>, C4<0>;
L_0x560d7a976630 .functor BUFZ 1, v0x560d7a908bd0_0, C4<0>, C4<0>, C4<0>;
L_0x560d7a976710 .udp UDP_ihp_mux2, L_0x560d7a976220, L_0x560d7a976440, L_0x560d7a9764b0;
L_0x560d7a976850 .functor NOT 1, L_0x560d7a9765c0, C4<0>, C4<0>, C4<0>;
L_0x560d7a976960 .functor NOT 1, L_0x560d7a976520, C4<0>, C4<0>, C4<0>;
L_0x7f6fe5f77458 .functor BUFT 1, C4<0>, C4<0>, C4<0>, C4<0>;
L_0x560d7a976a20 .functor BUF 1, L_0x7f6fe5f77458, C4<0>, C4<0>, C4<0>;
L_0x560d7a976a90 .udp UDP_ihp_dff_sr_1, v0x560d7a847670_0, L_0x560d7a976630, L_0x560d7a976710, L_0x560d7a976850, L_0x560d7a976960, L_0x560d7a976a20;
L_0x560d7a976c90 .functor BUF 1, L_0x560d7a976a90, C4<0>, C4<0>, C4<0>;
L_0x560d7a976ed0 .functor NOT 1, L_0x560d7a976a90, C4<0>, C4<0>, C4<0>;
L_0x560d7a976f40 .functor BUF 1, L_0x560d7a976ed0, C4<0>, C4<0>, C4<0>;
v0x560d7a846630_0 .net "CLK", 0 0, v0x560d7a908bd0_0;  alias, 1 drivers
v0x560d7a8466f0_0 .net "D", 0 0, L_0x560d7a9a9290;  alias, 1 drivers
v0x560d7a846800_0 .net "Q", 0 0, L_0x560d7a976c90;  alias, 1 drivers
v0x560d7a8468f0_0 .net "Q_N", 0 0, L_0x560d7a976f40;  1 drivers
v0x560d7a846990_0 .net "RESET_B", 0 0, v0x560d7a909430_0;  alias, 1 drivers
v0x560d7a846a80_0 .net "SCD", 0 0, L_0x560d7a976c90;  alias, 1 drivers
v0x560d7a846b20_0 .net "SCE", 0 0, L_0x560d7a940220;  alias, 1 drivers
v0x560d7a846bc0_0 .net "SET_B", 0 0, L_0x560d7a9b4560;  alias, 1 drivers
v0x560d7a846c60_0 .net/2s *"_ivl_15", 0 0, L_0x7f6fe5f77458;  1 drivers
v0x560d7a846d20_0 .net "delayed_CLK", 0 0, L_0x560d7a976630;  1 drivers
v0x560d7a846de0_0 .net "delayed_D", 0 0, L_0x560d7a976220;  1 drivers
v0x560d7a846ea0_0 .net "delayed_RESET_B", 0 0, L_0x560d7a976520;  1 drivers
v0x560d7a846f60_0 .net "delayed_SCD", 0 0, L_0x560d7a976440;  1 drivers
v0x560d7a847020_0 .net "delayed_SCE", 0 0, L_0x560d7a9764b0;  1 drivers
v0x560d7a8470e0_0 .net "delayed_SET_B", 0 0, L_0x560d7a9765c0;  1 drivers
v0x560d7a8471a0_0 .net "int_fwire_IQ", 0 0, L_0x560d7a976a90;  1 drivers
v0x560d7a847260_0 .net "int_fwire_IQN", 0 0, L_0x560d7a976ed0;  1 drivers
v0x560d7a847430_0 .net "int_fwire_d", 0 0, L_0x560d7a976710;  1 drivers
v0x560d7a8474f0_0 .net "int_fwire_r", 0 0, L_0x560d7a976960;  1 drivers
v0x560d7a8475b0_0 .net "int_fwire_s", 0 0, L_0x560d7a976850;  1 drivers
v0x560d7a847670_0 .var "notifier", 0 0;
v0x560d7a847730_0 .net "xcr_0", 0 0, L_0x560d7a976a20;  1 drivers
S_0x560d7a8478f0 .scope module, "_0901_" "sg13g2_hv_sdfbbp_1" 5 3054, 3 1964 1, S_0x560d7a760c50;
 .timescale -9 -11;
    .port_info 0 /OUTPUT 1 "Q";
    .port_info 1 /OUTPUT 1 "Q_N";
    .port_info 2 /INPUT 1 "CLK";
    .port_info 3 /INPUT 1 "D";
    .port_info 4 /INPUT 1 "RESET_B";
    .port_info 5 /INPUT 1 "SCD";
    .port_info 6 /INPUT 1 "SCE";
    .port_info 7 /INPUT 1 "SET_B";
L_0x560d7a976e60 .functor BUFZ 1, L_0x560d7a9a9e50, C4<0>, C4<0>, C4<0>;
L_0x560d7a977080 .functor BUFZ 1, L_0x560d7a977870, C4<0>, C4<0>, C4<0>;
L_0x560d7a9770f0 .functor BUFZ 1, L_0x560d7a940390, C4<0>, C4<0>, C4<0>;
L_0x560d7a977160 .functor BUFZ 1, v0x560d7a909430_0, C4<0>, C4<0>, C4<0>;
L_0x560d7a977200 .functor BUFZ 1, L_0x560d7a9b4660, C4<0>, C4<0>, C4<0>;
L_0x560d7a977270 .functor BUFZ 1, v0x560d7a908bd0_0, C4<0>, C4<0>, C4<0>;
L_0x560d7a977320 .udp UDP_ihp_mux2, L_0x560d7a976e60, L_0x560d7a977080, L_0x560d7a9770f0;
L_0x560d7a977430 .functor NOT 1, L_0x560d7a977200, C4<0>, C4<0>, C4<0>;
L_0x560d7a977540 .functor NOT 1, L_0x560d7a977160, C4<0>, C4<0>, C4<0>;
L_0x7f6fe5f774a0 .functor BUFT 1, C4<0>, C4<0>, C4<0>, C4<0>;
L_0x560d7a977600 .functor BUF 1, L_0x7f6fe5f774a0, C4<0>, C4<0>, C4<0>;
L_0x560d7a977670 .udp UDP_ihp_dff_sr_1, v0x560d7a849b70_0, L_0x560d7a977270, L_0x560d7a977320, L_0x560d7a977430, L_0x560d7a977540, L_0x560d7a977600;
L_0x560d7a977870 .functor BUF 1, L_0x560d7a977670, C4<0>, C4<0>, C4<0>;
L_0x560d7a977ab0 .functor NOT 1, L_0x560d7a977670, C4<0>, C4<0>, C4<0>;
L_0x560d7a977b20 .functor BUF 1, L_0x560d7a977ab0, C4<0>, C4<0>, C4<0>;
v0x560d7a847be0_0 .net "CLK", 0 0, v0x560d7a908bd0_0;  alias, 1 drivers
v0x560d7a8484b0_0 .net "D", 0 0, L_0x560d7a9a9e50;  alias, 1 drivers
v0x560d7a848550_0 .net "Q", 0 0, L_0x560d7a977870;  alias, 1 drivers
v0x560d7a848640_0 .net "Q_N", 0 0, L_0x560d7a977b20;  1 drivers
v0x560d7a8486e0_0 .net "RESET_B", 0 0, v0x560d7a909430_0;  alias, 1 drivers
v0x560d7a848fe0_0 .net "SCD", 0 0, L_0x560d7a977870;  alias, 1 drivers
v0x560d7a849080_0 .net "SCE", 0 0, L_0x560d7a940390;  alias, 1 drivers
v0x560d7a849120_0 .net "SET_B", 0 0, L_0x560d7a9b4660;  alias, 1 drivers
v0x560d7a8491c0_0 .net/2s *"_ivl_15", 0 0, L_0x7f6fe5f774a0;  1 drivers
v0x560d7a849260_0 .net "delayed_CLK", 0 0, L_0x560d7a977270;  1 drivers
v0x560d7a849300_0 .net "delayed_D", 0 0, L_0x560d7a976e60;  1 drivers
v0x560d7a8493a0_0 .net "delayed_RESET_B", 0 0, L_0x560d7a977160;  1 drivers
v0x560d7a849460_0 .net "delayed_SCD", 0 0, L_0x560d7a977080;  1 drivers
v0x560d7a849520_0 .net "delayed_SCE", 0 0, L_0x560d7a9770f0;  1 drivers
v0x560d7a8495e0_0 .net "delayed_SET_B", 0 0, L_0x560d7a977200;  1 drivers
v0x560d7a8496a0_0 .net "int_fwire_IQ", 0 0, L_0x560d7a977670;  1 drivers
v0x560d7a849760_0 .net "int_fwire_IQN", 0 0, L_0x560d7a977ab0;  1 drivers
v0x560d7a849930_0 .net "int_fwire_d", 0 0, L_0x560d7a977320;  1 drivers
v0x560d7a8499f0_0 .net "int_fwire_r", 0 0, L_0x560d7a977540;  1 drivers
v0x560d7a849ab0_0 .net "int_fwire_s", 0 0, L_0x560d7a977430;  1 drivers
v0x560d7a849b70_0 .var "notifier", 0 0;
v0x560d7a849c30_0 .net "xcr_0", 0 0, L_0x560d7a977600;  1 drivers
S_0x560d7a849df0 .scope module, "_0902_" "sg13g2_hv_sdfbbp_1" 5 3063, 3 1964 1, S_0x560d7a760c50;
 .timescale -9 -11;
    .port_info 0 /OUTPUT 1 "Q";
    .port_info 1 /OUTPUT 1 "Q_N";
    .port_info 2 /INPUT 1 "CLK";
    .port_info 3 /INPUT 1 "D";
    .port_info 4 /INPUT 1 "RESET_B";
    .port_info 5 /INPUT 1 "SCD";
    .port_info 6 /INPUT 1 "SCE";
    .port_info 7 /INPUT 1 "SET_B";
L_0x560d7a977a40 .functor BUFZ 1, L_0x560d7a9a4d30, C4<0>, C4<0>, C4<0>;
L_0x560d7a977c60 .functor BUFZ 1, L_0x560d7a978480, C4<0>, C4<0>, C4<0>;
L_0x560d7a977cd0 .functor BUFZ 1, L_0x560d7a924a20, C4<0>, C4<0>, C4<0>;
L_0x560d7a977d40 .functor BUFZ 1, L_0x560d7a9b4760, C4<0>, C4<0>, C4<0>;
L_0x560d7a977de0 .functor BUFZ 1, v0x560d7a909430_0, C4<0>, C4<0>, C4<0>;
L_0x560d7a977e50 .functor BUFZ 1, v0x560d7a908bd0_0, C4<0>, C4<0>, C4<0>;
L_0x560d7a977f00 .udp UDP_ihp_mux2, L_0x560d7a977a40, L_0x560d7a977c60, L_0x560d7a977cd0;
L_0x560d7a978040 .functor NOT 1, L_0x560d7a977de0, C4<0>, C4<0>, C4<0>;
L_0x560d7a978150 .functor NOT 1, L_0x560d7a977d40, C4<0>, C4<0>, C4<0>;
L_0x7f6fe5f774e8 .functor BUFT 1, C4<0>, C4<0>, C4<0>, C4<0>;
L_0x560d7a978210 .functor BUF 1, L_0x7f6fe5f774e8, C4<0>, C4<0>, C4<0>;
L_0x560d7a978280 .udp UDP_ihp_dff_sr_1, v0x560d7a84b0d0_0, L_0x560d7a977e50, L_0x560d7a977f00, L_0x560d7a978040, L_0x560d7a978150, L_0x560d7a978210;
L_0x560d7a978480 .functor BUF 1, L_0x560d7a978280, C4<0>, C4<0>, C4<0>;
L_0x560d7a9786c0 .functor NOT 1, L_0x560d7a978280, C4<0>, C4<0>, C4<0>;
L_0x560d7a978730 .functor BUF 1, L_0x560d7a9786c0, C4<0>, C4<0>, C4<0>;
v0x560d7a84a0e0_0 .net "CLK", 0 0, v0x560d7a908bd0_0;  alias, 1 drivers
v0x560d7a84a1a0_0 .net "D", 0 0, L_0x560d7a9a4d30;  alias, 1 drivers
v0x560d7a84a260_0 .net "Q", 0 0, L_0x560d7a978480;  alias, 1 drivers
v0x560d7a84a350_0 .net "Q_N", 0 0, L_0x560d7a978730;  1 drivers
v0x560d7a84a3f0_0 .net "RESET_B", 0 0, L_0x560d7a9b4760;  alias, 1 drivers
v0x560d7a84a4e0_0 .net "SCD", 0 0, L_0x560d7a978480;  alias, 1 drivers
v0x560d7a84a580_0 .net "SCE", 0 0, L_0x560d7a924a20;  alias, 1 drivers
v0x560d7a84a620_0 .net "SET_B", 0 0, v0x560d7a909430_0;  alias, 1 drivers
v0x560d7a84a6c0_0 .net/2s *"_ivl_15", 0 0, L_0x7f6fe5f774e8;  1 drivers
v0x560d7a84a780_0 .net "delayed_CLK", 0 0, L_0x560d7a977e50;  1 drivers
v0x560d7a84a840_0 .net "delayed_D", 0 0, L_0x560d7a977a40;  1 drivers
v0x560d7a84a900_0 .net "delayed_RESET_B", 0 0, L_0x560d7a977d40;  1 drivers
v0x560d7a84a9c0_0 .net "delayed_SCD", 0 0, L_0x560d7a977c60;  1 drivers
v0x560d7a84aa80_0 .net "delayed_SCE", 0 0, L_0x560d7a977cd0;  1 drivers
v0x560d7a84ab40_0 .net "delayed_SET_B", 0 0, L_0x560d7a977de0;  1 drivers
v0x560d7a84ac00_0 .net "int_fwire_IQ", 0 0, L_0x560d7a978280;  1 drivers
v0x560d7a84acc0_0 .net "int_fwire_IQN", 0 0, L_0x560d7a9786c0;  1 drivers
v0x560d7a84ae90_0 .net "int_fwire_d", 0 0, L_0x560d7a977f00;  1 drivers
v0x560d7a84af50_0 .net "int_fwire_r", 0 0, L_0x560d7a978150;  1 drivers
v0x560d7a84b010_0 .net "int_fwire_s", 0 0, L_0x560d7a978040;  1 drivers
v0x560d7a84b0d0_0 .var "notifier", 0 0;
v0x560d7a84b190_0 .net "xcr_0", 0 0, L_0x560d7a978210;  1 drivers
S_0x560d7a84b350 .scope module, "_0903_" "sg13g2_hv_sdfbbp_1" 5 3072, 3 1964 1, S_0x560d7a760c50;
 .timescale -9 -11;
    .port_info 0 /OUTPUT 1 "Q";
    .port_info 1 /OUTPUT 1 "Q_N";
    .port_info 2 /INPUT 1 "CLK";
    .port_info 3 /INPUT 1 "D";
    .port_info 4 /INPUT 1 "RESET_B";
    .port_info 5 /INPUT 1 "SCD";
    .port_info 6 /INPUT 1 "SCE";
    .port_info 7 /INPUT 1 "SET_B";
L_0x560d7a978650 .functor BUFZ 1, L_0x560d7a9a5860, C4<0>, C4<0>, C4<0>;
L_0x560d7a978870 .functor BUFZ 1, L_0x560d7a9790c0, C4<0>, C4<0>, C4<0>;
L_0x560d7a9788e0 .functor BUFZ 1, L_0x560d7a940500, C4<0>, C4<0>, C4<0>;
L_0x560d7a978950 .functor BUFZ 1, v0x560d7a909430_0, C4<0>, C4<0>, C4<0>;
L_0x560d7a9789f0 .functor BUFZ 1, L_0x560d7a9b4860, C4<0>, C4<0>, C4<0>;
L_0x560d7a978a60 .functor BUFZ 1, v0x560d7a908bd0_0, C4<0>, C4<0>, C4<0>;
L_0x560d7a978b40 .udp UDP_ihp_mux2, L_0x560d7a978650, L_0x560d7a978870, L_0x560d7a9788e0;
L_0x560d7a978c80 .functor NOT 1, L_0x560d7a9789f0, C4<0>, C4<0>, C4<0>;
L_0x560d7a978d90 .functor NOT 1, L_0x560d7a978950, C4<0>, C4<0>, C4<0>;
L_0x7f6fe5f77530 .functor BUFT 1, C4<0>, C4<0>, C4<0>, C4<0>;
L_0x560d7a978e50 .functor BUF 1, L_0x7f6fe5f77530, C4<0>, C4<0>, C4<0>;
L_0x560d7a978ec0 .udp UDP_ihp_dff_sr_1, v0x560d7a84c630_0, L_0x560d7a978a60, L_0x560d7a978b40, L_0x560d7a978c80, L_0x560d7a978d90, L_0x560d7a978e50;
L_0x560d7a9790c0 .functor BUF 1, L_0x560d7a978ec0, C4<0>, C4<0>, C4<0>;
L_0x560d7a979300 .functor NOT 1, L_0x560d7a978ec0, C4<0>, C4<0>, C4<0>;
L_0x560d7a979370 .functor BUF 1, L_0x560d7a979300, C4<0>, C4<0>, C4<0>;
v0x560d7a84b640_0 .net "CLK", 0 0, v0x560d7a908bd0_0;  alias, 1 drivers
v0x560d7a84b700_0 .net "D", 0 0, L_0x560d7a9a5860;  alias, 1 drivers
v0x560d7a84b7c0_0 .net "Q", 0 0, L_0x560d7a9790c0;  alias, 1 drivers
v0x560d7a84b8b0_0 .net "Q_N", 0 0, L_0x560d7a979370;  1 drivers
v0x560d7a84b950_0 .net "RESET_B", 0 0, v0x560d7a909430_0;  alias, 1 drivers
v0x560d7a84ba40_0 .net "SCD", 0 0, L_0x560d7a9790c0;  alias, 1 drivers
v0x560d7a84bae0_0 .net "SCE", 0 0, L_0x560d7a940500;  alias, 1 drivers
v0x560d7a84bb80_0 .net "SET_B", 0 0, L_0x560d7a9b4860;  alias, 1 drivers
v0x560d7a84bc20_0 .net/2s *"_ivl_15", 0 0, L_0x7f6fe5f77530;  1 drivers
v0x560d7a84bce0_0 .net "delayed_CLK", 0 0, L_0x560d7a978a60;  1 drivers
v0x560d7a84bda0_0 .net "delayed_D", 0 0, L_0x560d7a978650;  1 drivers
v0x560d7a84be60_0 .net "delayed_RESET_B", 0 0, L_0x560d7a978950;  1 drivers
v0x560d7a84bf20_0 .net "delayed_SCD", 0 0, L_0x560d7a978870;  1 drivers
v0x560d7a84bfe0_0 .net "delayed_SCE", 0 0, L_0x560d7a9788e0;  1 drivers
v0x560d7a84c0a0_0 .net "delayed_SET_B", 0 0, L_0x560d7a9789f0;  1 drivers
v0x560d7a84c160_0 .net "int_fwire_IQ", 0 0, L_0x560d7a978ec0;  1 drivers
v0x560d7a84c220_0 .net "int_fwire_IQN", 0 0, L_0x560d7a979300;  1 drivers
v0x560d7a84c3f0_0 .net "int_fwire_d", 0 0, L_0x560d7a978b40;  1 drivers
v0x560d7a84c4b0_0 .net "int_fwire_r", 0 0, L_0x560d7a978d90;  1 drivers
v0x560d7a84c570_0 .net "int_fwire_s", 0 0, L_0x560d7a978c80;  1 drivers
v0x560d7a84c630_0 .var "notifier", 0 0;
v0x560d7a84c6f0_0 .net "xcr_0", 0 0, L_0x560d7a978e50;  1 drivers
S_0x560d7a84c8b0 .scope module, "_0904_" "sg13g2_hv_sdfbbp_1" 5 3081, 3 1964 1, S_0x560d7a760c50;
 .timescale -9 -11;
    .port_info 0 /OUTPUT 1 "Q";
    .port_info 1 /OUTPUT 1 "Q_N";
    .port_info 2 /INPUT 1 "CLK";
    .port_info 3 /INPUT 1 "D";
    .port_info 4 /INPUT 1 "RESET_B";
    .port_info 5 /INPUT 1 "SCD";
    .port_info 6 /INPUT 1 "SCE";
    .port_info 7 /INPUT 1 "SET_B";
L_0x560d7a979290 .functor BUFZ 1, L_0x560d7a9a6390, C4<0>, C4<0>, C4<0>;
L_0x560d7a9794b0 .functor BUFZ 1, L_0x560d7a979d00, C4<0>, C4<0>, C4<0>;
L_0x560d7a979520 .functor BUFZ 1, L_0x560d7a940670, C4<0>, C4<0>, C4<0>;
L_0x560d7a979590 .functor BUFZ 1, L_0x560d7a9b4960, C4<0>, C4<0>, C4<0>;
L_0x560d7a979630 .functor BUFZ 1, v0x560d7a909430_0, C4<0>, C4<0>, C4<0>;
L_0x560d7a9796a0 .functor BUFZ 1, v0x560d7a908bd0_0, C4<0>, C4<0>, C4<0>;
L_0x560d7a979780 .udp UDP_ihp_mux2, L_0x560d7a979290, L_0x560d7a9794b0, L_0x560d7a979520;
L_0x560d7a9798c0 .functor NOT 1, L_0x560d7a979630, C4<0>, C4<0>, C4<0>;
L_0x560d7a9799d0 .functor NOT 1, L_0x560d7a979590, C4<0>, C4<0>, C4<0>;
L_0x7f6fe5f77578 .functor BUFT 1, C4<0>, C4<0>, C4<0>, C4<0>;
L_0x560d7a979a90 .functor BUF 1, L_0x7f6fe5f77578, C4<0>, C4<0>, C4<0>;
L_0x560d7a979b00 .udp UDP_ihp_dff_sr_1, v0x560d7a84db90_0, L_0x560d7a9796a0, L_0x560d7a979780, L_0x560d7a9798c0, L_0x560d7a9799d0, L_0x560d7a979a90;
L_0x560d7a979d00 .functor BUF 1, L_0x560d7a979b00, C4<0>, C4<0>, C4<0>;
L_0x560d7a979f40 .functor NOT 1, L_0x560d7a979b00, C4<0>, C4<0>, C4<0>;
L_0x560d7a979fb0 .functor BUF 1, L_0x560d7a979f40, C4<0>, C4<0>, C4<0>;
v0x560d7a84cba0_0 .net "CLK", 0 0, v0x560d7a908bd0_0;  alias, 1 drivers
v0x560d7a84cc60_0 .net "D", 0 0, L_0x560d7a9a6390;  alias, 1 drivers
v0x560d7a84cd20_0 .net "Q", 0 0, L_0x560d7a979d00;  alias, 1 drivers
v0x560d7a84ce10_0 .net "Q_N", 0 0, L_0x560d7a979fb0;  1 drivers
v0x560d7a84ceb0_0 .net "RESET_B", 0 0, L_0x560d7a9b4960;  alias, 1 drivers
v0x560d7a84cfa0_0 .net "SCD", 0 0, L_0x560d7a979d00;  alias, 1 drivers
v0x560d7a84d040_0 .net "SCE", 0 0, L_0x560d7a940670;  alias, 1 drivers
v0x560d7a84d0e0_0 .net "SET_B", 0 0, v0x560d7a909430_0;  alias, 1 drivers
v0x560d7a84d180_0 .net/2s *"_ivl_15", 0 0, L_0x7f6fe5f77578;  1 drivers
v0x560d7a84d240_0 .net "delayed_CLK", 0 0, L_0x560d7a9796a0;  1 drivers
v0x560d7a84d300_0 .net "delayed_D", 0 0, L_0x560d7a979290;  1 drivers
v0x560d7a84d3c0_0 .net "delayed_RESET_B", 0 0, L_0x560d7a979590;  1 drivers
v0x560d7a84d480_0 .net "delayed_SCD", 0 0, L_0x560d7a9794b0;  1 drivers
v0x560d7a84d540_0 .net "delayed_SCE", 0 0, L_0x560d7a979520;  1 drivers
v0x560d7a84d600_0 .net "delayed_SET_B", 0 0, L_0x560d7a979630;  1 drivers
v0x560d7a84d6c0_0 .net "int_fwire_IQ", 0 0, L_0x560d7a979b00;  1 drivers
v0x560d7a84d780_0 .net "int_fwire_IQN", 0 0, L_0x560d7a979f40;  1 drivers
v0x560d7a84d950_0 .net "int_fwire_d", 0 0, L_0x560d7a979780;  1 drivers
v0x560d7a84da10_0 .net "int_fwire_r", 0 0, L_0x560d7a9799d0;  1 drivers
v0x560d7a84dad0_0 .net "int_fwire_s", 0 0, L_0x560d7a9798c0;  1 drivers
v0x560d7a84db90_0 .var "notifier", 0 0;
v0x560d7a84dc50_0 .net "xcr_0", 0 0, L_0x560d7a979a90;  1 drivers
S_0x560d7a84de10 .scope module, "_0905_" "sg13g2_hv_sdfbbp_1" 5 3090, 3 1964 1, S_0x560d7a760c50;
 .timescale -9 -11;
    .port_info 0 /OUTPUT 1 "Q";
    .port_info 1 /OUTPUT 1 "Q_N";
    .port_info 2 /INPUT 1 "CLK";
    .port_info 3 /INPUT 1 "D";
    .port_info 4 /INPUT 1 "RESET_B";
    .port_info 5 /INPUT 1 "SCD";
    .port_info 6 /INPUT 1 "SCE";
    .port_info 7 /INPUT 1 "SET_B";
L_0x560d7a979ed0 .functor BUFZ 1, L_0x560d7a9a6f50, C4<0>, C4<0>, C4<0>;
L_0x560d7a97a0f0 .functor BUFZ 1, L_0x560d7a97a940, C4<0>, C4<0>, C4<0>;
L_0x560d7a97a160 .functor BUFZ 1, L_0x560d7a9407e0, C4<0>, C4<0>, C4<0>;
L_0x560d7a97a1d0 .functor BUFZ 1, L_0x560d7a9b4a60, C4<0>, C4<0>, C4<0>;
L_0x560d7a97a270 .functor BUFZ 1, v0x560d7a909430_0, C4<0>, C4<0>, C4<0>;
L_0x560d7a97a2e0 .functor BUFZ 1, v0x560d7a908bd0_0, C4<0>, C4<0>, C4<0>;
L_0x560d7a97a3c0 .udp UDP_ihp_mux2, L_0x560d7a979ed0, L_0x560d7a97a0f0, L_0x560d7a97a160;
L_0x560d7a97a500 .functor NOT 1, L_0x560d7a97a270, C4<0>, C4<0>, C4<0>;
L_0x560d7a97a610 .functor NOT 1, L_0x560d7a97a1d0, C4<0>, C4<0>, C4<0>;
L_0x7f6fe5f775c0 .functor BUFT 1, C4<0>, C4<0>, C4<0>, C4<0>;
L_0x560d7a97a6d0 .functor BUF 1, L_0x7f6fe5f775c0, C4<0>, C4<0>, C4<0>;
L_0x560d7a97a740 .udp UDP_ihp_dff_sr_1, v0x560d7a84f0f0_0, L_0x560d7a97a2e0, L_0x560d7a97a3c0, L_0x560d7a97a500, L_0x560d7a97a610, L_0x560d7a97a6d0;
L_0x560d7a97a940 .functor BUF 1, L_0x560d7a97a740, C4<0>, C4<0>, C4<0>;
L_0x560d7a97ab80 .functor NOT 1, L_0x560d7a97a740, C4<0>, C4<0>, C4<0>;
L_0x560d7a97abf0 .functor BUF 1, L_0x560d7a97ab80, C4<0>, C4<0>, C4<0>;
v0x560d7a84e100_0 .net "CLK", 0 0, v0x560d7a908bd0_0;  alias, 1 drivers
v0x560d7a84e1c0_0 .net "D", 0 0, L_0x560d7a9a6f50;  alias, 1 drivers
v0x560d7a84e280_0 .net "Q", 0 0, L_0x560d7a97a940;  alias, 1 drivers
v0x560d7a84e370_0 .net "Q_N", 0 0, L_0x560d7a97abf0;  1 drivers
v0x560d7a84e410_0 .net "RESET_B", 0 0, L_0x560d7a9b4a60;  alias, 1 drivers
v0x560d7a84e500_0 .net "SCD", 0 0, L_0x560d7a97a940;  alias, 1 drivers
v0x560d7a84e5a0_0 .net "SCE", 0 0, L_0x560d7a9407e0;  alias, 1 drivers
v0x560d7a84e640_0 .net "SET_B", 0 0, v0x560d7a909430_0;  alias, 1 drivers
v0x560d7a84e6e0_0 .net/2s *"_ivl_15", 0 0, L_0x7f6fe5f775c0;  1 drivers
v0x560d7a84e7a0_0 .net "delayed_CLK", 0 0, L_0x560d7a97a2e0;  1 drivers
v0x560d7a84e860_0 .net "delayed_D", 0 0, L_0x560d7a979ed0;  1 drivers
v0x560d7a84e920_0 .net "delayed_RESET_B", 0 0, L_0x560d7a97a1d0;  1 drivers
v0x560d7a84e9e0_0 .net "delayed_SCD", 0 0, L_0x560d7a97a0f0;  1 drivers
v0x560d7a84eaa0_0 .net "delayed_SCE", 0 0, L_0x560d7a97a160;  1 drivers
v0x560d7a84eb60_0 .net "delayed_SET_B", 0 0, L_0x560d7a97a270;  1 drivers
v0x560d7a84ec20_0 .net "int_fwire_IQ", 0 0, L_0x560d7a97a740;  1 drivers
v0x560d7a84ece0_0 .net "int_fwire_IQN", 0 0, L_0x560d7a97ab80;  1 drivers
v0x560d7a84eeb0_0 .net "int_fwire_d", 0 0, L_0x560d7a97a3c0;  1 drivers
v0x560d7a84ef70_0 .net "int_fwire_r", 0 0, L_0x560d7a97a610;  1 drivers
v0x560d7a84f030_0 .net "int_fwire_s", 0 0, L_0x560d7a97a500;  1 drivers
v0x560d7a84f0f0_0 .var "notifier", 0 0;
v0x560d7a84f1b0_0 .net "xcr_0", 0 0, L_0x560d7a97a6d0;  1 drivers
S_0x560d7a84f370 .scope module, "_0906_" "sg13g2_hv_sdfbbp_1" 5 3099, 3 1964 1, S_0x560d7a760c50;
 .timescale -9 -11;
    .port_info 0 /OUTPUT 1 "Q";
    .port_info 1 /OUTPUT 1 "Q_N";
    .port_info 2 /INPUT 1 "CLK";
    .port_info 3 /INPUT 1 "D";
    .port_info 4 /INPUT 1 "RESET_B";
    .port_info 5 /INPUT 1 "SCD";
    .port_info 6 /INPUT 1 "SCE";
    .port_info 7 /INPUT 1 "SET_B";
L_0x560d7a97ab10 .functor BUFZ 1, L_0x560d7a9a7b10, C4<0>, C4<0>, C4<0>;
L_0x560d7a97ad30 .functor BUFZ 1, L_0x560d7a97b580, C4<0>, C4<0>, C4<0>;
L_0x560d7a97ada0 .functor BUFZ 1, L_0x560d7a940950, C4<0>, C4<0>, C4<0>;
L_0x560d7a97ae10 .functor BUFZ 1, v0x560d7a909430_0, C4<0>, C4<0>, C4<0>;
L_0x560d7a97aeb0 .functor BUFZ 1, L_0x560d7a9b4b60, C4<0>, C4<0>, C4<0>;
L_0x560d7a97af20 .functor BUFZ 1, v0x560d7a908bd0_0, C4<0>, C4<0>, C4<0>;
L_0x560d7a97b000 .udp UDP_ihp_mux2, L_0x560d7a97ab10, L_0x560d7a97ad30, L_0x560d7a97ada0;
L_0x560d7a97b140 .functor NOT 1, L_0x560d7a97aeb0, C4<0>, C4<0>, C4<0>;
L_0x560d7a97b250 .functor NOT 1, L_0x560d7a97ae10, C4<0>, C4<0>, C4<0>;
L_0x7f6fe5f77608 .functor BUFT 1, C4<0>, C4<0>, C4<0>, C4<0>;
L_0x560d7a97b310 .functor BUF 1, L_0x7f6fe5f77608, C4<0>, C4<0>, C4<0>;
L_0x560d7a97b380 .udp UDP_ihp_dff_sr_1, v0x560d7a850650_0, L_0x560d7a97af20, L_0x560d7a97b000, L_0x560d7a97b140, L_0x560d7a97b250, L_0x560d7a97b310;
L_0x560d7a97b580 .functor BUF 1, L_0x560d7a97b380, C4<0>, C4<0>, C4<0>;
L_0x560d7a97b7c0 .functor NOT 1, L_0x560d7a97b380, C4<0>, C4<0>, C4<0>;
L_0x560d7a97b830 .functor BUF 1, L_0x560d7a97b7c0, C4<0>, C4<0>, C4<0>;
v0x560d7a84f660_0 .net "CLK", 0 0, v0x560d7a908bd0_0;  alias, 1 drivers
v0x560d7a84f720_0 .net "D", 0 0, L_0x560d7a9a7b10;  alias, 1 drivers
v0x560d7a84f7e0_0 .net "Q", 0 0, L_0x560d7a97b580;  alias, 1 drivers
v0x560d7a84f8d0_0 .net "Q_N", 0 0, L_0x560d7a97b830;  1 drivers
v0x560d7a84f970_0 .net "RESET_B", 0 0, v0x560d7a909430_0;  alias, 1 drivers
v0x560d7a84fa60_0 .net "SCD", 0 0, L_0x560d7a97b580;  alias, 1 drivers
v0x560d7a84fb00_0 .net "SCE", 0 0, L_0x560d7a940950;  alias, 1 drivers
v0x560d7a84fba0_0 .net "SET_B", 0 0, L_0x560d7a9b4b60;  alias, 1 drivers
v0x560d7a84fc40_0 .net/2s *"_ivl_15", 0 0, L_0x7f6fe5f77608;  1 drivers
v0x560d7a84fd00_0 .net "delayed_CLK", 0 0, L_0x560d7a97af20;  1 drivers
v0x560d7a84fdc0_0 .net "delayed_D", 0 0, L_0x560d7a97ab10;  1 drivers
v0x560d7a84fe80_0 .net "delayed_RESET_B", 0 0, L_0x560d7a97ae10;  1 drivers
v0x560d7a84ff40_0 .net "delayed_SCD", 0 0, L_0x560d7a97ad30;  1 drivers
v0x560d7a850000_0 .net "delayed_SCE", 0 0, L_0x560d7a97ada0;  1 drivers
v0x560d7a8500c0_0 .net "delayed_SET_B", 0 0, L_0x560d7a97aeb0;  1 drivers
v0x560d7a850180_0 .net "int_fwire_IQ", 0 0, L_0x560d7a97b380;  1 drivers
v0x560d7a850240_0 .net "int_fwire_IQN", 0 0, L_0x560d7a97b7c0;  1 drivers
v0x560d7a850410_0 .net "int_fwire_d", 0 0, L_0x560d7a97b000;  1 drivers
v0x560d7a8504d0_0 .net "int_fwire_r", 0 0, L_0x560d7a97b250;  1 drivers
v0x560d7a850590_0 .net "int_fwire_s", 0 0, L_0x560d7a97b140;  1 drivers
v0x560d7a850650_0 .var "notifier", 0 0;
v0x560d7a850710_0 .net "xcr_0", 0 0, L_0x560d7a97b310;  1 drivers
S_0x560d7a8508d0 .scope module, "_0907_" "sg13g2_hv_sdfbbp_1" 5 3108, 3 1964 1, S_0x560d7a760c50;
 .timescale -9 -11;
    .port_info 0 /OUTPUT 1 "Q";
    .port_info 1 /OUTPUT 1 "Q_N";
    .port_info 2 /INPUT 1 "CLK";
    .port_info 3 /INPUT 1 "D";
    .port_info 4 /INPUT 1 "RESET_B";
    .port_info 5 /INPUT 1 "SCD";
    .port_info 6 /INPUT 1 "SCE";
    .port_info 7 /INPUT 1 "SET_B";
L_0x560d7a97b750 .functor BUFZ 1, L_0x560d7a9a86d0, C4<0>, C4<0>, C4<0>;
L_0x560d7a97b970 .functor BUFZ 1, L_0x560d7a97c1c0, C4<0>, C4<0>, C4<0>;
L_0x560d7a97b9e0 .functor BUFZ 1, L_0x560d7a940ed0, C4<0>, C4<0>, C4<0>;
L_0x560d7a97ba50 .functor BUFZ 1, v0x560d7a909430_0, C4<0>, C4<0>, C4<0>;
L_0x560d7a97baf0 .functor BUFZ 1, L_0x560d7a9b4c60, C4<0>, C4<0>, C4<0>;
L_0x560d7a97bb60 .functor BUFZ 1, v0x560d7a908bd0_0, C4<0>, C4<0>, C4<0>;
L_0x560d7a97bc40 .udp UDP_ihp_mux2, L_0x560d7a97b750, L_0x560d7a97b970, L_0x560d7a97b9e0;
L_0x560d7a97bd80 .functor NOT 1, L_0x560d7a97baf0, C4<0>, C4<0>, C4<0>;
L_0x560d7a97be90 .functor NOT 1, L_0x560d7a97ba50, C4<0>, C4<0>, C4<0>;
L_0x7f6fe5f77650 .functor BUFT 1, C4<0>, C4<0>, C4<0>, C4<0>;
L_0x560d7a97bf50 .functor BUF 1, L_0x7f6fe5f77650, C4<0>, C4<0>, C4<0>;
L_0x560d7a97bfc0 .udp UDP_ihp_dff_sr_1, v0x560d7a851bb0_0, L_0x560d7a97bb60, L_0x560d7a97bc40, L_0x560d7a97bd80, L_0x560d7a97be90, L_0x560d7a97bf50;
L_0x560d7a97c1c0 .functor BUF 1, L_0x560d7a97bfc0, C4<0>, C4<0>, C4<0>;
L_0x560d7a97c400 .functor NOT 1, L_0x560d7a97bfc0, C4<0>, C4<0>, C4<0>;
L_0x560d7a97c470 .functor BUF 1, L_0x560d7a97c400, C4<0>, C4<0>, C4<0>;
v0x560d7a850bc0_0 .net "CLK", 0 0, v0x560d7a908bd0_0;  alias, 1 drivers
v0x560d7a850c80_0 .net "D", 0 0, L_0x560d7a9a86d0;  alias, 1 drivers
v0x560d7a850d40_0 .net "Q", 0 0, L_0x560d7a97c1c0;  alias, 1 drivers
v0x560d7a850e30_0 .net "Q_N", 0 0, L_0x560d7a97c470;  1 drivers
v0x560d7a850ed0_0 .net "RESET_B", 0 0, v0x560d7a909430_0;  alias, 1 drivers
v0x560d7a850fc0_0 .net "SCD", 0 0, L_0x560d7a97c1c0;  alias, 1 drivers
v0x560d7a851060_0 .net "SCE", 0 0, L_0x560d7a940ed0;  alias, 1 drivers
v0x560d7a851100_0 .net "SET_B", 0 0, L_0x560d7a9b4c60;  alias, 1 drivers
v0x560d7a8511a0_0 .net/2s *"_ivl_15", 0 0, L_0x7f6fe5f77650;  1 drivers
v0x560d7a851260_0 .net "delayed_CLK", 0 0, L_0x560d7a97bb60;  1 drivers
v0x560d7a851320_0 .net "delayed_D", 0 0, L_0x560d7a97b750;  1 drivers
v0x560d7a8513e0_0 .net "delayed_RESET_B", 0 0, L_0x560d7a97ba50;  1 drivers
v0x560d7a8514a0_0 .net "delayed_SCD", 0 0, L_0x560d7a97b970;  1 drivers
v0x560d7a851560_0 .net "delayed_SCE", 0 0, L_0x560d7a97b9e0;  1 drivers
v0x560d7a851620_0 .net "delayed_SET_B", 0 0, L_0x560d7a97baf0;  1 drivers
v0x560d7a8516e0_0 .net "int_fwire_IQ", 0 0, L_0x560d7a97bfc0;  1 drivers
v0x560d7a8517a0_0 .net "int_fwire_IQN", 0 0, L_0x560d7a97c400;  1 drivers
v0x560d7a851970_0 .net "int_fwire_d", 0 0, L_0x560d7a97bc40;  1 drivers
v0x560d7a851a30_0 .net "int_fwire_r", 0 0, L_0x560d7a97be90;  1 drivers
v0x560d7a851af0_0 .net "int_fwire_s", 0 0, L_0x560d7a97bd80;  1 drivers
v0x560d7a851bb0_0 .var "notifier", 0 0;
v0x560d7a851c70_0 .net "xcr_0", 0 0, L_0x560d7a97bf50;  1 drivers
S_0x560d7a851e30 .scope module, "_0908_" "sg13g2_hv_sdfbbp_1" 5 3117, 3 1964 1, S_0x560d7a760c50;
 .timescale -9 -11;
    .port_info 0 /OUTPUT 1 "Q";
    .port_info 1 /OUTPUT 1 "Q_N";
    .port_info 2 /INPUT 1 "CLK";
    .port_info 3 /INPUT 1 "D";
    .port_info 4 /INPUT 1 "RESET_B";
    .port_info 5 /INPUT 1 "SCD";
    .port_info 6 /INPUT 1 "SCE";
    .port_info 7 /INPUT 1 "SET_B";
L_0x560d7a97c390 .functor BUFZ 1, L_0x560d7a9a9290, C4<0>, C4<0>, C4<0>;
L_0x560d7a97c5b0 .functor BUFZ 1, L_0x560d7a97ce00, C4<0>, C4<0>, C4<0>;
L_0x560d7a97c620 .functor BUFZ 1, L_0x560d7a941040, C4<0>, C4<0>, C4<0>;
L_0x560d7a97c690 .functor BUFZ 1, v0x560d7a909430_0, C4<0>, C4<0>, C4<0>;
L_0x560d7a97c730 .functor BUFZ 1, L_0x560d7a9b4d60, C4<0>, C4<0>, C4<0>;
L_0x560d7a97c7a0 .functor BUFZ 1, v0x560d7a908bd0_0, C4<0>, C4<0>, C4<0>;
L_0x560d7a97c880 .udp UDP_ihp_mux2, L_0x560d7a97c390, L_0x560d7a97c5b0, L_0x560d7a97c620;
L_0x560d7a97c9c0 .functor NOT 1, L_0x560d7a97c730, C4<0>, C4<0>, C4<0>;
L_0x560d7a97cad0 .functor NOT 1, L_0x560d7a97c690, C4<0>, C4<0>, C4<0>;
L_0x7f6fe5f77698 .functor BUFT 1, C4<0>, C4<0>, C4<0>, C4<0>;
L_0x560d7a97cb90 .functor BUF 1, L_0x7f6fe5f77698, C4<0>, C4<0>, C4<0>;
L_0x560d7a97cc00 .udp UDP_ihp_dff_sr_1, v0x560d7a853110_0, L_0x560d7a97c7a0, L_0x560d7a97c880, L_0x560d7a97c9c0, L_0x560d7a97cad0, L_0x560d7a97cb90;
L_0x560d7a97ce00 .functor BUF 1, L_0x560d7a97cc00, C4<0>, C4<0>, C4<0>;
L_0x560d7a97d040 .functor NOT 1, L_0x560d7a97cc00, C4<0>, C4<0>, C4<0>;
L_0x560d7a97d0b0 .functor BUF 1, L_0x560d7a97d040, C4<0>, C4<0>, C4<0>;
v0x560d7a852120_0 .net "CLK", 0 0, v0x560d7a908bd0_0;  alias, 1 drivers
v0x560d7a8521e0_0 .net "D", 0 0, L_0x560d7a9a9290;  alias, 1 drivers
v0x560d7a8522a0_0 .net "Q", 0 0, L_0x560d7a97ce00;  alias, 1 drivers
v0x560d7a852390_0 .net "Q_N", 0 0, L_0x560d7a97d0b0;  1 drivers
v0x560d7a852430_0 .net "RESET_B", 0 0, v0x560d7a909430_0;  alias, 1 drivers
v0x560d7a852520_0 .net "SCD", 0 0, L_0x560d7a97ce00;  alias, 1 drivers
v0x560d7a8525c0_0 .net "SCE", 0 0, L_0x560d7a941040;  alias, 1 drivers
v0x560d7a852660_0 .net "SET_B", 0 0, L_0x560d7a9b4d60;  alias, 1 drivers
v0x560d7a852700_0 .net/2s *"_ivl_15", 0 0, L_0x7f6fe5f77698;  1 drivers
v0x560d7a8527c0_0 .net "delayed_CLK", 0 0, L_0x560d7a97c7a0;  1 drivers
v0x560d7a852880_0 .net "delayed_D", 0 0, L_0x560d7a97c390;  1 drivers
v0x560d7a852940_0 .net "delayed_RESET_B", 0 0, L_0x560d7a97c690;  1 drivers
v0x560d7a852a00_0 .net "delayed_SCD", 0 0, L_0x560d7a97c5b0;  1 drivers
v0x560d7a852ac0_0 .net "delayed_SCE", 0 0, L_0x560d7a97c620;  1 drivers
v0x560d7a852b80_0 .net "delayed_SET_B", 0 0, L_0x560d7a97c730;  1 drivers
v0x560d7a852c40_0 .net "int_fwire_IQ", 0 0, L_0x560d7a97cc00;  1 drivers
v0x560d7a852d00_0 .net "int_fwire_IQN", 0 0, L_0x560d7a97d040;  1 drivers
v0x560d7a852ed0_0 .net "int_fwire_d", 0 0, L_0x560d7a97c880;  1 drivers
v0x560d7a852f90_0 .net "int_fwire_r", 0 0, L_0x560d7a97cad0;  1 drivers
v0x560d7a853050_0 .net "int_fwire_s", 0 0, L_0x560d7a97c9c0;  1 drivers
v0x560d7a853110_0 .var "notifier", 0 0;
v0x560d7a8531d0_0 .net "xcr_0", 0 0, L_0x560d7a97cb90;  1 drivers
S_0x560d7a853390 .scope module, "_0909_" "sg13g2_hv_sdfbbp_1" 5 3126, 3 1964 1, S_0x560d7a760c50;
 .timescale -9 -11;
    .port_info 0 /OUTPUT 1 "Q";
    .port_info 1 /OUTPUT 1 "Q_N";
    .port_info 2 /INPUT 1 "CLK";
    .port_info 3 /INPUT 1 "D";
    .port_info 4 /INPUT 1 "RESET_B";
    .port_info 5 /INPUT 1 "SCD";
    .port_info 6 /INPUT 1 "SCE";
    .port_info 7 /INPUT 1 "SET_B";
L_0x560d7a97cfd0 .functor BUFZ 1, L_0x560d7a9a9e50, C4<0>, C4<0>, C4<0>;
L_0x560d7a97d1f0 .functor BUFZ 1, L_0x560d7a97da40, C4<0>, C4<0>, C4<0>;
L_0x560d7a97d260 .functor BUFZ 1, L_0x560d7a9411b0, C4<0>, C4<0>, C4<0>;
L_0x560d7a97d2d0 .functor BUFZ 1, v0x560d7a909430_0, C4<0>, C4<0>, C4<0>;
L_0x560d7a97d370 .functor BUFZ 1, L_0x560d7a9b4e60, C4<0>, C4<0>, C4<0>;
L_0x560d7a97d3e0 .functor BUFZ 1, v0x560d7a908bd0_0, C4<0>, C4<0>, C4<0>;
L_0x560d7a97d4c0 .udp UDP_ihp_mux2, L_0x560d7a97cfd0, L_0x560d7a97d1f0, L_0x560d7a97d260;
L_0x560d7a97d600 .functor NOT 1, L_0x560d7a97d370, C4<0>, C4<0>, C4<0>;
L_0x560d7a97d710 .functor NOT 1, L_0x560d7a97d2d0, C4<0>, C4<0>, C4<0>;
L_0x7f6fe5f776e0 .functor BUFT 1, C4<0>, C4<0>, C4<0>, C4<0>;
L_0x560d7a97d7d0 .functor BUF 1, L_0x7f6fe5f776e0, C4<0>, C4<0>, C4<0>;
L_0x560d7a97d840 .udp UDP_ihp_dff_sr_1, v0x560d7a854670_0, L_0x560d7a97d3e0, L_0x560d7a97d4c0, L_0x560d7a97d600, L_0x560d7a97d710, L_0x560d7a97d7d0;
L_0x560d7a97da40 .functor BUF 1, L_0x560d7a97d840, C4<0>, C4<0>, C4<0>;
L_0x560d7a97dc80 .functor NOT 1, L_0x560d7a97d840, C4<0>, C4<0>, C4<0>;
L_0x560d7a97dcf0 .functor BUF 1, L_0x560d7a97dc80, C4<0>, C4<0>, C4<0>;
v0x560d7a853680_0 .net "CLK", 0 0, v0x560d7a908bd0_0;  alias, 1 drivers
v0x560d7a853740_0 .net "D", 0 0, L_0x560d7a9a9e50;  alias, 1 drivers
v0x560d7a853800_0 .net "Q", 0 0, L_0x560d7a97da40;  alias, 1 drivers
v0x560d7a8538f0_0 .net "Q_N", 0 0, L_0x560d7a97dcf0;  1 drivers
v0x560d7a853990_0 .net "RESET_B", 0 0, v0x560d7a909430_0;  alias, 1 drivers
v0x560d7a853a80_0 .net "SCD", 0 0, L_0x560d7a97da40;  alias, 1 drivers
v0x560d7a853b20_0 .net "SCE", 0 0, L_0x560d7a9411b0;  alias, 1 drivers
v0x560d7a853bc0_0 .net "SET_B", 0 0, L_0x560d7a9b4e60;  alias, 1 drivers
v0x560d7a853c60_0 .net/2s *"_ivl_15", 0 0, L_0x7f6fe5f776e0;  1 drivers
v0x560d7a853d20_0 .net "delayed_CLK", 0 0, L_0x560d7a97d3e0;  1 drivers
v0x560d7a853de0_0 .net "delayed_D", 0 0, L_0x560d7a97cfd0;  1 drivers
v0x560d7a853ea0_0 .net "delayed_RESET_B", 0 0, L_0x560d7a97d2d0;  1 drivers
v0x560d7a853f60_0 .net "delayed_SCD", 0 0, L_0x560d7a97d1f0;  1 drivers
v0x560d7a854020_0 .net "delayed_SCE", 0 0, L_0x560d7a97d260;  1 drivers
v0x560d7a8540e0_0 .net "delayed_SET_B", 0 0, L_0x560d7a97d370;  1 drivers
v0x560d7a8541a0_0 .net "int_fwire_IQ", 0 0, L_0x560d7a97d840;  1 drivers
v0x560d7a854260_0 .net "int_fwire_IQN", 0 0, L_0x560d7a97dc80;  1 drivers
v0x560d7a854430_0 .net "int_fwire_d", 0 0, L_0x560d7a97d4c0;  1 drivers
v0x560d7a8544f0_0 .net "int_fwire_r", 0 0, L_0x560d7a97d710;  1 drivers
v0x560d7a8545b0_0 .net "int_fwire_s", 0 0, L_0x560d7a97d600;  1 drivers
v0x560d7a854670_0 .var "notifier", 0 0;
v0x560d7a854730_0 .net "xcr_0", 0 0, L_0x560d7a97d7d0;  1 drivers
S_0x560d7a8548f0 .scope module, "_0910_" "sg13g2_hv_sdfbbp_1" 5 3135, 3 1964 1, S_0x560d7a760c50;
 .timescale -9 -11;
    .port_info 0 /OUTPUT 1 "Q";
    .port_info 1 /OUTPUT 1 "Q_N";
    .port_info 2 /INPUT 1 "CLK";
    .port_info 3 /INPUT 1 "D";
    .port_info 4 /INPUT 1 "RESET_B";
    .port_info 5 /INPUT 1 "SCD";
    .port_info 6 /INPUT 1 "SCE";
    .port_info 7 /INPUT 1 "SET_B";
L_0x560d7a97dc10 .functor BUFZ 1, L_0x560d7a9a4d30, C4<0>, C4<0>, C4<0>;
L_0x560d7a97de30 .functor BUFZ 1, L_0x560d7a97e680, C4<0>, C4<0>, C4<0>;
L_0x560d7a97dea0 .functor BUFZ 1, L_0x560d7a924c80, C4<0>, C4<0>, C4<0>;
L_0x560d7a97df10 .functor BUFZ 1, v0x560d7a909430_0, C4<0>, C4<0>, C4<0>;
L_0x560d7a97dfb0 .functor BUFZ 1, L_0x560d7a9b4f60, C4<0>, C4<0>, C4<0>;
L_0x560d7a97e020 .functor BUFZ 1, v0x560d7a908bd0_0, C4<0>, C4<0>, C4<0>;
L_0x560d7a97e100 .udp UDP_ihp_mux2, L_0x560d7a97dc10, L_0x560d7a97de30, L_0x560d7a97dea0;
L_0x560d7a97e240 .functor NOT 1, L_0x560d7a97dfb0, C4<0>, C4<0>, C4<0>;
L_0x560d7a97e350 .functor NOT 1, L_0x560d7a97df10, C4<0>, C4<0>, C4<0>;
L_0x7f6fe5f77728 .functor BUFT 1, C4<0>, C4<0>, C4<0>, C4<0>;
L_0x560d7a97e410 .functor BUF 1, L_0x7f6fe5f77728, C4<0>, C4<0>, C4<0>;
L_0x560d7a97e480 .udp UDP_ihp_dff_sr_1, v0x560d7a855bd0_0, L_0x560d7a97e020, L_0x560d7a97e100, L_0x560d7a97e240, L_0x560d7a97e350, L_0x560d7a97e410;
L_0x560d7a97e680 .functor BUF 1, L_0x560d7a97e480, C4<0>, C4<0>, C4<0>;
L_0x560d7a97e8c0 .functor NOT 1, L_0x560d7a97e480, C4<0>, C4<0>, C4<0>;
L_0x560d7a97e930 .functor BUF 1, L_0x560d7a97e8c0, C4<0>, C4<0>, C4<0>;
v0x560d7a854be0_0 .net "CLK", 0 0, v0x560d7a908bd0_0;  alias, 1 drivers
v0x560d7a854ca0_0 .net "D", 0 0, L_0x560d7a9a4d30;  alias, 1 drivers
v0x560d7a854d60_0 .net "Q", 0 0, L_0x560d7a97e680;  alias, 1 drivers
v0x560d7a854e50_0 .net "Q_N", 0 0, L_0x560d7a97e930;  1 drivers
v0x560d7a854ef0_0 .net "RESET_B", 0 0, v0x560d7a909430_0;  alias, 1 drivers
v0x560d7a854fe0_0 .net "SCD", 0 0, L_0x560d7a97e680;  alias, 1 drivers
v0x560d7a855080_0 .net "SCE", 0 0, L_0x560d7a924c80;  alias, 1 drivers
v0x560d7a855120_0 .net "SET_B", 0 0, L_0x560d7a9b4f60;  alias, 1 drivers
v0x560d7a8551c0_0 .net/2s *"_ivl_15", 0 0, L_0x7f6fe5f77728;  1 drivers
v0x560d7a855280_0 .net "delayed_CLK", 0 0, L_0x560d7a97e020;  1 drivers
v0x560d7a855340_0 .net "delayed_D", 0 0, L_0x560d7a97dc10;  1 drivers
v0x560d7a855400_0 .net "delayed_RESET_B", 0 0, L_0x560d7a97df10;  1 drivers
v0x560d7a8554c0_0 .net "delayed_SCD", 0 0, L_0x560d7a97de30;  1 drivers
v0x560d7a855580_0 .net "delayed_SCE", 0 0, L_0x560d7a97dea0;  1 drivers
v0x560d7a855640_0 .net "delayed_SET_B", 0 0, L_0x560d7a97dfb0;  1 drivers
v0x560d7a855700_0 .net "int_fwire_IQ", 0 0, L_0x560d7a97e480;  1 drivers
v0x560d7a8557c0_0 .net "int_fwire_IQN", 0 0, L_0x560d7a97e8c0;  1 drivers
v0x560d7a855990_0 .net "int_fwire_d", 0 0, L_0x560d7a97e100;  1 drivers
v0x560d7a855a50_0 .net "int_fwire_r", 0 0, L_0x560d7a97e350;  1 drivers
v0x560d7a855b10_0 .net "int_fwire_s", 0 0, L_0x560d7a97e240;  1 drivers
v0x560d7a855bd0_0 .var "notifier", 0 0;
v0x560d7a855c90_0 .net "xcr_0", 0 0, L_0x560d7a97e410;  1 drivers
S_0x560d7a855e50 .scope module, "_0911_" "sg13g2_hv_sdfbbp_1" 5 3144, 3 1964 1, S_0x560d7a760c50;
 .timescale -9 -11;
    .port_info 0 /OUTPUT 1 "Q";
    .port_info 1 /OUTPUT 1 "Q_N";
    .port_info 2 /INPUT 1 "CLK";
    .port_info 3 /INPUT 1 "D";
    .port_info 4 /INPUT 1 "RESET_B";
    .port_info 5 /INPUT 1 "SCD";
    .port_info 6 /INPUT 1 "SCE";
    .port_info 7 /INPUT 1 "SET_B";
L_0x560d7a97e850 .functor BUFZ 1, L_0x560d7a9a5860, C4<0>, C4<0>, C4<0>;
L_0x560d7a97ea70 .functor BUFZ 1, L_0x560d7a97f2c0, C4<0>, C4<0>, C4<0>;
L_0x560d7a97eae0 .functor BUFZ 1, L_0x560d7a941320, C4<0>, C4<0>, C4<0>;
L_0x560d7a97eb50 .functor BUFZ 1, L_0x560d7a9b5060, C4<0>, C4<0>, C4<0>;
L_0x560d7a97ebf0 .functor BUFZ 1, v0x560d7a909430_0, C4<0>, C4<0>, C4<0>;
L_0x560d7a97ec60 .functor BUFZ 1, v0x560d7a908bd0_0, C4<0>, C4<0>, C4<0>;
L_0x560d7a97ed40 .udp UDP_ihp_mux2, L_0x560d7a97e850, L_0x560d7a97ea70, L_0x560d7a97eae0;
L_0x560d7a97ee80 .functor NOT 1, L_0x560d7a97ebf0, C4<0>, C4<0>, C4<0>;
L_0x560d7a97ef90 .functor NOT 1, L_0x560d7a97eb50, C4<0>, C4<0>, C4<0>;
L_0x7f6fe5f77770 .functor BUFT 1, C4<0>, C4<0>, C4<0>, C4<0>;
L_0x560d7a97f050 .functor BUF 1, L_0x7f6fe5f77770, C4<0>, C4<0>, C4<0>;
L_0x560d7a97f0c0 .udp UDP_ihp_dff_sr_1, v0x560d7a857170_0, L_0x560d7a97ec60, L_0x560d7a97ed40, L_0x560d7a97ee80, L_0x560d7a97ef90, L_0x560d7a97f050;
L_0x560d7a97f2c0 .functor BUF 1, L_0x560d7a97f0c0, C4<0>, C4<0>, C4<0>;
L_0x560d7a97f500 .functor NOT 1, L_0x560d7a97f0c0, C4<0>, C4<0>, C4<0>;
L_0x560d7a97f570 .functor BUF 1, L_0x560d7a97f500, C4<0>, C4<0>, C4<0>;
v0x560d7a856140_0 .net "CLK", 0 0, v0x560d7a908bd0_0;  alias, 1 drivers
v0x560d7a856200_0 .net "D", 0 0, L_0x560d7a9a5860;  alias, 1 drivers
v0x560d7a8562c0_0 .net "Q", 0 0, L_0x560d7a97f2c0;  alias, 1 drivers
v0x560d7a856360_0 .net "Q_N", 0 0, L_0x560d7a97f570;  1 drivers
v0x560d7a856400_0 .net "RESET_B", 0 0, L_0x560d7a9b5060;  alias, 1 drivers
v0x560d7a8564f0_0 .net "SCD", 0 0, L_0x560d7a97f2c0;  alias, 1 drivers
v0x560d7a856590_0 .net "SCE", 0 0, L_0x560d7a941320;  alias, 1 drivers
v0x560d7a856630_0 .net "SET_B", 0 0, v0x560d7a909430_0;  alias, 1 drivers
v0x560d7a8566d0_0 .net/2s *"_ivl_15", 0 0, L_0x7f6fe5f77770;  1 drivers
v0x560d7a856820_0 .net "delayed_CLK", 0 0, L_0x560d7a97ec60;  1 drivers
v0x560d7a8568e0_0 .net "delayed_D", 0 0, L_0x560d7a97e850;  1 drivers
v0x560d7a8569a0_0 .net "delayed_RESET_B", 0 0, L_0x560d7a97eb50;  1 drivers
v0x560d7a856a60_0 .net "delayed_SCD", 0 0, L_0x560d7a97ea70;  1 drivers
v0x560d7a856b20_0 .net "delayed_SCE", 0 0, L_0x560d7a97eae0;  1 drivers
v0x560d7a856be0_0 .net "delayed_SET_B", 0 0, L_0x560d7a97ebf0;  1 drivers
v0x560d7a856ca0_0 .net "int_fwire_IQ", 0 0, L_0x560d7a97f0c0;  1 drivers
v0x560d7a856d60_0 .net "int_fwire_IQN", 0 0, L_0x560d7a97f500;  1 drivers
v0x560d7a856f30_0 .net "int_fwire_d", 0 0, L_0x560d7a97ed40;  1 drivers
v0x560d7a856ff0_0 .net "int_fwire_r", 0 0, L_0x560d7a97ef90;  1 drivers
v0x560d7a8570b0_0 .net "int_fwire_s", 0 0, L_0x560d7a97ee80;  1 drivers
v0x560d7a857170_0 .var "notifier", 0 0;
v0x560d7a857230_0 .net "xcr_0", 0 0, L_0x560d7a97f050;  1 drivers
S_0x560d7a8573f0 .scope module, "_0912_" "sg13g2_hv_sdfbbp_1" 5 3153, 3 1964 1, S_0x560d7a760c50;
 .timescale -9 -11;
    .port_info 0 /OUTPUT 1 "Q";
    .port_info 1 /OUTPUT 1 "Q_N";
    .port_info 2 /INPUT 1 "CLK";
    .port_info 3 /INPUT 1 "D";
    .port_info 4 /INPUT 1 "RESET_B";
    .port_info 5 /INPUT 1 "SCD";
    .port_info 6 /INPUT 1 "SCE";
    .port_info 7 /INPUT 1 "SET_B";
L_0x560d7a97f490 .functor BUFZ 1, L_0x560d7a9a6390, C4<0>, C4<0>, C4<0>;
L_0x560d7a97f6b0 .functor BUFZ 1, L_0x560d7a97ff00, C4<0>, C4<0>, C4<0>;
L_0x560d7a97f720 .functor BUFZ 1, L_0x560d7a941490, C4<0>, C4<0>, C4<0>;
L_0x560d7a97f790 .functor BUFZ 1, L_0x560d7a9b5160, C4<0>, C4<0>, C4<0>;
L_0x560d7a97f830 .functor BUFZ 1, v0x560d7a909430_0, C4<0>, C4<0>, C4<0>;
L_0x560d7a97f8a0 .functor BUFZ 1, v0x560d7a908bd0_0, C4<0>, C4<0>, C4<0>;
L_0x560d7a97f980 .udp UDP_ihp_mux2, L_0x560d7a97f490, L_0x560d7a97f6b0, L_0x560d7a97f720;
L_0x560d7a97fac0 .functor NOT 1, L_0x560d7a97f830, C4<0>, C4<0>, C4<0>;
L_0x560d7a97fbd0 .functor NOT 1, L_0x560d7a97f790, C4<0>, C4<0>, C4<0>;
L_0x7f6fe5f777b8 .functor BUFT 1, C4<0>, C4<0>, C4<0>, C4<0>;
L_0x560d7a97fc90 .functor BUF 1, L_0x7f6fe5f777b8, C4<0>, C4<0>, C4<0>;
L_0x560d7a97fd00 .udp UDP_ihp_dff_sr_1, v0x560d7a858760_0, L_0x560d7a97f8a0, L_0x560d7a97f980, L_0x560d7a97fac0, L_0x560d7a97fbd0, L_0x560d7a97fc90;
L_0x560d7a97ff00 .functor BUF 1, L_0x560d7a97fd00, C4<0>, C4<0>, C4<0>;
L_0x560d7a980140 .functor NOT 1, L_0x560d7a97fd00, C4<0>, C4<0>, C4<0>;
L_0x560d7a9801b0 .functor BUF 1, L_0x560d7a980140, C4<0>, C4<0>, C4<0>;
v0x560d7a8576e0_0 .net "CLK", 0 0, v0x560d7a908bd0_0;  alias, 1 drivers
v0x560d7a8577a0_0 .net "D", 0 0, L_0x560d7a9a6390;  alias, 1 drivers
v0x560d7a857860_0 .net "Q", 0 0, L_0x560d7a97ff00;  alias, 1 drivers
v0x560d7a857950_0 .net "Q_N", 0 0, L_0x560d7a9801b0;  1 drivers
v0x560d7a8579f0_0 .net "RESET_B", 0 0, L_0x560d7a9b5160;  alias, 1 drivers
v0x560d7a857ae0_0 .net "SCD", 0 0, L_0x560d7a97ff00;  alias, 1 drivers
v0x560d7a857b80_0 .net "SCE", 0 0, L_0x560d7a941490;  alias, 1 drivers
v0x560d7a857c20_0 .net "SET_B", 0 0, v0x560d7a909430_0;  alias, 1 drivers
v0x560d7a857cc0_0 .net/2s *"_ivl_15", 0 0, L_0x7f6fe5f777b8;  1 drivers
v0x560d7a857e10_0 .net "delayed_CLK", 0 0, L_0x560d7a97f8a0;  1 drivers
v0x560d7a857ed0_0 .net "delayed_D", 0 0, L_0x560d7a97f490;  1 drivers
v0x560d7a857f90_0 .net "delayed_RESET_B", 0 0, L_0x560d7a97f790;  1 drivers
v0x560d7a858050_0 .net "delayed_SCD", 0 0, L_0x560d7a97f6b0;  1 drivers
v0x560d7a858110_0 .net "delayed_SCE", 0 0, L_0x560d7a97f720;  1 drivers
v0x560d7a8581d0_0 .net "delayed_SET_B", 0 0, L_0x560d7a97f830;  1 drivers
v0x560d7a858290_0 .net "int_fwire_IQ", 0 0, L_0x560d7a97fd00;  1 drivers
v0x560d7a858350_0 .net "int_fwire_IQN", 0 0, L_0x560d7a980140;  1 drivers
v0x560d7a858520_0 .net "int_fwire_d", 0 0, L_0x560d7a97f980;  1 drivers
v0x560d7a8585e0_0 .net "int_fwire_r", 0 0, L_0x560d7a97fbd0;  1 drivers
v0x560d7a8586a0_0 .net "int_fwire_s", 0 0, L_0x560d7a97fac0;  1 drivers
v0x560d7a858760_0 .var "notifier", 0 0;
v0x560d7a858820_0 .net "xcr_0", 0 0, L_0x560d7a97fc90;  1 drivers
S_0x560d7a8589e0 .scope module, "_0913_" "sg13g2_hv_sdfbbp_1" 5 3162, 3 1964 1, S_0x560d7a760c50;
 .timescale -9 -11;
    .port_info 0 /OUTPUT 1 "Q";
    .port_info 1 /OUTPUT 1 "Q_N";
    .port_info 2 /INPUT 1 "CLK";
    .port_info 3 /INPUT 1 "D";
    .port_info 4 /INPUT 1 "RESET_B";
    .port_info 5 /INPUT 1 "SCD";
    .port_info 6 /INPUT 1 "SCE";
    .port_info 7 /INPUT 1 "SET_B";
L_0x560d7a9800d0 .functor BUFZ 1, L_0x560d7a9a6f50, C4<0>, C4<0>, C4<0>;
L_0x560d7a9802f0 .functor BUFZ 1, L_0x560d7a980b40, C4<0>, C4<0>, C4<0>;
L_0x560d7a980360 .functor BUFZ 1, L_0x560d7a941600, C4<0>, C4<0>, C4<0>;
L_0x560d7a9803d0 .functor BUFZ 1, L_0x560d7a9b5260, C4<0>, C4<0>, C4<0>;
L_0x560d7a980470 .functor BUFZ 1, v0x560d7a909430_0, C4<0>, C4<0>, C4<0>;
L_0x560d7a9804e0 .functor BUFZ 1, v0x560d7a908bd0_0, C4<0>, C4<0>, C4<0>;
L_0x560d7a9805c0 .udp UDP_ihp_mux2, L_0x560d7a9800d0, L_0x560d7a9802f0, L_0x560d7a980360;
L_0x560d7a980700 .functor NOT 1, L_0x560d7a980470, C4<0>, C4<0>, C4<0>;
L_0x560d7a980810 .functor NOT 1, L_0x560d7a9803d0, C4<0>, C4<0>, C4<0>;
L_0x7f6fe5f77800 .functor BUFT 1, C4<0>, C4<0>, C4<0>, C4<0>;
L_0x560d7a9808d0 .functor BUF 1, L_0x7f6fe5f77800, C4<0>, C4<0>, C4<0>;
L_0x560d7a980940 .udp UDP_ihp_dff_sr_1, v0x560d7a859d00_0, L_0x560d7a9804e0, L_0x560d7a9805c0, L_0x560d7a980700, L_0x560d7a980810, L_0x560d7a9808d0;
L_0x560d7a980b40 .functor BUF 1, L_0x560d7a980940, C4<0>, C4<0>, C4<0>;
L_0x560d7a980d80 .functor NOT 1, L_0x560d7a980940, C4<0>, C4<0>, C4<0>;
L_0x560d7a980df0 .functor BUF 1, L_0x560d7a980d80, C4<0>, C4<0>, C4<0>;
v0x560d7a858cd0_0 .net "CLK", 0 0, v0x560d7a908bd0_0;  alias, 1 drivers
v0x560d7a858d90_0 .net "D", 0 0, L_0x560d7a9a6f50;  alias, 1 drivers
v0x560d7a858e50_0 .net "Q", 0 0, L_0x560d7a980b40;  alias, 1 drivers
v0x560d7a858ef0_0 .net "Q_N", 0 0, L_0x560d7a980df0;  1 drivers
v0x560d7a858f90_0 .net "RESET_B", 0 0, L_0x560d7a9b5260;  alias, 1 drivers
v0x560d7a859080_0 .net "SCD", 0 0, L_0x560d7a980b40;  alias, 1 drivers
v0x560d7a859120_0 .net "SCE", 0 0, L_0x560d7a941600;  alias, 1 drivers
v0x560d7a8591c0_0 .net "SET_B", 0 0, v0x560d7a909430_0;  alias, 1 drivers
v0x560d7a859260_0 .net/2s *"_ivl_15", 0 0, L_0x7f6fe5f77800;  1 drivers
v0x560d7a8593b0_0 .net "delayed_CLK", 0 0, L_0x560d7a9804e0;  1 drivers
v0x560d7a859470_0 .net "delayed_D", 0 0, L_0x560d7a9800d0;  1 drivers
v0x560d7a859530_0 .net "delayed_RESET_B", 0 0, L_0x560d7a9803d0;  1 drivers
v0x560d7a8595f0_0 .net "delayed_SCD", 0 0, L_0x560d7a9802f0;  1 drivers
v0x560d7a8596b0_0 .net "delayed_SCE", 0 0, L_0x560d7a980360;  1 drivers
v0x560d7a859770_0 .net "delayed_SET_B", 0 0, L_0x560d7a980470;  1 drivers
v0x560d7a859830_0 .net "int_fwire_IQ", 0 0, L_0x560d7a980940;  1 drivers
v0x560d7a8598f0_0 .net "int_fwire_IQN", 0 0, L_0x560d7a980d80;  1 drivers
v0x560d7a859ac0_0 .net "int_fwire_d", 0 0, L_0x560d7a9805c0;  1 drivers
v0x560d7a859b80_0 .net "int_fwire_r", 0 0, L_0x560d7a980810;  1 drivers
v0x560d7a859c40_0 .net "int_fwire_s", 0 0, L_0x560d7a980700;  1 drivers
v0x560d7a859d00_0 .var "notifier", 0 0;
v0x560d7a859dc0_0 .net "xcr_0", 0 0, L_0x560d7a9808d0;  1 drivers
S_0x560d7a859f80 .scope module, "_0914_" "sg13g2_hv_sdfbbp_1" 5 3171, 3 1964 1, S_0x560d7a760c50;
 .timescale -9 -11;
    .port_info 0 /OUTPUT 1 "Q";
    .port_info 1 /OUTPUT 1 "Q_N";
    .port_info 2 /INPUT 1 "CLK";
    .port_info 3 /INPUT 1 "D";
    .port_info 4 /INPUT 1 "RESET_B";
    .port_info 5 /INPUT 1 "SCD";
    .port_info 6 /INPUT 1 "SCE";
    .port_info 7 /INPUT 1 "SET_B";
L_0x560d7a980d10 .functor BUFZ 1, L_0x560d7a9a7b10, C4<0>, C4<0>, C4<0>;
L_0x560d7a980f30 .functor BUFZ 1, L_0x560d7a981780, C4<0>, C4<0>, C4<0>;
L_0x560d7a980fa0 .functor BUFZ 1, L_0x560d7a941770, C4<0>, C4<0>, C4<0>;
L_0x560d7a981010 .functor BUFZ 1, v0x560d7a909430_0, C4<0>, C4<0>, C4<0>;
L_0x560d7a9810b0 .functor BUFZ 1, L_0x560d7a9b5360, C4<0>, C4<0>, C4<0>;
L_0x560d7a981120 .functor BUFZ 1, v0x560d7a908bd0_0, C4<0>, C4<0>, C4<0>;
L_0x560d7a981200 .udp UDP_ihp_mux2, L_0x560d7a980d10, L_0x560d7a980f30, L_0x560d7a980fa0;
L_0x560d7a981340 .functor NOT 1, L_0x560d7a9810b0, C4<0>, C4<0>, C4<0>;
L_0x560d7a981450 .functor NOT 1, L_0x560d7a981010, C4<0>, C4<0>, C4<0>;
L_0x7f6fe5f77848 .functor BUFT 1, C4<0>, C4<0>, C4<0>, C4<0>;
L_0x560d7a981510 .functor BUF 1, L_0x7f6fe5f77848, C4<0>, C4<0>, C4<0>;
L_0x560d7a981580 .udp UDP_ihp_dff_sr_1, v0x560d7a85b2a0_0, L_0x560d7a981120, L_0x560d7a981200, L_0x560d7a981340, L_0x560d7a981450, L_0x560d7a981510;
L_0x560d7a981780 .functor BUF 1, L_0x560d7a981580, C4<0>, C4<0>, C4<0>;
L_0x560d7a9819c0 .functor NOT 1, L_0x560d7a981580, C4<0>, C4<0>, C4<0>;
L_0x560d7a981a30 .functor BUF 1, L_0x560d7a9819c0, C4<0>, C4<0>, C4<0>;
v0x560d7a85a270_0 .net "CLK", 0 0, v0x560d7a908bd0_0;  alias, 1 drivers
v0x560d7a85a330_0 .net "D", 0 0, L_0x560d7a9a7b10;  alias, 1 drivers
v0x560d7a85a3f0_0 .net "Q", 0 0, L_0x560d7a981780;  alias, 1 drivers
v0x560d7a85a490_0 .net "Q_N", 0 0, L_0x560d7a981a30;  1 drivers
v0x560d7a85a530_0 .net "RESET_B", 0 0, v0x560d7a909430_0;  alias, 1 drivers
v0x560d7a85a620_0 .net "SCD", 0 0, L_0x560d7a981780;  alias, 1 drivers
v0x560d7a85a6c0_0 .net "SCE", 0 0, L_0x560d7a941770;  alias, 1 drivers
v0x560d7a85a760_0 .net "SET_B", 0 0, L_0x560d7a9b5360;  alias, 1 drivers
v0x560d7a85a800_0 .net/2s *"_ivl_15", 0 0, L_0x7f6fe5f77848;  1 drivers
v0x560d7a85a950_0 .net "delayed_CLK", 0 0, L_0x560d7a981120;  1 drivers
v0x560d7a85aa10_0 .net "delayed_D", 0 0, L_0x560d7a980d10;  1 drivers
v0x560d7a85aad0_0 .net "delayed_RESET_B", 0 0, L_0x560d7a981010;  1 drivers
v0x560d7a85ab90_0 .net "delayed_SCD", 0 0, L_0x560d7a980f30;  1 drivers
v0x560d7a85ac50_0 .net "delayed_SCE", 0 0, L_0x560d7a980fa0;  1 drivers
v0x560d7a85ad10_0 .net "delayed_SET_B", 0 0, L_0x560d7a9810b0;  1 drivers
v0x560d7a85add0_0 .net "int_fwire_IQ", 0 0, L_0x560d7a981580;  1 drivers
v0x560d7a85ae90_0 .net "int_fwire_IQN", 0 0, L_0x560d7a9819c0;  1 drivers
v0x560d7a85b060_0 .net "int_fwire_d", 0 0, L_0x560d7a981200;  1 drivers
v0x560d7a85b120_0 .net "int_fwire_r", 0 0, L_0x560d7a981450;  1 drivers
v0x560d7a85b1e0_0 .net "int_fwire_s", 0 0, L_0x560d7a981340;  1 drivers
v0x560d7a85b2a0_0 .var "notifier", 0 0;
v0x560d7a85b360_0 .net "xcr_0", 0 0, L_0x560d7a981510;  1 drivers
S_0x560d7a85b520 .scope module, "_0915_" "sg13g2_hv_sdfbbp_1" 5 3180, 3 1964 1, S_0x560d7a760c50;
 .timescale -9 -11;
    .port_info 0 /OUTPUT 1 "Q";
    .port_info 1 /OUTPUT 1 "Q_N";
    .port_info 2 /INPUT 1 "CLK";
    .port_info 3 /INPUT 1 "D";
    .port_info 4 /INPUT 1 "RESET_B";
    .port_info 5 /INPUT 1 "SCD";
    .port_info 6 /INPUT 1 "SCE";
    .port_info 7 /INPUT 1 "SET_B";
L_0x560d7a981950 .functor BUFZ 1, L_0x560d7a9a86d0, C4<0>, C4<0>, C4<0>;
L_0x560d7a981b70 .functor BUFZ 1, L_0x560d7a9823c0, C4<0>, C4<0>, C4<0>;
L_0x560d7a981be0 .functor BUFZ 1, L_0x560d7a941cf0, C4<0>, C4<0>, C4<0>;
L_0x560d7a981c50 .functor BUFZ 1, v0x560d7a909430_0, C4<0>, C4<0>, C4<0>;
L_0x560d7a981cf0 .functor BUFZ 1, L_0x560d7a9b5460, C4<0>, C4<0>, C4<0>;
L_0x560d7a981d60 .functor BUFZ 1, v0x560d7a908bd0_0, C4<0>, C4<0>, C4<0>;
L_0x560d7a981e40 .udp UDP_ihp_mux2, L_0x560d7a981950, L_0x560d7a981b70, L_0x560d7a981be0;
L_0x560d7a981f80 .functor NOT 1, L_0x560d7a981cf0, C4<0>, C4<0>, C4<0>;
L_0x560d7a982090 .functor NOT 1, L_0x560d7a981c50, C4<0>, C4<0>, C4<0>;
L_0x7f6fe5f77890 .functor BUFT 1, C4<0>, C4<0>, C4<0>, C4<0>;
L_0x560d7a982150 .functor BUF 1, L_0x7f6fe5f77890, C4<0>, C4<0>, C4<0>;
L_0x560d7a9821c0 .udp UDP_ihp_dff_sr_1, v0x560d7a85c840_0, L_0x560d7a981d60, L_0x560d7a981e40, L_0x560d7a981f80, L_0x560d7a982090, L_0x560d7a982150;
L_0x560d7a9823c0 .functor BUF 1, L_0x560d7a9821c0, C4<0>, C4<0>, C4<0>;
L_0x560d7a982600 .functor NOT 1, L_0x560d7a9821c0, C4<0>, C4<0>, C4<0>;
L_0x560d7a982670 .functor BUF 1, L_0x560d7a982600, C4<0>, C4<0>, C4<0>;
v0x560d7a85b810_0 .net "CLK", 0 0, v0x560d7a908bd0_0;  alias, 1 drivers
v0x560d7a85b8d0_0 .net "D", 0 0, L_0x560d7a9a86d0;  alias, 1 drivers
v0x560d7a85b990_0 .net "Q", 0 0, L_0x560d7a9823c0;  alias, 1 drivers
v0x560d7a85ba30_0 .net "Q_N", 0 0, L_0x560d7a982670;  1 drivers
v0x560d7a85bad0_0 .net "RESET_B", 0 0, v0x560d7a909430_0;  alias, 1 drivers
v0x560d7a85bbc0_0 .net "SCD", 0 0, L_0x560d7a9823c0;  alias, 1 drivers
v0x560d7a85bc60_0 .net "SCE", 0 0, L_0x560d7a941cf0;  alias, 1 drivers
v0x560d7a85bd00_0 .net "SET_B", 0 0, L_0x560d7a9b5460;  alias, 1 drivers
v0x560d7a85bda0_0 .net/2s *"_ivl_15", 0 0, L_0x7f6fe5f77890;  1 drivers
v0x560d7a85bef0_0 .net "delayed_CLK", 0 0, L_0x560d7a981d60;  1 drivers
v0x560d7a85bfb0_0 .net "delayed_D", 0 0, L_0x560d7a981950;  1 drivers
v0x560d7a85c070_0 .net "delayed_RESET_B", 0 0, L_0x560d7a981c50;  1 drivers
v0x560d7a85c130_0 .net "delayed_SCD", 0 0, L_0x560d7a981b70;  1 drivers
v0x560d7a85c1f0_0 .net "delayed_SCE", 0 0, L_0x560d7a981be0;  1 drivers
v0x560d7a85c2b0_0 .net "delayed_SET_B", 0 0, L_0x560d7a981cf0;  1 drivers
v0x560d7a85c370_0 .net "int_fwire_IQ", 0 0, L_0x560d7a9821c0;  1 drivers
v0x560d7a85c430_0 .net "int_fwire_IQN", 0 0, L_0x560d7a982600;  1 drivers
v0x560d7a85c600_0 .net "int_fwire_d", 0 0, L_0x560d7a981e40;  1 drivers
v0x560d7a85c6c0_0 .net "int_fwire_r", 0 0, L_0x560d7a982090;  1 drivers
v0x560d7a85c780_0 .net "int_fwire_s", 0 0, L_0x560d7a981f80;  1 drivers
v0x560d7a85c840_0 .var "notifier", 0 0;
v0x560d7a85c900_0 .net "xcr_0", 0 0, L_0x560d7a982150;  1 drivers
S_0x560d7a85cac0 .scope module, "_0916_" "sg13g2_hv_sdfbbp_1" 5 3189, 3 1964 1, S_0x560d7a760c50;
 .timescale -9 -11;
    .port_info 0 /OUTPUT 1 "Q";
    .port_info 1 /OUTPUT 1 "Q_N";
    .port_info 2 /INPUT 1 "CLK";
    .port_info 3 /INPUT 1 "D";
    .port_info 4 /INPUT 1 "RESET_B";
    .port_info 5 /INPUT 1 "SCD";
    .port_info 6 /INPUT 1 "SCE";
    .port_info 7 /INPUT 1 "SET_B";
L_0x560d7a982590 .functor BUFZ 1, L_0x560d7a9a9290, C4<0>, C4<0>, C4<0>;
L_0x560d7a9827b0 .functor BUFZ 1, L_0x560d7a983000, C4<0>, C4<0>, C4<0>;
L_0x560d7a982820 .functor BUFZ 1, L_0x560d7a941e60, C4<0>, C4<0>, C4<0>;
L_0x560d7a982890 .functor BUFZ 1, v0x560d7a909430_0, C4<0>, C4<0>, C4<0>;
L_0x560d7a982930 .functor BUFZ 1, L_0x560d7a9b5560, C4<0>, C4<0>, C4<0>;
L_0x560d7a9829a0 .functor BUFZ 1, v0x560d7a908bd0_0, C4<0>, C4<0>, C4<0>;
L_0x560d7a982a80 .udp UDP_ihp_mux2, L_0x560d7a982590, L_0x560d7a9827b0, L_0x560d7a982820;
L_0x560d7a982bc0 .functor NOT 1, L_0x560d7a982930, C4<0>, C4<0>, C4<0>;
L_0x560d7a982cd0 .functor NOT 1, L_0x560d7a982890, C4<0>, C4<0>, C4<0>;
L_0x7f6fe5f778d8 .functor BUFT 1, C4<0>, C4<0>, C4<0>, C4<0>;
L_0x560d7a982d90 .functor BUF 1, L_0x7f6fe5f778d8, C4<0>, C4<0>, C4<0>;
L_0x560d7a982e00 .udp UDP_ihp_dff_sr_1, v0x560d7a85dde0_0, L_0x560d7a9829a0, L_0x560d7a982a80, L_0x560d7a982bc0, L_0x560d7a982cd0, L_0x560d7a982d90;
L_0x560d7a983000 .functor BUF 1, L_0x560d7a982e00, C4<0>, C4<0>, C4<0>;
L_0x560d7a983240 .functor NOT 1, L_0x560d7a982e00, C4<0>, C4<0>, C4<0>;
L_0x560d7a9832b0 .functor BUF 1, L_0x560d7a983240, C4<0>, C4<0>, C4<0>;
v0x560d7a85cdb0_0 .net "CLK", 0 0, v0x560d7a908bd0_0;  alias, 1 drivers
v0x560d7a85ce70_0 .net "D", 0 0, L_0x560d7a9a9290;  alias, 1 drivers
v0x560d7a85cf30_0 .net "Q", 0 0, L_0x560d7a983000;  alias, 1 drivers
v0x560d7a85cfd0_0 .net "Q_N", 0 0, L_0x560d7a9832b0;  1 drivers
v0x560d7a85d070_0 .net "RESET_B", 0 0, v0x560d7a909430_0;  alias, 1 drivers
v0x560d7a85d160_0 .net "SCD", 0 0, L_0x560d7a983000;  alias, 1 drivers
v0x560d7a85d200_0 .net "SCE", 0 0, L_0x560d7a941e60;  alias, 1 drivers
v0x560d7a85d2a0_0 .net "SET_B", 0 0, L_0x560d7a9b5560;  alias, 1 drivers
v0x560d7a85d340_0 .net/2s *"_ivl_15", 0 0, L_0x7f6fe5f778d8;  1 drivers
v0x560d7a85d490_0 .net "delayed_CLK", 0 0, L_0x560d7a9829a0;  1 drivers
v0x560d7a85d550_0 .net "delayed_D", 0 0, L_0x560d7a982590;  1 drivers
v0x560d7a85d610_0 .net "delayed_RESET_B", 0 0, L_0x560d7a982890;  1 drivers
v0x560d7a85d6d0_0 .net "delayed_SCD", 0 0, L_0x560d7a9827b0;  1 drivers
v0x560d7a85d790_0 .net "delayed_SCE", 0 0, L_0x560d7a982820;  1 drivers
v0x560d7a85d850_0 .net "delayed_SET_B", 0 0, L_0x560d7a982930;  1 drivers
v0x560d7a85d910_0 .net "int_fwire_IQ", 0 0, L_0x560d7a982e00;  1 drivers
v0x560d7a85d9d0_0 .net "int_fwire_IQN", 0 0, L_0x560d7a983240;  1 drivers
v0x560d7a85dba0_0 .net "int_fwire_d", 0 0, L_0x560d7a982a80;  1 drivers
v0x560d7a85dc60_0 .net "int_fwire_r", 0 0, L_0x560d7a982cd0;  1 drivers
v0x560d7a85dd20_0 .net "int_fwire_s", 0 0, L_0x560d7a982bc0;  1 drivers
v0x560d7a85dde0_0 .var "notifier", 0 0;
v0x560d7a85dea0_0 .net "xcr_0", 0 0, L_0x560d7a982d90;  1 drivers
S_0x560d7a85e060 .scope module, "_0917_" "sg13g2_hv_sdfbbp_1" 5 3198, 3 1964 1, S_0x560d7a760c50;
 .timescale -9 -11;
    .port_info 0 /OUTPUT 1 "Q";
    .port_info 1 /OUTPUT 1 "Q_N";
    .port_info 2 /INPUT 1 "CLK";
    .port_info 3 /INPUT 1 "D";
    .port_info 4 /INPUT 1 "RESET_B";
    .port_info 5 /INPUT 1 "SCD";
    .port_info 6 /INPUT 1 "SCE";
    .port_info 7 /INPUT 1 "SET_B";
L_0x560d7a9831d0 .functor BUFZ 1, L_0x560d7a9a9e50, C4<0>, C4<0>, C4<0>;
L_0x560d7a9833f0 .functor BUFZ 1, L_0x560d7a983c40, C4<0>, C4<0>, C4<0>;
L_0x560d7a983460 .functor BUFZ 1, L_0x560d7a941fd0, C4<0>, C4<0>, C4<0>;
L_0x560d7a9834d0 .functor BUFZ 1, v0x560d7a909430_0, C4<0>, C4<0>, C4<0>;
L_0x560d7a983570 .functor BUFZ 1, L_0x560d7a9b5660, C4<0>, C4<0>, C4<0>;
L_0x560d7a9835e0 .functor BUFZ 1, v0x560d7a908bd0_0, C4<0>, C4<0>, C4<0>;
L_0x560d7a9836c0 .udp UDP_ihp_mux2, L_0x560d7a9831d0, L_0x560d7a9833f0, L_0x560d7a983460;
L_0x560d7a983800 .functor NOT 1, L_0x560d7a983570, C4<0>, C4<0>, C4<0>;
L_0x560d7a983910 .functor NOT 1, L_0x560d7a9834d0, C4<0>, C4<0>, C4<0>;
L_0x7f6fe5f77920 .functor BUFT 1, C4<0>, C4<0>, C4<0>, C4<0>;
L_0x560d7a9839d0 .functor BUF 1, L_0x7f6fe5f77920, C4<0>, C4<0>, C4<0>;
L_0x560d7a983a40 .udp UDP_ihp_dff_sr_1, v0x560d7a85f3d0_0, L_0x560d7a9835e0, L_0x560d7a9836c0, L_0x560d7a983800, L_0x560d7a983910, L_0x560d7a9839d0;
L_0x560d7a983c40 .functor BUF 1, L_0x560d7a983a40, C4<0>, C4<0>, C4<0>;
L_0x560d7a983e80 .functor NOT 1, L_0x560d7a983a40, C4<0>, C4<0>, C4<0>;
L_0x560d7a983ef0 .functor BUF 1, L_0x560d7a983e80, C4<0>, C4<0>, C4<0>;
v0x560d7a85e350_0 .net "CLK", 0 0, v0x560d7a908bd0_0;  alias, 1 drivers
v0x560d7a85e410_0 .net "D", 0 0, L_0x560d7a9a9e50;  alias, 1 drivers
v0x560d7a85e4d0_0 .net "Q", 0 0, L_0x560d7a983c40;  alias, 1 drivers
v0x560d7a85e5c0_0 .net "Q_N", 0 0, L_0x560d7a983ef0;  1 drivers
v0x560d7a85e660_0 .net "RESET_B", 0 0, v0x560d7a909430_0;  alias, 1 drivers
v0x560d7a85e750_0 .net "SCD", 0 0, L_0x560d7a983c40;  alias, 1 drivers
v0x560d7a85e7f0_0 .net "SCE", 0 0, L_0x560d7a941fd0;  alias, 1 drivers
v0x560d7a85e890_0 .net "SET_B", 0 0, L_0x560d7a9b5660;  alias, 1 drivers
v0x560d7a85e930_0 .net/2s *"_ivl_15", 0 0, L_0x7f6fe5f77920;  1 drivers
v0x560d7a85ea80_0 .net "delayed_CLK", 0 0, L_0x560d7a9835e0;  1 drivers
v0x560d7a85eb40_0 .net "delayed_D", 0 0, L_0x560d7a9831d0;  1 drivers
v0x560d7a85ec00_0 .net "delayed_RESET_B", 0 0, L_0x560d7a9834d0;  1 drivers
v0x560d7a85ecc0_0 .net "delayed_SCD", 0 0, L_0x560d7a9833f0;  1 drivers
v0x560d7a85ed80_0 .net "delayed_SCE", 0 0, L_0x560d7a983460;  1 drivers
v0x560d7a85ee40_0 .net "delayed_SET_B", 0 0, L_0x560d7a983570;  1 drivers
v0x560d7a85ef00_0 .net "int_fwire_IQ", 0 0, L_0x560d7a983a40;  1 drivers
v0x560d7a85efc0_0 .net "int_fwire_IQN", 0 0, L_0x560d7a983e80;  1 drivers
v0x560d7a85f190_0 .net "int_fwire_d", 0 0, L_0x560d7a9836c0;  1 drivers
v0x560d7a85f250_0 .net "int_fwire_r", 0 0, L_0x560d7a983910;  1 drivers
v0x560d7a85f310_0 .net "int_fwire_s", 0 0, L_0x560d7a983800;  1 drivers
v0x560d7a85f3d0_0 .var "notifier", 0 0;
v0x560d7a85f490_0 .net "xcr_0", 0 0, L_0x560d7a9839d0;  1 drivers
S_0x560d7a85f650 .scope module, "_0918_" "sg13g2_hv_sdfbbp_1" 5 3207, 3 1964 1, S_0x560d7a760c50;
 .timescale -9 -11;
    .port_info 0 /OUTPUT 1 "Q";
    .port_info 1 /OUTPUT 1 "Q_N";
    .port_info 2 /INPUT 1 "CLK";
    .port_info 3 /INPUT 1 "D";
    .port_info 4 /INPUT 1 "RESET_B";
    .port_info 5 /INPUT 1 "SCD";
    .port_info 6 /INPUT 1 "SCE";
    .port_info 7 /INPUT 1 "SET_B";
L_0x560d7a983e10 .functor BUFZ 1, L_0x560d7a9a4d30, C4<0>, C4<0>, C4<0>;
L_0x560d7a984030 .functor BUFZ 1, L_0x560d7a984880, C4<0>, C4<0>, C4<0>;
L_0x560d7a9840a0 .functor BUFZ 1, L_0x560d7a924ff0, C4<0>, C4<0>, C4<0>;
L_0x560d7a984110 .functor BUFZ 1, v0x560d7a909430_0, C4<0>, C4<0>, C4<0>;
L_0x560d7a9841b0 .functor BUFZ 1, L_0x560d7a9b5760, C4<0>, C4<0>, C4<0>;
L_0x560d7a984220 .functor BUFZ 1, v0x560d7a908bd0_0, C4<0>, C4<0>, C4<0>;
L_0x560d7a984300 .udp UDP_ihp_mux2, L_0x560d7a983e10, L_0x560d7a984030, L_0x560d7a9840a0;
L_0x560d7a984440 .functor NOT 1, L_0x560d7a9841b0, C4<0>, C4<0>, C4<0>;
L_0x560d7a984550 .functor NOT 1, L_0x560d7a984110, C4<0>, C4<0>, C4<0>;
L_0x7f6fe5f77968 .functor BUFT 1, C4<0>, C4<0>, C4<0>, C4<0>;
L_0x560d7a984610 .functor BUF 1, L_0x7f6fe5f77968, C4<0>, C4<0>, C4<0>;
L_0x560d7a984680 .udp UDP_ihp_dff_sr_1, v0x560d7a860930_0, L_0x560d7a984220, L_0x560d7a984300, L_0x560d7a984440, L_0x560d7a984550, L_0x560d7a984610;
L_0x560d7a984880 .functor BUF 1, L_0x560d7a984680, C4<0>, C4<0>, C4<0>;
L_0x560d7a9849b0 .functor NOT 1, L_0x560d7a984680, C4<0>, C4<0>, C4<0>;
L_0x560d7a984a20 .functor BUF 1, L_0x560d7a9849b0, C4<0>, C4<0>, C4<0>;
v0x560d7a85f940_0 .net "CLK", 0 0, v0x560d7a908bd0_0;  alias, 1 drivers
v0x560d7a85fa00_0 .net "D", 0 0, L_0x560d7a9a4d30;  alias, 1 drivers
v0x560d7a85fac0_0 .net "Q", 0 0, L_0x560d7a984880;  alias, 1 drivers
v0x560d7a85fbb0_0 .net "Q_N", 0 0, L_0x560d7a984a20;  1 drivers
v0x560d7a85fc50_0 .net "RESET_B", 0 0, v0x560d7a909430_0;  alias, 1 drivers
v0x560d7a85fd40_0 .net "SCD", 0 0, L_0x560d7a984880;  alias, 1 drivers
v0x560d7a85fde0_0 .net "SCE", 0 0, L_0x560d7a924ff0;  alias, 1 drivers
v0x560d7a85fe80_0 .net "SET_B", 0 0, L_0x560d7a9b5760;  alias, 1 drivers
v0x560d7a85ff20_0 .net/2s *"_ivl_15", 0 0, L_0x7f6fe5f77968;  1 drivers
v0x560d7a85ffe0_0 .net "delayed_CLK", 0 0, L_0x560d7a984220;  1 drivers
v0x560d7a8600a0_0 .net "delayed_D", 0 0, L_0x560d7a983e10;  1 drivers
v0x560d7a860160_0 .net "delayed_RESET_B", 0 0, L_0x560d7a984110;  1 drivers
v0x560d7a860220_0 .net "delayed_SCD", 0 0, L_0x560d7a984030;  1 drivers
v0x560d7a8602e0_0 .net "delayed_SCE", 0 0, L_0x560d7a9840a0;  1 drivers
v0x560d7a8603a0_0 .net "delayed_SET_B", 0 0, L_0x560d7a9841b0;  1 drivers
v0x560d7a860460_0 .net "int_fwire_IQ", 0 0, L_0x560d7a984680;  1 drivers
v0x560d7a860520_0 .net "int_fwire_IQN", 0 0, L_0x560d7a9849b0;  1 drivers
v0x560d7a8606f0_0 .net "int_fwire_d", 0 0, L_0x560d7a984300;  1 drivers
v0x560d7a8607b0_0 .net "int_fwire_r", 0 0, L_0x560d7a984550;  1 drivers
v0x560d7a860870_0 .net "int_fwire_s", 0 0, L_0x560d7a984440;  1 drivers
v0x560d7a860930_0 .var "notifier", 0 0;
v0x560d7a8609f0_0 .net "xcr_0", 0 0, L_0x560d7a984610;  1 drivers
S_0x560d7a860bb0 .scope module, "_0919_" "sg13g2_hv_sdfbbp_1" 5 3216, 3 1964 1, S_0x560d7a760c50;
 .timescale -9 -11;
    .port_info 0 /OUTPUT 1 "Q";
    .port_info 1 /OUTPUT 1 "Q_N";
    .port_info 2 /INPUT 1 "CLK";
    .port_info 3 /INPUT 1 "D";
    .port_info 4 /INPUT 1 "RESET_B";
    .port_info 5 /INPUT 1 "SCD";
    .port_info 6 /INPUT 1 "SCE";
    .port_info 7 /INPUT 1 "SET_B";
L_0x560d7a984940 .functor BUFZ 1, L_0x560d7a9a5860, C4<0>, C4<0>, C4<0>;
L_0x560d7a984b60 .functor BUFZ 1, L_0x560d7a9853b0, C4<0>, C4<0>, C4<0>;
L_0x560d7a984bd0 .functor BUFZ 1, L_0x560d7a942140, C4<0>, C4<0>, C4<0>;
L_0x560d7a984c40 .functor BUFZ 1, v0x560d7a909430_0, C4<0>, C4<0>, C4<0>;
L_0x560d7a984ce0 .functor BUFZ 1, L_0x560d7a9b5860, C4<0>, C4<0>, C4<0>;
L_0x560d7a984d50 .functor BUFZ 1, v0x560d7a908bd0_0, C4<0>, C4<0>, C4<0>;
L_0x560d7a984e30 .udp UDP_ihp_mux2, L_0x560d7a984940, L_0x560d7a984b60, L_0x560d7a984bd0;
L_0x560d7a984f70 .functor NOT 1, L_0x560d7a984ce0, C4<0>, C4<0>, C4<0>;
L_0x560d7a985080 .functor NOT 1, L_0x560d7a984c40, C4<0>, C4<0>, C4<0>;
L_0x7f6fe5f779b0 .functor BUFT 1, C4<0>, C4<0>, C4<0>, C4<0>;
L_0x560d7a985140 .functor BUF 1, L_0x7f6fe5f779b0, C4<0>, C4<0>, C4<0>;
L_0x560d7a9851b0 .udp UDP_ihp_dff_sr_1, v0x560d7a861e90_0, L_0x560d7a984d50, L_0x560d7a984e30, L_0x560d7a984f70, L_0x560d7a985080, L_0x560d7a985140;
L_0x560d7a9853b0 .functor BUF 1, L_0x560d7a9851b0, C4<0>, C4<0>, C4<0>;
L_0x560d7a9854e0 .functor NOT 1, L_0x560d7a9851b0, C4<0>, C4<0>, C4<0>;
L_0x560d7a985550 .functor BUF 1, L_0x560d7a9854e0, C4<0>, C4<0>, C4<0>;
v0x560d7a860ea0_0 .net "CLK", 0 0, v0x560d7a908bd0_0;  alias, 1 drivers
v0x560d7a860f60_0 .net "D", 0 0, L_0x560d7a9a5860;  alias, 1 drivers
v0x560d7a861020_0 .net "Q", 0 0, L_0x560d7a9853b0;  alias, 1 drivers
v0x560d7a861110_0 .net "Q_N", 0 0, L_0x560d7a985550;  1 drivers
v0x560d7a8611b0_0 .net "RESET_B", 0 0, v0x560d7a909430_0;  alias, 1 drivers
v0x560d7a8612a0_0 .net "SCD", 0 0, L_0x560d7a9853b0;  alias, 1 drivers
v0x560d7a861340_0 .net "SCE", 0 0, L_0x560d7a942140;  alias, 1 drivers
v0x560d7a8613e0_0 .net "SET_B", 0 0, L_0x560d7a9b5860;  alias, 1 drivers
v0x560d7a861480_0 .net/2s *"_ivl_15", 0 0, L_0x7f6fe5f779b0;  1 drivers
v0x560d7a861540_0 .net "delayed_CLK", 0 0, L_0x560d7a984d50;  1 drivers
v0x560d7a861600_0 .net "delayed_D", 0 0, L_0x560d7a984940;  1 drivers
v0x560d7a8616c0_0 .net "delayed_RESET_B", 0 0, L_0x560d7a984c40;  1 drivers
v0x560d7a861780_0 .net "delayed_SCD", 0 0, L_0x560d7a984b60;  1 drivers
v0x560d7a861840_0 .net "delayed_SCE", 0 0, L_0x560d7a984bd0;  1 drivers
v0x560d7a861900_0 .net "delayed_SET_B", 0 0, L_0x560d7a984ce0;  1 drivers
v0x560d7a8619c0_0 .net "int_fwire_IQ", 0 0, L_0x560d7a9851b0;  1 drivers
v0x560d7a861a80_0 .net "int_fwire_IQN", 0 0, L_0x560d7a9854e0;  1 drivers
v0x560d7a861c50_0 .net "int_fwire_d", 0 0, L_0x560d7a984e30;  1 drivers
v0x560d7a861d10_0 .net "int_fwire_r", 0 0, L_0x560d7a985080;  1 drivers
v0x560d7a861dd0_0 .net "int_fwire_s", 0 0, L_0x560d7a984f70;  1 drivers
v0x560d7a861e90_0 .var "notifier", 0 0;
v0x560d7a861f50_0 .net "xcr_0", 0 0, L_0x560d7a985140;  1 drivers
S_0x560d7a862110 .scope module, "_0920_" "sg13g2_hv_sdfbbp_1" 5 3225, 3 1964 1, S_0x560d7a760c50;
 .timescale -9 -11;
    .port_info 0 /OUTPUT 1 "Q";
    .port_info 1 /OUTPUT 1 "Q_N";
    .port_info 2 /INPUT 1 "CLK";
    .port_info 3 /INPUT 1 "D";
    .port_info 4 /INPUT 1 "RESET_B";
    .port_info 5 /INPUT 1 "SCD";
    .port_info 6 /INPUT 1 "SCE";
    .port_info 7 /INPUT 1 "SET_B";
L_0x560d7a985470 .functor BUFZ 1, L_0x560d7a9a6390, C4<0>, C4<0>, C4<0>;
L_0x560d7a985690 .functor BUFZ 1, L_0x560d7a985ee0, C4<0>, C4<0>, C4<0>;
L_0x560d7a985700 .functor BUFZ 1, L_0x560d7a9422b0, C4<0>, C4<0>, C4<0>;
L_0x560d7a985770 .functor BUFZ 1, v0x560d7a909430_0, C4<0>, C4<0>, C4<0>;
L_0x560d7a985810 .functor BUFZ 1, L_0x560d7a9b5960, C4<0>, C4<0>, C4<0>;
L_0x560d7a985880 .functor BUFZ 1, v0x560d7a908bd0_0, C4<0>, C4<0>, C4<0>;
L_0x560d7a985960 .udp UDP_ihp_mux2, L_0x560d7a985470, L_0x560d7a985690, L_0x560d7a985700;
L_0x560d7a985aa0 .functor NOT 1, L_0x560d7a985810, C4<0>, C4<0>, C4<0>;
L_0x560d7a985bb0 .functor NOT 1, L_0x560d7a985770, C4<0>, C4<0>, C4<0>;
L_0x7f6fe5f779f8 .functor BUFT 1, C4<0>, C4<0>, C4<0>, C4<0>;
L_0x560d7a985c70 .functor BUF 1, L_0x7f6fe5f779f8, C4<0>, C4<0>, C4<0>;
L_0x560d7a985ce0 .udp UDP_ihp_dff_sr_1, v0x560d7a8633f0_0, L_0x560d7a985880, L_0x560d7a985960, L_0x560d7a985aa0, L_0x560d7a985bb0, L_0x560d7a985c70;
L_0x560d7a985ee0 .functor BUF 1, L_0x560d7a985ce0, C4<0>, C4<0>, C4<0>;
L_0x560d7a986010 .functor NOT 1, L_0x560d7a985ce0, C4<0>, C4<0>, C4<0>;
L_0x560d7a986080 .functor BUF 1, L_0x560d7a986010, C4<0>, C4<0>, C4<0>;
v0x560d7a862400_0 .net "CLK", 0 0, v0x560d7a908bd0_0;  alias, 1 drivers
v0x560d7a8624c0_0 .net "D", 0 0, L_0x560d7a9a6390;  alias, 1 drivers
v0x560d7a862580_0 .net "Q", 0 0, L_0x560d7a985ee0;  alias, 1 drivers
v0x560d7a862670_0 .net "Q_N", 0 0, L_0x560d7a986080;  1 drivers
v0x560d7a862710_0 .net "RESET_B", 0 0, v0x560d7a909430_0;  alias, 1 drivers
v0x560d7a862800_0 .net "SCD", 0 0, L_0x560d7a985ee0;  alias, 1 drivers
v0x560d7a8628a0_0 .net "SCE", 0 0, L_0x560d7a9422b0;  alias, 1 drivers
v0x560d7a862940_0 .net "SET_B", 0 0, L_0x560d7a9b5960;  alias, 1 drivers
v0x560d7a8629e0_0 .net/2s *"_ivl_15", 0 0, L_0x7f6fe5f779f8;  1 drivers
v0x560d7a862aa0_0 .net "delayed_CLK", 0 0, L_0x560d7a985880;  1 drivers
v0x560d7a862b60_0 .net "delayed_D", 0 0, L_0x560d7a985470;  1 drivers
v0x560d7a862c20_0 .net "delayed_RESET_B", 0 0, L_0x560d7a985770;  1 drivers
v0x560d7a862ce0_0 .net "delayed_SCD", 0 0, L_0x560d7a985690;  1 drivers
v0x560d7a862da0_0 .net "delayed_SCE", 0 0, L_0x560d7a985700;  1 drivers
v0x560d7a862e60_0 .net "delayed_SET_B", 0 0, L_0x560d7a985810;  1 drivers
v0x560d7a862f20_0 .net "int_fwire_IQ", 0 0, L_0x560d7a985ce0;  1 drivers
v0x560d7a862fe0_0 .net "int_fwire_IQN", 0 0, L_0x560d7a986010;  1 drivers
v0x560d7a8631b0_0 .net "int_fwire_d", 0 0, L_0x560d7a985960;  1 drivers
v0x560d7a863270_0 .net "int_fwire_r", 0 0, L_0x560d7a985bb0;  1 drivers
v0x560d7a863330_0 .net "int_fwire_s", 0 0, L_0x560d7a985aa0;  1 drivers
v0x560d7a8633f0_0 .var "notifier", 0 0;
v0x560d7a8634b0_0 .net "xcr_0", 0 0, L_0x560d7a985c70;  1 drivers
S_0x560d7a863670 .scope module, "_0921_" "sg13g2_hv_sdfbbp_1" 5 3234, 3 1964 1, S_0x560d7a760c50;
 .timescale -9 -11;
    .port_info 0 /OUTPUT 1 "Q";
    .port_info 1 /OUTPUT 1 "Q_N";
    .port_info 2 /INPUT 1 "CLK";
    .port_info 3 /INPUT 1 "D";
    .port_info 4 /INPUT 1 "RESET_B";
    .port_info 5 /INPUT 1 "SCD";
    .port_info 6 /INPUT 1 "SCE";
    .port_info 7 /INPUT 1 "SET_B";
L_0x560d7a985fa0 .functor BUFZ 1, L_0x560d7a9a6f50, C4<0>, C4<0>, C4<0>;
L_0x560d7a9861c0 .functor BUFZ 1, L_0x560d7a986a10, C4<0>, C4<0>, C4<0>;
L_0x560d7a986230 .functor BUFZ 1, L_0x560d7a942420, C4<0>, C4<0>, C4<0>;
L_0x560d7a9862a0 .functor BUFZ 1, v0x560d7a909430_0, C4<0>, C4<0>, C4<0>;
L_0x560d7a986340 .functor BUFZ 1, L_0x560d7a9b5a60, C4<0>, C4<0>, C4<0>;
L_0x560d7a9863b0 .functor BUFZ 1, v0x560d7a908bd0_0, C4<0>, C4<0>, C4<0>;
L_0x560d7a986490 .udp UDP_ihp_mux2, L_0x560d7a985fa0, L_0x560d7a9861c0, L_0x560d7a986230;
L_0x560d7a9865d0 .functor NOT 1, L_0x560d7a986340, C4<0>, C4<0>, C4<0>;
L_0x560d7a9866e0 .functor NOT 1, L_0x560d7a9862a0, C4<0>, C4<0>, C4<0>;
L_0x7f6fe5f77a40 .functor BUFT 1, C4<0>, C4<0>, C4<0>, C4<0>;
L_0x560d7a9867a0 .functor BUF 1, L_0x7f6fe5f77a40, C4<0>, C4<0>, C4<0>;
L_0x560d7a986810 .udp UDP_ihp_dff_sr_1, v0x560d7a864950_0, L_0x560d7a9863b0, L_0x560d7a986490, L_0x560d7a9865d0, L_0x560d7a9866e0, L_0x560d7a9867a0;
L_0x560d7a986a10 .functor BUF 1, L_0x560d7a986810, C4<0>, C4<0>, C4<0>;
L_0x560d7a986b40 .functor NOT 1, L_0x560d7a986810, C4<0>, C4<0>, C4<0>;
L_0x560d7a986bb0 .functor BUF 1, L_0x560d7a986b40, C4<0>, C4<0>, C4<0>;
v0x560d7a863960_0 .net "CLK", 0 0, v0x560d7a908bd0_0;  alias, 1 drivers
v0x560d7a863a20_0 .net "D", 0 0, L_0x560d7a9a6f50;  alias, 1 drivers
v0x560d7a863ae0_0 .net "Q", 0 0, L_0x560d7a986a10;  alias, 1 drivers
v0x560d7a863bd0_0 .net "Q_N", 0 0, L_0x560d7a986bb0;  1 drivers
v0x560d7a863c70_0 .net "RESET_B", 0 0, v0x560d7a909430_0;  alias, 1 drivers
v0x560d7a863d60_0 .net "SCD", 0 0, L_0x560d7a986a10;  alias, 1 drivers
v0x560d7a863e00_0 .net "SCE", 0 0, L_0x560d7a942420;  alias, 1 drivers
v0x560d7a863ea0_0 .net "SET_B", 0 0, L_0x560d7a9b5a60;  alias, 1 drivers
v0x560d7a863f40_0 .net/2s *"_ivl_15", 0 0, L_0x7f6fe5f77a40;  1 drivers
v0x560d7a864000_0 .net "delayed_CLK", 0 0, L_0x560d7a9863b0;  1 drivers
v0x560d7a8640c0_0 .net "delayed_D", 0 0, L_0x560d7a985fa0;  1 drivers
v0x560d7a864180_0 .net "delayed_RESET_B", 0 0, L_0x560d7a9862a0;  1 drivers
v0x560d7a864240_0 .net "delayed_SCD", 0 0, L_0x560d7a9861c0;  1 drivers
v0x560d7a864300_0 .net "delayed_SCE", 0 0, L_0x560d7a986230;  1 drivers
v0x560d7a8643c0_0 .net "delayed_SET_B", 0 0, L_0x560d7a986340;  1 drivers
v0x560d7a864480_0 .net "int_fwire_IQ", 0 0, L_0x560d7a986810;  1 drivers
v0x560d7a864540_0 .net "int_fwire_IQN", 0 0, L_0x560d7a986b40;  1 drivers
v0x560d7a864710_0 .net "int_fwire_d", 0 0, L_0x560d7a986490;  1 drivers
v0x560d7a8647d0_0 .net "int_fwire_r", 0 0, L_0x560d7a9866e0;  1 drivers
v0x560d7a864890_0 .net "int_fwire_s", 0 0, L_0x560d7a9865d0;  1 drivers
v0x560d7a864950_0 .var "notifier", 0 0;
v0x560d7a864a10_0 .net "xcr_0", 0 0, L_0x560d7a9867a0;  1 drivers
S_0x560d7a864bd0 .scope module, "_0922_" "sg13g2_hv_sdfbbp_1" 5 3243, 3 1964 1, S_0x560d7a760c50;
 .timescale -9 -11;
    .port_info 0 /OUTPUT 1 "Q";
    .port_info 1 /OUTPUT 1 "Q_N";
    .port_info 2 /INPUT 1 "CLK";
    .port_info 3 /INPUT 1 "D";
    .port_info 4 /INPUT 1 "RESET_B";
    .port_info 5 /INPUT 1 "SCD";
    .port_info 6 /INPUT 1 "SCE";
    .port_info 7 /INPUT 1 "SET_B";
L_0x560d7a986ad0 .functor BUFZ 1, L_0x560d7a9a7b10, C4<0>, C4<0>, C4<0>;
L_0x560d7a986f00 .functor BUFZ 1, L_0x560d7a987750, C4<0>, C4<0>, C4<0>;
L_0x560d7a986f70 .functor BUFZ 1, L_0x560d7a942590, C4<0>, C4<0>, C4<0>;
L_0x560d7a986fe0 .functor BUFZ 1, L_0x560d7a9b5b60, C4<0>, C4<0>, C4<0>;
L_0x560d7a987080 .functor BUFZ 1, v0x560d7a909430_0, C4<0>, C4<0>, C4<0>;
L_0x560d7a9870f0 .functor BUFZ 1, v0x560d7a908bd0_0, C4<0>, C4<0>, C4<0>;
L_0x560d7a9871d0 .udp UDP_ihp_mux2, L_0x560d7a986ad0, L_0x560d7a986f00, L_0x560d7a986f70;
L_0x560d7a987310 .functor NOT 1, L_0x560d7a987080, C4<0>, C4<0>, C4<0>;
L_0x560d7a987420 .functor NOT 1, L_0x560d7a986fe0, C4<0>, C4<0>, C4<0>;
L_0x7f6fe5f77a88 .functor BUFT 1, C4<0>, C4<0>, C4<0>, C4<0>;
L_0x560d7a9874e0 .functor BUF 1, L_0x7f6fe5f77a88, C4<0>, C4<0>, C4<0>;
L_0x560d7a987550 .udp UDP_ihp_dff_sr_1, v0x560d7a865eb0_0, L_0x560d7a9870f0, L_0x560d7a9871d0, L_0x560d7a987310, L_0x560d7a987420, L_0x560d7a9874e0;
L_0x560d7a987750 .functor BUF 1, L_0x560d7a987550, C4<0>, C4<0>, C4<0>;
L_0x560d7a987880 .functor NOT 1, L_0x560d7a987550, C4<0>, C4<0>, C4<0>;
L_0x560d7a9878f0 .functor BUF 1, L_0x560d7a987880, C4<0>, C4<0>, C4<0>;
v0x560d7a864ec0_0 .net "CLK", 0 0, v0x560d7a908bd0_0;  alias, 1 drivers
v0x560d7a864f80_0 .net "D", 0 0, L_0x560d7a9a7b10;  alias, 1 drivers
v0x560d7a865040_0 .net "Q", 0 0, L_0x560d7a987750;  alias, 1 drivers
v0x560d7a865130_0 .net "Q_N", 0 0, L_0x560d7a9878f0;  1 drivers
v0x560d7a8651d0_0 .net "RESET_B", 0 0, L_0x560d7a9b5b60;  alias, 1 drivers
v0x560d7a8652c0_0 .net "SCD", 0 0, L_0x560d7a987750;  alias, 1 drivers
v0x560d7a865360_0 .net "SCE", 0 0, L_0x560d7a942590;  alias, 1 drivers
v0x560d7a865400_0 .net "SET_B", 0 0, v0x560d7a909430_0;  alias, 1 drivers
v0x560d7a8654a0_0 .net/2s *"_ivl_15", 0 0, L_0x7f6fe5f77a88;  1 drivers
v0x560d7a865560_0 .net "delayed_CLK", 0 0, L_0x560d7a9870f0;  1 drivers
v0x560d7a865620_0 .net "delayed_D", 0 0, L_0x560d7a986ad0;  1 drivers
v0x560d7a8656e0_0 .net "delayed_RESET_B", 0 0, L_0x560d7a986fe0;  1 drivers
v0x560d7a8657a0_0 .net "delayed_SCD", 0 0, L_0x560d7a986f00;  1 drivers
v0x560d7a865860_0 .net "delayed_SCE", 0 0, L_0x560d7a986f70;  1 drivers
v0x560d7a865920_0 .net "delayed_SET_B", 0 0, L_0x560d7a987080;  1 drivers
v0x560d7a8659e0_0 .net "int_fwire_IQ", 0 0, L_0x560d7a987550;  1 drivers
v0x560d7a865aa0_0 .net "int_fwire_IQN", 0 0, L_0x560d7a987880;  1 drivers
v0x560d7a865c70_0 .net "int_fwire_d", 0 0, L_0x560d7a9871d0;  1 drivers
v0x560d7a865d30_0 .net "int_fwire_r", 0 0, L_0x560d7a987420;  1 drivers
v0x560d7a865df0_0 .net "int_fwire_s", 0 0, L_0x560d7a987310;  1 drivers
v0x560d7a865eb0_0 .var "notifier", 0 0;
v0x560d7a865f70_0 .net "xcr_0", 0 0, L_0x560d7a9874e0;  1 drivers
S_0x560d7a866130 .scope module, "_0923_" "sg13g2_hv_sdfbbp_1" 5 3252, 3 1964 1, S_0x560d7a760c50;
 .timescale -9 -11;
    .port_info 0 /OUTPUT 1 "Q";
    .port_info 1 /OUTPUT 1 "Q_N";
    .port_info 2 /INPUT 1 "CLK";
    .port_info 3 /INPUT 1 "D";
    .port_info 4 /INPUT 1 "RESET_B";
    .port_info 5 /INPUT 1 "SCD";
    .port_info 6 /INPUT 1 "SCE";
    .port_info 7 /INPUT 1 "SET_B";
L_0x560d7a987810 .functor BUFZ 1, L_0x560d7a9a86d0, C4<0>, C4<0>, C4<0>;
L_0x560d7a987c40 .functor BUFZ 1, L_0x560d7a988490, C4<0>, C4<0>, C4<0>;
L_0x560d7a987cb0 .functor BUFZ 1, L_0x560d7a942b10, C4<0>, C4<0>, C4<0>;
L_0x560d7a987d20 .functor BUFZ 1, v0x560d7a909430_0, C4<0>, C4<0>, C4<0>;
L_0x560d7a987dc0 .functor BUFZ 1, L_0x560d7a9b5c60, C4<0>, C4<0>, C4<0>;
L_0x560d7a987e30 .functor BUFZ 1, v0x560d7a908bd0_0, C4<0>, C4<0>, C4<0>;
L_0x560d7a987f10 .udp UDP_ihp_mux2, L_0x560d7a987810, L_0x560d7a987c40, L_0x560d7a987cb0;
L_0x560d7a988050 .functor NOT 1, L_0x560d7a987dc0, C4<0>, C4<0>, C4<0>;
L_0x560d7a988160 .functor NOT 1, L_0x560d7a987d20, C4<0>, C4<0>, C4<0>;
L_0x7f6fe5f77ad0 .functor BUFT 1, C4<0>, C4<0>, C4<0>, C4<0>;
L_0x560d7a988220 .functor BUF 1, L_0x7f6fe5f77ad0, C4<0>, C4<0>, C4<0>;
L_0x560d7a988290 .udp UDP_ihp_dff_sr_1, v0x560d7a867410_0, L_0x560d7a987e30, L_0x560d7a987f10, L_0x560d7a988050, L_0x560d7a988160, L_0x560d7a988220;
L_0x560d7a988490 .functor BUF 1, L_0x560d7a988290, C4<0>, C4<0>, C4<0>;
L_0x560d7a9885c0 .functor NOT 1, L_0x560d7a988290, C4<0>, C4<0>, C4<0>;
L_0x560d7a988630 .functor BUF 1, L_0x560d7a9885c0, C4<0>, C4<0>, C4<0>;
v0x560d7a866420_0 .net "CLK", 0 0, v0x560d7a908bd0_0;  alias, 1 drivers
v0x560d7a8664e0_0 .net "D", 0 0, L_0x560d7a9a86d0;  alias, 1 drivers
v0x560d7a8665a0_0 .net "Q", 0 0, L_0x560d7a988490;  alias, 1 drivers
v0x560d7a866690_0 .net "Q_N", 0 0, L_0x560d7a988630;  1 drivers
v0x560d7a866730_0 .net "RESET_B", 0 0, v0x560d7a909430_0;  alias, 1 drivers
v0x560d7a866820_0 .net "SCD", 0 0, L_0x560d7a988490;  alias, 1 drivers
v0x560d7a8668c0_0 .net "SCE", 0 0, L_0x560d7a942b10;  alias, 1 drivers
v0x560d7a866960_0 .net "SET_B", 0 0, L_0x560d7a9b5c60;  alias, 1 drivers
v0x560d7a866a00_0 .net/2s *"_ivl_15", 0 0, L_0x7f6fe5f77ad0;  1 drivers
v0x560d7a866ac0_0 .net "delayed_CLK", 0 0, L_0x560d7a987e30;  1 drivers
v0x560d7a866b80_0 .net "delayed_D", 0 0, L_0x560d7a987810;  1 drivers
v0x560d7a866c40_0 .net "delayed_RESET_B", 0 0, L_0x560d7a987d20;  1 drivers
v0x560d7a866d00_0 .net "delayed_SCD", 0 0, L_0x560d7a987c40;  1 drivers
v0x560d7a866dc0_0 .net "delayed_SCE", 0 0, L_0x560d7a987cb0;  1 drivers
v0x560d7a866e80_0 .net "delayed_SET_B", 0 0, L_0x560d7a987dc0;  1 drivers
v0x560d7a866f40_0 .net "int_fwire_IQ", 0 0, L_0x560d7a988290;  1 drivers
v0x560d7a867000_0 .net "int_fwire_IQN", 0 0, L_0x560d7a9885c0;  1 drivers
v0x560d7a8671d0_0 .net "int_fwire_d", 0 0, L_0x560d7a987f10;  1 drivers
v0x560d7a867290_0 .net "int_fwire_r", 0 0, L_0x560d7a988160;  1 drivers
v0x560d7a867350_0 .net "int_fwire_s", 0 0, L_0x560d7a988050;  1 drivers
v0x560d7a867410_0 .var "notifier", 0 0;
v0x560d7a8674d0_0 .net "xcr_0", 0 0, L_0x560d7a988220;  1 drivers
S_0x560d7a867690 .scope module, "_0924_" "sg13g2_hv_sdfbbp_1" 5 3261, 3 1964 1, S_0x560d7a760c50;
 .timescale -9 -11;
    .port_info 0 /OUTPUT 1 "Q";
    .port_info 1 /OUTPUT 1 "Q_N";
    .port_info 2 /INPUT 1 "CLK";
    .port_info 3 /INPUT 1 "D";
    .port_info 4 /INPUT 1 "RESET_B";
    .port_info 5 /INPUT 1 "SCD";
    .port_info 6 /INPUT 1 "SCE";
    .port_info 7 /INPUT 1 "SET_B";
L_0x560d7a988550 .functor BUFZ 1, L_0x560d7a9a9290, C4<0>, C4<0>, C4<0>;
L_0x560d7a988980 .functor BUFZ 1, L_0x560d7a9891d0, C4<0>, C4<0>, C4<0>;
L_0x560d7a9889f0 .functor BUFZ 1, L_0x560d7a942c80, C4<0>, C4<0>, C4<0>;
L_0x560d7a988a60 .functor BUFZ 1, v0x560d7a909430_0, C4<0>, C4<0>, C4<0>;
L_0x560d7a988b00 .functor BUFZ 1, L_0x560d7a9b5d60, C4<0>, C4<0>, C4<0>;
L_0x560d7a988b70 .functor BUFZ 1, v0x560d7a908bd0_0, C4<0>, C4<0>, C4<0>;
L_0x560d7a988c50 .udp UDP_ihp_mux2, L_0x560d7a988550, L_0x560d7a988980, L_0x560d7a9889f0;
L_0x560d7a988d90 .functor NOT 1, L_0x560d7a988b00, C4<0>, C4<0>, C4<0>;
L_0x560d7a988ea0 .functor NOT 1, L_0x560d7a988a60, C4<0>, C4<0>, C4<0>;
L_0x7f6fe5f77b18 .functor BUFT 1, C4<0>, C4<0>, C4<0>, C4<0>;
L_0x560d7a988f60 .functor BUF 1, L_0x7f6fe5f77b18, C4<0>, C4<0>, C4<0>;
L_0x560d7a988fd0 .udp UDP_ihp_dff_sr_1, v0x560d7a868970_0, L_0x560d7a988b70, L_0x560d7a988c50, L_0x560d7a988d90, L_0x560d7a988ea0, L_0x560d7a988f60;
L_0x560d7a9891d0 .functor BUF 1, L_0x560d7a988fd0, C4<0>, C4<0>, C4<0>;
L_0x560d7a989300 .functor NOT 1, L_0x560d7a988fd0, C4<0>, C4<0>, C4<0>;
L_0x560d7a989370 .functor BUF 1, L_0x560d7a989300, C4<0>, C4<0>, C4<0>;
v0x560d7a867980_0 .net "CLK", 0 0, v0x560d7a908bd0_0;  alias, 1 drivers
v0x560d7a867a40_0 .net "D", 0 0, L_0x560d7a9a9290;  alias, 1 drivers
v0x560d7a867b00_0 .net "Q", 0 0, L_0x560d7a9891d0;  alias, 1 drivers
v0x560d7a867bf0_0 .net "Q_N", 0 0, L_0x560d7a989370;  1 drivers
v0x560d7a867c90_0 .net "RESET_B", 0 0, v0x560d7a909430_0;  alias, 1 drivers
v0x560d7a867d80_0 .net "SCD", 0 0, L_0x560d7a9891d0;  alias, 1 drivers
v0x560d7a867e20_0 .net "SCE", 0 0, L_0x560d7a942c80;  alias, 1 drivers
v0x560d7a867ec0_0 .net "SET_B", 0 0, L_0x560d7a9b5d60;  alias, 1 drivers
v0x560d7a867f60_0 .net/2s *"_ivl_15", 0 0, L_0x7f6fe5f77b18;  1 drivers
v0x560d7a868020_0 .net "delayed_CLK", 0 0, L_0x560d7a988b70;  1 drivers
v0x560d7a8680e0_0 .net "delayed_D", 0 0, L_0x560d7a988550;  1 drivers
v0x560d7a8681a0_0 .net "delayed_RESET_B", 0 0, L_0x560d7a988a60;  1 drivers
v0x560d7a868260_0 .net "delayed_SCD", 0 0, L_0x560d7a988980;  1 drivers
v0x560d7a868320_0 .net "delayed_SCE", 0 0, L_0x560d7a9889f0;  1 drivers
v0x560d7a8683e0_0 .net "delayed_SET_B", 0 0, L_0x560d7a988b00;  1 drivers
v0x560d7a8684a0_0 .net "int_fwire_IQ", 0 0, L_0x560d7a988fd0;  1 drivers
v0x560d7a868560_0 .net "int_fwire_IQN", 0 0, L_0x560d7a989300;  1 drivers
v0x560d7a868730_0 .net "int_fwire_d", 0 0, L_0x560d7a988c50;  1 drivers
v0x560d7a8687f0_0 .net "int_fwire_r", 0 0, L_0x560d7a988ea0;  1 drivers
v0x560d7a8688b0_0 .net "int_fwire_s", 0 0, L_0x560d7a988d90;  1 drivers
v0x560d7a868970_0 .var "notifier", 0 0;
v0x560d7a868a30_0 .net "xcr_0", 0 0, L_0x560d7a988f60;  1 drivers
S_0x560d7a868bf0 .scope module, "_0925_" "sg13g2_hv_sdfbbp_1" 5 3270, 3 1964 1, S_0x560d7a760c50;
 .timescale -9 -11;
    .port_info 0 /OUTPUT 1 "Q";
    .port_info 1 /OUTPUT 1 "Q_N";
    .port_info 2 /INPUT 1 "CLK";
    .port_info 3 /INPUT 1 "D";
    .port_info 4 /INPUT 1 "RESET_B";
    .port_info 5 /INPUT 1 "SCD";
    .port_info 6 /INPUT 1 "SCE";
    .port_info 7 /INPUT 1 "SET_B";
L_0x560d7a989290 .functor BUFZ 1, L_0x560d7a9a9e50, C4<0>, C4<0>, C4<0>;
L_0x560d7a9896c0 .functor BUFZ 1, L_0x560d7a989f10, C4<0>, C4<0>, C4<0>;
L_0x560d7a989730 .functor BUFZ 1, L_0x560d7a942df0, C4<0>, C4<0>, C4<0>;
L_0x560d7a9897a0 .functor BUFZ 1, v0x560d7a909430_0, C4<0>, C4<0>, C4<0>;
L_0x560d7a989840 .functor BUFZ 1, L_0x560d7a9b5e60, C4<0>, C4<0>, C4<0>;
L_0x560d7a9898b0 .functor BUFZ 1, v0x560d7a908bd0_0, C4<0>, C4<0>, C4<0>;
L_0x560d7a989990 .udp UDP_ihp_mux2, L_0x560d7a989290, L_0x560d7a9896c0, L_0x560d7a989730;
L_0x560d7a989ad0 .functor NOT 1, L_0x560d7a989840, C4<0>, C4<0>, C4<0>;
L_0x560d7a989be0 .functor NOT 1, L_0x560d7a9897a0, C4<0>, C4<0>, C4<0>;
L_0x7f6fe5f77b60 .functor BUFT 1, C4<0>, C4<0>, C4<0>, C4<0>;
L_0x560d7a989ca0 .functor BUF 1, L_0x7f6fe5f77b60, C4<0>, C4<0>, C4<0>;
L_0x560d7a989d10 .udp UDP_ihp_dff_sr_1, v0x560d7a869ed0_0, L_0x560d7a9898b0, L_0x560d7a989990, L_0x560d7a989ad0, L_0x560d7a989be0, L_0x560d7a989ca0;
L_0x560d7a989f10 .functor BUF 1, L_0x560d7a989d10, C4<0>, C4<0>, C4<0>;
L_0x560d7a98a040 .functor NOT 1, L_0x560d7a989d10, C4<0>, C4<0>, C4<0>;
L_0x560d7a98a0b0 .functor BUF 1, L_0x560d7a98a040, C4<0>, C4<0>, C4<0>;
v0x560d7a868ee0_0 .net "CLK", 0 0, v0x560d7a908bd0_0;  alias, 1 drivers
v0x560d7a868fa0_0 .net "D", 0 0, L_0x560d7a9a9e50;  alias, 1 drivers
v0x560d7a869060_0 .net "Q", 0 0, L_0x560d7a989f10;  alias, 1 drivers
v0x560d7a869150_0 .net "Q_N", 0 0, L_0x560d7a98a0b0;  1 drivers
v0x560d7a8691f0_0 .net "RESET_B", 0 0, v0x560d7a909430_0;  alias, 1 drivers
v0x560d7a8692e0_0 .net "SCD", 0 0, L_0x560d7a989f10;  alias, 1 drivers
v0x560d7a869380_0 .net "SCE", 0 0, L_0x560d7a942df0;  alias, 1 drivers
v0x560d7a869420_0 .net "SET_B", 0 0, L_0x560d7a9b5e60;  alias, 1 drivers
v0x560d7a8694c0_0 .net/2s *"_ivl_15", 0 0, L_0x7f6fe5f77b60;  1 drivers
v0x560d7a869580_0 .net "delayed_CLK", 0 0, L_0x560d7a9898b0;  1 drivers
v0x560d7a869640_0 .net "delayed_D", 0 0, L_0x560d7a989290;  1 drivers
v0x560d7a869700_0 .net "delayed_RESET_B", 0 0, L_0x560d7a9897a0;  1 drivers
v0x560d7a8697c0_0 .net "delayed_SCD", 0 0, L_0x560d7a9896c0;  1 drivers
v0x560d7a869880_0 .net "delayed_SCE", 0 0, L_0x560d7a989730;  1 drivers
v0x560d7a869940_0 .net "delayed_SET_B", 0 0, L_0x560d7a989840;  1 drivers
v0x560d7a869a00_0 .net "int_fwire_IQ", 0 0, L_0x560d7a989d10;  1 drivers
v0x560d7a869ac0_0 .net "int_fwire_IQN", 0 0, L_0x560d7a98a040;  1 drivers
v0x560d7a869c90_0 .net "int_fwire_d", 0 0, L_0x560d7a989990;  1 drivers
v0x560d7a869d50_0 .net "int_fwire_r", 0 0, L_0x560d7a989be0;  1 drivers
v0x560d7a869e10_0 .net "int_fwire_s", 0 0, L_0x560d7a989ad0;  1 drivers
v0x560d7a869ed0_0 .var "notifier", 0 0;
v0x560d7a869f90_0 .net "xcr_0", 0 0, L_0x560d7a989ca0;  1 drivers
S_0x560d7a86a150 .scope module, "_0926_" "sg13g2_hv_sdfbbp_1" 5 3279, 3 1964 1, S_0x560d7a760c50;
 .timescale -9 -11;
    .port_info 0 /OUTPUT 1 "Q";
    .port_info 1 /OUTPUT 1 "Q_N";
    .port_info 2 /INPUT 1 "CLK";
    .port_info 3 /INPUT 1 "D";
    .port_info 4 /INPUT 1 "RESET_B";
    .port_info 5 /INPUT 1 "SCD";
    .port_info 6 /INPUT 1 "SCE";
    .port_info 7 /INPUT 1 "SET_B";
L_0x560d7a989fd0 .functor BUFZ 1, L_0x560d7a9a4d30, C4<0>, C4<0>, C4<0>;
L_0x560d7a98a1f0 .functor BUFZ 1, L_0x560d7a98aa40, C4<0>, C4<0>, C4<0>;
L_0x560d7a98a260 .functor BUFZ 1, L_0x560d7a925250, C4<0>, C4<0>, C4<0>;
L_0x560d7a98a2d0 .functor BUFZ 1, v0x560d7a909430_0, C4<0>, C4<0>, C4<0>;
L_0x560d7a98a370 .functor BUFZ 1, L_0x560d7a9b5f60, C4<0>, C4<0>, C4<0>;
L_0x560d7a98a3e0 .functor BUFZ 1, v0x560d7a908bd0_0, C4<0>, C4<0>, C4<0>;
L_0x560d7a98a4c0 .udp UDP_ihp_mux2, L_0x560d7a989fd0, L_0x560d7a98a1f0, L_0x560d7a98a260;
L_0x560d7a98a600 .functor NOT 1, L_0x560d7a98a370, C4<0>, C4<0>, C4<0>;
L_0x560d7a98a710 .functor NOT 1, L_0x560d7a98a2d0, C4<0>, C4<0>, C4<0>;
L_0x7f6fe5f77ba8 .functor BUFT 1, C4<0>, C4<0>, C4<0>, C4<0>;
L_0x560d7a98a7d0 .functor BUF 1, L_0x7f6fe5f77ba8, C4<0>, C4<0>, C4<0>;
L_0x560d7a98a840 .udp UDP_ihp_dff_sr_1, v0x560d7a86b430_0, L_0x560d7a98a3e0, L_0x560d7a98a4c0, L_0x560d7a98a600, L_0x560d7a98a710, L_0x560d7a98a7d0;
L_0x560d7a98aa40 .functor BUF 1, L_0x560d7a98a840, C4<0>, C4<0>, C4<0>;
L_0x560d7a98ac80 .functor NOT 1, L_0x560d7a98a840, C4<0>, C4<0>, C4<0>;
L_0x560d7a98acf0 .functor BUF 1, L_0x560d7a98ac80, C4<0>, C4<0>, C4<0>;
v0x560d7a86a440_0 .net "CLK", 0 0, v0x560d7a908bd0_0;  alias, 1 drivers
v0x560d7a86a500_0 .net "D", 0 0, L_0x560d7a9a4d30;  alias, 1 drivers
v0x560d7a86a5c0_0 .net "Q", 0 0, L_0x560d7a98aa40;  alias, 1 drivers
v0x560d7a86a6b0_0 .net "Q_N", 0 0, L_0x560d7a98acf0;  1 drivers
v0x560d7a86a750_0 .net "RESET_B", 0 0, v0x560d7a909430_0;  alias, 1 drivers
v0x560d7a86a840_0 .net "SCD", 0 0, L_0x560d7a98aa40;  alias, 1 drivers
v0x560d7a86a8e0_0 .net "SCE", 0 0, L_0x560d7a925250;  alias, 1 drivers
v0x560d7a86a980_0 .net "SET_B", 0 0, L_0x560d7a9b5f60;  alias, 1 drivers
v0x560d7a86aa20_0 .net/2s *"_ivl_15", 0 0, L_0x7f6fe5f77ba8;  1 drivers
v0x560d7a86aae0_0 .net "delayed_CLK", 0 0, L_0x560d7a98a3e0;  1 drivers
v0x560d7a86aba0_0 .net "delayed_D", 0 0, L_0x560d7a989fd0;  1 drivers
v0x560d7a86ac60_0 .net "delayed_RESET_B", 0 0, L_0x560d7a98a2d0;  1 drivers
v0x560d7a86ad20_0 .net "delayed_SCD", 0 0, L_0x560d7a98a1f0;  1 drivers
v0x560d7a86ade0_0 .net "delayed_SCE", 0 0, L_0x560d7a98a260;  1 drivers
v0x560d7a86aea0_0 .net "delayed_SET_B", 0 0, L_0x560d7a98a370;  1 drivers
v0x560d7a86af60_0 .net "int_fwire_IQ", 0 0, L_0x560d7a98a840;  1 drivers
v0x560d7a86b020_0 .net "int_fwire_IQN", 0 0, L_0x560d7a98ac80;  1 drivers
v0x560d7a86b1f0_0 .net "int_fwire_d", 0 0, L_0x560d7a98a4c0;  1 drivers
v0x560d7a86b2b0_0 .net "int_fwire_r", 0 0, L_0x560d7a98a710;  1 drivers
v0x560d7a86b370_0 .net "int_fwire_s", 0 0, L_0x560d7a98a600;  1 drivers
v0x560d7a86b430_0 .var "notifier", 0 0;
v0x560d7a86b4f0_0 .net "xcr_0", 0 0, L_0x560d7a98a7d0;  1 drivers
S_0x560d7a86b6b0 .scope module, "_0927_" "sg13g2_hv_sdfbbp_1" 5 3288, 3 1964 1, S_0x560d7a760c50;
 .timescale -9 -11;
    .port_info 0 /OUTPUT 1 "Q";
    .port_info 1 /OUTPUT 1 "Q_N";
    .port_info 2 /INPUT 1 "CLK";
    .port_info 3 /INPUT 1 "D";
    .port_info 4 /INPUT 1 "RESET_B";
    .port_info 5 /INPUT 1 "SCD";
    .port_info 6 /INPUT 1 "SCE";
    .port_info 7 /INPUT 1 "SET_B";
L_0x560d7a98ac10 .functor BUFZ 1, L_0x560d7a9a5860, C4<0>, C4<0>, C4<0>;
L_0x560d7a98ae30 .functor BUFZ 1, L_0x560d7a98b680, C4<0>, C4<0>, C4<0>;
L_0x560d7a98aea0 .functor BUFZ 1, L_0x560d7a942f60, C4<0>, C4<0>, C4<0>;
L_0x560d7a98af10 .functor BUFZ 1, v0x560d7a909430_0, C4<0>, C4<0>, C4<0>;
L_0x560d7a98afb0 .functor BUFZ 1, L_0x560d7a9b6060, C4<0>, C4<0>, C4<0>;
L_0x560d7a98b020 .functor BUFZ 1, v0x560d7a908bd0_0, C4<0>, C4<0>, C4<0>;
L_0x560d7a98b100 .udp UDP_ihp_mux2, L_0x560d7a98ac10, L_0x560d7a98ae30, L_0x560d7a98aea0;
L_0x560d7a98b240 .functor NOT 1, L_0x560d7a98afb0, C4<0>, C4<0>, C4<0>;
L_0x560d7a98b350 .functor NOT 1, L_0x560d7a98af10, C4<0>, C4<0>, C4<0>;
L_0x7f6fe5f77bf0 .functor BUFT 1, C4<0>, C4<0>, C4<0>, C4<0>;
L_0x560d7a98b410 .functor BUF 1, L_0x7f6fe5f77bf0, C4<0>, C4<0>, C4<0>;
L_0x560d7a98b480 .udp UDP_ihp_dff_sr_1, v0x560d7a86c990_0, L_0x560d7a98b020, L_0x560d7a98b100, L_0x560d7a98b240, L_0x560d7a98b350, L_0x560d7a98b410;
L_0x560d7a98b680 .functor BUF 1, L_0x560d7a98b480, C4<0>, C4<0>, C4<0>;
L_0x560d7a98b8c0 .functor NOT 1, L_0x560d7a98b480, C4<0>, C4<0>, C4<0>;
L_0x560d7a98b930 .functor BUF 1, L_0x560d7a98b8c0, C4<0>, C4<0>, C4<0>;
v0x560d7a86b9a0_0 .net "CLK", 0 0, v0x560d7a908bd0_0;  alias, 1 drivers
v0x560d7a86ba60_0 .net "D", 0 0, L_0x560d7a9a5860;  alias, 1 drivers
v0x560d7a86bb20_0 .net "Q", 0 0, L_0x560d7a98b680;  alias, 1 drivers
v0x560d7a86bc10_0 .net "Q_N", 0 0, L_0x560d7a98b930;  1 drivers
v0x560d7a86bcb0_0 .net "RESET_B", 0 0, v0x560d7a909430_0;  alias, 1 drivers
v0x560d7a86bda0_0 .net "SCD", 0 0, L_0x560d7a98b680;  alias, 1 drivers
v0x560d7a86be40_0 .net "SCE", 0 0, L_0x560d7a942f60;  alias, 1 drivers
v0x560d7a86bee0_0 .net "SET_B", 0 0, L_0x560d7a9b6060;  alias, 1 drivers
v0x560d7a86bf80_0 .net/2s *"_ivl_15", 0 0, L_0x7f6fe5f77bf0;  1 drivers
v0x560d7a86c040_0 .net "delayed_CLK", 0 0, L_0x560d7a98b020;  1 drivers
v0x560d7a86c100_0 .net "delayed_D", 0 0, L_0x560d7a98ac10;  1 drivers
v0x560d7a86c1c0_0 .net "delayed_RESET_B", 0 0, L_0x560d7a98af10;  1 drivers
v0x560d7a86c280_0 .net "delayed_SCD", 0 0, L_0x560d7a98ae30;  1 drivers
v0x560d7a86c340_0 .net "delayed_SCE", 0 0, L_0x560d7a98aea0;  1 drivers
v0x560d7a86c400_0 .net "delayed_SET_B", 0 0, L_0x560d7a98afb0;  1 drivers
v0x560d7a86c4c0_0 .net "int_fwire_IQ", 0 0, L_0x560d7a98b480;  1 drivers
v0x560d7a86c580_0 .net "int_fwire_IQN", 0 0, L_0x560d7a98b8c0;  1 drivers
v0x560d7a86c750_0 .net "int_fwire_d", 0 0, L_0x560d7a98b100;  1 drivers
v0x560d7a86c810_0 .net "int_fwire_r", 0 0, L_0x560d7a98b350;  1 drivers
v0x560d7a86c8d0_0 .net "int_fwire_s", 0 0, L_0x560d7a98b240;  1 drivers
v0x560d7a86c990_0 .var "notifier", 0 0;
v0x560d7a86ca50_0 .net "xcr_0", 0 0, L_0x560d7a98b410;  1 drivers
S_0x560d7a86cc10 .scope module, "_0928_" "sg13g2_hv_sdfbbp_1" 5 3297, 3 1964 1, S_0x560d7a760c50;
 .timescale -9 -11;
    .port_info 0 /OUTPUT 1 "Q";
    .port_info 1 /OUTPUT 1 "Q_N";
    .port_info 2 /INPUT 1 "CLK";
    .port_info 3 /INPUT 1 "D";
    .port_info 4 /INPUT 1 "RESET_B";
    .port_info 5 /INPUT 1 "SCD";
    .port_info 6 /INPUT 1 "SCE";
    .port_info 7 /INPUT 1 "SET_B";
L_0x560d7a98b850 .functor BUFZ 1, L_0x560d7a9a6390, C4<0>, C4<0>, C4<0>;
L_0x560d7a98ba70 .functor BUFZ 1, L_0x560d7a98c2c0, C4<0>, C4<0>, C4<0>;
L_0x560d7a98bae0 .functor BUFZ 1, L_0x560d7a9430d0, C4<0>, C4<0>, C4<0>;
L_0x560d7a98bb50 .functor BUFZ 1, v0x560d7a909430_0, C4<0>, C4<0>, C4<0>;
L_0x560d7a98bbf0 .functor BUFZ 1, L_0x560d7a9b6160, C4<0>, C4<0>, C4<0>;
L_0x560d7a98bc60 .functor BUFZ 1, v0x560d7a908bd0_0, C4<0>, C4<0>, C4<0>;
L_0x560d7a98bd40 .udp UDP_ihp_mux2, L_0x560d7a98b850, L_0x560d7a98ba70, L_0x560d7a98bae0;
L_0x560d7a98be80 .functor NOT 1, L_0x560d7a98bbf0, C4<0>, C4<0>, C4<0>;
L_0x560d7a98bf90 .functor NOT 1, L_0x560d7a98bb50, C4<0>, C4<0>, C4<0>;
L_0x7f6fe5f77c38 .functor BUFT 1, C4<0>, C4<0>, C4<0>, C4<0>;
L_0x560d7a98c050 .functor BUF 1, L_0x7f6fe5f77c38, C4<0>, C4<0>, C4<0>;
L_0x560d7a98c0c0 .udp UDP_ihp_dff_sr_1, v0x560d7a86def0_0, L_0x560d7a98bc60, L_0x560d7a98bd40, L_0x560d7a98be80, L_0x560d7a98bf90, L_0x560d7a98c050;
L_0x560d7a98c2c0 .functor BUF 1, L_0x560d7a98c0c0, C4<0>, C4<0>, C4<0>;
L_0x560d7a98c500 .functor NOT 1, L_0x560d7a98c0c0, C4<0>, C4<0>, C4<0>;
L_0x560d7a98c570 .functor BUF 1, L_0x560d7a98c500, C4<0>, C4<0>, C4<0>;
v0x560d7a86cf00_0 .net "CLK", 0 0, v0x560d7a908bd0_0;  alias, 1 drivers
v0x560d7a86cfc0_0 .net "D", 0 0, L_0x560d7a9a6390;  alias, 1 drivers
v0x560d7a86d080_0 .net "Q", 0 0, L_0x560d7a98c2c0;  alias, 1 drivers
v0x560d7a86d170_0 .net "Q_N", 0 0, L_0x560d7a98c570;  1 drivers
v0x560d7a86d210_0 .net "RESET_B", 0 0, v0x560d7a909430_0;  alias, 1 drivers
v0x560d7a86d300_0 .net "SCD", 0 0, L_0x560d7a98c2c0;  alias, 1 drivers
v0x560d7a86d3a0_0 .net "SCE", 0 0, L_0x560d7a9430d0;  alias, 1 drivers
v0x560d7a86d440_0 .net "SET_B", 0 0, L_0x560d7a9b6160;  alias, 1 drivers
v0x560d7a86d4e0_0 .net/2s *"_ivl_15", 0 0, L_0x7f6fe5f77c38;  1 drivers
v0x560d7a86d5a0_0 .net "delayed_CLK", 0 0, L_0x560d7a98bc60;  1 drivers
v0x560d7a86d660_0 .net "delayed_D", 0 0, L_0x560d7a98b850;  1 drivers
v0x560d7a86d720_0 .net "delayed_RESET_B", 0 0, L_0x560d7a98bb50;  1 drivers
v0x560d7a86d7e0_0 .net "delayed_SCD", 0 0, L_0x560d7a98ba70;  1 drivers
v0x560d7a86d8a0_0 .net "delayed_SCE", 0 0, L_0x560d7a98bae0;  1 drivers
v0x560d7a86d960_0 .net "delayed_SET_B", 0 0, L_0x560d7a98bbf0;  1 drivers
v0x560d7a86da20_0 .net "int_fwire_IQ", 0 0, L_0x560d7a98c0c0;  1 drivers
v0x560d7a86dae0_0 .net "int_fwire_IQN", 0 0, L_0x560d7a98c500;  1 drivers
v0x560d7a86dcb0_0 .net "int_fwire_d", 0 0, L_0x560d7a98bd40;  1 drivers
v0x560d7a86dd70_0 .net "int_fwire_r", 0 0, L_0x560d7a98bf90;  1 drivers
v0x560d7a86de30_0 .net "int_fwire_s", 0 0, L_0x560d7a98be80;  1 drivers
v0x560d7a86def0_0 .var "notifier", 0 0;
v0x560d7a86dfb0_0 .net "xcr_0", 0 0, L_0x560d7a98c050;  1 drivers
S_0x560d7a86e170 .scope module, "_0929_" "sg13g2_hv_sdfbbp_1" 5 3306, 3 1964 1, S_0x560d7a760c50;
 .timescale -9 -11;
    .port_info 0 /OUTPUT 1 "Q";
    .port_info 1 /OUTPUT 1 "Q_N";
    .port_info 2 /INPUT 1 "CLK";
    .port_info 3 /INPUT 1 "D";
    .port_info 4 /INPUT 1 "RESET_B";
    .port_info 5 /INPUT 1 "SCD";
    .port_info 6 /INPUT 1 "SCE";
    .port_info 7 /INPUT 1 "SET_B";
L_0x560d7a98c490 .functor BUFZ 1, L_0x560d7a9a6f50, C4<0>, C4<0>, C4<0>;
L_0x560d7a98c6b0 .functor BUFZ 1, L_0x560d7a98cf00, C4<0>, C4<0>, C4<0>;
L_0x560d7a98c720 .functor BUFZ 1, L_0x560d7a943240, C4<0>, C4<0>, C4<0>;
L_0x560d7a98c790 .functor BUFZ 1, v0x560d7a909430_0, C4<0>, C4<0>, C4<0>;
L_0x560d7a98c830 .functor BUFZ 1, L_0x560d7a9b6260, C4<0>, C4<0>, C4<0>;
L_0x560d7a98c8a0 .functor BUFZ 1, v0x560d7a908bd0_0, C4<0>, C4<0>, C4<0>;
L_0x560d7a98c980 .udp UDP_ihp_mux2, L_0x560d7a98c490, L_0x560d7a98c6b0, L_0x560d7a98c720;
L_0x560d7a98cac0 .functor NOT 1, L_0x560d7a98c830, C4<0>, C4<0>, C4<0>;
L_0x560d7a98cbd0 .functor NOT 1, L_0x560d7a98c790, C4<0>, C4<0>, C4<0>;
L_0x7f6fe5f77c80 .functor BUFT 1, C4<0>, C4<0>, C4<0>, C4<0>;
L_0x560d7a98cc90 .functor BUF 1, L_0x7f6fe5f77c80, C4<0>, C4<0>, C4<0>;
L_0x560d7a98cd00 .udp UDP_ihp_dff_sr_1, v0x560d7a86f450_0, L_0x560d7a98c8a0, L_0x560d7a98c980, L_0x560d7a98cac0, L_0x560d7a98cbd0, L_0x560d7a98cc90;
L_0x560d7a98cf00 .functor BUF 1, L_0x560d7a98cd00, C4<0>, C4<0>, C4<0>;
L_0x560d7a98d140 .functor NOT 1, L_0x560d7a98cd00, C4<0>, C4<0>, C4<0>;
L_0x560d7a98d1b0 .functor BUF 1, L_0x560d7a98d140, C4<0>, C4<0>, C4<0>;
v0x560d7a86e460_0 .net "CLK", 0 0, v0x560d7a908bd0_0;  alias, 1 drivers
v0x560d7a86e520_0 .net "D", 0 0, L_0x560d7a9a6f50;  alias, 1 drivers
v0x560d7a86e5e0_0 .net "Q", 0 0, L_0x560d7a98cf00;  alias, 1 drivers
v0x560d7a86e6d0_0 .net "Q_N", 0 0, L_0x560d7a98d1b0;  1 drivers
v0x560d7a86e770_0 .net "RESET_B", 0 0, v0x560d7a909430_0;  alias, 1 drivers
v0x560d7a86e860_0 .net "SCD", 0 0, L_0x560d7a98cf00;  alias, 1 drivers
v0x560d7a86e900_0 .net "SCE", 0 0, L_0x560d7a943240;  alias, 1 drivers
v0x560d7a86e9a0_0 .net "SET_B", 0 0, L_0x560d7a9b6260;  alias, 1 drivers
v0x560d7a86ea40_0 .net/2s *"_ivl_15", 0 0, L_0x7f6fe5f77c80;  1 drivers
v0x560d7a86eb00_0 .net "delayed_CLK", 0 0, L_0x560d7a98c8a0;  1 drivers
v0x560d7a86ebc0_0 .net "delayed_D", 0 0, L_0x560d7a98c490;  1 drivers
v0x560d7a86ec80_0 .net "delayed_RESET_B", 0 0, L_0x560d7a98c790;  1 drivers
v0x560d7a86ed40_0 .net "delayed_SCD", 0 0, L_0x560d7a98c6b0;  1 drivers
v0x560d7a86ee00_0 .net "delayed_SCE", 0 0, L_0x560d7a98c720;  1 drivers
v0x560d7a86eec0_0 .net "delayed_SET_B", 0 0, L_0x560d7a98c830;  1 drivers
v0x560d7a86ef80_0 .net "int_fwire_IQ", 0 0, L_0x560d7a98cd00;  1 drivers
v0x560d7a86f040_0 .net "int_fwire_IQN", 0 0, L_0x560d7a98d140;  1 drivers
v0x560d7a86f210_0 .net "int_fwire_d", 0 0, L_0x560d7a98c980;  1 drivers
v0x560d7a86f2d0_0 .net "int_fwire_r", 0 0, L_0x560d7a98cbd0;  1 drivers
v0x560d7a86f390_0 .net "int_fwire_s", 0 0, L_0x560d7a98cac0;  1 drivers
v0x560d7a86f450_0 .var "notifier", 0 0;
v0x560d7a86f510_0 .net "xcr_0", 0 0, L_0x560d7a98cc90;  1 drivers
S_0x560d7a86f6d0 .scope module, "_0930_" "sg13g2_hv_sdfbbp_1" 5 3315, 3 1964 1, S_0x560d7a760c50;
 .timescale -9 -11;
    .port_info 0 /OUTPUT 1 "Q";
    .port_info 1 /OUTPUT 1 "Q_N";
    .port_info 2 /INPUT 1 "CLK";
    .port_info 3 /INPUT 1 "D";
    .port_info 4 /INPUT 1 "RESET_B";
    .port_info 5 /INPUT 1 "SCD";
    .port_info 6 /INPUT 1 "SCE";
    .port_info 7 /INPUT 1 "SET_B";
L_0x560d7a98d0d0 .functor BUFZ 1, L_0x560d7a9a7b10, C4<0>, C4<0>, C4<0>;
L_0x560d7a98d2f0 .functor BUFZ 1, L_0x560d7a98db40, C4<0>, C4<0>, C4<0>;
L_0x560d7a98d360 .functor BUFZ 1, L_0x560d7a9433b0, C4<0>, C4<0>, C4<0>;
L_0x560d7a98d3d0 .functor BUFZ 1, v0x560d7a909430_0, C4<0>, C4<0>, C4<0>;
L_0x560d7a98d470 .functor BUFZ 1, L_0x560d7a9b6360, C4<0>, C4<0>, C4<0>;
L_0x560d7a98d4e0 .functor BUFZ 1, v0x560d7a908bd0_0, C4<0>, C4<0>, C4<0>;
L_0x560d7a98d5c0 .udp UDP_ihp_mux2, L_0x560d7a98d0d0, L_0x560d7a98d2f0, L_0x560d7a98d360;
L_0x560d7a98d700 .functor NOT 1, L_0x560d7a98d470, C4<0>, C4<0>, C4<0>;
L_0x560d7a98d810 .functor NOT 1, L_0x560d7a98d3d0, C4<0>, C4<0>, C4<0>;
L_0x7f6fe5f77cc8 .functor BUFT 1, C4<0>, C4<0>, C4<0>, C4<0>;
L_0x560d7a98d8d0 .functor BUF 1, L_0x7f6fe5f77cc8, C4<0>, C4<0>, C4<0>;
L_0x560d7a98d940 .udp UDP_ihp_dff_sr_1, v0x560d7a8709b0_0, L_0x560d7a98d4e0, L_0x560d7a98d5c0, L_0x560d7a98d700, L_0x560d7a98d810, L_0x560d7a98d8d0;
L_0x560d7a98db40 .functor BUF 1, L_0x560d7a98d940, C4<0>, C4<0>, C4<0>;
L_0x560d7a98dd80 .functor NOT 1, L_0x560d7a98d940, C4<0>, C4<0>, C4<0>;
L_0x560d7a98ddf0 .functor BUF 1, L_0x560d7a98dd80, C4<0>, C4<0>, C4<0>;
v0x560d7a86f9c0_0 .net "CLK", 0 0, v0x560d7a908bd0_0;  alias, 1 drivers
v0x560d7a86fa80_0 .net "D", 0 0, L_0x560d7a9a7b10;  alias, 1 drivers
v0x560d7a86fb40_0 .net "Q", 0 0, L_0x560d7a98db40;  alias, 1 drivers
v0x560d7a86fc30_0 .net "Q_N", 0 0, L_0x560d7a98ddf0;  1 drivers
v0x560d7a86fcd0_0 .net "RESET_B", 0 0, v0x560d7a909430_0;  alias, 1 drivers
v0x560d7a86fdc0_0 .net "SCD", 0 0, L_0x560d7a98db40;  alias, 1 drivers
v0x560d7a86fe60_0 .net "SCE", 0 0, L_0x560d7a9433b0;  alias, 1 drivers
v0x560d7a86ff00_0 .net "SET_B", 0 0, L_0x560d7a9b6360;  alias, 1 drivers
v0x560d7a86ffa0_0 .net/2s *"_ivl_15", 0 0, L_0x7f6fe5f77cc8;  1 drivers
v0x560d7a870060_0 .net "delayed_CLK", 0 0, L_0x560d7a98d4e0;  1 drivers
v0x560d7a870120_0 .net "delayed_D", 0 0, L_0x560d7a98d0d0;  1 drivers
v0x560d7a8701e0_0 .net "delayed_RESET_B", 0 0, L_0x560d7a98d3d0;  1 drivers
v0x560d7a8702a0_0 .net "delayed_SCD", 0 0, L_0x560d7a98d2f0;  1 drivers
v0x560d7a870360_0 .net "delayed_SCE", 0 0, L_0x560d7a98d360;  1 drivers
v0x560d7a870420_0 .net "delayed_SET_B", 0 0, L_0x560d7a98d470;  1 drivers
v0x560d7a8704e0_0 .net "int_fwire_IQ", 0 0, L_0x560d7a98d940;  1 drivers
v0x560d7a8705a0_0 .net "int_fwire_IQN", 0 0, L_0x560d7a98dd80;  1 drivers
v0x560d7a870770_0 .net "int_fwire_d", 0 0, L_0x560d7a98d5c0;  1 drivers
v0x560d7a870830_0 .net "int_fwire_r", 0 0, L_0x560d7a98d810;  1 drivers
v0x560d7a8708f0_0 .net "int_fwire_s", 0 0, L_0x560d7a98d700;  1 drivers
v0x560d7a8709b0_0 .var "notifier", 0 0;
v0x560d7a870a70_0 .net "xcr_0", 0 0, L_0x560d7a98d8d0;  1 drivers
S_0x560d7a870c30 .scope module, "_0931_" "sg13g2_hv_sdfbbp_1" 5 3324, 3 1964 1, S_0x560d7a760c50;
 .timescale -9 -11;
    .port_info 0 /OUTPUT 1 "Q";
    .port_info 1 /OUTPUT 1 "Q_N";
    .port_info 2 /INPUT 1 "CLK";
    .port_info 3 /INPUT 1 "D";
    .port_info 4 /INPUT 1 "RESET_B";
    .port_info 5 /INPUT 1 "SCD";
    .port_info 6 /INPUT 1 "SCE";
    .port_info 7 /INPUT 1 "SET_B";
L_0x560d7a98dd10 .functor BUFZ 1, L_0x560d7a9a86d0, C4<0>, C4<0>, C4<0>;
L_0x560d7a98df30 .functor BUFZ 1, L_0x560d7a98e780, C4<0>, C4<0>, C4<0>;
L_0x560d7a98dfa0 .functor BUFZ 1, L_0x560d7a7db1d0, C4<0>, C4<0>, C4<0>;
L_0x560d7a98e010 .functor BUFZ 1, L_0x560d7a9b6460, C4<0>, C4<0>, C4<0>;
L_0x560d7a98e0b0 .functor BUFZ 1, v0x560d7a909430_0, C4<0>, C4<0>, C4<0>;
L_0x560d7a98e120 .functor BUFZ 1, v0x560d7a908bd0_0, C4<0>, C4<0>, C4<0>;
L_0x560d7a98e200 .udp UDP_ihp_mux2, L_0x560d7a98dd10, L_0x560d7a98df30, L_0x560d7a98dfa0;
L_0x560d7a98e340 .functor NOT 1, L_0x560d7a98e0b0, C4<0>, C4<0>, C4<0>;
L_0x560d7a98e450 .functor NOT 1, L_0x560d7a98e010, C4<0>, C4<0>, C4<0>;
L_0x7f6fe5f77d10 .functor BUFT 1, C4<0>, C4<0>, C4<0>, C4<0>;
L_0x560d7a98e510 .functor BUF 1, L_0x7f6fe5f77d10, C4<0>, C4<0>, C4<0>;
L_0x560d7a98e580 .udp UDP_ihp_dff_sr_1, v0x560d7a871f10_0, L_0x560d7a98e120, L_0x560d7a98e200, L_0x560d7a98e340, L_0x560d7a98e450, L_0x560d7a98e510;
L_0x560d7a98e780 .functor BUF 1, L_0x560d7a98e580, C4<0>, C4<0>, C4<0>;
L_0x560d7a98e9c0 .functor NOT 1, L_0x560d7a98e580, C4<0>, C4<0>, C4<0>;
L_0x560d7a98ea30 .functor BUF 1, L_0x560d7a98e9c0, C4<0>, C4<0>, C4<0>;
v0x560d7a870f20_0 .net "CLK", 0 0, v0x560d7a908bd0_0;  alias, 1 drivers
v0x560d7a870fe0_0 .net "D", 0 0, L_0x560d7a9a86d0;  alias, 1 drivers
v0x560d7a8710a0_0 .net "Q", 0 0, L_0x560d7a98e780;  alias, 1 drivers
v0x560d7a871190_0 .net "Q_N", 0 0, L_0x560d7a98ea30;  1 drivers
v0x560d7a871230_0 .net "RESET_B", 0 0, L_0x560d7a9b6460;  alias, 1 drivers
v0x560d7a871320_0 .net "SCD", 0 0, L_0x560d7a98e780;  alias, 1 drivers
v0x560d7a8713c0_0 .net "SCE", 0 0, L_0x560d7a7db1d0;  alias, 1 drivers
v0x560d7a871460_0 .net "SET_B", 0 0, v0x560d7a909430_0;  alias, 1 drivers
v0x560d7a871500_0 .net/2s *"_ivl_15", 0 0, L_0x7f6fe5f77d10;  1 drivers
v0x560d7a8715c0_0 .net "delayed_CLK", 0 0, L_0x560d7a98e120;  1 drivers
v0x560d7a871680_0 .net "delayed_D", 0 0, L_0x560d7a98dd10;  1 drivers
v0x560d7a871740_0 .net "delayed_RESET_B", 0 0, L_0x560d7a98e010;  1 drivers
v0x560d7a871800_0 .net "delayed_SCD", 0 0, L_0x560d7a98df30;  1 drivers
v0x560d7a8718c0_0 .net "delayed_SCE", 0 0, L_0x560d7a98dfa0;  1 drivers
v0x560d7a871980_0 .net "delayed_SET_B", 0 0, L_0x560d7a98e0b0;  1 drivers
v0x560d7a871a40_0 .net "int_fwire_IQ", 0 0, L_0x560d7a98e580;  1 drivers
v0x560d7a871b00_0 .net "int_fwire_IQN", 0 0, L_0x560d7a98e9c0;  1 drivers
v0x560d7a871cd0_0 .net "int_fwire_d", 0 0, L_0x560d7a98e200;  1 drivers
v0x560d7a871d90_0 .net "int_fwire_r", 0 0, L_0x560d7a98e450;  1 drivers
v0x560d7a871e50_0 .net "int_fwire_s", 0 0, L_0x560d7a98e340;  1 drivers
v0x560d7a871f10_0 .var "notifier", 0 0;
v0x560d7a871fd0_0 .net "xcr_0", 0 0, L_0x560d7a98e510;  1 drivers
S_0x560d7a872070 .scope module, "_0932_" "sg13g2_hv_sdfbbp_1" 5 3333, 3 1964 1, S_0x560d7a760c50;
 .timescale -9 -11;
    .port_info 0 /OUTPUT 1 "Q";
    .port_info 1 /OUTPUT 1 "Q_N";
    .port_info 2 /INPUT 1 "CLK";
    .port_info 3 /INPUT 1 "D";
    .port_info 4 /INPUT 1 "RESET_B";
    .port_info 5 /INPUT 1 "SCD";
    .port_info 6 /INPUT 1 "SCE";
    .port_info 7 /INPUT 1 "SET_B";
L_0x560d7a98e950 .functor BUFZ 1, L_0x560d7a9a9290, C4<0>, C4<0>, C4<0>;
L_0x560d7a98eb70 .functor BUFZ 1, L_0x560d7a98f3c0, C4<0>, C4<0>, C4<0>;
L_0x560d7a98ebe0 .functor BUFZ 1, L_0x560d7a7db340, C4<0>, C4<0>, C4<0>;
L_0x560d7a98ec50 .functor BUFZ 1, v0x560d7a909430_0, C4<0>, C4<0>, C4<0>;
L_0x560d7a98ecf0 .functor BUFZ 1, L_0x560d7a9b6560, C4<0>, C4<0>, C4<0>;
L_0x560d7a98ed60 .functor BUFZ 1, v0x560d7a908bd0_0, C4<0>, C4<0>, C4<0>;
L_0x560d7a98ee40 .udp UDP_ihp_mux2, L_0x560d7a98e950, L_0x560d7a98eb70, L_0x560d7a98ebe0;
L_0x560d7a98ef80 .functor NOT 1, L_0x560d7a98ecf0, C4<0>, C4<0>, C4<0>;
L_0x560d7a98f090 .functor NOT 1, L_0x560d7a98ec50, C4<0>, C4<0>, C4<0>;
L_0x7f6fe5f77d58 .functor BUFT 1, C4<0>, C4<0>, C4<0>, C4<0>;
L_0x560d7a98f150 .functor BUF 1, L_0x7f6fe5f77d58, C4<0>, C4<0>, C4<0>;
L_0x560d7a98f1c0 .udp UDP_ihp_dff_sr_1, v0x560d7a873350_0, L_0x560d7a98ed60, L_0x560d7a98ee40, L_0x560d7a98ef80, L_0x560d7a98f090, L_0x560d7a98f150;
L_0x560d7a98f3c0 .functor BUF 1, L_0x560d7a98f1c0, C4<0>, C4<0>, C4<0>;
L_0x560d7a98f600 .functor NOT 1, L_0x560d7a98f1c0, C4<0>, C4<0>, C4<0>;
L_0x560d7a98f670 .functor BUF 1, L_0x560d7a98f600, C4<0>, C4<0>, C4<0>;
v0x560d7a872360_0 .net "CLK", 0 0, v0x560d7a908bd0_0;  alias, 1 drivers
v0x560d7a872420_0 .net "D", 0 0, L_0x560d7a9a9290;  alias, 1 drivers
v0x560d7a8724e0_0 .net "Q", 0 0, L_0x560d7a98f3c0;  alias, 1 drivers
v0x560d7a8725d0_0 .net "Q_N", 0 0, L_0x560d7a98f670;  1 drivers
v0x560d7a872670_0 .net "RESET_B", 0 0, v0x560d7a909430_0;  alias, 1 drivers
v0x560d7a872760_0 .net "SCD", 0 0, L_0x560d7a98f3c0;  alias, 1 drivers
v0x560d7a872800_0 .net "SCE", 0 0, L_0x560d7a7db340;  alias, 1 drivers
v0x560d7a8728a0_0 .net "SET_B", 0 0, L_0x560d7a9b6560;  alias, 1 drivers
v0x560d7a872940_0 .net/2s *"_ivl_15", 0 0, L_0x7f6fe5f77d58;  1 drivers
v0x560d7a872a00_0 .net "delayed_CLK", 0 0, L_0x560d7a98ed60;  1 drivers
v0x560d7a872ac0_0 .net "delayed_D", 0 0, L_0x560d7a98e950;  1 drivers
v0x560d7a872b80_0 .net "delayed_RESET_B", 0 0, L_0x560d7a98ec50;  1 drivers
v0x560d7a872c40_0 .net "delayed_SCD", 0 0, L_0x560d7a98eb70;  1 drivers
v0x560d7a872d00_0 .net "delayed_SCE", 0 0, L_0x560d7a98ebe0;  1 drivers
v0x560d7a872dc0_0 .net "delayed_SET_B", 0 0, L_0x560d7a98ecf0;  1 drivers
v0x560d7a872e80_0 .net "int_fwire_IQ", 0 0, L_0x560d7a98f1c0;  1 drivers
v0x560d7a872f40_0 .net "int_fwire_IQN", 0 0, L_0x560d7a98f600;  1 drivers
v0x560d7a873110_0 .net "int_fwire_d", 0 0, L_0x560d7a98ee40;  1 drivers
v0x560d7a8731d0_0 .net "int_fwire_r", 0 0, L_0x560d7a98f090;  1 drivers
v0x560d7a873290_0 .net "int_fwire_s", 0 0, L_0x560d7a98ef80;  1 drivers
v0x560d7a873350_0 .var "notifier", 0 0;
v0x560d7a873410_0 .net "xcr_0", 0 0, L_0x560d7a98f150;  1 drivers
S_0x560d7a8735d0 .scope module, "_0933_" "sg13g2_hv_sdfbbp_1" 5 3342, 3 1964 1, S_0x560d7a760c50;
 .timescale -9 -11;
    .port_info 0 /OUTPUT 1 "Q";
    .port_info 1 /OUTPUT 1 "Q_N";
    .port_info 2 /INPUT 1 "CLK";
    .port_info 3 /INPUT 1 "D";
    .port_info 4 /INPUT 1 "RESET_B";
    .port_info 5 /INPUT 1 "SCD";
    .port_info 6 /INPUT 1 "SCE";
    .port_info 7 /INPUT 1 "SET_B";
L_0x560d7a98f590 .functor BUFZ 1, L_0x560d7a9a9e50, C4<0>, C4<0>, C4<0>;
L_0x560d7a98f7b0 .functor BUFZ 1, L_0x560d7a990000, C4<0>, C4<0>, C4<0>;
L_0x560d7a98f820 .functor BUFZ 1, L_0x560d7a943a10, C4<0>, C4<0>, C4<0>;
L_0x560d7a98f890 .functor BUFZ 1, v0x560d7a909430_0, C4<0>, C4<0>, C4<0>;
L_0x560d7a98f930 .functor BUFZ 1, L_0x560d7a9b6660, C4<0>, C4<0>, C4<0>;
L_0x560d7a98f9a0 .functor BUFZ 1, v0x560d7a908bd0_0, C4<0>, C4<0>, C4<0>;
L_0x560d7a98fa80 .udp UDP_ihp_mux2, L_0x560d7a98f590, L_0x560d7a98f7b0, L_0x560d7a98f820;
L_0x560d7a98fbc0 .functor NOT 1, L_0x560d7a98f930, C4<0>, C4<0>, C4<0>;
L_0x560d7a98fcd0 .functor NOT 1, L_0x560d7a98f890, C4<0>, C4<0>, C4<0>;
L_0x7f6fe5f77da0 .functor BUFT 1, C4<0>, C4<0>, C4<0>, C4<0>;
L_0x560d7a98fd90 .functor BUF 1, L_0x7f6fe5f77da0, C4<0>, C4<0>, C4<0>;
L_0x560d7a98fe00 .udp UDP_ihp_dff_sr_1, v0x560d7a8748b0_0, L_0x560d7a98f9a0, L_0x560d7a98fa80, L_0x560d7a98fbc0, L_0x560d7a98fcd0, L_0x560d7a98fd90;
L_0x560d7a990000 .functor BUF 1, L_0x560d7a98fe00, C4<0>, C4<0>, C4<0>;
L_0x560d7a990240 .functor NOT 1, L_0x560d7a98fe00, C4<0>, C4<0>, C4<0>;
L_0x560d7a9902b0 .functor BUF 1, L_0x560d7a990240, C4<0>, C4<0>, C4<0>;
v0x560d7a8738c0_0 .net "CLK", 0 0, v0x560d7a908bd0_0;  alias, 1 drivers
v0x560d7a873980_0 .net "D", 0 0, L_0x560d7a9a9e50;  alias, 1 drivers
v0x560d7a873a40_0 .net "Q", 0 0, L_0x560d7a990000;  alias, 1 drivers
v0x560d7a873b30_0 .net "Q_N", 0 0, L_0x560d7a9902b0;  1 drivers
v0x560d7a873bd0_0 .net "RESET_B", 0 0, v0x560d7a909430_0;  alias, 1 drivers
v0x560d7a873cc0_0 .net "SCD", 0 0, L_0x560d7a990000;  alias, 1 drivers
v0x560d7a873d60_0 .net "SCE", 0 0, L_0x560d7a943a10;  alias, 1 drivers
v0x560d7a873e00_0 .net "SET_B", 0 0, L_0x560d7a9b6660;  alias, 1 drivers
v0x560d7a873ea0_0 .net/2s *"_ivl_15", 0 0, L_0x7f6fe5f77da0;  1 drivers
v0x560d7a873f60_0 .net "delayed_CLK", 0 0, L_0x560d7a98f9a0;  1 drivers
v0x560d7a874020_0 .net "delayed_D", 0 0, L_0x560d7a98f590;  1 drivers
v0x560d7a8740e0_0 .net "delayed_RESET_B", 0 0, L_0x560d7a98f890;  1 drivers
v0x560d7a8741a0_0 .net "delayed_SCD", 0 0, L_0x560d7a98f7b0;  1 drivers
v0x560d7a874260_0 .net "delayed_SCE", 0 0, L_0x560d7a98f820;  1 drivers
v0x560d7a874320_0 .net "delayed_SET_B", 0 0, L_0x560d7a98f930;  1 drivers
v0x560d7a8743e0_0 .net "int_fwire_IQ", 0 0, L_0x560d7a98fe00;  1 drivers
v0x560d7a8744a0_0 .net "int_fwire_IQN", 0 0, L_0x560d7a990240;  1 drivers
v0x560d7a874670_0 .net "int_fwire_d", 0 0, L_0x560d7a98fa80;  1 drivers
v0x560d7a874730_0 .net "int_fwire_r", 0 0, L_0x560d7a98fcd0;  1 drivers
v0x560d7a8747f0_0 .net "int_fwire_s", 0 0, L_0x560d7a98fbc0;  1 drivers
v0x560d7a8748b0_0 .var "notifier", 0 0;
v0x560d7a874970_0 .net "xcr_0", 0 0, L_0x560d7a98fd90;  1 drivers
S_0x560d7a874b30 .scope module, "_0934_" "sg13g2_hv_sdfbbp_1" 5 3351, 3 1964 1, S_0x560d7a760c50;
 .timescale -9 -11;
    .port_info 0 /OUTPUT 1 "Q";
    .port_info 1 /OUTPUT 1 "Q_N";
    .port_info 2 /INPUT 1 "CLK";
    .port_info 3 /INPUT 1 "D";
    .port_info 4 /INPUT 1 "RESET_B";
    .port_info 5 /INPUT 1 "SCD";
    .port_info 6 /INPUT 1 "SCE";
    .port_info 7 /INPUT 1 "SET_B";
L_0x560d7a9901d0 .functor BUFZ 1, L_0x560d7a9a4d30, C4<0>, C4<0>, C4<0>;
L_0x560d7a9903f0 .functor BUFZ 1, L_0x560d7a990c40, C4<0>, C4<0>, C4<0>;
L_0x560d7a990460 .functor BUFZ 1, L_0x560d7a9254b0, C4<0>, C4<0>, C4<0>;
L_0x560d7a9904d0 .functor BUFZ 1, v0x560d7a909430_0, C4<0>, C4<0>, C4<0>;
L_0x560d7a990570 .functor BUFZ 1, L_0x560d7a9b6760, C4<0>, C4<0>, C4<0>;
L_0x560d7a9905e0 .functor BUFZ 1, v0x560d7a908bd0_0, C4<0>, C4<0>, C4<0>;
L_0x560d7a9906c0 .udp UDP_ihp_mux2, L_0x560d7a9901d0, L_0x560d7a9903f0, L_0x560d7a990460;
L_0x560d7a990800 .functor NOT 1, L_0x560d7a990570, C4<0>, C4<0>, C4<0>;
L_0x560d7a990910 .functor NOT 1, L_0x560d7a9904d0, C4<0>, C4<0>, C4<0>;
L_0x7f6fe5f77de8 .functor BUFT 1, C4<0>, C4<0>, C4<0>, C4<0>;
L_0x560d7a9909d0 .functor BUF 1, L_0x7f6fe5f77de8, C4<0>, C4<0>, C4<0>;
L_0x560d7a990a40 .udp UDP_ihp_dff_sr_1, v0x560d7a875e10_0, L_0x560d7a9905e0, L_0x560d7a9906c0, L_0x560d7a990800, L_0x560d7a990910, L_0x560d7a9909d0;
L_0x560d7a990c40 .functor BUF 1, L_0x560d7a990a40, C4<0>, C4<0>, C4<0>;
L_0x560d7a990e80 .functor NOT 1, L_0x560d7a990a40, C4<0>, C4<0>, C4<0>;
L_0x560d7a990ef0 .functor BUF 1, L_0x560d7a990e80, C4<0>, C4<0>, C4<0>;
v0x560d7a874e20_0 .net "CLK", 0 0, v0x560d7a908bd0_0;  alias, 1 drivers
v0x560d7a874ee0_0 .net "D", 0 0, L_0x560d7a9a4d30;  alias, 1 drivers
v0x560d7a874fa0_0 .net "Q", 0 0, L_0x560d7a990c40;  alias, 1 drivers
v0x560d7a875090_0 .net "Q_N", 0 0, L_0x560d7a990ef0;  1 drivers
v0x560d7a875130_0 .net "RESET_B", 0 0, v0x560d7a909430_0;  alias, 1 drivers
v0x560d7a875220_0 .net "SCD", 0 0, L_0x560d7a990c40;  alias, 1 drivers
v0x560d7a8752c0_0 .net "SCE", 0 0, L_0x560d7a9254b0;  alias, 1 drivers
v0x560d7a875360_0 .net "SET_B", 0 0, L_0x560d7a9b6760;  alias, 1 drivers
v0x560d7a875400_0 .net/2s *"_ivl_15", 0 0, L_0x7f6fe5f77de8;  1 drivers
v0x560d7a8754c0_0 .net "delayed_CLK", 0 0, L_0x560d7a9905e0;  1 drivers
v0x560d7a875580_0 .net "delayed_D", 0 0, L_0x560d7a9901d0;  1 drivers
v0x560d7a875640_0 .net "delayed_RESET_B", 0 0, L_0x560d7a9904d0;  1 drivers
v0x560d7a875700_0 .net "delayed_SCD", 0 0, L_0x560d7a9903f0;  1 drivers
v0x560d7a8757c0_0 .net "delayed_SCE", 0 0, L_0x560d7a990460;  1 drivers
v0x560d7a875880_0 .net "delayed_SET_B", 0 0, L_0x560d7a990570;  1 drivers
v0x560d7a875940_0 .net "int_fwire_IQ", 0 0, L_0x560d7a990a40;  1 drivers
v0x560d7a875a00_0 .net "int_fwire_IQN", 0 0, L_0x560d7a990e80;  1 drivers
v0x560d7a875bd0_0 .net "int_fwire_d", 0 0, L_0x560d7a9906c0;  1 drivers
v0x560d7a875c90_0 .net "int_fwire_r", 0 0, L_0x560d7a990910;  1 drivers
v0x560d7a875d50_0 .net "int_fwire_s", 0 0, L_0x560d7a990800;  1 drivers
v0x560d7a875e10_0 .var "notifier", 0 0;
v0x560d7a875ed0_0 .net "xcr_0", 0 0, L_0x560d7a9909d0;  1 drivers
S_0x560d7a876090 .scope module, "_0935_" "sg13g2_hv_sdfbbp_1" 5 3360, 3 1964 1, S_0x560d7a760c50;
 .timescale -9 -11;
    .port_info 0 /OUTPUT 1 "Q";
    .port_info 1 /OUTPUT 1 "Q_N";
    .port_info 2 /INPUT 1 "CLK";
    .port_info 3 /INPUT 1 "D";
    .port_info 4 /INPUT 1 "RESET_B";
    .port_info 5 /INPUT 1 "SCD";
    .port_info 6 /INPUT 1 "SCE";
    .port_info 7 /INPUT 1 "SET_B";
L_0x560d7a990e10 .functor BUFZ 1, L_0x560d7a9a5860, C4<0>, C4<0>, C4<0>;
L_0x560d7a991030 .functor BUFZ 1, L_0x560d7a991880, C4<0>, C4<0>, C4<0>;
L_0x560d7a9910a0 .functor BUFZ 1, L_0x560d7a943b80, C4<0>, C4<0>, C4<0>;
L_0x560d7a991110 .functor BUFZ 1, v0x560d7a909430_0, C4<0>, C4<0>, C4<0>;
L_0x560d7a9911b0 .functor BUFZ 1, L_0x560d7a9b6860, C4<0>, C4<0>, C4<0>;
L_0x560d7a991220 .functor BUFZ 1, v0x560d7a908bd0_0, C4<0>, C4<0>, C4<0>;
L_0x560d7a991300 .udp UDP_ihp_mux2, L_0x560d7a990e10, L_0x560d7a991030, L_0x560d7a9910a0;
L_0x560d7a991440 .functor NOT 1, L_0x560d7a9911b0, C4<0>, C4<0>, C4<0>;
L_0x560d7a991550 .functor NOT 1, L_0x560d7a991110, C4<0>, C4<0>, C4<0>;
L_0x7f6fe5f77e30 .functor BUFT 1, C4<0>, C4<0>, C4<0>, C4<0>;
L_0x560d7a991610 .functor BUF 1, L_0x7f6fe5f77e30, C4<0>, C4<0>, C4<0>;
L_0x560d7a991680 .udp UDP_ihp_dff_sr_1, v0x560d7a877370_0, L_0x560d7a991220, L_0x560d7a991300, L_0x560d7a991440, L_0x560d7a991550, L_0x560d7a991610;
L_0x560d7a991880 .functor BUF 1, L_0x560d7a991680, C4<0>, C4<0>, C4<0>;
L_0x560d7a991ac0 .functor NOT 1, L_0x560d7a991680, C4<0>, C4<0>, C4<0>;
L_0x560d7a991b30 .functor BUF 1, L_0x560d7a991ac0, C4<0>, C4<0>, C4<0>;
v0x560d7a876380_0 .net "CLK", 0 0, v0x560d7a908bd0_0;  alias, 1 drivers
v0x560d7a876440_0 .net "D", 0 0, L_0x560d7a9a5860;  alias, 1 drivers
v0x560d7a876500_0 .net "Q", 0 0, L_0x560d7a991880;  alias, 1 drivers
v0x560d7a8765f0_0 .net "Q_N", 0 0, L_0x560d7a991b30;  1 drivers
v0x560d7a876690_0 .net "RESET_B", 0 0, v0x560d7a909430_0;  alias, 1 drivers
v0x560d7a876780_0 .net "SCD", 0 0, L_0x560d7a991880;  alias, 1 drivers
v0x560d7a876820_0 .net "SCE", 0 0, L_0x560d7a943b80;  alias, 1 drivers
v0x560d7a8768c0_0 .net "SET_B", 0 0, L_0x560d7a9b6860;  alias, 1 drivers
v0x560d7a876960_0 .net/2s *"_ivl_15", 0 0, L_0x7f6fe5f77e30;  1 drivers
v0x560d7a876a20_0 .net "delayed_CLK", 0 0, L_0x560d7a991220;  1 drivers
v0x560d7a876ae0_0 .net "delayed_D", 0 0, L_0x560d7a990e10;  1 drivers
v0x560d7a876ba0_0 .net "delayed_RESET_B", 0 0, L_0x560d7a991110;  1 drivers
v0x560d7a876c60_0 .net "delayed_SCD", 0 0, L_0x560d7a991030;  1 drivers
v0x560d7a876d20_0 .net "delayed_SCE", 0 0, L_0x560d7a9910a0;  1 drivers
v0x560d7a876de0_0 .net "delayed_SET_B", 0 0, L_0x560d7a9911b0;  1 drivers
v0x560d7a876ea0_0 .net "int_fwire_IQ", 0 0, L_0x560d7a991680;  1 drivers
v0x560d7a876f60_0 .net "int_fwire_IQN", 0 0, L_0x560d7a991ac0;  1 drivers
v0x560d7a877130_0 .net "int_fwire_d", 0 0, L_0x560d7a991300;  1 drivers
v0x560d7a8771f0_0 .net "int_fwire_r", 0 0, L_0x560d7a991550;  1 drivers
v0x560d7a8772b0_0 .net "int_fwire_s", 0 0, L_0x560d7a991440;  1 drivers
v0x560d7a877370_0 .var "notifier", 0 0;
v0x560d7a877430_0 .net "xcr_0", 0 0, L_0x560d7a991610;  1 drivers
S_0x560d7a8775f0 .scope module, "_0936_" "sg13g2_hv_sdfbbp_1" 5 3369, 3 1964 1, S_0x560d7a760c50;
 .timescale -9 -11;
    .port_info 0 /OUTPUT 1 "Q";
    .port_info 1 /OUTPUT 1 "Q_N";
    .port_info 2 /INPUT 1 "CLK";
    .port_info 3 /INPUT 1 "D";
    .port_info 4 /INPUT 1 "RESET_B";
    .port_info 5 /INPUT 1 "SCD";
    .port_info 6 /INPUT 1 "SCE";
    .port_info 7 /INPUT 1 "SET_B";
L_0x560d7a991a50 .functor BUFZ 1, L_0x560d7a9a6390, C4<0>, C4<0>, C4<0>;
L_0x560d7a991c70 .functor BUFZ 1, L_0x560d7a9924c0, C4<0>, C4<0>, C4<0>;
L_0x560d7a991ce0 .functor BUFZ 1, L_0x560d7a943cf0, C4<0>, C4<0>, C4<0>;
L_0x560d7a991d50 .functor BUFZ 1, v0x560d7a909430_0, C4<0>, C4<0>, C4<0>;
L_0x560d7a991df0 .functor BUFZ 1, L_0x560d7a9b6960, C4<0>, C4<0>, C4<0>;
L_0x560d7a991e60 .functor BUFZ 1, v0x560d7a908bd0_0, C4<0>, C4<0>, C4<0>;
L_0x560d7a991f40 .udp UDP_ihp_mux2, L_0x560d7a991a50, L_0x560d7a991c70, L_0x560d7a991ce0;
L_0x560d7a992080 .functor NOT 1, L_0x560d7a991df0, C4<0>, C4<0>, C4<0>;
L_0x560d7a992190 .functor NOT 1, L_0x560d7a991d50, C4<0>, C4<0>, C4<0>;
L_0x7f6fe5f77e78 .functor BUFT 1, C4<0>, C4<0>, C4<0>, C4<0>;
L_0x560d7a992250 .functor BUF 1, L_0x7f6fe5f77e78, C4<0>, C4<0>, C4<0>;
L_0x560d7a9922c0 .udp UDP_ihp_dff_sr_1, v0x560d7a8788d0_0, L_0x560d7a991e60, L_0x560d7a991f40, L_0x560d7a992080, L_0x560d7a992190, L_0x560d7a992250;
L_0x560d7a9924c0 .functor BUF 1, L_0x560d7a9922c0, C4<0>, C4<0>, C4<0>;
L_0x560d7a992700 .functor NOT 1, L_0x560d7a9922c0, C4<0>, C4<0>, C4<0>;
L_0x560d7a992770 .functor BUF 1, L_0x560d7a992700, C4<0>, C4<0>, C4<0>;
v0x560d7a8778e0_0 .net "CLK", 0 0, v0x560d7a908bd0_0;  alias, 1 drivers
v0x560d7a8779a0_0 .net "D", 0 0, L_0x560d7a9a6390;  alias, 1 drivers
v0x560d7a877a60_0 .net "Q", 0 0, L_0x560d7a9924c0;  alias, 1 drivers
v0x560d7a877b50_0 .net "Q_N", 0 0, L_0x560d7a992770;  1 drivers
v0x560d7a877bf0_0 .net "RESET_B", 0 0, v0x560d7a909430_0;  alias, 1 drivers
v0x560d7a877ce0_0 .net "SCD", 0 0, L_0x560d7a9924c0;  alias, 1 drivers
v0x560d7a877d80_0 .net "SCE", 0 0, L_0x560d7a943cf0;  alias, 1 drivers
v0x560d7a877e20_0 .net "SET_B", 0 0, L_0x560d7a9b6960;  alias, 1 drivers
v0x560d7a877ec0_0 .net/2s *"_ivl_15", 0 0, L_0x7f6fe5f77e78;  1 drivers
v0x560d7a877f80_0 .net "delayed_CLK", 0 0, L_0x560d7a991e60;  1 drivers
v0x560d7a878040_0 .net "delayed_D", 0 0, L_0x560d7a991a50;  1 drivers
v0x560d7a878100_0 .net "delayed_RESET_B", 0 0, L_0x560d7a991d50;  1 drivers
v0x560d7a8781c0_0 .net "delayed_SCD", 0 0, L_0x560d7a991c70;  1 drivers
v0x560d7a878280_0 .net "delayed_SCE", 0 0, L_0x560d7a991ce0;  1 drivers
v0x560d7a878340_0 .net "delayed_SET_B", 0 0, L_0x560d7a991df0;  1 drivers
v0x560d7a878400_0 .net "int_fwire_IQ", 0 0, L_0x560d7a9922c0;  1 drivers
v0x560d7a8784c0_0 .net "int_fwire_IQN", 0 0, L_0x560d7a992700;  1 drivers
v0x560d7a878690_0 .net "int_fwire_d", 0 0, L_0x560d7a991f40;  1 drivers
v0x560d7a878750_0 .net "int_fwire_r", 0 0, L_0x560d7a992190;  1 drivers
v0x560d7a878810_0 .net "int_fwire_s", 0 0, L_0x560d7a992080;  1 drivers
v0x560d7a8788d0_0 .var "notifier", 0 0;
v0x560d7a878990_0 .net "xcr_0", 0 0, L_0x560d7a992250;  1 drivers
S_0x560d7a878b50 .scope module, "_0937_" "sg13g2_hv_sdfbbp_1" 5 3378, 3 1964 1, S_0x560d7a760c50;
 .timescale -9 -11;
    .port_info 0 /OUTPUT 1 "Q";
    .port_info 1 /OUTPUT 1 "Q_N";
    .port_info 2 /INPUT 1 "CLK";
    .port_info 3 /INPUT 1 "D";
    .port_info 4 /INPUT 1 "RESET_B";
    .port_info 5 /INPUT 1 "SCD";
    .port_info 6 /INPUT 1 "SCE";
    .port_info 7 /INPUT 1 "SET_B";
L_0x560d7a992690 .functor BUFZ 1, L_0x560d7a9a6f50, C4<0>, C4<0>, C4<0>;
L_0x560d7a9928b0 .functor BUFZ 1, L_0x560d7a993100, C4<0>, C4<0>, C4<0>;
L_0x560d7a992920 .functor BUFZ 1, L_0x560d7a943e60, C4<0>, C4<0>, C4<0>;
L_0x560d7a992990 .functor BUFZ 1, v0x560d7a909430_0, C4<0>, C4<0>, C4<0>;
L_0x560d7a992a30 .functor BUFZ 1, L_0x560d7a9b6a60, C4<0>, C4<0>, C4<0>;
L_0x560d7a992aa0 .functor BUFZ 1, v0x560d7a908bd0_0, C4<0>, C4<0>, C4<0>;
L_0x560d7a992b80 .udp UDP_ihp_mux2, L_0x560d7a992690, L_0x560d7a9928b0, L_0x560d7a992920;
L_0x560d7a992cc0 .functor NOT 1, L_0x560d7a992a30, C4<0>, C4<0>, C4<0>;
L_0x560d7a992dd0 .functor NOT 1, L_0x560d7a992990, C4<0>, C4<0>, C4<0>;
L_0x7f6fe5f77ec0 .functor BUFT 1, C4<0>, C4<0>, C4<0>, C4<0>;
L_0x560d7a992e90 .functor BUF 1, L_0x7f6fe5f77ec0, C4<0>, C4<0>, C4<0>;
L_0x560d7a992f00 .udp UDP_ihp_dff_sr_1, v0x560d7a879e30_0, L_0x560d7a992aa0, L_0x560d7a992b80, L_0x560d7a992cc0, L_0x560d7a992dd0, L_0x560d7a992e90;
L_0x560d7a993100 .functor BUF 1, L_0x560d7a992f00, C4<0>, C4<0>, C4<0>;
L_0x560d7a993340 .functor NOT 1, L_0x560d7a992f00, C4<0>, C4<0>, C4<0>;
L_0x560d7a9933b0 .functor BUF 1, L_0x560d7a993340, C4<0>, C4<0>, C4<0>;
v0x560d7a878e40_0 .net "CLK", 0 0, v0x560d7a908bd0_0;  alias, 1 drivers
v0x560d7a878f00_0 .net "D", 0 0, L_0x560d7a9a6f50;  alias, 1 drivers
v0x560d7a878fc0_0 .net "Q", 0 0, L_0x560d7a993100;  alias, 1 drivers
v0x560d7a8790b0_0 .net "Q_N", 0 0, L_0x560d7a9933b0;  1 drivers
v0x560d7a879150_0 .net "RESET_B", 0 0, v0x560d7a909430_0;  alias, 1 drivers
v0x560d7a879240_0 .net "SCD", 0 0, L_0x560d7a993100;  alias, 1 drivers
v0x560d7a8792e0_0 .net "SCE", 0 0, L_0x560d7a943e60;  alias, 1 drivers
v0x560d7a879380_0 .net "SET_B", 0 0, L_0x560d7a9b6a60;  alias, 1 drivers
v0x560d7a879420_0 .net/2s *"_ivl_15", 0 0, L_0x7f6fe5f77ec0;  1 drivers
v0x560d7a8794e0_0 .net "delayed_CLK", 0 0, L_0x560d7a992aa0;  1 drivers
v0x560d7a8795a0_0 .net "delayed_D", 0 0, L_0x560d7a992690;  1 drivers
v0x560d7a879660_0 .net "delayed_RESET_B", 0 0, L_0x560d7a992990;  1 drivers
v0x560d7a879720_0 .net "delayed_SCD", 0 0, L_0x560d7a9928b0;  1 drivers
v0x560d7a8797e0_0 .net "delayed_SCE", 0 0, L_0x560d7a992920;  1 drivers
v0x560d7a8798a0_0 .net "delayed_SET_B", 0 0, L_0x560d7a992a30;  1 drivers
v0x560d7a879960_0 .net "int_fwire_IQ", 0 0, L_0x560d7a992f00;  1 drivers
v0x560d7a879a20_0 .net "int_fwire_IQN", 0 0, L_0x560d7a993340;  1 drivers
v0x560d7a879bf0_0 .net "int_fwire_d", 0 0, L_0x560d7a992b80;  1 drivers
v0x560d7a879cb0_0 .net "int_fwire_r", 0 0, L_0x560d7a992dd0;  1 drivers
v0x560d7a879d70_0 .net "int_fwire_s", 0 0, L_0x560d7a992cc0;  1 drivers
v0x560d7a879e30_0 .var "notifier", 0 0;
v0x560d7a879ef0_0 .net "xcr_0", 0 0, L_0x560d7a992e90;  1 drivers
S_0x560d7a87a0b0 .scope module, "_0938_" "sg13g2_hv_sdfbbp_1" 5 3387, 3 1964 1, S_0x560d7a760c50;
 .timescale -9 -11;
    .port_info 0 /OUTPUT 1 "Q";
    .port_info 1 /OUTPUT 1 "Q_N";
    .port_info 2 /INPUT 1 "CLK";
    .port_info 3 /INPUT 1 "D";
    .port_info 4 /INPUT 1 "RESET_B";
    .port_info 5 /INPUT 1 "SCD";
    .port_info 6 /INPUT 1 "SCE";
    .port_info 7 /INPUT 1 "SET_B";
L_0x560d7a9932d0 .functor BUFZ 1, L_0x560d7a9a7b10, C4<0>, C4<0>, C4<0>;
L_0x560d7a9934f0 .functor BUFZ 1, L_0x560d7a993d40, C4<0>, C4<0>, C4<0>;
L_0x560d7a993560 .functor BUFZ 1, L_0x560d7a943fd0, C4<0>, C4<0>, C4<0>;
L_0x560d7a9935d0 .functor BUFZ 1, L_0x560d7a9b6b60, C4<0>, C4<0>, C4<0>;
L_0x560d7a993670 .functor BUFZ 1, v0x560d7a909430_0, C4<0>, C4<0>, C4<0>;
L_0x560d7a9936e0 .functor BUFZ 1, v0x560d7a908bd0_0, C4<0>, C4<0>, C4<0>;
L_0x560d7a9937c0 .udp UDP_ihp_mux2, L_0x560d7a9932d0, L_0x560d7a9934f0, L_0x560d7a993560;
L_0x560d7a993900 .functor NOT 1, L_0x560d7a993670, C4<0>, C4<0>, C4<0>;
L_0x560d7a993a10 .functor NOT 1, L_0x560d7a9935d0, C4<0>, C4<0>, C4<0>;
L_0x7f6fe5f77f08 .functor BUFT 1, C4<0>, C4<0>, C4<0>, C4<0>;
L_0x560d7a993ad0 .functor BUF 1, L_0x7f6fe5f77f08, C4<0>, C4<0>, C4<0>;
L_0x560d7a993b40 .udp UDP_ihp_dff_sr_1, v0x560d7a87b390_0, L_0x560d7a9936e0, L_0x560d7a9937c0, L_0x560d7a993900, L_0x560d7a993a10, L_0x560d7a993ad0;
L_0x560d7a993d40 .functor BUF 1, L_0x560d7a993b40, C4<0>, C4<0>, C4<0>;
L_0x560d7a993f80 .functor NOT 1, L_0x560d7a993b40, C4<0>, C4<0>, C4<0>;
L_0x560d7a993ff0 .functor BUF 1, L_0x560d7a993f80, C4<0>, C4<0>, C4<0>;
v0x560d7a87a3a0_0 .net "CLK", 0 0, v0x560d7a908bd0_0;  alias, 1 drivers
v0x560d7a87a460_0 .net "D", 0 0, L_0x560d7a9a7b10;  alias, 1 drivers
v0x560d7a87a520_0 .net "Q", 0 0, L_0x560d7a993d40;  alias, 1 drivers
v0x560d7a87a610_0 .net "Q_N", 0 0, L_0x560d7a993ff0;  1 drivers
v0x560d7a87a6b0_0 .net "RESET_B", 0 0, L_0x560d7a9b6b60;  alias, 1 drivers
v0x560d7a87a7a0_0 .net "SCD", 0 0, L_0x560d7a993d40;  alias, 1 drivers
v0x560d7a87a840_0 .net "SCE", 0 0, L_0x560d7a943fd0;  alias, 1 drivers
v0x560d7a87a8e0_0 .net "SET_B", 0 0, v0x560d7a909430_0;  alias, 1 drivers
v0x560d7a87a980_0 .net/2s *"_ivl_15", 0 0, L_0x7f6fe5f77f08;  1 drivers
v0x560d7a87aa40_0 .net "delayed_CLK", 0 0, L_0x560d7a9936e0;  1 drivers
v0x560d7a87ab00_0 .net "delayed_D", 0 0, L_0x560d7a9932d0;  1 drivers
v0x560d7a87abc0_0 .net "delayed_RESET_B", 0 0, L_0x560d7a9935d0;  1 drivers
v0x560d7a87ac80_0 .net "delayed_SCD", 0 0, L_0x560d7a9934f0;  1 drivers
v0x560d7a87ad40_0 .net "delayed_SCE", 0 0, L_0x560d7a993560;  1 drivers
v0x560d7a87ae00_0 .net "delayed_SET_B", 0 0, L_0x560d7a993670;  1 drivers
v0x560d7a87aec0_0 .net "int_fwire_IQ", 0 0, L_0x560d7a993b40;  1 drivers
v0x560d7a87af80_0 .net "int_fwire_IQN", 0 0, L_0x560d7a993f80;  1 drivers
v0x560d7a87b150_0 .net "int_fwire_d", 0 0, L_0x560d7a9937c0;  1 drivers
v0x560d7a87b210_0 .net "int_fwire_r", 0 0, L_0x560d7a993a10;  1 drivers
v0x560d7a87b2d0_0 .net "int_fwire_s", 0 0, L_0x560d7a993900;  1 drivers
v0x560d7a87b390_0 .var "notifier", 0 0;
v0x560d7a87b450_0 .net "xcr_0", 0 0, L_0x560d7a993ad0;  1 drivers
S_0x560d7a87b610 .scope module, "_0939_" "sg13g2_hv_sdfbbp_1" 5 3396, 3 1964 1, S_0x560d7a760c50;
 .timescale -9 -11;
    .port_info 0 /OUTPUT 1 "Q";
    .port_info 1 /OUTPUT 1 "Q_N";
    .port_info 2 /INPUT 1 "CLK";
    .port_info 3 /INPUT 1 "D";
    .port_info 4 /INPUT 1 "RESET_B";
    .port_info 5 /INPUT 1 "SCD";
    .port_info 6 /INPUT 1 "SCE";
    .port_info 7 /INPUT 1 "SET_B";
L_0x560d7a993f10 .functor BUFZ 1, L_0x560d7a9a86d0, C4<0>, C4<0>, C4<0>;
L_0x560d7a994130 .functor BUFZ 1, L_0x560d7a994980, C4<0>, C4<0>, C4<0>;
L_0x560d7a9941a0 .functor BUFZ 1, L_0x560d7a7dd7c0, C4<0>, C4<0>, C4<0>;
L_0x560d7a994210 .functor BUFZ 1, L_0x560d7a9b6c60, C4<0>, C4<0>, C4<0>;
L_0x560d7a9942b0 .functor BUFZ 1, v0x560d7a909430_0, C4<0>, C4<0>, C4<0>;
L_0x560d7a994320 .functor BUFZ 1, v0x560d7a908bd0_0, C4<0>, C4<0>, C4<0>;
L_0x560d7a994400 .udp UDP_ihp_mux2, L_0x560d7a993f10, L_0x560d7a994130, L_0x560d7a9941a0;
L_0x560d7a994540 .functor NOT 1, L_0x560d7a9942b0, C4<0>, C4<0>, C4<0>;
L_0x560d7a994650 .functor NOT 1, L_0x560d7a994210, C4<0>, C4<0>, C4<0>;
L_0x7f6fe5f77f50 .functor BUFT 1, C4<0>, C4<0>, C4<0>, C4<0>;
L_0x560d7a994710 .functor BUF 1, L_0x7f6fe5f77f50, C4<0>, C4<0>, C4<0>;
L_0x560d7a994780 .udp UDP_ihp_dff_sr_1, v0x560d7a87c8f0_0, L_0x560d7a994320, L_0x560d7a994400, L_0x560d7a994540, L_0x560d7a994650, L_0x560d7a994710;
L_0x560d7a994980 .functor BUF 1, L_0x560d7a994780, C4<0>, C4<0>, C4<0>;
L_0x560d7a994bc0 .functor NOT 1, L_0x560d7a994780, C4<0>, C4<0>, C4<0>;
L_0x560d7a994c30 .functor BUF 1, L_0x560d7a994bc0, C4<0>, C4<0>, C4<0>;
v0x560d7a87b900_0 .net "CLK", 0 0, v0x560d7a908bd0_0;  alias, 1 drivers
v0x560d7a87b9c0_0 .net "D", 0 0, L_0x560d7a9a86d0;  alias, 1 drivers
v0x560d7a87ba80_0 .net "Q", 0 0, L_0x560d7a994980;  alias, 1 drivers
v0x560d7a87bb70_0 .net "Q_N", 0 0, L_0x560d7a994c30;  1 drivers
v0x560d7a87bc10_0 .net "RESET_B", 0 0, L_0x560d7a9b6c60;  alias, 1 drivers
v0x560d7a87bd00_0 .net "SCD", 0 0, L_0x560d7a994980;  alias, 1 drivers
v0x560d7a87bda0_0 .net "SCE", 0 0, L_0x560d7a7dd7c0;  alias, 1 drivers
v0x560d7a87be40_0 .net "SET_B", 0 0, v0x560d7a909430_0;  alias, 1 drivers
v0x560d7a87bee0_0 .net/2s *"_ivl_15", 0 0, L_0x7f6fe5f77f50;  1 drivers
v0x560d7a87bfa0_0 .net "delayed_CLK", 0 0, L_0x560d7a994320;  1 drivers
v0x560d7a87c060_0 .net "delayed_D", 0 0, L_0x560d7a993f10;  1 drivers
v0x560d7a87c120_0 .net "delayed_RESET_B", 0 0, L_0x560d7a994210;  1 drivers
v0x560d7a87c1e0_0 .net "delayed_SCD", 0 0, L_0x560d7a994130;  1 drivers
v0x560d7a87c2a0_0 .net "delayed_SCE", 0 0, L_0x560d7a9941a0;  1 drivers
v0x560d7a87c360_0 .net "delayed_SET_B", 0 0, L_0x560d7a9942b0;  1 drivers
v0x560d7a87c420_0 .net "int_fwire_IQ", 0 0, L_0x560d7a994780;  1 drivers
v0x560d7a87c4e0_0 .net "int_fwire_IQN", 0 0, L_0x560d7a994bc0;  1 drivers
v0x560d7a87c6b0_0 .net "int_fwire_d", 0 0, L_0x560d7a994400;  1 drivers
v0x560d7a87c770_0 .net "int_fwire_r", 0 0, L_0x560d7a994650;  1 drivers
v0x560d7a87c830_0 .net "int_fwire_s", 0 0, L_0x560d7a994540;  1 drivers
v0x560d7a87c8f0_0 .var "notifier", 0 0;
v0x560d7a87c9b0_0 .net "xcr_0", 0 0, L_0x560d7a994710;  1 drivers
S_0x560d7a87cb70 .scope module, "_0940_" "sg13g2_hv_sdfbbp_1" 5 3405, 3 1964 1, S_0x560d7a760c50;
 .timescale -9 -11;
    .port_info 0 /OUTPUT 1 "Q";
    .port_info 1 /OUTPUT 1 "Q_N";
    .port_info 2 /INPUT 1 "CLK";
    .port_info 3 /INPUT 1 "D";
    .port_info 4 /INPUT 1 "RESET_B";
    .port_info 5 /INPUT 1 "SCD";
    .port_info 6 /INPUT 1 "SCE";
    .port_info 7 /INPUT 1 "SET_B";
L_0x560d7a994b50 .functor BUFZ 1, L_0x560d7a9a9290, C4<0>, C4<0>, C4<0>;
L_0x560d7a994d70 .functor BUFZ 1, L_0x560d7a9955c0, C4<0>, C4<0>, C4<0>;
L_0x560d7a994de0 .functor BUFZ 1, L_0x560d7a7dd930, C4<0>, C4<0>, C4<0>;
L_0x560d7a994e50 .functor BUFZ 1, v0x560d7a909430_0, C4<0>, C4<0>, C4<0>;
L_0x560d7a994ef0 .functor BUFZ 1, L_0x560d7a9b6d60, C4<0>, C4<0>, C4<0>;
L_0x560d7a994f60 .functor BUFZ 1, v0x560d7a908bd0_0, C4<0>, C4<0>, C4<0>;
L_0x560d7a995040 .udp UDP_ihp_mux2, L_0x560d7a994b50, L_0x560d7a994d70, L_0x560d7a994de0;
L_0x560d7a995180 .functor NOT 1, L_0x560d7a994ef0, C4<0>, C4<0>, C4<0>;
L_0x560d7a995290 .functor NOT 1, L_0x560d7a994e50, C4<0>, C4<0>, C4<0>;
L_0x7f6fe5f77f98 .functor BUFT 1, C4<0>, C4<0>, C4<0>, C4<0>;
L_0x560d7a995350 .functor BUF 1, L_0x7f6fe5f77f98, C4<0>, C4<0>, C4<0>;
L_0x560d7a9953c0 .udp UDP_ihp_dff_sr_1, v0x560d7a87de50_0, L_0x560d7a994f60, L_0x560d7a995040, L_0x560d7a995180, L_0x560d7a995290, L_0x560d7a995350;
L_0x560d7a9955c0 .functor BUF 1, L_0x560d7a9953c0, C4<0>, C4<0>, C4<0>;
L_0x560d7a995800 .functor NOT 1, L_0x560d7a9953c0, C4<0>, C4<0>, C4<0>;
L_0x560d7a995870 .functor BUF 1, L_0x560d7a995800, C4<0>, C4<0>, C4<0>;
v0x560d7a87ce60_0 .net "CLK", 0 0, v0x560d7a908bd0_0;  alias, 1 drivers
v0x560d7a87cf20_0 .net "D", 0 0, L_0x560d7a9a9290;  alias, 1 drivers
v0x560d7a87cfe0_0 .net "Q", 0 0, L_0x560d7a9955c0;  alias, 1 drivers
v0x560d7a87d0d0_0 .net "Q_N", 0 0, L_0x560d7a995870;  1 drivers
v0x560d7a87d170_0 .net "RESET_B", 0 0, v0x560d7a909430_0;  alias, 1 drivers
v0x560d7a87d260_0 .net "SCD", 0 0, L_0x560d7a9955c0;  alias, 1 drivers
v0x560d7a87d300_0 .net "SCE", 0 0, L_0x560d7a7dd930;  alias, 1 drivers
v0x560d7a87d3a0_0 .net "SET_B", 0 0, L_0x560d7a9b6d60;  alias, 1 drivers
v0x560d7a87d440_0 .net/2s *"_ivl_15", 0 0, L_0x7f6fe5f77f98;  1 drivers
v0x560d7a87d500_0 .net "delayed_CLK", 0 0, L_0x560d7a994f60;  1 drivers
v0x560d7a87d5c0_0 .net "delayed_D", 0 0, L_0x560d7a994b50;  1 drivers
v0x560d7a87d680_0 .net "delayed_RESET_B", 0 0, L_0x560d7a994e50;  1 drivers
v0x560d7a87d740_0 .net "delayed_SCD", 0 0, L_0x560d7a994d70;  1 drivers
v0x560d7a87d800_0 .net "delayed_SCE", 0 0, L_0x560d7a994de0;  1 drivers
v0x560d7a87d8c0_0 .net "delayed_SET_B", 0 0, L_0x560d7a994ef0;  1 drivers
v0x560d7a87d980_0 .net "int_fwire_IQ", 0 0, L_0x560d7a9953c0;  1 drivers
v0x560d7a87da40_0 .net "int_fwire_IQN", 0 0, L_0x560d7a995800;  1 drivers
v0x560d7a87dc10_0 .net "int_fwire_d", 0 0, L_0x560d7a995040;  1 drivers
v0x560d7a87dcd0_0 .net "int_fwire_r", 0 0, L_0x560d7a995290;  1 drivers
v0x560d7a87dd90_0 .net "int_fwire_s", 0 0, L_0x560d7a995180;  1 drivers
v0x560d7a87de50_0 .var "notifier", 0 0;
v0x560d7a87df10_0 .net "xcr_0", 0 0, L_0x560d7a995350;  1 drivers
S_0x560d7a87e0d0 .scope module, "_0941_" "sg13g2_hv_sdfbbp_1" 5 3414, 3 1964 1, S_0x560d7a760c50;
 .timescale -9 -11;
    .port_info 0 /OUTPUT 1 "Q";
    .port_info 1 /OUTPUT 1 "Q_N";
    .port_info 2 /INPUT 1 "CLK";
    .port_info 3 /INPUT 1 "D";
    .port_info 4 /INPUT 1 "RESET_B";
    .port_info 5 /INPUT 1 "SCD";
    .port_info 6 /INPUT 1 "SCE";
    .port_info 7 /INPUT 1 "SET_B";
L_0x560d7a995790 .functor BUFZ 1, L_0x560d7a9a9e50, C4<0>, C4<0>, C4<0>;
L_0x560d7a9959b0 .functor BUFZ 1, L_0x560d7a996200, C4<0>, C4<0>, C4<0>;
L_0x560d7a995a20 .functor BUFZ 1, L_0x560d7a7dd400, C4<0>, C4<0>, C4<0>;
L_0x560d7a995a90 .functor BUFZ 1, v0x560d7a909430_0, C4<0>, C4<0>, C4<0>;
L_0x560d7a995b30 .functor BUFZ 1, L_0x560d7a9b6e60, C4<0>, C4<0>, C4<0>;
L_0x560d7a995ba0 .functor BUFZ 1, v0x560d7a908bd0_0, C4<0>, C4<0>, C4<0>;
L_0x560d7a995c80 .udp UDP_ihp_mux2, L_0x560d7a995790, L_0x560d7a9959b0, L_0x560d7a995a20;
L_0x560d7a995dc0 .functor NOT 1, L_0x560d7a995b30, C4<0>, C4<0>, C4<0>;
L_0x560d7a995ed0 .functor NOT 1, L_0x560d7a995a90, C4<0>, C4<0>, C4<0>;
L_0x7f6fe5f77fe0 .functor BUFT 1, C4<0>, C4<0>, C4<0>, C4<0>;
L_0x560d7a995f90 .functor BUF 1, L_0x7f6fe5f77fe0, C4<0>, C4<0>, C4<0>;
L_0x560d7a996000 .udp UDP_ihp_dff_sr_1, v0x560d7a87f3b0_0, L_0x560d7a995ba0, L_0x560d7a995c80, L_0x560d7a995dc0, L_0x560d7a995ed0, L_0x560d7a995f90;
L_0x560d7a996200 .functor BUF 1, L_0x560d7a996000, C4<0>, C4<0>, C4<0>;
L_0x560d7a996440 .functor NOT 1, L_0x560d7a996000, C4<0>, C4<0>, C4<0>;
L_0x560d7a9964b0 .functor BUF 1, L_0x560d7a996440, C4<0>, C4<0>, C4<0>;
v0x560d7a87e3c0_0 .net "CLK", 0 0, v0x560d7a908bd0_0;  alias, 1 drivers
v0x560d7a87e480_0 .net "D", 0 0, L_0x560d7a9a9e50;  alias, 1 drivers
v0x560d7a87e540_0 .net "Q", 0 0, L_0x560d7a996200;  alias, 1 drivers
v0x560d7a87e630_0 .net "Q_N", 0 0, L_0x560d7a9964b0;  1 drivers
v0x560d7a87e6d0_0 .net "RESET_B", 0 0, v0x560d7a909430_0;  alias, 1 drivers
v0x560d7a87e7c0_0 .net "SCD", 0 0, L_0x560d7a996200;  alias, 1 drivers
v0x560d7a87e860_0 .net "SCE", 0 0, L_0x560d7a7dd400;  alias, 1 drivers
v0x560d7a87e900_0 .net "SET_B", 0 0, L_0x560d7a9b6e60;  alias, 1 drivers
v0x560d7a87e9a0_0 .net/2s *"_ivl_15", 0 0, L_0x7f6fe5f77fe0;  1 drivers
v0x560d7a87ea60_0 .net "delayed_CLK", 0 0, L_0x560d7a995ba0;  1 drivers
v0x560d7a87eb20_0 .net "delayed_D", 0 0, L_0x560d7a995790;  1 drivers
v0x560d7a87ebe0_0 .net "delayed_RESET_B", 0 0, L_0x560d7a995a90;  1 drivers
v0x560d7a87eca0_0 .net "delayed_SCD", 0 0, L_0x560d7a9959b0;  1 drivers
v0x560d7a87ed60_0 .net "delayed_SCE", 0 0, L_0x560d7a995a20;  1 drivers
v0x560d7a87ee20_0 .net "delayed_SET_B", 0 0, L_0x560d7a995b30;  1 drivers
v0x560d7a87eee0_0 .net "int_fwire_IQ", 0 0, L_0x560d7a996000;  1 drivers
v0x560d7a87efa0_0 .net "int_fwire_IQN", 0 0, L_0x560d7a996440;  1 drivers
v0x560d7a87f170_0 .net "int_fwire_d", 0 0, L_0x560d7a995c80;  1 drivers
v0x560d7a87f230_0 .net "int_fwire_r", 0 0, L_0x560d7a995ed0;  1 drivers
v0x560d7a87f2f0_0 .net "int_fwire_s", 0 0, L_0x560d7a995dc0;  1 drivers
v0x560d7a87f3b0_0 .var "notifier", 0 0;
v0x560d7a87f470_0 .net "xcr_0", 0 0, L_0x560d7a995f90;  1 drivers
S_0x560d7a87f630 .scope module, "_0942_" "sg13g2_hv_sdfbbp_1" 5 3423, 3 1964 1, S_0x560d7a760c50;
 .timescale -9 -11;
    .port_info 0 /OUTPUT 1 "Q";
    .port_info 1 /OUTPUT 1 "Q_N";
    .port_info 2 /INPUT 1 "CLK";
    .port_info 3 /INPUT 1 "D";
    .port_info 4 /INPUT 1 "RESET_B";
    .port_info 5 /INPUT 1 "SCD";
    .port_info 6 /INPUT 1 "SCE";
    .port_info 7 /INPUT 1 "SET_B";
L_0x560d7a9963d0 .functor BUFZ 1, L_0x560d7a953c70, C4<0>, C4<0>, C4<0>;
L_0x560d7a9965f0 .functor BUFZ 1, L_0x560d7a996e40, C4<0>, C4<0>, C4<0>;
L_0x560d7a996660 .functor BUFZ 1, L_0x560d7a921700, C4<0>, C4<0>, C4<0>;
L_0x560d7a9966d0 .functor BUFZ 1, v0x560d7a909430_0, C4<0>, C4<0>, C4<0>;
L_0x560d7a996770 .functor BUFZ 1, L_0x560d7a9b6f60, C4<0>, C4<0>, C4<0>;
L_0x560d7a9967e0 .functor BUFZ 1, v0x560d7a908bd0_0, C4<0>, C4<0>, C4<0>;
L_0x560d7a9968c0 .udp UDP_ihp_mux2, L_0x560d7a9963d0, L_0x560d7a9965f0, L_0x560d7a996660;
L_0x560d7a996a00 .functor NOT 1, L_0x560d7a996770, C4<0>, C4<0>, C4<0>;
L_0x560d7a996b10 .functor NOT 1, L_0x560d7a9966d0, C4<0>, C4<0>, C4<0>;
L_0x7f6fe5f78028 .functor BUFT 1, C4<0>, C4<0>, C4<0>, C4<0>;
L_0x560d7a996bd0 .functor BUF 1, L_0x7f6fe5f78028, C4<0>, C4<0>, C4<0>;
L_0x560d7a996c40 .udp UDP_ihp_dff_sr_1, v0x560d7a880960_0, L_0x560d7a9967e0, L_0x560d7a9968c0, L_0x560d7a996a00, L_0x560d7a996b10, L_0x560d7a996bd0;
L_0x560d7a996e40 .functor BUF 1, L_0x560d7a996c40, C4<0>, C4<0>, C4<0>;
L_0x560d7a997080 .functor NOT 1, L_0x560d7a996c40, C4<0>, C4<0>, C4<0>;
L_0x560d7a9970f0 .functor BUF 1, L_0x560d7a997080, C4<0>, C4<0>, C4<0>;
v0x560d7a87f920_0 .net "CLK", 0 0, v0x560d7a908bd0_0;  alias, 1 drivers
v0x560d7a87f9e0_0 .net "D", 0 0, L_0x560d7a953c70;  alias, 1 drivers
v0x560d7a87faa0_0 .net "Q", 0 0, L_0x560d7a996e40;  alias, 1 drivers
v0x560d7a87fb90_0 .net "Q_N", 0 0, L_0x560d7a9970f0;  1 drivers
v0x560d7a87fc30_0 .net "RESET_B", 0 0, v0x560d7a909430_0;  alias, 1 drivers
v0x560d7a87fd20_0 .net "SCD", 0 0, L_0x560d7a996e40;  alias, 1 drivers
v0x560d7a87fdc0_0 .net "SCE", 0 0, L_0x560d7a921700;  alias, 1 drivers
v0x560d7a87feb0_0 .net "SET_B", 0 0, L_0x560d7a9b6f60;  alias, 1 drivers
v0x560d7a87ff50_0 .net/2s *"_ivl_15", 0 0, L_0x7f6fe5f78028;  1 drivers
v0x560d7a880010_0 .net "delayed_CLK", 0 0, L_0x560d7a9967e0;  1 drivers
v0x560d7a8800d0_0 .net "delayed_D", 0 0, L_0x560d7a9963d0;  1 drivers
v0x560d7a880190_0 .net "delayed_RESET_B", 0 0, L_0x560d7a9966d0;  1 drivers
v0x560d7a880250_0 .net "delayed_SCD", 0 0, L_0x560d7a9965f0;  1 drivers
v0x560d7a880310_0 .net "delayed_SCE", 0 0, L_0x560d7a996660;  1 drivers
v0x560d7a8803d0_0 .net "delayed_SET_B", 0 0, L_0x560d7a996770;  1 drivers
v0x560d7a880490_0 .net "int_fwire_IQ", 0 0, L_0x560d7a996c40;  1 drivers
v0x560d7a880550_0 .net "int_fwire_IQN", 0 0, L_0x560d7a997080;  1 drivers
v0x560d7a880720_0 .net "int_fwire_d", 0 0, L_0x560d7a9968c0;  1 drivers
v0x560d7a8807e0_0 .net "int_fwire_r", 0 0, L_0x560d7a996b10;  1 drivers
v0x560d7a8808a0_0 .net "int_fwire_s", 0 0, L_0x560d7a996a00;  1 drivers
v0x560d7a880960_0 .var "notifier", 0 0;
v0x560d7a880a20_0 .net "xcr_0", 0 0, L_0x560d7a996bd0;  1 drivers
S_0x560d7a880be0 .scope module, "_0943_" "sg13g2_hv_sdfbbp_1" 5 3432, 3 1964 1, S_0x560d7a760c50;
 .timescale -9 -11;
    .port_info 0 /OUTPUT 1 "Q";
    .port_info 1 /OUTPUT 1 "Q_N";
    .port_info 2 /INPUT 1 "CLK";
    .port_info 3 /INPUT 1 "D";
    .port_info 4 /INPUT 1 "RESET_B";
    .port_info 5 /INPUT 1 "SCD";
    .port_info 6 /INPUT 1 "SCE";
    .port_info 7 /INPUT 1 "SET_B";
L_0x560d7a997010 .functor BUFZ 1, L_0x560d7a954830, C4<0>, C4<0>, C4<0>;
L_0x560d7a997230 .functor BUFZ 1, L_0x560d7a997ac0, C4<0>, C4<0>, C4<0>;
L_0x560d7a9972a0 .functor BUFZ 1, L_0x560d7a7dd4e0, C4<0>, C4<0>, C4<0>;
L_0x560d7a9973a0 .functor BUFZ 1, v0x560d7a909430_0, C4<0>, C4<0>, C4<0>;
L_0x560d7a997440 .functor BUFZ 1, L_0x560d7a9b7060, C4<0>, C4<0>, C4<0>;
L_0x560d7a9974b0 .functor BUFZ 1, v0x560d7a908bd0_0, C4<0>, C4<0>, C4<0>;
L_0x560d7a997590 .udp UDP_ihp_mux2, L_0x560d7a997010, L_0x560d7a997230, L_0x560d7a9972a0;
L_0x560d7a997680 .functor NOT 1, L_0x560d7a997440, C4<0>, C4<0>, C4<0>;
L_0x560d7a997790 .functor NOT 1, L_0x560d7a9973a0, C4<0>, C4<0>, C4<0>;
L_0x7f6fe5f78070 .functor BUFT 1, C4<0>, C4<0>, C4<0>, C4<0>;
L_0x560d7a997850 .functor BUF 1, L_0x7f6fe5f78070, C4<0>, C4<0>, C4<0>;
L_0x560d7a9978c0 .udp UDP_ihp_dff_sr_1, v0x560d7a881e70_0, L_0x560d7a9974b0, L_0x560d7a997590, L_0x560d7a997680, L_0x560d7a997790, L_0x560d7a997850;
L_0x560d7a997ac0 .functor BUF 1, L_0x560d7a9978c0, C4<0>, C4<0>, C4<0>;
L_0x560d7a997bf0 .functor NOT 1, L_0x560d7a9978c0, C4<0>, C4<0>, C4<0>;
L_0x560d7a997c60 .functor BUF 1, L_0x560d7a997bf0, C4<0>, C4<0>, C4<0>;
v0x560d7a880ed0_0 .net "CLK", 0 0, v0x560d7a908bd0_0;  alias, 1 drivers
v0x560d7a880f90_0 .net "D", 0 0, L_0x560d7a954830;  alias, 1 drivers
v0x560d7a881050_0 .net "Q", 0 0, L_0x560d7a997ac0;  alias, 1 drivers
v0x560d7a8810f0_0 .net "Q_N", 0 0, L_0x560d7a997c60;  1 drivers
v0x560d7a881190_0 .net "RESET_B", 0 0, v0x560d7a909430_0;  alias, 1 drivers
v0x560d7a881280_0 .net "SCD", 0 0, L_0x560d7a997ac0;  alias, 1 drivers
v0x560d7a881320_0 .net "SCE", 0 0, L_0x560d7a7dd4e0;  alias, 1 drivers
v0x560d7a8813c0_0 .net "SET_B", 0 0, L_0x560d7a9b7060;  alias, 1 drivers
v0x560d7a881460_0 .net/2s *"_ivl_15", 0 0, L_0x7f6fe5f78070;  1 drivers
v0x560d7a881520_0 .net "delayed_CLK", 0 0, L_0x560d7a9974b0;  1 drivers
v0x560d7a8815e0_0 .net "delayed_D", 0 0, L_0x560d7a997010;  1 drivers
v0x560d7a8816a0_0 .net "delayed_RESET_B", 0 0, L_0x560d7a9973a0;  1 drivers
v0x560d7a881760_0 .net "delayed_SCD", 0 0, L_0x560d7a997230;  1 drivers
v0x560d7a881820_0 .net "delayed_SCE", 0 0, L_0x560d7a9972a0;  1 drivers
v0x560d7a8818e0_0 .net "delayed_SET_B", 0 0, L_0x560d7a997440;  1 drivers
v0x560d7a8819a0_0 .net "int_fwire_IQ", 0 0, L_0x560d7a9978c0;  1 drivers
v0x560d7a881a60_0 .net "int_fwire_IQN", 0 0, L_0x560d7a997bf0;  1 drivers
v0x560d7a881c30_0 .net "int_fwire_d", 0 0, L_0x560d7a997590;  1 drivers
v0x560d7a881cf0_0 .net "int_fwire_r", 0 0, L_0x560d7a997790;  1 drivers
v0x560d7a881db0_0 .net "int_fwire_s", 0 0, L_0x560d7a997680;  1 drivers
v0x560d7a881e70_0 .var "notifier", 0 0;
v0x560d7a881f30_0 .net "xcr_0", 0 0, L_0x560d7a997850;  1 drivers
S_0x560d7a8820f0 .scope module, "_0944_" "sg13g2_hv_sdfbbp_1" 5 3441, 3 1964 1, S_0x560d7a760c50;
 .timescale -9 -11;
    .port_info 0 /OUTPUT 1 "Q";
    .port_info 1 /OUTPUT 1 "Q_N";
    .port_info 2 /INPUT 1 "CLK";
    .port_info 3 /INPUT 1 "D";
    .port_info 4 /INPUT 1 "RESET_B";
    .port_info 5 /INPUT 1 "SCD";
    .port_info 6 /INPUT 1 "SCE";
    .port_info 7 /INPUT 1 "SET_B";
L_0x560d7a997b80 .functor BUFZ 1, L_0x560d7a9a41b0, C4<0>, C4<0>, C4<0>;
L_0x560d7a997da0 .functor BUFZ 1, L_0x560d7a998680, C4<0>, C4<0>, C4<0>;
L_0x560d7a997e10 .functor BUFZ 1, L_0x560d7a946760, C4<0>, C4<0>, C4<0>;
L_0x560d7a997f10 .functor BUFZ 1, v0x560d7a909430_0, C4<0>, C4<0>, C4<0>;
L_0x560d7a997fb0 .functor BUFZ 1, L_0x560d7a9b9130, C4<0>, C4<0>, C4<0>;
L_0x560d7a998020 .functor BUFZ 1, v0x560d7a908bd0_0, C4<0>, C4<0>, C4<0>;
L_0x560d7a998100 .udp UDP_ihp_mux2, L_0x560d7a997b80, L_0x560d7a997da0, L_0x560d7a997e10;
L_0x560d7a998240 .functor NOT 1, L_0x560d7a997fb0, C4<0>, C4<0>, C4<0>;
L_0x560d7a998350 .functor NOT 1, L_0x560d7a997f10, C4<0>, C4<0>, C4<0>;
L_0x7f6fe5f780b8 .functor BUFT 1, C4<0>, C4<0>, C4<0>, C4<0>;
L_0x560d7a998410 .functor BUF 1, L_0x7f6fe5f780b8, C4<0>, C4<0>, C4<0>;
L_0x560d7a998480 .udp UDP_ihp_dff_sr_1, v0x560d7a8834e0_0, L_0x560d7a998020, L_0x560d7a998100, L_0x560d7a998240, L_0x560d7a998350, L_0x560d7a998410;
L_0x560d7a998680 .functor BUF 1, L_0x560d7a998480, C4<0>, C4<0>, C4<0>;
L_0x560d7a9987b0 .functor NOT 1, L_0x560d7a998480, C4<0>, C4<0>, C4<0>;
L_0x560d7a998820 .functor BUF 1, L_0x560d7a9987b0, C4<0>, C4<0>, C4<0>;
v0x560d7a8823e0_0 .net "CLK", 0 0, v0x560d7a908bd0_0;  alias, 1 drivers
v0x560d7a8824a0_0 .net "D", 0 0, L_0x560d7a9a41b0;  alias, 1 drivers
v0x560d7a8825b0_0 .net "Q", 0 0, L_0x560d7a998680;  alias, 1 drivers
v0x560d7a882760_0 .net "Q_N", 0 0, L_0x560d7a998820;  1 drivers
v0x560d7a882800_0 .net "RESET_B", 0 0, v0x560d7a909430_0;  alias, 1 drivers
v0x560d7a8828f0_0 .net "SCD", 0 0, L_0x560d7a998680;  alias, 1 drivers
v0x560d7a882990_0 .net "SCE", 0 0, L_0x560d7a946760;  alias, 1 drivers
v0x560d7a882a30_0 .net "SET_B", 0 0, L_0x560d7a9b9130;  alias, 1 drivers
v0x560d7a882ad0_0 .net/2s *"_ivl_15", 0 0, L_0x7f6fe5f780b8;  1 drivers
v0x560d7a882b90_0 .net "delayed_CLK", 0 0, L_0x560d7a998020;  1 drivers
v0x560d7a882c50_0 .net "delayed_D", 0 0, L_0x560d7a997b80;  1 drivers
v0x560d7a882d10_0 .net "delayed_RESET_B", 0 0, L_0x560d7a997f10;  1 drivers
v0x560d7a882dd0_0 .net "delayed_SCD", 0 0, L_0x560d7a997da0;  1 drivers
v0x560d7a882e90_0 .net "delayed_SCE", 0 0, L_0x560d7a997e10;  1 drivers
v0x560d7a882f50_0 .net "delayed_SET_B", 0 0, L_0x560d7a997fb0;  1 drivers
v0x560d7a883010_0 .net "int_fwire_IQ", 0 0, L_0x560d7a998480;  1 drivers
v0x560d7a8830d0_0 .net "int_fwire_IQN", 0 0, L_0x560d7a9987b0;  1 drivers
v0x560d7a8832a0_0 .net "int_fwire_d", 0 0, L_0x560d7a998100;  1 drivers
v0x560d7a883360_0 .net "int_fwire_r", 0 0, L_0x560d7a998350;  1 drivers
v0x560d7a883420_0 .net "int_fwire_s", 0 0, L_0x560d7a998240;  1 drivers
v0x560d7a8834e0_0 .var "notifier", 0 0;
v0x560d7a8835a0_0 .net "xcr_0", 0 0, L_0x560d7a998410;  1 drivers
S_0x560d7a883760 .scope module, "_0945_" "sg13g2_hv_sdfbbp_1" 5 3450, 3 1964 1, S_0x560d7a760c50;
 .timescale -9 -11;
    .port_info 0 /OUTPUT 1 "Q";
    .port_info 1 /OUTPUT 1 "Q_N";
    .port_info 2 /INPUT 1 "CLK";
    .port_info 3 /INPUT 1 "D";
    .port_info 4 /INPUT 1 "RESET_B";
    .port_info 5 /INPUT 1 "SCD";
    .port_info 6 /INPUT 1 "SCE";
    .port_info 7 /INPUT 1 "SET_B";
L_0x560d7a998740 .functor BUFZ 1, L_0x560d7a93a830, C4<0>, C4<0>, C4<0>;
L_0x560d7a9989f0 .functor BUFZ 1, L_0x560d7a999280, C4<0>, C4<0>, C4<0>;
L_0x560d7a998a60 .functor BUFZ 1, L_0x560d7a925760, C4<0>, C4<0>, C4<0>;
L_0x560d7a998b60 .functor BUFZ 1, v0x560d7a909430_0, C4<0>, C4<0>, C4<0>;
L_0x560d7a998c00 .functor BUFZ 1, L_0x560d7a9b7160, C4<0>, C4<0>, C4<0>;
L_0x560d7a998c70 .functor BUFZ 1, v0x560d7a908bd0_0, C4<0>, C4<0>, C4<0>;
L_0x560d7a998d50 .udp UDP_ihp_mux2, L_0x560d7a998740, L_0x560d7a9989f0, L_0x560d7a998a60;
L_0x560d7a998e40 .functor NOT 1, L_0x560d7a998c00, C4<0>, C4<0>, C4<0>;
L_0x560d7a998f50 .functor NOT 1, L_0x560d7a998b60, C4<0>, C4<0>, C4<0>;
L_0x7f6fe5f78100 .functor BUFT 1, C4<0>, C4<0>, C4<0>, C4<0>;
L_0x560d7a999010 .functor BUF 1, L_0x7f6fe5f78100, C4<0>, C4<0>, C4<0>;
L_0x560d7a999080 .udp UDP_ihp_dff_sr_1, v0x560d7a884ae0_0, L_0x560d7a998c70, L_0x560d7a998d50, L_0x560d7a998e40, L_0x560d7a998f50, L_0x560d7a999010;
L_0x560d7a999280 .functor BUF 1, L_0x560d7a999080, C4<0>, C4<0>, C4<0>;
L_0x560d7a9993b0 .functor NOT 1, L_0x560d7a999080, C4<0>, C4<0>, C4<0>;
L_0x560d7a999420 .functor BUF 1, L_0x560d7a9993b0, C4<0>, C4<0>, C4<0>;
v0x560d7a883a50_0 .net "CLK", 0 0, v0x560d7a908bd0_0;  alias, 1 drivers
v0x560d7a883b10_0 .net "D", 0 0, L_0x560d7a93a830;  alias, 1 drivers
v0x560d7a883bd0_0 .net "Q", 0 0, L_0x560d7a999280;  alias, 1 drivers
v0x560d7a883c70_0 .net "Q_N", 0 0, L_0x560d7a999420;  1 drivers
v0x560d7a883d10_0 .net "RESET_B", 0 0, v0x560d7a909430_0;  alias, 1 drivers
v0x560d7a883e00_0 .net "SCD", 0 0, L_0x560d7a999280;  alias, 1 drivers
v0x560d7a883fb0_0 .net "SCE", 0 0, L_0x560d7a925760;  alias, 1 drivers
v0x560d7a884050_0 .net "SET_B", 0 0, L_0x560d7a9b7160;  alias, 1 drivers
v0x560d7a8840f0_0 .net/2s *"_ivl_15", 0 0, L_0x7f6fe5f78100;  1 drivers
v0x560d7a884190_0 .net "delayed_CLK", 0 0, L_0x560d7a998c70;  1 drivers
v0x560d7a884250_0 .net "delayed_D", 0 0, L_0x560d7a998740;  1 drivers
v0x560d7a884310_0 .net "delayed_RESET_B", 0 0, L_0x560d7a998b60;  1 drivers
v0x560d7a8843d0_0 .net "delayed_SCD", 0 0, L_0x560d7a9989f0;  1 drivers
v0x560d7a884490_0 .net "delayed_SCE", 0 0, L_0x560d7a998a60;  1 drivers
v0x560d7a884550_0 .net "delayed_SET_B", 0 0, L_0x560d7a998c00;  1 drivers
v0x560d7a884610_0 .net "int_fwire_IQ", 0 0, L_0x560d7a999080;  1 drivers
v0x560d7a8846d0_0 .net "int_fwire_IQN", 0 0, L_0x560d7a9993b0;  1 drivers
v0x560d7a8848a0_0 .net "int_fwire_d", 0 0, L_0x560d7a998d50;  1 drivers
v0x560d7a884960_0 .net "int_fwire_r", 0 0, L_0x560d7a998f50;  1 drivers
v0x560d7a884a20_0 .net "int_fwire_s", 0 0, L_0x560d7a998e40;  1 drivers
v0x560d7a884ae0_0 .var "notifier", 0 0;
v0x560d7a884ba0_0 .net "xcr_0", 0 0, L_0x560d7a999010;  1 drivers
S_0x560d7a884d60 .scope module, "_0946_" "sg13g2_hv_sdfbbp_1" 5 3459, 3 1964 1, S_0x560d7a760c50;
 .timescale -9 -11;
    .port_info 0 /OUTPUT 1 "Q";
    .port_info 1 /OUTPUT 1 "Q_N";
    .port_info 2 /INPUT 1 "CLK";
    .port_info 3 /INPUT 1 "D";
    .port_info 4 /INPUT 1 "RESET_B";
    .port_info 5 /INPUT 1 "SCD";
    .port_info 6 /INPUT 1 "SCE";
    .port_info 7 /INPUT 1 "SET_B";
L_0x560d7a999340 .functor BUFZ 1, L_0x560d7a93b1a0, C4<0>, C4<0>, C4<0>;
L_0x560d7a9995f0 .functor BUFZ 1, L_0x560d7a999e80, C4<0>, C4<0>, C4<0>;
L_0x560d7a999660 .functor BUFZ 1, L_0x560d7a7dd590, C4<0>, C4<0>, C4<0>;
L_0x560d7a999760 .functor BUFZ 1, v0x560d7a909430_0, C4<0>, C4<0>, C4<0>;
L_0x560d7a999800 .functor BUFZ 1, L_0x560d7a9b7360, C4<0>, C4<0>, C4<0>;
L_0x560d7a999870 .functor BUFZ 1, v0x560d7a908bd0_0, C4<0>, C4<0>, C4<0>;
L_0x560d7a999950 .udp UDP_ihp_mux2, L_0x560d7a999340, L_0x560d7a9995f0, L_0x560d7a999660;
L_0x560d7a999a40 .functor NOT 1, L_0x560d7a999800, C4<0>, C4<0>, C4<0>;
L_0x560d7a999b50 .functor NOT 1, L_0x560d7a999760, C4<0>, C4<0>, C4<0>;
L_0x7f6fe5f78148 .functor BUFT 1, C4<0>, C4<0>, C4<0>, C4<0>;
L_0x560d7a999c10 .functor BUF 1, L_0x7f6fe5f78148, C4<0>, C4<0>, C4<0>;
L_0x560d7a999c80 .udp UDP_ihp_dff_sr_1, v0x560d7a885fd0_0, L_0x560d7a999870, L_0x560d7a999950, L_0x560d7a999a40, L_0x560d7a999b50, L_0x560d7a999c10;
L_0x560d7a999e80 .functor BUF 1, L_0x560d7a999c80, C4<0>, C4<0>, C4<0>;
L_0x560d7a999fb0 .functor NOT 1, L_0x560d7a999c80, C4<0>, C4<0>, C4<0>;
L_0x560d7a99a020 .functor BUF 1, L_0x560d7a999fb0, C4<0>, C4<0>, C4<0>;
v0x560d7a885050_0 .net "CLK", 0 0, v0x560d7a908bd0_0;  alias, 1 drivers
v0x560d7a885110_0 .net "D", 0 0, L_0x560d7a93b1a0;  alias, 1 drivers
v0x560d7a8851d0_0 .net "Q", 0 0, L_0x560d7a999e80;  alias, 1 drivers
v0x560d7a885270_0 .net "Q_N", 0 0, L_0x560d7a99a020;  1 drivers
v0x560d7a885310_0 .net "RESET_B", 0 0, v0x560d7a909430_0;  alias, 1 drivers
v0x560d7a885400_0 .net "SCD", 0 0, L_0x560d7a999e80;  alias, 1 drivers
v0x560d7a8854a0_0 .net "SCE", 0 0, L_0x560d7a7dd590;  alias, 1 drivers
v0x560d7a885540_0 .net "SET_B", 0 0, L_0x560d7a9b7360;  alias, 1 drivers
v0x560d7a8855e0_0 .net/2s *"_ivl_15", 0 0, L_0x7f6fe5f78148;  1 drivers
v0x560d7a885680_0 .net "delayed_CLK", 0 0, L_0x560d7a999870;  1 drivers
v0x560d7a885740_0 .net "delayed_D", 0 0, L_0x560d7a999340;  1 drivers
v0x560d7a885800_0 .net "delayed_RESET_B", 0 0, L_0x560d7a999760;  1 drivers
v0x560d7a8858c0_0 .net "delayed_SCD", 0 0, L_0x560d7a9995f0;  1 drivers
v0x560d7a885980_0 .net "delayed_SCE", 0 0, L_0x560d7a999660;  1 drivers
v0x560d7a885a40_0 .net "delayed_SET_B", 0 0, L_0x560d7a999800;  1 drivers
v0x560d7a885b00_0 .net "int_fwire_IQ", 0 0, L_0x560d7a999c80;  1 drivers
v0x560d7a885bc0_0 .net "int_fwire_IQN", 0 0, L_0x560d7a999fb0;  1 drivers
v0x560d7a885d90_0 .net "int_fwire_d", 0 0, L_0x560d7a999950;  1 drivers
v0x560d7a885e50_0 .net "int_fwire_r", 0 0, L_0x560d7a999b50;  1 drivers
v0x560d7a885f10_0 .net "int_fwire_s", 0 0, L_0x560d7a999a40;  1 drivers
v0x560d7a885fd0_0 .var "notifier", 0 0;
v0x560d7a886090_0 .net "xcr_0", 0 0, L_0x560d7a999c10;  1 drivers
S_0x560d7a886250 .scope module, "_0947_" "sg13g2_hv_sdfbbp_1" 5 3468, 3 1964 1, S_0x560d7a760c50;
 .timescale -9 -11;
    .port_info 0 /OUTPUT 1 "Q";
    .port_info 1 /OUTPUT 1 "Q_N";
    .port_info 2 /INPUT 1 "CLK";
    .port_info 3 /INPUT 1 "D";
    .port_info 4 /INPUT 1 "RESET_B";
    .port_info 5 /INPUT 1 "SCD";
    .port_info 6 /INPUT 1 "SCE";
    .port_info 7 /INPUT 1 "SET_B";
L_0x560d7a999f40 .functor BUFZ 1, L_0x560d7a93b870, C4<0>, C4<0>, C4<0>;
L_0x560d7a99a1f0 .functor BUFZ 1, L_0x560d7a99aa80, C4<0>, C4<0>, C4<0>;
L_0x560d7a99a260 .functor BUFZ 1, L_0x560d7a7dd640, C4<0>, C4<0>, C4<0>;
L_0x560d7a99a360 .functor BUFZ 1, v0x560d7a909430_0, C4<0>, C4<0>, C4<0>;
L_0x560d7a99a400 .functor BUFZ 1, L_0x560d7a9b7460, C4<0>, C4<0>, C4<0>;
L_0x560d7a99a470 .functor BUFZ 1, v0x560d7a908bd0_0, C4<0>, C4<0>, C4<0>;
L_0x560d7a99a550 .udp UDP_ihp_mux2, L_0x560d7a999f40, L_0x560d7a99a1f0, L_0x560d7a99a260;
L_0x560d7a99a640 .functor NOT 1, L_0x560d7a99a400, C4<0>, C4<0>, C4<0>;
L_0x560d7a99a750 .functor NOT 1, L_0x560d7a99a360, C4<0>, C4<0>, C4<0>;
L_0x7f6fe5f78190 .functor BUFT 1, C4<0>, C4<0>, C4<0>, C4<0>;
L_0x560d7a99a810 .functor BUF 1, L_0x7f6fe5f78190, C4<0>, C4<0>, C4<0>;
L_0x560d7a99a880 .udp UDP_ihp_dff_sr_1, v0x560d7a8874c0_0, L_0x560d7a99a470, L_0x560d7a99a550, L_0x560d7a99a640, L_0x560d7a99a750, L_0x560d7a99a810;
L_0x560d7a99aa80 .functor BUF 1, L_0x560d7a99a880, C4<0>, C4<0>, C4<0>;
L_0x560d7a99abb0 .functor NOT 1, L_0x560d7a99a880, C4<0>, C4<0>, C4<0>;
L_0x560d7a99ac20 .functor BUF 1, L_0x560d7a99abb0, C4<0>, C4<0>, C4<0>;
v0x560d7a886540_0 .net "CLK", 0 0, v0x560d7a908bd0_0;  alias, 1 drivers
v0x560d7a886600_0 .net "D", 0 0, L_0x560d7a93b870;  alias, 1 drivers
v0x560d7a8866c0_0 .net "Q", 0 0, L_0x560d7a99aa80;  alias, 1 drivers
v0x560d7a886760_0 .net "Q_N", 0 0, L_0x560d7a99ac20;  1 drivers
v0x560d7a886800_0 .net "RESET_B", 0 0, v0x560d7a909430_0;  alias, 1 drivers
v0x560d7a8868f0_0 .net "SCD", 0 0, L_0x560d7a99aa80;  alias, 1 drivers
v0x560d7a886990_0 .net "SCE", 0 0, L_0x560d7a7dd640;  alias, 1 drivers
v0x560d7a886a30_0 .net "SET_B", 0 0, L_0x560d7a9b7460;  alias, 1 drivers
v0x560d7a886ad0_0 .net/2s *"_ivl_15", 0 0, L_0x7f6fe5f78190;  1 drivers
v0x560d7a886b70_0 .net "delayed_CLK", 0 0, L_0x560d7a99a470;  1 drivers
v0x560d7a886c30_0 .net "delayed_D", 0 0, L_0x560d7a999f40;  1 drivers
v0x560d7a886cf0_0 .net "delayed_RESET_B", 0 0, L_0x560d7a99a360;  1 drivers
v0x560d7a886db0_0 .net "delayed_SCD", 0 0, L_0x560d7a99a1f0;  1 drivers
v0x560d7a886e70_0 .net "delayed_SCE", 0 0, L_0x560d7a99a260;  1 drivers
v0x560d7a886f30_0 .net "delayed_SET_B", 0 0, L_0x560d7a99a400;  1 drivers
v0x560d7a886ff0_0 .net "int_fwire_IQ", 0 0, L_0x560d7a99a880;  1 drivers
v0x560d7a8870b0_0 .net "int_fwire_IQN", 0 0, L_0x560d7a99abb0;  1 drivers
v0x560d7a887280_0 .net "int_fwire_d", 0 0, L_0x560d7a99a550;  1 drivers
v0x560d7a887340_0 .net "int_fwire_r", 0 0, L_0x560d7a99a750;  1 drivers
v0x560d7a887400_0 .net "int_fwire_s", 0 0, L_0x560d7a99a640;  1 drivers
v0x560d7a8874c0_0 .var "notifier", 0 0;
v0x560d7a887580_0 .net "xcr_0", 0 0, L_0x560d7a99a810;  1 drivers
S_0x560d7a887740 .scope module, "_0948_" "sg13g2_hv_sdfbbp_1" 5 3477, 3 1964 1, S_0x560d7a760c50;
 .timescale -9 -11;
    .port_info 0 /OUTPUT 1 "Q";
    .port_info 1 /OUTPUT 1 "Q_N";
    .port_info 2 /INPUT 1 "CLK";
    .port_info 3 /INPUT 1 "D";
    .port_info 4 /INPUT 1 "RESET_B";
    .port_info 5 /INPUT 1 "SCD";
    .port_info 6 /INPUT 1 "SCE";
    .port_info 7 /INPUT 1 "SET_B";
L_0x560d7a99ab40 .functor BUFZ 1, L_0x560d7a93c0d0, C4<0>, C4<0>, C4<0>;
L_0x560d7a99adf0 .functor BUFZ 1, L_0x560d7a99b680, C4<0>, C4<0>, C4<0>;
L_0x560d7a99ae60 .functor BUFZ 1, L_0x560d7a945150, C4<0>, C4<0>, C4<0>;
L_0x560d7a99af60 .functor BUFZ 1, v0x560d7a909430_0, C4<0>, C4<0>, C4<0>;
L_0x560d7a99b000 .functor BUFZ 1, L_0x560d7a9b7560, C4<0>, C4<0>, C4<0>;
L_0x560d7a99b070 .functor BUFZ 1, v0x560d7a908bd0_0, C4<0>, C4<0>, C4<0>;
L_0x560d7a99b150 .udp UDP_ihp_mux2, L_0x560d7a99ab40, L_0x560d7a99adf0, L_0x560d7a99ae60;
L_0x560d7a99b240 .functor NOT 1, L_0x560d7a99b000, C4<0>, C4<0>, C4<0>;
L_0x560d7a99b350 .functor NOT 1, L_0x560d7a99af60, C4<0>, C4<0>, C4<0>;
L_0x7f6fe5f781d8 .functor BUFT 1, C4<0>, C4<0>, C4<0>, C4<0>;
L_0x560d7a99b410 .functor BUF 1, L_0x7f6fe5f781d8, C4<0>, C4<0>, C4<0>;
L_0x560d7a99b480 .udp UDP_ihp_dff_sr_1, v0x560d7a888a10_0, L_0x560d7a99b070, L_0x560d7a99b150, L_0x560d7a99b240, L_0x560d7a99b350, L_0x560d7a99b410;
L_0x560d7a99b680 .functor BUF 1, L_0x560d7a99b480, C4<0>, C4<0>, C4<0>;
L_0x560d7a99b7b0 .functor NOT 1, L_0x560d7a99b480, C4<0>, C4<0>, C4<0>;
L_0x560d7a99b820 .functor BUF 1, L_0x560d7a99b7b0, C4<0>, C4<0>, C4<0>;
v0x560d7a887a30_0 .net "CLK", 0 0, v0x560d7a908bd0_0;  alias, 1 drivers
v0x560d7a887af0_0 .net "D", 0 0, L_0x560d7a93c0d0;  alias, 1 drivers
v0x560d7a887be0_0 .net "Q", 0 0, L_0x560d7a99b680;  alias, 1 drivers
v0x560d7a887cb0_0 .net "Q_N", 0 0, L_0x560d7a99b820;  1 drivers
v0x560d7a887d50_0 .net "RESET_B", 0 0, v0x560d7a909430_0;  alias, 1 drivers
v0x560d7a887e40_0 .net "SCD", 0 0, L_0x560d7a99b680;  alias, 1 drivers
v0x560d7a887ee0_0 .net "SCE", 0 0, L_0x560d7a945150;  alias, 1 drivers
v0x560d7a887f80_0 .net "SET_B", 0 0, L_0x560d7a9b7560;  alias, 1 drivers
v0x560d7a888020_0 .net/2s *"_ivl_15", 0 0, L_0x7f6fe5f781d8;  1 drivers
v0x560d7a8880c0_0 .net "delayed_CLK", 0 0, L_0x560d7a99b070;  1 drivers
v0x560d7a888180_0 .net "delayed_D", 0 0, L_0x560d7a99ab40;  1 drivers
v0x560d7a888240_0 .net "delayed_RESET_B", 0 0, L_0x560d7a99af60;  1 drivers
v0x560d7a888300_0 .net "delayed_SCD", 0 0, L_0x560d7a99adf0;  1 drivers
v0x560d7a8883c0_0 .net "delayed_SCE", 0 0, L_0x560d7a99ae60;  1 drivers
v0x560d7a888480_0 .net "delayed_SET_B", 0 0, L_0x560d7a99b000;  1 drivers
v0x560d7a888540_0 .net "int_fwire_IQ", 0 0, L_0x560d7a99b480;  1 drivers
v0x560d7a888600_0 .net "int_fwire_IQN", 0 0, L_0x560d7a99b7b0;  1 drivers
v0x560d7a8887d0_0 .net "int_fwire_d", 0 0, L_0x560d7a99b150;  1 drivers
v0x560d7a888890_0 .net "int_fwire_r", 0 0, L_0x560d7a99b350;  1 drivers
v0x560d7a888950_0 .net "int_fwire_s", 0 0, L_0x560d7a99b240;  1 drivers
v0x560d7a888a10_0 .var "notifier", 0 0;
v0x560d7a888ad0_0 .net "xcr_0", 0 0, L_0x560d7a99b410;  1 drivers
S_0x560d7a888c90 .scope module, "_0949_" "sg13g2_hv_sdfbbp_1" 5 3486, 3 1964 1, S_0x560d7a760c50;
 .timescale -9 -11;
    .port_info 0 /OUTPUT 1 "Q";
    .port_info 1 /OUTPUT 1 "Q_N";
    .port_info 2 /INPUT 1 "CLK";
    .port_info 3 /INPUT 1 "D";
    .port_info 4 /INPUT 1 "RESET_B";
    .port_info 5 /INPUT 1 "SCD";
    .port_info 6 /INPUT 1 "SCE";
    .port_info 7 /INPUT 1 "SET_B";
L_0x560d7a99b740 .functor BUFZ 1, L_0x560d7a9524f0, C4<0>, C4<0>, C4<0>;
L_0x560d7a99b9f0 .functor BUFZ 1, L_0x560d7a99c280, C4<0>, C4<0>, C4<0>;
L_0x560d7a99ba60 .functor BUFZ 1, L_0x560d7a947070, C4<0>, C4<0>, C4<0>;
L_0x560d7a99bb60 .functor BUFZ 1, v0x560d7a909430_0, C4<0>, C4<0>, C4<0>;
L_0x560d7a99bc00 .functor BUFZ 1, L_0x560d7a9b78b0, C4<0>, C4<0>, C4<0>;
L_0x560d7a99bc70 .functor BUFZ 1, v0x560d7a908bd0_0, C4<0>, C4<0>, C4<0>;
L_0x560d7a99bd50 .udp UDP_ihp_mux2, L_0x560d7a99b740, L_0x560d7a99b9f0, L_0x560d7a99ba60;
L_0x560d7a99be40 .functor NOT 1, L_0x560d7a99bc00, C4<0>, C4<0>, C4<0>;
L_0x560d7a99bf50 .functor NOT 1, L_0x560d7a99bb60, C4<0>, C4<0>, C4<0>;
L_0x7f6fe5f78220 .functor BUFT 1, C4<0>, C4<0>, C4<0>, C4<0>;
L_0x560d7a99c010 .functor BUF 1, L_0x7f6fe5f78220, C4<0>, C4<0>, C4<0>;
L_0x560d7a99c080 .udp UDP_ihp_dff_sr_1, v0x560d7a889fc0_0, L_0x560d7a99bc70, L_0x560d7a99bd50, L_0x560d7a99be40, L_0x560d7a99bf50, L_0x560d7a99c010;
L_0x560d7a99c280 .functor BUF 1, L_0x560d7a99c080, C4<0>, C4<0>, C4<0>;
L_0x560d7a99c4c0 .functor NOT 1, L_0x560d7a99c080, C4<0>, C4<0>, C4<0>;
L_0x560d7a99c530 .functor BUF 1, L_0x560d7a99c4c0, C4<0>, C4<0>, C4<0>;
v0x560d7a888f80_0 .net "CLK", 0 0, v0x560d7a908bd0_0;  alias, 1 drivers
v0x560d7a889040_0 .net "D", 0 0, L_0x560d7a9524f0;  alias, 1 drivers
v0x560d7a889130_0 .net "Q", 0 0, L_0x560d7a99c280;  alias, 1 drivers
v0x560d7a889230_0 .net "Q_N", 0 0, L_0x560d7a99c530;  1 drivers
v0x560d7a8892d0_0 .net "RESET_B", 0 0, v0x560d7a909430_0;  alias, 1 drivers
v0x560d7a8893c0_0 .net "SCD", 0 0, L_0x560d7a99c280;  alias, 1 drivers
v0x560d7a8894b0_0 .net "SCE", 0 0, L_0x560d7a947070;  alias, 1 drivers
v0x560d7a889550_0 .net "SET_B", 0 0, L_0x560d7a9b78b0;  alias, 1 drivers
v0x560d7a8895f0_0 .net/2s *"_ivl_15", 0 0, L_0x7f6fe5f78220;  1 drivers
v0x560d7a889690_0 .net "delayed_CLK", 0 0, L_0x560d7a99bc70;  1 drivers
v0x560d7a889730_0 .net "delayed_D", 0 0, L_0x560d7a99b740;  1 drivers
v0x560d7a8897f0_0 .net "delayed_RESET_B", 0 0, L_0x560d7a99bb60;  1 drivers
v0x560d7a8898b0_0 .net "delayed_SCD", 0 0, L_0x560d7a99b9f0;  1 drivers
v0x560d7a889970_0 .net "delayed_SCE", 0 0, L_0x560d7a99ba60;  1 drivers
v0x560d7a889a30_0 .net "delayed_SET_B", 0 0, L_0x560d7a99bc00;  1 drivers
v0x560d7a889af0_0 .net "int_fwire_IQ", 0 0, L_0x560d7a99c080;  1 drivers
v0x560d7a889bb0_0 .net "int_fwire_IQN", 0 0, L_0x560d7a99c4c0;  1 drivers
v0x560d7a889d80_0 .net "int_fwire_d", 0 0, L_0x560d7a99bd50;  1 drivers
v0x560d7a889e40_0 .net "int_fwire_r", 0 0, L_0x560d7a99bf50;  1 drivers
v0x560d7a889f00_0 .net "int_fwire_s", 0 0, L_0x560d7a99be40;  1 drivers
v0x560d7a889fc0_0 .var "notifier", 0 0;
v0x560d7a88a080_0 .net "xcr_0", 0 0, L_0x560d7a99c010;  1 drivers
S_0x560d7a88a240 .scope module, "_0950_" "sg13g2_hv_sdfbbp_1" 5 3495, 3 1964 1, S_0x560d7a760c50;
 .timescale -9 -11;
    .port_info 0 /OUTPUT 1 "Q";
    .port_info 1 /OUTPUT 1 "Q_N";
    .port_info 2 /INPUT 1 "CLK";
    .port_info 3 /INPUT 1 "D";
    .port_info 4 /INPUT 1 "RESET_B";
    .port_info 5 /INPUT 1 "SCD";
    .port_info 6 /INPUT 1 "SCE";
    .port_info 7 /INPUT 1 "SET_B";
L_0x560d7a99c450 .functor BUFZ 1, L_0x560d7a99c280, C4<0>, C4<0>, C4<0>;
L_0x560d7a99c670 .functor BUFZ 1, L_0x560d7a8a02b0, C4<0>, C4<0>, C4<0>;
L_0x560d7a99c6e0 .functor BUFZ 1, L_0x560d7a946f00, C4<0>, C4<0>, C4<0>;
L_0x560d7a99c750 .functor BUFZ 1, v0x560d7a909430_0, C4<0>, C4<0>, C4<0>;
L_0x560d7a89fbb0 .functor BUFZ 1, L_0x560d7a9b79b0, C4<0>, C4<0>, C4<0>;
L_0x560d7a89fc20 .functor BUFZ 1, v0x560d7a908bd0_0, C4<0>, C4<0>, C4<0>;
L_0x560d7a89fcd0 .udp UDP_ihp_mux2, L_0x560d7a99c450, L_0x560d7a99c670, L_0x560d7a99c6e0;
L_0x560d7a89fe10 .functor NOT 1, L_0x560d7a89fbb0, C4<0>, C4<0>, C4<0>;
L_0x560d7a89ff20 .functor NOT 1, L_0x560d7a99c750, C4<0>, C4<0>, C4<0>;
L_0x7f6fe5f78268 .functor BUFT 1, C4<0>, C4<0>, C4<0>, C4<0>;
L_0x560d7a89ffe0 .functor BUF 1, L_0x7f6fe5f78268, C4<0>, C4<0>, C4<0>;
L_0x560d7a8a00b0 .udp UDP_ihp_dff_sr_1, v0x560d7a88b530_0, L_0x560d7a89fc20, L_0x560d7a89fcd0, L_0x560d7a89fe10, L_0x560d7a89ff20, L_0x560d7a89ffe0;
L_0x560d7a8a02b0 .functor BUF 1, L_0x560d7a8a00b0, C4<0>, C4<0>, C4<0>;
L_0x560d7a8a04f0 .functor NOT 1, L_0x560d7a8a00b0, C4<0>, C4<0>, C4<0>;
L_0x560d7a8a0560 .functor BUF 1, L_0x560d7a8a04f0, C4<0>, C4<0>, C4<0>;
v0x560d7a88a530_0 .net "CLK", 0 0, v0x560d7a908bd0_0;  alias, 1 drivers
v0x560d7a88a5f0_0 .net "D", 0 0, L_0x560d7a99c280;  alias, 1 drivers
v0x560d7a88a6b0_0 .net "Q", 0 0, L_0x560d7a8a02b0;  alias, 1 drivers
v0x560d7a88a780_0 .net "Q_N", 0 0, L_0x560d7a8a0560;  1 drivers
v0x560d7a88a820_0 .net "RESET_B", 0 0, v0x560d7a909430_0;  alias, 1 drivers
v0x560d7a88a910_0 .net "SCD", 0 0, L_0x560d7a8a02b0;  alias, 1 drivers
v0x560d7a88aa00_0 .net "SCE", 0 0, L_0x560d7a946f00;  alias, 1 drivers
v0x560d7a88aaa0_0 .net "SET_B", 0 0, L_0x560d7a9b79b0;  alias, 1 drivers
v0x560d7a88ab40_0 .net/2s *"_ivl_15", 0 0, L_0x7f6fe5f78268;  1 drivers
v0x560d7a88abe0_0 .net "delayed_CLK", 0 0, L_0x560d7a89fc20;  1 drivers
v0x560d7a88aca0_0 .net "delayed_D", 0 0, L_0x560d7a99c450;  1 drivers
v0x560d7a88ad60_0 .net "delayed_RESET_B", 0 0, L_0x560d7a99c750;  1 drivers
v0x560d7a88ae20_0 .net "delayed_SCD", 0 0, L_0x560d7a99c670;  1 drivers
v0x560d7a88aee0_0 .net "delayed_SCE", 0 0, L_0x560d7a99c6e0;  1 drivers
v0x560d7a88afa0_0 .net "delayed_SET_B", 0 0, L_0x560d7a89fbb0;  1 drivers
v0x560d7a88b060_0 .net "int_fwire_IQ", 0 0, L_0x560d7a8a00b0;  1 drivers
v0x560d7a88b120_0 .net "int_fwire_IQN", 0 0, L_0x560d7a8a04f0;  1 drivers
v0x560d7a88b2f0_0 .net "int_fwire_d", 0 0, L_0x560d7a89fcd0;  1 drivers
v0x560d7a88b3b0_0 .net "int_fwire_r", 0 0, L_0x560d7a89ff20;  1 drivers
v0x560d7a88b470_0 .net "int_fwire_s", 0 0, L_0x560d7a89fe10;  1 drivers
v0x560d7a88b530_0 .var "notifier", 0 0;
v0x560d7a88b5f0_0 .net "xcr_0", 0 0, L_0x560d7a89ffe0;  1 drivers
S_0x560d7a88b7b0 .scope module, "_0951_" "sg13g2_hv_sdfbbp_1" 5 3504, 3 1964 1, S_0x560d7a760c50;
 .timescale -9 -11;
    .port_info 0 /OUTPUT 1 "Q";
    .port_info 1 /OUTPUT 1 "Q_N";
    .port_info 2 /INPUT 1 "CLK";
    .port_info 3 /INPUT 1 "D";
    .port_info 4 /INPUT 1 "RESET_B";
    .port_info 5 /INPUT 1 "SCD";
    .port_info 6 /INPUT 1 "SCE";
    .port_info 7 /INPUT 1 "SET_B";
L_0x560d7a8a0480 .functor BUFZ 1, L_0x560d7a8a02b0, C4<0>, C4<0>, C4<0>;
L_0x560d7a8a06a0 .functor BUFZ 1, L_0x560d7a89eed0, C4<0>, C4<0>, C4<0>;
L_0x560d7a8a0710 .functor BUFZ 1, L_0x560d7a946d90, C4<0>, C4<0>, C4<0>;
L_0x560d7a8a0780 .functor BUFZ 1, v0x560d7a909430_0, C4<0>, C4<0>, C4<0>;
L_0x560d7a8a0820 .functor BUFZ 1, L_0x560d7a9b7ab0, C4<0>, C4<0>, C4<0>;
L_0x560d7a8a0890 .functor BUFZ 1, v0x560d7a908bd0_0, C4<0>, C4<0>, C4<0>;
L_0x560d7a8a0970 .udp UDP_ihp_mux2, L_0x560d7a8a0480, L_0x560d7a8a06a0, L_0x560d7a8a0710;
L_0x560d7a8a0ab0 .functor NOT 1, L_0x560d7a8a0820, C4<0>, C4<0>, C4<0>;
L_0x560d7a89eba0 .functor NOT 1, L_0x560d7a8a0780, C4<0>, C4<0>, C4<0>;
L_0x7f6fe5f782b0 .functor BUFT 1, C4<0>, C4<0>, C4<0>, C4<0>;
L_0x560d7a89ec60 .functor BUF 1, L_0x7f6fe5f782b0, C4<0>, C4<0>, C4<0>;
L_0x560d7a89ecd0 .udp UDP_ihp_dff_sr_1, v0x560d7a88caa0_0, L_0x560d7a8a0890, L_0x560d7a8a0970, L_0x560d7a8a0ab0, L_0x560d7a89eba0, L_0x560d7a89ec60;
L_0x560d7a89eed0 .functor BUF 1, L_0x560d7a89ecd0, C4<0>, C4<0>, C4<0>;
L_0x560d7a89f110 .functor NOT 1, L_0x560d7a89ecd0, C4<0>, C4<0>, C4<0>;
L_0x560d7a89f180 .functor BUF 1, L_0x560d7a89f110, C4<0>, C4<0>, C4<0>;
v0x560d7a88baa0_0 .net "CLK", 0 0, v0x560d7a908bd0_0;  alias, 1 drivers
v0x560d7a88bb60_0 .net "D", 0 0, L_0x560d7a8a02b0;  alias, 1 drivers
v0x560d7a88bc20_0 .net "Q", 0 0, L_0x560d7a89eed0;  alias, 1 drivers
v0x560d7a88bcf0_0 .net "Q_N", 0 0, L_0x560d7a89f180;  1 drivers
v0x560d7a88bd90_0 .net "RESET_B", 0 0, v0x560d7a909430_0;  alias, 1 drivers
v0x560d7a88be80_0 .net "SCD", 0 0, L_0x560d7a89eed0;  alias, 1 drivers
v0x560d7a88bf70_0 .net "SCE", 0 0, L_0x560d7a946d90;  alias, 1 drivers
v0x560d7a88c010_0 .net "SET_B", 0 0, L_0x560d7a9b7ab0;  alias, 1 drivers
v0x560d7a88c0b0_0 .net/2s *"_ivl_15", 0 0, L_0x7f6fe5f782b0;  1 drivers
v0x560d7a88c150_0 .net "delayed_CLK", 0 0, L_0x560d7a8a0890;  1 drivers
v0x560d7a88c210_0 .net "delayed_D", 0 0, L_0x560d7a8a0480;  1 drivers
v0x560d7a88c2d0_0 .net "delayed_RESET_B", 0 0, L_0x560d7a8a0780;  1 drivers
v0x560d7a88c390_0 .net "delayed_SCD", 0 0, L_0x560d7a8a06a0;  1 drivers
v0x560d7a88c450_0 .net "delayed_SCE", 0 0, L_0x560d7a8a0710;  1 drivers
v0x560d7a88c510_0 .net "delayed_SET_B", 0 0, L_0x560d7a8a0820;  1 drivers
v0x560d7a88c5d0_0 .net "int_fwire_IQ", 0 0, L_0x560d7a89ecd0;  1 drivers
v0x560d7a88c690_0 .net "int_fwire_IQN", 0 0, L_0x560d7a89f110;  1 drivers
v0x560d7a88c860_0 .net "int_fwire_d", 0 0, L_0x560d7a8a0970;  1 drivers
v0x560d7a88c920_0 .net "int_fwire_r", 0 0, L_0x560d7a89eba0;  1 drivers
v0x560d7a88c9e0_0 .net "int_fwire_s", 0 0, L_0x560d7a8a0ab0;  1 drivers
v0x560d7a88caa0_0 .var "notifier", 0 0;
v0x560d7a88cb60_0 .net "xcr_0", 0 0, L_0x560d7a89ec60;  1 drivers
S_0x560d7a88cd20 .scope module, "_0952_" "sg13g2_hv_sdfbbp_1" 5 3513, 3 1964 1, S_0x560d7a760c50;
 .timescale -9 -11;
    .port_info 0 /OUTPUT 1 "Q";
    .port_info 1 /OUTPUT 1 "Q_N";
    .port_info 2 /INPUT 1 "CLK";
    .port_info 3 /INPUT 1 "D";
    .port_info 4 /INPUT 1 "RESET_B";
    .port_info 5 /INPUT 1 "SCD";
    .port_info 6 /INPUT 1 "SCE";
    .port_info 7 /INPUT 1 "SET_B";
L_0x560d7a89f0a0 .functor BUFZ 1, L_0x560d7a89eed0, C4<0>, C4<0>, C4<0>;
L_0x560d7a89f2c0 .functor BUFZ 1, L_0x560d7a89fb10, C4<0>, C4<0>, C4<0>;
L_0x560d7a89f330 .functor BUFZ 1, L_0x560d7a946c20, C4<0>, C4<0>, C4<0>;
L_0x560d7a89f3a0 .functor BUFZ 1, v0x560d7a909430_0, C4<0>, C4<0>, C4<0>;
L_0x560d7a89f440 .functor BUFZ 1, L_0x560d7a9b7bb0, C4<0>, C4<0>, C4<0>;
L_0x560d7a89f4b0 .functor BUFZ 1, v0x560d7a908bd0_0, C4<0>, C4<0>, C4<0>;
L_0x560d7a89f590 .udp UDP_ihp_mux2, L_0x560d7a89f0a0, L_0x560d7a89f2c0, L_0x560d7a89f330;
L_0x560d7a89f6d0 .functor NOT 1, L_0x560d7a89f440, C4<0>, C4<0>, C4<0>;
L_0x560d7a89f7e0 .functor NOT 1, L_0x560d7a89f3a0, C4<0>, C4<0>, C4<0>;
L_0x7f6fe5f782f8 .functor BUFT 1, C4<0>, C4<0>, C4<0>, C4<0>;
L_0x560d7a89f8a0 .functor BUF 1, L_0x7f6fe5f782f8, C4<0>, C4<0>, C4<0>;
L_0x560d7a89f910 .udp UDP_ihp_dff_sr_1, v0x560d7a88e010_0, L_0x560d7a89f4b0, L_0x560d7a89f590, L_0x560d7a89f6d0, L_0x560d7a89f7e0, L_0x560d7a89f8a0;
L_0x560d7a89fb10 .functor BUF 1, L_0x560d7a89f910, C4<0>, C4<0>, C4<0>;
L_0x560d7a9a09b0 .functor NOT 1, L_0x560d7a89f910, C4<0>, C4<0>, C4<0>;
L_0x560d7a9a0a20 .functor BUF 1, L_0x560d7a9a09b0, C4<0>, C4<0>, C4<0>;
v0x560d7a88d010_0 .net "CLK", 0 0, v0x560d7a908bd0_0;  alias, 1 drivers
v0x560d7a88d0d0_0 .net "D", 0 0, L_0x560d7a89eed0;  alias, 1 drivers
v0x560d7a88d190_0 .net "Q", 0 0, L_0x560d7a89fb10;  alias, 1 drivers
v0x560d7a88d260_0 .net "Q_N", 0 0, L_0x560d7a9a0a20;  1 drivers
v0x560d7a88d300_0 .net "RESET_B", 0 0, v0x560d7a909430_0;  alias, 1 drivers
v0x560d7a88d3f0_0 .net "SCD", 0 0, L_0x560d7a89fb10;  alias, 1 drivers
v0x560d7a88d4e0_0 .net "SCE", 0 0, L_0x560d7a946c20;  alias, 1 drivers
v0x560d7a88d580_0 .net "SET_B", 0 0, L_0x560d7a9b7bb0;  alias, 1 drivers
v0x560d7a88d620_0 .net/2s *"_ivl_15", 0 0, L_0x7f6fe5f782f8;  1 drivers
v0x560d7a88d6c0_0 .net "delayed_CLK", 0 0, L_0x560d7a89f4b0;  1 drivers
v0x560d7a88d780_0 .net "delayed_D", 0 0, L_0x560d7a89f0a0;  1 drivers
v0x560d7a88d840_0 .net "delayed_RESET_B", 0 0, L_0x560d7a89f3a0;  1 drivers
v0x560d7a88d900_0 .net "delayed_SCD", 0 0, L_0x560d7a89f2c0;  1 drivers
v0x560d7a88d9c0_0 .net "delayed_SCE", 0 0, L_0x560d7a89f330;  1 drivers
v0x560d7a88da80_0 .net "delayed_SET_B", 0 0, L_0x560d7a89f440;  1 drivers
v0x560d7a88db40_0 .net "int_fwire_IQ", 0 0, L_0x560d7a89f910;  1 drivers
v0x560d7a88dc00_0 .net "int_fwire_IQN", 0 0, L_0x560d7a9a09b0;  1 drivers
v0x560d7a88ddd0_0 .net "int_fwire_d", 0 0, L_0x560d7a89f590;  1 drivers
v0x560d7a88de90_0 .net "int_fwire_r", 0 0, L_0x560d7a89f7e0;  1 drivers
v0x560d7a88df50_0 .net "int_fwire_s", 0 0, L_0x560d7a89f6d0;  1 drivers
v0x560d7a88e010_0 .var "notifier", 0 0;
v0x560d7a88e0d0_0 .net "xcr_0", 0 0, L_0x560d7a89f8a0;  1 drivers
S_0x560d7a88e290 .scope module, "_0953_" "sg13g2_hv_sdfbbp_1" 5 3522, 3 1964 1, S_0x560d7a760c50;
 .timescale -9 -11;
    .port_info 0 /OUTPUT 1 "Q";
    .port_info 1 /OUTPUT 1 "Q_N";
    .port_info 2 /INPUT 1 "CLK";
    .port_info 3 /INPUT 1 "D";
    .port_info 4 /INPUT 1 "RESET_B";
    .port_info 5 /INPUT 1 "SCD";
    .port_info 6 /INPUT 1 "SCE";
    .port_info 7 /INPUT 1 "SET_B";
L_0x560d7a9a0940 .functor BUFZ 1, L_0x560d7a89fb10, C4<0>, C4<0>, C4<0>;
L_0x560d7a9a0b60 .functor BUFZ 1, L_0x560d7a9a1380, C4<0>, C4<0>, C4<0>;
L_0x560d7a9a0bd0 .functor BUFZ 1, L_0x560d7a10bba0, C4<0>, C4<0>, C4<0>;
L_0x560d7a9a0c40 .functor BUFZ 1, v0x560d7a909430_0, C4<0>, C4<0>, C4<0>;
L_0x560d7a9a0cb0 .functor BUFZ 1, L_0x560d7a9b7cb0, C4<0>, C4<0>, C4<0>;
L_0x560d7a9a0d20 .functor BUFZ 1, v0x560d7a908bd0_0, C4<0>, C4<0>, C4<0>;
L_0x560d7a9a0e00 .udp UDP_ihp_mux2, L_0x560d7a9a0940, L_0x560d7a9a0b60, L_0x560d7a9a0bd0;
L_0x560d7a9a0f40 .functor NOT 1, L_0x560d7a9a0cb0, C4<0>, C4<0>, C4<0>;
L_0x560d7a9a1050 .functor NOT 1, L_0x560d7a9a0c40, C4<0>, C4<0>, C4<0>;
L_0x7f6fe5f78340 .functor BUFT 1, C4<0>, C4<0>, C4<0>, C4<0>;
L_0x560d7a9a1110 .functor BUF 1, L_0x7f6fe5f78340, C4<0>, C4<0>, C4<0>;
L_0x560d7a9a1180 .udp UDP_ihp_dff_sr_1, v0x560d7a88f580_0, L_0x560d7a9a0d20, L_0x560d7a9a0e00, L_0x560d7a9a0f40, L_0x560d7a9a1050, L_0x560d7a9a1110;
L_0x560d7a9a1380 .functor BUF 1, L_0x560d7a9a1180, C4<0>, C4<0>, C4<0>;
L_0x560d7a9a15c0 .functor NOT 1, L_0x560d7a9a1180, C4<0>, C4<0>, C4<0>;
L_0x560d7a9a1630 .functor BUF 1, L_0x560d7a9a15c0, C4<0>, C4<0>, C4<0>;
v0x560d7a88e580_0 .net "CLK", 0 0, v0x560d7a908bd0_0;  alias, 1 drivers
v0x560d7a88e640_0 .net "D", 0 0, L_0x560d7a89fb10;  alias, 1 drivers
v0x560d7a88e700_0 .net "Q", 0 0, L_0x560d7a9a1380;  alias, 1 drivers
v0x560d7a88e7d0_0 .net "Q_N", 0 0, L_0x560d7a9a1630;  1 drivers
v0x560d7a88e870_0 .net "RESET_B", 0 0, v0x560d7a909430_0;  alias, 1 drivers
v0x560d7a88e960_0 .net "SCD", 0 0, L_0x560d7a9a1380;  alias, 1 drivers
v0x560d7a88ea50_0 .net "SCE", 0 0, L_0x560d7a10bba0;  alias, 1 drivers
v0x560d7a88eaf0_0 .net "SET_B", 0 0, L_0x560d7a9b7cb0;  alias, 1 drivers
v0x560d7a88eb90_0 .net/2s *"_ivl_15", 0 0, L_0x7f6fe5f78340;  1 drivers
v0x560d7a88ec30_0 .net "delayed_CLK", 0 0, L_0x560d7a9a0d20;  1 drivers
v0x560d7a88ecf0_0 .net "delayed_D", 0 0, L_0x560d7a9a0940;  1 drivers
v0x560d7a88edb0_0 .net "delayed_RESET_B", 0 0, L_0x560d7a9a0c40;  1 drivers
v0x560d7a88ee70_0 .net "delayed_SCD", 0 0, L_0x560d7a9a0b60;  1 drivers
v0x560d7a88ef30_0 .net "delayed_SCE", 0 0, L_0x560d7a9a0bd0;  1 drivers
v0x560d7a88eff0_0 .net "delayed_SET_B", 0 0, L_0x560d7a9a0cb0;  1 drivers
v0x560d7a88f0b0_0 .net "int_fwire_IQ", 0 0, L_0x560d7a9a1180;  1 drivers
v0x560d7a88f170_0 .net "int_fwire_IQN", 0 0, L_0x560d7a9a15c0;  1 drivers
v0x560d7a88f340_0 .net "int_fwire_d", 0 0, L_0x560d7a9a0e00;  1 drivers
v0x560d7a88f400_0 .net "int_fwire_r", 0 0, L_0x560d7a9a1050;  1 drivers
v0x560d7a88f4c0_0 .net "int_fwire_s", 0 0, L_0x560d7a9a0f40;  1 drivers
v0x560d7a88f580_0 .var "notifier", 0 0;
v0x560d7a88f640_0 .net "xcr_0", 0 0, L_0x560d7a9a1110;  1 drivers
S_0x560d7a88f800 .scope module, "_0954_" "sg13g2_hv_sdfbbp_1" 5 3531, 3 1964 1, S_0x560d7a760c50;
 .timescale -9 -11;
    .port_info 0 /OUTPUT 1 "Q";
    .port_info 1 /OUTPUT 1 "Q_N";
    .port_info 2 /INPUT 1 "CLK";
    .port_info 3 /INPUT 1 "D";
    .port_info 4 /INPUT 1 "RESET_B";
    .port_info 5 /INPUT 1 "SCD";
    .port_info 6 /INPUT 1 "SCE";
    .port_info 7 /INPUT 1 "SET_B";
L_0x560d7a9a1550 .functor BUFZ 1, L_0x560d7a9a1380, C4<0>, C4<0>, C4<0>;
L_0x560d7a9a1770 .functor BUFZ 1, L_0x560d7a9a2010, C4<0>, C4<0>, C4<0>;
L_0x560d7a9a17e0 .functor BUFZ 1, L_0x560d7a946a40, C4<0>, C4<0>, C4<0>;
L_0x560d7a9a1850 .functor BUFZ 1, v0x560d7a909430_0, C4<0>, C4<0>, C4<0>;
L_0x560d7a9a18f0 .functor BUFZ 1, L_0x560d7a9b7db0, C4<0>, C4<0>, C4<0>;
L_0x560d7a9a1960 .functor BUFZ 1, v0x560d7a908bd0_0, C4<0>, C4<0>, C4<0>;
L_0x560d7a9a1a40 .udp UDP_ihp_mux2, L_0x560d7a9a1550, L_0x560d7a9a1770, L_0x560d7a9a17e0;
L_0x560d7a9a1bd0 .functor NOT 1, L_0x560d7a9a18f0, C4<0>, C4<0>, C4<0>;
L_0x560d7a9a1ce0 .functor NOT 1, L_0x560d7a9a1850, C4<0>, C4<0>, C4<0>;
L_0x7f6fe5f78388 .functor BUFT 1, C4<0>, C4<0>, C4<0>, C4<0>;
L_0x560d7a9a1da0 .functor BUF 1, L_0x7f6fe5f78388, C4<0>, C4<0>, C4<0>;
L_0x560d7a9a1e10 .udp UDP_ihp_dff_sr_1, v0x560d7a890af0_0, L_0x560d7a9a1960, L_0x560d7a9a1a40, L_0x560d7a9a1bd0, L_0x560d7a9a1ce0, L_0x560d7a9a1da0;
L_0x560d7a9a2010 .functor BUF 1, L_0x560d7a9a1e10, C4<0>, C4<0>, C4<0>;
L_0x560d7a9a2250 .functor NOT 1, L_0x560d7a9a1e10, C4<0>, C4<0>, C4<0>;
L_0x560d7a9a22c0 .functor BUF 1, L_0x560d7a9a2250, C4<0>, C4<0>, C4<0>;
v0x560d7a88faf0_0 .net "CLK", 0 0, v0x560d7a908bd0_0;  alias, 1 drivers
v0x560d7a88fbb0_0 .net "D", 0 0, L_0x560d7a9a1380;  alias, 1 drivers
v0x560d7a88fc70_0 .net "Q", 0 0, L_0x560d7a9a2010;  alias, 1 drivers
v0x560d7a88fd40_0 .net "Q_N", 0 0, L_0x560d7a9a22c0;  1 drivers
v0x560d7a88fde0_0 .net "RESET_B", 0 0, v0x560d7a909430_0;  alias, 1 drivers
v0x560d7a88fed0_0 .net "SCD", 0 0, L_0x560d7a9a2010;  alias, 1 drivers
v0x560d7a88ffc0_0 .net "SCE", 0 0, L_0x560d7a946a40;  alias, 1 drivers
v0x560d7a890060_0 .net "SET_B", 0 0, L_0x560d7a9b7db0;  alias, 1 drivers
v0x560d7a890100_0 .net/2s *"_ivl_15", 0 0, L_0x7f6fe5f78388;  1 drivers
v0x560d7a8901a0_0 .net "delayed_CLK", 0 0, L_0x560d7a9a1960;  1 drivers
v0x560d7a890260_0 .net "delayed_D", 0 0, L_0x560d7a9a1550;  1 drivers
v0x560d7a890320_0 .net "delayed_RESET_B", 0 0, L_0x560d7a9a1850;  1 drivers
v0x560d7a8903e0_0 .net "delayed_SCD", 0 0, L_0x560d7a9a1770;  1 drivers
v0x560d7a8904a0_0 .net "delayed_SCE", 0 0, L_0x560d7a9a17e0;  1 drivers
v0x560d7a890560_0 .net "delayed_SET_B", 0 0, L_0x560d7a9a18f0;  1 drivers
v0x560d7a890620_0 .net "int_fwire_IQ", 0 0, L_0x560d7a9a1e10;  1 drivers
v0x560d7a8906e0_0 .net "int_fwire_IQN", 0 0, L_0x560d7a9a2250;  1 drivers
v0x560d7a8908b0_0 .net "int_fwire_d", 0 0, L_0x560d7a9a1a40;  1 drivers
v0x560d7a890970_0 .net "int_fwire_r", 0 0, L_0x560d7a9a1ce0;  1 drivers
v0x560d7a890a30_0 .net "int_fwire_s", 0 0, L_0x560d7a9a1bd0;  1 drivers
v0x560d7a890af0_0 .var "notifier", 0 0;
v0x560d7a890bb0_0 .net "xcr_0", 0 0, L_0x560d7a9a1da0;  1 drivers
S_0x560d7a890d70 .scope module, "_0955_" "sg13g2_hv_sdfbbp_1" 5 3540, 3 1964 1, S_0x560d7a760c50;
 .timescale -9 -11;
    .port_info 0 /OUTPUT 1 "Q";
    .port_info 1 /OUTPUT 1 "Q_N";
    .port_info 2 /INPUT 1 "CLK";
    .port_info 3 /INPUT 1 "D";
    .port_info 4 /INPUT 1 "RESET_B";
    .port_info 5 /INPUT 1 "SCD";
    .port_info 6 /INPUT 1 "SCE";
    .port_info 7 /INPUT 1 "SET_B";
L_0x560d7a9a21e0 .functor BUFZ 1, L_0x560d7a9a2010, C4<0>, C4<0>, C4<0>;
L_0x560d7a9a2400 .functor BUFZ 1, L_0x560d7a9a2ca0, C4<0>, C4<0>, C4<0>;
L_0x560d7a9a2470 .functor BUFZ 1, L_0x560d7a9468d0, C4<0>, C4<0>, C4<0>;
L_0x560d7a9a24e0 .functor BUFZ 1, v0x560d7a909430_0, C4<0>, C4<0>, C4<0>;
L_0x560d7a9a2580 .functor BUFZ 1, L_0x560d7a9b7eb0, C4<0>, C4<0>, C4<0>;
L_0x560d7a9a25f0 .functor BUFZ 1, v0x560d7a908bd0_0, C4<0>, C4<0>, C4<0>;
L_0x560d7a9a26d0 .udp UDP_ihp_mux2, L_0x560d7a9a21e0, L_0x560d7a9a2400, L_0x560d7a9a2470;
L_0x560d7a9a2860 .functor NOT 1, L_0x560d7a9a2580, C4<0>, C4<0>, C4<0>;
L_0x560d7a9a2970 .functor NOT 1, L_0x560d7a9a24e0, C4<0>, C4<0>, C4<0>;
L_0x7f6fe5f783d0 .functor BUFT 1, C4<0>, C4<0>, C4<0>, C4<0>;
L_0x560d7a9a2a30 .functor BUF 1, L_0x7f6fe5f783d0, C4<0>, C4<0>, C4<0>;
L_0x560d7a9a2aa0 .udp UDP_ihp_dff_sr_1, v0x560d7a892060_0, L_0x560d7a9a25f0, L_0x560d7a9a26d0, L_0x560d7a9a2860, L_0x560d7a9a2970, L_0x560d7a9a2a30;
L_0x560d7a9a2ca0 .functor BUF 1, L_0x560d7a9a2aa0, C4<0>, C4<0>, C4<0>;
L_0x560d7a9a2ee0 .functor NOT 1, L_0x560d7a9a2aa0, C4<0>, C4<0>, C4<0>;
L_0x560d7a9a2f50 .functor BUF 1, L_0x560d7a9a2ee0, C4<0>, C4<0>, C4<0>;
v0x560d7a891060_0 .net "CLK", 0 0, v0x560d7a908bd0_0;  alias, 1 drivers
v0x560d7a891120_0 .net "D", 0 0, L_0x560d7a9a2010;  alias, 1 drivers
v0x560d7a8911e0_0 .net "Q", 0 0, L_0x560d7a9a2ca0;  alias, 1 drivers
v0x560d7a8912b0_0 .net "Q_N", 0 0, L_0x560d7a9a2f50;  1 drivers
v0x560d7a891350_0 .net "RESET_B", 0 0, v0x560d7a909430_0;  alias, 1 drivers
v0x560d7a891440_0 .net "SCD", 0 0, L_0x560d7a9a2ca0;  alias, 1 drivers
v0x560d7a891530_0 .net "SCE", 0 0, L_0x560d7a9468d0;  alias, 1 drivers
v0x560d7a8915d0_0 .net "SET_B", 0 0, L_0x560d7a9b7eb0;  alias, 1 drivers
v0x560d7a891670_0 .net/2s *"_ivl_15", 0 0, L_0x7f6fe5f783d0;  1 drivers
v0x560d7a891710_0 .net "delayed_CLK", 0 0, L_0x560d7a9a25f0;  1 drivers
v0x560d7a8917d0_0 .net "delayed_D", 0 0, L_0x560d7a9a21e0;  1 drivers
v0x560d7a891890_0 .net "delayed_RESET_B", 0 0, L_0x560d7a9a24e0;  1 drivers
v0x560d7a891950_0 .net "delayed_SCD", 0 0, L_0x560d7a9a2400;  1 drivers
v0x560d7a891a10_0 .net "delayed_SCE", 0 0, L_0x560d7a9a2470;  1 drivers
v0x560d7a891ad0_0 .net "delayed_SET_B", 0 0, L_0x560d7a9a2580;  1 drivers
v0x560d7a891b90_0 .net "int_fwire_IQ", 0 0, L_0x560d7a9a2aa0;  1 drivers
v0x560d7a891c50_0 .net "int_fwire_IQN", 0 0, L_0x560d7a9a2ee0;  1 drivers
v0x560d7a891e20_0 .net "int_fwire_d", 0 0, L_0x560d7a9a26d0;  1 drivers
v0x560d7a891ee0_0 .net "int_fwire_r", 0 0, L_0x560d7a9a2970;  1 drivers
v0x560d7a891fa0_0 .net "int_fwire_s", 0 0, L_0x560d7a9a2860;  1 drivers
v0x560d7a892060_0 .var "notifier", 0 0;
v0x560d7a892120_0 .net "xcr_0", 0 0, L_0x560d7a9a2a30;  1 drivers
S_0x560d7a8922e0 .scope module, "_0956_" "sg13g2_hv_sdfbbp_1" 5 3549, 3 1964 1, S_0x560d7a760c50;
 .timescale -9 -11;
    .port_info 0 /OUTPUT 1 "Q";
    .port_info 1 /OUTPUT 1 "Q_N";
    .port_info 2 /INPUT 1 "CLK";
    .port_info 3 /INPUT 1 "D";
    .port_info 4 /INPUT 1 "RESET_B";
    .port_info 5 /INPUT 1 "SCD";
    .port_info 6 /INPUT 1 "SCE";
    .port_info 7 /INPUT 1 "SET_B";
L_0x560d7a9a2e70 .functor BUFZ 1, L_0x560d7a9a2ca0, C4<0>, C4<0>, C4<0>;
L_0x560d7a9a3090 .functor BUFZ 1, L_0x560d7a9a41b0, C4<0>, C4<0>, C4<0>;
L_0x560d7a9a3100 .functor BUFZ 1, L_0x560d7a926160, C4<0>, C4<0>, C4<0>;
L_0x560d7a9a3280 .functor BUFZ 1, v0x560d7a909430_0, C4<0>, C4<0>, C4<0>;
L_0x560d7a9a3320 .functor BUFZ 1, L_0x560d7a9b7260, C4<0>, C4<0>, C4<0>;
L_0x560d7a9a3390 .functor BUFZ 1, v0x560d7a908bd0_0, C4<0>, C4<0>, C4<0>;
L_0x560d7a9a3470 .udp UDP_ihp_mux2, L_0x560d7a9a2e70, L_0x560d7a9a3090, L_0x560d7a9a3100;
L_0x560d7a9a3600 .functor NOT 1, L_0x560d7a9a3320, C4<0>, C4<0>, C4<0>;
L_0x560d7a9a3710 .functor NOT 1, L_0x560d7a9a3280, C4<0>, C4<0>, C4<0>;
L_0x7f6fe5f78418 .functor BUFT 1, C4<0>, C4<0>, C4<0>, C4<0>;
L_0x560d7a9a37d0 .functor BUF 1, L_0x7f6fe5f78418, C4<0>, C4<0>, C4<0>;
L_0x560d7a9a4050 .udp UDP_ihp_dff_sr_1, v0x560d7a893590_0, L_0x560d7a9a3390, L_0x560d7a9a3470, L_0x560d7a9a3600, L_0x560d7a9a3710, L_0x560d7a9a37d0;
L_0x560d7a9a41b0 .functor BUF 1, L_0x560d7a9a4050, C4<0>, C4<0>, C4<0>;
L_0x560d7a9a42e0 .functor NOT 1, L_0x560d7a9a4050, C4<0>, C4<0>, C4<0>;
L_0x560d7a9a4350 .functor BUF 1, L_0x560d7a9a42e0, C4<0>, C4<0>, C4<0>;
v0x560d7a8925d0_0 .net "CLK", 0 0, v0x560d7a908bd0_0;  alias, 1 drivers
v0x560d7a892690_0 .net "D", 0 0, L_0x560d7a9a2ca0;  alias, 1 drivers
v0x560d7a892750_0 .net "Q", 0 0, L_0x560d7a9a41b0;  alias, 1 drivers
v0x560d7a8927f0_0 .net "Q_N", 0 0, L_0x560d7a9a4350;  1 drivers
v0x560d7a892890_0 .net "RESET_B", 0 0, v0x560d7a909430_0;  alias, 1 drivers
v0x560d7a892980_0 .net "SCD", 0 0, L_0x560d7a9a41b0;  alias, 1 drivers
v0x560d7a892a20_0 .net "SCE", 0 0, L_0x560d7a926160;  alias, 1 drivers
v0x560d7a892ac0_0 .net "SET_B", 0 0, L_0x560d7a9b7260;  alias, 1 drivers
v0x560d7a892b60_0 .net/2s *"_ivl_15", 0 0, L_0x7f6fe5f78418;  1 drivers
v0x560d7a892c40_0 .net "delayed_CLK", 0 0, L_0x560d7a9a3390;  1 drivers
v0x560d7a892d00_0 .net "delayed_D", 0 0, L_0x560d7a9a2e70;  1 drivers
v0x560d7a892dc0_0 .net "delayed_RESET_B", 0 0, L_0x560d7a9a3280;  1 drivers
v0x560d7a892e80_0 .net "delayed_SCD", 0 0, L_0x560d7a9a3090;  1 drivers
v0x560d7a892f40_0 .net "delayed_SCE", 0 0, L_0x560d7a9a3100;  1 drivers
v0x560d7a893000_0 .net "delayed_SET_B", 0 0, L_0x560d7a9a3320;  1 drivers
v0x560d7a8930c0_0 .net "int_fwire_IQ", 0 0, L_0x560d7a9a4050;  1 drivers
v0x560d7a893180_0 .net "int_fwire_IQN", 0 0, L_0x560d7a9a42e0;  1 drivers
v0x560d7a893350_0 .net "int_fwire_d", 0 0, L_0x560d7a9a3470;  1 drivers
v0x560d7a893410_0 .net "int_fwire_r", 0 0, L_0x560d7a9a3710;  1 drivers
v0x560d7a8934d0_0 .net "int_fwire_s", 0 0, L_0x560d7a9a3600;  1 drivers
v0x560d7a893590_0 .var "notifier", 0 0;
v0x560d7a893650_0 .net "xcr_0", 0 0, L_0x560d7a9a37d0;  1 drivers
S_0x560d7a893810 .scope module, "_0957_" "sg13g2_hv_sdfbbp_1" 5 3558, 3 1964 1, S_0x560d7a760c50;
 .timescale -9 -11;
    .port_info 0 /OUTPUT 1 "Q";
    .port_info 1 /OUTPUT 1 "Q_N";
    .port_info 2 /INPUT 1 "CLK";
    .port_info 3 /INPUT 1 "D";
    .port_info 4 /INPUT 1 "RESET_B";
    .port_info 5 /INPUT 1 "SCD";
    .port_info 6 /INPUT 1 "SCE";
    .port_info 7 /INPUT 1 "SET_B";
L_0x560d7a9a4270 .functor BUFZ 1, L_0x560d7a99c280, C4<0>, C4<0>, C4<0>;
L_0x560d7a9a4490 .functor BUFZ 1, L_0x560d7a9a4d30, C4<0>, C4<0>, C4<0>;
L_0x560d7a9a4500 .functor BUFZ 1, L_0x560d7a925a10, C4<0>, C4<0>, C4<0>;
L_0x560d7a9a4570 .functor BUFZ 1, v0x560d7a909430_0, C4<0>, C4<0>, C4<0>;
L_0x560d7a9a4610 .functor BUFZ 1, L_0x560d7a9b76b0, C4<0>, C4<0>, C4<0>;
L_0x560d7a9a4680 .functor BUFZ 1, v0x560d7a908bd0_0, C4<0>, C4<0>, C4<0>;
L_0x560d7a9a4760 .udp UDP_ihp_mux2, L_0x560d7a9a4270, L_0x560d7a9a4490, L_0x560d7a9a4500;
L_0x560d7a9a48f0 .functor NOT 1, L_0x560d7a9a4610, C4<0>, C4<0>, C4<0>;
L_0x560d7a9a4a00 .functor NOT 1, L_0x560d7a9a4570, C4<0>, C4<0>, C4<0>;
L_0x7f6fe5f78460 .functor BUFT 1, C4<0>, C4<0>, C4<0>, C4<0>;
L_0x560d7a9a4ac0 .functor BUF 1, L_0x7f6fe5f78460, C4<0>, C4<0>, C4<0>;
L_0x560d7a9a4b30 .udp UDP_ihp_dff_sr_1, v0x560d7a894b80_0, L_0x560d7a9a4680, L_0x560d7a9a4760, L_0x560d7a9a48f0, L_0x560d7a9a4a00, L_0x560d7a9a4ac0;
L_0x560d7a9a4d30 .functor BUF 1, L_0x560d7a9a4b30, C4<0>, C4<0>, C4<0>;
L_0x560d7a9a4e60 .functor NOT 1, L_0x560d7a9a4b30, C4<0>, C4<0>, C4<0>;
L_0x560d7a9a4ed0 .functor BUF 1, L_0x560d7a9a4e60, C4<0>, C4<0>, C4<0>;
v0x560d7a893ab0_0 .net "CLK", 0 0, v0x560d7a908bd0_0;  alias, 1 drivers
v0x560d7a893b70_0 .net "D", 0 0, L_0x560d7a99c280;  alias, 1 drivers
v0x560d7a893c30_0 .net "Q", 0 0, L_0x560d7a9a4d30;  alias, 1 drivers
v0x560d7a893de0_0 .net "Q_N", 0 0, L_0x560d7a9a4ed0;  1 drivers
v0x560d7a893e80_0 .net "RESET_B", 0 0, v0x560d7a909430_0;  alias, 1 drivers
v0x560d7a893f20_0 .net "SCD", 0 0, L_0x560d7a9a4d30;  alias, 1 drivers
v0x560d7a893fc0_0 .net "SCE", 0 0, L_0x560d7a925a10;  alias, 1 drivers
v0x560d7a8940b0_0 .net "SET_B", 0 0, L_0x560d7a9b76b0;  alias, 1 drivers
v0x560d7a894150_0 .net/2s *"_ivl_15", 0 0, L_0x7f6fe5f78460;  1 drivers
v0x560d7a894230_0 .net "delayed_CLK", 0 0, L_0x560d7a9a4680;  1 drivers
v0x560d7a8942f0_0 .net "delayed_D", 0 0, L_0x560d7a9a4270;  1 drivers
v0x560d7a8943b0_0 .net "delayed_RESET_B", 0 0, L_0x560d7a9a4570;  1 drivers
v0x560d7a894470_0 .net "delayed_SCD", 0 0, L_0x560d7a9a4490;  1 drivers
v0x560d7a894530_0 .net "delayed_SCE", 0 0, L_0x560d7a9a4500;  1 drivers
v0x560d7a8945f0_0 .net "delayed_SET_B", 0 0, L_0x560d7a9a4610;  1 drivers
v0x560d7a8946b0_0 .net "int_fwire_IQ", 0 0, L_0x560d7a9a4b30;  1 drivers
v0x560d7a894770_0 .net "int_fwire_IQN", 0 0, L_0x560d7a9a4e60;  1 drivers
v0x560d7a894940_0 .net "int_fwire_d", 0 0, L_0x560d7a9a4760;  1 drivers
v0x560d7a894a00_0 .net "int_fwire_r", 0 0, L_0x560d7a9a4a00;  1 drivers
v0x560d7a894ac0_0 .net "int_fwire_s", 0 0, L_0x560d7a9a48f0;  1 drivers
v0x560d7a894b80_0 .var "notifier", 0 0;
v0x560d7a894c40_0 .net "xcr_0", 0 0, L_0x560d7a9a4ac0;  1 drivers
S_0x560d7a894e00 .scope module, "_0958_" "sg13g2_hv_sdfbbp_1" 5 3567, 3 1964 1, S_0x560d7a760c50;
 .timescale -9 -11;
    .port_info 0 /OUTPUT 1 "Q";
    .port_info 1 /OUTPUT 1 "Q_N";
    .port_info 2 /INPUT 1 "CLK";
    .port_info 3 /INPUT 1 "D";
    .port_info 4 /INPUT 1 "RESET_B";
    .port_info 5 /INPUT 1 "SCD";
    .port_info 6 /INPUT 1 "SCE";
    .port_info 7 /INPUT 1 "SET_B";
L_0x560d7a9a4df0 .functor BUFZ 1, L_0x560d7a8a02b0, C4<0>, C4<0>, C4<0>;
L_0x560d7a9a5010 .functor BUFZ 1, L_0x560d7a9a5860, C4<0>, C4<0>, C4<0>;
L_0x560d7a9a5080 .functor BUFZ 1, L_0x560d7a945380, C4<0>, C4<0>, C4<0>;
L_0x560d7a9a50f0 .functor BUFZ 1, v0x560d7a909430_0, C4<0>, C4<0>, C4<0>;
L_0x560d7a9a5190 .functor BUFZ 1, L_0x560d7a9b7fb0, C4<0>, C4<0>, C4<0>;
L_0x560d7a9a5200 .functor BUFZ 1, v0x560d7a908bd0_0, C4<0>, C4<0>, C4<0>;
L_0x560d7a9a52e0 .udp UDP_ihp_mux2, L_0x560d7a9a4df0, L_0x560d7a9a5010, L_0x560d7a9a5080;
L_0x560d7a9a5420 .functor NOT 1, L_0x560d7a9a5190, C4<0>, C4<0>, C4<0>;
L_0x560d7a9a5530 .functor NOT 1, L_0x560d7a9a50f0, C4<0>, C4<0>, C4<0>;
L_0x7f6fe5f784a8 .functor BUFT 1, C4<0>, C4<0>, C4<0>, C4<0>;
L_0x560d7a9a55f0 .functor BUF 1, L_0x7f6fe5f784a8, C4<0>, C4<0>, C4<0>;
L_0x560d7a9a5660 .udp UDP_ihp_dff_sr_1, v0x560d7a896150_0, L_0x560d7a9a5200, L_0x560d7a9a52e0, L_0x560d7a9a5420, L_0x560d7a9a5530, L_0x560d7a9a55f0;
L_0x560d7a9a5860 .functor BUF 1, L_0x560d7a9a5660, C4<0>, C4<0>, C4<0>;
L_0x560d7a9a5990 .functor NOT 1, L_0x560d7a9a5660, C4<0>, C4<0>, C4<0>;
L_0x560d7a9a5a00 .functor BUF 1, L_0x560d7a9a5990, C4<0>, C4<0>, C4<0>;
v0x560d7a8950f0_0 .net "CLK", 0 0, v0x560d7a908bd0_0;  alias, 1 drivers
v0x560d7a8951b0_0 .net "D", 0 0, L_0x560d7a8a02b0;  alias, 1 drivers
v0x560d7a895270_0 .net "Q", 0 0, L_0x560d7a9a5860;  alias, 1 drivers
v0x560d7a895420_0 .net "Q_N", 0 0, L_0x560d7a9a5a00;  1 drivers
v0x560d7a8954c0_0 .net "RESET_B", 0 0, v0x560d7a909430_0;  alias, 1 drivers
v0x560d7a895560_0 .net "SCD", 0 0, L_0x560d7a9a5860;  alias, 1 drivers
v0x560d7a895600_0 .net "SCE", 0 0, L_0x560d7a945380;  alias, 1 drivers
v0x560d7a8956a0_0 .net "SET_B", 0 0, L_0x560d7a9b7fb0;  alias, 1 drivers
v0x560d7a895740_0 .net/2s *"_ivl_15", 0 0, L_0x7f6fe5f784a8;  1 drivers
v0x560d7a895800_0 .net "delayed_CLK", 0 0, L_0x560d7a9a5200;  1 drivers
v0x560d7a8958c0_0 .net "delayed_D", 0 0, L_0x560d7a9a4df0;  1 drivers
v0x560d7a895980_0 .net "delayed_RESET_B", 0 0, L_0x560d7a9a50f0;  1 drivers
v0x560d7a895a40_0 .net "delayed_SCD", 0 0, L_0x560d7a9a5010;  1 drivers
v0x560d7a895b00_0 .net "delayed_SCE", 0 0, L_0x560d7a9a5080;  1 drivers
v0x560d7a895bc0_0 .net "delayed_SET_B", 0 0, L_0x560d7a9a5190;  1 drivers
v0x560d7a895c80_0 .net "int_fwire_IQ", 0 0, L_0x560d7a9a5660;  1 drivers
v0x560d7a895d40_0 .net "int_fwire_IQN", 0 0, L_0x560d7a9a5990;  1 drivers
v0x560d7a895f10_0 .net "int_fwire_d", 0 0, L_0x560d7a9a52e0;  1 drivers
v0x560d7a895fd0_0 .net "int_fwire_r", 0 0, L_0x560d7a9a5530;  1 drivers
v0x560d7a896090_0 .net "int_fwire_s", 0 0, L_0x560d7a9a5420;  1 drivers
v0x560d7a896150_0 .var "notifier", 0 0;
v0x560d7a896210_0 .net "xcr_0", 0 0, L_0x560d7a9a55f0;  1 drivers
S_0x560d7a8963d0 .scope module, "_0959_" "sg13g2_hv_sdfbbp_1" 5 3576, 3 1964 1, S_0x560d7a760c50;
 .timescale -9 -11;
    .port_info 0 /OUTPUT 1 "Q";
    .port_info 1 /OUTPUT 1 "Q_N";
    .port_info 2 /INPUT 1 "CLK";
    .port_info 3 /INPUT 1 "D";
    .port_info 4 /INPUT 1 "RESET_B";
    .port_info 5 /INPUT 1 "SCD";
    .port_info 6 /INPUT 1 "SCE";
    .port_info 7 /INPUT 1 "SET_B";
L_0x560d7a9a5920 .functor BUFZ 1, L_0x560d7a89eed0, C4<0>, C4<0>, C4<0>;
L_0x560d7a9a5b40 .functor BUFZ 1, L_0x560d7a9a6390, C4<0>, C4<0>, C4<0>;
L_0x560d7a9a5bb0 .functor BUFZ 1, L_0x560d7a9455b0, C4<0>, C4<0>, C4<0>;
L_0x560d7a9a5c20 .functor BUFZ 1, v0x560d7a909430_0, C4<0>, C4<0>, C4<0>;
L_0x560d7a9a5cc0 .functor BUFZ 1, L_0x560d7a9b80b0, C4<0>, C4<0>, C4<0>;
L_0x560d7a9a5d30 .functor BUFZ 1, v0x560d7a908bd0_0, C4<0>, C4<0>, C4<0>;
L_0x560d7a9a5e10 .udp UDP_ihp_mux2, L_0x560d7a9a5920, L_0x560d7a9a5b40, L_0x560d7a9a5bb0;
L_0x560d7a9a5f50 .functor NOT 1, L_0x560d7a9a5cc0, C4<0>, C4<0>, C4<0>;
L_0x560d7a9a6060 .functor NOT 1, L_0x560d7a9a5c20, C4<0>, C4<0>, C4<0>;
L_0x7f6fe5f784f0 .functor BUFT 1, C4<0>, C4<0>, C4<0>, C4<0>;
L_0x560d7a9a6120 .functor BUF 1, L_0x7f6fe5f784f0, C4<0>, C4<0>, C4<0>;
L_0x560d7a9a6190 .udp UDP_ihp_dff_sr_1, v0x560d7a897720_0, L_0x560d7a9a5d30, L_0x560d7a9a5e10, L_0x560d7a9a5f50, L_0x560d7a9a6060, L_0x560d7a9a6120;
L_0x560d7a9a6390 .functor BUF 1, L_0x560d7a9a6190, C4<0>, C4<0>, C4<0>;
L_0x560d7a9a64c0 .functor NOT 1, L_0x560d7a9a6190, C4<0>, C4<0>, C4<0>;
L_0x560d7a9a6530 .functor BUF 1, L_0x560d7a9a64c0, C4<0>, C4<0>, C4<0>;
v0x560d7a8966c0_0 .net "CLK", 0 0, v0x560d7a908bd0_0;  alias, 1 drivers
v0x560d7a896780_0 .net "D", 0 0, L_0x560d7a89eed0;  alias, 1 drivers
v0x560d7a896840_0 .net "Q", 0 0, L_0x560d7a9a6390;  alias, 1 drivers
v0x560d7a8969f0_0 .net "Q_N", 0 0, L_0x560d7a9a6530;  1 drivers
v0x560d7a896a90_0 .net "RESET_B", 0 0, v0x560d7a909430_0;  alias, 1 drivers
v0x560d7a896b30_0 .net "SCD", 0 0, L_0x560d7a9a6390;  alias, 1 drivers
v0x560d7a896bd0_0 .net "SCE", 0 0, L_0x560d7a9455b0;  alias, 1 drivers
v0x560d7a896c70_0 .net "SET_B", 0 0, L_0x560d7a9b80b0;  alias, 1 drivers
v0x560d7a896d10_0 .net/2s *"_ivl_15", 0 0, L_0x7f6fe5f784f0;  1 drivers
v0x560d7a896dd0_0 .net "delayed_CLK", 0 0, L_0x560d7a9a5d30;  1 drivers
v0x560d7a896e90_0 .net "delayed_D", 0 0, L_0x560d7a9a5920;  1 drivers
v0x560d7a896f50_0 .net "delayed_RESET_B", 0 0, L_0x560d7a9a5c20;  1 drivers
v0x560d7a897010_0 .net "delayed_SCD", 0 0, L_0x560d7a9a5b40;  1 drivers
v0x560d7a8970d0_0 .net "delayed_SCE", 0 0, L_0x560d7a9a5bb0;  1 drivers
v0x560d7a897190_0 .net "delayed_SET_B", 0 0, L_0x560d7a9a5cc0;  1 drivers
v0x560d7a897250_0 .net "int_fwire_IQ", 0 0, L_0x560d7a9a6190;  1 drivers
v0x560d7a897310_0 .net "int_fwire_IQN", 0 0, L_0x560d7a9a64c0;  1 drivers
v0x560d7a8974e0_0 .net "int_fwire_d", 0 0, L_0x560d7a9a5e10;  1 drivers
v0x560d7a8975a0_0 .net "int_fwire_r", 0 0, L_0x560d7a9a6060;  1 drivers
v0x560d7a897660_0 .net "int_fwire_s", 0 0, L_0x560d7a9a5f50;  1 drivers
v0x560d7a897720_0 .var "notifier", 0 0;
v0x560d7a8977e0_0 .net "xcr_0", 0 0, L_0x560d7a9a6120;  1 drivers
S_0x560d7a8979a0 .scope module, "_0960_" "sg13g2_hv_sdfbbp_1" 5 3585, 3 1964 1, S_0x560d7a760c50;
 .timescale -9 -11;
    .port_info 0 /OUTPUT 1 "Q";
    .port_info 1 /OUTPUT 1 "Q_N";
    .port_info 2 /INPUT 1 "CLK";
    .port_info 3 /INPUT 1 "D";
    .port_info 4 /INPUT 1 "RESET_B";
    .port_info 5 /INPUT 1 "SCD";
    .port_info 6 /INPUT 1 "SCE";
    .port_info 7 /INPUT 1 "SET_B";
L_0x560d7a9a6450 .functor BUFZ 1, L_0x560d7a89fb10, C4<0>, C4<0>, C4<0>;
L_0x560d7a9a6670 .functor BUFZ 1, L_0x560d7a9a6f50, C4<0>, C4<0>, C4<0>;
L_0x560d7a9a66e0 .functor BUFZ 1, L_0x560d7a9457e0, C4<0>, C4<0>, C4<0>;
L_0x560d7a9a67e0 .functor BUFZ 1, v0x560d7a909430_0, C4<0>, C4<0>, C4<0>;
L_0x560d7a9a6880 .functor BUFZ 1, L_0x560d7a9b81b0, C4<0>, C4<0>, C4<0>;
L_0x560d7a9a68f0 .functor BUFZ 1, v0x560d7a908bd0_0, C4<0>, C4<0>, C4<0>;
L_0x560d7a9a69d0 .udp UDP_ihp_mux2, L_0x560d7a9a6450, L_0x560d7a9a6670, L_0x560d7a9a66e0;
L_0x560d7a9a6b10 .functor NOT 1, L_0x560d7a9a6880, C4<0>, C4<0>, C4<0>;
L_0x560d7a9a6c20 .functor NOT 1, L_0x560d7a9a67e0, C4<0>, C4<0>, C4<0>;
L_0x7f6fe5f78538 .functor BUFT 1, C4<0>, C4<0>, C4<0>, C4<0>;
L_0x560d7a9a6ce0 .functor BUF 1, L_0x7f6fe5f78538, C4<0>, C4<0>, C4<0>;
L_0x560d7a9a6d50 .udp UDP_ihp_dff_sr_1, v0x560d7a898d20_0, L_0x560d7a9a68f0, L_0x560d7a9a69d0, L_0x560d7a9a6b10, L_0x560d7a9a6c20, L_0x560d7a9a6ce0;
L_0x560d7a9a6f50 .functor BUF 1, L_0x560d7a9a6d50, C4<0>, C4<0>, C4<0>;
L_0x560d7a9a7080 .functor NOT 1, L_0x560d7a9a6d50, C4<0>, C4<0>, C4<0>;
L_0x560d7a9a70f0 .functor BUF 1, L_0x560d7a9a7080, C4<0>, C4<0>, C4<0>;
v0x560d7a897c90_0 .net "CLK", 0 0, v0x560d7a908bd0_0;  alias, 1 drivers
v0x560d7a897d50_0 .net "D", 0 0, L_0x560d7a89fb10;  alias, 1 drivers
v0x560d7a897e10_0 .net "Q", 0 0, L_0x560d7a9a6f50;  alias, 1 drivers
v0x560d7a897ff0_0 .net "Q_N", 0 0, L_0x560d7a9a70f0;  1 drivers
v0x560d7a898090_0 .net "RESET_B", 0 0, v0x560d7a909430_0;  alias, 1 drivers
v0x560d7a898130_0 .net "SCD", 0 0, L_0x560d7a9a6f50;  alias, 1 drivers
v0x560d7a8981d0_0 .net "SCE", 0 0, L_0x560d7a9457e0;  alias, 1 drivers
v0x560d7a898270_0 .net "SET_B", 0 0, L_0x560d7a9b81b0;  alias, 1 drivers
v0x560d7a898310_0 .net/2s *"_ivl_15", 0 0, L_0x7f6fe5f78538;  1 drivers
v0x560d7a8983d0_0 .net "delayed_CLK", 0 0, L_0x560d7a9a68f0;  1 drivers
v0x560d7a898490_0 .net "delayed_D", 0 0, L_0x560d7a9a6450;  1 drivers
v0x560d7a898550_0 .net "delayed_RESET_B", 0 0, L_0x560d7a9a67e0;  1 drivers
v0x560d7a898610_0 .net "delayed_SCD", 0 0, L_0x560d7a9a6670;  1 drivers
v0x560d7a8986d0_0 .net "delayed_SCE", 0 0, L_0x560d7a9a66e0;  1 drivers
v0x560d7a898790_0 .net "delayed_SET_B", 0 0, L_0x560d7a9a6880;  1 drivers
v0x560d7a898850_0 .net "int_fwire_IQ", 0 0, L_0x560d7a9a6d50;  1 drivers
v0x560d7a898910_0 .net "int_fwire_IQN", 0 0, L_0x560d7a9a7080;  1 drivers
v0x560d7a898ae0_0 .net "int_fwire_d", 0 0, L_0x560d7a9a69d0;  1 drivers
v0x560d7a898ba0_0 .net "int_fwire_r", 0 0, L_0x560d7a9a6c20;  1 drivers
v0x560d7a898c60_0 .net "int_fwire_s", 0 0, L_0x560d7a9a6b10;  1 drivers
v0x560d7a898d20_0 .var "notifier", 0 0;
v0x560d7a898de0_0 .net "xcr_0", 0 0, L_0x560d7a9a6ce0;  1 drivers
S_0x560d7a898fa0 .scope module, "_0961_" "sg13g2_hv_sdfbbp_1" 5 3594, 3 1964 1, S_0x560d7a760c50;
 .timescale -9 -11;
    .port_info 0 /OUTPUT 1 "Q";
    .port_info 1 /OUTPUT 1 "Q_N";
    .port_info 2 /INPUT 1 "CLK";
    .port_info 3 /INPUT 1 "D";
    .port_info 4 /INPUT 1 "RESET_B";
    .port_info 5 /INPUT 1 "SCD";
    .port_info 6 /INPUT 1 "SCE";
    .port_info 7 /INPUT 1 "SET_B";
L_0x560d7a9a7010 .functor BUFZ 1, L_0x560d7a9a1380, C4<0>, C4<0>, C4<0>;
L_0x560d7a9a7230 .functor BUFZ 1, L_0x560d7a9a7b10, C4<0>, C4<0>, C4<0>;
L_0x560d7a9a72a0 .functor BUFZ 1, L_0x560d7a945a30, C4<0>, C4<0>, C4<0>;
L_0x560d7a9a73a0 .functor BUFZ 1, v0x560d7a909430_0, C4<0>, C4<0>, C4<0>;
L_0x560d7a9a7440 .functor BUFZ 1, L_0x560d7a9b82b0, C4<0>, C4<0>, C4<0>;
L_0x560d7a9a74b0 .functor BUFZ 1, v0x560d7a908bd0_0, C4<0>, C4<0>, C4<0>;
L_0x560d7a9a7590 .udp UDP_ihp_mux2, L_0x560d7a9a7010, L_0x560d7a9a7230, L_0x560d7a9a72a0;
L_0x560d7a9a76d0 .functor NOT 1, L_0x560d7a9a7440, C4<0>, C4<0>, C4<0>;
L_0x560d7a9a77e0 .functor NOT 1, L_0x560d7a9a73a0, C4<0>, C4<0>, C4<0>;
L_0x7f6fe5f78580 .functor BUFT 1, C4<0>, C4<0>, C4<0>, C4<0>;
L_0x560d7a9a78a0 .functor BUF 1, L_0x7f6fe5f78580, C4<0>, C4<0>, C4<0>;
L_0x560d7a9a7910 .udp UDP_ihp_dff_sr_1, v0x560d7a89a320_0, L_0x560d7a9a74b0, L_0x560d7a9a7590, L_0x560d7a9a76d0, L_0x560d7a9a77e0, L_0x560d7a9a78a0;
L_0x560d7a9a7b10 .functor BUF 1, L_0x560d7a9a7910, C4<0>, C4<0>, C4<0>;
L_0x560d7a9a7c40 .functor NOT 1, L_0x560d7a9a7910, C4<0>, C4<0>, C4<0>;
L_0x560d7a9a7cb0 .functor BUF 1, L_0x560d7a9a7c40, C4<0>, C4<0>, C4<0>;
v0x560d7a899290_0 .net "CLK", 0 0, v0x560d7a908bd0_0;  alias, 1 drivers
v0x560d7a899350_0 .net "D", 0 0, L_0x560d7a9a1380;  alias, 1 drivers
v0x560d7a899410_0 .net "Q", 0 0, L_0x560d7a9a7b10;  alias, 1 drivers
v0x560d7a8995f0_0 .net "Q_N", 0 0, L_0x560d7a9a7cb0;  1 drivers
v0x560d7a899690_0 .net "RESET_B", 0 0, v0x560d7a909430_0;  alias, 1 drivers
v0x560d7a899730_0 .net "SCD", 0 0, L_0x560d7a9a7b10;  alias, 1 drivers
v0x560d7a8997d0_0 .net "SCE", 0 0, L_0x560d7a945a30;  alias, 1 drivers
v0x560d7a899870_0 .net "SET_B", 0 0, L_0x560d7a9b82b0;  alias, 1 drivers
v0x560d7a899910_0 .net/2s *"_ivl_15", 0 0, L_0x7f6fe5f78580;  1 drivers
v0x560d7a8999d0_0 .net "delayed_CLK", 0 0, L_0x560d7a9a74b0;  1 drivers
v0x560d7a899a90_0 .net "delayed_D", 0 0, L_0x560d7a9a7010;  1 drivers
v0x560d7a899b50_0 .net "delayed_RESET_B", 0 0, L_0x560d7a9a73a0;  1 drivers
v0x560d7a899c10_0 .net "delayed_SCD", 0 0, L_0x560d7a9a7230;  1 drivers
v0x560d7a899cd0_0 .net "delayed_SCE", 0 0, L_0x560d7a9a72a0;  1 drivers
v0x560d7a899d90_0 .net "delayed_SET_B", 0 0, L_0x560d7a9a7440;  1 drivers
v0x560d7a899e50_0 .net "int_fwire_IQ", 0 0, L_0x560d7a9a7910;  1 drivers
v0x560d7a899f10_0 .net "int_fwire_IQN", 0 0, L_0x560d7a9a7c40;  1 drivers
v0x560d7a89a0e0_0 .net "int_fwire_d", 0 0, L_0x560d7a9a7590;  1 drivers
v0x560d7a89a1a0_0 .net "int_fwire_r", 0 0, L_0x560d7a9a77e0;  1 drivers
v0x560d7a89a260_0 .net "int_fwire_s", 0 0, L_0x560d7a9a76d0;  1 drivers
v0x560d7a89a320_0 .var "notifier", 0 0;
v0x560d7a89a3e0_0 .net "xcr_0", 0 0, L_0x560d7a9a78a0;  1 drivers
S_0x560d7a89a5a0 .scope module, "_0962_" "sg13g2_hv_sdfbbp_1" 5 3603, 3 1964 1, S_0x560d7a760c50;
 .timescale -9 -11;
    .port_info 0 /OUTPUT 1 "Q";
    .port_info 1 /OUTPUT 1 "Q_N";
    .port_info 2 /INPUT 1 "CLK";
    .port_info 3 /INPUT 1 "D";
    .port_info 4 /INPUT 1 "RESET_B";
    .port_info 5 /INPUT 1 "SCD";
    .port_info 6 /INPUT 1 "SCE";
    .port_info 7 /INPUT 1 "SET_B";
L_0x560d7a9a7bd0 .functor BUFZ 1, L_0x560d7a9a2010, C4<0>, C4<0>, C4<0>;
L_0x560d7a9a7df0 .functor BUFZ 1, L_0x560d7a9a86d0, C4<0>, C4<0>, C4<0>;
L_0x560d7a9a7e60 .functor BUFZ 1, L_0x560d7a945c80, C4<0>, C4<0>, C4<0>;
L_0x560d7a9a7f60 .functor BUFZ 1, v0x560d7a909430_0, C4<0>, C4<0>, C4<0>;
L_0x560d7a9a8000 .functor BUFZ 1, L_0x560d7a9b83b0, C4<0>, C4<0>, C4<0>;
L_0x560d7a9a8070 .functor BUFZ 1, v0x560d7a908bd0_0, C4<0>, C4<0>, C4<0>;
L_0x560d7a9a8150 .udp UDP_ihp_mux2, L_0x560d7a9a7bd0, L_0x560d7a9a7df0, L_0x560d7a9a7e60;
L_0x560d7a9a8290 .functor NOT 1, L_0x560d7a9a8000, C4<0>, C4<0>, C4<0>;
L_0x560d7a9a83a0 .functor NOT 1, L_0x560d7a9a7f60, C4<0>, C4<0>, C4<0>;
L_0x7f6fe5f785c8 .functor BUFT 1, C4<0>, C4<0>, C4<0>, C4<0>;
L_0x560d7a9a8460 .functor BUF 1, L_0x7f6fe5f785c8, C4<0>, C4<0>, C4<0>;
L_0x560d7a9a84d0 .udp UDP_ihp_dff_sr_1, v0x560d7a89b920_0, L_0x560d7a9a8070, L_0x560d7a9a8150, L_0x560d7a9a8290, L_0x560d7a9a83a0, L_0x560d7a9a8460;
L_0x560d7a9a86d0 .functor BUF 1, L_0x560d7a9a84d0, C4<0>, C4<0>, C4<0>;
L_0x560d7a9a8800 .functor NOT 1, L_0x560d7a9a84d0, C4<0>, C4<0>, C4<0>;
L_0x560d7a9a8870 .functor BUF 1, L_0x560d7a9a8800, C4<0>, C4<0>, C4<0>;
v0x560d7a89a890_0 .net "CLK", 0 0, v0x560d7a908bd0_0;  alias, 1 drivers
v0x560d7a89a950_0 .net "D", 0 0, L_0x560d7a9a2010;  alias, 1 drivers
v0x560d7a89aa10_0 .net "Q", 0 0, L_0x560d7a9a86d0;  alias, 1 drivers
v0x560d7a89abf0_0 .net "Q_N", 0 0, L_0x560d7a9a8870;  1 drivers
v0x560d7a89ac90_0 .net "RESET_B", 0 0, v0x560d7a909430_0;  alias, 1 drivers
v0x560d7a89ad30_0 .net "SCD", 0 0, L_0x560d7a9a86d0;  alias, 1 drivers
v0x560d7a89add0_0 .net "SCE", 0 0, L_0x560d7a945c80;  alias, 1 drivers
v0x560d7a89ae70_0 .net "SET_B", 0 0, L_0x560d7a9b83b0;  alias, 1 drivers
v0x560d7a89af10_0 .net/2s *"_ivl_15", 0 0, L_0x7f6fe5f785c8;  1 drivers
v0x560d7a89afd0_0 .net "delayed_CLK", 0 0, L_0x560d7a9a8070;  1 drivers
v0x560d7a89b090_0 .net "delayed_D", 0 0, L_0x560d7a9a7bd0;  1 drivers
v0x560d7a89b150_0 .net "delayed_RESET_B", 0 0, L_0x560d7a9a7f60;  1 drivers
v0x560d7a89b210_0 .net "delayed_SCD", 0 0, L_0x560d7a9a7df0;  1 drivers
v0x560d7a89b2d0_0 .net "delayed_SCE", 0 0, L_0x560d7a9a7e60;  1 drivers
v0x560d7a89b390_0 .net "delayed_SET_B", 0 0, L_0x560d7a9a8000;  1 drivers
v0x560d7a89b450_0 .net "int_fwire_IQ", 0 0, L_0x560d7a9a84d0;  1 drivers
v0x560d7a89b510_0 .net "int_fwire_IQN", 0 0, L_0x560d7a9a8800;  1 drivers
v0x560d7a89b6e0_0 .net "int_fwire_d", 0 0, L_0x560d7a9a8150;  1 drivers
v0x560d7a89b7a0_0 .net "int_fwire_r", 0 0, L_0x560d7a9a83a0;  1 drivers
v0x560d7a89b860_0 .net "int_fwire_s", 0 0, L_0x560d7a9a8290;  1 drivers
v0x560d7a89b920_0 .var "notifier", 0 0;
v0x560d7a89b9e0_0 .net "xcr_0", 0 0, L_0x560d7a9a8460;  1 drivers
S_0x560d7a89bba0 .scope module, "_0963_" "sg13g2_hv_sdfbbp_1" 5 3612, 3 1964 1, S_0x560d7a760c50;
 .timescale -9 -11;
    .port_info 0 /OUTPUT 1 "Q";
    .port_info 1 /OUTPUT 1 "Q_N";
    .port_info 2 /INPUT 1 "CLK";
    .port_info 3 /INPUT 1 "D";
    .port_info 4 /INPUT 1 "RESET_B";
    .port_info 5 /INPUT 1 "SCD";
    .port_info 6 /INPUT 1 "SCE";
    .port_info 7 /INPUT 1 "SET_B";
L_0x560d7a9a8790 .functor BUFZ 1, L_0x560d7a9a2ca0, C4<0>, C4<0>, C4<0>;
L_0x560d7a9a89b0 .functor BUFZ 1, L_0x560d7a9a9290, C4<0>, C4<0>, C4<0>;
L_0x560d7a9a8a20 .functor BUFZ 1, L_0x560d7a945ed0, C4<0>, C4<0>, C4<0>;
L_0x560d7a9a8b20 .functor BUFZ 1, v0x560d7a909430_0, C4<0>, C4<0>, C4<0>;
L_0x560d7a9a8bc0 .functor BUFZ 1, L_0x560d7a9b84b0, C4<0>, C4<0>, C4<0>;
L_0x560d7a9a8c30 .functor BUFZ 1, v0x560d7a908bd0_0, C4<0>, C4<0>, C4<0>;
L_0x560d7a9a8d10 .udp UDP_ihp_mux2, L_0x560d7a9a8790, L_0x560d7a9a89b0, L_0x560d7a9a8a20;
L_0x560d7a9a8e50 .functor NOT 1, L_0x560d7a9a8bc0, C4<0>, C4<0>, C4<0>;
L_0x560d7a9a8f60 .functor NOT 1, L_0x560d7a9a8b20, C4<0>, C4<0>, C4<0>;
L_0x7f6fe5f78610 .functor BUFT 1, C4<0>, C4<0>, C4<0>, C4<0>;
L_0x560d7a9a9020 .functor BUF 1, L_0x7f6fe5f78610, C4<0>, C4<0>, C4<0>;
L_0x560d7a9a9090 .udp UDP_ihp_dff_sr_1, v0x560d7a89cf20_0, L_0x560d7a9a8c30, L_0x560d7a9a8d10, L_0x560d7a9a8e50, L_0x560d7a9a8f60, L_0x560d7a9a9020;
L_0x560d7a9a9290 .functor BUF 1, L_0x560d7a9a9090, C4<0>, C4<0>, C4<0>;
L_0x560d7a9a93c0 .functor NOT 1, L_0x560d7a9a9090, C4<0>, C4<0>, C4<0>;
L_0x560d7a9a9430 .functor BUF 1, L_0x560d7a9a93c0, C4<0>, C4<0>, C4<0>;
v0x560d7a89be90_0 .net "CLK", 0 0, v0x560d7a908bd0_0;  alias, 1 drivers
v0x560d7a89bf50_0 .net "D", 0 0, L_0x560d7a9a2ca0;  alias, 1 drivers
v0x560d7a89c010_0 .net "Q", 0 0, L_0x560d7a9a9290;  alias, 1 drivers
v0x560d7a89c1f0_0 .net "Q_N", 0 0, L_0x560d7a9a9430;  1 drivers
v0x560d7a89c290_0 .net "RESET_B", 0 0, v0x560d7a909430_0;  alias, 1 drivers
v0x560d7a89c330_0 .net "SCD", 0 0, L_0x560d7a9a9290;  alias, 1 drivers
v0x560d7a89c3d0_0 .net "SCE", 0 0, L_0x560d7a945ed0;  alias, 1 drivers
v0x560d7a89c470_0 .net "SET_B", 0 0, L_0x560d7a9b84b0;  alias, 1 drivers
v0x560d7a89c510_0 .net/2s *"_ivl_15", 0 0, L_0x7f6fe5f78610;  1 drivers
v0x560d7a89c5d0_0 .net "delayed_CLK", 0 0, L_0x560d7a9a8c30;  1 drivers
v0x560d7a89c690_0 .net "delayed_D", 0 0, L_0x560d7a9a8790;  1 drivers
v0x560d7a89c750_0 .net "delayed_RESET_B", 0 0, L_0x560d7a9a8b20;  1 drivers
v0x560d7a89c810_0 .net "delayed_SCD", 0 0, L_0x560d7a9a89b0;  1 drivers
v0x560d7a89c8d0_0 .net "delayed_SCE", 0 0, L_0x560d7a9a8a20;  1 drivers
v0x560d7a89c990_0 .net "delayed_SET_B", 0 0, L_0x560d7a9a8bc0;  1 drivers
v0x560d7a89ca50_0 .net "int_fwire_IQ", 0 0, L_0x560d7a9a9090;  1 drivers
v0x560d7a89cb10_0 .net "int_fwire_IQN", 0 0, L_0x560d7a9a93c0;  1 drivers
v0x560d7a89cce0_0 .net "int_fwire_d", 0 0, L_0x560d7a9a8d10;  1 drivers
v0x560d7a89cda0_0 .net "int_fwire_r", 0 0, L_0x560d7a9a8f60;  1 drivers
v0x560d7a89ce60_0 .net "int_fwire_s", 0 0, L_0x560d7a9a8e50;  1 drivers
v0x560d7a89cf20_0 .var "notifier", 0 0;
v0x560d7a89cfe0_0 .net "xcr_0", 0 0, L_0x560d7a9a9020;  1 drivers
S_0x560d7a89d1a0 .scope module, "_0964_" "sg13g2_hv_sdfbbp_1" 5 3621, 3 1964 1, S_0x560d7a760c50;
 .timescale -9 -11;
    .port_info 0 /OUTPUT 1 "Q";
    .port_info 1 /OUTPUT 1 "Q_N";
    .port_info 2 /INPUT 1 "CLK";
    .port_info 3 /INPUT 1 "D";
    .port_info 4 /INPUT 1 "RESET_B";
    .port_info 5 /INPUT 1 "SCD";
    .port_info 6 /INPUT 1 "SCE";
    .port_info 7 /INPUT 1 "SET_B";
L_0x560d7a9a9350 .functor BUFZ 1, L_0x560d7a9a41b0, C4<0>, C4<0>, C4<0>;
L_0x560d7a9a9570 .functor BUFZ 1, L_0x560d7a9a9e50, C4<0>, C4<0>, C4<0>;
L_0x560d7a9a95e0 .functor BUFZ 1, L_0x560d7a946120, C4<0>, C4<0>, C4<0>;
L_0x560d7a9a96e0 .functor BUFZ 1, v0x560d7a909430_0, C4<0>, C4<0>, C4<0>;
L_0x560d7a9a9780 .functor BUFZ 1, L_0x560d7a9b85b0, C4<0>, C4<0>, C4<0>;
L_0x560d7a9a97f0 .functor BUFZ 1, v0x560d7a908bd0_0, C4<0>, C4<0>, C4<0>;
L_0x560d7a9a98d0 .udp UDP_ihp_mux2, L_0x560d7a9a9350, L_0x560d7a9a9570, L_0x560d7a9a95e0;
L_0x560d7a9a9a10 .functor NOT 1, L_0x560d7a9a9780, C4<0>, C4<0>, C4<0>;
L_0x560d7a9a9b20 .functor NOT 1, L_0x560d7a9a96e0, C4<0>, C4<0>, C4<0>;
L_0x7f6fe5f78658 .functor BUFT 1, C4<0>, C4<0>, C4<0>, C4<0>;
L_0x560d7a9a9be0 .functor BUF 1, L_0x7f6fe5f78658, C4<0>, C4<0>, C4<0>;
L_0x560d7a9a9c50 .udp UDP_ihp_dff_sr_1, v0x560d7a89e570_0, L_0x560d7a9a97f0, L_0x560d7a9a98d0, L_0x560d7a9a9a10, L_0x560d7a9a9b20, L_0x560d7a9a9be0;
L_0x560d7a9a9e50 .functor BUF 1, L_0x560d7a9a9c50, C4<0>, C4<0>, C4<0>;
L_0x560d7a9a9f80 .functor NOT 1, L_0x560d7a9a9c50, C4<0>, C4<0>, C4<0>;
L_0x560d7a9a9ff0 .functor BUF 1, L_0x560d7a9a9f80, C4<0>, C4<0>, C4<0>;
v0x560d7a89d490_0 .net "CLK", 0 0, v0x560d7a908bd0_0;  alias, 1 drivers
v0x560d7a89d550_0 .net "D", 0 0, L_0x560d7a9a41b0;  alias, 1 drivers
v0x560d7a89d610_0 .net "Q", 0 0, L_0x560d7a9a9e50;  alias, 1 drivers
v0x560d7a89d7f0_0 .net "Q_N", 0 0, L_0x560d7a9a9ff0;  1 drivers
v0x560d7a89d890_0 .net "RESET_B", 0 0, v0x560d7a909430_0;  alias, 1 drivers
v0x560d7a89d980_0 .net "SCD", 0 0, L_0x560d7a9a9e50;  alias, 1 drivers
v0x560d7a89da20_0 .net "SCE", 0 0, L_0x560d7a946120;  alias, 1 drivers
v0x560d7a89dac0_0 .net "SET_B", 0 0, L_0x560d7a9b85b0;  alias, 1 drivers
v0x560d7a89db60_0 .net/2s *"_ivl_15", 0 0, L_0x7f6fe5f78658;  1 drivers
v0x560d7a89dc20_0 .net "delayed_CLK", 0 0, L_0x560d7a9a97f0;  1 drivers
v0x560d7a89dce0_0 .net "delayed_D", 0 0, L_0x560d7a9a9350;  1 drivers
v0x560d7a89dda0_0 .net "delayed_RESET_B", 0 0, L_0x560d7a9a96e0;  1 drivers
v0x560d7a89de60_0 .net "delayed_SCD", 0 0, L_0x560d7a9a9570;  1 drivers
v0x560d7a89df20_0 .net "delayed_SCE", 0 0, L_0x560d7a9a95e0;  1 drivers
v0x560d7a89dfe0_0 .net "delayed_SET_B", 0 0, L_0x560d7a9a9780;  1 drivers
v0x560d7a89e0a0_0 .net "int_fwire_IQ", 0 0, L_0x560d7a9a9c50;  1 drivers
v0x560d7a89e160_0 .net "int_fwire_IQN", 0 0, L_0x560d7a9a9f80;  1 drivers
v0x560d7a89e330_0 .net "int_fwire_d", 0 0, L_0x560d7a9a98d0;  1 drivers
v0x560d7a89e3f0_0 .net "int_fwire_r", 0 0, L_0x560d7a9a9b20;  1 drivers
v0x560d7a89e4b0_0 .net "int_fwire_s", 0 0, L_0x560d7a9a9a10;  1 drivers
v0x560d7a89e570_0 .var "notifier", 0 0;
v0x560d7a89e630_0 .net "xcr_0", 0 0, L_0x560d7a9a9be0;  1 drivers
S_0x560d7a89e7f0 .scope module, "_0965_" "sg13g2_hv_sdfbbp_1" 5 3630, 3 1964 1, S_0x560d7a760c50;
 .timescale -9 -11;
    .port_info 0 /OUTPUT 1 "Q";
    .port_info 1 /OUTPUT 1 "Q_N";
    .port_info 2 /INPUT 1 "CLK";
    .port_info 3 /INPUT 1 "D";
    .port_info 4 /INPUT 1 "RESET_B";
    .port_info 5 /INPUT 1 "SCD";
    .port_info 6 /INPUT 1 "SCE";
    .port_info 7 /INPUT 1 "SET_B";
L_0x560d7a9a9f10 .functor BUFZ 1, L_0x560d7a9338d0, C4<0>, C4<0>, C4<0>;
L_0x560d7a9aa1c0 .functor BUFZ 1, L_0x560d7a9aaa10, C4<0>, C4<0>, C4<0>;
L_0x560d7a9aa230 .functor BUFZ 1, L_0x560d7a921800, C4<0>, C4<0>, C4<0>;
L_0x560d7a9aa2a0 .functor BUFZ 1, v0x560d7a909430_0, C4<0>, C4<0>, C4<0>;
L_0x560d7a9aa340 .functor BUFZ 1, L_0x560d7a9b86b0, C4<0>, C4<0>, C4<0>;
L_0x560d7a9aa3b0 .functor BUFZ 1, v0x560d7a908bd0_0, C4<0>, C4<0>, C4<0>;
L_0x560d7a9aa490 .udp UDP_ihp_mux2, L_0x560d7a9a9f10, L_0x560d7a9aa1c0, L_0x560d7a9aa230;
L_0x560d7a9aa5d0 .functor NOT 1, L_0x560d7a9aa340, C4<0>, C4<0>, C4<0>;
L_0x560d7a9aa6e0 .functor NOT 1, L_0x560d7a9aa2a0, C4<0>, C4<0>, C4<0>;
L_0x7f6fe5f786a0 .functor BUFT 1, C4<0>, C4<0>, C4<0>, C4<0>;
L_0x560d7a9aa7a0 .functor BUF 1, L_0x7f6fe5f786a0, C4<0>, C4<0>, C4<0>;
L_0x560d7a9aa810 .udp UDP_ihp_dff_sr_1, v0x560d7a8a0bc0_0, L_0x560d7a9aa3b0, L_0x560d7a9aa490, L_0x560d7a9aa5d0, L_0x560d7a9aa6e0, L_0x560d7a9aa7a0;
L_0x560d7a9aaa10 .functor BUF 1, L_0x560d7a9aa810, C4<0>, C4<0>, C4<0>;
L_0x560d7a9aab40 .functor NOT 1, L_0x560d7a9aa810, C4<0>, C4<0>, C4<0>;
L_0x560d7a9aabb0 .functor BUF 1, L_0x560d7a9aab40, C4<0>, C4<0>, C4<0>;
v0x560d7a89eae0_0 .net "CLK", 0 0, v0x560d7a908bd0_0;  alias, 1 drivers
v0x560d7a847ca0_0 .net "D", 0 0, L_0x560d7a9338d0;  alias, 1 drivers
v0x560d7a847d90_0 .net "Q", 0 0, L_0x560d7a9aaa10;  alias, 1 drivers
v0x560d7a847e90_0 .net "Q_N", 0 0, L_0x560d7a9aabb0;  1 drivers
v0x560d7a847f30_0 .net "RESET_B", 0 0, v0x560d7a909430_0;  alias, 1 drivers
v0x560d7a848020_0 .net "SCD", 0 0, L_0x560d7a9aaa10;  alias, 1 drivers
v0x560d7a848110_0 .net "SCE", 0 0, L_0x560d7a921800;  alias, 1 drivers
v0x560d7a848200_0 .net "SET_B", 0 0, L_0x560d7a9b86b0;  alias, 1 drivers
v0x560d7a8482a0_0 .net/2s *"_ivl_15", 0 0, L_0x7f6fe5f786a0;  1 drivers
v0x560d7a848340_0 .net "delayed_CLK", 0 0, L_0x560d7a9aa3b0;  1 drivers
v0x560d7a848400_0 .net "delayed_D", 0 0, L_0x560d7a9a9f10;  1 drivers
v0x560d7a8487f0_0 .net "delayed_RESET_B", 0 0, L_0x560d7a9aa2a0;  1 drivers
v0x560d7a8488b0_0 .net "delayed_SCD", 0 0, L_0x560d7a9aa1c0;  1 drivers
v0x560d7a848970_0 .net "delayed_SCE", 0 0, L_0x560d7a9aa230;  1 drivers
v0x560d7a848a30_0 .net "delayed_SET_B", 0 0, L_0x560d7a9aa340;  1 drivers
v0x560d7a848af0_0 .net "int_fwire_IQ", 0 0, L_0x560d7a9aa810;  1 drivers
v0x560d7a848bb0_0 .net "int_fwire_IQN", 0 0, L_0x560d7a9aab40;  1 drivers
v0x560d7a848d80_0 .net "int_fwire_d", 0 0, L_0x560d7a9aa490;  1 drivers
v0x560d7a848e40_0 .net "int_fwire_r", 0 0, L_0x560d7a9aa6e0;  1 drivers
v0x560d7a848f00_0 .net "int_fwire_s", 0 0, L_0x560d7a9aa5d0;  1 drivers
v0x560d7a8a0bc0_0 .var "notifier", 0 0;
v0x560d7a8a0c60_0 .net "xcr_0", 0 0, L_0x560d7a9aa7a0;  1 drivers
S_0x560d7a8a0e20 .scope module, "_0966_" "sg13g2_hv_sdfbbp_1" 5 3639, 3 1964 1, S_0x560d7a760c50;
 .timescale -9 -11;
    .port_info 0 /OUTPUT 1 "Q";
    .port_info 1 /OUTPUT 1 "Q_N";
    .port_info 2 /INPUT 1 "CLK";
    .port_info 3 /INPUT 1 "D";
    .port_info 4 /INPUT 1 "RESET_B";
    .port_info 5 /INPUT 1 "SCD";
    .port_info 6 /INPUT 1 "SCE";
    .port_info 7 /INPUT 1 "SET_B";
L_0x560d7a9aaad0 .functor BUFZ 1, L_0x560d7a934660, C4<0>, C4<0>, C4<0>;
L_0x560d7a9aad80 .functor BUFZ 1, L_0x560d7a9ab610, C4<0>, C4<0>, C4<0>;
L_0x560d7a9aadf0 .functor BUFZ 1, L_0x560d7a946200, C4<0>, C4<0>, C4<0>;
L_0x560d7a9aaef0 .functor BUFZ 1, v0x560d7a909430_0, C4<0>, C4<0>, C4<0>;
L_0x560d7a9aaf90 .functor BUFZ 1, L_0x560d7a9b8800, C4<0>, C4<0>, C4<0>;
L_0x560d7a9ab000 .functor BUFZ 1, v0x560d7a908bd0_0, C4<0>, C4<0>, C4<0>;
L_0x560d7a9ab0e0 .udp UDP_ihp_mux2, L_0x560d7a9aaad0, L_0x560d7a9aad80, L_0x560d7a9aadf0;
L_0x560d7a9ab1d0 .functor NOT 1, L_0x560d7a9aaf90, C4<0>, C4<0>, C4<0>;
L_0x560d7a9ab2e0 .functor NOT 1, L_0x560d7a9aaef0, C4<0>, C4<0>, C4<0>;
L_0x7f6fe5f786e8 .functor BUFT 1, C4<0>, C4<0>, C4<0>, C4<0>;
L_0x560d7a9ab3a0 .functor BUF 1, L_0x7f6fe5f786e8, C4<0>, C4<0>, C4<0>;
L_0x560d7a9ab410 .udp UDP_ihp_dff_sr_1, v0x560d7a8a20e0_0, L_0x560d7a9ab000, L_0x560d7a9ab0e0, L_0x560d7a9ab1d0, L_0x560d7a9ab2e0, L_0x560d7a9ab3a0;
L_0x560d7a9ab610 .functor BUF 1, L_0x560d7a9ab410, C4<0>, C4<0>, C4<0>;
L_0x560d7a9ab740 .functor NOT 1, L_0x560d7a9ab410, C4<0>, C4<0>, C4<0>;
L_0x560d7a9ab7b0 .functor BUF 1, L_0x560d7a9ab740, C4<0>, C4<0>, C4<0>;
v0x560d7a8a1110_0 .net "CLK", 0 0, v0x560d7a908bd0_0;  alias, 1 drivers
v0x560d7a8a11d0_0 .net "D", 0 0, L_0x560d7a934660;  alias, 1 drivers
v0x560d7a8a1290_0 .net "Q", 0 0, L_0x560d7a9ab610;  alias, 1 drivers
v0x560d7a8a1330_0 .net "Q_N", 0 0, L_0x560d7a9ab7b0;  1 drivers
v0x560d7a8a13d0_0 .net "RESET_B", 0 0, v0x560d7a909430_0;  alias, 1 drivers
v0x560d7a8a14c0_0 .net "SCD", 0 0, L_0x560d7a9ab610;  alias, 1 drivers
v0x560d7a8a15b0_0 .net "SCE", 0 0, L_0x560d7a946200;  alias, 1 drivers
v0x560d7a8a1650_0 .net "SET_B", 0 0, L_0x560d7a9b8800;  alias, 1 drivers
v0x560d7a8a16f0_0 .net/2s *"_ivl_15", 0 0, L_0x7f6fe5f786e8;  1 drivers
v0x560d7a8a1790_0 .net "delayed_CLK", 0 0, L_0x560d7a9ab000;  1 drivers
v0x560d7a8a1850_0 .net "delayed_D", 0 0, L_0x560d7a9aaad0;  1 drivers
v0x560d7a8a1910_0 .net "delayed_RESET_B", 0 0, L_0x560d7a9aaef0;  1 drivers
v0x560d7a8a19d0_0 .net "delayed_SCD", 0 0, L_0x560d7a9aad80;  1 drivers
v0x560d7a8a1a90_0 .net "delayed_SCE", 0 0, L_0x560d7a9aadf0;  1 drivers
v0x560d7a8a1b50_0 .net "delayed_SET_B", 0 0, L_0x560d7a9aaf90;  1 drivers
v0x560d7a8a1c10_0 .net "int_fwire_IQ", 0 0, L_0x560d7a9ab410;  1 drivers
v0x560d7a8a1cd0_0 .net "int_fwire_IQN", 0 0, L_0x560d7a9ab740;  1 drivers
v0x560d7a8a1ea0_0 .net "int_fwire_d", 0 0, L_0x560d7a9ab0e0;  1 drivers
v0x560d7a8a1f60_0 .net "int_fwire_r", 0 0, L_0x560d7a9ab2e0;  1 drivers
v0x560d7a8a2020_0 .net "int_fwire_s", 0 0, L_0x560d7a9ab1d0;  1 drivers
v0x560d7a8a20e0_0 .var "notifier", 0 0;
v0x560d7a8a21a0_0 .net "xcr_0", 0 0, L_0x560d7a9ab3a0;  1 drivers
S_0x560d7a8a2360 .scope module, "_0967_" "sg13g2_hv_sdfbbp_1" 5 3648, 3 1964 1, S_0x560d7a760c50;
 .timescale -9 -11;
    .port_info 0 /OUTPUT 1 "Q";
    .port_info 1 /OUTPUT 1 "Q_N";
    .port_info 2 /INPUT 1 "CLK";
    .port_info 3 /INPUT 1 "D";
    .port_info 4 /INPUT 1 "RESET_B";
    .port_info 5 /INPUT 1 "SCD";
    .port_info 6 /INPUT 1 "SCE";
    .port_info 7 /INPUT 1 "SET_B";
L_0x560d7a9ab6d0 .functor BUFZ 1, L_0x560d7a935470, C4<0>, C4<0>, C4<0>;
L_0x560d7a9ab980 .functor BUFZ 1, L_0x560d7a9ac210, C4<0>, C4<0>, C4<0>;
L_0x560d7a9ab9f0 .functor BUFZ 1, L_0x560d7a9462b0, C4<0>, C4<0>, C4<0>;
L_0x560d7a9abaf0 .functor BUFZ 1, v0x560d7a909430_0, C4<0>, C4<0>, C4<0>;
L_0x560d7a9abb90 .functor BUFZ 1, L_0x560d7a9b8950, C4<0>, C4<0>, C4<0>;
L_0x560d7a9abc00 .functor BUFZ 1, v0x560d7a908bd0_0, C4<0>, C4<0>, C4<0>;
L_0x560d7a9abce0 .udp UDP_ihp_mux2, L_0x560d7a9ab6d0, L_0x560d7a9ab980, L_0x560d7a9ab9f0;
L_0x560d7a9abdd0 .functor NOT 1, L_0x560d7a9abb90, C4<0>, C4<0>, C4<0>;
L_0x560d7a9abee0 .functor NOT 1, L_0x560d7a9abaf0, C4<0>, C4<0>, C4<0>;
L_0x7f6fe5f78730 .functor BUFT 1, C4<0>, C4<0>, C4<0>, C4<0>;
L_0x560d7a9abfa0 .functor BUF 1, L_0x7f6fe5f78730, C4<0>, C4<0>, C4<0>;
L_0x560d7a9ac010 .udp UDP_ihp_dff_sr_1, v0x560d7a8a3630_0, L_0x560d7a9abc00, L_0x560d7a9abce0, L_0x560d7a9abdd0, L_0x560d7a9abee0, L_0x560d7a9abfa0;
L_0x560d7a9ac210 .functor BUF 1, L_0x560d7a9ac010, C4<0>, C4<0>, C4<0>;
L_0x560d7a9ac340 .functor NOT 1, L_0x560d7a9ac010, C4<0>, C4<0>, C4<0>;
L_0x560d7a9ac3b0 .functor BUF 1, L_0x560d7a9ac340, C4<0>, C4<0>, C4<0>;
v0x560d7a8a2650_0 .net "CLK", 0 0, v0x560d7a908bd0_0;  alias, 1 drivers
v0x560d7a8a2710_0 .net "D", 0 0, L_0x560d7a935470;  alias, 1 drivers
v0x560d7a8a27d0_0 .net "Q", 0 0, L_0x560d7a9ac210;  alias, 1 drivers
v0x560d7a8a28a0_0 .net "Q_N", 0 0, L_0x560d7a9ac3b0;  1 drivers
v0x560d7a8a2940_0 .net "RESET_B", 0 0, v0x560d7a909430_0;  alias, 1 drivers
v0x560d7a8a2a30_0 .net "SCD", 0 0, L_0x560d7a9ac210;  alias, 1 drivers
v0x560d7a8a2b20_0 .net "SCE", 0 0, L_0x560d7a9462b0;  alias, 1 drivers
v0x560d7a8a2bc0_0 .net "SET_B", 0 0, L_0x560d7a9b8950;  alias, 1 drivers
v0x560d7a8a2c60_0 .net/2s *"_ivl_15", 0 0, L_0x7f6fe5f78730;  1 drivers
v0x560d7a8a2d00_0 .net "delayed_CLK", 0 0, L_0x560d7a9abc00;  1 drivers
v0x560d7a8a2da0_0 .net "delayed_D", 0 0, L_0x560d7a9ab6d0;  1 drivers
v0x560d7a8a2e60_0 .net "delayed_RESET_B", 0 0, L_0x560d7a9abaf0;  1 drivers
v0x560d7a8a2f20_0 .net "delayed_SCD", 0 0, L_0x560d7a9ab980;  1 drivers
v0x560d7a8a2fe0_0 .net "delayed_SCE", 0 0, L_0x560d7a9ab9f0;  1 drivers
v0x560d7a8a30a0_0 .net "delayed_SET_B", 0 0, L_0x560d7a9abb90;  1 drivers
v0x560d7a8a3160_0 .net "int_fwire_IQ", 0 0, L_0x560d7a9ac010;  1 drivers
v0x560d7a8a3220_0 .net "int_fwire_IQN", 0 0, L_0x560d7a9ac340;  1 drivers
v0x560d7a8a33f0_0 .net "int_fwire_d", 0 0, L_0x560d7a9abce0;  1 drivers
v0x560d7a8a34b0_0 .net "int_fwire_r", 0 0, L_0x560d7a9abee0;  1 drivers
v0x560d7a8a3570_0 .net "int_fwire_s", 0 0, L_0x560d7a9abdd0;  1 drivers
v0x560d7a8a3630_0 .var "notifier", 0 0;
v0x560d7a8a36f0_0 .net "xcr_0", 0 0, L_0x560d7a9abfa0;  1 drivers
S_0x560d7a8a38b0 .scope module, "_0968_" "sg13g2_hv_sdfbbp_1" 5 3657, 3 1964 1, S_0x560d7a760c50;
 .timescale -9 -11;
    .port_info 0 /OUTPUT 1 "Q";
    .port_info 1 /OUTPUT 1 "Q_N";
    .port_info 2 /INPUT 1 "CLK";
    .port_info 3 /INPUT 1 "D";
    .port_info 4 /INPUT 1 "RESET_B";
    .port_info 5 /INPUT 1 "SCD";
    .port_info 6 /INPUT 1 "SCE";
    .port_info 7 /INPUT 1 "SET_B";
L_0x560d7a9ac2d0 .functor BUFZ 1, L_0x560d7a9363b0, C4<0>, C4<0>, C4<0>;
L_0x560d7a9ac580 .functor BUFZ 1, L_0x560d7a9ace10, C4<0>, C4<0>, C4<0>;
L_0x560d7a9ac5f0 .functor BUFZ 1, L_0x560d7a946360, C4<0>, C4<0>, C4<0>;
L_0x560d7a9ac6f0 .functor BUFZ 1, v0x560d7a909430_0, C4<0>, C4<0>, C4<0>;
L_0x560d7a9ac790 .functor BUFZ 1, L_0x560d7a9b8aa0, C4<0>, C4<0>, C4<0>;
L_0x560d7a9ac800 .functor BUFZ 1, v0x560d7a908bd0_0, C4<0>, C4<0>, C4<0>;
L_0x560d7a9ac8e0 .udp UDP_ihp_mux2, L_0x560d7a9ac2d0, L_0x560d7a9ac580, L_0x560d7a9ac5f0;
L_0x560d7a9ac9d0 .functor NOT 1, L_0x560d7a9ac790, C4<0>, C4<0>, C4<0>;
L_0x560d7a9acae0 .functor NOT 1, L_0x560d7a9ac6f0, C4<0>, C4<0>, C4<0>;
L_0x7f6fe5f78778 .functor BUFT 1, C4<0>, C4<0>, C4<0>, C4<0>;
L_0x560d7a9acba0 .functor BUF 1, L_0x7f6fe5f78778, C4<0>, C4<0>, C4<0>;
L_0x560d7a9acc10 .udp UDP_ihp_dff_sr_1, v0x560d7a8a4bb0_0, L_0x560d7a9ac800, L_0x560d7a9ac8e0, L_0x560d7a9ac9d0, L_0x560d7a9acae0, L_0x560d7a9acba0;
L_0x560d7a9ace10 .functor BUF 1, L_0x560d7a9acc10, C4<0>, C4<0>, C4<0>;
L_0x560d7a9acf40 .functor NOT 1, L_0x560d7a9acc10, C4<0>, C4<0>, C4<0>;
L_0x560d7a9acfb0 .functor BUF 1, L_0x560d7a9acf40, C4<0>, C4<0>, C4<0>;
v0x560d7a8a3ba0_0 .net "CLK", 0 0, v0x560d7a908bd0_0;  alias, 1 drivers
v0x560d7a8a3c60_0 .net "D", 0 0, L_0x560d7a9363b0;  alias, 1 drivers
v0x560d7a8a3d20_0 .net "Q", 0 0, L_0x560d7a9ace10;  alias, 1 drivers
v0x560d7a8a3e20_0 .net "Q_N", 0 0, L_0x560d7a9acfb0;  1 drivers
v0x560d7a8a3ec0_0 .net "RESET_B", 0 0, v0x560d7a909430_0;  alias, 1 drivers
v0x560d7a8a3fb0_0 .net "SCD", 0 0, L_0x560d7a9ace10;  alias, 1 drivers
v0x560d7a8a40a0_0 .net "SCE", 0 0, L_0x560d7a946360;  alias, 1 drivers
v0x560d7a8a4140_0 .net "SET_B", 0 0, L_0x560d7a9b8aa0;  alias, 1 drivers
v0x560d7a8a41e0_0 .net/2s *"_ivl_15", 0 0, L_0x7f6fe5f78778;  1 drivers
v0x560d7a8a4280_0 .net "delayed_CLK", 0 0, L_0x560d7a9ac800;  1 drivers
v0x560d7a8a4320_0 .net "delayed_D", 0 0, L_0x560d7a9ac2d0;  1 drivers
v0x560d7a8a43e0_0 .net "delayed_RESET_B", 0 0, L_0x560d7a9ac6f0;  1 drivers
v0x560d7a8a44a0_0 .net "delayed_SCD", 0 0, L_0x560d7a9ac580;  1 drivers
v0x560d7a8a4560_0 .net "delayed_SCE", 0 0, L_0x560d7a9ac5f0;  1 drivers
v0x560d7a8a4620_0 .net "delayed_SET_B", 0 0, L_0x560d7a9ac790;  1 drivers
v0x560d7a8a46e0_0 .net "int_fwire_IQ", 0 0, L_0x560d7a9acc10;  1 drivers
v0x560d7a8a47a0_0 .net "int_fwire_IQN", 0 0, L_0x560d7a9acf40;  1 drivers
v0x560d7a8a4970_0 .net "int_fwire_d", 0 0, L_0x560d7a9ac8e0;  1 drivers
v0x560d7a8a4a30_0 .net "int_fwire_r", 0 0, L_0x560d7a9acae0;  1 drivers
v0x560d7a8a4af0_0 .net "int_fwire_s", 0 0, L_0x560d7a9ac9d0;  1 drivers
v0x560d7a8a4bb0_0 .var "notifier", 0 0;
v0x560d7a8a4c70_0 .net "xcr_0", 0 0, L_0x560d7a9acba0;  1 drivers
S_0x560d7a8a4e30 .scope module, "_0969_" "sg13g2_hv_sdfbbp_1" 5 3666, 3 1964 1, S_0x560d7a760c50;
 .timescale -9 -11;
    .port_info 0 /OUTPUT 1 "Q";
    .port_info 1 /OUTPUT 1 "Q_N";
    .port_info 2 /INPUT 1 "CLK";
    .port_info 3 /INPUT 1 "D";
    .port_info 4 /INPUT 1 "RESET_B";
    .port_info 5 /INPUT 1 "SCD";
    .port_info 6 /INPUT 1 "SCE";
    .port_info 7 /INPUT 1 "SET_B";
L_0x560d7a9aced0 .functor BUFZ 1, L_0x560d7a937320, C4<0>, C4<0>, C4<0>;
L_0x560d7a9ad180 .functor BUFZ 1, L_0x560d7a9ada10, C4<0>, C4<0>, C4<0>;
L_0x560d7a9ad1f0 .functor BUFZ 1, L_0x560d7a946410, C4<0>, C4<0>, C4<0>;
L_0x560d7a9ad2f0 .functor BUFZ 1, v0x560d7a909430_0, C4<0>, C4<0>, C4<0>;
L_0x560d7a9ad390 .functor BUFZ 1, L_0x560d7a9b8bf0, C4<0>, C4<0>, C4<0>;
L_0x560d7a9ad400 .functor BUFZ 1, v0x560d7a908bd0_0, C4<0>, C4<0>, C4<0>;
L_0x560d7a9ad4e0 .udp UDP_ihp_mux2, L_0x560d7a9aced0, L_0x560d7a9ad180, L_0x560d7a9ad1f0;
L_0x560d7a9ad5d0 .functor NOT 1, L_0x560d7a9ad390, C4<0>, C4<0>, C4<0>;
L_0x560d7a9ad6e0 .functor NOT 1, L_0x560d7a9ad2f0, C4<0>, C4<0>, C4<0>;
L_0x7f6fe5f787c0 .functor BUFT 1, C4<0>, C4<0>, C4<0>, C4<0>;
L_0x560d7a9ad7a0 .functor BUF 1, L_0x7f6fe5f787c0, C4<0>, C4<0>, C4<0>;
L_0x560d7a9ad810 .udp UDP_ihp_dff_sr_1, v0x560d7a8a6130_0, L_0x560d7a9ad400, L_0x560d7a9ad4e0, L_0x560d7a9ad5d0, L_0x560d7a9ad6e0, L_0x560d7a9ad7a0;
L_0x560d7a9ada10 .functor BUF 1, L_0x560d7a9ad810, C4<0>, C4<0>, C4<0>;
L_0x560d7a9adb40 .functor NOT 1, L_0x560d7a9ad810, C4<0>, C4<0>, C4<0>;
L_0x560d7a9adbb0 .functor BUF 1, L_0x560d7a9adb40, C4<0>, C4<0>, C4<0>;
v0x560d7a8a5120_0 .net "CLK", 0 0, v0x560d7a908bd0_0;  alias, 1 drivers
v0x560d7a8a51e0_0 .net "D", 0 0, L_0x560d7a937320;  alias, 1 drivers
v0x560d7a8a52a0_0 .net "Q", 0 0, L_0x560d7a9ada10;  alias, 1 drivers
v0x560d7a8a53a0_0 .net "Q_N", 0 0, L_0x560d7a9adbb0;  1 drivers
v0x560d7a8a5440_0 .net "RESET_B", 0 0, v0x560d7a909430_0;  alias, 1 drivers
v0x560d7a8a5530_0 .net "SCD", 0 0, L_0x560d7a9ada10;  alias, 1 drivers
v0x560d7a8a5620_0 .net "SCE", 0 0, L_0x560d7a946410;  alias, 1 drivers
v0x560d7a8a56c0_0 .net "SET_B", 0 0, L_0x560d7a9b8bf0;  alias, 1 drivers
v0x560d7a8a5760_0 .net/2s *"_ivl_15", 0 0, L_0x7f6fe5f787c0;  1 drivers
v0x560d7a8a5800_0 .net "delayed_CLK", 0 0, L_0x560d7a9ad400;  1 drivers
v0x560d7a8a58a0_0 .net "delayed_D", 0 0, L_0x560d7a9aced0;  1 drivers
v0x560d7a8a5960_0 .net "delayed_RESET_B", 0 0, L_0x560d7a9ad2f0;  1 drivers
v0x560d7a8a5a20_0 .net "delayed_SCD", 0 0, L_0x560d7a9ad180;  1 drivers
v0x560d7a8a5ae0_0 .net "delayed_SCE", 0 0, L_0x560d7a9ad1f0;  1 drivers
v0x560d7a8a5ba0_0 .net "delayed_SET_B", 0 0, L_0x560d7a9ad390;  1 drivers
v0x560d7a8a5c60_0 .net "int_fwire_IQ", 0 0, L_0x560d7a9ad810;  1 drivers
v0x560d7a8a5d20_0 .net "int_fwire_IQN", 0 0, L_0x560d7a9adb40;  1 drivers
v0x560d7a8a5ef0_0 .net "int_fwire_d", 0 0, L_0x560d7a9ad4e0;  1 drivers
v0x560d7a8a5fb0_0 .net "int_fwire_r", 0 0, L_0x560d7a9ad6e0;  1 drivers
v0x560d7a8a6070_0 .net "int_fwire_s", 0 0, L_0x560d7a9ad5d0;  1 drivers
v0x560d7a8a6130_0 .var "notifier", 0 0;
v0x560d7a8a61f0_0 .net "xcr_0", 0 0, L_0x560d7a9ad7a0;  1 drivers
S_0x560d7a8a63b0 .scope module, "_0970_" "sg13g2_hv_sdfbbp_1" 5 3675, 3 1964 1, S_0x560d7a760c50;
 .timescale -9 -11;
    .port_info 0 /OUTPUT 1 "Q";
    .port_info 1 /OUTPUT 1 "Q_N";
    .port_info 2 /INPUT 1 "CLK";
    .port_info 3 /INPUT 1 "D";
    .port_info 4 /INPUT 1 "RESET_B";
    .port_info 5 /INPUT 1 "SCD";
    .port_info 6 /INPUT 1 "SCE";
    .port_info 7 /INPUT 1 "SET_B";
L_0x560d7a9adad0 .functor BUFZ 1, L_0x560d7a9382c0, C4<0>, C4<0>, C4<0>;
L_0x560d7a9add80 .functor BUFZ 1, L_0x560d7a9ae610, C4<0>, C4<0>, C4<0>;
L_0x560d7a9addf0 .functor BUFZ 1, L_0x560d7a9464c0, C4<0>, C4<0>, C4<0>;
L_0x560d7a9adef0 .functor BUFZ 1, v0x560d7a909430_0, C4<0>, C4<0>, C4<0>;
L_0x560d7a9adf90 .functor BUFZ 1, L_0x560d7a9b8d40, C4<0>, C4<0>, C4<0>;
L_0x560d7a9ae000 .functor BUFZ 1, v0x560d7a908bd0_0, C4<0>, C4<0>, C4<0>;
L_0x560d7a9ae0e0 .udp UDP_ihp_mux2, L_0x560d7a9adad0, L_0x560d7a9add80, L_0x560d7a9addf0;
L_0x560d7a9ae1d0 .functor NOT 1, L_0x560d7a9adf90, C4<0>, C4<0>, C4<0>;
L_0x560d7a9ae2e0 .functor NOT 1, L_0x560d7a9adef0, C4<0>, C4<0>, C4<0>;
L_0x7f6fe5f78808 .functor BUFT 1, C4<0>, C4<0>, C4<0>, C4<0>;
L_0x560d7a9ae3a0 .functor BUF 1, L_0x7f6fe5f78808, C4<0>, C4<0>, C4<0>;
L_0x560d7a9ae410 .udp UDP_ihp_dff_sr_1, v0x560d7a8a76b0_0, L_0x560d7a9ae000, L_0x560d7a9ae0e0, L_0x560d7a9ae1d0, L_0x560d7a9ae2e0, L_0x560d7a9ae3a0;
L_0x560d7a9ae610 .functor BUF 1, L_0x560d7a9ae410, C4<0>, C4<0>, C4<0>;
L_0x560d7a9ae740 .functor NOT 1, L_0x560d7a9ae410, C4<0>, C4<0>, C4<0>;
L_0x560d7a9ae7b0 .functor BUF 1, L_0x560d7a9ae740, C4<0>, C4<0>, C4<0>;
v0x560d7a8a66a0_0 .net "CLK", 0 0, v0x560d7a908bd0_0;  alias, 1 drivers
v0x560d7a8a6760_0 .net "D", 0 0, L_0x560d7a9382c0;  alias, 1 drivers
v0x560d7a8a6820_0 .net "Q", 0 0, L_0x560d7a9ae610;  alias, 1 drivers
v0x560d7a8a6920_0 .net "Q_N", 0 0, L_0x560d7a9ae7b0;  1 drivers
v0x560d7a8a69c0_0 .net "RESET_B", 0 0, v0x560d7a909430_0;  alias, 1 drivers
v0x560d7a8a6ab0_0 .net "SCD", 0 0, L_0x560d7a9ae610;  alias, 1 drivers
v0x560d7a8a6ba0_0 .net "SCE", 0 0, L_0x560d7a9464c0;  alias, 1 drivers
v0x560d7a8a6c40_0 .net "SET_B", 0 0, L_0x560d7a9b8d40;  alias, 1 drivers
v0x560d7a8a6ce0_0 .net/2s *"_ivl_15", 0 0, L_0x7f6fe5f78808;  1 drivers
v0x560d7a8a6d80_0 .net "delayed_CLK", 0 0, L_0x560d7a9ae000;  1 drivers
v0x560d7a8a6e20_0 .net "delayed_D", 0 0, L_0x560d7a9adad0;  1 drivers
v0x560d7a8a6ee0_0 .net "delayed_RESET_B", 0 0, L_0x560d7a9adef0;  1 drivers
v0x560d7a8a6fa0_0 .net "delayed_SCD", 0 0, L_0x560d7a9add80;  1 drivers
v0x560d7a8a7060_0 .net "delayed_SCE", 0 0, L_0x560d7a9addf0;  1 drivers
v0x560d7a8a7120_0 .net "delayed_SET_B", 0 0, L_0x560d7a9adf90;  1 drivers
v0x560d7a8a71e0_0 .net "int_fwire_IQ", 0 0, L_0x560d7a9ae410;  1 drivers
v0x560d7a8a72a0_0 .net "int_fwire_IQN", 0 0, L_0x560d7a9ae740;  1 drivers
v0x560d7a8a7470_0 .net "int_fwire_d", 0 0, L_0x560d7a9ae0e0;  1 drivers
v0x560d7a8a7530_0 .net "int_fwire_r", 0 0, L_0x560d7a9ae2e0;  1 drivers
v0x560d7a8a75f0_0 .net "int_fwire_s", 0 0, L_0x560d7a9ae1d0;  1 drivers
v0x560d7a8a76b0_0 .var "notifier", 0 0;
v0x560d7a8a7770_0 .net "xcr_0", 0 0, L_0x560d7a9ae3a0;  1 drivers
S_0x560d7a8a7930 .scope module, "_0971_" "sg13g2_hv_sdfbbp_1" 5 3684, 3 1964 1, S_0x560d7a760c50;
 .timescale -9 -11;
    .port_info 0 /OUTPUT 1 "Q";
    .port_info 1 /OUTPUT 1 "Q_N";
    .port_info 2 /INPUT 1 "CLK";
    .port_info 3 /INPUT 1 "D";
    .port_info 4 /INPUT 1 "RESET_B";
    .port_info 5 /INPUT 1 "SCD";
    .port_info 6 /INPUT 1 "SCE";
    .port_info 7 /INPUT 1 "SET_B";
L_0x560d7a9ae6d0 .functor BUFZ 1, L_0x560d7a939260, C4<0>, C4<0>, C4<0>;
L_0x560d7a9ae980 .functor BUFZ 1, L_0x560d7a9af210, C4<0>, C4<0>, C4<0>;
L_0x560d7a9ae9f0 .functor BUFZ 1, L_0x560d7a946570, C4<0>, C4<0>, C4<0>;
L_0x560d7a9aeaf0 .functor BUFZ 1, v0x560d7a909430_0, C4<0>, C4<0>, C4<0>;
L_0x560d7a9aeb90 .functor BUFZ 1, L_0x560d7a9b8e90, C4<0>, C4<0>, C4<0>;
L_0x560d7a9aec00 .functor BUFZ 1, v0x560d7a908bd0_0, C4<0>, C4<0>, C4<0>;
L_0x560d7a9aece0 .udp UDP_ihp_mux2, L_0x560d7a9ae6d0, L_0x560d7a9ae980, L_0x560d7a9ae9f0;
L_0x560d7a9aedd0 .functor NOT 1, L_0x560d7a9aeb90, C4<0>, C4<0>, C4<0>;
L_0x560d7a9aeee0 .functor NOT 1, L_0x560d7a9aeaf0, C4<0>, C4<0>, C4<0>;
L_0x7f6fe5f78850 .functor BUFT 1, C4<0>, C4<0>, C4<0>, C4<0>;
L_0x560d7a9aefa0 .functor BUF 1, L_0x7f6fe5f78850, C4<0>, C4<0>, C4<0>;
L_0x560d7a9af010 .udp UDP_ihp_dff_sr_1, v0x560d7a8a8c30_0, L_0x560d7a9aec00, L_0x560d7a9aece0, L_0x560d7a9aedd0, L_0x560d7a9aeee0, L_0x560d7a9aefa0;
L_0x560d7a9af210 .functor BUF 1, L_0x560d7a9af010, C4<0>, C4<0>, C4<0>;
L_0x560d7a9af340 .functor NOT 1, L_0x560d7a9af010, C4<0>, C4<0>, C4<0>;
L_0x560d7a9af3b0 .functor BUF 1, L_0x560d7a9af340, C4<0>, C4<0>, C4<0>;
v0x560d7a8a7c20_0 .net "CLK", 0 0, v0x560d7a908bd0_0;  alias, 1 drivers
v0x560d7a8a7ce0_0 .net "D", 0 0, L_0x560d7a939260;  alias, 1 drivers
v0x560d7a8a7da0_0 .net "Q", 0 0, L_0x560d7a9af210;  alias, 1 drivers
v0x560d7a8a7ea0_0 .net "Q_N", 0 0, L_0x560d7a9af3b0;  1 drivers
v0x560d7a8a7f40_0 .net "RESET_B", 0 0, v0x560d7a909430_0;  alias, 1 drivers
v0x560d7a8a8030_0 .net "SCD", 0 0, L_0x560d7a9af210;  alias, 1 drivers
v0x560d7a8a8120_0 .net "SCE", 0 0, L_0x560d7a946570;  alias, 1 drivers
v0x560d7a8a81c0_0 .net "SET_B", 0 0, L_0x560d7a9b8e90;  alias, 1 drivers
v0x560d7a8a8260_0 .net/2s *"_ivl_15", 0 0, L_0x7f6fe5f78850;  1 drivers
v0x560d7a8a8300_0 .net "delayed_CLK", 0 0, L_0x560d7a9aec00;  1 drivers
v0x560d7a8a83a0_0 .net "delayed_D", 0 0, L_0x560d7a9ae6d0;  1 drivers
v0x560d7a8a8460_0 .net "delayed_RESET_B", 0 0, L_0x560d7a9aeaf0;  1 drivers
v0x560d7a8a8520_0 .net "delayed_SCD", 0 0, L_0x560d7a9ae980;  1 drivers
v0x560d7a8a85e0_0 .net "delayed_SCE", 0 0, L_0x560d7a9ae9f0;  1 drivers
v0x560d7a8a86a0_0 .net "delayed_SET_B", 0 0, L_0x560d7a9aeb90;  1 drivers
v0x560d7a8a8760_0 .net "int_fwire_IQ", 0 0, L_0x560d7a9af010;  1 drivers
v0x560d7a8a8820_0 .net "int_fwire_IQN", 0 0, L_0x560d7a9af340;  1 drivers
v0x560d7a8a89f0_0 .net "int_fwire_d", 0 0, L_0x560d7a9aece0;  1 drivers
v0x560d7a8a8ab0_0 .net "int_fwire_r", 0 0, L_0x560d7a9aeee0;  1 drivers
v0x560d7a8a8b70_0 .net "int_fwire_s", 0 0, L_0x560d7a9aedd0;  1 drivers
v0x560d7a8a8c30_0 .var "notifier", 0 0;
v0x560d7a8a8cf0_0 .net "xcr_0", 0 0, L_0x560d7a9aefa0;  1 drivers
S_0x560d7a8a8eb0 .scope module, "_0972_" "sg13g2_hv_sdfbbp_1" 5 3693, 3 1964 1, S_0x560d7a760c50;
 .timescale -9 -11;
    .port_info 0 /OUTPUT 1 "Q";
    .port_info 1 /OUTPUT 1 "Q_N";
    .port_info 2 /INPUT 1 "CLK";
    .port_info 3 /INPUT 1 "D";
    .port_info 4 /INPUT 1 "RESET_B";
    .port_info 5 /INPUT 1 "SCD";
    .port_info 6 /INPUT 1 "SCE";
    .port_info 7 /INPUT 1 "SET_B";
L_0x560d7a9af2d0 .functor BUFZ 1, L_0x560d7a93a200, C4<0>, C4<0>, C4<0>;
L_0x560d7a9af580 .functor BUFZ 1, L_0x560d7a9afe10, C4<0>, C4<0>, C4<0>;
L_0x560d7a9af5f0 .functor BUFZ 1, L_0x560d7a946620, C4<0>, C4<0>, C4<0>;
L_0x560d7a9af6f0 .functor BUFZ 1, v0x560d7a909430_0, C4<0>, C4<0>, C4<0>;
L_0x560d7a9af790 .functor BUFZ 1, L_0x560d7a9b8fe0, C4<0>, C4<0>, C4<0>;
L_0x560d7a9af800 .functor BUFZ 1, v0x560d7a908bd0_0, C4<0>, C4<0>, C4<0>;
L_0x560d7a9af8e0 .udp UDP_ihp_mux2, L_0x560d7a9af2d0, L_0x560d7a9af580, L_0x560d7a9af5f0;
L_0x560d7a9af9d0 .functor NOT 1, L_0x560d7a9af790, C4<0>, C4<0>, C4<0>;
L_0x560d7a9afae0 .functor NOT 1, L_0x560d7a9af6f0, C4<0>, C4<0>, C4<0>;
L_0x7f6fe5f78898 .functor BUFT 1, C4<0>, C4<0>, C4<0>, C4<0>;
L_0x560d7a9afba0 .functor BUF 1, L_0x7f6fe5f78898, C4<0>, C4<0>, C4<0>;
L_0x560d7a9afc10 .udp UDP_ihp_dff_sr_1, v0x560d7a8aa1b0_0, L_0x560d7a9af800, L_0x560d7a9af8e0, L_0x560d7a9af9d0, L_0x560d7a9afae0, L_0x560d7a9afba0;
L_0x560d7a9afe10 .functor BUF 1, L_0x560d7a9afc10, C4<0>, C4<0>, C4<0>;
L_0x560d7a9aff40 .functor NOT 1, L_0x560d7a9afc10, C4<0>, C4<0>, C4<0>;
L_0x560d7a9affb0 .functor BUF 1, L_0x560d7a9aff40, C4<0>, C4<0>, C4<0>;
v0x560d7a8a91a0_0 .net "CLK", 0 0, v0x560d7a908bd0_0;  alias, 1 drivers
v0x560d7a8a9260_0 .net "D", 0 0, L_0x560d7a93a200;  alias, 1 drivers
v0x560d7a8a9320_0 .net "Q", 0 0, L_0x560d7a9afe10;  alias, 1 drivers
v0x560d7a8a9420_0 .net "Q_N", 0 0, L_0x560d7a9affb0;  1 drivers
v0x560d7a8a94c0_0 .net "RESET_B", 0 0, v0x560d7a909430_0;  alias, 1 drivers
v0x560d7a8a95b0_0 .net "SCD", 0 0, L_0x560d7a9afe10;  alias, 1 drivers
v0x560d7a8a96a0_0 .net "SCE", 0 0, L_0x560d7a946620;  alias, 1 drivers
v0x560d7a8a9740_0 .net "SET_B", 0 0, L_0x560d7a9b8fe0;  alias, 1 drivers
v0x560d7a8a97e0_0 .net/2s *"_ivl_15", 0 0, L_0x7f6fe5f78898;  1 drivers
v0x560d7a8a9880_0 .net "delayed_CLK", 0 0, L_0x560d7a9af800;  1 drivers
v0x560d7a8a9920_0 .net "delayed_D", 0 0, L_0x560d7a9af2d0;  1 drivers
v0x560d7a8a99e0_0 .net "delayed_RESET_B", 0 0, L_0x560d7a9af6f0;  1 drivers
v0x560d7a8a9aa0_0 .net "delayed_SCD", 0 0, L_0x560d7a9af580;  1 drivers
v0x560d7a8a9b60_0 .net "delayed_SCE", 0 0, L_0x560d7a9af5f0;  1 drivers
v0x560d7a8a9c20_0 .net "delayed_SET_B", 0 0, L_0x560d7a9af790;  1 drivers
v0x560d7a8a9ce0_0 .net "int_fwire_IQ", 0 0, L_0x560d7a9afc10;  1 drivers
v0x560d7a8a9da0_0 .net "int_fwire_IQN", 0 0, L_0x560d7a9aff40;  1 drivers
v0x560d7a8a9f70_0 .net "int_fwire_d", 0 0, L_0x560d7a9af8e0;  1 drivers
v0x560d7a8aa030_0 .net "int_fwire_r", 0 0, L_0x560d7a9afae0;  1 drivers
v0x560d7a8aa0f0_0 .net "int_fwire_s", 0 0, L_0x560d7a9af9d0;  1 drivers
v0x560d7a8aa1b0_0 .var "notifier", 0 0;
v0x560d7a8aa270_0 .net "xcr_0", 0 0, L_0x560d7a9afba0;  1 drivers
S_0x560d7a8aa430 .scope module, "_0973_" "sg13g2_hv_sdfbbp_1" 5 3702, 3 1964 1, S_0x560d7a760c50;
 .timescale -9 -11;
    .port_info 0 /OUTPUT 1 "Q";
    .port_info 1 /OUTPUT 1 "Q_N";
    .port_info 2 /INPUT 1 "CLK";
    .port_info 3 /INPUT 1 "D";
    .port_info 4 /INPUT 1 "RESET_B";
    .port_info 5 /INPUT 1 "SCD";
    .port_info 6 /INPUT 1 "SCE";
    .port_info 7 /INPUT 1 "SET_B";
L_0x560d7a9afed0 .functor BUFZ 1, L_0x560d7a927490, C4<0>, C4<0>, C4<0>;
L_0x560d7a9b0180 .functor BUFZ 1, L_0x560d7a9bd740, C4<0>, C4<0>, C4<0>;
L_0x560d7a9b01f0 .functor BUFZ 1, L_0x560d7a9bd840, C4<0>, C4<0>, C4<0>;
L_0x560d7a9b0260 .functor BUFZ 1, L_0x560d7a9b77b0, C4<0>, C4<0>, C4<0>;
L_0x560d7a9b0300 .functor BUFZ 1, v0x560d7a909430_0, C4<0>, C4<0>, C4<0>;
L_0x560d7a9b0370 .functor BUFZ 1, v0x560d7a908bd0_0, C4<0>, C4<0>, C4<0>;
L_0x560d7a9b0450 .udp UDP_ihp_mux2, L_0x560d7a9afed0, L_0x560d7a9b0180, L_0x560d7a9b01f0;
L_0x560d7a9b0590 .functor NOT 1, L_0x560d7a9b0300, C4<0>, C4<0>, C4<0>;
L_0x560d7a9b06a0 .functor NOT 1, L_0x560d7a9b0260, C4<0>, C4<0>, C4<0>;
L_0x7f6fe5f788e0 .functor BUFT 1, C4<0>, C4<0>, C4<0>, C4<0>;
L_0x560d7a9b0760 .functor BUF 1, L_0x7f6fe5f788e0, C4<0>, C4<0>, C4<0>;
L_0x560d7a9b07d0 .udp UDP_ihp_dff_sr_1, v0x560d7a8ab840_0, L_0x560d7a9b0370, L_0x560d7a9b0450, L_0x560d7a9b0590, L_0x560d7a9b06a0, L_0x560d7a9b0760;
L_0x560d7a9b09d0 .functor BUF 1, L_0x560d7a9b07d0, C4<0>, C4<0>, C4<0>;
L_0x560d7a9b0b00 .functor NOT 1, L_0x560d7a9b07d0, C4<0>, C4<0>, C4<0>;
L_0x560d7a9b0b70 .functor BUF 1, L_0x560d7a9b0b00, C4<0>, C4<0>, C4<0>;
v0x560d7a8aa720_0 .net "CLK", 0 0, v0x560d7a908bd0_0;  alias, 1 drivers
v0x560d7a8aa7e0_0 .net "D", 0 0, L_0x560d7a927490;  alias, 1 drivers
v0x560d7a8aa8a0_0 .net "Q", 0 0, L_0x560d7a9b09d0;  alias, 1 drivers
v0x560d7a8aaa80_0 .net "Q_N", 0 0, L_0x560d7a9b0b70;  1 drivers
v0x560d7a8aab20_0 .net "RESET_B", 0 0, L_0x560d7a9b77b0;  alias, 1 drivers
v0x560d7a8aac10_0 .net "SCD", 0 0, L_0x560d7a9bd740;  alias, 1 drivers
v0x560d7a8aacb0_0 .net "SCE", 0 0, L_0x560d7a9bd840;  alias, 1 drivers
v0x560d7a8aad70_0 .net "SET_B", 0 0, v0x560d7a909430_0;  alias, 1 drivers
v0x560d7a8aae10_0 .net/2s *"_ivl_15", 0 0, L_0x7f6fe5f788e0;  1 drivers
v0x560d7a8aaef0_0 .net "delayed_CLK", 0 0, L_0x560d7a9b0370;  1 drivers
v0x560d7a8aafb0_0 .net "delayed_D", 0 0, L_0x560d7a9afed0;  1 drivers
v0x560d7a8ab070_0 .net "delayed_RESET_B", 0 0, L_0x560d7a9b0260;  1 drivers
v0x560d7a8ab130_0 .net "delayed_SCD", 0 0, L_0x560d7a9b0180;  1 drivers
v0x560d7a8ab1f0_0 .net "delayed_SCE", 0 0, L_0x560d7a9b01f0;  1 drivers
v0x560d7a8ab2b0_0 .net "delayed_SET_B", 0 0, L_0x560d7a9b0300;  1 drivers
v0x560d7a8ab370_0 .net "int_fwire_IQ", 0 0, L_0x560d7a9b07d0;  1 drivers
v0x560d7a8ab430_0 .net "int_fwire_IQN", 0 0, L_0x560d7a9b0b00;  1 drivers
v0x560d7a8ab600_0 .net "int_fwire_d", 0 0, L_0x560d7a9b0450;  1 drivers
v0x560d7a8ab6c0_0 .net "int_fwire_r", 0 0, L_0x560d7a9b06a0;  1 drivers
v0x560d7a8ab780_0 .net "int_fwire_s", 0 0, L_0x560d7a9b0590;  1 drivers
v0x560d7a8ab840_0 .var "notifier", 0 0;
v0x560d7a8ab900_0 .net "xcr_0", 0 0, L_0x560d7a9b0760;  1 drivers
S_0x560d7a8abac0 .scope module, "_0974_" "sg13g2_hv_sdfbbp_1" 5 3711, 3 1964 1, S_0x560d7a760c50;
 .timescale -9 -11;
    .port_info 0 /OUTPUT 1 "Q";
    .port_info 1 /OUTPUT 1 "Q_N";
    .port_info 2 /INPUT 1 "CLK";
    .port_info 3 /INPUT 1 "D";
    .port_info 4 /INPUT 1 "RESET_B";
    .port_info 5 /INPUT 1 "SCD";
    .port_info 6 /INPUT 1 "SCE";
    .port_info 7 /INPUT 1 "SET_B";
L_0x560d7a9b0a90 .functor BUFZ 1, L_0x560d7a926ea0, C4<0>, C4<0>, C4<0>;
L_0x560d7a9b0d40 .functor BUFZ 1, L_0x560d7a9bd940, C4<0>, C4<0>, C4<0>;
L_0x560d7a9b0db0 .functor BUFZ 1, L_0x560d7a9bda40, C4<0>, C4<0>, C4<0>;
L_0x560d7a9b0e20 .functor BUFZ 1, v0x560d7a909430_0, C4<0>, C4<0>, C4<0>;
L_0x560d7a9b0ec0 .functor BUFZ 1, L_0x560d7a9b9230, C4<0>, C4<0>, C4<0>;
L_0x560d7a9b0f30 .functor BUFZ 1, v0x560d7a908bd0_0, C4<0>, C4<0>, C4<0>;
L_0x560d7a9b1010 .udp UDP_ihp_mux2, L_0x560d7a9b0a90, L_0x560d7a9b0d40, L_0x560d7a9b0db0;
L_0x560d7a9b1150 .functor NOT 1, L_0x560d7a9b0ec0, C4<0>, C4<0>, C4<0>;
L_0x560d7a9b1260 .functor NOT 1, L_0x560d7a9b0e20, C4<0>, C4<0>, C4<0>;
L_0x7f6fe5f78928 .functor BUFT 1, C4<0>, C4<0>, C4<0>, C4<0>;
L_0x560d7a9b1320 .functor BUF 1, L_0x7f6fe5f78928, C4<0>, C4<0>, C4<0>;
L_0x560d7a9b1390 .udp UDP_ihp_dff_sr_1, v0x560d7a8acdc0_0, L_0x560d7a9b0f30, L_0x560d7a9b1010, L_0x560d7a9b1150, L_0x560d7a9b1260, L_0x560d7a9b1320;
L_0x560d7a9b1590 .functor BUF 1, L_0x560d7a9b1390, C4<0>, C4<0>, C4<0>;
L_0x560d7a9b18d0 .functor NOT 1, L_0x560d7a9b1390, C4<0>, C4<0>, C4<0>;
L_0x560d7a9b1940 .functor BUF 1, L_0x560d7a9b18d0, C4<0>, C4<0>, C4<0>;
v0x560d7a8abdb0_0 .net "CLK", 0 0, v0x560d7a908bd0_0;  alias, 1 drivers
v0x560d7a8abe70_0 .net "D", 0 0, L_0x560d7a926ea0;  alias, 1 drivers
v0x560d7a8abf30_0 .net "Q", 0 0, L_0x560d7a9b1590;  alias, 1 drivers
v0x560d7a8ac000_0 .net "Q_N", 0 0, L_0x560d7a9b1940;  1 drivers
v0x560d7a8ac0a0_0 .net "RESET_B", 0 0, v0x560d7a909430_0;  alias, 1 drivers
v0x560d7a8ac190_0 .net "SCD", 0 0, L_0x560d7a9bd940;  alias, 1 drivers
v0x560d7a8ac230_0 .net "SCE", 0 0, L_0x560d7a9bda40;  alias, 1 drivers
v0x560d7a8ac2d0_0 .net "SET_B", 0 0, L_0x560d7a9b9230;  alias, 1 drivers
v0x560d7a8ac390_0 .net/2s *"_ivl_15", 0 0, L_0x7f6fe5f78928;  1 drivers
v0x560d7a8ac470_0 .net "delayed_CLK", 0 0, L_0x560d7a9b0f30;  1 drivers
v0x560d7a8ac530_0 .net "delayed_D", 0 0, L_0x560d7a9b0a90;  1 drivers
v0x560d7a8ac5f0_0 .net "delayed_RESET_B", 0 0, L_0x560d7a9b0e20;  1 drivers
v0x560d7a8ac6b0_0 .net "delayed_SCD", 0 0, L_0x560d7a9b0d40;  1 drivers
v0x560d7a8ac770_0 .net "delayed_SCE", 0 0, L_0x560d7a9b0db0;  1 drivers
v0x560d7a8ac830_0 .net "delayed_SET_B", 0 0, L_0x560d7a9b0ec0;  1 drivers
v0x560d7a8ac8f0_0 .net "int_fwire_IQ", 0 0, L_0x560d7a9b1390;  1 drivers
v0x560d7a8ac9b0_0 .net "int_fwire_IQN", 0 0, L_0x560d7a9b18d0;  1 drivers
v0x560d7a8acb80_0 .net "int_fwire_d", 0 0, L_0x560d7a9b1010;  1 drivers
v0x560d7a8acc40_0 .net "int_fwire_r", 0 0, L_0x560d7a9b1260;  1 drivers
v0x560d7a8acd00_0 .net "int_fwire_s", 0 0, L_0x560d7a9b1150;  1 drivers
v0x560d7a8acdc0_0 .var "notifier", 0 0;
v0x560d7a8ace80_0 .net "xcr_0", 0 0, L_0x560d7a9b1320;  1 drivers
S_0x560d7a8ad040 .scope module, "_0975_" "sg13g2_hv_sdfbbp_1" 5 3720, 3 1964 1, S_0x560d7a760c50;
 .timescale -9 -11;
    .port_info 0 /OUTPUT 1 "Q";
    .port_info 1 /OUTPUT 1 "Q_N";
    .port_info 2 /INPUT 1 "CLK";
    .port_info 3 /INPUT 1 "D";
    .port_info 4 /INPUT 1 "RESET_B";
    .port_info 5 /INPUT 1 "SCD";
    .port_info 6 /INPUT 1 "SCE";
    .port_info 7 /INPUT 1 "SET_B";
L_0x560d7a9b1860 .functor BUFZ 1, L_0x560d7a926cc0, C4<0>, C4<0>, C4<0>;
L_0x560d7a9b1b10 .functor BUFZ 1, L_0x560d7a9bdb40, C4<0>, C4<0>, C4<0>;
L_0x560d7a9b1b80 .functor BUFZ 1, L_0x560d7a9bdc40, C4<0>, C4<0>, C4<0>;
L_0x560d7a9b1bf0 .functor BUFZ 1, v0x560d7a909430_0, C4<0>, C4<0>, C4<0>;
L_0x560d7a9b1c90 .functor BUFZ 1, L_0x560d7a9b9330, C4<0>, C4<0>, C4<0>;
L_0x560d7a9b1d00 .functor BUFZ 1, v0x560d7a908bd0_0, C4<0>, C4<0>, C4<0>;
L_0x560d7a9b1de0 .udp UDP_ihp_mux2, L_0x560d7a9b1860, L_0x560d7a9b1b10, L_0x560d7a9b1b80;
L_0x560d7a9b1f20 .functor NOT 1, L_0x560d7a9b1c90, C4<0>, C4<0>, C4<0>;
L_0x560d7a9b2030 .functor NOT 1, L_0x560d7a9b1bf0, C4<0>, C4<0>, C4<0>;
L_0x7f6fe5f78970 .functor BUFT 1, C4<0>, C4<0>, C4<0>, C4<0>;
L_0x560d7a9b20f0 .functor BUF 1, L_0x7f6fe5f78970, C4<0>, C4<0>, C4<0>;
L_0x560d7a9b2160 .udp UDP_ihp_dff_sr_1, v0x560d7a8ae340_0, L_0x560d7a9b1d00, L_0x560d7a9b1de0, L_0x560d7a9b1f20, L_0x560d7a9b2030, L_0x560d7a9b20f0;
L_0x560d7a9b2360 .functor BUF 1, L_0x560d7a9b2160, C4<0>, C4<0>, C4<0>;
L_0x560d7a9b26a0 .functor NOT 1, L_0x560d7a9b2160, C4<0>, C4<0>, C4<0>;
L_0x560d7a9b2710 .functor BUF 1, L_0x560d7a9b26a0, C4<0>, C4<0>, C4<0>;
v0x560d7a8ad330_0 .net "CLK", 0 0, v0x560d7a908bd0_0;  alias, 1 drivers
v0x560d7a8ad3f0_0 .net "D", 0 0, L_0x560d7a926cc0;  alias, 1 drivers
v0x560d7a8ad4b0_0 .net "Q", 0 0, L_0x560d7a9b2360;  alias, 1 drivers
v0x560d7a8ad580_0 .net "Q_N", 0 0, L_0x560d7a9b2710;  1 drivers
v0x560d7a8ad620_0 .net "RESET_B", 0 0, v0x560d7a909430_0;  alias, 1 drivers
v0x560d7a8ad710_0 .net "SCD", 0 0, L_0x560d7a9bdb40;  alias, 1 drivers
v0x560d7a8ad7b0_0 .net "SCE", 0 0, L_0x560d7a9bdc40;  alias, 1 drivers
v0x560d7a8ad850_0 .net "SET_B", 0 0, L_0x560d7a9b9330;  alias, 1 drivers
v0x560d7a8ad910_0 .net/2s *"_ivl_15", 0 0, L_0x7f6fe5f78970;  1 drivers
v0x560d7a8ad9f0_0 .net "delayed_CLK", 0 0, L_0x560d7a9b1d00;  1 drivers
v0x560d7a8adab0_0 .net "delayed_D", 0 0, L_0x560d7a9b1860;  1 drivers
v0x560d7a8adb70_0 .net "delayed_RESET_B", 0 0, L_0x560d7a9b1bf0;  1 drivers
v0x560d7a8adc30_0 .net "delayed_SCD", 0 0, L_0x560d7a9b1b10;  1 drivers
v0x560d7a8adcf0_0 .net "delayed_SCE", 0 0, L_0x560d7a9b1b80;  1 drivers
v0x560d7a8addb0_0 .net "delayed_SET_B", 0 0, L_0x560d7a9b1c90;  1 drivers
v0x560d7a8ade70_0 .net "int_fwire_IQ", 0 0, L_0x560d7a9b2160;  1 drivers
v0x560d7a8adf30_0 .net "int_fwire_IQN", 0 0, L_0x560d7a9b26a0;  1 drivers
v0x560d7a8ae100_0 .net "int_fwire_d", 0 0, L_0x560d7a9b1de0;  1 drivers
v0x560d7a8ae1c0_0 .net "int_fwire_r", 0 0, L_0x560d7a9b2030;  1 drivers
v0x560d7a8ae280_0 .net "int_fwire_s", 0 0, L_0x560d7a9b1f20;  1 drivers
v0x560d7a8ae340_0 .var "notifier", 0 0;
v0x560d7a8ae400_0 .net "xcr_0", 0 0, L_0x560d7a9b20f0;  1 drivers
S_0x560d7a8ae5c0 .scope module, "_0976_" "sg13g2_hv_sdfbbp_1" 5 3729, 3 1964 1, S_0x560d7a760c50;
 .timescale -9 -11;
    .port_info 0 /OUTPUT 1 "Q";
    .port_info 1 /OUTPUT 1 "Q_N";
    .port_info 2 /INPUT 1 "CLK";
    .port_info 3 /INPUT 1 "D";
    .port_info 4 /INPUT 1 "RESET_B";
    .port_info 5 /INPUT 1 "SCD";
    .port_info 6 /INPUT 1 "SCE";
    .port_info 7 /INPUT 1 "SET_B";
L_0x560d7a9b2630 .functor BUFZ 1, L_0x560d7a9268e0, C4<0>, C4<0>, C4<0>;
L_0x560d7a9b28e0 .functor BUFZ 1, L_0x560d7a9bdd40, C4<0>, C4<0>, C4<0>;
L_0x560d7a9b2950 .functor BUFZ 1, L_0x560d7a9bde40, C4<0>, C4<0>, C4<0>;
L_0x560d7a9b29c0 .functor BUFZ 1, v0x560d7a909430_0, C4<0>, C4<0>, C4<0>;
L_0x560d7a9b2a60 .functor BUFZ 1, L_0x560d7a9b9430, C4<0>, C4<0>, C4<0>;
L_0x560d7a9b2ad0 .functor BUFZ 1, v0x560d7a908bd0_0, C4<0>, C4<0>, C4<0>;
L_0x560d7a9b2bb0 .udp UDP_ihp_mux2, L_0x560d7a9b2630, L_0x560d7a9b28e0, L_0x560d7a9b2950;
L_0x560d7a9b2cf0 .functor NOT 1, L_0x560d7a9b2a60, C4<0>, C4<0>, C4<0>;
L_0x560d7a9b2e00 .functor NOT 1, L_0x560d7a9b29c0, C4<0>, C4<0>, C4<0>;
L_0x7f6fe5f789b8 .functor BUFT 1, C4<0>, C4<0>, C4<0>, C4<0>;
L_0x560d7a9b2ec0 .functor BUF 1, L_0x7f6fe5f789b8, C4<0>, C4<0>, C4<0>;
L_0x560d7a9b2f30 .udp UDP_ihp_dff_sr_1, v0x560d7a8af8c0_0, L_0x560d7a9b2ad0, L_0x560d7a9b2bb0, L_0x560d7a9b2cf0, L_0x560d7a9b2e00, L_0x560d7a9b2ec0;
L_0x560d7a9b3130 .functor BUF 1, L_0x560d7a9b2f30, C4<0>, C4<0>, C4<0>;
L_0x560d7a9b3260 .functor NOT 1, L_0x560d7a9b2f30, C4<0>, C4<0>, C4<0>;
L_0x560d7a9b32d0 .functor BUF 1, L_0x560d7a9b3260, C4<0>, C4<0>, C4<0>;
v0x560d7a8ae8b0_0 .net "CLK", 0 0, v0x560d7a908bd0_0;  alias, 1 drivers
v0x560d7a8ae970_0 .net "D", 0 0, L_0x560d7a9268e0;  alias, 1 drivers
v0x560d7a8aea30_0 .net "Q", 0 0, L_0x560d7a9b3130;  alias, 1 drivers
v0x560d7a8aeb00_0 .net "Q_N", 0 0, L_0x560d7a9b32d0;  1 drivers
v0x560d7a8aeba0_0 .net "RESET_B", 0 0, v0x560d7a909430_0;  alias, 1 drivers
v0x560d7a8aec90_0 .net "SCD", 0 0, L_0x560d7a9bdd40;  alias, 1 drivers
v0x560d7a8aed30_0 .net "SCE", 0 0, L_0x560d7a9bde40;  alias, 1 drivers
v0x560d7a8aedd0_0 .net "SET_B", 0 0, L_0x560d7a9b9430;  alias, 1 drivers
v0x560d7a8aee90_0 .net/2s *"_ivl_15", 0 0, L_0x7f6fe5f789b8;  1 drivers
v0x560d7a8aef70_0 .net "delayed_CLK", 0 0, L_0x560d7a9b2ad0;  1 drivers
v0x560d7a8af030_0 .net "delayed_D", 0 0, L_0x560d7a9b2630;  1 drivers
v0x560d7a8af0f0_0 .net "delayed_RESET_B", 0 0, L_0x560d7a9b29c0;  1 drivers
v0x560d7a8af1b0_0 .net "delayed_SCD", 0 0, L_0x560d7a9b28e0;  1 drivers
v0x560d7a8af270_0 .net "delayed_SCE", 0 0, L_0x560d7a9b2950;  1 drivers
v0x560d7a8af330_0 .net "delayed_SET_B", 0 0, L_0x560d7a9b2a60;  1 drivers
v0x560d7a8af3f0_0 .net "int_fwire_IQ", 0 0, L_0x560d7a9b2f30;  1 drivers
v0x560d7a8af4b0_0 .net "int_fwire_IQN", 0 0, L_0x560d7a9b3260;  1 drivers
v0x560d7a8af680_0 .net "int_fwire_d", 0 0, L_0x560d7a9b2bb0;  1 drivers
v0x560d7a8af740_0 .net "int_fwire_r", 0 0, L_0x560d7a9b2e00;  1 drivers
v0x560d7a8af800_0 .net "int_fwire_s", 0 0, L_0x560d7a9b2cf0;  1 drivers
v0x560d7a8af8c0_0 .var "notifier", 0 0;
v0x560d7a8af980_0 .net "xcr_0", 0 0, L_0x560d7a9b2ec0;  1 drivers
S_0x560d7a8afb40 .scope module, "_0977_" "sg13g2_hv_sdfbbp_1" 5 3738, 3 1964 1, S_0x560d7a760c50;
 .timescale -9 -11;
    .port_info 0 /OUTPUT 1 "Q";
    .port_info 1 /OUTPUT 1 "Q_N";
    .port_info 2 /INPUT 1 "CLK";
    .port_info 3 /INPUT 1 "D";
    .port_info 4 /INPUT 1 "RESET_B";
    .port_info 5 /INPUT 1 "SCD";
    .port_info 6 /INPUT 1 "SCE";
    .port_info 7 /INPUT 1 "SET_B";
L_0x560d7a9b31f0 .functor BUFZ 1, L_0x560d7a9264f0, C4<0>, C4<0>, C4<0>;
L_0x560d7a9b34a0 .functor BUFZ 1, L_0x560d7a9bdf40, C4<0>, C4<0>, C4<0>;
L_0x560d7a9b3510 .functor BUFZ 1, L_0x560d7a9be040, C4<0>, C4<0>, C4<0>;
L_0x560d7a9b3580 .functor BUFZ 1, v0x560d7a909430_0, C4<0>, C4<0>, C4<0>;
L_0x560d7a9b3620 .functor BUFZ 1, L_0x560d7a9b9530, C4<0>, C4<0>, C4<0>;
L_0x560d7a9b3690 .functor BUFZ 1, v0x560d7a908bd0_0, C4<0>, C4<0>, C4<0>;
L_0x560d7a9b3770 .udp UDP_ihp_mux2, L_0x560d7a9b31f0, L_0x560d7a9b34a0, L_0x560d7a9b3510;
L_0x560d7a9b38b0 .functor NOT 1, L_0x560d7a9b3620, C4<0>, C4<0>, C4<0>;
L_0x560d7a9b39c0 .functor NOT 1, L_0x560d7a9b3580, C4<0>, C4<0>, C4<0>;
L_0x7f6fe5f78a00 .functor BUFT 1, C4<0>, C4<0>, C4<0>, C4<0>;
L_0x560d7a9b3a80 .functor BUF 1, L_0x7f6fe5f78a00, C4<0>, C4<0>, C4<0>;
L_0x560d7a9b3af0 .udp UDP_ihp_dff_sr_1, v0x560d7a8b0e40_0, L_0x560d7a9b3690, L_0x560d7a9b3770, L_0x560d7a9b38b0, L_0x560d7a9b39c0, L_0x560d7a9b3a80;
L_0x560d7a9b3cf0 .functor BUF 1, L_0x560d7a9b3af0, C4<0>, C4<0>, C4<0>;
L_0x560d7a9b3e20 .functor NOT 1, L_0x560d7a9b3af0, C4<0>, C4<0>, C4<0>;
L_0x560d7a9b3e90 .functor BUF 1, L_0x560d7a9b3e20, C4<0>, C4<0>, C4<0>;
v0x560d7a8afe30_0 .net "CLK", 0 0, v0x560d7a908bd0_0;  alias, 1 drivers
v0x560d7a8afef0_0 .net "D", 0 0, L_0x560d7a9264f0;  alias, 1 drivers
v0x560d7a8affb0_0 .net "Q", 0 0, L_0x560d7a9b3cf0;  alias, 1 drivers
v0x560d7a8b0080_0 .net "Q_N", 0 0, L_0x560d7a9b3e90;  1 drivers
v0x560d7a8b0120_0 .net "RESET_B", 0 0, v0x560d7a909430_0;  alias, 1 drivers
v0x560d7a8b0210_0 .net "SCD", 0 0, L_0x560d7a9bdf40;  alias, 1 drivers
v0x560d7a8b02b0_0 .net "SCE", 0 0, L_0x560d7a9be040;  alias, 1 drivers
v0x560d7a8b0350_0 .net "SET_B", 0 0, L_0x560d7a9b9530;  alias, 1 drivers
v0x560d7a8b0410_0 .net/2s *"_ivl_15", 0 0, L_0x7f6fe5f78a00;  1 drivers
v0x560d7a8b04f0_0 .net "delayed_CLK", 0 0, L_0x560d7a9b3690;  1 drivers
v0x560d7a8b05b0_0 .net "delayed_D", 0 0, L_0x560d7a9b31f0;  1 drivers
v0x560d7a8b0670_0 .net "delayed_RESET_B", 0 0, L_0x560d7a9b3580;  1 drivers
v0x560d7a8b0730_0 .net "delayed_SCD", 0 0, L_0x560d7a9b34a0;  1 drivers
v0x560d7a8b07f0_0 .net "delayed_SCE", 0 0, L_0x560d7a9b3510;  1 drivers
v0x560d7a8b08b0_0 .net "delayed_SET_B", 0 0, L_0x560d7a9b3620;  1 drivers
v0x560d7a8b0970_0 .net "int_fwire_IQ", 0 0, L_0x560d7a9b3af0;  1 drivers
v0x560d7a8b0a30_0 .net "int_fwire_IQN", 0 0, L_0x560d7a9b3e20;  1 drivers
v0x560d7a8b0c00_0 .net "int_fwire_d", 0 0, L_0x560d7a9b3770;  1 drivers
v0x560d7a8b0cc0_0 .net "int_fwire_r", 0 0, L_0x560d7a9b39c0;  1 drivers
v0x560d7a8b0d80_0 .net "int_fwire_s", 0 0, L_0x560d7a9b38b0;  1 drivers
v0x560d7a8b0e40_0 .var "notifier", 0 0;
v0x560d7a8b0f00_0 .net "xcr_0", 0 0, L_0x560d7a9b3a80;  1 drivers
S_0x560d7a8b10c0 .scope module, "_0978_" "sg13g2_hv_tiehi" 5 3747, 3 2348 0, S_0x560d7a760c50;
 .timescale -9 -11;
    .port_info 0 /OUTPUT 1 "L_HI";
L_0x7f6fe5f78a48 .functor BUFT 1, C4<1>, C4<0>, C4<0>, C4<0>;
L_0x560d7a9b3db0 .functor BUF 1, L_0x7f6fe5f78a48, C4<0>, C4<0>, C4<0>;
v0x560d7a8b1270_0 .net "L_HI", 0 0, L_0x560d7a9b3db0;  alias, 1 drivers
v0x560d7a8b1360_0 .net/2u *"_ivl_1", 0 0, L_0x7f6fe5f78a48;  1 drivers
S_0x560d7a8b1460 .scope module, "_0979_" "sg13g2_hv_tiehi" 5 3750, 3 2348 0, S_0x560d7a760c50;
 .timescale -9 -11;
    .port_info 0 /OUTPUT 1 "L_HI";
L_0x7f6fe5f78a90 .functor BUFT 1, C4<1>, C4<0>, C4<0>, C4<0>;
L_0x560d7a9b4060 .functor BUF 1, L_0x7f6fe5f78a90, C4<0>, C4<0>, C4<0>;
v0x560d7a8b1670_0 .net "L_HI", 0 0, L_0x560d7a9b4060;  alias, 1 drivers
v0x560d7a8b1760_0 .net/2u *"_ivl_1", 0 0, L_0x7f6fe5f78a90;  1 drivers
S_0x560d7a8b1860 .scope module, "_0980_" "sg13g2_hv_tiehi" 5 3753, 3 2348 0, S_0x560d7a760c50;
 .timescale -9 -11;
    .port_info 0 /OUTPUT 1 "L_HI";
L_0x7f6fe5f78ad8 .functor BUFT 1, C4<1>, C4<0>, C4<0>, C4<0>;
L_0x560d7a9b4160 .functor BUF 1, L_0x7f6fe5f78ad8, C4<0>, C4<0>, C4<0>;
v0x560d7a8b1a70_0 .net "L_HI", 0 0, L_0x560d7a9b4160;  alias, 1 drivers
v0x560d7a8b1b60_0 .net/2u *"_ivl_1", 0 0, L_0x7f6fe5f78ad8;  1 drivers
S_0x560d7a8b1c80 .scope module, "_0981_" "sg13g2_hv_tiehi" 5 3756, 3 2348 0, S_0x560d7a760c50;
 .timescale -9 -11;
    .port_info 0 /OUTPUT 1 "L_HI";
L_0x7f6fe5f78b20 .functor BUFT 1, C4<1>, C4<0>, C4<0>, C4<0>;
L_0x560d7a9b4260 .functor BUF 1, L_0x7f6fe5f78b20, C4<0>, C4<0>, C4<0>;
v0x560d7a8b1e60_0 .net "L_HI", 0 0, L_0x560d7a9b4260;  alias, 1 drivers
v0x560d7a8b1f50_0 .net/2u *"_ivl_1", 0 0, L_0x7f6fe5f78b20;  1 drivers
S_0x560d7a8b2050 .scope module, "_0982_" "sg13g2_hv_tiehi" 5 3759, 3 2348 0, S_0x560d7a760c50;
 .timescale -9 -11;
    .port_info 0 /OUTPUT 1 "L_HI";
L_0x7f6fe5f78b68 .functor BUFT 1, C4<1>, C4<0>, C4<0>, C4<0>;
L_0x560d7a9b4360 .functor BUF 1, L_0x7f6fe5f78b68, C4<0>, C4<0>, C4<0>;
v0x560d7a8b2260_0 .net "L_HI", 0 0, L_0x560d7a9b4360;  alias, 1 drivers
v0x560d7a8b2350_0 .net/2u *"_ivl_1", 0 0, L_0x7f6fe5f78b68;  1 drivers
S_0x560d7a8b2450 .scope module, "_0983_" "sg13g2_hv_tiehi" 5 3762, 3 2348 0, S_0x560d7a760c50;
 .timescale -9 -11;
    .port_info 0 /OUTPUT 1 "L_HI";
L_0x7f6fe5f78bb0 .functor BUFT 1, C4<1>, C4<0>, C4<0>, C4<0>;
L_0x560d7a9b4460 .functor BUF 1, L_0x7f6fe5f78bb0, C4<0>, C4<0>, C4<0>;
v0x560d7a8b2660_0 .net "L_HI", 0 0, L_0x560d7a9b4460;  alias, 1 drivers
v0x560d7a8b2750_0 .net/2u *"_ivl_1", 0 0, L_0x7f6fe5f78bb0;  1 drivers
S_0x560d7a8b2850 .scope module, "_0984_" "sg13g2_hv_tiehi" 5 3765, 3 2348 0, S_0x560d7a760c50;
 .timescale -9 -11;
    .port_info 0 /OUTPUT 1 "L_HI";
L_0x7f6fe5f78bf8 .functor BUFT 1, C4<1>, C4<0>, C4<0>, C4<0>;
L_0x560d7a9b4560 .functor BUF 1, L_0x7f6fe5f78bf8, C4<0>, C4<0>, C4<0>;
v0x560d7a8b2a60_0 .net "L_HI", 0 0, L_0x560d7a9b4560;  alias, 1 drivers
v0x560d7a8b2b50_0 .net/2u *"_ivl_1", 0 0, L_0x7f6fe5f78bf8;  1 drivers
S_0x560d7a8b2c50 .scope module, "_0985_" "sg13g2_hv_tiehi" 5 3768, 3 2348 0, S_0x560d7a760c50;
 .timescale -9 -11;
    .port_info 0 /OUTPUT 1 "L_HI";
L_0x7f6fe5f78c40 .functor BUFT 1, C4<1>, C4<0>, C4<0>, C4<0>;
L_0x560d7a9b4660 .functor BUF 1, L_0x7f6fe5f78c40, C4<0>, C4<0>, C4<0>;
v0x560d7a8b2e60_0 .net "L_HI", 0 0, L_0x560d7a9b4660;  alias, 1 drivers
v0x560d7a8b2f50_0 .net/2u *"_ivl_1", 0 0, L_0x7f6fe5f78c40;  1 drivers
S_0x560d7a8b3050 .scope module, "_0986_" "sg13g2_hv_tiehi" 5 3771, 3 2348 0, S_0x560d7a760c50;
 .timescale -9 -11;
    .port_info 0 /OUTPUT 1 "L_HI";
L_0x7f6fe5f78c88 .functor BUFT 1, C4<1>, C4<0>, C4<0>, C4<0>;
L_0x560d7a9b4760 .functor BUF 1, L_0x7f6fe5f78c88, C4<0>, C4<0>, C4<0>;
v0x560d7a8b3260_0 .net "L_HI", 0 0, L_0x560d7a9b4760;  alias, 1 drivers
v0x560d7a8b3350_0 .net/2u *"_ivl_1", 0 0, L_0x7f6fe5f78c88;  1 drivers
S_0x560d7a8b3450 .scope module, "_0987_" "sg13g2_hv_tiehi" 5 3774, 3 2348 0, S_0x560d7a760c50;
 .timescale -9 -11;
    .port_info 0 /OUTPUT 1 "L_HI";
L_0x7f6fe5f78cd0 .functor BUFT 1, C4<1>, C4<0>, C4<0>, C4<0>;
L_0x560d7a9b4860 .functor BUF 1, L_0x7f6fe5f78cd0, C4<0>, C4<0>, C4<0>;
v0x560d7a8b3660_0 .net "L_HI", 0 0, L_0x560d7a9b4860;  alias, 1 drivers
v0x560d7a8b3750_0 .net/2u *"_ivl_1", 0 0, L_0x7f6fe5f78cd0;  1 drivers
S_0x560d7a8b3850 .scope module, "_0988_" "sg13g2_hv_tiehi" 5 3777, 3 2348 0, S_0x560d7a760c50;
 .timescale -9 -11;
    .port_info 0 /OUTPUT 1 "L_HI";
L_0x7f6fe5f78d18 .functor BUFT 1, C4<1>, C4<0>, C4<0>, C4<0>;
L_0x560d7a9b4960 .functor BUF 1, L_0x7f6fe5f78d18, C4<0>, C4<0>, C4<0>;
v0x560d7a8b3a60_0 .net "L_HI", 0 0, L_0x560d7a9b4960;  alias, 1 drivers
v0x560d7a8b3b50_0 .net/2u *"_ivl_1", 0 0, L_0x7f6fe5f78d18;  1 drivers
S_0x560d7a8b3c50 .scope module, "_0989_" "sg13g2_hv_tiehi" 5 3780, 3 2348 0, S_0x560d7a760c50;
 .timescale -9 -11;
    .port_info 0 /OUTPUT 1 "L_HI";
L_0x7f6fe5f78d60 .functor BUFT 1, C4<1>, C4<0>, C4<0>, C4<0>;
L_0x560d7a9b4a60 .functor BUF 1, L_0x7f6fe5f78d60, C4<0>, C4<0>, C4<0>;
v0x560d7a8b3e60_0 .net "L_HI", 0 0, L_0x560d7a9b4a60;  alias, 1 drivers
v0x560d7a8b3f50_0 .net/2u *"_ivl_1", 0 0, L_0x7f6fe5f78d60;  1 drivers
S_0x560d7a8b4050 .scope module, "_0990_" "sg13g2_hv_tiehi" 5 3783, 3 2348 0, S_0x560d7a760c50;
 .timescale -9 -11;
    .port_info 0 /OUTPUT 1 "L_HI";
L_0x7f6fe5f78da8 .functor BUFT 1, C4<1>, C4<0>, C4<0>, C4<0>;
L_0x560d7a9b4b60 .functor BUF 1, L_0x7f6fe5f78da8, C4<0>, C4<0>, C4<0>;
v0x560d7a8b4260_0 .net "L_HI", 0 0, L_0x560d7a9b4b60;  alias, 1 drivers
v0x560d7a8b4350_0 .net/2u *"_ivl_1", 0 0, L_0x7f6fe5f78da8;  1 drivers
S_0x560d7a8b4450 .scope module, "_0991_" "sg13g2_hv_tiehi" 5 3786, 3 2348 0, S_0x560d7a760c50;
 .timescale -9 -11;
    .port_info 0 /OUTPUT 1 "L_HI";
L_0x7f6fe5f78df0 .functor BUFT 1, C4<1>, C4<0>, C4<0>, C4<0>;
L_0x560d7a9b4c60 .functor BUF 1, L_0x7f6fe5f78df0, C4<0>, C4<0>, C4<0>;
v0x560d7a8b4660_0 .net "L_HI", 0 0, L_0x560d7a9b4c60;  alias, 1 drivers
v0x560d7a8b4750_0 .net/2u *"_ivl_1", 0 0, L_0x7f6fe5f78df0;  1 drivers
S_0x560d7a8b4850 .scope module, "_0992_" "sg13g2_hv_tiehi" 5 3789, 3 2348 0, S_0x560d7a760c50;
 .timescale -9 -11;
    .port_info 0 /OUTPUT 1 "L_HI";
L_0x7f6fe5f78e38 .functor BUFT 1, C4<1>, C4<0>, C4<0>, C4<0>;
L_0x560d7a9b4d60 .functor BUF 1, L_0x7f6fe5f78e38, C4<0>, C4<0>, C4<0>;
v0x560d7a8b4a60_0 .net "L_HI", 0 0, L_0x560d7a9b4d60;  alias, 1 drivers
v0x560d7a8b4b50_0 .net/2u *"_ivl_1", 0 0, L_0x7f6fe5f78e38;  1 drivers
S_0x560d7a8b4c50 .scope module, "_0993_" "sg13g2_hv_tiehi" 5 3792, 3 2348 0, S_0x560d7a760c50;
 .timescale -9 -11;
    .port_info 0 /OUTPUT 1 "L_HI";
L_0x7f6fe5f78e80 .functor BUFT 1, C4<1>, C4<0>, C4<0>, C4<0>;
L_0x560d7a9b4e60 .functor BUF 1, L_0x7f6fe5f78e80, C4<0>, C4<0>, C4<0>;
v0x560d7a8b4e60_0 .net "L_HI", 0 0, L_0x560d7a9b4e60;  alias, 1 drivers
v0x560d7a8b4f50_0 .net/2u *"_ivl_1", 0 0, L_0x7f6fe5f78e80;  1 drivers
S_0x560d7a8b5050 .scope module, "_0994_" "sg13g2_hv_tiehi" 5 3795, 3 2348 0, S_0x560d7a760c50;
 .timescale -9 -11;
    .port_info 0 /OUTPUT 1 "L_HI";
L_0x7f6fe5f78ec8 .functor BUFT 1, C4<1>, C4<0>, C4<0>, C4<0>;
L_0x560d7a9b4f60 .functor BUF 1, L_0x7f6fe5f78ec8, C4<0>, C4<0>, C4<0>;
v0x560d7a8b5260_0 .net "L_HI", 0 0, L_0x560d7a9b4f60;  alias, 1 drivers
v0x560d7a8b5350_0 .net/2u *"_ivl_1", 0 0, L_0x7f6fe5f78ec8;  1 drivers
S_0x560d7a8b5450 .scope module, "_0995_" "sg13g2_hv_tiehi" 5 3798, 3 2348 0, S_0x560d7a760c50;
 .timescale -9 -11;
    .port_info 0 /OUTPUT 1 "L_HI";
L_0x7f6fe5f78f10 .functor BUFT 1, C4<1>, C4<0>, C4<0>, C4<0>;
L_0x560d7a9b5060 .functor BUF 1, L_0x7f6fe5f78f10, C4<0>, C4<0>, C4<0>;
v0x560d7a8b5660_0 .net "L_HI", 0 0, L_0x560d7a9b5060;  alias, 1 drivers
v0x560d7a8b5750_0 .net/2u *"_ivl_1", 0 0, L_0x7f6fe5f78f10;  1 drivers
S_0x560d7a8b5850 .scope module, "_0996_" "sg13g2_hv_tiehi" 5 3801, 3 2348 0, S_0x560d7a760c50;
 .timescale -9 -11;
    .port_info 0 /OUTPUT 1 "L_HI";
L_0x7f6fe5f78f58 .functor BUFT 1, C4<1>, C4<0>, C4<0>, C4<0>;
L_0x560d7a9b5160 .functor BUF 1, L_0x7f6fe5f78f58, C4<0>, C4<0>, C4<0>;
v0x560d7a8b5a60_0 .net "L_HI", 0 0, L_0x560d7a9b5160;  alias, 1 drivers
v0x560d7a8b5b50_0 .net/2u *"_ivl_1", 0 0, L_0x7f6fe5f78f58;  1 drivers
S_0x560d7a8b5c50 .scope module, "_0997_" "sg13g2_hv_tiehi" 5 3804, 3 2348 0, S_0x560d7a760c50;
 .timescale -9 -11;
    .port_info 0 /OUTPUT 1 "L_HI";
L_0x7f6fe5f78fa0 .functor BUFT 1, C4<1>, C4<0>, C4<0>, C4<0>;
L_0x560d7a9b5260 .functor BUF 1, L_0x7f6fe5f78fa0, C4<0>, C4<0>, C4<0>;
v0x560d7a8b5e60_0 .net "L_HI", 0 0, L_0x560d7a9b5260;  alias, 1 drivers
v0x560d7a8b5f50_0 .net/2u *"_ivl_1", 0 0, L_0x7f6fe5f78fa0;  1 drivers
S_0x560d7a8b6050 .scope module, "_0998_" "sg13g2_hv_tiehi" 5 3807, 3 2348 0, S_0x560d7a760c50;
 .timescale -9 -11;
    .port_info 0 /OUTPUT 1 "L_HI";
L_0x7f6fe5f78fe8 .functor BUFT 1, C4<1>, C4<0>, C4<0>, C4<0>;
L_0x560d7a9b5360 .functor BUF 1, L_0x7f6fe5f78fe8, C4<0>, C4<0>, C4<0>;
v0x560d7a8b6260_0 .net "L_HI", 0 0, L_0x560d7a9b5360;  alias, 1 drivers
v0x560d7a8b6350_0 .net/2u *"_ivl_1", 0 0, L_0x7f6fe5f78fe8;  1 drivers
S_0x560d7a8b6450 .scope module, "_0999_" "sg13g2_hv_tiehi" 5 3810, 3 2348 0, S_0x560d7a760c50;
 .timescale -9 -11;
    .port_info 0 /OUTPUT 1 "L_HI";
L_0x7f6fe5f79030 .functor BUFT 1, C4<1>, C4<0>, C4<0>, C4<0>;
L_0x560d7a9b5460 .functor BUF 1, L_0x7f6fe5f79030, C4<0>, C4<0>, C4<0>;
v0x560d7a8b6660_0 .net "L_HI", 0 0, L_0x560d7a9b5460;  alias, 1 drivers
v0x560d7a8b6750_0 .net/2u *"_ivl_1", 0 0, L_0x7f6fe5f79030;  1 drivers
S_0x560d7a8b6850 .scope module, "_1000_" "sg13g2_hv_tiehi" 5 3813, 3 2348 0, S_0x560d7a760c50;
 .timescale -9 -11;
    .port_info 0 /OUTPUT 1 "L_HI";
L_0x7f6fe5f79078 .functor BUFT 1, C4<1>, C4<0>, C4<0>, C4<0>;
L_0x560d7a9b5560 .functor BUF 1, L_0x7f6fe5f79078, C4<0>, C4<0>, C4<0>;
v0x560d7a8b6a60_0 .net "L_HI", 0 0, L_0x560d7a9b5560;  alias, 1 drivers
v0x560d7a8b6b50_0 .net/2u *"_ivl_1", 0 0, L_0x7f6fe5f79078;  1 drivers
S_0x560d7a8b6c50 .scope module, "_1001_" "sg13g2_hv_tiehi" 5 3816, 3 2348 0, S_0x560d7a760c50;
 .timescale -9 -11;
    .port_info 0 /OUTPUT 1 "L_HI";
L_0x7f6fe5f790c0 .functor BUFT 1, C4<1>, C4<0>, C4<0>, C4<0>;
L_0x560d7a9b5660 .functor BUF 1, L_0x7f6fe5f790c0, C4<0>, C4<0>, C4<0>;
v0x560d7a8b6e60_0 .net "L_HI", 0 0, L_0x560d7a9b5660;  alias, 1 drivers
v0x560d7a8b6f50_0 .net/2u *"_ivl_1", 0 0, L_0x7f6fe5f790c0;  1 drivers
S_0x560d7a8b7050 .scope module, "_1002_" "sg13g2_hv_tiehi" 5 3819, 3 2348 0, S_0x560d7a760c50;
 .timescale -9 -11;
    .port_info 0 /OUTPUT 1 "L_HI";
L_0x7f6fe5f79108 .functor BUFT 1, C4<1>, C4<0>, C4<0>, C4<0>;
L_0x560d7a9b5760 .functor BUF 1, L_0x7f6fe5f79108, C4<0>, C4<0>, C4<0>;
v0x560d7a8b7260_0 .net "L_HI", 0 0, L_0x560d7a9b5760;  alias, 1 drivers
v0x560d7a8b7350_0 .net/2u *"_ivl_1", 0 0, L_0x7f6fe5f79108;  1 drivers
S_0x560d7a8b7450 .scope module, "_1003_" "sg13g2_hv_tiehi" 5 3822, 3 2348 0, S_0x560d7a760c50;
 .timescale -9 -11;
    .port_info 0 /OUTPUT 1 "L_HI";
L_0x7f6fe5f79150 .functor BUFT 1, C4<1>, C4<0>, C4<0>, C4<0>;
L_0x560d7a9b5860 .functor BUF 1, L_0x7f6fe5f79150, C4<0>, C4<0>, C4<0>;
v0x560d7a8b7660_0 .net "L_HI", 0 0, L_0x560d7a9b5860;  alias, 1 drivers
v0x560d7a8b7750_0 .net/2u *"_ivl_1", 0 0, L_0x7f6fe5f79150;  1 drivers
S_0x560d7a8b7850 .scope module, "_1004_" "sg13g2_hv_tiehi" 5 3825, 3 2348 0, S_0x560d7a760c50;
 .timescale -9 -11;
    .port_info 0 /OUTPUT 1 "L_HI";
L_0x7f6fe5f79198 .functor BUFT 1, C4<1>, C4<0>, C4<0>, C4<0>;
L_0x560d7a9b5960 .functor BUF 1, L_0x7f6fe5f79198, C4<0>, C4<0>, C4<0>;
v0x560d7a8b7a60_0 .net "L_HI", 0 0, L_0x560d7a9b5960;  alias, 1 drivers
v0x560d7a8b7b50_0 .net/2u *"_ivl_1", 0 0, L_0x7f6fe5f79198;  1 drivers
S_0x560d7a8b7c50 .scope module, "_1005_" "sg13g2_hv_tiehi" 5 3828, 3 2348 0, S_0x560d7a760c50;
 .timescale -9 -11;
    .port_info 0 /OUTPUT 1 "L_HI";
L_0x7f6fe5f791e0 .functor BUFT 1, C4<1>, C4<0>, C4<0>, C4<0>;
L_0x560d7a9b5a60 .functor BUF 1, L_0x7f6fe5f791e0, C4<0>, C4<0>, C4<0>;
v0x560d7a8b7e60_0 .net "L_HI", 0 0, L_0x560d7a9b5a60;  alias, 1 drivers
v0x560d7a8b7f50_0 .net/2u *"_ivl_1", 0 0, L_0x7f6fe5f791e0;  1 drivers
S_0x560d7a8b8050 .scope module, "_1006_" "sg13g2_hv_tiehi" 5 3831, 3 2348 0, S_0x560d7a760c50;
 .timescale -9 -11;
    .port_info 0 /OUTPUT 1 "L_HI";
L_0x7f6fe5f79228 .functor BUFT 1, C4<1>, C4<0>, C4<0>, C4<0>;
L_0x560d7a9b5b60 .functor BUF 1, L_0x7f6fe5f79228, C4<0>, C4<0>, C4<0>;
v0x560d7a8b8260_0 .net "L_HI", 0 0, L_0x560d7a9b5b60;  alias, 1 drivers
v0x560d7a8b8350_0 .net/2u *"_ivl_1", 0 0, L_0x7f6fe5f79228;  1 drivers
S_0x560d7a8b8450 .scope module, "_1007_" "sg13g2_hv_tiehi" 5 3834, 3 2348 0, S_0x560d7a760c50;
 .timescale -9 -11;
    .port_info 0 /OUTPUT 1 "L_HI";
L_0x7f6fe5f79270 .functor BUFT 1, C4<1>, C4<0>, C4<0>, C4<0>;
L_0x560d7a9b5c60 .functor BUF 1, L_0x7f6fe5f79270, C4<0>, C4<0>, C4<0>;
v0x560d7a8b8660_0 .net "L_HI", 0 0, L_0x560d7a9b5c60;  alias, 1 drivers
v0x560d7a8b8750_0 .net/2u *"_ivl_1", 0 0, L_0x7f6fe5f79270;  1 drivers
S_0x560d7a8b8850 .scope module, "_1008_" "sg13g2_hv_tiehi" 5 3837, 3 2348 0, S_0x560d7a760c50;
 .timescale -9 -11;
    .port_info 0 /OUTPUT 1 "L_HI";
L_0x7f6fe5f792b8 .functor BUFT 1, C4<1>, C4<0>, C4<0>, C4<0>;
L_0x560d7a9b5d60 .functor BUF 1, L_0x7f6fe5f792b8, C4<0>, C4<0>, C4<0>;
v0x560d7a8b8a60_0 .net "L_HI", 0 0, L_0x560d7a9b5d60;  alias, 1 drivers
v0x560d7a8b8b50_0 .net/2u *"_ivl_1", 0 0, L_0x7f6fe5f792b8;  1 drivers
S_0x560d7a8b8c50 .scope module, "_1009_" "sg13g2_hv_tiehi" 5 3840, 3 2348 0, S_0x560d7a760c50;
 .timescale -9 -11;
    .port_info 0 /OUTPUT 1 "L_HI";
L_0x7f6fe5f79300 .functor BUFT 1, C4<1>, C4<0>, C4<0>, C4<0>;
L_0x560d7a9b5e60 .functor BUF 1, L_0x7f6fe5f79300, C4<0>, C4<0>, C4<0>;
v0x560d7a8b8e60_0 .net "L_HI", 0 0, L_0x560d7a9b5e60;  alias, 1 drivers
v0x560d7a8b8f50_0 .net/2u *"_ivl_1", 0 0, L_0x7f6fe5f79300;  1 drivers
S_0x560d7a8b9050 .scope module, "_1010_" "sg13g2_hv_tiehi" 5 3843, 3 2348 0, S_0x560d7a760c50;
 .timescale -9 -11;
    .port_info 0 /OUTPUT 1 "L_HI";
L_0x7f6fe5f79348 .functor BUFT 1, C4<1>, C4<0>, C4<0>, C4<0>;
L_0x560d7a9b5f60 .functor BUF 1, L_0x7f6fe5f79348, C4<0>, C4<0>, C4<0>;
v0x560d7a8b9260_0 .net "L_HI", 0 0, L_0x560d7a9b5f60;  alias, 1 drivers
v0x560d7a8b9350_0 .net/2u *"_ivl_1", 0 0, L_0x7f6fe5f79348;  1 drivers
S_0x560d7a8b9450 .scope module, "_1011_" "sg13g2_hv_tiehi" 5 3846, 3 2348 0, S_0x560d7a760c50;
 .timescale -9 -11;
    .port_info 0 /OUTPUT 1 "L_HI";
L_0x7f6fe5f79390 .functor BUFT 1, C4<1>, C4<0>, C4<0>, C4<0>;
L_0x560d7a9b6060 .functor BUF 1, L_0x7f6fe5f79390, C4<0>, C4<0>, C4<0>;
v0x560d7a8b9660_0 .net "L_HI", 0 0, L_0x560d7a9b6060;  alias, 1 drivers
v0x560d7a8b9750_0 .net/2u *"_ivl_1", 0 0, L_0x7f6fe5f79390;  1 drivers
S_0x560d7a8b9850 .scope module, "_1012_" "sg13g2_hv_tiehi" 5 3849, 3 2348 0, S_0x560d7a760c50;
 .timescale -9 -11;
    .port_info 0 /OUTPUT 1 "L_HI";
L_0x7f6fe5f793d8 .functor BUFT 1, C4<1>, C4<0>, C4<0>, C4<0>;
L_0x560d7a9b6160 .functor BUF 1, L_0x7f6fe5f793d8, C4<0>, C4<0>, C4<0>;
v0x560d7a8b9a60_0 .net "L_HI", 0 0, L_0x560d7a9b6160;  alias, 1 drivers
v0x560d7a8b9b50_0 .net/2u *"_ivl_1", 0 0, L_0x7f6fe5f793d8;  1 drivers
S_0x560d7a8b9c50 .scope module, "_1013_" "sg13g2_hv_tiehi" 5 3852, 3 2348 0, S_0x560d7a760c50;
 .timescale -9 -11;
    .port_info 0 /OUTPUT 1 "L_HI";
L_0x7f6fe5f79420 .functor BUFT 1, C4<1>, C4<0>, C4<0>, C4<0>;
L_0x560d7a9b6260 .functor BUF 1, L_0x7f6fe5f79420, C4<0>, C4<0>, C4<0>;
v0x560d7a8b9e60_0 .net "L_HI", 0 0, L_0x560d7a9b6260;  alias, 1 drivers
v0x560d7a8b9f50_0 .net/2u *"_ivl_1", 0 0, L_0x7f6fe5f79420;  1 drivers
S_0x560d7a8ba050 .scope module, "_1014_" "sg13g2_hv_tiehi" 5 3855, 3 2348 0, S_0x560d7a760c50;
 .timescale -9 -11;
    .port_info 0 /OUTPUT 1 "L_HI";
L_0x7f6fe5f79468 .functor BUFT 1, C4<1>, C4<0>, C4<0>, C4<0>;
L_0x560d7a9b6360 .functor BUF 1, L_0x7f6fe5f79468, C4<0>, C4<0>, C4<0>;
v0x560d7a8ba260_0 .net "L_HI", 0 0, L_0x560d7a9b6360;  alias, 1 drivers
v0x560d7a8ba350_0 .net/2u *"_ivl_1", 0 0, L_0x7f6fe5f79468;  1 drivers
S_0x560d7a8ba450 .scope module, "_1015_" "sg13g2_hv_tiehi" 5 3858, 3 2348 0, S_0x560d7a760c50;
 .timescale -9 -11;
    .port_info 0 /OUTPUT 1 "L_HI";
L_0x7f6fe5f794b0 .functor BUFT 1, C4<1>, C4<0>, C4<0>, C4<0>;
L_0x560d7a9b6460 .functor BUF 1, L_0x7f6fe5f794b0, C4<0>, C4<0>, C4<0>;
v0x560d7a8ba660_0 .net "L_HI", 0 0, L_0x560d7a9b6460;  alias, 1 drivers
v0x560d7a8ba750_0 .net/2u *"_ivl_1", 0 0, L_0x7f6fe5f794b0;  1 drivers
S_0x560d7a8ba850 .scope module, "_1016_" "sg13g2_hv_tiehi" 5 3861, 3 2348 0, S_0x560d7a760c50;
 .timescale -9 -11;
    .port_info 0 /OUTPUT 1 "L_HI";
L_0x7f6fe5f794f8 .functor BUFT 1, C4<1>, C4<0>, C4<0>, C4<0>;
L_0x560d7a9b6560 .functor BUF 1, L_0x7f6fe5f794f8, C4<0>, C4<0>, C4<0>;
v0x560d7a8baa60_0 .net "L_HI", 0 0, L_0x560d7a9b6560;  alias, 1 drivers
v0x560d7a8bab50_0 .net/2u *"_ivl_1", 0 0, L_0x7f6fe5f794f8;  1 drivers
S_0x560d7a8bac50 .scope module, "_1017_" "sg13g2_hv_tiehi" 5 3864, 3 2348 0, S_0x560d7a760c50;
 .timescale -9 -11;
    .port_info 0 /OUTPUT 1 "L_HI";
L_0x7f6fe5f79540 .functor BUFT 1, C4<1>, C4<0>, C4<0>, C4<0>;
L_0x560d7a9b6660 .functor BUF 1, L_0x7f6fe5f79540, C4<0>, C4<0>, C4<0>;
v0x560d7a8bae60_0 .net "L_HI", 0 0, L_0x560d7a9b6660;  alias, 1 drivers
v0x560d7a8baf50_0 .net/2u *"_ivl_1", 0 0, L_0x7f6fe5f79540;  1 drivers
S_0x560d7a8bb050 .scope module, "_1018_" "sg13g2_hv_tiehi" 5 3867, 3 2348 0, S_0x560d7a760c50;
 .timescale -9 -11;
    .port_info 0 /OUTPUT 1 "L_HI";
L_0x7f6fe5f79588 .functor BUFT 1, C4<1>, C4<0>, C4<0>, C4<0>;
L_0x560d7a9b6760 .functor BUF 1, L_0x7f6fe5f79588, C4<0>, C4<0>, C4<0>;
v0x560d7a8bb260_0 .net "L_HI", 0 0, L_0x560d7a9b6760;  alias, 1 drivers
v0x560d7a8bb350_0 .net/2u *"_ivl_1", 0 0, L_0x7f6fe5f79588;  1 drivers
S_0x560d7a8bb450 .scope module, "_1019_" "sg13g2_hv_tiehi" 5 3870, 3 2348 0, S_0x560d7a760c50;
 .timescale -9 -11;
    .port_info 0 /OUTPUT 1 "L_HI";
L_0x7f6fe5f795d0 .functor BUFT 1, C4<1>, C4<0>, C4<0>, C4<0>;
L_0x560d7a9b6860 .functor BUF 1, L_0x7f6fe5f795d0, C4<0>, C4<0>, C4<0>;
v0x560d7a8bb660_0 .net "L_HI", 0 0, L_0x560d7a9b6860;  alias, 1 drivers
v0x560d7a8bb750_0 .net/2u *"_ivl_1", 0 0, L_0x7f6fe5f795d0;  1 drivers
S_0x560d7a8bb850 .scope module, "_1020_" "sg13g2_hv_tiehi" 5 3873, 3 2348 0, S_0x560d7a760c50;
 .timescale -9 -11;
    .port_info 0 /OUTPUT 1 "L_HI";
L_0x7f6fe5f79618 .functor BUFT 1, C4<1>, C4<0>, C4<0>, C4<0>;
L_0x560d7a9b6960 .functor BUF 1, L_0x7f6fe5f79618, C4<0>, C4<0>, C4<0>;
v0x560d7a8bba60_0 .net "L_HI", 0 0, L_0x560d7a9b6960;  alias, 1 drivers
v0x560d7a8bbb50_0 .net/2u *"_ivl_1", 0 0, L_0x7f6fe5f79618;  1 drivers
S_0x560d7a8bbc50 .scope module, "_1021_" "sg13g2_hv_tiehi" 5 3876, 3 2348 0, S_0x560d7a760c50;
 .timescale -9 -11;
    .port_info 0 /OUTPUT 1 "L_HI";
L_0x7f6fe5f79660 .functor BUFT 1, C4<1>, C4<0>, C4<0>, C4<0>;
L_0x560d7a9b6a60 .functor BUF 1, L_0x7f6fe5f79660, C4<0>, C4<0>, C4<0>;
v0x560d7a8bbe60_0 .net "L_HI", 0 0, L_0x560d7a9b6a60;  alias, 1 drivers
v0x560d7a8bbf50_0 .net/2u *"_ivl_1", 0 0, L_0x7f6fe5f79660;  1 drivers
S_0x560d7a8bc050 .scope module, "_1022_" "sg13g2_hv_tiehi" 5 3879, 3 2348 0, S_0x560d7a760c50;
 .timescale -9 -11;
    .port_info 0 /OUTPUT 1 "L_HI";
L_0x7f6fe5f796a8 .functor BUFT 1, C4<1>, C4<0>, C4<0>, C4<0>;
L_0x560d7a9b6b60 .functor BUF 1, L_0x7f6fe5f796a8, C4<0>, C4<0>, C4<0>;
v0x560d7a8bc260_0 .net "L_HI", 0 0, L_0x560d7a9b6b60;  alias, 1 drivers
v0x560d7a8bc350_0 .net/2u *"_ivl_1", 0 0, L_0x7f6fe5f796a8;  1 drivers
S_0x560d7a8bc450 .scope module, "_1023_" "sg13g2_hv_tiehi" 5 3882, 3 2348 0, S_0x560d7a760c50;
 .timescale -9 -11;
    .port_info 0 /OUTPUT 1 "L_HI";
L_0x7f6fe5f796f0 .functor BUFT 1, C4<1>, C4<0>, C4<0>, C4<0>;
L_0x560d7a9b6c60 .functor BUF 1, L_0x7f6fe5f796f0, C4<0>, C4<0>, C4<0>;
v0x560d7a8bc660_0 .net "L_HI", 0 0, L_0x560d7a9b6c60;  alias, 1 drivers
v0x560d7a8bc750_0 .net/2u *"_ivl_1", 0 0, L_0x7f6fe5f796f0;  1 drivers
S_0x560d7a8bc850 .scope module, "_1024_" "sg13g2_hv_tiehi" 5 3885, 3 2348 0, S_0x560d7a760c50;
 .timescale -9 -11;
    .port_info 0 /OUTPUT 1 "L_HI";
L_0x7f6fe5f79738 .functor BUFT 1, C4<1>, C4<0>, C4<0>, C4<0>;
L_0x560d7a9b6d60 .functor BUF 1, L_0x7f6fe5f79738, C4<0>, C4<0>, C4<0>;
v0x560d7a8bca60_0 .net "L_HI", 0 0, L_0x560d7a9b6d60;  alias, 1 drivers
v0x560d7a8bcb50_0 .net/2u *"_ivl_1", 0 0, L_0x7f6fe5f79738;  1 drivers
S_0x560d7a8bcc50 .scope module, "_1025_" "sg13g2_hv_tiehi" 5 3888, 3 2348 0, S_0x560d7a760c50;
 .timescale -9 -11;
    .port_info 0 /OUTPUT 1 "L_HI";
L_0x7f6fe5f79780 .functor BUFT 1, C4<1>, C4<0>, C4<0>, C4<0>;
L_0x560d7a9b6e60 .functor BUF 1, L_0x7f6fe5f79780, C4<0>, C4<0>, C4<0>;
v0x560d7a8bce60_0 .net "L_HI", 0 0, L_0x560d7a9b6e60;  alias, 1 drivers
v0x560d7a8bcf50_0 .net/2u *"_ivl_1", 0 0, L_0x7f6fe5f79780;  1 drivers
S_0x560d7a8bd050 .scope module, "_1026_" "sg13g2_hv_tiehi" 5 3891, 3 2348 0, S_0x560d7a760c50;
 .timescale -9 -11;
    .port_info 0 /OUTPUT 1 "L_HI";
L_0x7f6fe5f797c8 .functor BUFT 1, C4<1>, C4<0>, C4<0>, C4<0>;
L_0x560d7a9b6f60 .functor BUF 1, L_0x7f6fe5f797c8, C4<0>, C4<0>, C4<0>;
v0x560d7a8bd260_0 .net "L_HI", 0 0, L_0x560d7a9b6f60;  alias, 1 drivers
v0x560d7a8bd350_0 .net/2u *"_ivl_1", 0 0, L_0x7f6fe5f797c8;  1 drivers
S_0x560d7a8bd450 .scope module, "_1027_" "sg13g2_hv_tiehi" 5 3894, 3 2348 0, S_0x560d7a760c50;
 .timescale -9 -11;
    .port_info 0 /OUTPUT 1 "L_HI";
L_0x7f6fe5f79810 .functor BUFT 1, C4<1>, C4<0>, C4<0>, C4<0>;
L_0x560d7a9b7060 .functor BUF 1, L_0x7f6fe5f79810, C4<0>, C4<0>, C4<0>;
v0x560d7a7d2ee0_0 .net "L_HI", 0 0, L_0x560d7a9b7060;  alias, 1 drivers
v0x560d7a7d2fd0_0 .net/2u *"_ivl_1", 0 0, L_0x7f6fe5f79810;  1 drivers
S_0x560d7a7d30d0 .scope module, "_1028_" "sg13g2_hv_tiehi" 5 3897, 3 2348 0, S_0x560d7a760c50;
 .timescale -9 -11;
    .port_info 0 /OUTPUT 1 "L_HI";
L_0x7f6fe5f79858 .functor BUFT 1, C4<1>, C4<0>, C4<0>, C4<0>;
L_0x560d7a9b7160 .functor BUF 1, L_0x7f6fe5f79858, C4<0>, C4<0>, C4<0>;
v0x560d7a7d32e0_0 .net "L_HI", 0 0, L_0x560d7a9b7160;  alias, 1 drivers
v0x560d7a7d33d0_0 .net/2u *"_ivl_1", 0 0, L_0x7f6fe5f79858;  1 drivers
S_0x560d7a7d34d0 .scope module, "_1029_" "sg13g2_hv_tiehi" 5 3900, 3 2348 0, S_0x560d7a760c50;
 .timescale -9 -11;
    .port_info 0 /OUTPUT 1 "L_HI";
L_0x7f6fe5f798a0 .functor BUFT 1, C4<1>, C4<0>, C4<0>, C4<0>;
L_0x560d7a9b7260 .functor BUF 1, L_0x7f6fe5f798a0, C4<0>, C4<0>, C4<0>;
v0x560d7a7d36e0_0 .net "L_HI", 0 0, L_0x560d7a9b7260;  alias, 1 drivers
v0x560d7a7d37d0_0 .net/2u *"_ivl_1", 0 0, L_0x7f6fe5f798a0;  1 drivers
S_0x560d7a7d38d0 .scope module, "_1030_" "sg13g2_hv_tiehi" 5 3903, 3 2348 0, S_0x560d7a760c50;
 .timescale -9 -11;
    .port_info 0 /OUTPUT 1 "L_HI";
L_0x7f6fe5f798e8 .functor BUFT 1, C4<1>, C4<0>, C4<0>, C4<0>;
L_0x560d7a9b7360 .functor BUF 1, L_0x7f6fe5f798e8, C4<0>, C4<0>, C4<0>;
v0x560d7a7d3ae0_0 .net "L_HI", 0 0, L_0x560d7a9b7360;  alias, 1 drivers
v0x560d7a7d3bd0_0 .net/2u *"_ivl_1", 0 0, L_0x7f6fe5f798e8;  1 drivers
S_0x560d7a7d3cd0 .scope module, "_1031_" "sg13g2_hv_tiehi" 5 3906, 3 2348 0, S_0x560d7a760c50;
 .timescale -9 -11;
    .port_info 0 /OUTPUT 1 "L_HI";
L_0x7f6fe5f79930 .functor BUFT 1, C4<1>, C4<0>, C4<0>, C4<0>;
L_0x560d7a9b7460 .functor BUF 1, L_0x7f6fe5f79930, C4<0>, C4<0>, C4<0>;
v0x560d7a8bf670_0 .net "L_HI", 0 0, L_0x560d7a9b7460;  alias, 1 drivers
v0x560d7a8bf760_0 .net/2u *"_ivl_1", 0 0, L_0x7f6fe5f79930;  1 drivers
S_0x560d7a8bf860 .scope module, "_1032_" "sg13g2_hv_tiehi" 5 3909, 3 2348 0, S_0x560d7a760c50;
 .timescale -9 -11;
    .port_info 0 /OUTPUT 1 "L_HI";
L_0x7f6fe5f79978 .functor BUFT 1, C4<1>, C4<0>, C4<0>, C4<0>;
L_0x560d7a9b7560 .functor BUF 1, L_0x7f6fe5f79978, C4<0>, C4<0>, C4<0>;
v0x560d7a8bfa70_0 .net "L_HI", 0 0, L_0x560d7a9b7560;  alias, 1 drivers
v0x560d7a8bfb60_0 .net/2u *"_ivl_1", 0 0, L_0x7f6fe5f79978;  1 drivers
S_0x560d7a8bfc60 .scope module, "_1033_" "sg13g2_hv_tiehi" 5 3912, 3 2348 0, S_0x560d7a760c50;
 .timescale -9 -11;
    .port_info 0 /OUTPUT 1 "L_HI";
L_0x7f6fe5f799c0 .functor BUFT 1, C4<1>, C4<0>, C4<0>, C4<0>;
L_0x560d7a9b76b0 .functor BUF 1, L_0x7f6fe5f799c0, C4<0>, C4<0>, C4<0>;
v0x560d7a8bfe70_0 .net "L_HI", 0 0, L_0x560d7a9b76b0;  alias, 1 drivers
v0x560d7a8bff60_0 .net/2u *"_ivl_1", 0 0, L_0x7f6fe5f799c0;  1 drivers
S_0x560d7a8c0060 .scope module, "_1034_" "sg13g2_hv_tiehi" 5 3915, 3 2348 0, S_0x560d7a760c50;
 .timescale -9 -11;
    .port_info 0 /OUTPUT 1 "L_HI";
L_0x7f6fe5f79a08 .functor BUFT 1, C4<1>, C4<0>, C4<0>, C4<0>;
L_0x560d7a9b77b0 .functor BUF 1, L_0x7f6fe5f79a08, C4<0>, C4<0>, C4<0>;
v0x560d7a8c0270_0 .net "L_HI", 0 0, L_0x560d7a9b77b0;  alias, 1 drivers
v0x560d7a8c0360_0 .net/2u *"_ivl_1", 0 0, L_0x7f6fe5f79a08;  1 drivers
S_0x560d7a8c0460 .scope module, "_1035_" "sg13g2_hv_tiehi" 5 3918, 3 2348 0, S_0x560d7a760c50;
 .timescale -9 -11;
    .port_info 0 /OUTPUT 1 "L_HI";
L_0x7f6fe5f79a50 .functor BUFT 1, C4<1>, C4<0>, C4<0>, C4<0>;
L_0x560d7a9b78b0 .functor BUF 1, L_0x7f6fe5f79a50, C4<0>, C4<0>, C4<0>;
v0x560d7a8c0670_0 .net "L_HI", 0 0, L_0x560d7a9b78b0;  alias, 1 drivers
v0x560d7a8c0760_0 .net/2u *"_ivl_1", 0 0, L_0x7f6fe5f79a50;  1 drivers
S_0x560d7a8c0860 .scope module, "_1036_" "sg13g2_hv_tiehi" 5 3921, 3 2348 0, S_0x560d7a760c50;
 .timescale -9 -11;
    .port_info 0 /OUTPUT 1 "L_HI";
L_0x7f6fe5f79a98 .functor BUFT 1, C4<1>, C4<0>, C4<0>, C4<0>;
L_0x560d7a9b79b0 .functor BUF 1, L_0x7f6fe5f79a98, C4<0>, C4<0>, C4<0>;
v0x560d7a8c0a70_0 .net "L_HI", 0 0, L_0x560d7a9b79b0;  alias, 1 drivers
v0x560d7a8c0b60_0 .net/2u *"_ivl_1", 0 0, L_0x7f6fe5f79a98;  1 drivers
S_0x560d7a8c0c60 .scope module, "_1037_" "sg13g2_hv_tiehi" 5 3924, 3 2348 0, S_0x560d7a760c50;
 .timescale -9 -11;
    .port_info 0 /OUTPUT 1 "L_HI";
L_0x7f6fe5f79ae0 .functor BUFT 1, C4<1>, C4<0>, C4<0>, C4<0>;
L_0x560d7a9b7ab0 .functor BUF 1, L_0x7f6fe5f79ae0, C4<0>, C4<0>, C4<0>;
v0x560d7a8c0e70_0 .net "L_HI", 0 0, L_0x560d7a9b7ab0;  alias, 1 drivers
v0x560d7a8c0f60_0 .net/2u *"_ivl_1", 0 0, L_0x7f6fe5f79ae0;  1 drivers
S_0x560d7a8c1060 .scope module, "_1038_" "sg13g2_hv_tiehi" 5 3927, 3 2348 0, S_0x560d7a760c50;
 .timescale -9 -11;
    .port_info 0 /OUTPUT 1 "L_HI";
L_0x7f6fe5f79b28 .functor BUFT 1, C4<1>, C4<0>, C4<0>, C4<0>;
L_0x560d7a9b7bb0 .functor BUF 1, L_0x7f6fe5f79b28, C4<0>, C4<0>, C4<0>;
v0x560d7a8c1270_0 .net "L_HI", 0 0, L_0x560d7a9b7bb0;  alias, 1 drivers
v0x560d7a8c1360_0 .net/2u *"_ivl_1", 0 0, L_0x7f6fe5f79b28;  1 drivers
S_0x560d7a8c1460 .scope module, "_1039_" "sg13g2_hv_tiehi" 5 3930, 3 2348 0, S_0x560d7a760c50;
 .timescale -9 -11;
    .port_info 0 /OUTPUT 1 "L_HI";
L_0x7f6fe5f79b70 .functor BUFT 1, C4<1>, C4<0>, C4<0>, C4<0>;
L_0x560d7a9b7cb0 .functor BUF 1, L_0x7f6fe5f79b70, C4<0>, C4<0>, C4<0>;
v0x560d7a8c1670_0 .net "L_HI", 0 0, L_0x560d7a9b7cb0;  alias, 1 drivers
v0x560d7a8c1760_0 .net/2u *"_ivl_1", 0 0, L_0x7f6fe5f79b70;  1 drivers
S_0x560d7a8c1860 .scope module, "_1040_" "sg13g2_hv_tiehi" 5 3933, 3 2348 0, S_0x560d7a760c50;
 .timescale -9 -11;
    .port_info 0 /OUTPUT 1 "L_HI";
L_0x7f6fe5f79bb8 .functor BUFT 1, C4<1>, C4<0>, C4<0>, C4<0>;
L_0x560d7a9b7db0 .functor BUF 1, L_0x7f6fe5f79bb8, C4<0>, C4<0>, C4<0>;
v0x560d7a8c1a70_0 .net "L_HI", 0 0, L_0x560d7a9b7db0;  alias, 1 drivers
v0x560d7a8c1b60_0 .net/2u *"_ivl_1", 0 0, L_0x7f6fe5f79bb8;  1 drivers
S_0x560d7a8c1c60 .scope module, "_1041_" "sg13g2_hv_tiehi" 5 3936, 3 2348 0, S_0x560d7a760c50;
 .timescale -9 -11;
    .port_info 0 /OUTPUT 1 "L_HI";
L_0x7f6fe5f79c00 .functor BUFT 1, C4<1>, C4<0>, C4<0>, C4<0>;
L_0x560d7a9b7eb0 .functor BUF 1, L_0x7f6fe5f79c00, C4<0>, C4<0>, C4<0>;
v0x560d7a8c1e70_0 .net "L_HI", 0 0, L_0x560d7a9b7eb0;  alias, 1 drivers
v0x560d7a8c1f60_0 .net/2u *"_ivl_1", 0 0, L_0x7f6fe5f79c00;  1 drivers
S_0x560d7a8c2060 .scope module, "_1042_" "sg13g2_hv_tiehi" 5 3939, 3 2348 0, S_0x560d7a760c50;
 .timescale -9 -11;
    .port_info 0 /OUTPUT 1 "L_HI";
L_0x7f6fe5f79c48 .functor BUFT 1, C4<1>, C4<0>, C4<0>, C4<0>;
L_0x560d7a9b7fb0 .functor BUF 1, L_0x7f6fe5f79c48, C4<0>, C4<0>, C4<0>;
v0x560d7a8c2270_0 .net "L_HI", 0 0, L_0x560d7a9b7fb0;  alias, 1 drivers
v0x560d7a8c2360_0 .net/2u *"_ivl_1", 0 0, L_0x7f6fe5f79c48;  1 drivers
S_0x560d7a8c2460 .scope module, "_1043_" "sg13g2_hv_tiehi" 5 3942, 3 2348 0, S_0x560d7a760c50;
 .timescale -9 -11;
    .port_info 0 /OUTPUT 1 "L_HI";
L_0x7f6fe5f79c90 .functor BUFT 1, C4<1>, C4<0>, C4<0>, C4<0>;
L_0x560d7a9b80b0 .functor BUF 1, L_0x7f6fe5f79c90, C4<0>, C4<0>, C4<0>;
v0x560d7a8c2670_0 .net "L_HI", 0 0, L_0x560d7a9b80b0;  alias, 1 drivers
v0x560d7a8c2760_0 .net/2u *"_ivl_1", 0 0, L_0x7f6fe5f79c90;  1 drivers
S_0x560d7a8c2860 .scope module, "_1044_" "sg13g2_hv_tiehi" 5 3945, 3 2348 0, S_0x560d7a760c50;
 .timescale -9 -11;
    .port_info 0 /OUTPUT 1 "L_HI";
L_0x7f6fe5f79cd8 .functor BUFT 1, C4<1>, C4<0>, C4<0>, C4<0>;
L_0x560d7a9b81b0 .functor BUF 1, L_0x7f6fe5f79cd8, C4<0>, C4<0>, C4<0>;
v0x560d7a8c2a70_0 .net "L_HI", 0 0, L_0x560d7a9b81b0;  alias, 1 drivers
v0x560d7a8c2b60_0 .net/2u *"_ivl_1", 0 0, L_0x7f6fe5f79cd8;  1 drivers
S_0x560d7a8c2c60 .scope module, "_1045_" "sg13g2_hv_tiehi" 5 3948, 3 2348 0, S_0x560d7a760c50;
 .timescale -9 -11;
    .port_info 0 /OUTPUT 1 "L_HI";
L_0x7f6fe5f79d20 .functor BUFT 1, C4<1>, C4<0>, C4<0>, C4<0>;
L_0x560d7a9b82b0 .functor BUF 1, L_0x7f6fe5f79d20, C4<0>, C4<0>, C4<0>;
v0x560d7a8c2e70_0 .net "L_HI", 0 0, L_0x560d7a9b82b0;  alias, 1 drivers
v0x560d7a8c2f60_0 .net/2u *"_ivl_1", 0 0, L_0x7f6fe5f79d20;  1 drivers
S_0x560d7a8c3060 .scope module, "_1046_" "sg13g2_hv_tiehi" 5 3951, 3 2348 0, S_0x560d7a760c50;
 .timescale -9 -11;
    .port_info 0 /OUTPUT 1 "L_HI";
L_0x7f6fe5f79d68 .functor BUFT 1, C4<1>, C4<0>, C4<0>, C4<0>;
L_0x560d7a9b83b0 .functor BUF 1, L_0x7f6fe5f79d68, C4<0>, C4<0>, C4<0>;
v0x560d7a8c3270_0 .net "L_HI", 0 0, L_0x560d7a9b83b0;  alias, 1 drivers
v0x560d7a8c3360_0 .net/2u *"_ivl_1", 0 0, L_0x7f6fe5f79d68;  1 drivers
S_0x560d7a8c3460 .scope module, "_1047_" "sg13g2_hv_tiehi" 5 3954, 3 2348 0, S_0x560d7a760c50;
 .timescale -9 -11;
    .port_info 0 /OUTPUT 1 "L_HI";
L_0x7f6fe5f79db0 .functor BUFT 1, C4<1>, C4<0>, C4<0>, C4<0>;
L_0x560d7a9b84b0 .functor BUF 1, L_0x7f6fe5f79db0, C4<0>, C4<0>, C4<0>;
v0x560d7a8c3670_0 .net "L_HI", 0 0, L_0x560d7a9b84b0;  alias, 1 drivers
v0x560d7a8c3760_0 .net/2u *"_ivl_1", 0 0, L_0x7f6fe5f79db0;  1 drivers
S_0x560d7a8c3860 .scope module, "_1048_" "sg13g2_hv_tiehi" 5 3957, 3 2348 0, S_0x560d7a760c50;
 .timescale -9 -11;
    .port_info 0 /OUTPUT 1 "L_HI";
L_0x7f6fe5f79df8 .functor BUFT 1, C4<1>, C4<0>, C4<0>, C4<0>;
L_0x560d7a9b85b0 .functor BUF 1, L_0x7f6fe5f79df8, C4<0>, C4<0>, C4<0>;
v0x560d7a8c3a70_0 .net "L_HI", 0 0, L_0x560d7a9b85b0;  alias, 1 drivers
v0x560d7a8c3b60_0 .net/2u *"_ivl_1", 0 0, L_0x7f6fe5f79df8;  1 drivers
S_0x560d7a8c3c60 .scope module, "_1049_" "sg13g2_hv_tiehi" 5 3960, 3 2348 0, S_0x560d7a760c50;
 .timescale -9 -11;
    .port_info 0 /OUTPUT 1 "L_HI";
L_0x7f6fe5f79e40 .functor BUFT 1, C4<1>, C4<0>, C4<0>, C4<0>;
L_0x560d7a9b86b0 .functor BUF 1, L_0x7f6fe5f79e40, C4<0>, C4<0>, C4<0>;
v0x560d7a8c3e70_0 .net "L_HI", 0 0, L_0x560d7a9b86b0;  alias, 1 drivers
v0x560d7a8c3f60_0 .net/2u *"_ivl_1", 0 0, L_0x7f6fe5f79e40;  1 drivers
S_0x560d7a8c4060 .scope module, "_1050_" "sg13g2_hv_tiehi" 5 3963, 3 2348 0, S_0x560d7a760c50;
 .timescale -9 -11;
    .port_info 0 /OUTPUT 1 "L_HI";
L_0x7f6fe5f79e88 .functor BUFT 1, C4<1>, C4<0>, C4<0>, C4<0>;
L_0x560d7a9b8800 .functor BUF 1, L_0x7f6fe5f79e88, C4<0>, C4<0>, C4<0>;
v0x560d7a8c4270_0 .net "L_HI", 0 0, L_0x560d7a9b8800;  alias, 1 drivers
v0x560d7a8c4360_0 .net/2u *"_ivl_1", 0 0, L_0x7f6fe5f79e88;  1 drivers
S_0x560d7a8c4460 .scope module, "_1051_" "sg13g2_hv_tiehi" 5 3966, 3 2348 0, S_0x560d7a760c50;
 .timescale -9 -11;
    .port_info 0 /OUTPUT 1 "L_HI";
L_0x7f6fe5f79ed0 .functor BUFT 1, C4<1>, C4<0>, C4<0>, C4<0>;
L_0x560d7a9b8950 .functor BUF 1, L_0x7f6fe5f79ed0, C4<0>, C4<0>, C4<0>;
v0x560d7a8c4670_0 .net "L_HI", 0 0, L_0x560d7a9b8950;  alias, 1 drivers
v0x560d7a8c4760_0 .net/2u *"_ivl_1", 0 0, L_0x7f6fe5f79ed0;  1 drivers
S_0x560d7a8c4860 .scope module, "_1052_" "sg13g2_hv_tiehi" 5 3969, 3 2348 0, S_0x560d7a760c50;
 .timescale -9 -11;
    .port_info 0 /OUTPUT 1 "L_HI";
L_0x7f6fe5f79f18 .functor BUFT 1, C4<1>, C4<0>, C4<0>, C4<0>;
L_0x560d7a9b8aa0 .functor BUF 1, L_0x7f6fe5f79f18, C4<0>, C4<0>, C4<0>;
v0x560d7a8c4a70_0 .net "L_HI", 0 0, L_0x560d7a9b8aa0;  alias, 1 drivers
v0x560d7a8c4b60_0 .net/2u *"_ivl_1", 0 0, L_0x7f6fe5f79f18;  1 drivers
S_0x560d7a8c4c60 .scope module, "_1053_" "sg13g2_hv_tiehi" 5 3972, 3 2348 0, S_0x560d7a760c50;
 .timescale -9 -11;
    .port_info 0 /OUTPUT 1 "L_HI";
L_0x7f6fe5f79f60 .functor BUFT 1, C4<1>, C4<0>, C4<0>, C4<0>;
L_0x560d7a9b8bf0 .functor BUF 1, L_0x7f6fe5f79f60, C4<0>, C4<0>, C4<0>;
v0x560d7a8c4e70_0 .net "L_HI", 0 0, L_0x560d7a9b8bf0;  alias, 1 drivers
v0x560d7a8c4f60_0 .net/2u *"_ivl_1", 0 0, L_0x7f6fe5f79f60;  1 drivers
S_0x560d7a8c5060 .scope module, "_1054_" "sg13g2_hv_tiehi" 5 3975, 3 2348 0, S_0x560d7a760c50;
 .timescale -9 -11;
    .port_info 0 /OUTPUT 1 "L_HI";
L_0x7f6fe5f79fa8 .functor BUFT 1, C4<1>, C4<0>, C4<0>, C4<0>;
L_0x560d7a9b8d40 .functor BUF 1, L_0x7f6fe5f79fa8, C4<0>, C4<0>, C4<0>;
v0x560d7a8c5270_0 .net "L_HI", 0 0, L_0x560d7a9b8d40;  alias, 1 drivers
v0x560d7a8c5360_0 .net/2u *"_ivl_1", 0 0, L_0x7f6fe5f79fa8;  1 drivers
S_0x560d7a8c5460 .scope module, "_1055_" "sg13g2_hv_tiehi" 5 3978, 3 2348 0, S_0x560d7a760c50;
 .timescale -9 -11;
    .port_info 0 /OUTPUT 1 "L_HI";
L_0x7f6fe5f79ff0 .functor BUFT 1, C4<1>, C4<0>, C4<0>, C4<0>;
L_0x560d7a9b8e90 .functor BUF 1, L_0x7f6fe5f79ff0, C4<0>, C4<0>, C4<0>;
v0x560d7a8c5670_0 .net "L_HI", 0 0, L_0x560d7a9b8e90;  alias, 1 drivers
v0x560d7a8c5760_0 .net/2u *"_ivl_1", 0 0, L_0x7f6fe5f79ff0;  1 drivers
S_0x560d7a8c5860 .scope module, "_1056_" "sg13g2_hv_tiehi" 5 3981, 3 2348 0, S_0x560d7a760c50;
 .timescale -9 -11;
    .port_info 0 /OUTPUT 1 "L_HI";
L_0x7f6fe5f7a038 .functor BUFT 1, C4<1>, C4<0>, C4<0>, C4<0>;
L_0x560d7a9b8fe0 .functor BUF 1, L_0x7f6fe5f7a038, C4<0>, C4<0>, C4<0>;
v0x560d7a8c5a70_0 .net "L_HI", 0 0, L_0x560d7a9b8fe0;  alias, 1 drivers
v0x560d7a8c5b60_0 .net/2u *"_ivl_1", 0 0, L_0x7f6fe5f7a038;  1 drivers
S_0x560d7a8c5c60 .scope module, "_1057_" "sg13g2_hv_tiehi" 5 3984, 3 2348 0, S_0x560d7a760c50;
 .timescale -9 -11;
    .port_info 0 /OUTPUT 1 "L_HI";
L_0x7f6fe5f7a080 .functor BUFT 1, C4<1>, C4<0>, C4<0>, C4<0>;
L_0x560d7a9b9130 .functor BUF 1, L_0x7f6fe5f7a080, C4<0>, C4<0>, C4<0>;
v0x560d7a8c5e70_0 .net "L_HI", 0 0, L_0x560d7a9b9130;  alias, 1 drivers
v0x560d7a8c5f60_0 .net/2u *"_ivl_1", 0 0, L_0x7f6fe5f7a080;  1 drivers
S_0x560d7a8c6060 .scope module, "_1058_" "sg13g2_hv_tiehi" 5 3987, 3 2348 0, S_0x560d7a760c50;
 .timescale -9 -11;
    .port_info 0 /OUTPUT 1 "L_HI";
L_0x7f6fe5f7a0c8 .functor BUFT 1, C4<1>, C4<0>, C4<0>, C4<0>;
L_0x560d7a9b9230 .functor BUF 1, L_0x7f6fe5f7a0c8, C4<0>, C4<0>, C4<0>;
v0x560d7a8c6270_0 .net "L_HI", 0 0, L_0x560d7a9b9230;  alias, 1 drivers
v0x560d7a8c6360_0 .net/2u *"_ivl_1", 0 0, L_0x7f6fe5f7a0c8;  1 drivers
S_0x560d7a8c6460 .scope module, "_1059_" "sg13g2_hv_tiehi" 5 3990, 3 2348 0, S_0x560d7a760c50;
 .timescale -9 -11;
    .port_info 0 /OUTPUT 1 "L_HI";
L_0x7f6fe5f7a110 .functor BUFT 1, C4<1>, C4<0>, C4<0>, C4<0>;
L_0x560d7a9b9330 .functor BUF 1, L_0x7f6fe5f7a110, C4<0>, C4<0>, C4<0>;
v0x560d7a8c6670_0 .net "L_HI", 0 0, L_0x560d7a9b9330;  alias, 1 drivers
v0x560d7a8c6760_0 .net/2u *"_ivl_1", 0 0, L_0x7f6fe5f7a110;  1 drivers
S_0x560d7a8c6860 .scope module, "_1060_" "sg13g2_hv_tiehi" 5 3993, 3 2348 0, S_0x560d7a760c50;
 .timescale -9 -11;
    .port_info 0 /OUTPUT 1 "L_HI";
L_0x7f6fe5f7a158 .functor BUFT 1, C4<1>, C4<0>, C4<0>, C4<0>;
L_0x560d7a9b9430 .functor BUF 1, L_0x7f6fe5f7a158, C4<0>, C4<0>, C4<0>;
v0x560d7a8c6a70_0 .net "L_HI", 0 0, L_0x560d7a9b9430;  alias, 1 drivers
v0x560d7a8c6b60_0 .net/2u *"_ivl_1", 0 0, L_0x7f6fe5f7a158;  1 drivers
S_0x560d7a8c6c60 .scope module, "_1061_" "sg13g2_hv_tiehi" 5 3996, 3 2348 0, S_0x560d7a760c50;
 .timescale -9 -11;
    .port_info 0 /OUTPUT 1 "L_HI";
L_0x7f6fe5f7a1a0 .functor BUFT 1, C4<1>, C4<0>, C4<0>, C4<0>;
L_0x560d7a9b9530 .functor BUF 1, L_0x7f6fe5f7a1a0, C4<0>, C4<0>, C4<0>;
v0x560d7a8c6e70_0 .net "L_HI", 0 0, L_0x560d7a9b9530;  alias, 1 drivers
v0x560d7a8c6f60_0 .net/2u *"_ivl_1", 0 0, L_0x7f6fe5f7a1a0;  1 drivers
S_0x560d7a8c7060 .scope module, "_1062_" "sg13g2_hv_tiehi" 5 3999, 3 2348 0, S_0x560d7a760c50;
 .timescale -9 -11;
    .port_info 0 /OUTPUT 1 "L_HI";
L_0x7f6fe5f7a1e8 .functor BUFT 1, C4<1>, C4<0>, C4<0>, C4<0>;
L_0x560d7a9b9630 .functor BUF 1, L_0x7f6fe5f7a1e8, C4<0>, C4<0>, C4<0>;
v0x560d7a8c7270_0 .net "L_HI", 0 0, L_0x560d7a9b9630;  alias, 1 drivers
v0x560d7a8c7360_0 .net/2u *"_ivl_1", 0 0, L_0x7f6fe5f7a1e8;  1 drivers
S_0x560d7a8c7460 .scope module, "_1063_" "sg13g2_hv_tiehi" 5 4002, 3 2348 0, S_0x560d7a760c50;
 .timescale -9 -11;
    .port_info 0 /OUTPUT 1 "L_HI";
L_0x7f6fe5f7a230 .functor BUFT 1, C4<1>, C4<0>, C4<0>, C4<0>;
L_0x560d7a9b9730 .functor BUF 1, L_0x7f6fe5f7a230, C4<0>, C4<0>, C4<0>;
v0x560d7a8c7670_0 .net "L_HI", 0 0, L_0x560d7a9b9730;  alias, 1 drivers
v0x560d7a8c7760_0 .net/2u *"_ivl_1", 0 0, L_0x7f6fe5f7a230;  1 drivers
S_0x560d7a8c7860 .scope module, "_1064_" "sg13g2_hv_tiehi" 5 4005, 3 2348 0, S_0x560d7a760c50;
 .timescale -9 -11;
    .port_info 0 /OUTPUT 1 "L_HI";
L_0x7f6fe5f7a278 .functor BUFT 1, C4<1>, C4<0>, C4<0>, C4<0>;
L_0x560d7a9b9830 .functor BUF 1, L_0x7f6fe5f7a278, C4<0>, C4<0>, C4<0>;
v0x560d7a8c7a70_0 .net "L_HI", 0 0, L_0x560d7a9b9830;  alias, 1 drivers
v0x560d7a8c7b60_0 .net/2u *"_ivl_1", 0 0, L_0x7f6fe5f7a278;  1 drivers
S_0x560d7a8c7c60 .scope module, "_1065_" "sg13g2_hv_tiehi" 5 4008, 3 2348 0, S_0x560d7a760c50;
 .timescale -9 -11;
    .port_info 0 /OUTPUT 1 "L_HI";
L_0x7f6fe5f7a2c0 .functor BUFT 1, C4<1>, C4<0>, C4<0>, C4<0>;
L_0x560d7a9b9930 .functor BUF 1, L_0x7f6fe5f7a2c0, C4<0>, C4<0>, C4<0>;
v0x560d7a8c7e70_0 .net "L_HI", 0 0, L_0x560d7a9b9930;  alias, 1 drivers
v0x560d7a8c7f60_0 .net/2u *"_ivl_1", 0 0, L_0x7f6fe5f7a2c0;  1 drivers
S_0x560d7a8c8060 .scope module, "_1066_" "sg13g2_hv_tiehi" 5 4011, 3 2348 0, S_0x560d7a760c50;
 .timescale -9 -11;
    .port_info 0 /OUTPUT 1 "L_HI";
L_0x7f6fe5f7a308 .functor BUFT 1, C4<1>, C4<0>, C4<0>, C4<0>;
L_0x560d7a9b9a30 .functor BUF 1, L_0x7f6fe5f7a308, C4<0>, C4<0>, C4<0>;
v0x560d7a8c8270_0 .net "L_HI", 0 0, L_0x560d7a9b9a30;  alias, 1 drivers
v0x560d7a8c8360_0 .net/2u *"_ivl_1", 0 0, L_0x7f6fe5f7a308;  1 drivers
S_0x560d7a8c8460 .scope module, "_1067_" "sg13g2_hv_tiehi" 5 4014, 3 2348 0, S_0x560d7a760c50;
 .timescale -9 -11;
    .port_info 0 /OUTPUT 1 "L_HI";
L_0x7f6fe5f7a350 .functor BUFT 1, C4<1>, C4<0>, C4<0>, C4<0>;
L_0x560d7a9b9b30 .functor BUF 1, L_0x7f6fe5f7a350, C4<0>, C4<0>, C4<0>;
v0x560d7a8c8670_0 .net "L_HI", 0 0, L_0x560d7a9b9b30;  alias, 1 drivers
v0x560d7a8c8760_0 .net/2u *"_ivl_1", 0 0, L_0x7f6fe5f7a350;  1 drivers
S_0x560d7a8c8860 .scope module, "_1068_" "sg13g2_hv_tiehi" 5 4017, 3 2348 0, S_0x560d7a760c50;
 .timescale -9 -11;
    .port_info 0 /OUTPUT 1 "L_HI";
L_0x7f6fe5f7a398 .functor BUFT 1, C4<1>, C4<0>, C4<0>, C4<0>;
L_0x560d7a9b9c30 .functor BUF 1, L_0x7f6fe5f7a398, C4<0>, C4<0>, C4<0>;
v0x560d7a8c8a70_0 .net "L_HI", 0 0, L_0x560d7a9b9c30;  alias, 1 drivers
v0x560d7a8c8b60_0 .net/2u *"_ivl_1", 0 0, L_0x7f6fe5f7a398;  1 drivers
S_0x560d7a8c8c60 .scope module, "_1069_" "sg13g2_hv_tiehi" 5 4020, 3 2348 0, S_0x560d7a760c50;
 .timescale -9 -11;
    .port_info 0 /OUTPUT 1 "L_HI";
L_0x7f6fe5f7a3e0 .functor BUFT 1, C4<1>, C4<0>, C4<0>, C4<0>;
L_0x560d7a9b9d30 .functor BUF 1, L_0x7f6fe5f7a3e0, C4<0>, C4<0>, C4<0>;
v0x560d7a8c8e70_0 .net "L_HI", 0 0, L_0x560d7a9b9d30;  alias, 1 drivers
v0x560d7a8c8f60_0 .net/2u *"_ivl_1", 0 0, L_0x7f6fe5f7a3e0;  1 drivers
S_0x560d7a8c9060 .scope module, "_1070_" "sg13g2_hv_tiehi" 5 4023, 3 2348 0, S_0x560d7a760c50;
 .timescale -9 -11;
    .port_info 0 /OUTPUT 1 "L_HI";
L_0x7f6fe5f7a428 .functor BUFT 1, C4<1>, C4<0>, C4<0>, C4<0>;
L_0x560d7a9b9e30 .functor BUF 1, L_0x7f6fe5f7a428, C4<0>, C4<0>, C4<0>;
v0x560d7a8c9270_0 .net "L_HI", 0 0, L_0x560d7a9b9e30;  alias, 1 drivers
v0x560d7a8c9360_0 .net/2u *"_ivl_1", 0 0, L_0x7f6fe5f7a428;  1 drivers
S_0x560d7a8c9460 .scope module, "_1071_" "sg13g2_hv_tiehi" 5 4026, 3 2348 0, S_0x560d7a760c50;
 .timescale -9 -11;
    .port_info 0 /OUTPUT 1 "L_HI";
L_0x7f6fe5f7a470 .functor BUFT 1, C4<1>, C4<0>, C4<0>, C4<0>;
L_0x560d7a9b9f30 .functor BUF 1, L_0x7f6fe5f7a470, C4<0>, C4<0>, C4<0>;
v0x560d7a8c9670_0 .net "L_HI", 0 0, L_0x560d7a9b9f30;  alias, 1 drivers
v0x560d7a8c9760_0 .net/2u *"_ivl_1", 0 0, L_0x7f6fe5f7a470;  1 drivers
S_0x560d7a8c9860 .scope module, "_1072_" "sg13g2_hv_tiehi" 5 4029, 3 2348 0, S_0x560d7a760c50;
 .timescale -9 -11;
    .port_info 0 /OUTPUT 1 "L_HI";
L_0x7f6fe5f7a4b8 .functor BUFT 1, C4<1>, C4<0>, C4<0>, C4<0>;
L_0x560d7a9ba030 .functor BUF 1, L_0x7f6fe5f7a4b8, C4<0>, C4<0>, C4<0>;
v0x560d7a8c9a70_0 .net "L_HI", 0 0, L_0x560d7a9ba030;  alias, 1 drivers
v0x560d7a8c9b60_0 .net/2u *"_ivl_1", 0 0, L_0x7f6fe5f7a4b8;  1 drivers
S_0x560d7a8c9c60 .scope module, "_1073_" "sg13g2_hv_tiehi" 5 4032, 3 2348 0, S_0x560d7a760c50;
 .timescale -9 -11;
    .port_info 0 /OUTPUT 1 "L_HI";
L_0x7f6fe5f7a500 .functor BUFT 1, C4<1>, C4<0>, C4<0>, C4<0>;
L_0x560d7a9ba130 .functor BUF 1, L_0x7f6fe5f7a500, C4<0>, C4<0>, C4<0>;
v0x560d7a8c9e70_0 .net "L_HI", 0 0, L_0x560d7a9ba130;  alias, 1 drivers
v0x560d7a8c9f60_0 .net/2u *"_ivl_1", 0 0, L_0x7f6fe5f7a500;  1 drivers
S_0x560d7a8ca060 .scope module, "_1074_" "sg13g2_hv_tiehi" 5 4035, 3 2348 0, S_0x560d7a760c50;
 .timescale -9 -11;
    .port_info 0 /OUTPUT 1 "L_HI";
L_0x7f6fe5f7a548 .functor BUFT 1, C4<1>, C4<0>, C4<0>, C4<0>;
L_0x560d7a9ba230 .functor BUF 1, L_0x7f6fe5f7a548, C4<0>, C4<0>, C4<0>;
v0x560d7a8ca270_0 .net "L_HI", 0 0, L_0x560d7a9ba230;  alias, 1 drivers
v0x560d7a8ca360_0 .net/2u *"_ivl_1", 0 0, L_0x7f6fe5f7a548;  1 drivers
S_0x560d7a8ca460 .scope module, "_1075_" "sg13g2_hv_tiehi" 5 4038, 3 2348 0, S_0x560d7a760c50;
 .timescale -9 -11;
    .port_info 0 /OUTPUT 1 "L_HI";
L_0x7f6fe5f7a590 .functor BUFT 1, C4<1>, C4<0>, C4<0>, C4<0>;
L_0x560d7a9ba330 .functor BUF 1, L_0x7f6fe5f7a590, C4<0>, C4<0>, C4<0>;
v0x560d7a8ca670_0 .net "L_HI", 0 0, L_0x560d7a9ba330;  alias, 1 drivers
v0x560d7a8ca760_0 .net/2u *"_ivl_1", 0 0, L_0x7f6fe5f7a590;  1 drivers
S_0x560d7a8ca860 .scope module, "_1076_" "sg13g2_hv_tiehi" 5 4041, 3 2348 0, S_0x560d7a760c50;
 .timescale -9 -11;
    .port_info 0 /OUTPUT 1 "L_HI";
L_0x7f6fe5f7a5d8 .functor BUFT 1, C4<1>, C4<0>, C4<0>, C4<0>;
L_0x560d7a9ba430 .functor BUF 1, L_0x7f6fe5f7a5d8, C4<0>, C4<0>, C4<0>;
v0x560d7a8caa70_0 .net "L_HI", 0 0, L_0x560d7a9ba430;  alias, 1 drivers
v0x560d7a8cab60_0 .net/2u *"_ivl_1", 0 0, L_0x7f6fe5f7a5d8;  1 drivers
S_0x560d7a8cac60 .scope module, "_1077_" "sg13g2_hv_tiehi" 5 4044, 3 2348 0, S_0x560d7a760c50;
 .timescale -9 -11;
    .port_info 0 /OUTPUT 1 "L_HI";
L_0x7f6fe5f7a620 .functor BUFT 1, C4<1>, C4<0>, C4<0>, C4<0>;
L_0x560d7a9ba530 .functor BUF 1, L_0x7f6fe5f7a620, C4<0>, C4<0>, C4<0>;
v0x560d7a8cae70_0 .net "L_HI", 0 0, L_0x560d7a9ba530;  alias, 1 drivers
v0x560d7a8caf60_0 .net/2u *"_ivl_1", 0 0, L_0x7f6fe5f7a620;  1 drivers
S_0x560d7a8cb060 .scope module, "_1078_" "sg13g2_hv_tiehi" 5 4047, 3 2348 0, S_0x560d7a760c50;
 .timescale -9 -11;
    .port_info 0 /OUTPUT 1 "L_HI";
L_0x7f6fe5f7a668 .functor BUFT 1, C4<1>, C4<0>, C4<0>, C4<0>;
L_0x560d7a9ba630 .functor BUF 1, L_0x7f6fe5f7a668, C4<0>, C4<0>, C4<0>;
v0x560d7a8cb270_0 .net "L_HI", 0 0, L_0x560d7a9ba630;  alias, 1 drivers
v0x560d7a8cb360_0 .net/2u *"_ivl_1", 0 0, L_0x7f6fe5f7a668;  1 drivers
S_0x560d7a8cb460 .scope module, "_1079_" "sg13g2_hv_tiehi" 5 4050, 3 2348 0, S_0x560d7a760c50;
 .timescale -9 -11;
    .port_info 0 /OUTPUT 1 "L_HI";
L_0x7f6fe5f7a6b0 .functor BUFT 1, C4<1>, C4<0>, C4<0>, C4<0>;
L_0x560d7a9ba730 .functor BUF 1, L_0x7f6fe5f7a6b0, C4<0>, C4<0>, C4<0>;
v0x560d7a8cb670_0 .net "L_HI", 0 0, L_0x560d7a9ba730;  alias, 1 drivers
v0x560d7a8cb760_0 .net/2u *"_ivl_1", 0 0, L_0x7f6fe5f7a6b0;  1 drivers
S_0x560d7a8cb860 .scope module, "_1080_" "sg13g2_hv_tiehi" 5 4053, 3 2348 0, S_0x560d7a760c50;
 .timescale -9 -11;
    .port_info 0 /OUTPUT 1 "L_HI";
L_0x7f6fe5f7a6f8 .functor BUFT 1, C4<1>, C4<0>, C4<0>, C4<0>;
L_0x560d7a9ba830 .functor BUF 1, L_0x7f6fe5f7a6f8, C4<0>, C4<0>, C4<0>;
v0x560d7a8cba70_0 .net "L_HI", 0 0, L_0x560d7a9ba830;  alias, 1 drivers
v0x560d7a8cbb60_0 .net/2u *"_ivl_1", 0 0, L_0x7f6fe5f7a6f8;  1 drivers
S_0x560d7a8cbc60 .scope module, "_1081_" "sg13g2_hv_tiehi" 5 4056, 3 2348 0, S_0x560d7a760c50;
 .timescale -9 -11;
    .port_info 0 /OUTPUT 1 "L_HI";
L_0x7f6fe5f7a740 .functor BUFT 1, C4<1>, C4<0>, C4<0>, C4<0>;
L_0x560d7a9ba930 .functor BUF 1, L_0x7f6fe5f7a740, C4<0>, C4<0>, C4<0>;
v0x560d7a8cbe70_0 .net "L_HI", 0 0, L_0x560d7a9ba930;  alias, 1 drivers
v0x560d7a8cbf60_0 .net/2u *"_ivl_1", 0 0, L_0x7f6fe5f7a740;  1 drivers
S_0x560d7a8cc060 .scope module, "_1082_" "sg13g2_hv_tiehi" 5 4059, 3 2348 0, S_0x560d7a760c50;
 .timescale -9 -11;
    .port_info 0 /OUTPUT 1 "L_HI";
L_0x7f6fe5f7a788 .functor BUFT 1, C4<1>, C4<0>, C4<0>, C4<0>;
L_0x560d7a9baa30 .functor BUF 1, L_0x7f6fe5f7a788, C4<0>, C4<0>, C4<0>;
v0x560d7a8cc270_0 .net "L_HI", 0 0, L_0x560d7a9baa30;  alias, 1 drivers
v0x560d7a8cc360_0 .net/2u *"_ivl_1", 0 0, L_0x7f6fe5f7a788;  1 drivers
S_0x560d7a8cc480 .scope module, "_1083_" "sg13g2_hv_tiehi" 5 4062, 3 2348 0, S_0x560d7a760c50;
 .timescale -9 -11;
    .port_info 0 /OUTPUT 1 "L_HI";
L_0x7f6fe5f7a7d0 .functor BUFT 1, C4<1>, C4<0>, C4<0>, C4<0>;
L_0x560d7a9bab30 .functor BUF 1, L_0x7f6fe5f7a7d0, C4<0>, C4<0>, C4<0>;
v0x560d7a8cc660_0 .net "L_HI", 0 0, L_0x560d7a9bab30;  alias, 1 drivers
v0x560d7a8cc750_0 .net/2u *"_ivl_1", 0 0, L_0x7f6fe5f7a7d0;  1 drivers
S_0x560d7a8cc850 .scope module, "_1084_" "sg13g2_hv_tiehi" 5 4065, 3 2348 0, S_0x560d7a760c50;
 .timescale -9 -11;
    .port_info 0 /OUTPUT 1 "L_HI";
L_0x7f6fe5f7a818 .functor BUFT 1, C4<1>, C4<0>, C4<0>, C4<0>;
L_0x560d7a9bac30 .functor BUF 1, L_0x7f6fe5f7a818, C4<0>, C4<0>, C4<0>;
v0x560d7a8cca60_0 .net "L_HI", 0 0, L_0x560d7a9bac30;  alias, 1 drivers
v0x560d7a8ccb50_0 .net/2u *"_ivl_1", 0 0, L_0x7f6fe5f7a818;  1 drivers
S_0x560d7a8ccc50 .scope module, "_1085_" "sg13g2_hv_tiehi" 5 4068, 3 2348 0, S_0x560d7a760c50;
 .timescale -9 -11;
    .port_info 0 /OUTPUT 1 "L_HI";
L_0x7f6fe5f7a860 .functor BUFT 1, C4<1>, C4<0>, C4<0>, C4<0>;
L_0x560d7a9a3840 .functor BUF 1, L_0x7f6fe5f7a860, C4<0>, C4<0>, C4<0>;
v0x560d7a8cce60_0 .net "L_HI", 0 0, L_0x560d7a9a3840;  alias, 1 drivers
v0x560d7a8ccf50_0 .net/2u *"_ivl_1", 0 0, L_0x7f6fe5f7a860;  1 drivers
S_0x560d7a8cd050 .scope module, "_1086_" "sg13g2_hv_tiehi" 5 4071, 3 2348 0, S_0x560d7a760c50;
 .timescale -9 -11;
    .port_info 0 /OUTPUT 1 "L_HI";
L_0x7f6fe5f7a8a8 .functor BUFT 1, C4<1>, C4<0>, C4<0>, C4<0>;
L_0x560d7a9a3940 .functor BUF 1, L_0x7f6fe5f7a8a8, C4<0>, C4<0>, C4<0>;
v0x560d7a8cd260_0 .net "L_HI", 0 0, L_0x560d7a9a3940;  alias, 1 drivers
v0x560d7a8cd350_0 .net/2u *"_ivl_1", 0 0, L_0x7f6fe5f7a8a8;  1 drivers
S_0x560d7a8cd450 .scope module, "_1087_" "sg13g2_hv_tiehi" 5 4074, 3 2348 0, S_0x560d7a760c50;
 .timescale -9 -11;
    .port_info 0 /OUTPUT 1 "L_HI";
L_0x7f6fe5f7a8f0 .functor BUFT 1, C4<1>, C4<0>, C4<0>, C4<0>;
L_0x560d7a9a3a40 .functor BUF 1, L_0x7f6fe5f7a8f0, C4<0>, C4<0>, C4<0>;
v0x560d7a8cd660_0 .net "L_HI", 0 0, L_0x560d7a9a3a40;  alias, 1 drivers
v0x560d7a8cd750_0 .net/2u *"_ivl_1", 0 0, L_0x7f6fe5f7a8f0;  1 drivers
S_0x560d7a8cd850 .scope module, "_1088_" "sg13g2_hv_tiehi" 5 4077, 3 2348 0, S_0x560d7a760c50;
 .timescale -9 -11;
    .port_info 0 /OUTPUT 1 "L_HI";
L_0x7f6fe5f7a938 .functor BUFT 1, C4<1>, C4<0>, C4<0>, C4<0>;
L_0x560d7a9a3b40 .functor BUF 1, L_0x7f6fe5f7a938, C4<0>, C4<0>, C4<0>;
v0x560d7a8cda60_0 .net "L_HI", 0 0, L_0x560d7a9a3b40;  alias, 1 drivers
v0x560d7a8cdb50_0 .net/2u *"_ivl_1", 0 0, L_0x7f6fe5f7a938;  1 drivers
S_0x560d7a8cdc50 .scope module, "_1089_" "sg13g2_hv_tiehi" 5 4080, 3 2348 0, S_0x560d7a760c50;
 .timescale -9 -11;
    .port_info 0 /OUTPUT 1 "L_HI";
L_0x7f6fe5f7a980 .functor BUFT 1, C4<1>, C4<0>, C4<0>, C4<0>;
L_0x560d7a9a3c40 .functor BUF 1, L_0x7f6fe5f7a980, C4<0>, C4<0>, C4<0>;
v0x560d7a8cde60_0 .net "L_HI", 0 0, L_0x560d7a9a3c40;  alias, 1 drivers
v0x560d7a8cdf50_0 .net/2u *"_ivl_1", 0 0, L_0x7f6fe5f7a980;  1 drivers
S_0x560d7a8ce050 .scope module, "_1090_" "sg13g2_hv_tiehi" 5 4083, 3 2348 0, S_0x560d7a760c50;
 .timescale -9 -11;
    .port_info 0 /OUTPUT 1 "L_HI";
L_0x7f6fe5f7a9c8 .functor BUFT 1, C4<1>, C4<0>, C4<0>, C4<0>;
L_0x560d7a9a3d40 .functor BUF 1, L_0x7f6fe5f7a9c8, C4<0>, C4<0>, C4<0>;
v0x560d7a8ce260_0 .net "L_HI", 0 0, L_0x560d7a9a3d40;  alias, 1 drivers
v0x560d7a8ce350_0 .net/2u *"_ivl_1", 0 0, L_0x7f6fe5f7a9c8;  1 drivers
S_0x560d7a8ce470 .scope module, "_1091_" "sg13g2_hv_tiehi" 5 4086, 3 2348 0, S_0x560d7a760c50;
 .timescale -9 -11;
    .port_info 0 /OUTPUT 1 "L_HI";
L_0x7f6fe5f7aa10 .functor BUFT 1, C4<1>, C4<0>, C4<0>, C4<0>;
L_0x560d7a9a3e40 .functor BUF 1, L_0x7f6fe5f7aa10, C4<0>, C4<0>, C4<0>;
v0x560d7a8ce650_0 .net "L_HI", 0 0, L_0x560d7a9a3e40;  alias, 1 drivers
v0x560d7a8ce740_0 .net/2u *"_ivl_1", 0 0, L_0x7f6fe5f7aa10;  1 drivers
S_0x560d7a8ce840 .scope module, "_1092_" "sg13g2_hv_tiehi" 5 4089, 3 2348 0, S_0x560d7a760c50;
 .timescale -9 -11;
    .port_info 0 /OUTPUT 1 "L_HI";
L_0x7f6fe5f7aa58 .functor BUFT 1, C4<1>, C4<0>, C4<0>, C4<0>;
L_0x560d7a9a3f40 .functor BUF 1, L_0x7f6fe5f7aa58, C4<0>, C4<0>, C4<0>;
v0x560d7a8cea50_0 .net "L_HI", 0 0, L_0x560d7a9a3f40;  alias, 1 drivers
v0x560d7a8ceb40_0 .net/2u *"_ivl_1", 0 0, L_0x7f6fe5f7aa58;  1 drivers
S_0x560d7a8cec40 .scope module, "_1093_" "sg13g2_hv_tiehi" 5 4092, 3 2348 0, S_0x560d7a760c50;
 .timescale -9 -11;
    .port_info 0 /OUTPUT 1 "L_HI";
L_0x7f6fe5f7aaa0 .functor BUFT 1, C4<1>, C4<0>, C4<0>, C4<0>;
L_0x560d7a9bbd40 .functor BUF 1, L_0x7f6fe5f7aaa0, C4<0>, C4<0>, C4<0>;
v0x560d7a8cee50_0 .net "L_HI", 0 0, L_0x560d7a9bbd40;  alias, 1 drivers
v0x560d7a8cef40_0 .net/2u *"_ivl_1", 0 0, L_0x7f6fe5f7aaa0;  1 drivers
S_0x560d7a8cf040 .scope module, "_1094_" "sg13g2_hv_tiehi" 5 4095, 3 2348 0, S_0x560d7a760c50;
 .timescale -9 -11;
    .port_info 0 /OUTPUT 1 "L_HI";
L_0x7f6fe5f7aae8 .functor BUFT 1, C4<1>, C4<0>, C4<0>, C4<0>;
L_0x560d7a9bbe40 .functor BUF 1, L_0x7f6fe5f7aae8, C4<0>, C4<0>, C4<0>;
v0x560d7a8cf250_0 .net "L_HI", 0 0, L_0x560d7a9bbe40;  alias, 1 drivers
v0x560d7a8cf340_0 .net/2u *"_ivl_1", 0 0, L_0x7f6fe5f7aae8;  1 drivers
S_0x560d7a8cf440 .scope module, "_1095_" "sg13g2_hv_tiehi" 5 4098, 3 2348 0, S_0x560d7a760c50;
 .timescale -9 -11;
    .port_info 0 /OUTPUT 1 "L_HI";
L_0x7f6fe5f7ab30 .functor BUFT 1, C4<1>, C4<0>, C4<0>, C4<0>;
L_0x560d7a9bbf40 .functor BUF 1, L_0x7f6fe5f7ab30, C4<0>, C4<0>, C4<0>;
v0x560d7a8cf650_0 .net "L_HI", 0 0, L_0x560d7a9bbf40;  alias, 1 drivers
v0x560d7a8cf740_0 .net/2u *"_ivl_1", 0 0, L_0x7f6fe5f7ab30;  1 drivers
S_0x560d7a8cf840 .scope module, "_1096_" "sg13g2_hv_tiehi" 5 4101, 3 2348 0, S_0x560d7a760c50;
 .timescale -9 -11;
    .port_info 0 /OUTPUT 1 "L_HI";
L_0x7f6fe5f7ab78 .functor BUFT 1, C4<1>, C4<0>, C4<0>, C4<0>;
L_0x560d7a9bc040 .functor BUF 1, L_0x7f6fe5f7ab78, C4<0>, C4<0>, C4<0>;
v0x560d7a8cfa50_0 .net "L_HI", 0 0, L_0x560d7a9bc040;  alias, 1 drivers
v0x560d7a8cfb40_0 .net/2u *"_ivl_1", 0 0, L_0x7f6fe5f7ab78;  1 drivers
S_0x560d7a8cfc40 .scope module, "_1097_" "sg13g2_hv_tiehi" 5 4104, 3 2348 0, S_0x560d7a760c50;
 .timescale -9 -11;
    .port_info 0 /OUTPUT 1 "L_HI";
L_0x7f6fe5f7abc0 .functor BUFT 1, C4<1>, C4<0>, C4<0>, C4<0>;
L_0x560d7a9bc140 .functor BUF 1, L_0x7f6fe5f7abc0, C4<0>, C4<0>, C4<0>;
v0x560d7a8cfe50_0 .net "L_HI", 0 0, L_0x560d7a9bc140;  alias, 1 drivers
v0x560d7a8cff40_0 .net/2u *"_ivl_1", 0 0, L_0x7f6fe5f7abc0;  1 drivers
S_0x560d7a8d0040 .scope module, "_1098_" "sg13g2_hv_tiehi" 5 4107, 3 2348 0, S_0x560d7a760c50;
 .timescale -9 -11;
    .port_info 0 /OUTPUT 1 "L_HI";
L_0x7f6fe5f7ac08 .functor BUFT 1, C4<1>, C4<0>, C4<0>, C4<0>;
L_0x560d7a9bc240 .functor BUF 1, L_0x7f6fe5f7ac08, C4<0>, C4<0>, C4<0>;
v0x560d7a8d0250_0 .net "L_HI", 0 0, L_0x560d7a9bc240;  alias, 1 drivers
v0x560d7a8d0340_0 .net/2u *"_ivl_1", 0 0, L_0x7f6fe5f7ac08;  1 drivers
S_0x560d7a8d0440 .scope module, "_1099_" "sg13g2_hv_tiehi" 5 4110, 3 2348 0, S_0x560d7a760c50;
 .timescale -9 -11;
    .port_info 0 /OUTPUT 1 "L_HI";
L_0x7f6fe5f7ac50 .functor BUFT 1, C4<1>, C4<0>, C4<0>, C4<0>;
L_0x560d7a9bc340 .functor BUF 1, L_0x7f6fe5f7ac50, C4<0>, C4<0>, C4<0>;
v0x560d7a8d0650_0 .net "L_HI", 0 0, L_0x560d7a9bc340;  alias, 1 drivers
v0x560d7a8d0740_0 .net/2u *"_ivl_1", 0 0, L_0x7f6fe5f7ac50;  1 drivers
S_0x560d7a8d0840 .scope module, "_1100_" "sg13g2_hv_tiehi" 5 4113, 3 2348 0, S_0x560d7a760c50;
 .timescale -9 -11;
    .port_info 0 /OUTPUT 1 "L_HI";
L_0x7f6fe5f7ac98 .functor BUFT 1, C4<1>, C4<0>, C4<0>, C4<0>;
L_0x560d7a9bc440 .functor BUF 1, L_0x7f6fe5f7ac98, C4<0>, C4<0>, C4<0>;
v0x560d7a8d0a50_0 .net "L_HI", 0 0, L_0x560d7a9bc440;  alias, 1 drivers
v0x560d7a8d0b40_0 .net/2u *"_ivl_1", 0 0, L_0x7f6fe5f7ac98;  1 drivers
S_0x560d7a8d0c40 .scope module, "_1101_" "sg13g2_hv_tiehi" 5 4116, 3 2348 0, S_0x560d7a760c50;
 .timescale -9 -11;
    .port_info 0 /OUTPUT 1 "L_HI";
L_0x7f6fe5f7ace0 .functor BUFT 1, C4<1>, C4<0>, C4<0>, C4<0>;
L_0x560d7a9bc540 .functor BUF 1, L_0x7f6fe5f7ace0, C4<0>, C4<0>, C4<0>;
v0x560d7a8d0e50_0 .net "L_HI", 0 0, L_0x560d7a9bc540;  alias, 1 drivers
v0x560d7a8d0f40_0 .net/2u *"_ivl_1", 0 0, L_0x7f6fe5f7ace0;  1 drivers
S_0x560d7a8d1040 .scope module, "_1102_" "sg13g2_hv_tiehi" 5 4119, 3 2348 0, S_0x560d7a760c50;
 .timescale -9 -11;
    .port_info 0 /OUTPUT 1 "L_HI";
L_0x7f6fe5f7ad28 .functor BUFT 1, C4<1>, C4<0>, C4<0>, C4<0>;
L_0x560d7a9bc640 .functor BUF 1, L_0x7f6fe5f7ad28, C4<0>, C4<0>, C4<0>;
v0x560d7a8d1250_0 .net "L_HI", 0 0, L_0x560d7a9bc640;  alias, 1 drivers
v0x560d7a8d1340_0 .net/2u *"_ivl_1", 0 0, L_0x7f6fe5f7ad28;  1 drivers
S_0x560d7a8d1440 .scope module, "_1103_" "sg13g2_hv_tiehi" 5 4122, 3 2348 0, S_0x560d7a760c50;
 .timescale -9 -11;
    .port_info 0 /OUTPUT 1 "L_HI";
L_0x7f6fe5f7ad70 .functor BUFT 1, C4<1>, C4<0>, C4<0>, C4<0>;
L_0x560d7a9bc740 .functor BUF 1, L_0x7f6fe5f7ad70, C4<0>, C4<0>, C4<0>;
v0x560d7a8d1650_0 .net "L_HI", 0 0, L_0x560d7a9bc740;  alias, 1 drivers
v0x560d7a8d1740_0 .net/2u *"_ivl_1", 0 0, L_0x7f6fe5f7ad70;  1 drivers
S_0x560d7a8d1840 .scope module, "_1104_" "sg13g2_hv_tiehi" 5 4125, 3 2348 0, S_0x560d7a760c50;
 .timescale -9 -11;
    .port_info 0 /OUTPUT 1 "L_HI";
L_0x7f6fe5f7adb8 .functor BUFT 1, C4<1>, C4<0>, C4<0>, C4<0>;
L_0x560d7a9bc840 .functor BUF 1, L_0x7f6fe5f7adb8, C4<0>, C4<0>, C4<0>;
v0x560d7a8d1a50_0 .net "L_HI", 0 0, L_0x560d7a9bc840;  alias, 1 drivers
v0x560d7a8d1b40_0 .net/2u *"_ivl_1", 0 0, L_0x7f6fe5f7adb8;  1 drivers
S_0x560d7a8d1c60 .scope module, "_1105_" "sg13g2_hv_tiehi" 5 4128, 3 2348 0, S_0x560d7a760c50;
 .timescale -9 -11;
    .port_info 0 /OUTPUT 1 "L_HI";
L_0x7f6fe5f7ae00 .functor BUFT 1, C4<1>, C4<0>, C4<0>, C4<0>;
L_0x560d7a9bc940 .functor BUF 1, L_0x7f6fe5f7ae00, C4<0>, C4<0>, C4<0>;
v0x560d7a8d1e40_0 .net "L_HI", 0 0, L_0x560d7a9bc940;  alias, 1 drivers
v0x560d7a8d1f30_0 .net/2u *"_ivl_1", 0 0, L_0x7f6fe5f7ae00;  1 drivers
S_0x560d7a8d2030 .scope module, "_1106_" "sg13g2_hv_tiehi" 5 4131, 3 2348 0, S_0x560d7a760c50;
 .timescale -9 -11;
    .port_info 0 /OUTPUT 1 "L_HI";
L_0x7f6fe5f7ae48 .functor BUFT 1, C4<1>, C4<0>, C4<0>, C4<0>;
L_0x560d7a9bca40 .functor BUF 1, L_0x7f6fe5f7ae48, C4<0>, C4<0>, C4<0>;
v0x560d7a8d2240_0 .net "L_HI", 0 0, L_0x560d7a9bca40;  alias, 1 drivers
v0x560d7a8d2330_0 .net/2u *"_ivl_1", 0 0, L_0x7f6fe5f7ae48;  1 drivers
S_0x560d7a8d2450 .scope module, "_1107_" "sg13g2_hv_tiehi" 5 4134, 3 2348 0, S_0x560d7a760c50;
 .timescale -9 -11;
    .port_info 0 /OUTPUT 1 "L_HI";
L_0x7f6fe5f7ae90 .functor BUFT 1, C4<1>, C4<0>, C4<0>, C4<0>;
L_0x560d7a9bcb40 .functor BUF 1, L_0x7f6fe5f7ae90, C4<0>, C4<0>, C4<0>;
v0x560d7a8d2630_0 .net "L_HI", 0 0, L_0x560d7a9bcb40;  alias, 1 drivers
v0x560d7a8d2720_0 .net/2u *"_ivl_1", 0 0, L_0x7f6fe5f7ae90;  1 drivers
S_0x560d7a8d2820 .scope module, "_1108_" "sg13g2_hv_tiehi" 5 4137, 3 2348 0, S_0x560d7a760c50;
 .timescale -9 -11;
    .port_info 0 /OUTPUT 1 "L_HI";
L_0x7f6fe5f7aed8 .functor BUFT 1, C4<1>, C4<0>, C4<0>, C4<0>;
L_0x560d7a9bcc40 .functor BUF 1, L_0x7f6fe5f7aed8, C4<0>, C4<0>, C4<0>;
v0x560d7a8d2a30_0 .net "L_HI", 0 0, L_0x560d7a9bcc40;  alias, 1 drivers
v0x560d7a8d2b20_0 .net/2u *"_ivl_1", 0 0, L_0x7f6fe5f7aed8;  1 drivers
S_0x560d7a8d2c20 .scope module, "_1109_" "sg13g2_hv_tiehi" 5 4140, 3 2348 0, S_0x560d7a760c50;
 .timescale -9 -11;
    .port_info 0 /OUTPUT 1 "L_HI";
L_0x7f6fe5f7af20 .functor BUFT 1, C4<1>, C4<0>, C4<0>, C4<0>;
L_0x560d7a9bcd40 .functor BUF 1, L_0x7f6fe5f7af20, C4<0>, C4<0>, C4<0>;
v0x560d7a8d2e30_0 .net "L_HI", 0 0, L_0x560d7a9bcd40;  alias, 1 drivers
v0x560d7a8d2f20_0 .net/2u *"_ivl_1", 0 0, L_0x7f6fe5f7af20;  1 drivers
S_0x560d7a8d3020 .scope module, "_1110_" "sg13g2_hv_tiehi" 5 4143, 3 2348 0, S_0x560d7a760c50;
 .timescale -9 -11;
    .port_info 0 /OUTPUT 1 "L_HI";
L_0x7f6fe5f7af68 .functor BUFT 1, C4<1>, C4<0>, C4<0>, C4<0>;
L_0x560d7a9bce40 .functor BUF 1, L_0x7f6fe5f7af68, C4<0>, C4<0>, C4<0>;
v0x560d7a8d3230_0 .net "L_HI", 0 0, L_0x560d7a9bce40;  alias, 1 drivers
v0x560d7a8d3320_0 .net/2u *"_ivl_1", 0 0, L_0x7f6fe5f7af68;  1 drivers
S_0x560d7a8d3420 .scope module, "_1111_" "sg13g2_hv_tiehi" 5 4146, 3 2348 0, S_0x560d7a760c50;
 .timescale -9 -11;
    .port_info 0 /OUTPUT 1 "L_HI";
L_0x7f6fe5f7afb0 .functor BUFT 1, C4<1>, C4<0>, C4<0>, C4<0>;
L_0x560d7a9bcf40 .functor BUF 1, L_0x7f6fe5f7afb0, C4<0>, C4<0>, C4<0>;
v0x560d7a8d3630_0 .net "L_HI", 0 0, L_0x560d7a9bcf40;  alias, 1 drivers
v0x560d7a8d3720_0 .net/2u *"_ivl_1", 0 0, L_0x7f6fe5f7afb0;  1 drivers
S_0x560d7a8d3820 .scope module, "_1112_" "sg13g2_hv_tiehi" 5 4149, 3 2348 0, S_0x560d7a760c50;
 .timescale -9 -11;
    .port_info 0 /OUTPUT 1 "L_HI";
L_0x7f6fe5f7aff8 .functor BUFT 1, C4<1>, C4<0>, C4<0>, C4<0>;
L_0x560d7a9bd040 .functor BUF 1, L_0x7f6fe5f7aff8, C4<0>, C4<0>, C4<0>;
v0x560d7a8d3a30_0 .net "L_HI", 0 0, L_0x560d7a9bd040;  alias, 1 drivers
v0x560d7a8d3b20_0 .net/2u *"_ivl_1", 0 0, L_0x7f6fe5f7aff8;  1 drivers
S_0x560d7a8d3c20 .scope module, "_1113_" "sg13g2_hv_tiehi" 5 4152, 3 2348 0, S_0x560d7a760c50;
 .timescale -9 -11;
    .port_info 0 /OUTPUT 1 "L_HI";
L_0x7f6fe5f7b040 .functor BUFT 1, C4<1>, C4<0>, C4<0>, C4<0>;
L_0x560d7a9bd140 .functor BUF 1, L_0x7f6fe5f7b040, C4<0>, C4<0>, C4<0>;
v0x560d7a8d3e30_0 .net "L_HI", 0 0, L_0x560d7a9bd140;  alias, 1 drivers
v0x560d7a8d3f20_0 .net/2u *"_ivl_1", 0 0, L_0x7f6fe5f7b040;  1 drivers
S_0x560d7a8d4020 .scope module, "_1114_" "sg13g2_hv_tiehi" 5 4155, 3 2348 0, S_0x560d7a760c50;
 .timescale -9 -11;
    .port_info 0 /OUTPUT 1 "L_HI";
L_0x7f6fe5f7b088 .functor BUFT 1, C4<1>, C4<0>, C4<0>, C4<0>;
L_0x560d7a9bd240 .functor BUF 1, L_0x7f6fe5f7b088, C4<0>, C4<0>, C4<0>;
v0x560d7a8d4230_0 .net "L_HI", 0 0, L_0x560d7a9bd240;  alias, 1 drivers
v0x560d7a8d4320_0 .net/2u *"_ivl_1", 0 0, L_0x7f6fe5f7b088;  1 drivers
S_0x560d7a8d4420 .scope module, "_1115_" "sg13g2_hv_tiehi" 5 4158, 3 2348 0, S_0x560d7a760c50;
 .timescale -9 -11;
    .port_info 0 /OUTPUT 1 "L_HI";
L_0x7f6fe5f7b0d0 .functor BUFT 1, C4<1>, C4<0>, C4<0>, C4<0>;
L_0x560d7a9bd340 .functor BUF 1, L_0x7f6fe5f7b0d0, C4<0>, C4<0>, C4<0>;
v0x560d7a8d4630_0 .net "L_HI", 0 0, L_0x560d7a9bd340;  alias, 1 drivers
v0x560d7a8d4720_0 .net/2u *"_ivl_1", 0 0, L_0x7f6fe5f7b0d0;  1 drivers
S_0x560d7a8d4820 .scope module, "_1116_" "sg13g2_hv_tiehi" 5 4161, 3 2348 0, S_0x560d7a760c50;
 .timescale -9 -11;
    .port_info 0 /OUTPUT 1 "L_HI";
L_0x7f6fe5f7b118 .functor BUFT 1, C4<1>, C4<0>, C4<0>, C4<0>;
L_0x560d7a9bd440 .functor BUF 1, L_0x7f6fe5f7b118, C4<0>, C4<0>, C4<0>;
v0x560d7a8d4a30_0 .net "L_HI", 0 0, L_0x560d7a9bd440;  alias, 1 drivers
v0x560d7a8d4b20_0 .net/2u *"_ivl_1", 0 0, L_0x7f6fe5f7b118;  1 drivers
S_0x560d7a8d4c20 .scope module, "_1117_" "sg13g2_hv_tiehi" 5 4164, 3 2348 0, S_0x560d7a760c50;
 .timescale -9 -11;
    .port_info 0 /OUTPUT 1 "L_HI";
L_0x7f6fe5f7b160 .functor BUFT 1, C4<1>, C4<0>, C4<0>, C4<0>;
L_0x560d7a9bd540 .functor BUF 1, L_0x7f6fe5f7b160, C4<0>, C4<0>, C4<0>;
v0x560d7a8d4e30_0 .net "L_HI", 0 0, L_0x560d7a9bd540;  alias, 1 drivers
v0x560d7a8d4f20_0 .net/2u *"_ivl_1", 0 0, L_0x7f6fe5f7b160;  1 drivers
S_0x560d7a8d5020 .scope module, "_1118_" "sg13g2_hv_tiehi" 5 4167, 3 2348 0, S_0x560d7a760c50;
 .timescale -9 -11;
    .port_info 0 /OUTPUT 1 "L_HI";
L_0x7f6fe5f7b1a8 .functor BUFT 1, C4<1>, C4<0>, C4<0>, C4<0>;
L_0x560d7a9bd640 .functor BUF 1, L_0x7f6fe5f7b1a8, C4<0>, C4<0>, C4<0>;
v0x560d7a8d5230_0 .net "L_HI", 0 0, L_0x560d7a9bd640;  alias, 1 drivers
v0x560d7a8d5320_0 .net/2u *"_ivl_1", 0 0, L_0x7f6fe5f7b1a8;  1 drivers
S_0x560d7a8d5420 .scope module, "_1119_" "sg13g2_hv_tielo" 5 4170, 3 2335 0, S_0x560d7a760c50;
 .timescale -9 -11;
    .port_info 0 /OUTPUT 1 "L_LO";
L_0x7f6fe5f7b1f0 .functor BUFT 1, C4<0>, C4<0>, C4<0>, C4<0>;
L_0x560d7a9bd740 .functor BUF 1, L_0x7f6fe5f7b1f0, C4<0>, C4<0>, C4<0>;
v0x560d7a8d5630_0 .net "L_LO", 0 0, L_0x560d7a9bd740;  alias, 1 drivers
v0x560d7a8d5720_0 .net/2u *"_ivl_1", 0 0, L_0x7f6fe5f7b1f0;  1 drivers
S_0x560d7a8d5820 .scope module, "_1120_" "sg13g2_hv_tielo" 5 4173, 3 2335 0, S_0x560d7a760c50;
 .timescale -9 -11;
    .port_info 0 /OUTPUT 1 "L_LO";
L_0x7f6fe5f7b238 .functor BUFT 1, C4<0>, C4<0>, C4<0>, C4<0>;
L_0x560d7a9bd840 .functor BUF 1, L_0x7f6fe5f7b238, C4<0>, C4<0>, C4<0>;
v0x560d7a8d5a30_0 .net "L_LO", 0 0, L_0x560d7a9bd840;  alias, 1 drivers
v0x560d7a8d5b20_0 .net/2u *"_ivl_1", 0 0, L_0x7f6fe5f7b238;  1 drivers
S_0x560d7a8d5c20 .scope module, "_1121_" "sg13g2_hv_tielo" 5 4176, 3 2335 0, S_0x560d7a760c50;
 .timescale -9 -11;
    .port_info 0 /OUTPUT 1 "L_LO";
L_0x7f6fe5f7b280 .functor BUFT 1, C4<0>, C4<0>, C4<0>, C4<0>;
L_0x560d7a9bd940 .functor BUF 1, L_0x7f6fe5f7b280, C4<0>, C4<0>, C4<0>;
v0x560d7a8d5e30_0 .net "L_LO", 0 0, L_0x560d7a9bd940;  alias, 1 drivers
v0x560d7a8d5f20_0 .net/2u *"_ivl_1", 0 0, L_0x7f6fe5f7b280;  1 drivers
S_0x560d7a8d6020 .scope module, "_1122_" "sg13g2_hv_tielo" 5 4179, 3 2335 0, S_0x560d7a760c50;
 .timescale -9 -11;
    .port_info 0 /OUTPUT 1 "L_LO";
L_0x7f6fe5f7b2c8 .functor BUFT 1, C4<0>, C4<0>, C4<0>, C4<0>;
L_0x560d7a9bda40 .functor BUF 1, L_0x7f6fe5f7b2c8, C4<0>, C4<0>, C4<0>;
v0x560d7a8d6230_0 .net "L_LO", 0 0, L_0x560d7a9bda40;  alias, 1 drivers
v0x560d7a8d6320_0 .net/2u *"_ivl_1", 0 0, L_0x7f6fe5f7b2c8;  1 drivers
S_0x560d7a8d6420 .scope module, "_1123_" "sg13g2_hv_tielo" 5 4182, 3 2335 0, S_0x560d7a760c50;
 .timescale -9 -11;
    .port_info 0 /OUTPUT 1 "L_LO";
L_0x7f6fe5f7b310 .functor BUFT 1, C4<0>, C4<0>, C4<0>, C4<0>;
L_0x560d7a9bdb40 .functor BUF 1, L_0x7f6fe5f7b310, C4<0>, C4<0>, C4<0>;
v0x560d7a8d6630_0 .net "L_LO", 0 0, L_0x560d7a9bdb40;  alias, 1 drivers
v0x560d7a8d6720_0 .net/2u *"_ivl_1", 0 0, L_0x7f6fe5f7b310;  1 drivers
S_0x560d7a8d6820 .scope module, "_1124_" "sg13g2_hv_tielo" 5 4185, 3 2335 0, S_0x560d7a760c50;
 .timescale -9 -11;
    .port_info 0 /OUTPUT 1 "L_LO";
L_0x7f6fe5f7b358 .functor BUFT 1, C4<0>, C4<0>, C4<0>, C4<0>;
L_0x560d7a9bdc40 .functor BUF 1, L_0x7f6fe5f7b358, C4<0>, C4<0>, C4<0>;
v0x560d7a8d6a30_0 .net "L_LO", 0 0, L_0x560d7a9bdc40;  alias, 1 drivers
v0x560d7a8d6b20_0 .net/2u *"_ivl_1", 0 0, L_0x7f6fe5f7b358;  1 drivers
S_0x560d7a8d6c20 .scope module, "_1125_" "sg13g2_hv_tielo" 5 4188, 3 2335 0, S_0x560d7a760c50;
 .timescale -9 -11;
    .port_info 0 /OUTPUT 1 "L_LO";
L_0x7f6fe5f7b3a0 .functor BUFT 1, C4<0>, C4<0>, C4<0>, C4<0>;
L_0x560d7a9bdd40 .functor BUF 1, L_0x7f6fe5f7b3a0, C4<0>, C4<0>, C4<0>;
v0x560d7a8d6e30_0 .net "L_LO", 0 0, L_0x560d7a9bdd40;  alias, 1 drivers
v0x560d7a8d6f20_0 .net/2u *"_ivl_1", 0 0, L_0x7f6fe5f7b3a0;  1 drivers
S_0x560d7a8d7020 .scope module, "_1126_" "sg13g2_hv_tielo" 5 4191, 3 2335 0, S_0x560d7a760c50;
 .timescale -9 -11;
    .port_info 0 /OUTPUT 1 "L_LO";
L_0x7f6fe5f7b3e8 .functor BUFT 1, C4<0>, C4<0>, C4<0>, C4<0>;
L_0x560d7a9bde40 .functor BUF 1, L_0x7f6fe5f7b3e8, C4<0>, C4<0>, C4<0>;
v0x560d7a8d7230_0 .net "L_LO", 0 0, L_0x560d7a9bde40;  alias, 1 drivers
v0x560d7a8d7320_0 .net/2u *"_ivl_1", 0 0, L_0x7f6fe5f7b3e8;  1 drivers
S_0x560d7a8d7420 .scope module, "_1127_" "sg13g2_hv_tielo" 5 4194, 3 2335 0, S_0x560d7a760c50;
 .timescale -9 -11;
    .port_info 0 /OUTPUT 1 "L_LO";
L_0x7f6fe5f7b430 .functor BUFT 1, C4<0>, C4<0>, C4<0>, C4<0>;
L_0x560d7a9bdf40 .functor BUF 1, L_0x7f6fe5f7b430, C4<0>, C4<0>, C4<0>;
v0x560d7a8d7630_0 .net "L_LO", 0 0, L_0x560d7a9bdf40;  alias, 1 drivers
v0x560d7a8d7720_0 .net/2u *"_ivl_1", 0 0, L_0x7f6fe5f7b430;  1 drivers
S_0x560d7a8d7820 .scope module, "_1128_" "sg13g2_hv_tielo" 5 4197, 3 2335 0, S_0x560d7a760c50;
 .timescale -9 -11;
    .port_info 0 /OUTPUT 1 "L_LO";
L_0x7f6fe5f7b478 .functor BUFT 1, C4<0>, C4<0>, C4<0>, C4<0>;
L_0x560d7a9be040 .functor BUF 1, L_0x7f6fe5f7b478, C4<0>, C4<0>, C4<0>;
v0x560d7a8d7a30_0 .net "L_LO", 0 0, L_0x560d7a9be040;  alias, 1 drivers
v0x560d7a8d7b20_0 .net/2u *"_ivl_1", 0 0, L_0x7f6fe5f7b478;  1 drivers
S_0x560d7a8d7c20 .scope module, "_1129_" "sg13g2_hv_tielo" 5 4200, 3 2335 0, S_0x560d7a760c50;
 .timescale -9 -11;
    .port_info 0 /OUTPUT 1 "L_LO";
L_0x7f6fe5f7b4c0 .functor BUFT 1, C4<0>, C4<0>, C4<0>, C4<0>;
L_0x560d7a9be140 .functor BUF 1, L_0x7f6fe5f7b4c0, C4<0>, C4<0>, C4<0>;
v0x560d7a8d7e30_0 .net "L_LO", 0 0, L_0x560d7a9be140;  alias, 1 drivers
v0x560d7a8d7f20_0 .net/2u *"_ivl_1", 0 0, L_0x7f6fe5f7b4c0;  1 drivers
S_0x560d7a8d8020 .scope module, "_1130_" "sg13g2_hv_tielo" 5 4203, 3 2335 0, S_0x560d7a760c50;
 .timescale -9 -11;
    .port_info 0 /OUTPUT 1 "L_LO";
L_0x7f6fe5f7b508 .functor BUFT 1, C4<0>, C4<0>, C4<0>, C4<0>;
L_0x560d7a9be240 .functor BUF 1, L_0x7f6fe5f7b508, C4<0>, C4<0>, C4<0>;
v0x560d7a8d8230_0 .net "L_LO", 0 0, L_0x560d7a9be240;  alias, 1 drivers
v0x560d7a8d8320_0 .net/2u *"_ivl_1", 0 0, L_0x7f6fe5f7b508;  1 drivers
S_0x560d7a8d8420 .scope module, "_1131_" "sg13g2_hv_tielo" 5 4206, 3 2335 0, S_0x560d7a760c50;
 .timescale -9 -11;
    .port_info 0 /OUTPUT 1 "L_LO";
L_0x7f6fe5f7b550 .functor BUFT 1, C4<0>, C4<0>, C4<0>, C4<0>;
L_0x560d7a9be340 .functor BUF 1, L_0x7f6fe5f7b550, C4<0>, C4<0>, C4<0>;
v0x560d7a8d8630_0 .net "L_LO", 0 0, L_0x560d7a9be340;  alias, 1 drivers
v0x560d7a8d8720_0 .net/2u *"_ivl_1", 0 0, L_0x7f6fe5f7b550;  1 drivers
S_0x560d7a8d8820 .scope module, "_1132_" "sg13g2_hv_tielo" 5 4209, 3 2335 0, S_0x560d7a760c50;
 .timescale -9 -11;
    .port_info 0 /OUTPUT 1 "L_LO";
L_0x7f6fe5f7b598 .functor BUFT 1, C4<0>, C4<0>, C4<0>, C4<0>;
L_0x560d7a9be440 .functor BUF 1, L_0x7f6fe5f7b598, C4<0>, C4<0>, C4<0>;
v0x560d7a8d8a30_0 .net "L_LO", 0 0, L_0x560d7a9be440;  alias, 1 drivers
v0x560d7a8d8b20_0 .net/2u *"_ivl_1", 0 0, L_0x7f6fe5f7b598;  1 drivers
S_0x560d7a8d8c40 .scope module, "_1133_" "sg13g2_hv_tielo" 5 4212, 3 2335 0, S_0x560d7a760c50;
 .timescale -9 -11;
    .port_info 0 /OUTPUT 1 "L_LO";
L_0x7f6fe5f7b5e0 .functor BUFT 1, C4<0>, C4<0>, C4<0>, C4<0>;
L_0x560d7a9be540 .functor BUF 1, L_0x7f6fe5f7b5e0, C4<0>, C4<0>, C4<0>;
v0x560d7a8d8e20_0 .net "L_LO", 0 0, L_0x560d7a9be540;  alias, 1 drivers
v0x560d7a8d8f10_0 .net/2u *"_ivl_1", 0 0, L_0x7f6fe5f7b5e0;  1 drivers
S_0x560d7a8d9030 .scope module, "_1134_" "sg13g2_hv_tielo" 5 4215, 3 2335 0, S_0x560d7a760c50;
 .timescale -9 -11;
    .port_info 0 /OUTPUT 1 "L_LO";
L_0x7f6fe5f7b628 .functor BUFT 1, C4<0>, C4<0>, C4<0>, C4<0>;
L_0x560d7a9be640 .functor BUF 1, L_0x7f6fe5f7b628, C4<0>, C4<0>, C4<0>;
v0x560d7a8d9210_0 .net "L_LO", 0 0, L_0x560d7a9be640;  alias, 1 drivers
v0x560d7a8d9300_0 .net/2u *"_ivl_1", 0 0, L_0x7f6fe5f7b628;  1 drivers
S_0x560d7a8d9400 .scope module, "_1135_" "sg13g2_hv_tielo" 5 4218, 3 2335 0, S_0x560d7a760c50;
 .timescale -9 -11;
    .port_info 0 /OUTPUT 1 "L_LO";
L_0x7f6fe5f7b670 .functor BUFT 1, C4<0>, C4<0>, C4<0>, C4<0>;
L_0x560d7a9be740 .functor BUF 1, L_0x7f6fe5f7b670, C4<0>, C4<0>, C4<0>;
v0x560d7a8d9610_0 .net "L_LO", 0 0, L_0x560d7a9be740;  alias, 1 drivers
v0x560d7a8d9700_0 .net/2u *"_ivl_1", 0 0, L_0x7f6fe5f7b670;  1 drivers
S_0x560d7a8d9800 .scope module, "_1136_" "sg13g2_hv_tielo" 5 4221, 3 2335 0, S_0x560d7a760c50;
 .timescale -9 -11;
    .port_info 0 /OUTPUT 1 "L_LO";
L_0x7f6fe5f7b6b8 .functor BUFT 1, C4<0>, C4<0>, C4<0>, C4<0>;
L_0x560d7a9be840 .functor BUF 1, L_0x7f6fe5f7b6b8, C4<0>, C4<0>, C4<0>;
v0x560d7a8d9a10_0 .net "L_LO", 0 0, L_0x560d7a9be840;  alias, 1 drivers
v0x560d7a8d9b00_0 .net/2u *"_ivl_1", 0 0, L_0x7f6fe5f7b6b8;  1 drivers
S_0x560d7a8d9c00 .scope module, "_1137_" "sg13g2_hv_tielo" 5 4224, 3 2335 0, S_0x560d7a760c50;
 .timescale -9 -11;
    .port_info 0 /OUTPUT 1 "L_LO";
L_0x7f6fe5f7b700 .functor BUFT 1, C4<0>, C4<0>, C4<0>, C4<0>;
L_0x560d7a9be940 .functor BUF 1, L_0x7f6fe5f7b700, C4<0>, C4<0>, C4<0>;
v0x560d7a8d9e10_0 .net "L_LO", 0 0, L_0x560d7a9be940;  alias, 1 drivers
v0x560d7a8d9f00_0 .net/2u *"_ivl_1", 0 0, L_0x7f6fe5f7b700;  1 drivers
S_0x560d7a8da000 .scope module, "_1138_" "sg13g2_hv_tielo" 5 4227, 3 2335 0, S_0x560d7a760c50;
 .timescale -9 -11;
    .port_info 0 /OUTPUT 1 "L_LO";
L_0x7f6fe5f7b748 .functor BUFT 1, C4<0>, C4<0>, C4<0>, C4<0>;
L_0x560d7a9bea40 .functor BUF 1, L_0x7f6fe5f7b748, C4<0>, C4<0>, C4<0>;
v0x560d7a8da210_0 .net "L_LO", 0 0, L_0x560d7a9bea40;  alias, 1 drivers
v0x560d7a8da300_0 .net/2u *"_ivl_1", 0 0, L_0x7f6fe5f7b748;  1 drivers
S_0x560d7a8da400 .scope module, "_1139_" "sg13g2_hv_tielo" 5 4230, 3 2335 0, S_0x560d7a760c50;
 .timescale -9 -11;
    .port_info 0 /OUTPUT 1 "L_LO";
L_0x7f6fe5f7b790 .functor BUFT 1, C4<0>, C4<0>, C4<0>, C4<0>;
L_0x560d7a9beb40 .functor BUF 1, L_0x7f6fe5f7b790, C4<0>, C4<0>, C4<0>;
v0x560d7a8da610_0 .net "L_LO", 0 0, L_0x560d7a9beb40;  alias, 1 drivers
v0x560d7a8da700_0 .net/2u *"_ivl_1", 0 0, L_0x7f6fe5f7b790;  1 drivers
S_0x560d7a8da820 .scope module, "_1140_" "sg13g2_hv_tielo" 5 4233, 3 2335 0, S_0x560d7a760c50;
 .timescale -9 -11;
    .port_info 0 /OUTPUT 1 "L_LO";
L_0x7f6fe5f7b7d8 .functor BUFT 1, C4<0>, C4<0>, C4<0>, C4<0>;
L_0x560d7a9bec40 .functor BUF 1, L_0x7f6fe5f7b7d8, C4<0>, C4<0>, C4<0>;
v0x560d7a8daa00_0 .net "L_LO", 0 0, L_0x560d7a9bec40;  alias, 1 drivers
v0x560d7a8daaf0_0 .net/2u *"_ivl_1", 0 0, L_0x7f6fe5f7b7d8;  1 drivers
S_0x560d7a8dabf0 .scope module, "_1141_" "sg13g2_hv_tielo" 5 4236, 3 2335 0, S_0x560d7a760c50;
 .timescale -9 -11;
    .port_info 0 /OUTPUT 1 "L_LO";
L_0x7f6fe5f7b820 .functor BUFT 1, C4<0>, C4<0>, C4<0>, C4<0>;
L_0x560d7a9bed40 .functor BUF 1, L_0x7f6fe5f7b820, C4<0>, C4<0>, C4<0>;
v0x560d7a8dae00_0 .net "L_LO", 0 0, L_0x560d7a9bed40;  alias, 1 drivers
v0x560d7a8daef0_0 .net/2u *"_ivl_1", 0 0, L_0x7f6fe5f7b820;  1 drivers
S_0x560d7a8daff0 .scope module, "_1142_" "sg13g2_hv_tielo" 5 4239, 3 2335 0, S_0x560d7a760c50;
 .timescale -9 -11;
    .port_info 0 /OUTPUT 1 "L_LO";
L_0x7f6fe5f7b868 .functor BUFT 1, C4<0>, C4<0>, C4<0>, C4<0>;
L_0x560d7a9bee40 .functor BUF 1, L_0x7f6fe5f7b868, C4<0>, C4<0>, C4<0>;
v0x560d7a8db200_0 .net "L_LO", 0 0, L_0x560d7a9bee40;  alias, 1 drivers
v0x560d7a8db2f0_0 .net/2u *"_ivl_1", 0 0, L_0x7f6fe5f7b868;  1 drivers
S_0x560d7a8db410 .scope module, "_1143_" "sg13g2_hv_tielo" 5 4242, 3 2335 0, S_0x560d7a760c50;
 .timescale -9 -11;
    .port_info 0 /OUTPUT 1 "L_LO";
L_0x7f6fe5f7b8b0 .functor BUFT 1, C4<0>, C4<0>, C4<0>, C4<0>;
L_0x560d7a9bef40 .functor BUF 1, L_0x7f6fe5f7b8b0, C4<0>, C4<0>, C4<0>;
v0x560d7a8db5f0_0 .net "L_LO", 0 0, L_0x560d7a9bef40;  alias, 1 drivers
v0x560d7a8db6e0_0 .net/2u *"_ivl_1", 0 0, L_0x7f6fe5f7b8b0;  1 drivers
S_0x560d7a8db7e0 .scope module, "_1144_" "sg13g2_hv_tielo" 5 4245, 3 2335 0, S_0x560d7a760c50;
 .timescale -9 -11;
    .port_info 0 /OUTPUT 1 "L_LO";
L_0x7f6fe5f7b8f8 .functor BUFT 1, C4<0>, C4<0>, C4<0>, C4<0>;
L_0x560d7a9bf040 .functor BUF 1, L_0x7f6fe5f7b8f8, C4<0>, C4<0>, C4<0>;
v0x560d7a8db9f0_0 .net "L_LO", 0 0, L_0x560d7a9bf040;  alias, 1 drivers
v0x560d7a8dbae0_0 .net/2u *"_ivl_1", 0 0, L_0x7f6fe5f7b8f8;  1 drivers
S_0x560d7a8dbc00 .scope module, "_1145_" "sg13g2_hv_tielo" 5 4248, 3 2335 0, S_0x560d7a760c50;
 .timescale -9 -11;
    .port_info 0 /OUTPUT 1 "L_LO";
L_0x7f6fe5f7b940 .functor BUFT 1, C4<0>, C4<0>, C4<0>, C4<0>;
L_0x560d7a9bf140 .functor BUF 1, L_0x7f6fe5f7b940, C4<0>, C4<0>, C4<0>;
v0x560d7a8dbde0_0 .net "L_LO", 0 0, L_0x560d7a9bf140;  alias, 1 drivers
v0x560d7a8dbed0_0 .net/2u *"_ivl_1", 0 0, L_0x7f6fe5f7b940;  1 drivers
S_0x560d7a8dbff0 .scope module, "_1146_" "sg13g2_hv_tielo" 5 4251, 3 2335 0, S_0x560d7a760c50;
 .timescale -9 -11;
    .port_info 0 /OUTPUT 1 "L_LO";
L_0x7f6fe5f7b988 .functor BUFT 1, C4<0>, C4<0>, C4<0>, C4<0>;
L_0x560d7a9bf240 .functor BUF 1, L_0x7f6fe5f7b988, C4<0>, C4<0>, C4<0>;
v0x560d7a8dc1d0_0 .net "L_LO", 0 0, L_0x560d7a9bf240;  alias, 1 drivers
v0x560d7a8dc2c0_0 .net/2u *"_ivl_1", 0 0, L_0x7f6fe5f7b988;  1 drivers
S_0x560d7a8dc3c0 .scope module, "_1147_" "sg13g2_hv_tielo" 5 4254, 3 2335 0, S_0x560d7a760c50;
 .timescale -9 -11;
    .port_info 0 /OUTPUT 1 "L_LO";
L_0x7f6fe5f7b9d0 .functor BUFT 1, C4<0>, C4<0>, C4<0>, C4<0>;
L_0x560d7a9bf340 .functor BUF 1, L_0x7f6fe5f7b9d0, C4<0>, C4<0>, C4<0>;
v0x560d7a8dc5d0_0 .net "L_LO", 0 0, L_0x560d7a9bf340;  alias, 1 drivers
v0x560d7a8dc6c0_0 .net/2u *"_ivl_1", 0 0, L_0x7f6fe5f7b9d0;  1 drivers
S_0x560d7a8dc7c0 .scope module, "_1148_" "sg13g2_hv_tielo" 5 4257, 3 2335 0, S_0x560d7a760c50;
 .timescale -9 -11;
    .port_info 0 /OUTPUT 1 "L_LO";
L_0x7f6fe5f7ba18 .functor BUFT 1, C4<0>, C4<0>, C4<0>, C4<0>;
L_0x560d7a9bf440 .functor BUF 1, L_0x7f6fe5f7ba18, C4<0>, C4<0>, C4<0>;
v0x560d7a8dc9d0_0 .net "L_LO", 0 0, L_0x560d7a9bf440;  alias, 1 drivers
v0x560d7a8dcac0_0 .net/2u *"_ivl_1", 0 0, L_0x7f6fe5f7ba18;  1 drivers
S_0x560d7a8dcbe0 .scope module, "_1149_" "sg13g2_hv_tielo" 5 4260, 3 2335 0, S_0x560d7a760c50;
 .timescale -9 -11;
    .port_info 0 /OUTPUT 1 "L_LO";
L_0x7f6fe5f7ba60 .functor BUFT 1, C4<0>, C4<0>, C4<0>, C4<0>;
L_0x560d7a9bf540 .functor BUF 1, L_0x7f6fe5f7ba60, C4<0>, C4<0>, C4<0>;
v0x560d7a8dcdc0_0 .net "L_LO", 0 0, L_0x560d7a9bf540;  alias, 1 drivers
v0x560d7a8dceb0_0 .net/2u *"_ivl_1", 0 0, L_0x7f6fe5f7ba60;  1 drivers
S_0x560d7a8dcfb0 .scope module, "_1150_" "sg13g2_hv_tielo" 5 4263, 3 2335 0, S_0x560d7a760c50;
 .timescale -9 -11;
    .port_info 0 /OUTPUT 1 "L_LO";
L_0x7f6fe5f7baa8 .functor BUFT 1, C4<0>, C4<0>, C4<0>, C4<0>;
L_0x560d7a9bf640 .functor BUF 1, L_0x7f6fe5f7baa8, C4<0>, C4<0>, C4<0>;
v0x560d7a8dd1c0_0 .net "L_LO", 0 0, L_0x560d7a9bf640;  alias, 1 drivers
v0x560d7a8dd2b0_0 .net/2u *"_ivl_1", 0 0, L_0x7f6fe5f7baa8;  1 drivers
S_0x560d7a8dd3b0 .scope module, "_1151_" "sg13g2_hv_tielo" 5 4266, 3 2335 0, S_0x560d7a760c50;
 .timescale -9 -11;
    .port_info 0 /OUTPUT 1 "L_LO";
L_0x7f6fe5f7baf0 .functor BUFT 1, C4<0>, C4<0>, C4<0>, C4<0>;
L_0x560d7a9bf740 .functor BUF 1, L_0x7f6fe5f7baf0, C4<0>, C4<0>, C4<0>;
v0x560d7a8dd5c0_0 .net "L_LO", 0 0, L_0x560d7a9bf740;  alias, 1 drivers
v0x560d7a8dd6b0_0 .net/2u *"_ivl_1", 0 0, L_0x7f6fe5f7baf0;  1 drivers
S_0x560d7a8dd7b0 .scope module, "_1152_" "sg13g2_hv_tielo" 5 4269, 3 2335 0, S_0x560d7a760c50;
 .timescale -9 -11;
    .port_info 0 /OUTPUT 1 "L_LO";
L_0x7f6fe5f7bb38 .functor BUFT 1, C4<0>, C4<0>, C4<0>, C4<0>;
L_0x560d7a9bf840 .functor BUF 1, L_0x7f6fe5f7bb38, C4<0>, C4<0>, C4<0>;
v0x560d7a8dd9c0_0 .net "L_LO", 0 0, L_0x560d7a9bf840;  alias, 1 drivers
v0x560d7a8ddab0_0 .net/2u *"_ivl_1", 0 0, L_0x7f6fe5f7bb38;  1 drivers
S_0x560d7a8ddbb0 .scope module, "_1153_" "sg13g2_hv_tielo" 5 4272, 3 2335 0, S_0x560d7a760c50;
 .timescale -9 -11;
    .port_info 0 /OUTPUT 1 "L_LO";
L_0x7f6fe5f7bb80 .functor BUFT 1, C4<0>, C4<0>, C4<0>, C4<0>;
L_0x560d7a9bf940 .functor BUF 1, L_0x7f6fe5f7bb80, C4<0>, C4<0>, C4<0>;
v0x560d7a8dddc0_0 .net "L_LO", 0 0, L_0x560d7a9bf940;  alias, 1 drivers
v0x560d7a8ddeb0_0 .net/2u *"_ivl_1", 0 0, L_0x7f6fe5f7bb80;  1 drivers
S_0x560d7a8ddfb0 .scope module, "_1154_" "sg13g2_hv_tielo" 5 4275, 3 2335 0, S_0x560d7a760c50;
 .timescale -9 -11;
    .port_info 0 /OUTPUT 1 "L_LO";
L_0x7f6fe5f7bbc8 .functor BUFT 1, C4<0>, C4<0>, C4<0>, C4<0>;
L_0x560d7a9bfa40 .functor BUF 1, L_0x7f6fe5f7bbc8, C4<0>, C4<0>, C4<0>;
v0x560d7a8de1c0_0 .net "L_LO", 0 0, L_0x560d7a9bfa40;  alias, 1 drivers
v0x560d7a8de2b0_0 .net/2u *"_ivl_1", 0 0, L_0x7f6fe5f7bbc8;  1 drivers
S_0x560d7a8de3d0 .scope module, "_1155_" "sg13g2_hv_tielo" 5 4278, 3 2335 0, S_0x560d7a760c50;
 .timescale -9 -11;
    .port_info 0 /OUTPUT 1 "L_LO";
L_0x7f6fe5f7bc10 .functor BUFT 1, C4<0>, C4<0>, C4<0>, C4<0>;
L_0x560d7a9bfb40 .functor BUF 1, L_0x7f6fe5f7bc10, C4<0>, C4<0>, C4<0>;
v0x560d7a8de5b0_0 .net "L_LO", 0 0, L_0x560d7a9bfb40;  alias, 1 drivers
v0x560d7a8de6a0_0 .net/2u *"_ivl_1", 0 0, L_0x7f6fe5f7bc10;  1 drivers
S_0x560d7a8de7c0 .scope module, "_1156_" "sg13g2_hv_tielo" 5 4281, 3 2335 0, S_0x560d7a760c50;
 .timescale -9 -11;
    .port_info 0 /OUTPUT 1 "L_LO";
L_0x7f6fe5f7bc58 .functor BUFT 1, C4<0>, C4<0>, C4<0>, C4<0>;
L_0x560d7a9bfc40 .functor BUF 1, L_0x7f6fe5f7bc58, C4<0>, C4<0>, C4<0>;
v0x560d7a8de9a0_0 .net "L_LO", 0 0, L_0x560d7a9bfc40;  alias, 1 drivers
v0x560d7a8dea90_0 .net/2u *"_ivl_1", 0 0, L_0x7f6fe5f7bc58;  1 drivers
S_0x560d7a8debb0 .scope module, "_1157_" "sg13g2_hv_tielo" 5 4284, 3 2335 0, S_0x560d7a760c50;
 .timescale -9 -11;
    .port_info 0 /OUTPUT 1 "L_LO";
L_0x7f6fe5f7bca0 .functor BUFT 1, C4<0>, C4<0>, C4<0>, C4<0>;
L_0x560d7a9bfd40 .functor BUF 1, L_0x7f6fe5f7bca0, C4<0>, C4<0>, C4<0>;
v0x560d7a8ded90_0 .net "L_LO", 0 0, L_0x560d7a9bfd40;  alias, 1 drivers
v0x560d7a8dee80_0 .net/2u *"_ivl_1", 0 0, L_0x7f6fe5f7bca0;  1 drivers
S_0x560d7a8def80 .scope module, "_1158_" "sg13g2_hv_tielo" 5 4287, 3 2335 0, S_0x560d7a760c50;
 .timescale -9 -11;
    .port_info 0 /OUTPUT 1 "L_LO";
L_0x7f6fe5f7bce8 .functor BUFT 1, C4<0>, C4<0>, C4<0>, C4<0>;
L_0x560d7a9bfe40 .functor BUF 1, L_0x7f6fe5f7bce8, C4<0>, C4<0>, C4<0>;
v0x560d7a8df190_0 .net "L_LO", 0 0, L_0x560d7a9bfe40;  alias, 1 drivers
v0x560d7a8df280_0 .net/2u *"_ivl_1", 0 0, L_0x7f6fe5f7bce8;  1 drivers
S_0x560d7a8df3a0 .scope module, "_1159_" "sg13g2_hv_tielo" 5 4290, 3 2335 0, S_0x560d7a760c50;
 .timescale -9 -11;
    .port_info 0 /OUTPUT 1 "L_LO";
L_0x7f6fe5f7bd30 .functor BUFT 1, C4<0>, C4<0>, C4<0>, C4<0>;
L_0x560d7a9bff40 .functor BUF 1, L_0x7f6fe5f7bd30, C4<0>, C4<0>, C4<0>;
v0x560d7a8df580_0 .net "L_LO", 0 0, L_0x560d7a9bff40;  alias, 1 drivers
v0x560d7a8df670_0 .net/2u *"_ivl_1", 0 0, L_0x7f6fe5f7bd30;  1 drivers
S_0x560d7a8df770 .scope module, "_1160_" "sg13g2_hv_tielo" 5 4293, 3 2335 0, S_0x560d7a760c50;
 .timescale -9 -11;
    .port_info 0 /OUTPUT 1 "L_LO";
L_0x7f6fe5f7bd78 .functor BUFT 1, C4<0>, C4<0>, C4<0>, C4<0>;
L_0x560d7a9c0040 .functor BUF 1, L_0x7f6fe5f7bd78, C4<0>, C4<0>, C4<0>;
v0x560d7a8df980_0 .net "L_LO", 0 0, L_0x560d7a9c0040;  alias, 1 drivers
v0x560d7a8dfa70_0 .net/2u *"_ivl_1", 0 0, L_0x7f6fe5f7bd78;  1 drivers
S_0x560d7a8dfb70 .scope module, "_1161_" "sg13g2_hv_tielo" 5 4296, 3 2335 0, S_0x560d7a760c50;
 .timescale -9 -11;
    .port_info 0 /OUTPUT 1 "L_LO";
L_0x7f6fe5f7bdc0 .functor BUFT 1, C4<0>, C4<0>, C4<0>, C4<0>;
L_0x560d7a9c0140 .functor BUF 1, L_0x7f6fe5f7bdc0, C4<0>, C4<0>, C4<0>;
v0x560d7a8dfd80_0 .net "L_LO", 0 0, L_0x560d7a9c0140;  alias, 1 drivers
v0x560d7a8dfe70_0 .net/2u *"_ivl_1", 0 0, L_0x7f6fe5f7bdc0;  1 drivers
S_0x560d7a8dff70 .scope module, "_1162_" "sg13g2_hv_tielo" 5 4299, 3 2335 0, S_0x560d7a760c50;
 .timescale -9 -11;
    .port_info 0 /OUTPUT 1 "L_LO";
L_0x7f6fe5f7be08 .functor BUFT 1, C4<0>, C4<0>, C4<0>, C4<0>;
L_0x560d7a9c0240 .functor BUF 1, L_0x7f6fe5f7be08, C4<0>, C4<0>, C4<0>;
v0x560d7a8e0180_0 .net "L_LO", 0 0, L_0x560d7a9c0240;  alias, 1 drivers
v0x560d7a8e0270_0 .net/2u *"_ivl_1", 0 0, L_0x7f6fe5f7be08;  1 drivers
S_0x560d7a8e0390 .scope module, "_1163_" "sg13g2_hv_tielo" 5 4302, 3 2335 0, S_0x560d7a760c50;
 .timescale -9 -11;
    .port_info 0 /OUTPUT 1 "L_LO";
L_0x7f6fe5f7be50 .functor BUFT 1, C4<0>, C4<0>, C4<0>, C4<0>;
L_0x560d7a9c0340 .functor BUF 1, L_0x7f6fe5f7be50, C4<0>, C4<0>, C4<0>;
v0x560d7a8e0570_0 .net "L_LO", 0 0, L_0x560d7a9c0340;  alias, 1 drivers
v0x560d7a8e0660_0 .net/2u *"_ivl_1", 0 0, L_0x7f6fe5f7be50;  1 drivers
S_0x560d7a8e0760 .scope module, "_1164_" "sg13g2_hv_tielo" 5 4305, 3 2335 0, S_0x560d7a760c50;
 .timescale -9 -11;
    .port_info 0 /OUTPUT 1 "L_LO";
L_0x7f6fe5f7be98 .functor BUFT 1, C4<0>, C4<0>, C4<0>, C4<0>;
L_0x560d7a9c0440 .functor BUF 1, L_0x7f6fe5f7be98, C4<0>, C4<0>, C4<0>;
v0x560d7a8e0970_0 .net "L_LO", 0 0, L_0x560d7a9c0440;  alias, 1 drivers
v0x560d7a8e0a60_0 .net/2u *"_ivl_1", 0 0, L_0x7f6fe5f7be98;  1 drivers
S_0x560d7a8e0b80 .scope module, "_1165_" "sg13g2_hv_tielo" 5 4308, 3 2335 0, S_0x560d7a760c50;
 .timescale -9 -11;
    .port_info 0 /OUTPUT 1 "L_LO";
L_0x7f6fe5f7bee0 .functor BUFT 1, C4<0>, C4<0>, C4<0>, C4<0>;
L_0x560d7a9c0540 .functor BUF 1, L_0x7f6fe5f7bee0, C4<0>, C4<0>, C4<0>;
v0x560d7a8e0d60_0 .net "L_LO", 0 0, L_0x560d7a9c0540;  alias, 1 drivers
v0x560d7a8e0e50_0 .net/2u *"_ivl_1", 0 0, L_0x7f6fe5f7bee0;  1 drivers
S_0x560d7a8e0f50 .scope module, "_1166_" "sg13g2_hv_tielo" 5 4311, 3 2335 0, S_0x560d7a760c50;
 .timescale -9 -11;
    .port_info 0 /OUTPUT 1 "L_LO";
L_0x7f6fe5f7bf28 .functor BUFT 1, C4<0>, C4<0>, C4<0>, C4<0>;
L_0x560d7a9c0640 .functor BUF 1, L_0x7f6fe5f7bf28, C4<0>, C4<0>, C4<0>;
v0x560d7a8e1160_0 .net "L_LO", 0 0, L_0x560d7a9c0640;  alias, 1 drivers
v0x560d7a8e1250_0 .net/2u *"_ivl_1", 0 0, L_0x7f6fe5f7bf28;  1 drivers
S_0x560d7a8e1370 .scope module, "_1167_" "sg13g2_hv_tielo" 5 4314, 3 2335 0, S_0x560d7a760c50;
 .timescale -9 -11;
    .port_info 0 /OUTPUT 1 "L_LO";
L_0x7f6fe5f7bf70 .functor BUFT 1, C4<0>, C4<0>, C4<0>, C4<0>;
L_0x560d7a9c0740 .functor BUF 1, L_0x7f6fe5f7bf70, C4<0>, C4<0>, C4<0>;
v0x560d7a8e1550_0 .net "L_LO", 0 0, L_0x560d7a9c0740;  alias, 1 drivers
v0x560d7a8e1640_0 .net/2u *"_ivl_1", 0 0, L_0x7f6fe5f7bf70;  1 drivers
S_0x560d7a8e1740 .scope module, "_1168_" "sg13g2_hv_tielo" 5 4317, 3 2335 0, S_0x560d7a760c50;
 .timescale -9 -11;
    .port_info 0 /OUTPUT 1 "L_LO";
L_0x7f6fe5f7bfb8 .functor BUFT 1, C4<0>, C4<0>, C4<0>, C4<0>;
L_0x560d7a9c0840 .functor BUF 1, L_0x7f6fe5f7bfb8, C4<0>, C4<0>, C4<0>;
v0x560d7a8e1950_0 .net "L_LO", 0 0, L_0x560d7a9c0840;  alias, 1 drivers
v0x560d7a8e1a40_0 .net/2u *"_ivl_1", 0 0, L_0x7f6fe5f7bfb8;  1 drivers
S_0x560d7a8e1b40 .scope module, "_1169_" "sg13g2_hv_tielo" 5 4320, 3 2335 0, S_0x560d7a760c50;
 .timescale -9 -11;
    .port_info 0 /OUTPUT 1 "L_LO";
L_0x7f6fe5f7c000 .functor BUFT 1, C4<0>, C4<0>, C4<0>, C4<0>;
L_0x560d7a9c0940 .functor BUF 1, L_0x7f6fe5f7c000, C4<0>, C4<0>, C4<0>;
v0x560d7a8e1d50_0 .net "L_LO", 0 0, L_0x560d7a9c0940;  alias, 1 drivers
v0x560d7a8e1e40_0 .net/2u *"_ivl_1", 0 0, L_0x7f6fe5f7c000;  1 drivers
S_0x560d7a8e1f40 .scope module, "_1170_" "sg13g2_hv_tielo" 5 4323, 3 2335 0, S_0x560d7a760c50;
 .timescale -9 -11;
    .port_info 0 /OUTPUT 1 "L_LO";
L_0x7f6fe5f7c048 .functor BUFT 1, C4<0>, C4<0>, C4<0>, C4<0>;
L_0x560d7a9c0a40 .functor BUF 1, L_0x7f6fe5f7c048, C4<0>, C4<0>, C4<0>;
v0x560d7a8e2150_0 .net "L_LO", 0 0, L_0x560d7a9c0a40;  alias, 1 drivers
v0x560d7a8e2240_0 .net/2u *"_ivl_1", 0 0, L_0x7f6fe5f7c048;  1 drivers
S_0x560d7a8e2340 .scope module, "_1171_" "sg13g2_hv_tielo" 5 4326, 3 2335 0, S_0x560d7a760c50;
 .timescale -9 -11;
    .port_info 0 /OUTPUT 1 "L_LO";
L_0x7f6fe5f7c090 .functor BUFT 1, C4<0>, C4<0>, C4<0>, C4<0>;
L_0x560d7a9c0b40 .functor BUF 1, L_0x7f6fe5f7c090, C4<0>, C4<0>, C4<0>;
v0x560d7a8e2550_0 .net "L_LO", 0 0, L_0x560d7a9c0b40;  1 drivers
v0x560d7a8e2630_0 .net/2u *"_ivl_1", 0 0, L_0x7f6fe5f7c090;  1 drivers
S_0x560d7a8e2750 .scope module, "_1172_" "sg13g2_hv_tielo" 5 4329, 3 2335 0, S_0x560d7a760c50;
 .timescale -9 -11;
    .port_info 0 /OUTPUT 1 "L_LO";
L_0x7f6fe5f7c0d8 .functor BUFT 1, C4<0>, C4<0>, C4<0>, C4<0>;
L_0x560d7a9c0bb0 .functor BUF 1, L_0x7f6fe5f7c0d8, C4<0>, C4<0>, C4<0>;
v0x560d7a8e2960_0 .net "L_LO", 0 0, L_0x560d7a9c0bb0;  1 drivers
v0x560d7a8e2a40_0 .net/2u *"_ivl_1", 0 0, L_0x7f6fe5f7c0d8;  1 drivers
S_0x560d7a8e2b60 .scope module, "_1173_" "sg13g2_hv_tielo" 5 4332, 3 2335 0, S_0x560d7a760c50;
 .timescale -9 -11;
    .port_info 0 /OUTPUT 1 "L_LO";
L_0x7f6fe5f7c120 .functor BUFT 1, C4<0>, C4<0>, C4<0>, C4<0>;
L_0x560d7a9c0c20 .functor BUF 1, L_0x7f6fe5f7c120, C4<0>, C4<0>, C4<0>;
v0x560d7a8e2d70_0 .net "L_LO", 0 0, L_0x560d7a9c0c20;  1 drivers
v0x560d7a8e2e50_0 .net/2u *"_ivl_1", 0 0, L_0x7f6fe5f7c120;  1 drivers
S_0x560d7a908770 .scope task, "spi_xfer_byte" "spi_xfer_byte" 4 70, 4 70 0, S_0x560d7a762a80;
 .timescale -9 -9;
v0x560d7a908950_0 .var/i "i", 31 0;
v0x560d7a9089f0_0 .var "rx", 7 0;
v0x560d7a908a90_0 .var "tx", 7 0;
TD_tb_spi_slave.spi_xfer_byte ;
    %pushi/vec4 7, 0, 32;
    %store/vec4 v0x560d7a908950_0, 0, 32;
T_1.8 ; Top of for-loop
    %load/vec4 v0x560d7a908950_0;
    %cmpi/s 0, 0, 32;
    %flag_inv 5; GE is !LT
	  %jmp/0xz T_1.9, 5;
    %load/vec4 v0x560d7a908c70_0;
    %pad/u 32;
    %cmpi/e 0, 0, 32;
    %jmp/0xz  T_1.11, 4;
    %load/vec4 v0x560d7a908a90_0;
    %load/vec4 v0x560d7a908950_0;
    %part/s 1;
    %store/vec4 v0x560d7a909390_0, 0, 1;
    %delay 1000, 0;
    %load/vec4 v0x560d7a908d60_0;
    %inv;
    %store/vec4 v0x560d7a909570_0, 0, 1;
    %load/vec4 v0x560d7a909080_0;
    %ix/getv/s 4, v0x560d7a908950_0;
    %store/vec4 v0x560d7a9089f0_0, 4, 1;
    %delay 1000, 0;
    %load/vec4 v0x560d7a908d60_0;
    %store/vec4 v0x560d7a909570_0, 0, 1;
    %jmp T_1.12;
T_1.11 ;
    %load/vec4 v0x560d7a908d60_0;
    %inv;
    %store/vec4 v0x560d7a909570_0, 0, 1;
    %load/vec4 v0x560d7a908a90_0;
    %load/vec4 v0x560d7a908950_0;
    %part/s 1;
    %store/vec4 v0x560d7a909390_0, 0, 1;
    %delay 1000, 0;
    %load/vec4 v0x560d7a908d60_0;
    %store/vec4 v0x560d7a909570_0, 0, 1;
    %load/vec4 v0x560d7a909080_0;
    %ix/getv/s 4, v0x560d7a908950_0;
    %store/vec4 v0x560d7a9089f0_0, 4, 1;
    %delay 1000, 0;
T_1.12 ;
T_1.10 ; for-loop step statement
    %load/vec4 v0x560d7a908950_0;
    %subi 1, 0, 32;
    %store/vec4 v0x560d7a908950_0, 0, 32;
    %jmp T_1.8;
T_1.9 ; for-loop exit label
    %end;
    .scope S_0x560d7a77ef20;
T_2 ;
    %pushi/vec4 0, 0, 1;
    %store/vec4 v0x560d7a65a100_0, 0, 1;
    %end;
    .thread T_2;
    .scope S_0x560d7a77fa60;
T_3 ;
    %pushi/vec4 0, 0, 1;
    %store/vec4 v0x560d7a67b430_0, 0, 1;
    %end;
    .thread T_3;
    .scope S_0x560d7a77d090;
T_4 ;
    %pushi/vec4 0, 0, 1;
    %store/vec4 v0x560d7a699840_0, 0, 1;
    %end;
    .thread T_4;
    .scope S_0x560d7a77ccd0;
T_5 ;
    %pushi/vec4 0, 0, 1;
    %store/vec4 v0x560d7a6b6510_0, 0, 1;
    %end;
    .thread T_5;
    .scope S_0x560d7a77c910;
T_6 ;
    %pushi/vec4 0, 0, 1;
    %store/vec4 v0x560d7a6c9290_0, 0, 1;
    %end;
    .thread T_6;
    .scope S_0x560d7a77d450;
T_7 ;
    %pushi/vec4 0, 0, 1;
    %store/vec4 v0x560d7a6e56d0_0, 0, 1;
    %end;
    .thread T_7;
    .scope S_0x560d7a77aae0;
T_8 ;
    %pushi/vec4 0, 0, 1;
    %store/vec4 v0x560d7a6fcfb0_0, 0, 1;
    %end;
    .thread T_8;
    .scope S_0x560d7a77a720;
T_9 ;
    %pushi/vec4 0, 0, 1;
    %store/vec4 v0x560d7a71b9a0_0, 0, 1;
    %end;
    .thread T_9;
    .scope S_0x560d7a77a360;
T_10 ;
    %pushi/vec4 0, 0, 1;
    %store/vec4 v0x560d7a735830_0, 0, 1;
    %end;
    .thread T_10;
    .scope S_0x560d7a76ee70;
T_11 ;
    %pushi/vec4 0, 0, 1;
    %store/vec4 v0x560d7a699630_0, 0, 1;
    %end;
    .thread T_11;
    .scope S_0x560d7a7657b0;
T_12 ;
    %pushi/vec4 0, 0, 1;
    %store/vec4 v0x560d7a741740_0, 0, 1;
    %end;
    .thread T_12;
    .scope S_0x560d7a7653f0;
T_13 ;
    %pushi/vec4 0, 0, 1;
    %store/vec4 v0x560d7a72c4d0_0, 0, 1;
    %end;
    .thread T_13;
    .scope S_0x560d7a765030;
T_14 ;
    %pushi/vec4 0, 0, 1;
    %store/vec4 v0x560d7a717180_0, 0, 1;
    %end;
    .thread T_14;
    .scope S_0x560d7a765b70;
T_15 ;
    %pushi/vec4 0, 0, 1;
    %store/vec4 v0x560d7a6ff800_0, 0, 1;
    %end;
    .thread T_15;
    .scope S_0x560d7a762e40;
T_16 ;
    %pushi/vec4 0, 0, 1;
    %store/vec4 v0x560d7a6ecb40_0, 0, 1;
    %end;
    .thread T_16;
    .scope S_0x560d7a7e4bf0;
T_17 ;
    %pushi/vec4 0, 0, 1;
    %store/vec4 v0x560d7a7e5a00_0, 0, 1;
    %end;
    .thread T_17;
    .scope S_0x560d7a7e5b40;
T_18 ;
    %pushi/vec4 0, 0, 1;
    %store/vec4 v0x560d7a7e6950_0, 0, 1;
    %end;
    .thread T_18;
    .scope S_0x560d7a7e6a90;
T_19 ;
    %pushi/vec4 0, 0, 1;
    %store/vec4 v0x560d7a7e78a0_0, 0, 1;
    %end;
    .thread T_19;
    .scope S_0x560d7a7e79e0;
T_20 ;
    %pushi/vec4 0, 0, 1;
    %store/vec4 v0x560d7a7e8a10_0, 0, 1;
    %end;
    .thread T_20;
    .scope S_0x560d7a7e8b50;
T_21 ;
    %pushi/vec4 0, 0, 1;
    %store/vec4 v0x560d7a7e9ca0_0, 0, 1;
    %end;
    .thread T_21;
    .scope S_0x560d7a7e9de0;
T_22 ;
    %pushi/vec4 0, 0, 1;
    %store/vec4 v0x560d7a7eae10_0, 0, 1;
    %end;
    .thread T_22;
    .scope S_0x560d7a7eaf50;
T_23 ;
    %pushi/vec4 0, 0, 1;
    %store/vec4 v0x560d7a7ebf80_0, 0, 1;
    %end;
    .thread T_23;
    .scope S_0x560d7a7ec0c0;
T_24 ;
    %pushi/vec4 0, 0, 1;
    %store/vec4 v0x560d7a7ed0f0_0, 0, 1;
    %end;
    .thread T_24;
    .scope S_0x560d7a7ed230;
T_25 ;
    %pushi/vec4 0, 0, 1;
    %store/vec4 v0x560d7a7ee480_0, 0, 1;
    %end;
    .thread T_25;
    .scope S_0x560d7a7ee5c0;
T_26 ;
    %pushi/vec4 0, 0, 1;
    %store/vec4 v0x560d7a7ef5f0_0, 0, 1;
    %end;
    .thread T_26;
    .scope S_0x560d7a7ef730;
T_27 ;
    %pushi/vec4 0, 0, 1;
    %store/vec4 v0x560d7a7f0760_0, 0, 1;
    %end;
    .thread T_27;
    .scope S_0x560d7a7f08a0;
T_28 ;
    %pushi/vec4 0, 0, 1;
    %store/vec4 v0x560d7a7f18d0_0, 0, 1;
    %end;
    .thread T_28;
    .scope S_0x560d7a7f1a10;
T_29 ;
    %pushi/vec4 0, 0, 1;
    %store/vec4 v0x560d7a7f2a40_0, 0, 1;
    %end;
    .thread T_29;
    .scope S_0x560d7a7f2b80;
T_30 ;
    %pushi/vec4 0, 0, 1;
    %store/vec4 v0x560d7a7f3bb0_0, 0, 1;
    %end;
    .thread T_30;
    .scope S_0x560d7a7f3cf0;
T_31 ;
    %pushi/vec4 0, 0, 1;
    %store/vec4 v0x560d7a7f4d20_0, 0, 1;
    %end;
    .thread T_31;
    .scope S_0x560d7a7f4e60;
T_32 ;
    %pushi/vec4 0, 0, 1;
    %store/vec4 v0x560d7a7f5e90_0, 0, 1;
    %end;
    .thread T_32;
    .scope S_0x560d7a7f5fd0;
T_33 ;
    %pushi/vec4 0, 0, 1;
    %store/vec4 v0x560d7a7f7310_0, 0, 1;
    %end;
    .thread T_33;
    .scope S_0x560d7a7f7450;
T_34 ;
    %pushi/vec4 0, 0, 1;
    %store/vec4 v0x560d7a7f8370_0, 0, 1;
    %end;
    .thread T_34;
    .scope S_0x560d7a7f84b0;
T_35 ;
    %pushi/vec4 0, 0, 1;
    %store/vec4 v0x560d7a7f94e0_0, 0, 1;
    %end;
    .thread T_35;
    .scope S_0x560d7a7f9620;
T_36 ;
    %pushi/vec4 0, 0, 1;
    %store/vec4 v0x560d7a7fa650_0, 0, 1;
    %end;
    .thread T_36;
    .scope S_0x560d7a7fa790;
T_37 ;
    %pushi/vec4 0, 0, 1;
    %store/vec4 v0x560d7a7fb7c0_0, 0, 1;
    %end;
    .thread T_37;
    .scope S_0x560d7a7fb900;
T_38 ;
    %pushi/vec4 0, 0, 1;
    %store/vec4 v0x560d7a7fc930_0, 0, 1;
    %end;
    .thread T_38;
    .scope S_0x560d7a7fca70;
T_39 ;
    %pushi/vec4 0, 0, 1;
    %store/vec4 v0x560d7a7fdaa0_0, 0, 1;
    %end;
    .thread T_39;
    .scope S_0x560d7a7fdbe0;
T_40 ;
    %pushi/vec4 0, 0, 1;
    %store/vec4 v0x560d7a7fec10_0, 0, 1;
    %end;
    .thread T_40;
    .scope S_0x560d7a7fed50;
T_41 ;
    %pushi/vec4 0, 0, 1;
    %store/vec4 v0x560d7a7ffd80_0, 0, 1;
    %end;
    .thread T_41;
    .scope S_0x560d7a7ffec0;
T_42 ;
    %pushi/vec4 0, 0, 1;
    %store/vec4 v0x560d7a800ef0_0, 0, 1;
    %end;
    .thread T_42;
    .scope S_0x560d7a801030;
T_43 ;
    %pushi/vec4 0, 0, 1;
    %store/vec4 v0x560d7a802060_0, 0, 1;
    %end;
    .thread T_43;
    .scope S_0x560d7a8021a0;
T_44 ;
    %pushi/vec4 0, 0, 1;
    %store/vec4 v0x560d7a8031d0_0, 0, 1;
    %end;
    .thread T_44;
    .scope S_0x560d7a803310;
T_45 ;
    %pushi/vec4 0, 0, 1;
    %store/vec4 v0x560d7a804340_0, 0, 1;
    %end;
    .thread T_45;
    .scope S_0x560d7a804480;
T_46 ;
    %pushi/vec4 0, 0, 1;
    %store/vec4 v0x560d7a8054b0_0, 0, 1;
    %end;
    .thread T_46;
    .scope S_0x560d7a8055f0;
T_47 ;
    %pushi/vec4 0, 0, 1;
    %store/vec4 v0x560d7a806620_0, 0, 1;
    %end;
    .thread T_47;
    .scope S_0x560d7a806760;
T_48 ;
    %pushi/vec4 0, 0, 1;
    %store/vec4 v0x560d7a807790_0, 0, 1;
    %end;
    .thread T_48;
    .scope S_0x560d7a8078d0;
T_49 ;
    %pushi/vec4 0, 0, 1;
    %store/vec4 v0x560d7a808d10_0, 0, 1;
    %end;
    .thread T_49;
    .scope S_0x560d7a808e50;
T_50 ;
    %pushi/vec4 0, 0, 1;
    %store/vec4 v0x560d7a809e80_0, 0, 1;
    %end;
    .thread T_50;
    .scope S_0x560d7a809fc0;
T_51 ;
    %pushi/vec4 0, 0, 1;
    %store/vec4 v0x560d7a80aff0_0, 0, 1;
    %end;
    .thread T_51;
    .scope S_0x560d7a80b130;
T_52 ;
    %pushi/vec4 0, 0, 1;
    %store/vec4 v0x560d7a80c160_0, 0, 1;
    %end;
    .thread T_52;
    .scope S_0x560d7a80c2a0;
T_53 ;
    %pushi/vec4 0, 0, 1;
    %store/vec4 v0x560d7a80d2d0_0, 0, 1;
    %end;
    .thread T_53;
    .scope S_0x560d7a80d410;
T_54 ;
    %pushi/vec4 0, 0, 1;
    %store/vec4 v0x560d7a80e440_0, 0, 1;
    %end;
    .thread T_54;
    .scope S_0x560d7a80e580;
T_55 ;
    %pushi/vec4 0, 0, 1;
    %store/vec4 v0x560d7a80f5b0_0, 0, 1;
    %end;
    .thread T_55;
    .scope S_0x560d7a80f6f0;
T_56 ;
    %pushi/vec4 0, 0, 1;
    %store/vec4 v0x560d7a810720_0, 0, 1;
    %end;
    .thread T_56;
    .scope S_0x560d7a810860;
T_57 ;
    %pushi/vec4 0, 0, 1;
    %store/vec4 v0x560d7a811890_0, 0, 1;
    %end;
    .thread T_57;
    .scope S_0x560d7a8119d0;
T_58 ;
    %pushi/vec4 0, 0, 1;
    %store/vec4 v0x560d7a812a00_0, 0, 1;
    %end;
    .thread T_58;
    .scope S_0x560d7a812b40;
T_59 ;
    %pushi/vec4 0, 0, 1;
    %store/vec4 v0x560d7a813b70_0, 0, 1;
    %end;
    .thread T_59;
    .scope S_0x560d7a813cb0;
T_60 ;
    %pushi/vec4 0, 0, 1;
    %store/vec4 v0x560d7a814ce0_0, 0, 1;
    %end;
    .thread T_60;
    .scope S_0x560d7a814e20;
T_61 ;
    %pushi/vec4 0, 0, 1;
    %store/vec4 v0x560d7a815e50_0, 0, 1;
    %end;
    .thread T_61;
    .scope S_0x560d7a815f90;
T_62 ;
    %pushi/vec4 0, 0, 1;
    %store/vec4 v0x560d7a816fc0_0, 0, 1;
    %end;
    .thread T_62;
    .scope S_0x560d7a817100;
T_63 ;
    %pushi/vec4 0, 0, 1;
    %store/vec4 v0x560d7a818130_0, 0, 1;
    %end;
    .thread T_63;
    .scope S_0x560d7a818270;
T_64 ;
    %pushi/vec4 0, 0, 1;
    %store/vec4 v0x560d7a8192a0_0, 0, 1;
    %end;
    .thread T_64;
    .scope S_0x560d7a8193e0;
T_65 ;
    %pushi/vec4 0, 0, 1;
    %store/vec4 v0x560d7a81a410_0, 0, 1;
    %end;
    .thread T_65;
    .scope S_0x560d7a81a550;
T_66 ;
    %pushi/vec4 0, 0, 1;
    %store/vec4 v0x560d7a81b580_0, 0, 1;
    %end;
    .thread T_66;
    .scope S_0x560d7a81b6c0;
T_67 ;
    %pushi/vec4 0, 0, 1;
    %store/vec4 v0x560d7a81c6f0_0, 0, 1;
    %end;
    .thread T_67;
    .scope S_0x560d7a81c830;
T_68 ;
    %pushi/vec4 0, 0, 1;
    %store/vec4 v0x560d7a81d860_0, 0, 1;
    %end;
    .thread T_68;
    .scope S_0x560d7a81d9a0;
T_69 ;
    %pushi/vec4 0, 0, 1;
    %store/vec4 v0x560d7a81e9d0_0, 0, 1;
    %end;
    .thread T_69;
    .scope S_0x560d7a81eb10;
T_70 ;
    %pushi/vec4 0, 0, 1;
    %store/vec4 v0x560d7a81fb40_0, 0, 1;
    %end;
    .thread T_70;
    .scope S_0x560d7a81fc80;
T_71 ;
    %pushi/vec4 0, 0, 1;
    %store/vec4 v0x560d7a820cb0_0, 0, 1;
    %end;
    .thread T_71;
    .scope S_0x560d7a820df0;
T_72 ;
    %pushi/vec4 0, 0, 1;
    %store/vec4 v0x560d7a821e20_0, 0, 1;
    %end;
    .thread T_72;
    .scope S_0x560d7a821f60;
T_73 ;
    %pushi/vec4 0, 0, 1;
    %store/vec4 v0x560d7a822f90_0, 0, 1;
    %end;
    .thread T_73;
    .scope S_0x560d7a8230d0;
T_74 ;
    %pushi/vec4 0, 0, 1;
    %store/vec4 v0x560d7a824100_0, 0, 1;
    %end;
    .thread T_74;
    .scope S_0x560d7a824240;
T_75 ;
    %pushi/vec4 0, 0, 1;
    %store/vec4 v0x560d7a825270_0, 0, 1;
    %end;
    .thread T_75;
    .scope S_0x560d7a8253b0;
T_76 ;
    %pushi/vec4 0, 0, 1;
    %store/vec4 v0x560d7a8263e0_0, 0, 1;
    %end;
    .thread T_76;
    .scope S_0x560d7a826520;
T_77 ;
    %pushi/vec4 0, 0, 1;
    %store/vec4 v0x560d7a843510_0, 0, 1;
    %end;
    .thread T_77;
    .scope S_0x560d7a843790;
T_78 ;
    %pushi/vec4 0, 0, 1;
    %store/vec4 v0x560d7a844b10_0, 0, 1;
    %end;
    .thread T_78;
    .scope S_0x560d7a844d90;
T_79 ;
    %pushi/vec4 0, 0, 1;
    %store/vec4 v0x560d7a8460c0_0, 0, 1;
    %end;
    .thread T_79;
    .scope S_0x560d7a846340;
T_80 ;
    %pushi/vec4 0, 0, 1;
    %store/vec4 v0x560d7a847670_0, 0, 1;
    %end;
    .thread T_80;
    .scope S_0x560d7a8478f0;
T_81 ;
    %pushi/vec4 0, 0, 1;
    %store/vec4 v0x560d7a849b70_0, 0, 1;
    %end;
    .thread T_81;
    .scope S_0x560d7a849df0;
T_82 ;
    %pushi/vec4 0, 0, 1;
    %store/vec4 v0x560d7a84b0d0_0, 0, 1;
    %end;
    .thread T_82;
    .scope S_0x560d7a84b350;
T_83 ;
    %pushi/vec4 0, 0, 1;
    %store/vec4 v0x560d7a84c630_0, 0, 1;
    %end;
    .thread T_83;
    .scope S_0x560d7a84c8b0;
T_84 ;
    %pushi/vec4 0, 0, 1;
    %store/vec4 v0x560d7a84db90_0, 0, 1;
    %end;
    .thread T_84;
    .scope S_0x560d7a84de10;
T_85 ;
    %pushi/vec4 0, 0, 1;
    %store/vec4 v0x560d7a84f0f0_0, 0, 1;
    %end;
    .thread T_85;
    .scope S_0x560d7a84f370;
T_86 ;
    %pushi/vec4 0, 0, 1;
    %store/vec4 v0x560d7a850650_0, 0, 1;
    %end;
    .thread T_86;
    .scope S_0x560d7a8508d0;
T_87 ;
    %pushi/vec4 0, 0, 1;
    %store/vec4 v0x560d7a851bb0_0, 0, 1;
    %end;
    .thread T_87;
    .scope S_0x560d7a851e30;
T_88 ;
    %pushi/vec4 0, 0, 1;
    %store/vec4 v0x560d7a853110_0, 0, 1;
    %end;
    .thread T_88;
    .scope S_0x560d7a853390;
T_89 ;
    %pushi/vec4 0, 0, 1;
    %store/vec4 v0x560d7a854670_0, 0, 1;
    %end;
    .thread T_89;
    .scope S_0x560d7a8548f0;
T_90 ;
    %pushi/vec4 0, 0, 1;
    %store/vec4 v0x560d7a855bd0_0, 0, 1;
    %end;
    .thread T_90;
    .scope S_0x560d7a855e50;
T_91 ;
    %pushi/vec4 0, 0, 1;
    %store/vec4 v0x560d7a857170_0, 0, 1;
    %end;
    .thread T_91;
    .scope S_0x560d7a8573f0;
T_92 ;
    %pushi/vec4 0, 0, 1;
    %store/vec4 v0x560d7a858760_0, 0, 1;
    %end;
    .thread T_92;
    .scope S_0x560d7a8589e0;
T_93 ;
    %pushi/vec4 0, 0, 1;
    %store/vec4 v0x560d7a859d00_0, 0, 1;
    %end;
    .thread T_93;
    .scope S_0x560d7a859f80;
T_94 ;
    %pushi/vec4 0, 0, 1;
    %store/vec4 v0x560d7a85b2a0_0, 0, 1;
    %end;
    .thread T_94;
    .scope S_0x560d7a85b520;
T_95 ;
    %pushi/vec4 0, 0, 1;
    %store/vec4 v0x560d7a85c840_0, 0, 1;
    %end;
    .thread T_95;
    .scope S_0x560d7a85cac0;
T_96 ;
    %pushi/vec4 0, 0, 1;
    %store/vec4 v0x560d7a85dde0_0, 0, 1;
    %end;
    .thread T_96;
    .scope S_0x560d7a85e060;
T_97 ;
    %pushi/vec4 0, 0, 1;
    %store/vec4 v0x560d7a85f3d0_0, 0, 1;
    %end;
    .thread T_97;
    .scope S_0x560d7a85f650;
T_98 ;
    %pushi/vec4 0, 0, 1;
    %store/vec4 v0x560d7a860930_0, 0, 1;
    %end;
    .thread T_98;
    .scope S_0x560d7a860bb0;
T_99 ;
    %pushi/vec4 0, 0, 1;
    %store/vec4 v0x560d7a861e90_0, 0, 1;
    %end;
    .thread T_99;
    .scope S_0x560d7a862110;
T_100 ;
    %pushi/vec4 0, 0, 1;
    %store/vec4 v0x560d7a8633f0_0, 0, 1;
    %end;
    .thread T_100;
    .scope S_0x560d7a863670;
T_101 ;
    %pushi/vec4 0, 0, 1;
    %store/vec4 v0x560d7a864950_0, 0, 1;
    %end;
    .thread T_101;
    .scope S_0x560d7a864bd0;
T_102 ;
    %pushi/vec4 0, 0, 1;
    %store/vec4 v0x560d7a865eb0_0, 0, 1;
    %end;
    .thread T_102;
    .scope S_0x560d7a866130;
T_103 ;
    %pushi/vec4 0, 0, 1;
    %store/vec4 v0x560d7a867410_0, 0, 1;
    %end;
    .thread T_103;
    .scope S_0x560d7a867690;
T_104 ;
    %pushi/vec4 0, 0, 1;
    %store/vec4 v0x560d7a868970_0, 0, 1;
    %end;
    .thread T_104;
    .scope S_0x560d7a868bf0;
T_105 ;
    %pushi/vec4 0, 0, 1;
    %store/vec4 v0x560d7a869ed0_0, 0, 1;
    %end;
    .thread T_105;
    .scope S_0x560d7a86a150;
T_106 ;
    %pushi/vec4 0, 0, 1;
    %store/vec4 v0x560d7a86b430_0, 0, 1;
    %end;
    .thread T_106;
    .scope S_0x560d7a86b6b0;
T_107 ;
    %pushi/vec4 0, 0, 1;
    %store/vec4 v0x560d7a86c990_0, 0, 1;
    %end;
    .thread T_107;
    .scope S_0x560d7a86cc10;
T_108 ;
    %pushi/vec4 0, 0, 1;
    %store/vec4 v0x560d7a86def0_0, 0, 1;
    %end;
    .thread T_108;
    .scope S_0x560d7a86e170;
T_109 ;
    %pushi/vec4 0, 0, 1;
    %store/vec4 v0x560d7a86f450_0, 0, 1;
    %end;
    .thread T_109;
    .scope S_0x560d7a86f6d0;
T_110 ;
    %pushi/vec4 0, 0, 1;
    %store/vec4 v0x560d7a8709b0_0, 0, 1;
    %end;
    .thread T_110;
    .scope S_0x560d7a870c30;
T_111 ;
    %pushi/vec4 0, 0, 1;
    %store/vec4 v0x560d7a871f10_0, 0, 1;
    %end;
    .thread T_111;
    .scope S_0x560d7a872070;
T_112 ;
    %pushi/vec4 0, 0, 1;
    %store/vec4 v0x560d7a873350_0, 0, 1;
    %end;
    .thread T_112;
    .scope S_0x560d7a8735d0;
T_113 ;
    %pushi/vec4 0, 0, 1;
    %store/vec4 v0x560d7a8748b0_0, 0, 1;
    %end;
    .thread T_113;
    .scope S_0x560d7a874b30;
T_114 ;
    %pushi/vec4 0, 0, 1;
    %store/vec4 v0x560d7a875e10_0, 0, 1;
    %end;
    .thread T_114;
    .scope S_0x560d7a876090;
T_115 ;
    %pushi/vec4 0, 0, 1;
    %store/vec4 v0x560d7a877370_0, 0, 1;
    %end;
    .thread T_115;
    .scope S_0x560d7a8775f0;
T_116 ;
    %pushi/vec4 0, 0, 1;
    %store/vec4 v0x560d7a8788d0_0, 0, 1;
    %end;
    .thread T_116;
    .scope S_0x560d7a878b50;
T_117 ;
    %pushi/vec4 0, 0, 1;
    %store/vec4 v0x560d7a879e30_0, 0, 1;
    %end;
    .thread T_117;
    .scope S_0x560d7a87a0b0;
T_118 ;
    %pushi/vec4 0, 0, 1;
    %store/vec4 v0x560d7a87b390_0, 0, 1;
    %end;
    .thread T_118;
    .scope S_0x560d7a87b610;
T_119 ;
    %pushi/vec4 0, 0, 1;
    %store/vec4 v0x560d7a87c8f0_0, 0, 1;
    %end;
    .thread T_119;
    .scope S_0x560d7a87cb70;
T_120 ;
    %pushi/vec4 0, 0, 1;
    %store/vec4 v0x560d7a87de50_0, 0, 1;
    %end;
    .thread T_120;
    .scope S_0x560d7a87e0d0;
T_121 ;
    %pushi/vec4 0, 0, 1;
    %store/vec4 v0x560d7a87f3b0_0, 0, 1;
    %end;
    .thread T_121;
    .scope S_0x560d7a87f630;
T_122 ;
    %pushi/vec4 0, 0, 1;
    %store/vec4 v0x560d7a880960_0, 0, 1;
    %end;
    .thread T_122;
    .scope S_0x560d7a880be0;
T_123 ;
    %pushi/vec4 0, 0, 1;
    %store/vec4 v0x560d7a881e70_0, 0, 1;
    %end;
    .thread T_123;
    .scope S_0x560d7a8820f0;
T_124 ;
    %pushi/vec4 0, 0, 1;
    %store/vec4 v0x560d7a8834e0_0, 0, 1;
    %end;
    .thread T_124;
    .scope S_0x560d7a883760;
T_125 ;
    %pushi/vec4 0, 0, 1;
    %store/vec4 v0x560d7a884ae0_0, 0, 1;
    %end;
    .thread T_125;
    .scope S_0x560d7a884d60;
T_126 ;
    %pushi/vec4 0, 0, 1;
    %store/vec4 v0x560d7a885fd0_0, 0, 1;
    %end;
    .thread T_126;
    .scope S_0x560d7a886250;
T_127 ;
    %pushi/vec4 0, 0, 1;
    %store/vec4 v0x560d7a8874c0_0, 0, 1;
    %end;
    .thread T_127;
    .scope S_0x560d7a887740;
T_128 ;
    %pushi/vec4 0, 0, 1;
    %store/vec4 v0x560d7a888a10_0, 0, 1;
    %end;
    .thread T_128;
    .scope S_0x560d7a888c90;
T_129 ;
    %pushi/vec4 0, 0, 1;
    %store/vec4 v0x560d7a889fc0_0, 0, 1;
    %end;
    .thread T_129;
    .scope S_0x560d7a88a240;
T_130 ;
    %pushi/vec4 0, 0, 1;
    %store/vec4 v0x560d7a88b530_0, 0, 1;
    %end;
    .thread T_130;
    .scope S_0x560d7a88b7b0;
T_131 ;
    %pushi/vec4 0, 0, 1;
    %store/vec4 v0x560d7a88caa0_0, 0, 1;
    %end;
    .thread T_131;
    .scope S_0x560d7a88cd20;
T_132 ;
    %pushi/vec4 0, 0, 1;
    %store/vec4 v0x560d7a88e010_0, 0, 1;
    %end;
    .thread T_132;
    .scope S_0x560d7a88e290;
T_133 ;
    %pushi/vec4 0, 0, 1;
    %store/vec4 v0x560d7a88f580_0, 0, 1;
    %end;
    .thread T_133;
    .scope S_0x560d7a88f800;
T_134 ;
    %pushi/vec4 0, 0, 1;
    %store/vec4 v0x560d7a890af0_0, 0, 1;
    %end;
    .thread T_134;
    .scope S_0x560d7a890d70;
T_135 ;
    %pushi/vec4 0, 0, 1;
    %store/vec4 v0x560d7a892060_0, 0, 1;
    %end;
    .thread T_135;
    .scope S_0x560d7a8922e0;
T_136 ;
    %pushi/vec4 0, 0, 1;
    %store/vec4 v0x560d7a893590_0, 0, 1;
    %end;
    .thread T_136;
    .scope S_0x560d7a893810;
T_137 ;
    %pushi/vec4 0, 0, 1;
    %store/vec4 v0x560d7a894b80_0, 0, 1;
    %end;
    .thread T_137;
    .scope S_0x560d7a894e00;
T_138 ;
    %pushi/vec4 0, 0, 1;
    %store/vec4 v0x560d7a896150_0, 0, 1;
    %end;
    .thread T_138;
    .scope S_0x560d7a8963d0;
T_139 ;
    %pushi/vec4 0, 0, 1;
    %store/vec4 v0x560d7a897720_0, 0, 1;
    %end;
    .thread T_139;
    .scope S_0x560d7a8979a0;
T_140 ;
    %pushi/vec4 0, 0, 1;
    %store/vec4 v0x560d7a898d20_0, 0, 1;
    %end;
    .thread T_140;
    .scope S_0x560d7a898fa0;
T_141 ;
    %pushi/vec4 0, 0, 1;
    %store/vec4 v0x560d7a89a320_0, 0, 1;
    %end;
    .thread T_141;
    .scope S_0x560d7a89a5a0;
T_142 ;
    %pushi/vec4 0, 0, 1;
    %store/vec4 v0x560d7a89b920_0, 0, 1;
    %end;
    .thread T_142;
    .scope S_0x560d7a89bba0;
T_143 ;
    %pushi/vec4 0, 0, 1;
    %store/vec4 v0x560d7a89cf20_0, 0, 1;
    %end;
    .thread T_143;
    .scope S_0x560d7a89d1a0;
T_144 ;
    %pushi/vec4 0, 0, 1;
    %store/vec4 v0x560d7a89e570_0, 0, 1;
    %end;
    .thread T_144;
    .scope S_0x560d7a89e7f0;
T_145 ;
    %pushi/vec4 0, 0, 1;
    %store/vec4 v0x560d7a8a0bc0_0, 0, 1;
    %end;
    .thread T_145;
    .scope S_0x560d7a8a0e20;
T_146 ;
    %pushi/vec4 0, 0, 1;
    %store/vec4 v0x560d7a8a20e0_0, 0, 1;
    %end;
    .thread T_146;
    .scope S_0x560d7a8a2360;
T_147 ;
    %pushi/vec4 0, 0, 1;
    %store/vec4 v0x560d7a8a3630_0, 0, 1;
    %end;
    .thread T_147;
    .scope S_0x560d7a8a38b0;
T_148 ;
    %pushi/vec4 0, 0, 1;
    %store/vec4 v0x560d7a8a4bb0_0, 0, 1;
    %end;
    .thread T_148;
    .scope S_0x560d7a8a4e30;
T_149 ;
    %pushi/vec4 0, 0, 1;
    %store/vec4 v0x560d7a8a6130_0, 0, 1;
    %end;
    .thread T_149;
    .scope S_0x560d7a8a63b0;
T_150 ;
    %pushi/vec4 0, 0, 1;
    %store/vec4 v0x560d7a8a76b0_0, 0, 1;
    %end;
    .thread T_150;
    .scope S_0x560d7a8a7930;
T_151 ;
    %pushi/vec4 0, 0, 1;
    %store/vec4 v0x560d7a8a8c30_0, 0, 1;
    %end;
    .thread T_151;
    .scope S_0x560d7a8a8eb0;
T_152 ;
    %pushi/vec4 0, 0, 1;
    %store/vec4 v0x560d7a8aa1b0_0, 0, 1;
    %end;
    .thread T_152;
    .scope S_0x560d7a8aa430;
T_153 ;
    %pushi/vec4 0, 0, 1;
    %store/vec4 v0x560d7a8ab840_0, 0, 1;
    %end;
    .thread T_153;
    .scope S_0x560d7a8abac0;
T_154 ;
    %pushi/vec4 0, 0, 1;
    %store/vec4 v0x560d7a8acdc0_0, 0, 1;
    %end;
    .thread T_154;
    .scope S_0x560d7a8ad040;
T_155 ;
    %pushi/vec4 0, 0, 1;
    %store/vec4 v0x560d7a8ae340_0, 0, 1;
    %end;
    .thread T_155;
    .scope S_0x560d7a8ae5c0;
T_156 ;
    %pushi/vec4 0, 0, 1;
    %store/vec4 v0x560d7a8af8c0_0, 0, 1;
    %end;
    .thread T_156;
    .scope S_0x560d7a8afb40;
T_157 ;
    %pushi/vec4 0, 0, 1;
    %store/vec4 v0x560d7a8b0e40_0, 0, 1;
    %end;
    .thread T_157;
    .scope S_0x560d7a762a80;
T_158 ;
    %pushi/vec4 0, 0, 1;
    %store/vec4 v0x560d7a908bd0_0, 0, 1;
T_158.0 ;
    %delay 100, 0;
    %load/vec4 v0x560d7a908bd0_0;
    %inv;
    %store/vec4 v0x560d7a908bd0_0, 0, 1;
    %jmp T_158.0;
T_158.1 ;
    %end;
    .thread T_158;
    .scope S_0x560d7a762a80;
T_159 ;
    %pushi/vec4 0, 0, 32;
    %store/vec4 v0x560d7a908fe0_0, 0, 32;
    %pushi/vec4 0, 0, 32;
    %store/vec4 v0x560d7a9092f0_0, 0, 32;
T_159.0 ; Top of for-loop
    %load/vec4 v0x560d7a9092f0_0;
    %cmpi/s 3, 0, 32;
    %flag_or 5, 4;
	  %jmp/0xz T_159.1, 5;
    %load/vec4 v0x560d7a9092f0_0;
    %parti/s 2, 0, 2;
    %store/vec4 v0x560d7a6ea4d0_0, 0, 2;
    %fork TD_tb_spi_slave.run_mode, S_0x560d7a7635c0;
    %join;
T_159.2 ; for-loop step statement
    %load/vec4 v0x560d7a9092f0_0;
    %addi 1, 0, 32;
    %store/vec4 v0x560d7a9092f0_0, 0, 32;
    %jmp T_159.0;
T_159.1 ; for-loop exit label
    %load/vec4 v0x560d7a908fe0_0;
    %cmpi/e 0, 0, 32;
    %jmp/0xz  T_159.3, 4;
    %vpi_call/w 4 155 "$display", "PASS: all checks passed in all 4 SPI modes" {0 0 0};
    %jmp T_159.4;
T_159.3 ;
    %vpi_call/w 4 157 "$display", "FAIL: %0d check(s) failed", v0x560d7a908fe0_0 {0 0 0};
T_159.4 ;
    %delay 2000, 0;
    %vpi_call/w 4 158 "$finish" {0 0 0};
    %end;
    .thread T_159;
    .scope S_0x560d7a762a80;
T_160 ;
    %vpi_call/w 4 163 "$dumpfile", "tb_spi_slave_synth.vcd" {0 0 0};
    %vpi_call/w 4 167 "$dumpvars", 32'sb00000000000000000000000000000000, S_0x560d7a762a80 {0 0 0};
    %end;
    .thread T_160;
# The file index is used to find the file name in the following table.
:file_names 6;
    "N/A";
    "<interactive>";
    "-";
    "gl/hv_models_func.v";
    "../tb_spi_slave.v";
    "runs/RUN_2026-08-16_13-42-22/06-yosys-synthesis/spi_slave.nl.v";
